Heart,Intervention,NumClips,Pressure,FlowRate,Pin,Force,ForceDifference,PressureDifference,FlowDifference,ClipOrder,Treatment,ReplicateTestNum,AnnularArea,AnnularPerimeter,SLDiameter,APDiameter,CoaptationGapArea
1,Control,0,32.6280529039535,50.098111888062,1,-0.186846175074593,0.00279152782787712,-0.364276571501613,0.767795613859541,None,0,1,952.79773101763,111.890955657804,33.6431896522484,36.127956506293,12.0643958311754
1,Control,0,33.3191382058209,49.42730136,1,-0.198549089577817,-0.00891138667534708,0.326808730365791,0.0969850857975061,None,0,2,952.79773101763,111.890955657804,33.6431896522484,36.127956506293,12.0643958311754
1,Control,0,33.0297973165909,48.4655355745454,1,-0.183517844055,0.00611985884747004,0.0374678411358076,-0.864780699657047,None,0,3,952.79773101763,111.890955657804,33.6431896522484,36.127956506293,12.0643958311754
1,Control,0,32.6280529039535,50.098111888062,2,-0.140020558542726,0.00584062360340432,-0.364276571501613,0.767795613859541,None,0,1,952.79773101763,111.890955657804,33.6431896522484,36.127956506293,12.0643958311754
1,Control,0,33.3191382058209,49.42730136,2,-0.150995505773364,-0.00513432362723426,0.326808730365791,0.0969850857975061,None,0,2,952.79773101763,111.890955657804,33.6431896522484,36.127956506293,12.0643958311754
1,Control,0,33.0297973165909,48.4655355745454,2,-0.1465674821223,-0.000706299976170083,0.0374678411358076,-0.864780699657047,None,0,3,952.79773101763,111.890955657804,33.6431896522484,36.127956506293,12.0643958311754
1,Control,0,32.6280529039535,50.098111888062,3,0.0955525862111418,0.00290689557205966,-0.364276571501613,0.767795613859541,None,0,1,952.79773101763,111.890955657804,33.6431896522484,36.127956506293,12.0643958311754
1,Control,0,33.3191382058209,49.42730136,3,0.0863236781217046,-0.00632201251737757,0.326808730365791,0.0969850857975061,None,0,2,952.79773101763,111.890955657804,33.6431896522484,36.127956506293,12.0643958311754
1,Control,0,33.0297973165909,48.4655355745454,3,0.0960608075844,0.0034151169453179,0.0374678411358076,-0.864780699657047,None,0,3,952.79773101763,111.890955657804,33.6431896522484,36.127956506293,12.0643958311754
1,Control,0,32.6280529039535,50.098111888062,4,-0.0406575532533626,0.00311173217523936,-0.364276571501613,0.767795613859541,None,0,1,952.79773101763,111.890955657804,33.6431896522484,36.127956506293,12.0643958311754
1,Control,0,33.3191382058209,49.42730136,4,-0.0483796237538684,-0.00461033832526644,0.326808730365791,0.0969850857975061,None,0,2,952.79773101763,111.890955657804,33.6431896522484,36.127956506293,12.0643958311754
1,Control,0,33.0297973165909,48.4655355745454,4,-0.0422706792785749,0.00149860615002707,0.0374678411358076,-0.864780699657047,None,0,3,952.79773101763,111.890955657804,33.6431896522484,36.127956506293,12.0643958311754
1,Control,0,32.6280529039535,50.098111888062,5,-0.132386782692335,0.00356644886017157,-0.364276571501613,0.767795613859541,None,0,1,952.79773101763,111.890955657804,33.6431896522484,36.127956506293,12.0643958311754
1,Control,0,33.3191382058209,49.42730136,5,-0.138480462965785,-0.00252723141327826,0.326808730365791,0.0969850857975061,None,0,2,952.79773101763,111.890955657804,33.6431896522484,36.127956506293,12.0643958311754
1,Control,0,33.0297973165909,48.4655355745454,5,-0.1369924489994,-0.00103921744689334,0.0374678411358076,-0.864780699657047,None,0,3,952.79773101763,111.890955657804,33.6431896522484,36.127956506293,12.0643958311754
1,Control,0,32.6280529039535,50.098111888062,6,-0.185510689162547,-0.00112407434999065,-0.364276571501613,0.767795613859541,None,0,1,952.79773101763,111.890955657804,33.6431896522484,36.127956506293,12.0643958311754
1,Control,0,33.3191382058209,49.42730136,6,-0.183805872120996,0.00058074269155961,0.326808730365791,0.0969850857975061,None,0,2,952.79773101763,111.890955657804,33.6431896522484,36.127956506293,12.0643958311754
1,Control,0,33.0297973165909,48.4655355745454,6,-0.183843283154125,0.000543331658430984,0.0374678411358076,-0.864780699657047,None,0,3,952.79773101763,111.890955657804,33.6431896522484,36.127956506293,12.0643958311754
1,Control,0,32.6280529039535,50.098111888062,7,0.411074340250814,0.00276847473619796,-0.364276571501613,0.767795613859541,None,0,1,952.79773101763,111.890955657804,33.6431896522484,36.127956506293,12.0643958311754
1,Control,0,33.3191382058209,49.42730136,7,0.397039894017784,-0.0112659714968321,0.326808730365791,0.0969850857975061,None,0,2,952.79773101763,111.890955657804,33.6431896522484,36.127956506293,12.0643958311754
1,Control,0,33.0297973165909,48.4655355745454,7,0.41680336227525,0.00849749676063405,0.0374678411358076,-0.864780699657047,None,0,3,952.79773101763,111.890955657804,33.6431896522484,36.127956506293,12.0643958311754
1,Control,0,32.6280529039535,50.098111888062,8,0.0692095778035047,0.00129739263267042,-0.364276571501613,0.767795613859541,None,0,1,952.79773101763,111.890955657804,33.6431896522484,36.127956506293,12.0643958311754
1,Control,0,33.3191382058209,49.42730136,8,0.0650876151718231,-0.00282456999901116,0.326808730365791,0.0969850857975061,None,0,2,952.79773101763,111.890955657804,33.6431896522484,36.127956506293,12.0643958311754
1,Control,0,33.0297973165909,48.4655355745454,8,0.069439362537175,0.00152717736634075,0.0374678411358076,-0.864780699657047,None,0,3,952.79773101763,111.890955657804,33.6431896522484,36.127956506293,12.0643958311754
2,Control,0,35.725626772013,50.7654687358442,1,-0.41100757313625,0.00539883990370238,-0.374035652618559,-0.361662250897538,None,0,1,1296.52499450314,129.134323628768,38.6977268971355,40.6368786595062,9.15611233136835
2,Control,0,36.4687613778,51.6528802186667,1,-0.41949064578575,-0.00308423274579767,0.369098953168461,0.525749231924969,None,0,2,1296.52499450314,129.134323628768,38.6977268971355,40.6368786595062,9.15611233136835
2,Control,0,36.1045991240816,50.9630440057143,1,-0.418721020197857,-0.00231460715790471,0.00493669945009145,-0.16408698102741,None,0,3,1296.52499450314,129.134323628768,38.6977268971355,40.6368786595062,9.15611233136835
2,Control,0,35.725626772013,50.7654687358442,2,-0.0936492298572857,0.0608676744210416,-0.374035652618559,-0.361662250897538,None,0,1,1296.52499450314,129.134323628768,38.6977268971355,40.6368786595062,9.15611233136835
2,Control,0,36.4687613778,51.6528802186667,2,-0.09896681850528,0.0555500857730474,0.369098953168461,0.525749231924969,None,0,2,1296.52499450314,129.134323628768,38.6977268971355,40.6368786595062,9.15611233136835
2,Control,0,36.1045991240816,50.9630440057143,2,-0.270934664472416,-0.116417760194089,0.00493669945009145,-0.16408698102741,None,0,3,1296.52499450314,129.134323628768,38.6977268971355,40.6368786595062,9.15611233136835
2,Control,0,35.725626772013,50.7654687358442,3,-0.0370480385917713,0.00819631750234079,-0.374035652618559,-0.361662250897538,None,0,1,1296.52499450314,129.134323628768,38.6977268971355,40.6368786595062,9.15611233136835
2,Control,0,36.4687613778,51.6528802186667,3,-0.04562012741891,-0.000375771324797894,0.369098953168461,0.525749231924969,None,0,2,1296.52499450314,129.134323628768,38.6977268971355,40.6368786595062,9.15611233136835
2,Control,0,36.1045991240816,50.9630440057143,3,-0.053064902271655,-0.00782054617754288,0.00493669945009145,-0.16408698102741,None,0,3,1296.52499450314,129.134323628768,38.6977268971355,40.6368786595062,9.15611233136835
2,Control,0,35.725626772013,50.7654687358442,4,-0.0543409321153284,0.0115114602065207,-0.374035652618559,-0.361662250897538,None,0,1,1296.52499450314,129.134323628768,38.6977268971355,40.6368786595062,9.15611233136835
2,Control,0,36.4687613778,51.6528802186667,4,-0.061369428815068,0.00448296350678112,0.369098953168461,0.525749231924969,None,0,2,1296.52499450314,129.134323628768,38.6977268971355,40.6368786595062,9.15611233136835
2,Control,0,36.1045991240816,50.9630440057143,4,-0.081846816035151,-0.0159944237133019,0.00493669945009145,-0.16408698102741,None,0,3,1296.52499450314,129.134323628768,38.6977268971355,40.6368786595062,9.15611233136835
2,Control,0,35.725626772013,50.7654687358442,5,-0.265563636438171,0.0206531733620885,-0.374035652618559,-0.361662250897538,None,0,1,1296.52499450314,129.134323628768,38.6977268971355,40.6368786595062,9.15611233136835
2,Control,0,36.4687613778,51.6528802186667,5,-0.269961247061792,0.0162555627384678,0.369098953168461,0.525749231924969,None,0,2,1296.52499450314,129.134323628768,38.6977268971355,40.6368786595062,9.15611233136835
2,Control,0,36.1045991240816,50.9630440057143,5,-0.323125545900816,-0.0369087361005563,0.00493669945009145,-0.16408698102741,None,0,3,1296.52499450314,129.134323628768,38.6977268971355,40.6368786595062,9.15611233136835
2,Control,0,35.725626772013,50.7654687358442,6,-0.18986594043045,-0.0047180138516183,-0.374035652618559,-0.361662250897538,None,0,1,1296.52499450314,129.134323628768,38.6977268971355,40.6368786595062,9.15611233136835
2,Control,0,36.4687613778,51.6528802186667,6,-0.195523064270688,-0.0103751376918563,0.369098953168461,0.525749231924969,None,0,2,1296.52499450314,129.134323628768,38.6977268971355,40.6368786595062,9.15611233136835
2,Control,0,36.1045991240816,50.9630440057143,6,-0.170054775035357,0.0150931515434746,0.00493669945009145,-0.16408698102741,None,0,3,1296.52499450314,129.134323628768,38.6977268971355,40.6368786595062,9.15611233136835
2,Control,0,35.725626772013,50.7654687358442,7,-0.135213041571428,-0.0031674733122056,-0.374035652618559,-0.361662250897538,None,0,1,1296.52499450314,129.134323628768,38.6977268971355,40.6368786595062,9.15611233136835
2,Control,0,36.4687613778,51.6528802186667,7,-0.141715103973301,-0.0096695357140778,0.369098953168461,0.525749231924969,None,0,2,1296.52499450314,129.134323628768,38.6977268971355,40.6368786595062,9.15611233136835
2,Control,0,36.1045991240816,50.9630440057143,7,-0.119208559232939,0.0128370090262834,0.00493669945009145,-0.16408698102741,None,0,3,1296.52499450314,129.134323628768,38.6977268971355,40.6368786595062,9.15611233136835
2,Control,0,35.725626772013,50.7654687358442,8,0.126569370614807,0.00809763045769811,-0.374035652618559,-0.361662250897538,None,0,1,1296.52499450314,129.134323628768,38.6977268971355,40.6368786595062,9.15611233136835
2,Control,0,36.4687613778,51.6528802186667,8,0.132108657636428,0.013636917479319,0.369098953168461,0.525749231924969,None,0,2,1296.52499450314,129.134323628768,38.6977268971355,40.6368786595062,9.15611233136835
2,Control,0,36.1045991240816,50.9630440057143,8,0.0967371922200919,-0.0217345479370172,0.00493669945009145,-0.16408698102741,None,0,3,1296.52499450314,129.134323628768,38.6977268971355,40.6368786595062,9.15611233136835
3,Control,0,36.9042655150413,54.3605703966942,1,-0.248076292928864,0.00823866995674896,0.202422236612421,-0.120131136688229,None,0,1,1561.93054511574,144.081583790869,42.8161267807928,37.2176730177185,23.7044537210663
3,Control,0,35.69449279032,54.39733783808,1,-0.25100582828706,0.00530913459855265,-1.0073504881089,-0.0833636953024524,None,0,2,1561.93054511574,144.081583790869,42.8161267807928,37.2176730177185,23.7044537210663
3,Control,0,37.5067715299254,54.6841963653731,1,-0.269862767440914,-0.0135478045553016,0.804928251496484,0.203494831990689,None,0,3,1561.93054511574,144.081583790869,42.8161267807928,37.2176730177185,23.7044537210663
3,Control,0,36.9042655150413,54.3605703966942,2,-0.0507219892530545,0.00134580298748737,0.202422236612421,-0.120131136688229,None,0,1,1561.93054511574,144.081583790869,42.8161267807928,37.2176730177185,23.7044537210663
3,Control,0,35.69449279032,54.39733783808,2,-0.045448922950992,0.0066188692895498,-1.0073504881089,-0.0833636953024524,None,0,2,1561.93054511574,144.081583790869,42.8161267807928,37.2176730177185,23.7044537210663
3,Control,0,37.5067715299254,54.6841963653731,2,-0.060032464517579,-0.00796467227703716,0.804928251496484,0.203494831990689,None,0,3,1561.93054511574,144.081583790869,42.8161267807928,37.2176730177185,23.7044537210663
3,Control,0,36.9042655150413,54.3605703966942,3,0.0136215869924182,0.00158248356472913,0.202422236612421,-0.120131136688229,None,0,1,1561.93054511574,144.081583790869,42.8161267807928,37.2176730177185,23.7044537210663
3,Control,0,35.69449279032,54.39733783808,3,0.0178443580642272,0.00580525463653815,-1.0073504881089,-0.0833636953024524,None,0,2,1561.93054511574,144.081583790869,42.8161267807928,37.2176730177185,23.7044537210663
3,Control,0,37.5067715299254,54.6841963653731,3,0.00465136522642174,-0.00738773820126728,0.804928251496484,0.203494831990689,None,0,3,1561.93054511574,144.081583790869,42.8161267807928,37.2176730177185,23.7044537210663
3,Control,0,36.9042655150413,54.3605703966942,4,-0.0562392727539,-0.00550146808059531,0.202422236612421,-0.120131136688229,None,0,1,1561.93054511574,144.081583790869,42.8161267807928,37.2176730177185,23.7044537210663
3,Control,0,35.69449279032,54.39733783808,4,-0.0466177966171104,0.00412000805619431,-1.0073504881089,-0.0833636953024524,None,0,2,1561.93054511574,144.081583790869,42.8161267807928,37.2176730177185,23.7044537210663
3,Control,0,37.5067715299254,54.6841963653731,4,-0.0493563446489037,0.00138146002440099,0.804928251496484,0.203494831990689,None,0,3,1561.93054511574,144.081583790869,42.8161267807928,37.2176730177185,23.7044537210663
3,Control,0,36.9042655150413,54.3605703966942,5,-0.197868646398327,0.000131222793697872,0.202422236612421,-0.120131136688229,None,0,1,1561.93054511574,144.081583790869,42.8161267807928,37.2176730177185,23.7044537210663
3,Control,0,35.69449279032,54.39733783808,5,-0.197986836279724,1.30329123007311e-05,-1.0073504881089,-0.0833636953024524,None,0,2,1561.93054511574,144.081583790869,42.8161267807928,37.2176730177185,23.7044537210663
3,Control,0,37.5067715299254,54.6841963653731,5,-0.198144124898024,-0.000144255705998519,0.804928251496484,0.203494831990689,None,0,3,1561.93054511574,144.081583790869,42.8161267807928,37.2176730177185,23.7044537210663
3,Control,0,36.9042655150413,54.3605703966942,6,-0.0424202830842001,-0.00116331043398422,0.202422236612421,-0.120131136688229,None,0,1,1561.93054511574,144.081583790869,42.8161267807928,37.2176730177185,23.7044537210663
3,Control,0,35.69449279032,54.39733783808,6,-0.0462922334708064,-0.00503526082059054,-1.0073504881089,-0.0833636953024524,None,0,2,1561.93054511574,144.081583790869,42.8161267807928,37.2176730177185,23.7044537210663
3,Control,0,37.5067715299254,54.6841963653731,6,-0.0350584013956411,0.00619857125457476,0.804928251496484,0.203494831990689,None,0,3,1561.93054511574,144.081583790869,42.8161267807928,37.2176730177185,23.7044537210663
3,Control,0,36.9042655150413,54.3605703966942,7,0.0449539134659998,0.00216767884979163,0.202422236612421,-0.120131136688229,None,0,1,1561.93054511574,144.081583790869,42.8161267807928,37.2176730177185,23.7044537210663
3,Control,0,35.69449279032,54.39733783808,7,0.046839253351968,0.00405301873575977,-1.0073504881089,-0.0833636953024524,None,0,2,1561.93054511574,144.081583790869,42.8161267807928,37.2176730177185,23.7044537210663
3,Control,0,37.5067715299254,54.6841963653731,7,0.0365655370306568,-0.0062206975855514,0.804928251496484,0.203494831990689,None,0,3,1561.93054511574,144.081583790869,42.8161267807928,37.2176730177185,23.7044537210663
3,Control,0,36.9042655150413,54.3605703966942,8,-0.0889485972866182,0.00470973123032949,0.202422236612421,-0.120131136688229,None,0,1,1561.93054511574,144.081583790869,42.8161267807928,37.2176730177185,23.7044537210663
3,Control,0,35.69449279032,54.39733783808,8,-0.091955406310548,0.0017029222063997,-1.0073504881089,-0.0833636953024524,None,0,2,1561.93054511574,144.081583790869,42.8161267807928,37.2176730177185,23.7044537210663
3,Control,0,37.5067715299254,54.6841963653731,8,-0.100070981953677,-0.00641265343672921,0.804928251496484,0.203494831990689,None,0,3,1561.93054511574,144.081583790869,42.8161267807928,37.2176730177185,23.7044537210663
4,Control,0,34.5262484454037,38.5652523401242,1,-0.408731519395435,0.0149796501334019,-0.643504392351304,-0.913938319324835,None,0,1,1480.14626275553,140.502458127212,38.2324365440265,40.2770741827427,11.3154307397713
4,Control,0,32.4838117192899,37.5789324052071,1,-0.396746050989408,0.0269651185394285,-2.6859411184651,-1.90025825424197,None,0,2,1480.14626275553,140.502458127212,38.2324365440265,40.2770741827427,11.3154307397713
4,Control,0,38.4991983485714,42.2933872330159,1,-0.465655938201667,-0.0419447686728301,3.32944551081641,2.8141965735668,None,0,3,1480.14626275553,140.502458127212,38.2324365440265,40.2770741827427,11.3154307397713
4,Control,0,34.5262484454037,38.5652523401242,2,-0.00650820669913785,-0.0036277956786288,-0.643504392351304,-0.913938319324835,None,0,1,1480.14626275553,140.502458127212,38.2324365440265,40.2770741827427,11.3154307397713
4,Control,0,32.4838117192899,37.5789324052071,2,-0.00308732625178932,-0.000206915231280259,-2.6859411184651,-1.90025825424197,None,0,2,1480.14626275553,140.502458127212,38.2324365440265,40.2770741827427,11.3154307397713
4,Control,0,38.4991983485714,42.2933872330159,2,0.000954299889400001,0.00383471090990906,3.32944551081641,2.8141965735668,None,0,3,1480.14626275553,140.502458127212,38.2324365440265,40.2770741827427,11.3154307397713
4,Control,0,34.5262484454037,38.5652523401242,3,0.0190015899156761,-0.00777074706096277,-0.643504392351304,-0.913938319324835,None,0,1,1480.14626275553,140.502458127212,38.2324365440265,40.2770741827427,11.3154307397713
4,Control,0,32.4838117192899,37.5789324052071,3,0.0279280405222602,0.00115570354562135,-2.6859411184651,-1.90025825424197,None,0,2,1480.14626275553,140.502458127212,38.2324365440265,40.2770741827427,11.3154307397713
4,Control,0,38.4991983485714,42.2933872330159,3,0.0333873804919802,0.00661504351534141,3.32944551081641,2.8141965735668,None,0,3,1480.14626275553,140.502458127212,38.2324365440265,40.2770741827427,11.3154307397713
4,Control,0,34.5262484454037,38.5652523401242,4,-0.131792349664308,-0.00464724101409864,-0.643504392351304,-0.913938319324835,None,0,1,1480.14626275553,140.502458127212,38.2324365440265,40.2770741827427,11.3154307397713
4,Control,0,32.4838117192899,37.5789324052071,4,-0.121482428553311,0.00566268009689883,-2.6859411184651,-1.90025825424197,None,0,2,1480.14626275553,140.502458127212,38.2324365440265,40.2770741827427,11.3154307397713
4,Control,0,38.4991983485714,42.2933872330159,4,-0.12816054773301,-0.00101543908280013,3.32944551081641,2.8141965735668,None,0,3,1480.14626275553,140.502458127212,38.2324365440265,40.2770741827427,11.3154307397713
4,Control,0,34.5262484454037,38.5652523401242,5,-0.222524563748019,-0.0024122322251087,-0.643504392351304,-0.913938319324835,None,0,1,1480.14626275553,140.502458127212,38.2324365440265,40.2770741827427,11.3154307397713
4,Control,0,32.4838117192899,37.5789324052071,5,-0.21721248294115,0.00289984858176012,-2.6859411184651,-1.90025825424197,None,0,2,1480.14626275553,140.502458127212,38.2324365440265,40.2770741827427,11.3154307397713
4,Control,0,38.4991983485714,42.2933872330159,5,-0.220599947879562,-0.000487616356651399,3.32944551081641,2.8141965735668,None,0,3,1480.14626275553,140.502458127212,38.2324365440265,40.2770741827427,11.3154307397713
4,Control,0,34.5262484454037,38.5652523401242,6,-0.148309923360404,-0.00569952202583099,-0.643504392351304,-0.913938319324835,None,0,1,1480.14626275553,140.502458127212,38.2324365440265,40.2770741827427,11.3154307397713
4,Control,0,32.4838117192899,37.5789324052071,6,-0.132337188746166,0.0102732125884077,-2.6859411184651,-1.90025825424197,None,0,2,1480.14626275553,140.502458127212,38.2324365440265,40.2770741827427,11.3154307397713
4,Control,0,38.4991983485714,42.2933872330159,6,-0.14718409189715,-0.00457369056257662,3.32944551081641,2.8141965735668,None,0,3,1480.14626275553,140.502458127212,38.2324365440265,40.2770741827427,11.3154307397713
4,Control,0,34.5262484454037,38.5652523401242,7,0.0116745280635466,-0.0266447946888902,-0.643504392351304,-0.913938319324835,None,0,1,1480.14626275553,140.502458127212,38.2324365440265,40.2770741827427,11.3154307397713
4,Control,0,32.4838117192899,37.5789324052071,7,0.0345189032498349,-0.00380041950260187,-2.6859411184651,-1.90025825424197,None,0,2,1480.14626275553,140.502458127212,38.2324365440265,40.2770741827427,11.3154307397713
4,Control,0,38.4991983485714,42.2933872330159,7,0.0687645369439288,0.030445214191492,3.32944551081641,2.8141965735668,None,0,3,1480.14626275553,140.502458127212,38.2324365440265,40.2770741827427,11.3154307397713
4,Control,0,34.5262484454037,38.5652523401242,8,-0.46107961588633,0.00885522836878372,-0.643504392351304,-0.913938319324835,None,0,1,1480.14626275553,140.502458127212,38.2324365440265,40.2770741827427,11.3154307397713
4,Control,0,32.4838117192899,37.5789324052071,8,-0.446882200438404,0.0230526438167095,-2.6859411184651,-1.90025825424197,None,0,2,1480.14626275553,140.502458127212,38.2324365440265,40.2770741827427,11.3154307397713
4,Control,0,38.4991983485714,42.2933872330159,8,-0.501842716440607,-0.0319078721854932,3.32944551081641,2.8141965735668,None,0,3,1480.14626275553,140.502458127212,38.2324365440265,40.2770741827427,11.3154307397713
5,Control,0,36.8123156204908,56.2172899791411,1,-0.195960350408144,-0.00127249555821635,-0.160838021982165,0.881697155353201,None,0,1,1036.73038080127,117.770721067273,34.8216137928928,34.5370317984777,15.053608581971
5,Control,0,37.05101081775,55.48550389825,1,-0.188837075394516,0.0058507794554119,0.0778571752770389,0.149911074462096,None,0,2,1036.73038080127,117.770721067273,34.8216137928928,34.5370317984777,15.053608581971
5,Control,0,37.0561344891781,54.3039845939726,1,-0.199266138747123,-0.00457828389719558,0.0829808467051265,-1.0316082298153,None,0,3,1036.73038080127,117.770721067273,34.8216137928928,34.5370317984777,15.053608581971
5,Control,0,36.8123156204908,56.2172899791411,2,-0.0700766921112736,0.00248732380914461,-0.160838021982165,0.881697155353201,None,0,1,1036.73038080127,117.770721067273,34.8216137928928,34.5370317984777,15.053608581971
5,Control,0,37.05101081775,55.48550389825,2,-0.07072782974334,0.00183618617707826,0.0778571752770389,0.149911074462096,None,0,2,1036.73038080127,117.770721067273,34.8216137928928,34.5370317984777,15.053608581971
5,Control,0,37.0561344891781,54.3039845939726,2,-0.0768875259066411,-0.00432350998622286,0.0829808467051265,-1.0316082298153,None,0,3,1036.73038080127,117.770721067273,34.8216137928928,34.5370317984777,15.053608581971
5,Control,0,36.8123156204908,56.2172899791411,3,-0.0334809453379601,0.00226975262291613,-0.160838021982165,0.881697155353201,None,0,1,1036.73038080127,117.770721067273,34.8216137928928,34.5370317984777,15.053608581971
5,Control,0,37.05101081775,55.48550389825,3,-0.0344741383653563,0.00127655959551994,0.0778571752770389,0.149911074462096,None,0,2,1036.73038080127,117.770721067273,34.8216137928928,34.5370317984777,15.053608581971
5,Control,0,37.0561344891781,54.3039845939726,3,-0.0392970101793123,-0.00354631221843606,0.0829808467051265,-1.0316082298153,None,0,3,1036.73038080127,117.770721067273,34.8216137928928,34.5370317984777,15.053608581971
5,Control,0,36.8123156204908,56.2172899791411,4,-0.0538022837640295,-0.000951122883357726,-0.160838021982165,0.881697155353201,None,0,1,1036.73038080127,117.770721067273,34.8216137928928,34.5370317984777,15.053608581971
5,Control,0,37.05101081775,55.48550389825,4,-0.05180844266202,0.00104271821865174,0.0778571752770389,0.149911074462096,None,0,2,1036.73038080127,117.770721067273,34.8216137928928,34.5370317984777,15.053608581971
5,Control,0,37.0561344891781,54.3039845939726,4,-0.0529427562159658,-9.15953352940216e-05,0.0829808467051265,-1.0316082298153,None,0,3,1036.73038080127,117.770721067273,34.8216137928928,34.5370317984777,15.053608581971
5,Control,0,36.8123156204908,56.2172899791411,5,-0.131809718551804,-0.00124077660774333,-0.160838021982165,0.881697155353201,None,0,1,1036.73038080127,117.770721067273,34.8216137928928,34.5370317984777,15.053608581971
5,Control,0,37.05101081775,55.48550389825,5,-0.127947874860465,0.00262106708359527,0.0778571752770389,0.149911074462096,None,0,2,1036.73038080127,117.770721067273,34.8216137928928,34.5370317984777,15.053608581971
5,Control,0,37.0561344891781,54.3039845939726,5,-0.131949232419912,-0.00138029047585192,0.0829808467051265,-1.0316082298153,None,0,3,1036.73038080127,117.770721067273,34.8216137928928,34.5370317984777,15.053608581971
5,Control,0,36.8123156204908,56.2172899791411,6,-0.134081822029559,-0.00454848132695856,-0.160838021982165,0.881697155353201,None,0,1,1036.73038080127,117.770721067273,34.8216137928928,34.5370317984777,15.053608581971
5,Control,0,37.05101081775,55.48550389825,6,-0.130773850424766,-0.00124050972216513,0.0778571752770389,0.149911074462096,None,0,2,1036.73038080127,117.770721067273,34.8216137928928,34.5370317984777,15.053608581971
5,Control,0,37.0561344891781,54.3039845939726,6,-0.123744349653477,0.00578899104912378,0.0829808467051265,-1.0316082298153,None,0,3,1036.73038080127,117.770721067273,34.8216137928928,34.5370317984777,15.053608581971
5,Control,0,36.8123156204908,56.2172899791411,7,-0.0621430874794055,-0.000405788062410407,-0.160838021982165,0.881697155353201,None,0,1,1036.73038080127,117.770721067273,34.8216137928928,34.5370317984777,15.053608581971
5,Control,0,37.05101081775,55.48550389825,7,-0.0587009807535934,0.00303631866340164,0.0778571752770389,0.149911074462096,None,0,2,1036.73038080127,117.770721067273,34.8216137928928,34.5370317984777,15.053608581971
5,Control,0,37.0561344891781,54.3039845939726,7,-0.0643678300179863,-0.00263053060099123,0.0829808467051265,-1.0316082298153,None,0,3,1036.73038080127,117.770721067273,34.8216137928928,34.5370317984777,15.053608581971
5,Control,0,36.8123156204908,56.2172899791411,8,-0.09199407432023,-0.00299431562339066,-0.160838021982165,0.881697155353201,None,0,1,1036.73038080127,117.770721067273,34.8216137928928,34.5370317984777,15.053608581971
5,Control,0,37.05101081775,55.48550389825,8,-0.0876889662876564,0.00131079240918298,0.0778571752770389,0.149911074462096,None,0,2,1036.73038080127,117.770721067273,34.8216137928928,34.5370317984777,15.053608581971
5,Control,0,37.0561344891781,54.3039845939726,8,-0.0873162354826316,0.00168352321420771,0.0829808467051265,-1.0316082298153,None,0,3,1036.73038080127,117.770721067273,34.8216137928928,34.5370317984777,15.053608581971
6,Control,0,37.9258037283582,53.1596866222885,1,-0.121342054849515,0.00625333703009548,0.290271253025601,-0.653127421009749,None,0,1,1243.12704687161,128.258583249964,37.6824485782239,35.287473736844,12.830827244027
6,Control,0,38.0377240343284,53.9247331942288,1,-0.132186630129515,-0.00459123824990454,0.402191558995753,0.111919150930547,None,0,2,1243.12704687161,128.258583249964,37.6824485782239,35.287473736844,12.830827244027
6,Control,0,36.9430696633113,54.3540223133775,1,-0.129257490659801,-0.00166209878019091,-0.692462812021354,0.541208270079188,None,0,3,1243.12704687161,128.258583249964,37.6824485782239,35.287473736844,12.830827244027
6,Control,0,37.9258037283582,53.1596866222885,2,-0.0225134332931463,0.00653848257535402,0.290271253025601,-0.653127421009749,None,0,1,1243.12704687161,128.258583249964,37.6824485782239,35.287473736844,12.830827244027
6,Control,0,38.0377240343284,53.9247331942288,2,-0.0338312228706806,-0.00477930700218025,0.402191558995753,0.111919150930547,None,0,2,1243.12704687161,128.258583249964,37.6824485782239,35.287473736844,12.830827244027
6,Control,0,36.9430696633113,54.3540223133775,2,-0.0308110914416741,-0.00175917557317377,-0.692462812021354,0.541208270079188,None,0,3,1243.12704687161,128.258583249964,37.6824485782239,35.287473736844,12.830827244027
6,Control,0,37.9258037283582,53.1596866222885,3,-0.0922220337648581,0.00847292330348541,0.290271253025601,-0.653127421009749,None,0,1,1243.12704687161,128.258583249964,37.6824485782239,35.287473736844,12.830827244027
6,Control,0,38.0377240343284,53.9247331942288,3,-0.105337951521033,-0.00464299445268938,0.402191558995753,0.111919150930547,None,0,2,1243.12704687161,128.258583249964,37.6824485782239,35.287473736844,12.830827244027
6,Control,0,36.9430696633113,54.3540223133775,3,-0.10452488591914,-0.00382992885079603,-0.692462812021354,0.541208270079188,None,0,3,1243.12704687161,128.258583249964,37.6824485782239,35.287473736844,12.830827244027
6,Control,0,37.9258037283582,53.1596866222885,4,-0.0864810073632672,0.001505255584047,0.290271253025601,-0.653127421009749,None,0,1,1243.12704687161,128.258583249964,37.6824485782239,35.287473736844,12.830827244027
6,Control,0,38.0377240343284,53.9247331942288,4,-0.0908321206742436,-0.00284585772692936,0.402191558995753,0.111919150930547,None,0,2,1243.12704687161,128.258583249964,37.6824485782239,35.287473736844,12.830827244027
6,Control,0,36.9430696633113,54.3540223133775,4,-0.0866456608044318,0.0013406021428824,-0.692462812021354,0.541208270079188,None,0,3,1243.12704687161,128.258583249964,37.6824485782239,35.287473736844,12.830827244027
6,Control,0,37.9258037283582,53.1596866222885,5,-0.386161640959666,0.00216868921996982,0.290271253025601,-0.653127421009749,None,0,1,1243.12704687161,128.258583249964,37.6824485782239,35.287473736844,12.830827244027
6,Control,0,38.0377240343284,53.9247331942288,5,-0.399623637884883,-0.0112933077052478,0.402191558995753,0.111919150930547,None,0,2,1243.12704687161,128.258583249964,37.6824485782239,35.287473736844,12.830827244027
6,Control,0,36.9430696633113,54.3540223133775,5,-0.379205711694358,0.00912461848527807,-0.692462812021354,0.541208270079188,None,0,3,1243.12704687161,128.258583249964,37.6824485782239,35.287473736844,12.830827244027
6,Control,0,37.9258037283582,53.1596866222885,6,-0.256163443388896,-0.00143826300640976,0.290271253025601,-0.653127421009749,None,0,1,1243.12704687161,128.258583249964,37.6824485782239,35.287473736844,12.830827244027
6,Control,0,38.0377240343284,53.9247331942288,6,-0.262170180001925,-0.00744499961943956,0.402191558995753,0.111919150930547,None,0,2,1243.12704687161,128.258583249964,37.6824485782239,35.287473736844,12.830827244027
6,Control,0,36.9430696633113,54.3540223133775,6,-0.245841917756636,0.00888326262584935,-0.692462812021354,0.541208270079188,None,0,3,1243.12704687161,128.258583249964,37.6824485782239,35.287473736844,12.830827244027
6,Control,0,37.9258037283582,53.1596866222885,7,-0.0172782739918205,0.00407300127924337,0.290271253025601,-0.653127421009749,None,0,1,1243.12704687161,128.258583249964,37.6824485782239,35.287473736844,12.830827244027
6,Control,0,38.0377240343284,53.9247331942288,7,-0.0238082145352389,-0.00245693926417505,0.402191558995753,0.111919150930547,None,0,2,1243.12704687161,128.258583249964,37.6824485782239,35.287473736844,12.830827244027
6,Control,0,36.9430696633113,54.3540223133775,7,-0.0229673372861322,-0.00161606201506831,-0.692462812021354,0.541208270079188,None,0,3,1243.12704687161,128.258583249964,37.6824485782239,35.287473736844,12.830827244027
6,Control,0,37.9258037283582,53.1596866222885,8,-0.582018282058121,0.012063176442776,0.290271253025601,-0.653127421009749,None,0,1,1243.12704687161,128.258583249964,37.6824485782239,35.287473736844,12.830827244027
6,Control,0,38.0377240343284,53.9247331942288,8,-0.612776009968445,-0.0186945514675477,0.402191558995753,0.111919150930547,None,0,2,1243.12704687161,128.258583249964,37.6824485782239,35.287473736844,12.830827244027
6,Control,0,36.9430696633113,54.3540223133775,8,-0.587450083476125,0.00663137502477174,-0.692462812021354,0.541208270079188,None,0,3,1243.12704687161,128.258583249964,37.6824485782239,35.287473736844,12.830827244027
7,Control,0,33.7928551435714,58.9990773271428,1,-0.225215723614063,-0.0108224214710834,-0.224237022553588,0.846155641771588,None,0,1,792.638545998201,105.351230056814,32.1644957050141,31.5978315105229,25.1530326047985
7,Control,0,34.4185043561194,57.9946843468657,1,-0.214343951516586,4.93506263934684e-05,0.401412189994389,-0.158237338505586,None,0,2,792.638545998201,105.351230056814,32.1644957050141,31.5978315105229,25.1530326047985
7,Control,0,33.8399169986842,57.4650033821053,1,-0.203620231298289,0.0107730708446899,-0.177175167440808,-0.687918303266002,None,0,3,792.638545998201,105.351230056814,32.1644957050141,31.5978315105229,25.1530326047985
7,Control,0,33.7928551435714,58.9990773271428,2,0.136982797381886,0.0015232412609551,-0.224237022553588,0.846155641771588,None,0,1,792.638545998201,105.351230056814,32.1644957050141,31.5978315105229,25.1530326047985
7,Control,0,34.4185043561194,57.9946843468657,2,0.130411383333985,-0.00504817278694553,0.401412189994389,-0.158237338505586,None,0,2,792.638545998201,105.351230056814,32.1644957050141,31.5978315105229,25.1530326047985
7,Control,0,33.8399169986842,57.4650033821053,2,0.138984487646921,0.00352493152599043,-0.177175167440808,-0.687918303266002,None,0,3,792.638545998201,105.351230056814,32.1644957050141,31.5978315105229,25.1530326047985
7,Control,0,33.7928551435714,58.9990773271428,3,0.071301672113925,0.000174569909897004,-0.224237022553588,0.846155641771588,None,0,1,792.638545998201,105.351230056814,32.1644957050141,31.5978315105229,25.1530326047985
7,Control,0,34.4185043561194,57.9946843468657,3,0.0649691778185261,-0.00615792438550188,0.401412189994389,-0.158237338505586,None,0,2,792.638545998201,105.351230056814,32.1644957050141,31.5978315105229,25.1530326047985
7,Control,0,33.8399169986842,57.4650033821053,3,0.0771104566796329,0.00598335447560489,-0.177175167440808,-0.687918303266002,None,0,3,792.638545998201,105.351230056814,32.1644957050141,31.5978315105229,25.1530326047985
7,Control,0,33.7928551435714,58.9990773271428,4,-0.0389040061729591,-0.0051837274190318,-0.224237022553588,0.846155641771588,None,0,1,792.638545998201,105.351230056814,32.1644957050141,31.5978315105229,25.1530326047985
7,Control,0,34.4185043561194,57.9946843468657,4,-0.0363067622982849,-0.00258648354435759,0.401412189994389,-0.158237338505586,None,0,2,792.638545998201,105.351230056814,32.1644957050141,31.5978315105229,25.1530326047985
7,Control,0,33.8399169986842,57.4650033821053,4,-0.025950067790538,0.00777021096338937,-0.177175167440808,-0.687918303266002,None,0,3,792.638545998201,105.351230056814,32.1644957050141,31.5978315105229,25.1530326047985
7,Control,0,33.7928551435714,58.9990773271428,5,0.0314199585387286,-0.00284836801623524,-0.224237022553588,0.846155641771588,None,0,1,792.638545998201,105.351230056814,32.1644957050141,31.5978315105229,25.1530326047985
7,Control,0,34.4185043561194,57.9946843468657,5,0.0248535462443104,-0.00941478031065346,0.401412189994389,-0.158237338505586,None,0,2,792.638545998201,105.351230056814,32.1644957050141,31.5978315105229,25.1530326047985
7,Control,0,33.8399169986842,57.4650033821053,5,0.0465314748818525,0.0122631483268887,-0.177175167440808,-0.687918303266002,None,0,3,792.638545998201,105.351230056814,32.1644957050141,31.5978315105229,25.1530326047985
7,Control,0,33.7928551435714,58.9990773271428,6,-0.00742026635652487,-0.00751427919455778,-0.224237022553588,0.846155641771588,None,0,1,792.638545998201,105.351230056814,32.1644957050141,31.5978315105229,25.1530326047985
7,Control,0,34.4185043561194,57.9946843468657,6,-0.00151634781512899,-0.00161036065316189,0.401412189994389,-0.158237338505586,None,0,2,792.638545998201,105.351230056814,32.1644957050141,31.5978315105229,25.1530326047985
7,Control,0,33.8399169986842,57.4650033821053,6,0.00921865268575258,0.00912463984771967,-0.177175167440808,-0.687918303266002,None,0,3,792.638545998201,105.351230056814,32.1644957050141,31.5978315105229,25.1530326047985
7,Control,0,33.7928551435714,58.9990773271428,7,0.128566014782464,-0.00796754003178873,-0.224237022553588,0.846155641771588,None,0,1,792.638545998201,105.351230056814,32.1644957050141,31.5978315105229,25.1530326047985
7,Control,0,34.4185043561194,57.9946843468657,7,0.130059046341268,-0.00647450847298464,0.401412189994389,-0.158237338505586,None,0,2,792.638545998201,105.351230056814,32.1644957050141,31.5978315105229,25.1530326047985
7,Control,0,33.8399169986842,57.4650033821053,7,0.150975603319026,0.0144420485047734,-0.177175167440808,-0.687918303266002,None,0,3,792.638545998201,105.351230056814,32.1644957050141,31.5978315105229,25.1530326047985
7,Control,0,33.7928551435714,58.9990773271428,8,0.0437054345490911,0.00346564344524403,-0.224237022553588,0.846155641771588,None,0,1,792.638545998201,105.351230056814,32.1644957050141,31.5978315105229,25.1530326047985
7,Control,0,34.4185043561194,57.9946843468657,8,0.0396117600268252,-0.000628031077021841,0.401412189994389,-0.158237338505586,None,0,2,792.638545998201,105.351230056814,32.1644957050141,31.5978315105229,25.1530326047985
7,Control,0,33.8399169986842,57.4650033821053,8,0.0374021787356249,-0.00283761236822216,-0.177175167440808,-0.687918303266002,None,0,3,792.638545998201,105.351230056814,32.1644957050141,31.5978315105229,25.1530326047985
8,Control,0,36.9161574558823,56.5036377401307,1,-0.858909669969046,-0.0840714668218767,-0.0709565286736762,0.129387161757478,None,0,1,1009.49266798547,115.285716489858,35.5411543266456,28.2508075938575,13.3871978742161
8,Control,0,36.7998918825,56.5408450071795,1,-0.719249739086707,0.055588464060462,-0.187222102056026,0.166594428806242,None,0,2,1009.49266798547,115.285716489858,35.5411543266456,28.2508075938575,13.3871978742161
8,Control,0,37.2452926152857,56.0782689878095,1,-0.746355200385755,0.0284830027614147,0.258178630729688,-0.29598159056372,None,0,3,1009.49266798547,115.285716489858,35.5411543266456,28.2508075938575,13.3871978742161
8,Control,0,36.9161574558823,56.5036377401307,2,-0.434011782135815,-0.0709659061605662,-0.0709565286736762,0.129387161757478,None,0,1,1009.49266798547,115.285716489858,35.5411543266456,28.2508075938575,13.3871978742161
8,Control,0,36.7998918825,56.5408450071795,2,-0.317617038205957,0.045428837769292,-0.187222102056026,0.166594428806242,None,0,2,1009.49266798547,115.285716489858,35.5411543266456,28.2508075938575,13.3871978742161
8,Control,0,37.2452926152857,56.0782689878095,2,-0.337508807583975,0.0255370683912742,0.258178630729688,-0.29598159056372,None,0,3,1009.49266798547,115.285716489858,35.5411543266456,28.2508075938575,13.3871978742161
8,Control,0,36.9161574558823,56.5036377401307,3,0.222786824147885,0.0247171923871988,-0.0709565286736762,0.129387161757478,None,0,1,1009.49266798547,115.285716489858,35.5411543266456,28.2508075938575,13.3871978742161
8,Control,0,36.7998918825,56.5408450071795,3,0.328324282617548,0.130254650856861,-0.187222102056026,0.166594428806242,None,0,2,1009.49266798547,115.285716489858,35.5411543266456,28.2508075938575,13.3871978742161
8,Control,0,37.2452926152857,56.0782689878095,3,0.0430977885166257,-0.15497184324406,0.258178630729688,-0.29598159056372,None,0,3,1009.49266798547,115.285716489858,35.5411543266456,28.2508075938575,13.3871978742161
8,Control,0,36.9161574558823,56.5036377401307,4,-0.0653672933913232,-0.00347100761349628,-0.0709565286736762,0.129387161757478,None,0,1,1009.49266798547,115.285716489858,35.5411543266456,28.2508075938575,13.3871978742161
8,Control,0,36.7998918825,56.5408450071795,4,-0.0634192089162048,-0.00152292313837782,-0.187222102056026,0.166594428806242,None,0,2,1009.49266798547,115.285716489858,35.5411543266456,28.2508075938575,13.3871978742161
8,Control,0,37.2452926152857,56.0782689878095,4,-0.0569023550259528,0.00499393075187409,0.258178630729688,-0.29598159056372,None,0,3,1009.49266798547,115.285716489858,35.5411543266456,28.2508075938575,13.3871978742161
8,Control,0,36.9161574558823,56.5036377401307,5,-0.327251530141036,-0.00770544250042554,-0.0709565286736762,0.129387161757478,None,0,1,1009.49266798547,115.285716489858,35.5411543266456,28.2508075938575,13.3871978742161
8,Control,0,36.7998918825,56.5408450071795,5,-0.323895318800496,-0.00434923115988556,-0.187222102056026,0.166594428806242,None,0,2,1009.49266798547,115.285716489858,35.5411543266456,28.2508075938575,13.3871978742161
8,Control,0,37.2452926152857,56.0782689878095,5,-0.3074914139803,0.012054673660311,0.258178630729688,-0.29598159056372,None,0,3,1009.49266798547,115.285716489858,35.5411543266456,28.2508075938575,13.3871978742161
8,Control,0,36.9161574558823,56.5036377401307,6,-0.332304784337272,0.0411817109829901,-0.0709565286736762,0.129387161757478,None,0,1,1009.49266798547,115.285716489858,35.5411543266456,28.2508075938575,13.3871978742161
8,Control,0,36.7998918825,56.5408450071795,6,-0.393584614053615,-0.0200981187333524,-0.187222102056026,0.166594428806242,None,0,2,1009.49266798547,115.285716489858,35.5411543266456,28.2508075938575,13.3871978742161
8,Control,0,37.2452926152857,56.0782689878095,6,-0.3945700875699,-0.0210835922496376,0.258178630729688,-0.29598159056372,None,0,3,1009.49266798547,115.285716489858,35.5411543266456,28.2508075938575,13.3871978742161
8,Control,0,36.9161574558823,56.5036377401307,7,-0.163138705601973,0.00822912213045796,-0.0709565286736762,0.129387161757478,None,0,1,1009.49266798547,115.285716489858,35.5411543266456,28.2508075938575,13.3871978742161
8,Control,0,36.7998918825,56.5408450071795,7,-0.173219094903855,-0.0018512671714242,-0.187222102056026,0.166594428806242,None,0,2,1009.49266798547,115.285716489858,35.5411543266456,28.2508075938575,13.3871978742161
8,Control,0,37.2452926152857,56.0782689878095,7,-0.177745682691465,-0.00637785495903384,0.258178630729688,-0.29598159056372,None,0,3,1009.49266798547,115.285716489858,35.5411543266456,28.2508075938575,13.3871978742161
8,Control,0,36.9161574558823,56.5036377401307,8,-0.0823630591191539,-0.00911797230308965,-0.0709565286736762,0.129387161757478,None,0,1,1009.49266798547,115.285716489858,35.5411543266456,28.2508075938575,13.3871978742161
8,Control,0,36.7998918825,56.5408450071795,8,-0.0540062525125741,0.0192388343034901,-0.187222102056026,0.166594428806242,None,0,2,1009.49266798547,115.285716489858,35.5411543266456,28.2508075938575,13.3871978742161
8,Control,0,37.2452926152857,56.0782689878095,8,-0.0833659488164646,-0.0101208620004004,0.258178630729688,-0.29598159056372,None,0,3,1009.49266798547,115.285716489858,35.5411543266456,28.2508075938575,13.3871978742161
9,Control,0,36.6164847116129,54.0209766589247,1,-0.229215922106041,0.00138894216186128,-0.53678787402049,0.205087531539874,None,0,1,1245.47910674011,128.276217482125,36.1863631338837,35.9958204482913,8.90910898874361
9,Control,0,37.0394641011801,54.2718639518013,1,-0.232483397045485,-0.00187853277758249,-0.113808484453273,0.455974824416394,None,0,2,1245.47910674011,128.276217482125,36.1863631338837,35.9958204482913,8.90910898874361
9,Control,0,37.8038689441071,53.1548267714286,1,-0.230115273652181,0.00048959061572118,0.650596358473749,-0.661062355956275,None,0,3,1245.47910674011,128.276217482125,36.1863631338837,35.9958204482913,8.90910898874361
9,Control,0,36.6164847116129,54.0209766589247,2,0.103938851045048,-0.000174757820113017,-0.53678787402049,0.205087531539874,None,0,1,1245.47910674011,128.276217482125,36.1863631338837,35.9958204482913,8.90910898874361
9,Control,0,37.0394641011801,54.2718639518013,2,0.106758716538732,0.00264510767357075,-0.113808484453273,0.455974824416394,None,0,2,1245.47910674011,128.276217482125,36.1863631338837,35.9958204482913,8.90910898874361
9,Control,0,37.8038689441071,53.1548267714286,2,0.101643259011703,-0.00247034985345769,0.650596358473749,-0.661062355956275,None,0,3,1245.47910674011,128.276217482125,36.1863631338837,35.9958204482913,8.90910898874361
9,Control,0,36.6164847116129,54.0209766589247,3,-0.0998351506360202,0.00217496411295913,-0.53678787402049,0.205087531539874,None,0,1,1245.47910674011,128.276217482125,36.1863631338837,35.9958204482913,8.90910898874361
9,Control,0,37.0394641011801,54.2718639518013,3,-0.102492974301495,-0.000482859552515966,-0.113808484453273,0.455974824416394,None,0,2,1245.47910674011,128.276217482125,36.1863631338837,35.9958204482913,8.90910898874361
9,Control,0,37.8038689441071,53.1548267714286,3,-0.103702219309423,-0.00169210456044319,0.650596358473749,-0.661062355956275,None,0,3,1245.47910674011,128.276217482125,36.1863631338837,35.9958204482913,8.90910898874361
9,Control,0,36.6164847116129,54.0209766589247,4,-0.291303394380734,-0.000615173888958931,-0.53678787402049,0.205087531539874,None,0,1,1245.47910674011,128.276217482125,36.1863631338837,35.9958204482913,8.90910898874361
9,Control,0,37.0394641011801,54.2718639518013,4,-0.295788036335804,-0.00509981584402897,-0.113808484453273,0.455974824416394,None,0,2,1245.47910674011,128.276217482125,36.1863631338837,35.9958204482913,8.90910898874361
9,Control,0,37.8038689441071,53.1548267714286,4,-0.284973230758787,0.00571498973298784,0.650596358473749,-0.661062355956275,None,0,3,1245.47910674011,128.276217482125,36.1863631338837,35.9958204482913,8.90910898874361
9,Control,0,36.6164847116129,54.0209766589247,5,-0.417005257509364,0.00230248498326735,-0.53678787402049,0.205087531539874,None,0,1,1245.47910674011,128.276217482125,36.1863631338837,35.9958204482913,8.90910898874361
9,Control,0,37.0394641011801,54.2718639518013,5,-0.43039458978147,-0.0110868472888384,-0.113808484453273,0.455974824416394,None,0,2,1245.47910674011,128.276217482125,36.1863631338837,35.9958204482913,8.90910898874361
9,Control,0,37.8038689441071,53.1548267714286,5,-0.41052338018706,0.00878436230557117,0.650596358473749,-0.661062355956275,None,0,3,1245.47910674011,128.276217482125,36.1863631338837,35.9958204482913,8.90910898874361
9,Control,0,36.6164847116129,54.0209766589247,6,-0.162075957253067,-0.000163798446821212,-0.53678787402049,0.205087531539874,None,0,1,1245.47910674011,128.276217482125,36.1863631338837,35.9958204482913,8.90910898874361
9,Control,0,37.0394641011801,54.2718639518013,6,-0.16254432117071,-0.000632162364464367,-0.113808484453273,0.455974824416394,None,0,2,1245.47910674011,128.276217482125,36.1863631338837,35.9958204482913,8.90910898874361
9,Control,0,37.8038689441071,53.1548267714286,6,-0.16111619799496,0.000795960811285606,0.650596358473749,-0.661062355956275,None,0,3,1245.47910674011,128.276217482125,36.1863631338837,35.9958204482913,8.90910898874361
9,Control,0,36.6164847116129,54.0209766589247,7,-0.0228828121904985,-0.0136605887283565,-0.53678787402049,0.205087531539874,None,0,1,1245.47910674011,128.276217482125,36.1863631338837,35.9958204482913,8.90910898874361
9,Control,0,37.0394641011801,54.2718639518013,7,0.00193259942424716,0.0111548228863892,-0.113808484453273,0.455974824416394,None,0,2,1245.47910674011,128.276217482125,36.1863631338837,35.9958204482913,8.90910898874361
9,Control,0,37.8038689441071,53.1548267714286,7,-0.0067164576201746,0.00250576584196739,0.650596358473749,-0.661062355956275,None,0,3,1245.47910674011,128.276217482125,36.1863631338837,35.9958204482913,8.90910898874361
9,Control,0,36.6164847116129,54.0209766589247,8,-0.226332419979761,0.0067937973561861,-0.53678787402049,0.205087531539874,None,0,1,1245.47910674011,128.276217482125,36.1863631338837,35.9958204482913,8.90910898874361
9,Control,0,37.0394641011801,54.2718639518013,8,-0.241837949011324,-0.00871173167537712,-0.113808484453273,0.455974824416394,None,0,2,1245.47910674011,128.276217482125,36.1863631338837,35.9958204482913,8.90910898874361
9,Control,0,37.8038689441071,53.1548267714286,8,-0.231208283016756,0.00191793431919102,0.650596358473749,-0.661062355956275,None,0,3,1245.47910674011,128.276217482125,36.1863631338837,35.9958204482913,8.90910898874361
10,Control,0,33.9265968282353,56.4423764637909,1,-0.449339078134549,-0.00227644168839669,-0.133129885913171,0.329134754281341,None,0,1,1631.74889559937,146.654438867013,44.6068838418478,37.4581984487037,10.2438959284776
10,Control,0,34.0625296494444,55.9699722809877,1,-0.452132981593672,-0.00507034514752042,0.00280293529598907,-0.143269428521847,None,0,2,1631.74889559937,146.654438867013,44.6068838418478,37.4581984487037,10.2438959284776
10,Control,0,34.1900536647656,55.92737638375,1,-0.439715849610235,0.00734678683591727,0.130326950617167,-0.185865325759508,None,0,3,1631.74889559937,146.654438867013,44.6068838418478,37.4581984487037,10.2438959284776
10,Control,0,33.9265968282353,56.4423764637909,2,-0.157852287401702,-0.0126052260691967,-0.133129885913171,0.329134754281341,None,0,1,1631.74889559937,146.654438867013,44.6068838418478,37.4581984487037,10.2438959284776
10,Control,0,34.0625296494444,55.9699722809877,2,-0.138689610846601,0.00655745048590489,0.00280293529598907,-0.143269428521847,None,0,2,1631.74889559937,146.654438867013,44.6068838418478,37.4581984487037,10.2438959284776
10,Control,0,34.1900536647656,55.92737638375,2,-0.139199285749214,0.00604777558329186,0.130326950617167,-0.185865325759508,None,0,3,1631.74889559937,146.654438867013,44.6068838418478,37.4581984487037,10.2438959284776
10,Control,0,33.9265968282353,56.4423764637909,3,0.0420447680529445,0.0123750278773435,-0.133129885913171,0.329134754281341,None,0,1,1631.74889559937,146.654438867013,44.6068838418478,37.4581984487037,10.2438959284776
10,Control,0,34.0625296494444,55.9699722809877,3,0.042776831526885,0.013107091351284,0.00280293529598907,-0.143269428521847,None,0,2,1631.74889559937,146.654438867013,44.6068838418478,37.4581984487037,10.2438959284776
10,Control,0,34.1900536647656,55.92737638375,3,0.00418762094697348,-0.0254821192286275,0.130326950617167,-0.185865325759508,None,0,3,1631.74889559937,146.654438867013,44.6068838418478,37.4581984487037,10.2438959284776
10,Control,0,33.9265968282353,56.4423764637909,4,0.0242432535717627,0.00440218589895757,-0.133129885913171,0.329134754281341,None,0,1,1631.74889559937,146.654438867013,44.6068838418478,37.4581984487037,10.2438959284776
10,Control,0,34.0625296494444,55.9699722809877,4,0.0237383328148849,0.00389726514207972,0.00280293529598907,-0.143269428521847,None,0,2,1631.74889559937,146.654438867013,44.6068838418478,37.4581984487037,10.2438959284776
10,Control,0,34.1900536647656,55.92737638375,4,0.0115416166317679,-0.0082994510410373,0.130326950617167,-0.185865325759508,None,0,3,1631.74889559937,146.654438867013,44.6068838418478,37.4581984487037,10.2438959284776
10,Control,0,33.9265968282353,56.4423764637909,5,-0.511308160134763,-0.00681281660701905,-0.133129885913171,0.329134754281341,None,0,1,1631.74889559937,146.654438867013,44.6068838418478,37.4581984487037,10.2438959284776
10,Control,0,34.0625296494444,55.9699722809877,5,-0.486873110898374,0.0176222326293701,0.00280293529598907,-0.143269428521847,None,0,2,1631.74889559937,146.654438867013,44.6068838418478,37.4581984487037,10.2438959284776
10,Control,0,34.1900536647656,55.92737638375,5,-0.515304759550095,-0.0108094160223512,0.130326950617167,-0.185865325759508,None,0,3,1631.74889559937,146.654438867013,44.6068838418478,37.4581984487037,10.2438959284776
10,Control,0,33.9265968282353,56.4423764637909,6,-0.181380687404342,0.00313608112336758,-0.133129885913171,0.329134754281341,None,0,1,1631.74889559937,146.654438867013,44.6068838418478,37.4581984487037,10.2438959284776
10,Control,0,34.0625296494444,55.9699722809877,6,-0.170108500522666,0.0144082680050431,0.00280293529598907,-0.143269428521847,None,0,2,1631.74889559937,146.654438867013,44.6068838418478,37.4581984487037,10.2438959284776
10,Control,0,34.1900536647656,55.92737638375,6,-0.20206111765612,-0.0175443491284107,0.130326950617167,-0.185865325759508,None,0,3,1631.74889559937,146.654438867013,44.6068838418478,37.4581984487037,10.2438959284776
10,Control,0,33.9265968282353,56.4423764637909,7,-0.114465099304909,0.0294573610666915,-0.133129885913171,0.329134754281341,None,0,1,1631.74889559937,146.654438867013,44.6068838418478,37.4581984487037,10.2438959284776
10,Control,0,34.0625296494444,55.9699722809877,7,-0.091284547953885,0.0526379124177157,0.00280293529598907,-0.143269428521847,None,0,2,1631.74889559937,146.654438867013,44.6068838418478,37.4581984487037,10.2438959284776
10,Control,0,34.1900536647656,55.92737638375,7,-0.226017733856008,-0.0820952734844072,0.130326950617167,-0.185865325759508,None,0,3,1631.74889559937,146.654438867013,44.6068838418478,37.4581984487037,10.2438959284776
10,Control,0,33.9265968282353,56.4423764637909,8,-0.458021270852063,0.0540899852775313,-0.133129885913171,0.329134754281341,None,0,1,1631.74889559937,146.654438867013,44.6068838418478,37.4581984487037,10.2438959284776
10,Control,0,34.0625296494444,55.9699722809877,8,-0.437009025865087,0.0751022302645066,0.00280293529598907,-0.143269428521847,None,0,2,1631.74889559937,146.654438867013,44.6068838418478,37.4581984487037,10.2438959284776
10,Control,0,34.1900536647656,55.92737638375,8,-0.641303471671632,-0.129192215542038,0.130326950617167,-0.185865325759508,None,0,3,1631.74889559937,146.654438867013,44.6068838418478,37.4581984487037,10.2438959284776
11,Control,0,34.3194805327215,51.2691356397468,1,-0.0622554720138619,0.0027699561933628,-0.24268835577567,-0.223414148455923,None,0,1,1281.3309411947,130.878104467544,36.2162170972778,41.240765982097,2.01512021399784
11,Control,0,34.0838304045882,51.3137247341176,1,-0.0706163320077837,-0.00559090380055896,-0.478338483908949,-0.178825054085117,None,0,2,1281.3309411947,130.878104467544,36.2162170972778,41.240765982097,2.01512021399784
11,Control,0,35.2831957281818,51.8947889907438,1,-0.0622044806000285,0.00282094760719618,0.721026839684626,0.402239202541033,None,0,3,1281.3309411947,130.878104467544,36.2162170972778,41.240765982097,2.01512021399784
11,Control,0,34.3194805327215,51.2691356397468,2,-0.056238871234991,0.00211908188337376,-0.24268835577567,-0.223414148455923,None,0,1,1281.3309411947,130.878104467544,36.2162170972778,41.240765982097,2.01512021399784
11,Control,0,34.0838304045882,51.3137247341176,2,-0.0618417760187351,-0.00348382290037033,-0.478338483908949,-0.178825054085117,None,0,2,1281.3309411947,130.878104467544,36.2162170972778,41.240765982097,2.01512021399784
11,Control,0,35.2831957281818,51.8947889907438,2,-0.0569932121013682,0.00136474101699657,0.721026839684626,0.402239202541033,None,0,3,1281.3309411947,130.878104467544,36.2162170972778,41.240765982097,2.01512021399784
11,Control,0,34.3194805327215,51.2691356397468,3,0.0421950442934934,0.00480310264410092,-0.24268835577567,-0.223414148455923,None,0,1,1281.3309411947,130.878104467544,36.2162170972778,41.240765982097,2.01512021399784
11,Control,0,34.0838304045882,51.3137247341176,3,0.034983709852004,-0.00240823179738852,-0.478338483908949,-0.178825054085117,None,0,2,1281.3309411947,130.878104467544,36.2162170972778,41.240765982097,2.01512021399784
11,Control,0,35.2831957281818,51.8947889907438,3,0.0349970708026801,-0.00239487084671241,0.721026839684626,0.402239202541033,None,0,3,1281.3309411947,130.878104467544,36.2162170972778,41.240765982097,2.01512021399784
11,Control,0,34.3194805327215,51.2691356397468,4,-0.0959410163902799,-0.000949607233784983,-0.24268835577567,-0.223414148455923,None,0,1,1281.3309411947,130.878104467544,36.2162170972778,41.240765982097,2.01512021399784
11,Control,0,34.0838304045882,51.3137247341176,4,-0.0966320477294858,-0.00164063857299095,-0.478338483908949,-0.178825054085117,None,0,2,1281.3309411947,130.878104467544,36.2162170972778,41.240765982097,2.01512021399784
11,Control,0,35.2831957281818,51.8947889907438,4,-0.0924011633497189,0.00259024580677597,0.721026839684626,0.402239202541033,None,0,3,1281.3309411947,130.878104467544,36.2162170972778,41.240765982097,2.01512021399784
11,Control,0,34.3194805327215,51.2691356397468,5,-0.450835665854016,-0.00242661634251207,-0.24268835577567,-0.223414148455923,None,0,1,1281.3309411947,130.878104467544,36.2162170972778,41.240765982097,2.01512021399784
11,Control,0,34.0838304045882,51.3137247341176,5,-0.448247982290674,0.00016106722082937,-0.478338483908949,-0.178825054085117,None,0,2,1281.3309411947,130.878104467544,36.2162170972778,41.240765982097,2.01512021399784
11,Control,0,35.2831957281818,51.8947889907438,5,-0.446143500389821,0.00226554912168264,0.721026839684626,0.402239202541033,None,0,3,1281.3309411947,130.878104467544,36.2162170972778,41.240765982097,2.01512021399784
11,Control,0,34.3194805327215,51.2691356397468,6,-0.0569345821194807,0.000734290975038882,-0.24268835577567,-0.223414148455923,None,0,1,1281.3309411947,130.878104467544,36.2162170972778,41.240765982097,2.01512021399784
11,Control,0,34.0838304045882,51.3137247341176,6,-0.0580378899973133,-0.000369016902793735,-0.478338483908949,-0.178825054085117,None,0,2,1281.3309411947,130.878104467544,36.2162170972778,41.240765982097,2.01512021399784
11,Control,0,35.2831957281818,51.8947889907438,6,-0.0580341471667647,-0.000365274072245153,0.721026839684626,0.402239202541033,None,0,3,1281.3309411947,130.878104467544,36.2162170972778,41.240765982097,2.01512021399784
11,Control,0,34.3194805327215,51.2691356397468,7,0.0343826311635957,0.00574800552055449,-0.24268835577567,-0.223414148455923,None,0,1,1281.3309411947,130.878104467544,36.2162170972778,41.240765982097,2.01512021399784
11,Control,0,34.0838304045882,51.3137247341176,7,0.0244759745155497,-0.00415865112749149,-0.478338483908949,-0.178825054085117,None,0,2,1281.3309411947,130.878104467544,36.2162170972778,41.240765982097,2.01512021399784
11,Control,0,35.2831957281818,51.8947889907438,7,0.0270452712499782,-0.00158935439306301,0.721026839684626,0.402239202541033,None,0,3,1281.3309411947,130.878104467544,36.2162170972778,41.240765982097,2.01512021399784
11,Control,0,34.3194805327215,51.2691356397468,8,-0.575517809829274,0.000478561183117621,-0.24268835577567,-0.223414148455923,None,0,1,1281.3309411947,130.878104467544,36.2162170972778,41.240765982097,2.01512021399784
11,Control,0,34.0838304045882,51.3137247341176,8,-0.574521564452803,0.00147480655958843,-0.478338483908949,-0.178825054085117,None,0,2,1281.3309411947,130.878104467544,36.2162170972778,41.240765982097,2.01512021399784
11,Control,0,35.2831957281818,51.8947889907438,8,-0.577949738755098,-0.00195336774270605,0.721026839684626,0.402239202541033,None,0,3,1281.3309411947,130.878104467544,36.2162170972778,41.240765982097,2.01512021399784
12,Control,0,36.2278019577857,55.3632446254286,1,-0.616072639726572,-0.00101492368834688,-0.297430243447728,0.285582011894157,None,0,1,1726.65431987869,150.646691566343,45.4137073719331,50.2491204912085,11.1079976427262
12,Control,0,35.7710915025,55.3751768805405,1,-0.613893675564691,0.00116404047353469,-0.754140698733458,0.297514267006122,None,0,2,1726.65431987869,150.646691566343,45.4137073719331,50.2491204912085,11.1079976427262
12,Control,0,37.5768031434146,54.4945663346342,1,-0.615206832823413,-0.000149116785187808,1.05157094218119,-0.583096278900271,None,0,3,1726.65431987869,150.646691566343,45.4137073719331,50.2491204912085,11.1079976427262
12,Control,0,36.2278019577857,55.3632446254286,2,-0.743727934324849,0.00626467955286347,-0.297430243447728,0.285582011894157,None,0,1,1726.65431987869,150.646691566343,45.4137073719331,50.2491204912085,11.1079976427262
12,Control,0,35.7710915025,55.3751768805405,2,-0.753212075653108,-0.00321946177539545,-0.754140698733458,0.297514267006122,None,0,2,1726.65431987869,150.646691566343,45.4137073719331,50.2491204912085,11.1079976427262
12,Control,0,37.5768031434146,54.4945663346342,2,-0.75303783165518,-0.00304521777746791,1.05157094218119,-0.583096278900271,None,0,3,1726.65431987869,150.646691566343,45.4137073719331,50.2491204912085,11.1079976427262
12,Control,0,36.2278019577857,55.3632446254286,3,-0.0668674944335954,0.00080590858769701,-0.297430243447728,0.285582011894157,None,0,1,1726.65431987869,150.646691566343,45.4137073719331,50.2491204912085,11.1079976427262
12,Control,0,35.7710915025,55.3751768805405,3,-0.0738465684645872,-0.00617316544329481,-0.754140698733458,0.297514267006122,None,0,2,1726.65431987869,150.646691566343,45.4137073719331,50.2491204912085,11.1079976427262
12,Control,0,37.5768031434146,54.4945663346342,3,-0.0623061461656945,0.00536725685559782,1.05157094218119,-0.583096278900271,None,0,3,1726.65431987869,150.646691566343,45.4137073719331,50.2491204912085,11.1079976427262
12,Control,0,36.2278019577857,55.3632446254286,4,-0.0846086775227938,-0.00444486410139204,-0.297430243447728,0.285582011894157,None,0,1,1726.65431987869,150.646691566343,45.4137073719331,50.2491204912085,11.1079976427262
12,Control,0,35.7710915025,55.3751768805405,4,-0.0823495737960251,-0.00218576037462341,-0.754140698733458,0.297514267006122,None,0,2,1726.65431987869,150.646691566343,45.4137073719331,50.2491204912085,11.1079976427262
12,Control,0,37.5768031434146,54.4945663346342,4,-0.0735331889453863,0.00663062447601542,1.05157094218119,-0.583096278900271,None,0,3,1726.65431987869,150.646691566343,45.4137073719331,50.2491204912085,11.1079976427262
12,Control,0,36.2278019577857,55.3632446254286,5,-0.366725456557106,-0.00873001811478313,-0.297430243447728,0.285582011894157,None,0,1,1726.65431987869,150.646691566343,45.4137073719331,50.2491204912085,11.1079976427262
12,Control,0,35.7710915025,55.3751768805405,5,-0.354091817176029,0.00390362126629384,-0.754140698733458,0.297514267006122,None,0,2,1726.65431987869,150.646691566343,45.4137073719331,50.2491204912085,11.1079976427262
12,Control,0,37.5768031434146,54.4945663346342,5,-0.353169041593833,0.0048263968484894,1.05157094218119,-0.583096278900271,None,0,3,1726.65431987869,150.646691566343,45.4137073719331,50.2491204912085,11.1079976427262
12,Control,0,36.2278019577857,55.3632446254286,6,-0.275796840687489,0.00232828492007725,-0.297430243447728,0.285582011894157,None,0,1,1726.65431987869,150.646691566343,45.4137073719331,50.2491204912085,11.1079976427262
12,Control,0,35.7710915025,55.3751768805405,6,-0.275793145425089,0.00233198018247693,-0.754140698733458,0.297514267006122,None,0,2,1726.65431987869,150.646691566343,45.4137073719331,50.2491204912085,11.1079976427262
12,Control,0,37.5768031434146,54.4945663346342,6,-0.282785390710121,-0.0046602651025543,1.05157094218119,-0.583096278900271,None,0,3,1726.65431987869,150.646691566343,45.4137073719331,50.2491204912085,11.1079976427262
12,Control,0,36.2278019577857,55.3632446254286,7,-0.0610539509042222,0.00158195740867317,-0.297430243447728,0.285582011894157,None,0,1,1726.65431987869,150.646691566343,45.4137073719331,50.2491204912085,11.1079976427262
12,Control,0,35.7710915025,55.3751768805405,7,-0.0606912289738488,0.00194467933904652,-0.754140698733458,0.297514267006122,None,0,2,1726.65431987869,150.646691566343,45.4137073719331,50.2491204912085,11.1079976427262
12,Control,0,37.5768031434146,54.4945663346342,7,-0.066162545060615,-0.00352663674771969,1.05157094218119,-0.583096278900271,None,0,3,1726.65431987869,150.646691566343,45.4137073719331,50.2491204912085,11.1079976427262
12,Control,0,36.2278019577857,55.3632446254286,8,-0.226596952470287,0.00133998273317856,-0.297430243447728,0.285582011894157,None,0,1,1726.65431987869,150.646691566343,45.4137073719331,50.2491204912085,11.1079976427262
12,Control,0,35.7710915025,55.3751768805405,8,-0.226909391602527,0.0010275436009384,-0.754140698733458,0.297514267006122,None,0,2,1726.65431987869,150.646691566343,45.4137073719331,50.2491204912085,11.1079976427262
12,Control,0,37.5768031434146,54.4945663346342,8,-0.230304461537582,-0.00236752633411699,1.05157094218119,-0.583096278900271,None,0,3,1726.65431987869,150.646691566343,45.4137073719331,50.2491204912085,11.1079976427262
13,Control,0,34.0060816925317,45.4921888550211,1,-0.419488434589921,0.0332002036578643,-3.11006585326024,-4.85196475323878,None,0,1,1184.996614338,123.70142091416,40.5805976573718,37.0235049110002,2.60663274549799
13,Control,0,38.6289008629412,52.0206082287059,1,-0.472775431102684,-0.0200867928548986,1.51275331714929,1.67645462044603,None,0,2,1184.996614338,123.70142091416,40.5805976573718,37.0235049110002,2.60663274549799
13,Control,0,38.7134600819028,53.5196637410526,1,-0.465802049050751,-0.0131134108029657,1.59731253611095,3.17551013279277,None,0,3,1184.996614338,123.70142091416,40.5805976573718,37.0235049110002,2.60663274549799
13,Control,0,34.0060816925317,45.4921888550211,2,-0.547722876952576,0.0101350731603921,-3.11006585326024,-4.85196475323878,None,0,1,1184.996614338,123.70142091416,40.5805976573718,37.0235049110002,2.60663274549799
13,Control,0,38.6289008629412,52.0206082287059,2,-0.583903814847036,-0.0260458647340686,1.51275331714929,1.67645462044603,None,0,2,1184.996614338,123.70142091416,40.5805976573718,37.0235049110002,2.60663274549799
13,Control,0,38.7134600819028,53.5196637410526,2,-0.541947158539291,0.0159107915736766,1.59731253611095,3.17551013279277,None,0,3,1184.996614338,123.70142091416,40.5805976573718,37.0235049110002,2.60663274549799
13,Control,0,34.0060816925317,45.4921888550211,3,-0.0165218239015425,-0.0011395633338136,-3.11006585326024,-4.85196475323878,None,0,1,1184.996614338,123.70142091416,40.5805976573718,37.0235049110002,2.60663274549799
13,Control,0,38.6289008629412,52.0206082287059,3,-0.0151131366780115,0.000269123889717358,1.51275331714929,1.67645462044603,None,0,2,1184.996614338,123.70142091416,40.5805976573718,37.0235049110002,2.60663274549799
13,Control,0,38.7134600819028,53.5196637410526,3,-0.0145118211236326,0.000870439444096248,1.59731253611095,3.17551013279277,None,0,3,1184.996614338,123.70142091416,40.5805976573718,37.0235049110002,2.60663274549799
13,Control,0,34.0060816925317,45.4921888550211,4,-0.0395494211280492,-0.0048371729121842,-3.11006585326024,-4.85196475323878,None,0,1,1184.996614338,123.70142091416,40.5805976573718,37.0235049110002,2.60663274549799
13,Control,0,38.6289008629412,52.0206082287059,4,-0.0337881185813952,0.000924129634469799,1.51275331714929,1.67645462044603,None,0,2,1184.996614338,123.70142091416,40.5805976573718,37.0235049110002,2.60663274549799
13,Control,0,38.7134600819028,53.5196637410526,4,-0.0307992049381506,0.00391304327771439,1.59731253611095,3.17551013279277,None,0,3,1184.996614338,123.70142091416,40.5805976573718,37.0235049110002,2.60663274549799
13,Control,0,34.0060816925317,45.4921888550211,5,-0.205900014762478,0.0161646811296461,-3.11006585326024,-4.85196475323878,None,0,1,1184.996614338,123.70142091416,40.5805976573718,37.0235049110002,2.60663274549799
13,Control,0,38.6289008629412,52.0206082287059,5,-0.227125893166423,-0.00506119727429885,1.51275331714929,1.67645462044603,None,0,2,1184.996614338,123.70142091416,40.5805976573718,37.0235049110002,2.60663274549799
13,Control,0,38.7134600819028,53.5196637410526,5,-0.233168179747472,-0.0111034838553473,1.59731253611095,3.17551013279277,None,0,3,1184.996614338,123.70142091416,40.5805976573718,37.0235049110002,2.60663274549799
13,Control,0,34.0060816925317,45.4921888550211,6,-0.238442909389441,0.0296732851232034,-3.11006585326024,-4.85196475323878,None,0,1,1184.996614338,123.70142091416,40.5805976573718,37.0235049110002,2.60663274549799
13,Control,0,38.6289008629412,52.0206082287059,6,-0.276691399467327,-0.008575204954682,1.51275331714929,1.67645462044603,None,0,2,1184.996614338,123.70142091416,40.5805976573718,37.0235049110002,2.60663274549799
13,Control,0,38.7134600819028,53.5196637410526,6,-0.289214274681166,-0.0210980801685214,1.59731253611095,3.17551013279277,None,0,3,1184.996614338,123.70142091416,40.5805976573718,37.0235049110002,2.60663274549799
13,Control,0,34.0060816925317,45.4921888550211,7,-0.0371119606722421,-0.0130155228642083,-3.11006585326024,-4.85196475323878,None,0,1,1184.996614338,123.70142091416,40.5805976573718,37.0235049110002,2.60663274549799
13,Control,0,38.6289008629412,52.0206082287059,7,-0.0209928616917667,0.00310357611626718,1.51275331714929,1.67645462044603,None,0,2,1184.996614338,123.70142091416,40.5805976573718,37.0235049110002,2.60663274549799
13,Control,0,38.7134600819028,53.5196637410526,7,-0.0141844910600928,0.00991194674794109,1.59731253611095,3.17551013279277,None,0,3,1184.996614338,123.70142091416,40.5805976573718,37.0235049110002,2.60663274549799
13,Control,0,34.0060816925317,45.4921888550211,8,0.00837193669219517,-0.0287462101657809,-3.11006585326024,-4.85196475323878,None,0,1,1184.996614338,123.70142091416,40.5805976573718,37.0235049110002,2.60663274549799
13,Control,0,38.6289008629412,52.0206082287059,8,0.0423617045659913,0.00524355770801525,1.51275331714929,1.67645462044603,None,0,2,1184.996614338,123.70142091416,40.5805976573718,37.0235049110002,2.60663274549799
13,Control,0,38.7134600819028,53.5196637410526,8,0.0606207993157418,0.0235026524577657,1.59731253611095,3.17551013279277,None,0,3,1184.996614338,123.70142091416,40.5805976573718,37.0235049110002,2.60663274549799
1,AS,1,35.6406777728572,25.9430651006803,1,-0.313541161913572,-0.123903459011101,2.64834829740205,-23.3872511735222,First,1,1,885.882278287191,108.192829077098,32.3473577506906,34.2434646350034,0.35603695702907
1,AS,1,35.5484907542308,25.5977799561538,1,-0.313314103898654,-0.123676400996184,2.55616127877567,-23.7325363180486,First,1,2,885.882278287191,108.192829077098,32.3473577506906,34.2434646350034,0.35603695702907
1,AS,1,35.190228942766,24.7101621710638,1,-0.301765221493005,-0.112127518590535,2.19789946731086,-24.6201541031387,First,1,3,885.882278287191,108.192829077098,32.3473577506906,34.2434646350034,0.35603695702907
1,AS,1,35.6406777728572,25.9430651006803,2,-0.350103619129494,-0.204242436983364,2.64834829740205,-23.3872511735222,First,1,1,885.882278287191,108.192829077098,32.3473577506906,34.2434646350034,0.35603695702907
1,AS,1,35.5484907542308,25.5977799561538,2,-0.342174435023469,-0.196313252877339,2.55616127877567,-23.7325363180486,First,1,2,885.882278287191,108.192829077098,32.3473577506906,34.2434646350034,0.35603695702907
1,AS,1,35.190228942766,24.7101621710638,2,-0.337224218231719,-0.191363036085589,2.19789946731086,-24.6201541031387,First,1,3,885.882278287191,108.192829077098,32.3473577506906,34.2434646350034,0.35603695702907
1,AS,1,35.6406777728572,25.9430651006803,3,-0.0571409113589957,-0.149786601998078,2.64834829740205,-23.3872511735222,First,1,1,885.882278287191,108.192829077098,32.3473577506906,34.2434646350034,0.35603695702907
1,AS,1,35.5484907542308,25.5977799561538,3,-0.0513096051046194,-0.143955295743702,2.55616127877567,-23.7325363180486,First,1,2,885.882278287191,108.192829077098,32.3473577506906,34.2434646350034,0.35603695702907
1,AS,1,35.190228942766,24.7101621710638,3,-0.0469569562211106,-0.139602646860193,2.19789946731086,-24.6201541031387,First,1,3,885.882278287191,108.192829077098,32.3473577506906,34.2434646350034,0.35603695702907
1,AS,1,35.6406777728572,25.9430651006803,4,-0.0366223992123,0.00714688621630195,2.64834829740205,-23.3872511735222,First,1,1,885.882278287191,108.192829077098,32.3473577506906,34.2434646350034,0.35603695702907
1,AS,1,35.5484907542308,25.5977799561538,4,-0.0379179846882057,0.00585130074039625,2.55616127877567,-23.7325363180486,First,1,2,885.882278287191,108.192829077098,32.3473577506906,34.2434646350034,0.35603695702907
1,AS,1,35.190228942766,24.7101621710638,4,-0.0357646364443148,0.00800464898428715,2.19789946731086,-24.6201541031387,First,1,3,885.882278287191,108.192829077098,32.3473577506906,34.2434646350034,0.35603695702907
1,AS,1,35.6406777728572,25.9430651006803,5,-0.248519705696653,-0.112566474144146,2.64834829740205,-23.3872511735222,First,1,1,885.882278287191,108.192829077098,32.3473577506906,34.2434646350034,0.35603695702907
1,AS,1,35.5484907542308,25.5977799561538,5,-0.245003305601831,-0.109050074049324,2.55616127877567,-23.7325363180486,First,1,2,885.882278287191,108.192829077098,32.3473577506906,34.2434646350034,0.35603695702907
1,AS,1,35.190228942766,24.7101621710638,5,-0.24066911707754,-0.104715885525034,2.19789946731086,-24.6201541031387,First,1,3,885.882278287191,108.192829077098,32.3473577506906,34.2434646350034,0.35603695702907
1,AS,1,35.6406777728572,25.9430651006803,6,-0.3298875580935,-0.145500943280944,2.64834829740205,-23.3872511735222,First,1,1,885.882278287191,108.192829077098,32.3473577506906,34.2434646350034,0.35603695702907
1,AS,1,35.5484907542308,25.5977799561538,6,-0.319516209151637,-0.135129594339081,2.55616127877567,-23.7325363180486,First,1,2,885.882278287191,108.192829077098,32.3473577506906,34.2434646350034,0.35603695702907
1,AS,1,35.190228942766,24.7101621710638,6,-0.317157861898455,-0.132771247085899,2.19789946731086,-24.6201541031387,First,1,3,885.882278287191,108.192829077098,32.3473577506906,34.2434646350034,0.35603695702907
1,AS,1,35.6406777728572,25.9430651006803,7,0.580124845358816,0.1718189798442,2.64834829740205,-23.3872511735222,First,1,1,885.882278287191,108.192829077098,32.3473577506906,34.2434646350034,0.35603695702907
1,AS,1,35.5484907542308,25.5977799561538,7,0.568714534041288,0.160408668526672,2.55616127877567,-23.7325363180486,First,1,2,885.882278287191,108.192829077098,32.3473577506906,34.2434646350034,0.35603695702907
1,AS,1,35.190228942766,24.7101621710638,7,0.556983211201181,0.148677345686565,2.19789946731086,-24.6201541031387,First,1,3,885.882278287191,108.192829077098,32.3473577506906,34.2434646350034,0.35603695702907
1,AS,1,35.6406777728572,25.9430651006803,8,-0.240568633887304,-0.308480819058138,2.64834829740205,-23.3872511735222,First,1,1,885.882278287191,108.192829077098,32.3473577506906,34.2434646350034,0.35603695702907
1,AS,1,35.5484907542308,25.5977799561538,8,-0.237897792504963,-0.305809977675798,2.55616127877567,-23.7325363180486,First,1,2,885.882278287191,108.192829077098,32.3473577506906,34.2434646350034,0.35603695702907
1,AS,1,35.190228942766,24.7101621710638,8,-0.228653448087057,-0.296565633257892,2.19789946731086,-24.6201541031387,First,1,3,885.882278287191,108.192829077098,32.3473577506906,34.2434646350034,0.35603695702907
3,AS,1,39.864413074898,45.4904375034014,1,-0.331087518728214,-0.0747725558426017,3.16256979646906,-8.99026402998109,Second,2,1,1566.26223620384,142.460727766046,44.0361535681948,36.834032424453,11.8255441479389
3,AS,1,39.7531029091837,45.5032097583673,1,-0.318517537741071,-0.0622025748554587,3.05125963075478,-8.9774917750151,Second,2,2,1566.26223620384,142.460727766046,44.0361535681948,36.834032424453,11.8255441479389
3,AS,1,40.0825792492683,45.553584883252,1,-0.34498652555628,-0.0886715626706678,3.38073597083939,-8.92711665013042,Second,2,3,1566.26223620384,142.460727766046,44.0361535681948,36.834032424453,11.8255441479389
3,AS,1,39.864413074898,45.4904375034014,2,-0.246851048374678,-0.194783256134136,3.16256979646906,-8.99026402998109,Second,2,1,1566.26223620384,142.460727766046,44.0361535681948,36.834032424453,11.8255441479389
3,AS,1,39.7531029091837,45.5032097583673,2,-0.248358829635086,-0.196291037394544,3.05125963075478,-8.9774917750151,Second,2,2,1566.26223620384,142.460727766046,44.0361535681948,36.834032424453,11.8255441479389
3,AS,1,40.0825792492683,45.553584883252,2,-0.262209243229463,-0.210141450988922,3.38073597083939,-8.92711665013042,Second,2,3,1566.26223620384,142.460727766046,44.0361535681948,36.834032424453,11.8255441479389
3,AS,1,39.864413074898,45.4904375034014,3,-0.195498553558449,-0.207537656986138,3.16256979646906,-8.99026402998109,Second,2,1,1566.26223620384,142.460727766046,44.0361535681948,36.834032424453,11.8255441479389
3,AS,1,39.7531029091837,45.5032097583673,3,-0.198850641809466,-0.210889745237155,3.05125963075478,-8.9774917750151,Second,2,2,1566.26223620384,142.460727766046,44.0361535681948,36.834032424453,11.8255441479389
3,AS,1,40.0825792492683,45.553584883252,3,-0.20629418586869,-0.218333289296379,3.38073597083939,-8.92711665013042,Second,2,3,1566.26223620384,142.460727766046,44.0361535681948,36.834032424453,11.8255441479389
3,AS,1,39.864413074898,45.4904375034014,4,-0.0618945652063246,-0.0111567605330199,3.16256979646906,-8.99026402998109,Second,2,1,1566.26223620384,142.460727766046,44.0361535681948,36.834032424453,11.8255441479389
3,AS,1,39.7531029091837,45.5032097583673,4,-0.0580082435255713,-0.0072704388522666,3.05125963075478,-8.9774917750151,Second,2,2,1566.26223620384,142.460727766046,44.0361535681948,36.834032424453,11.8255441479389
3,AS,1,40.0825792492683,45.553584883252,4,-0.0597909592797268,-0.00905315460642208,3.38073597083939,-8.92711665013042,Second,2,3,1566.26223620384,142.460727766046,44.0361535681948,36.834032424453,11.8255441479389
3,AS,1,39.864413074898,45.4904375034014,5,-0.201572513011886,-0.00357264381986058,3.16256979646906,-8.99026402998109,Second,2,1,1566.26223620384,142.460727766046,44.0361535681948,36.834032424453,11.8255441479389
3,AS,1,39.7531029091837,45.5032097583673,5,-0.20329690909871,-0.00529703990668517,3.05125963075478,-8.9774917750151,Second,2,2,1566.26223620384,142.460727766046,44.0361535681948,36.834032424453,11.8255441479389
3,AS,1,40.0825792492683,45.553584883252,5,-0.196607932680742,0.00139193651128328,3.38073597083939,-8.92711665013042,Second,2,3,1566.26223620384,142.460727766046,44.0361535681948,36.834032424453,11.8255441479389
3,AS,1,39.864413074898,45.4904375034014,6,-0.0569397106986714,-0.0156827380484556,3.16256979646906,-8.99026402998109,Second,2,1,1566.26223620384,142.460727766046,44.0361535681948,36.834032424453,11.8255441479389
3,AS,1,39.7531029091837,45.5032097583673,6,-0.0636277127214143,-0.0223707400711985,3.05125963075478,-8.9774917750151,Second,2,2,1566.26223620384,142.460727766046,44.0361535681948,36.834032424453,11.8255441479389
3,AS,1,40.0825792492683,45.553584883252,6,-0.0535122164141292,-0.0122552437639134,3.38073597083939,-8.92711665013042,Second,2,3,1566.26223620384,142.460727766046,44.0361535681948,36.834032424453,11.8255441479389
3,AS,1,39.864413074898,45.4904375034014,7,-0.0135277428734083,-0.0563139774896165,3.16256979646906,-8.99026402998109,Second,2,1,1566.26223620384,142.460727766046,44.0361535681948,36.834032424453,11.8255441479389
3,AS,1,39.7531029091837,45.5032097583673,7,-0.0131636846172859,-0.0559499192334941,3.05125963075478,-8.9774917750151,Second,2,2,1566.26223620384,142.460727766046,44.0361535681948,36.834032424453,11.8255441479389
3,AS,1,40.0825792492683,45.553584883252,7,-0.0157923305269025,-0.0585785651431108,3.38073597083939,-8.92711665013042,Second,2,3,1566.26223620384,142.460727766046,44.0361535681948,36.834032424453,11.8255441479389
3,AS,1,39.864413074898,45.4904375034014,8,-0.17649356690231,-0.0828352383853625,3.16256979646906,-8.99026402998109,Second,2,1,1566.26223620384,142.460727766046,44.0361535681948,36.834032424453,11.8255441479389
3,AS,1,39.7531029091837,45.5032097583673,8,-0.167828458364465,-0.0741701298475176,3.05125963075478,-8.9774917750151,Second,2,2,1566.26223620384,142.460727766046,44.0361535681948,36.834032424453,11.8255441479389
3,AS,1,40.0825792492683,45.553584883252,8,-0.177311563681088,-0.0836532351641401,3.38073597083939,-8.92711665013042,Second,2,3,1566.26223620384,142.460727766046,44.0361535681948,36.834032424453,11.8255441479389
4,AS,1,37.9106319854717,29.9670217194969,1,-0.412031601254858,0.0116795682739783,2.74087914771667,-9.51216893995221,First,1,1,1220.34952338733,126.670005148455,35.4101247758913,37.1826330400865,1.80342627656033
4,AS,1,40.141136347006,28.0512575360479,1,-0.466349953464835,-0.0426387839359986,4.97138350925095,-11.4279331234012,First,1,2,1220.34952338733,126.670005148455,35.4101247758913,37.1826330400865,1.80342627656033
4,AS,1,39.1922890676471,26.862117912549,1,-0.427091711001838,-0.00338054147300154,4.02253622989202,-12.6170727469,First,1,3,1220.34952338733,126.670005148455,35.4101247758913,37.1826330400865,1.80342627656033
4,AS,1,37.9106319854717,29.9670217194969,2,-0.221392123496355,-0.218511712475846,2.74087914771667,-9.51216893995221,First,1,1,1220.34952338733,126.670005148455,35.4101247758913,37.1826330400865,1.80342627656033
4,AS,1,40.141136347006,28.0512575360479,2,-0.215915408541787,-0.213034997521278,4.97138350925095,-11.4279331234012,First,1,2,1220.34952338733,126.670005148455,35.4101247758913,37.1826330400865,1.80342627656033
4,AS,1,39.1922890676471,26.862117912549,2,-0.189156557452694,-0.186276146432185,4.02253622989202,-12.6170727469,First,1,3,1220.34952338733,126.670005148455,35.4101247758913,37.1826330400865,1.80342627656033
4,AS,1,37.9106319854717,29.9670217194969,3,-0.24923622394413,-0.276008560920769,2.74087914771667,-9.51216893995221,First,1,1,1220.34952338733,126.670005148455,35.4101247758913,37.1826330400865,1.80342627656033
4,AS,1,40.141136347006,28.0512575360479,3,-0.234356126646018,-0.261128463622657,4.97138350925095,-11.4279331234012,First,1,2,1220.34952338733,126.670005148455,35.4101247758913,37.1826330400865,1.80342627656033
4,AS,1,39.1922890676471,26.862117912549,3,-0.21510036015752,-0.241872697134159,4.02253622989202,-12.6170727469,First,1,3,1220.34952338733,126.670005148455,35.4101247758913,37.1826330400865,1.80342627656033
4,AS,1,37.9106319854717,29.9670217194969,4,-0.186258496230753,-0.0591133875805434,2.74087914771667,-9.51216893995221,First,1,1,1220.34952338733,126.670005148455,35.4101247758913,37.1826330400865,1.80342627656033
4,AS,1,40.141136347006,28.0512575360479,4,-0.196417482517689,-0.0692723738674792,4.97138350925095,-11.4279331234012,First,1,2,1220.34952338733,126.670005148455,35.4101247758913,37.1826330400865,1.80342627656033
4,AS,1,39.1922890676471,26.862117912549,4,-0.178898916185906,-0.0517538075356965,4.02253622989202,-12.6170727469,First,1,3,1220.34952338733,126.670005148455,35.4101247758913,37.1826330400865,1.80342627656033
4,AS,1,37.9106319854717,29.9670217194969,5,-0.238937001280378,-0.0188246697574671,2.74087914771667,-9.51216893995221,First,1,1,1220.34952338733,126.670005148455,35.4101247758913,37.1826330400865,1.80342627656033
4,AS,1,40.141136347006,28.0512575360479,5,-0.257352427902525,-0.0372400963796142,4.97138350925095,-11.4279331234012,First,1,2,1220.34952338733,126.670005148455,35.4101247758913,37.1826330400865,1.80342627656033
4,AS,1,39.1922890676471,26.862117912549,5,-0.225355097625576,-0.0052427661026658,4.02253622989202,-12.6170727469,First,1,3,1220.34952338733,126.670005148455,35.4101247758913,37.1826330400865,1.80342627656033
4,AS,1,37.9106319854717,29.9670217194969,6,-0.182087495755041,-0.0394770944204681,2.74087914771667,-9.51216893995221,First,1,1,1220.34952338733,126.670005148455,35.4101247758913,37.1826330400865,1.80342627656033
4,AS,1,40.141136347006,28.0512575360479,6,-0.200976724093931,-0.0583663227593578,4.97138350925095,-11.4279331234012,First,1,2,1220.34952338733,126.670005148455,35.4101247758913,37.1826330400865,1.80342627656033
4,AS,1,39.1922890676471,26.862117912549,6,-0.172851880022541,-0.0302414786879678,4.02253622989202,-12.6170727469,First,1,3,1220.34952338733,126.670005148455,35.4101247758913,37.1826330400865,1.80342627656033
4,AS,1,37.9106319854717,29.9670217194969,7,0.0477530531130566,0.00943373036061984,2.74087914771667,-9.51216893995221,First,1,1,1220.34952338733,126.670005148455,35.4101247758913,37.1826330400865,1.80342627656033
4,AS,1,40.141136347006,28.0512575360479,7,0.0375332607208025,-0.000786062031634227,4.97138350925095,-11.4279331234012,First,1,2,1220.34952338733,126.670005148455,35.4101247758913,37.1826330400865,1.80342627656033
4,AS,1,39.1922890676471,26.862117912549,7,0.0446486496448227,0.00632932689238589,4.02253622989202,-12.6170727469,First,1,3,1220.34952338733,126.670005148455,35.4101247758913,37.1826330400865,1.80342627656033
4,AS,1,37.9106319854717,29.9670217194969,8,-0.878603609891431,-0.408668765636317,2.74087914771667,-9.51216893995221,First,1,1,1220.34952338733,126.670005148455,35.4101247758913,37.1826330400865,1.80342627656033
4,AS,1,40.141136347006,28.0512575360479,8,-0.92345533131479,-0.453520487059676,4.97138350925095,-11.4279331234012,First,1,2,1220.34952338733,126.670005148455,35.4101247758913,37.1826330400865,1.80342627656033
4,AS,1,39.1922890676471,26.862117912549,8,-0.872779869668883,-0.402845025413769,4.02253622989202,-12.6170727469,First,1,3,1220.34952338733,126.670005148455,35.4101247758913,37.1826330400865,1.80342627656033
5,AS,1,38.02149333,31.763434265946,1,-0.387989193740017,-0.193301338890089,1.04833968752704,-23.572158557842,First,1,1,978.783492128924,112.66586938675,34.083465666239,32.316834783954,8.27141609258448
5,AS,1,38.0155501521127,31.2857352735211,1,-0.393959318074912,-0.199271463224985,1.04239650963972,-24.0498575502668,First,1,2,978.783492128924,112.66586938675,34.083465666239,32.316834783954,8.27141609258448
5,AS,1,38.02149333,31.763434265946,2,-0.159707696066927,-0.0871436801465088,1.04833968752704,-23.572158557842,First,1,1,978.783492128924,112.66586938675,34.083465666239,32.316834783954,8.27141609258448
5,AS,1,38.0155501521127,31.2857352735211,2,-0.15764148344591,-0.0850774675254916,1.04239650963972,-24.0498575502668,First,1,2,978.783492128924,112.66586938675,34.083465666239,32.316834783954,8.27141609258448
5,AS,1,38.02149333,31.763434265946,3,-0.0473854764754399,-0.0116347785145636,1.04833968752704,-23.572158557842,First,1,1,978.783492128924,112.66586938675,34.083465666239,32.316834783954,8.27141609258448
5,AS,1,38.0155501521127,31.2857352735211,3,-0.0544361090504853,-0.018685411089609,1.04239650963972,-24.0498575502668,First,1,2,978.783492128924,112.66586938675,34.083465666239,32.316834783954,8.27141609258448
5,AS,1,38.02149333,31.763434265946,4,-0.0982126160261533,-0.0453614551454815,1.04833968752704,-23.572158557842,First,1,1,978.783492128924,112.66586938675,34.083465666239,32.316834783954,8.27141609258448
5,AS,1,38.0155501521127,31.2857352735211,4,-0.10052638430842,-0.0476752234277479,1.04239650963972,-24.0498575502668,First,1,2,978.783492128924,112.66586938675,34.083465666239,32.316834783954,8.27141609258448
5,AS,1,38.02149333,31.763434265946,5,-0.236239116929497,-0.105670174985437,1.04833968752704,-23.572158557842,First,1,1,978.783492128924,112.66586938675,34.083465666239,32.316834783954,8.27141609258448
5,AS,1,38.0155501521127,31.2857352735211,5,-0.235773170096603,-0.105204228152543,1.04239650963972,-24.0498575502668,First,1,2,978.783492128924,112.66586938675,34.083465666239,32.316834783954,8.27141609258448
5,AS,1,38.02149333,31.763434265946,6,-0.22172209265464,-0.09218875195204,1.04833968752704,-23.572158557842,First,1,1,978.783492128924,112.66586938675,34.083465666239,32.316834783954,8.27141609258448
5,AS,1,38.0155501521127,31.2857352735211,6,-0.21528242349742,-0.0857490827948192,1.04239650963972,-24.0498575502668,First,1,2,978.783492128924,112.66586938675,34.083465666239,32.316834783954,8.27141609258448
5,AS,1,38.02149333,31.763434265946,7,-0.14369197340025,-0.0819546739832548,1.04833968752704,-23.572158557842,First,1,1,978.783492128924,112.66586938675,34.083465666239,32.316834783954,8.27141609258448
5,AS,1,38.0155501521127,31.2857352735211,7,-0.151878088991091,-0.0901407895740962,1.04239650963972,-24.0498575502668,First,1,2,978.783492128924,112.66586938675,34.083465666239,32.316834783954,8.27141609258448
5,AS,1,38.02149333,31.763434265946,8,-0.223262113689517,-0.134262354992678,1.04833968752704,-23.572158557842,First,1,1,978.783492128924,112.66586938675,34.083465666239,32.316834783954,8.27141609258448
5,AS,1,38.0155501521127,31.2857352735211,8,-0.224961267150547,-0.135961508453708,1.04239650963972,-24.0498575502668,First,1,2,978.783492128924,112.66586938675,34.083465666239,32.316834783954,8.27141609258448
9,AS,1,38.7804289,41.4225046287582,1,-0.288892653227387,-0.0582877889594849,1.62715631436659,-12.3933844986267,Third,7,1,1379.75322554658,135.803890603395,37.3770059229916,38.7348162963856,3.2965022321014
9,AS,1,37.894416193125,39.34019719525,1,-0.272120933728395,-0.0415160694604924,0.741143607491608,-14.4756919321349,Third,7,2,1379.75322554658,135.803890603395,37.3770059229916,38.7348162963856,3.2965022321014
9,AS,1,40.0958448202326,40.6155658489922,1,-0.288323607810028,-0.0577187435421256,2.94257223459916,-13.2003232783926,Third,7,3,1379.75322554658,135.803890603395,37.3770059229916,38.7348162963856,3.2965022321014
9,AS,1,38.7804289,41.4225046287582,2,0.0856830064224934,-0.0184306024426674,1.62715631436659,-12.3933844986267,Third,7,1,1379.75322554658,135.803890603395,37.3770059229916,38.7348162963856,3.2965022321014
9,AS,1,37.894416193125,39.34019719525,2,0.0828558316021103,-0.0212577772630505,0.741143607491608,-14.4756919321349,Third,7,2,1379.75322554658,135.803890603395,37.3770059229916,38.7348162963856,3.2965022321014
9,AS,1,40.0958448202326,40.6155658489922,2,0.105600725996769,0.00148711713160854,2.94257223459916,-13.2003232783926,Third,7,3,1379.75322554658,135.803890603395,37.3770059229916,38.7348162963856,3.2965022321014
9,AS,1,38.7804289,41.4225046287582,3,-0.0192511777547082,0.0827589369942712,1.62715631436659,-12.3933844986267,Third,7,1,1379.75322554658,135.803890603395,37.3770059229916,38.7348162963856,3.2965022321014
9,AS,1,37.894416193125,39.34019719525,3,-0.013985305745993,0.0880248090029864,0.741143607491608,-14.4756919321349,Third,7,2,1379.75322554658,135.803890603395,37.3770059229916,38.7348162963856,3.2965022321014
9,AS,1,40.0958448202326,40.6155658489922,3,-0.00816441288301146,0.0938457018659679,2.94257223459916,-13.2003232783926,Third,7,3,1379.75322554658,135.803890603395,37.3770059229916,38.7348162963856,3.2965022321014
9,AS,1,38.7804289,41.4225046287582,4,-0.149206509584227,0.141481710907548,1.62715631436659,-12.3933844986267,Third,7,1,1379.75322554658,135.803890603395,37.3770059229916,38.7348162963856,3.2965022321014
9,AS,1,37.894416193125,39.34019719525,4,-0.136657257215481,0.154030963276294,0.741143607491608,-14.4756919321349,Third,7,2,1379.75322554658,135.803890603395,37.3770059229916,38.7348162963856,3.2965022321014
9,AS,1,40.0958448202326,40.6155658489922,4,-0.139180608972035,0.151507611519739,2.94257223459916,-13.2003232783926,Third,7,3,1379.75322554658,135.803890603395,37.3770059229916,38.7348162963856,3.2965022321014
9,AS,1,38.7804289,41.4225046287582,5,-0.552971402370483,-0.133663659877852,1.62715631436659,-12.3933844986267,Third,7,1,1379.75322554658,135.803890603395,37.3770059229916,38.7348162963856,3.2965022321014
9,AS,1,37.894416193125,39.34019719525,5,-0.525556147340706,-0.106248404848075,0.741143607491608,-14.4756919321349,Third,7,2,1379.75322554658,135.803890603395,37.3770059229916,38.7348162963856,3.2965022321014
9,AS,1,40.0958448202326,40.6155658489922,5,-0.559340208080566,-0.140032465587934,2.94257223459916,-13.2003232783926,Third,7,3,1379.75322554658,135.803890603395,37.3770059229916,38.7348162963856,3.2965022321014
9,AS,1,38.7804289,41.4225046287582,6,-0.111959498131431,0.0499526606748147,1.62715631436659,-12.3933844986267,Third,7,1,1379.75322554658,135.803890603395,37.3770059229916,38.7348162963856,3.2965022321014
9,AS,1,37.894416193125,39.34019719525,6,-0.10189314237538,0.0600190164308658,0.741143607491608,-14.4756919321349,Third,7,2,1379.75322554658,135.803890603395,37.3770059229916,38.7348162963856,3.2965022321014
9,AS,1,40.0958448202326,40.6155658489922,6,-0.116648058301918,0.0452641005043276,2.94257223459916,-13.2003232783926,Third,7,3,1379.75322554658,135.803890603395,37.3770059229916,38.7348162963856,3.2965022321014
9,AS,1,38.7804289,41.4225046287582,7,-0.00608308409803461,0.00313913936410738,1.62715631436659,-12.3933844986267,Third,7,1,1379.75322554658,135.803890603395,37.3770059229916,38.7348162963856,3.2965022321014
9,AS,1,37.894416193125,39.34019719525,7,-0.0122538522193177,-0.00303162875717572,0.741143607491608,-14.4756919321349,Third,7,2,1379.75322554658,135.803890603395,37.3770059229916,38.7348162963856,3.2965022321014
9,AS,1,40.0958448202326,40.6155658489922,7,-0.0103919755250571,-0.00116975206291514,2.94257223459916,-13.2003232783926,Third,7,3,1379.75322554658,135.803890603395,37.3770059229916,38.7348162963856,3.2965022321014
9,AS,1,38.7804289,41.4225046287582,8,0.0307339016120786,0.263860118948025,1.62715631436659,-12.3933844986267,Third,7,1,1379.75322554658,135.803890603395,37.3770059229916,38.7348162963856,3.2965022321014
9,AS,1,37.894416193125,39.34019719525,8,0.030975269581657,0.264101486917604,0.741143607491608,-14.4756919321349,Third,7,2,1379.75322554658,135.803890603395,37.3770059229916,38.7348162963856,3.2965022321014
9,AS,1,40.0958448202326,40.6155658489922,8,0.0349560307595641,0.268082248095511,2.94257223459916,-13.2003232783926,Third,7,3,1379.75322554658,135.803890603395,37.3770059229916,38.7348162963856,3.2965022321014
10,AS,1,34.6046711233562,51.1406185479452,1,-0.287573067944174,0.159489568501978,0.544944409207709,-4.97262316156431,First,8,1,1389.36644953823,135.873512679376,40.937800189171,34.9383566955187,3.33444561988171
10,AS,1,33.8366453508,50.7452678546667,1,-0.263280640243472,0.18378199620268,-0.223081363348456,-5.36797385484284,First,8,2,1389.36644953823,135.873512679376,40.937800189171,34.9383566955187,3.33444561988171
10,AS,1,34.6046711233562,51.1406185479452,2,-0.448977251376778,-0.303730190044272,0.544944409207709,-4.97262316156431,First,8,1,1389.36644953823,135.873512679376,40.937800189171,34.9383566955187,3.33444561988171
10,AS,1,33.8366453508,50.7452678546667,2,-0.41539712499526,-0.270150063662754,-0.223081363348456,-5.36797385484284,First,8,2,1389.36644953823,135.873512679376,40.937800189171,34.9383566955187,3.33444561988171
10,AS,1,34.6046711233562,51.1406185479452,3,-0.255283073471855,-0.284952813647456,0.544944409207709,-4.97262316156431,First,8,1,1389.36644953823,135.873512679376,40.937800189171,34.9383566955187,3.33444561988171
10,AS,1,33.8366453508,50.7452678546667,3,-0.249859259604325,-0.279528999779926,-0.223081363348456,-5.36797385484284,First,8,2,1389.36644953823,135.873512679376,40.937800189171,34.9383566955187,3.33444561988171
10,AS,1,34.6046711233562,51.1406185479452,4,-0.00945648672286987,-0.029297554395675,0.544944409207709,-4.97262316156431,First,8,1,1389.36644953823,135.873512679376,40.937800189171,34.9383566955187,3.33444561988171
10,AS,1,33.8366453508,50.7452678546667,4,-0.0172817339305173,-0.0371228016033224,-0.223081363348456,-5.36797385484284,First,8,2,1389.36644953823,135.873512679376,40.937800189171,34.9383566955187,3.33444561988171
10,AS,1,34.6046711233562,51.1406185479452,5,-0.485588937482295,0.0189064060454485,0.544944409207709,-4.97262316156431,First,8,1,1389.36644953823,135.873512679376,40.937800189171,34.9383566955187,3.33444561988171
10,AS,1,33.8366453508,50.7452678546667,5,-0.467629220635397,0.0368661228923465,-0.223081363348456,-5.36797385484284,First,8,2,1389.36644953823,135.873512679376,40.937800189171,34.9383566955187,3.33444561988171
10,AS,1,34.6046711233562,51.1406185479452,6,-0.199717480792767,-0.0152007122650576,0.544944409207709,-4.97262316156431,First,8,1,1389.36644953823,135.873512679376,40.937800189171,34.9383566955187,3.33444561988171
10,AS,1,33.8366453508,50.7452678546667,6,-0.196147817398302,-0.011631048870593,-0.223081363348456,-5.36797385484284,First,8,2,1389.36644953823,135.873512679376,40.937800189171,34.9383566955187,3.33444561988171
10,AS,1,34.6046711233562,51.1406185479452,7,-0.322271032291814,-0.178348571920214,0.544944409207709,-4.97262316156431,First,8,1,1389.36644953823,135.873512679376,40.937800189171,34.9383566955187,3.33444561988171
10,AS,1,33.8366453508,50.7452678546667,7,-0.297549875857071,-0.15362741548547,-0.223081363348456,-5.36797385484284,First,8,2,1389.36644953823,135.873512679376,40.937800189171,34.9383566955187,3.33444561988171
10,AS,1,34.6046711233562,51.1406185479452,8,-0.71873162175167,-0.206620365622076,0.544944409207709,-4.97262316156431,First,8,1,1389.36644953823,135.873512679376,40.937800189171,34.9383566955187,3.33444561988171
10,AS,1,33.8366453508,50.7452678546667,8,-0.662730220117084,-0.15061896398749,-0.223081363348456,-5.36797385484284,First,8,2,1389.36644953823,135.873512679376,40.937800189171,34.9383566955187,3.33444561988171
11,AS,1,34.467520374863,28.5059452767123,1,-0.0674113195939265,-0.00238589138670174,-0.0946485136341764,-22.9866045114904,Second,2,1,1326.00397885055,131.907022851232,35.6670430780229,44.1245991093213,0
11,AS,1,34.7257279116,28.1757171733333,1,-0.0641201713606219,0.000905256846602837,0.163559023102806,-23.3168326148694,Second,2,2,1326.00397885055,131.907022851232,35.6670430780229,44.1245991093213,0
11,AS,1,34.971481782406,27.8301897593985,1,-0.0441784741511073,0.0208469540561174,0.409312893908826,-23.6623600288043,Second,2,3,1326.00397885055,131.907022851232,35.6670430780229,44.1245991093213,0
11,AS,1,34.467520374863,28.5059452767123,2,-0.0893007541068813,-0.0309428009885165,-0.0946485136341764,-22.9866045114904,Second,2,1,1326.00397885055,131.907022851232,35.6670430780229,44.1245991093213,0
11,AS,1,34.7257279116,28.1757171733333,2,-0.0794511894342452,-0.0210932363158804,0.163559023102806,-23.3168326148694,Second,2,2,1326.00397885055,131.907022851232,35.6670430780229,44.1245991093213,0
11,AS,1,34.971481782406,27.8301897593985,2,-0.0633051063134914,-0.00494715319512665,0.409312893908826,-23.6623600288043,Second,2,3,1326.00397885055,131.907022851232,35.6670430780229,44.1245991093213,0
11,AS,1,34.467520374863,28.5059452767123,3,0.0377664717433745,0.000374530093982008,-0.0946485136341764,-22.9866045114904,Second,2,1,1326.00397885055,131.907022851232,35.6670430780229,44.1245991093213,0
11,AS,1,34.7257279116,28.1757171733333,3,0.0441654126229371,0.00677347097354458,0.163559023102806,-23.3168326148694,Second,2,2,1326.00397885055,131.907022851232,35.6670430780229,44.1245991093213,0
11,AS,1,34.971481782406,27.8301897593985,3,0.0574560738315049,0.0200641321821124,0.409312893908826,-23.6623600288043,Second,2,3,1326.00397885055,131.907022851232,35.6670430780229,44.1245991093213,0
11,AS,1,34.467520374863,28.5059452767123,4,-0.0506390415981433,0.0443523675583516,-0.0946485136341764,-22.9866045114904,Second,2,1,1326.00397885055,131.907022851232,35.6670430780229,44.1245991093213,0
11,AS,1,34.7257279116,28.1757171733333,4,-0.0459574061771502,0.0490340029793447,0.163559023102806,-23.3168326148694,Second,2,2,1326.00397885055,131.907022851232,35.6670430780229,44.1245991093213,0
11,AS,1,34.971481782406,27.8301897593985,4,-0.0379410962944488,0.0570503128620461,0.409312893908826,-23.6623600288043,Second,2,3,1326.00397885055,131.907022851232,35.6670430780229,44.1245991093213,0
11,AS,1,34.467520374863,28.5059452767123,5,-0.367072934578319,0.0813361149331845,-0.0946485136341764,-22.9866045114904,Second,2,1,1326.00397885055,131.907022851232,35.6670430780229,44.1245991093213,0
11,AS,1,34.7257279116,28.1757171733333,5,-0.375643994782457,0.0727650547290469,0.163559023102806,-23.3168326148694,Second,2,2,1326.00397885055,131.907022851232,35.6670430780229,44.1245991093213,0
11,AS,1,34.971481782406,27.8301897593985,5,-0.363864717870477,0.0845443316410268,0.409312893908826,-23.6623600288043,Second,2,3,1326.00397885055,131.907022851232,35.6670430780229,44.1245991093213,0
11,AS,1,34.467520374863,28.5059452767123,6,-0.108000379545958,-0.0503315064514382,-0.0946485136341764,-22.9866045114904,Second,2,1,1326.00397885055,131.907022851232,35.6670430780229,44.1245991093213,0
11,AS,1,34.7257279116,28.1757171733333,6,-0.111567665360012,-0.0538987922654928,0.163559023102806,-23.3168326148694,Second,2,2,1326.00397885055,131.907022851232,35.6670430780229,44.1245991093213,0
11,AS,1,34.971481782406,27.8301897593985,6,-0.110000699333207,-0.052331826238687,0.409312893908826,-23.6623600288043,Second,2,3,1326.00397885055,131.907022851232,35.6670430780229,44.1245991093213,0
11,AS,1,34.467520374863,28.5059452767123,7,-0.0424298282339901,-0.0710644538770314,-0.0946485136341764,-22.9866045114904,Second,2,1,1326.00397885055,131.907022851232,35.6670430780229,44.1245991093213,0
11,AS,1,34.7257279116,28.1757171733333,7,-0.0324582468585546,-0.0610928725015958,0.163559023102806,-23.3168326148694,Second,2,2,1326.00397885055,131.907022851232,35.6670430780229,44.1245991093213,0
11,AS,1,34.971481782406,27.8301897593985,7,-0.0380648967403695,-0.0666995223834108,0.409312893908826,-23.6623600288043,Second,2,3,1326.00397885055,131.907022851232,35.6670430780229,44.1245991093213,0
11,AS,1,34.467520374863,28.5059452767123,8,-0.507644377092797,0.0683519939195945,-0.0946485136341764,-22.9866045114904,Second,2,1,1326.00397885055,131.907022851232,35.6670430780229,44.1245991093213,0
11,AS,1,34.7257279116,28.1757171733333,8,-0.514646967061014,0.061349403951378,0.163559023102806,-23.3168326148694,Second,2,2,1326.00397885055,131.907022851232,35.6670430780229,44.1245991093213,0
11,AS,1,34.971481782406,27.8301897593985,8,-0.505007653040783,0.0709887179716086,0.409312893908826,-23.6623600288043,Second,2,3,1326.00397885055,131.907022851232,35.6670430780229,44.1245991093213,0
12,AS,1,36.449465974,37.3246562111111,1,-0.48933686813912,0.125720847899105,-0.0757662272334514,-17.7530064024233,First,8,1,732.55046485654,98.5727149862682,28.475182136655,33.0730167755771,1.95593232777207
12,AS,1,36.12479695875,37.6018596028947,1,-0.487330452646521,0.127727263391704,-0.400435242483447,-17.4758030106397,First,8,2,732.55046485654,98.5727149862682,28.475182136655,33.0730167755771,1.95593232777207
12,AS,1,36.5749590023438,37.6838834915625,1,-0.473957274712792,0.141100441325433,0.0497268011103031,-17.3937791219719,First,8,3,732.55046485654,98.5727149862682,28.475182136655,33.0730167755771,1.95593232777207
12,AS,1,36.449465974,37.3246562111111,2,-0.739073387356626,0.0109192265210866,-0.0757662272334514,-17.7530064024233,First,8,1,732.55046485654,98.5727149862682,28.475182136655,33.0730167755771,1.95593232777207
12,AS,1,36.12479695875,37.6018596028947,2,-0.724849038499699,0.0251435753780138,-0.400435242483447,-17.4758030106397,First,8,2,732.55046485654,98.5727149862682,28.475182136655,33.0730167755771,1.95593232777207
12,AS,1,36.5749590023438,37.6838834915625,2,-0.718415487304369,0.031577126573343,0.0497268011103031,-17.3937791219719,First,8,3,732.55046485654,98.5727149862682,28.475182136655,33.0730167755771,1.95593232777207
12,AS,1,36.449465974,37.3246562111111,3,-0.385413167796366,-0.317739764775074,-0.0757662272334514,-17.7530064024233,First,8,1,732.55046485654,98.5727149862682,28.475182136655,33.0730167755771,1.95593232777207
12,AS,1,36.12479695875,37.6018596028947,3,-0.376052236479482,-0.308378833458189,-0.400435242483447,-17.4758030106397,First,8,2,732.55046485654,98.5727149862682,28.475182136655,33.0730167755771,1.95593232777207
12,AS,1,36.5749590023438,37.6838834915625,3,-0.372734932817125,-0.305061529795833,0.0497268011103031,-17.3937791219719,First,8,3,732.55046485654,98.5727149862682,28.475182136655,33.0730167755771,1.95593232777207
12,AS,1,36.449465974,37.3246562111111,4,-0.11766091435139,-0.0374971009299885,-0.0757662272334514,-17.7530064024233,First,8,1,732.55046485654,98.5727149862682,28.475182136655,33.0730167755771,1.95593232777207
12,AS,1,36.12479695875,37.6018596028947,4,-0.11623538520458,-0.0360715717831787,-0.400435242483447,-17.4758030106397,First,8,2,732.55046485654,98.5727149862682,28.475182136655,33.0730167755771,1.95593232777207
12,AS,1,36.5749590023438,37.6838834915625,4,-0.112574014934427,-0.0324102015130251,0.0497268011103031,-17.3937791219719,First,8,3,732.55046485654,98.5727149862682,28.475182136655,33.0730167755771,1.95593232777207
12,AS,1,36.449465974,37.3246562111111,5,-0.302145395826397,0.0558500426159251,-0.0757662272334514,-17.7530064024233,First,8,1,732.55046485654,98.5727149862682,28.475182136655,33.0730167755771,1.95593232777207
12,AS,1,36.12479695875,37.6018596028947,5,-0.30225326188008,0.0557421765622422,-0.400435242483447,-17.4758030106397,First,8,2,732.55046485654,98.5727149862682,28.475182136655,33.0730167755771,1.95593232777207
12,AS,1,36.5749590023438,37.6838834915625,5,-0.29626586293633,0.0617295755059924,0.0497268011103031,-17.3937791219719,First,8,3,732.55046485654,98.5727149862682,28.475182136655,33.0730167755771,1.95593232777207
12,AS,1,36.449465974,37.3246562111111,6,-0.28259678032457,-0.00447165471700384,-0.0757662272334514,-17.7530064024233,First,8,1,732.55046485654,98.5727149862682,28.475182136655,33.0730167755771,1.95593232777207
12,AS,1,36.12479695875,37.6018596028947,6,-0.278214649420937,-8.95238133706289e-05,-0.400435242483447,-17.4758030106397,First,8,2,732.55046485654,98.5727149862682,28.475182136655,33.0730167755771,1.95593232777207
12,AS,1,36.5749590023438,37.6838834915625,6,-0.271183375955343,0.00694174965222349,0.0497268011103031,-17.3937791219719,First,8,3,732.55046485654,98.5727149862682,28.475182136655,33.0730167755771,1.95593232777207
12,AS,1,36.449465974,37.3246562111111,7,-0.130178382562782,-0.0675424742498863,-0.0757662272334514,-17.7530064024233,First,8,1,732.55046485654,98.5727149862682,28.475182136655,33.0730167755771,1.95593232777207
12,AS,1,36.12479695875,37.6018596028947,7,-0.117183615942884,-0.0545477076299885,-0.400435242483447,-17.4758030106397,First,8,2,732.55046485654,98.5727149862682,28.475182136655,33.0730167755771,1.95593232777207
12,AS,1,36.5749590023438,37.6838834915625,7,-0.110147071942017,-0.0475111636291216,0.0497268011103031,-17.3937791219719,First,8,3,732.55046485654,98.5727149862682,28.475182136655,33.0730167755771,1.95593232777207
12,AS,1,36.449465974,37.3246562111111,8,-0.42048919243638,-0.192552257232915,-0.0757662272334514,-17.7530064024233,First,8,1,732.55046485654,98.5727149862682,28.475182136655,33.0730167755771,1.95593232777207
12,AS,1,36.12479695875,37.6018596028947,8,-0.416846705310195,-0.18890977010673,-0.400435242483447,-17.4758030106397,First,8,2,732.55046485654,98.5727149862682,28.475182136655,33.0730167755771,1.95593232777207
12,AS,1,36.5749590023438,37.6838834915625,8,-0.407790957356474,-0.179854022153009,0.0497268011103031,-17.3937791219719,First,8,3,732.55046485654,98.5727149862682,28.475182136655,33.0730167755771,1.95593232777207
13,AS,1,37.8788408269565,18.1602619750725,1,-0.431995535868268,0.020693102379517,0.76269328116463,-32.1838916331874,First,9,1,1156.55328513671,121.81861729978,39.4829841113305,37.2088523951431,0
13,AS,1,37.5557220226573,17.9843093969231,1,-0.423418206365613,0.0292704318821725,0.439574476865459,-32.3598442113368,First,9,2,1156.55328513671,121.81861729978,39.4829841113305,37.2088523951431,0
13,AS,1,37.1336177653676,18.0950924035294,1,-0.416421436504934,0.0362672017428513,0.0174702195757561,-32.2490612047305,First,9,3,1156.55328513671,121.81861729978,39.4829841113305,37.2088523951431,0
13,AS,1,37.8788408269565,18.1602619750725,2,-0.416705729218129,0.141152220894839,0.76269328116463,-32.1838916331874,First,9,1,1156.55328513671,121.81861729978,39.4829841113305,37.2088523951431,0
13,AS,1,37.5557220226573,17.9843093969231,2,-0.417549260038032,0.140308690074936,0.439574476865459,-32.3598442113368,First,9,2,1156.55328513671,121.81861729978,39.4829841113305,37.2088523951431,0
13,AS,1,37.1336177653676,18.0950924035294,2,-0.406691925494733,0.151166024618235,0.0174702195757561,-32.2490612047305,First,9,3,1156.55328513671,121.81861729978,39.4829841113305,37.2088523951431,0
13,AS,1,37.8788408269565,18.1602619750725,3,-0.0632546694562209,-0.047872408888492,0.76269328116463,-32.1838916331874,First,9,1,1156.55328513671,121.81861729978,39.4829841113305,37.2088523951431,0
13,AS,1,37.5557220226573,17.9843093969231,3,-0.0708402246357544,-0.0554579640680256,0.439574476865459,-32.3598442113368,First,9,2,1156.55328513671,121.81861729978,39.4829841113305,37.2088523951431,0
13,AS,1,37.1336177653676,18.0950924035294,3,-0.0619667328574786,-0.0465844722897497,0.0174702195757561,-32.2490612047305,First,9,3,1156.55328513671,121.81861729978,39.4829841113305,37.2088523951431,0
13,AS,1,37.8788408269565,18.1602619750725,4,-0.0209792188385709,0.0137330293772941,0.76269328116463,-32.1838916331874,First,9,1,1156.55328513671,121.81861729978,39.4829841113305,37.2088523951431,0
13,AS,1,37.5557220226573,17.9843093969231,4,-0.0254051687089713,0.00930707950689367,0.439574476865459,-32.3598442113368,First,9,2,1156.55328513671,121.81861729978,39.4829841113305,37.2088523951431,0
13,AS,1,37.1336177653676,18.0950924035294,4,-0.02274316561364,0.011969082602225,0.0174702195757561,-32.2490612047305,First,9,3,1156.55328513671,121.81861729978,39.4829841113305,37.2088523951431,0
13,AS,1,37.8788408269565,18.1602619750725,5,-0.23243434148521,-0.0103696455930853,0.76269328116463,-32.1838916331874,First,9,1,1156.55328513671,121.81861729978,39.4829841113305,37.2088523951431,0
13,AS,1,37.5557220226573,17.9843093969231,5,-0.22625049606367,-0.0041858001715461,0.439574476865459,-32.3598442113368,First,9,2,1156.55328513671,121.81861729978,39.4829841113305,37.2088523951431,0
13,AS,1,37.1336177653676,18.0950924035294,5,-0.221740581073913,0.000324114818211624,0.0174702195757561,-32.2490612047305,First,9,3,1156.55328513671,121.81861729978,39.4829841113305,37.2088523951431,0
13,AS,1,37.8788408269565,18.1602619750725,6,-0.437925526208488,-0.169809331695843,0.76269328116463,-32.1838916331874,First,9,1,1156.55328513671,121.81861729978,39.4829841113305,37.2088523951431,0
13,AS,1,37.5557220226573,17.9843093969231,6,-0.421703518271005,-0.153587323758361,0.439574476865459,-32.3598442113368,First,9,2,1156.55328513671,121.81861729978,39.4829841113305,37.2088523951431,0
13,AS,1,37.1336177653676,18.0950924035294,6,-0.414716541359641,-0.146600346846996,0.0174702195757561,-32.2490612047305,First,9,3,1156.55328513671,121.81861729978,39.4829841113305,37.2088523951431,0
13,AS,1,37.8788408269565,18.1602619750725,7,-0.152779049056323,-0.128682611248289,0.76269328116463,-32.1838916331874,First,9,1,1156.55328513671,121.81861729978,39.4829841113305,37.2088523951431,0
13,AS,1,37.5557220226573,17.9843093969231,7,-0.148872907550835,-0.124776469742801,0.439574476865459,-32.3598442113368,First,9,2,1156.55328513671,121.81861729978,39.4829841113305,37.2088523951431,0
13,AS,1,37.1336177653676,18.0950924035294,7,-0.137065371142491,-0.112968933334457,0.0174702195757561,-32.2490612047305,First,9,3,1156.55328513671,121.81861729978,39.4829841113305,37.2088523951431,0
13,AS,1,37.8788408269565,18.1602619750725,8,-0.363458194737899,-0.400576341595875,0.76269328116463,-32.1838916331874,First,9,1,1156.55328513671,121.81861729978,39.4829841113305,37.2088523951431,0
13,AS,1,37.5557220226573,17.9843093969231,8,-0.354842881238279,-0.391961028096255,0.439574476865459,-32.3598442113368,First,9,2,1156.55328513671,121.81861729978,39.4829841113305,37.2088523951431,0
13,AS,1,37.1336177653676,18.0950924035294,8,-0.340996085684873,-0.378114232542849,0.0174702195757561,-32.2490612047305,First,9,3,1156.55328513671,121.81861729978,39.4829841113305,37.2088523951431,0
2,AP,1,35.2518986123239,51.0159916230986,1,-0.416240338060405,0.000166074979547459,-0.847763812307591,-0.111139363643105,First,3,1,1392.93739799343,133.270269551421,40.7851603481832,41.6859536551725,1.40160077975069
2,AP,1,35.708096969375,50.5468784672222,1,-0.411423878141719,0.00498253489823358,-0.39156545525654,-0.580252519519476,First,3,2,1392.93739799343,133.270269551421,40.7851603481832,41.6859536551725,1.40160077975069
2,AP,1,36.119948686875,50.7846935675,1,-0.422598651118875,-0.00619223807892283,0.0202862622434665,-0.342437419241683,First,3,3,1392.93739799343,133.270269551421,40.7851603481832,41.6859536551725,1.40160077975069
2,AP,1,35.2518986123239,51.0159916230986,2,-0.266206745158479,-0.111689840880151,-0.847763812307591,-0.111139363643105,First,3,1,1392.93739799343,133.270269551421,40.7851603481832,41.6859536551725,1.40160077975069
2,AP,1,35.708096969375,50.5468784672222,2,-0.2569067653867,-0.102389861108373,-0.39156545525654,-0.580252519519476,First,3,2,1392.93739799343,133.270269551421,40.7851603481832,41.6859536551725,1.40160077975069
2,AP,1,36.119948686875,50.7846935675,2,-0.27111730897548,-0.116600404697153,0.0202862622434665,-0.342437419241683,First,3,3,1392.93739799343,133.270269551421,40.7851603481832,41.6859536551725,1.40160077975069
2,AP,1,35.2518986123239,51.0159916230986,3,-0.0518066525274783,-0.00656229643336615,-0.847763812307591,-0.111139363643105,First,3,1,1392.93739799343,133.270269551421,40.7851603481832,41.6859536551725,1.40160077975069
2,AP,1,35.708096969375,50.5468784672222,3,-0.0520985803159481,-0.00685422422183594,-0.39156545525654,-0.580252519519476,First,3,2,1392.93739799343,133.270269551421,40.7851603481832,41.6859536551725,1.40160077975069
2,AP,1,36.119948686875,50.7846935675,3,-0.0525698864630364,-0.00732553036892427,0.0202862622434665,-0.342437419241683,First,3,3,1392.93739799343,133.270269551421,40.7851603481832,41.6859536551725,1.40160077975069
2,AP,1,35.2518986123239,51.0159916230986,4,-0.0805256874896703,-0.0146732951678212,-0.847763812307591,-0.111139363643105,First,3,1,1392.93739799343,133.270269551421,40.7851603481832,41.6859536551725,1.40160077975069
2,AP,1,35.708096969375,50.5468784672222,4,-0.0816502525874291,-0.01579786026558,-0.39156545525654,-0.580252519519476,First,3,2,1392.93739799343,133.270269551421,40.7851603481832,41.6859536551725,1.40160077975069
2,AP,1,36.119948686875,50.7846935675,4,-0.0871657578502012,-0.0213133655283521,0.0202862622434665,-0.342437419241683,First,3,3,1392.93739799343,133.270269551421,40.7851603481832,41.6859536551725,1.40160077975069
2,AP,1,35.2518986123239,51.0159916230986,5,-0.321810431577211,-0.0355936217769514,-0.847763812307591,-0.111139363643105,First,3,1,1392.93739799343,133.270269551421,40.7851603481832,41.6859536551725,1.40160077975069
2,AP,1,35.708096969375,50.5468784672222,5,-0.313519966866883,-0.0273031570666233,-0.39156545525654,-0.580252519519476,First,3,2,1392.93739799343,133.270269551421,40.7851603481832,41.6859536551725,1.40160077975069
2,AP,1,36.119948686875,50.7846935675,5,-0.31706408996724,-0.0308472801669801,0.0202862622434665,-0.342437419241683,First,3,3,1392.93739799343,133.270269551421,40.7851603481832,41.6859536551725,1.40160077975069
2,AP,1,35.2518986123239,51.0159916230986,6,-0.169539312891974,0.0156086136868577,-0.847763812307591,-0.111139363643105,First,3,1,1392.93739799343,133.270269551421,40.7851603481832,41.6859536551725,1.40160077975069
2,AP,1,35.708096969375,50.5468784672222,6,-0.163396766977033,0.0217511596017982,-0.39156545525654,-0.580252519519476,First,3,2,1392.93739799343,133.270269551421,40.7851603481832,41.6859536551725,1.40160077975069
2,AP,1,36.119948686875,50.7846935675,6,-0.163176111650475,0.0219718149283565,0.0202862622434665,-0.342437419241683,First,3,3,1392.93739799343,133.270269551421,40.7851603481832,41.6859536551725,1.40160077975069
2,AP,1,35.2518986123239,51.0159916230986,7,-0.123038759742212,0.00900680851701104,-0.847763812307591,-0.111139363643105,First,3,1,1392.93739799343,133.270269551421,40.7851603481832,41.6859536551725,1.40160077975069
2,AP,1,35.708096969375,50.5468784672222,7,-0.115405226083125,0.0166403421760977,-0.39156545525654,-0.580252519519476,First,3,2,1392.93739799343,133.270269551421,40.7851603481832,41.6859536551725,1.40160077975069
2,AP,1,36.119948686875,50.7846935675,7,-0.1218036988674,0.0102418693918227,0.0202862622434665,-0.342437419241683,First,3,3,1392.93739799343,133.270269551421,40.7851603481832,41.6859536551725,1.40160077975069
2,AP,1,35.2518986123239,51.0159916230986,8,0.0994897124775107,-0.0189820276795983,-0.847763812307591,-0.111139363643105,First,3,1,1392.93739799343,133.270269551421,40.7851603481832,41.6859536551725,1.40160077975069
2,AP,1,35.708096969375,50.5468784672222,8,0.089296311011623,-0.029175429145486,-0.39156545525654,-0.580252519519476,First,3,2,1392.93739799343,133.270269551421,40.7851603481832,41.6859536551725,1.40160077975069
2,AP,1,36.119948686875,50.7846935675,8,0.08708876439582,-0.0313829757612891,0.0202862622434665,-0.342437419241683,First,3,3,1392.93739799343,133.270269551421,40.7851603481832,41.6859536551725,1.40160077975069
4,AP,1,40.9006045976471,34.7274195393464,1,-0.623003852726912,-0.199292683198075,5.73085175989203,-4.75177112010265,Second,1,1,1492.19176531148,140.454251568931,38.5452941875791,41.2953670744392,6.58841849306233
4,AP,1,40.6152326595092,34.687383990184,1,-0.600024734489218,-0.176313564960381,5.44547982175417,-4.79180666926501,Second,1,2,1492.19176531148,140.454251568931,38.5452941875791,41.2953670744392,6.58841849306233
4,AP,1,41.0490274873333,32.7230801517037,1,-0.608215784928889,-0.184504615400052,5.8792746495783,-6.75611050774535,Second,1,3,1492.19176531148,140.454251568931,38.5452941875791,41.2953670744392,6.58841849306233
4,AP,1,40.9006045976471,34.7274195393464,2,-0.0422354660728,-0.0393550550522909,5.73085175989203,-4.75177112010265,Second,1,1,1492.19176531148,140.454251568931,38.5452941875791,41.2953670744392,6.58841849306233
4,AP,1,40.6152326595092,34.687383990184,2,-0.0300735866803583,-0.0271931756598492,5.44547982175417,-4.79180666926501,Second,1,2,1492.19176531148,140.454251568931,38.5452941875791,41.2953670744392,6.58841849306233
4,AP,1,41.0490274873333,32.7230801517037,2,-0.04861767218176,-0.0457372611612509,5.8792746495783,-6.75611050774535,Second,1,3,1492.19176531148,140.454251568931,38.5452941875791,41.2953670744392,6.58841849306233
4,AP,1,40.9006045976471,34.7274195393464,3,0.00118626973752967,-0.0255860672391092,5.73085175989203,-4.75177112010265,Second,1,1,1492.19176531148,140.454251568931,38.5452941875791,41.2953670744392,6.58841849306233
4,AP,1,40.6152326595092,34.687383990184,3,0.0106737392231508,-0.016098597753488,5.44547982175417,-4.79180666926501,Second,1,2,1492.19176531148,140.454251568931,38.5452941875791,41.2953670744392,6.58841849306233
4,AP,1,41.0490274873333,32.7230801517037,3,-0.00149660813072178,-0.0282689451073606,5.8792746495783,-6.75611050774535,Second,1,3,1492.19176531148,140.454251568931,38.5452941875791,41.2953670744392,6.58841849306233
4,AP,1,40.9006045976471,34.7274195393464,4,-0.154830191784918,-0.0276850831347082,5.73085175989203,-4.75177112010265,Second,1,1,1492.19176531148,140.454251568931,38.5452941875791,41.2953670744392,6.58841849306233
4,AP,1,40.6152326595092,34.687383990184,4,-0.142681821231427,-0.0155367125812176,5.44547982175417,-4.79180666926501,Second,1,2,1492.19176531148,140.454251568931,38.5452941875791,41.2953670744392,6.58841849306233
4,AP,1,41.0490274873333,32.7230801517037,4,-0.148890311547878,-0.0217452028976684,5.8792746495783,-6.75611050774535,Second,1,3,1492.19176531148,140.454251568931,38.5452941875791,41.2953670744392,6.58841849306233
4,AP,1,40.9006045976471,34.7274195393464,5,-0.262069605711984,-0.0419572741890738,5.73085175989203,-4.75177112010265,Second,1,1,1492.19176531148,140.454251568931,38.5452941875791,41.2953670744392,6.58841849306233
4,AP,1,40.6152326595092,34.687383990184,5,-0.247751374077556,-0.027639042554645,5.44547982175417,-4.79180666926501,Second,1,2,1492.19176531148,140.454251568931,38.5452941875791,41.2953670744392,6.58841849306233
4,AP,1,41.0490274873333,32.7230801517037,5,-0.238720422938507,-0.0186080914155962,5.8792746495783,-6.75611050774535,Second,1,3,1492.19176531148,140.454251568931,38.5452941875791,41.2953670744392,6.58841849306233
4,AP,1,40.9006045976471,34.7274195393464,6,-0.23842756553,-0.0958171641954267,5.73085175989203,-4.75177112010265,Second,1,1,1492.19176531148,140.454251568931,38.5452941875791,41.2953670744392,6.58841849306233
4,AP,1,40.6152326595092,34.687383990184,6,-0.228939417114998,-0.0863290157804242,5.44547982175417,-4.79180666926501,Second,1,2,1492.19176531148,140.454251568931,38.5452941875791,41.2953670744392,6.58841849306233
4,AP,1,41.0490274873333,32.7230801517037,6,-0.207197681332522,-0.0645872799979488,5.8792746495783,-6.75611050774535,Second,1,3,1492.19176531148,140.454251568931,38.5452941875791,41.2953670744392,6.58841849306233
4,AP,1,40.9006045976471,34.7274195393464,7,0.0395195814827653,0.00120025873032856,5.73085175989203,-4.75177112010265,Second,1,1,1492.19176531148,140.454251568931,38.5452941875791,41.2953670744392,6.58841849306233
4,AP,1,40.6152326595092,34.687383990184,7,0.0571472132888092,0.0188278905363725,5.44547982175417,-4.79180666926501,Second,1,2,1492.19176531148,140.454251568931,38.5452941875791,41.2953670744392,6.58841849306233
4,AP,1,41.0490274873333,32.7230801517037,7,0.0442317101423994,0.00591238738996258,5.8792746495783,-6.75611050774535,Second,1,3,1492.19176531148,140.454251568931,38.5452941875791,41.2953670744392,6.58841849306233
4,AP,1,40.9006045976471,34.7274195393464,8,-0.558798213165327,-0.0888633689102135,5.73085175989203,-4.75177112010265,Second,1,1,1492.19176531148,140.454251568931,38.5452941875791,41.2953670744392,6.58841849306233
4,AP,1,40.6152326595092,34.687383990184,8,-0.532086672194196,-0.0621518279390819,5.44547982175417,-4.79180666926501,Second,1,2,1492.19176531148,140.454251568931,38.5452941875791,41.2953670744392,6.58841849306233
4,AP,1,41.0490274873333,32.7230801517037,8,-0.535973199466296,-0.0660383552111819,5.8792746495783,-6.75611050774535,Second,1,3,1492.19176531148,140.454251568931,38.5452941875791,41.2953670744392,6.58841849306233
5,AP,1,36.649897124625,25.29378291925,1,-0.313002668798531,-0.118314813948604,-0.323256517847952,-30.0418099045379,Second,1,1,997.529577150636,114.269216069545,35.1362208267544,33.2351022996503,0
5,AP,1,36.478852620838,25.1018223360894,1,-0.289199269728729,-0.0945114148788015,-0.494301021634968,-30.2337704876985,Second,1,2,997.529577150636,114.269216069545,35.1362208267544,33.2351022996503,0
5,AP,1,36.3252697686,24.0257846968,1,-0.301687701147525,-0.106999846297597,-0.647883873872956,-31.3098081269879,Second,1,3,997.529577150636,114.269216069545,35.1362208267544,33.2351022996503,0
5,AP,1,36.649897124625,25.29378291925,2,-0.172806009246585,-0.100241993326167,-0.323256517847952,-30.0418099045379,Second,1,1,997.529577150636,114.269216069545,35.1362208267544,33.2351022996503,0
5,AP,1,36.478852620838,25.1018223360894,2,-0.161954310032206,-0.0893902941117874,-0.494301021634968,-30.2337704876985,Second,1,2,997.529577150636,114.269216069545,35.1362208267544,33.2351022996503,0
5,AP,1,36.3252697686,24.0257846968,2,-0.169513639108308,-0.0969496231878898,-0.647883873872956,-31.3098081269879,Second,1,3,997.529577150636,114.269216069545,35.1362208267544,33.2351022996503,0
5,AP,1,36.649897124625,25.29378291925,3,-0.0333440006543532,0.00240669730652309,-0.323256517847952,-30.0418099045379,Second,1,1,997.529577150636,114.269216069545,35.1362208267544,33.2351022996503,0
5,AP,1,36.478852620838,25.1018223360894,3,-0.020998101968296,0.0147525959925803,-0.494301021634968,-30.2337704876985,Second,1,2,997.529577150636,114.269216069545,35.1362208267544,33.2351022996503,0
5,AP,1,36.3252697686,24.0257846968,3,-0.0400034323527631,-0.0042527343918868,-0.647883873872956,-31.3098081269879,Second,1,3,997.529577150636,114.269216069545,35.1362208267544,33.2351022996503,0
5,AP,1,36.649897124625,25.29378291925,4,-0.0868309196905838,-0.033979758809912,-0.323256517847952,-30.0418099045379,Second,1,1,997.529577150636,114.269216069545,35.1362208267544,33.2351022996503,0
5,AP,1,36.478852620838,25.1018223360894,4,-0.0848858639915431,-0.0320347031108713,-0.494301021634968,-30.2337704876985,Second,1,2,997.529577150636,114.269216069545,35.1362208267544,33.2351022996503,0
5,AP,1,36.3252697686,24.0257846968,4,-0.091897717576104,-0.0390465566954322,-0.647883873872956,-31.3098081269879,Second,1,3,997.529577150636,114.269216069545,35.1362208267544,33.2351022996503,0
5,AP,1,36.649897124625,25.29378291925,5,-0.22712842257831,-0.0965594806342498,-0.323256517847952,-30.0418099045379,Second,1,1,997.529577150636,114.269216069545,35.1362208267544,33.2351022996503,0
5,AP,1,36.478852620838,25.1018223360894,5,-0.218218164565408,-0.0876492226213475,-0.494301021634968,-30.2337704876985,Second,1,2,997.529577150636,114.269216069545,35.1362208267544,33.2351022996503,0
5,AP,1,36.3252697686,24.0257846968,5,-0.212254364308272,-0.0816854223642116,-0.647883873872956,-31.3098081269879,Second,1,3,997.529577150636,114.269216069545,35.1362208267544,33.2351022996503,0
5,AP,1,36.649897124625,25.29378291925,6,-0.245741615658144,-0.116208274955544,-0.323256517847952,-30.0418099045379,Second,1,1,997.529577150636,114.269216069545,35.1362208267544,33.2351022996503,0
5,AP,1,36.478852620838,25.1018223360894,6,-0.237174416858752,-0.107641076156152,-0.494301021634968,-30.2337704876985,Second,1,2,997.529577150636,114.269216069545,35.1362208267544,33.2351022996503,0
5,AP,1,36.3252697686,24.0257846968,6,-0.228790898432943,-0.0992575577303425,-0.647883873872956,-31.3098081269879,Second,1,3,997.529577150636,114.269216069545,35.1362208267544,33.2351022996503,0
5,AP,1,36.649897124625,25.29378291925,7,0.0133286650626938,0.0750659644796889,-0.323256517847952,-30.0418099045379,Second,1,1,997.529577150636,114.269216069545,35.1362208267544,33.2351022996503,0
5,AP,1,36.478852620838,25.1018223360894,7,0.0343864985614198,0.0961237979784149,-0.494301021634968,-30.2337704876985,Second,1,2,997.529577150636,114.269216069545,35.1362208267544,33.2351022996503,0
5,AP,1,36.3252697686,24.0257846968,7,-0.00981785685869987,0.0519194425582952,-0.647883873872956,-31.3098081269879,Second,1,3,997.529577150636,114.269216069545,35.1362208267544,33.2351022996503,0
5,AP,1,36.649897124625,25.29378291925,8,0.119489653373268,0.208489412070108,-0.323256517847952,-30.0418099045379,Second,1,1,997.529577150636,114.269216069545,35.1362208267544,33.2351022996503,0
5,AP,1,36.478852620838,25.1018223360894,8,0.125253813980814,0.214253572677653,-0.494301021634968,-30.2337704876985,Second,1,2,997.529577150636,114.269216069545,35.1362208267544,33.2351022996503,0
5,AP,1,36.3252697686,24.0257846968,8,0.111463911530499,0.200463670227338,-0.647883873872956,-31.3098081269879,Second,1,3,997.529577150636,114.269216069545,35.1362208267544,33.2351022996503,0
6,AP,1,38.2183133267442,30.1999001351938,1,-0.256199772576512,-0.128604380696901,0.58278085141157,-23.6129139081045,Second,6,1,1313.63543041886,131.43074692004,38.740785844207,37.0597363602548,5.92843182646333
6,AP,1,38.1246057833606,29.8724045331148,1,-0.249248621122131,-0.121653229242521,0.48907330802804,-23.9404095101835,Second,6,2,1313.63543041886,131.43074692004,38.740785844207,37.0597363602548,5.92843182646333
6,AP,1,37.5492654096429,29.3735060480952,1,-0.24455969654875,-0.116964304669139,-0.0862670656897535,-24.4393079952031,Second,6,3,1313.63543041886,131.43074692004,38.740785844207,37.0597363602548,5.92843182646333
6,AP,1,38.2183133267442,30.1999001351938,2,-0.108997689381516,-0.0799457735130159,0.58278085141157,-23.6129139081045,Second,6,1,1313.63543041886,131.43074692004,38.740785844207,37.0597363602548,5.92843182646333
6,AP,1,38.1246057833606,29.8724045331148,2,-0.107091989329456,-0.0780400734609553,0.48907330802804,-23.9404095101835,Second,6,2,1313.63543041886,131.43074692004,38.740785844207,37.0597363602548,5.92843182646333
6,AP,1,37.5492654096429,29.3735060480952,2,-0.104448647235429,-0.0753967313669283,-0.0862670656897535,-24.4393079952031,Second,6,3,1313.63543041886,131.43074692004,38.740785844207,37.0597363602548,5.92843182646333
6,AP,1,38.2183133267442,30.1999001351938,3,-0.187608394287779,-0.0869134372194356,0.58278085141157,-23.6129139081045,Second,6,1,1313.63543041886,131.43074692004,38.740785844207,37.0597363602548,5.92843182646333
6,AP,1,38.1246057833606,29.8724045331148,3,-0.185102313825325,-0.0844073567569811,0.48907330802804,-23.9404095101835,Second,6,2,1313.63543041886,131.43074692004,38.740785844207,37.0597363602548,5.92843182646333
6,AP,1,37.5492654096429,29.3735060480952,3,-0.178757538689832,-0.0780625816214885,-0.0862670656897535,-24.4393079952031,Second,6,3,1313.63543041886,131.43074692004,38.740785844207,37.0597363602548,5.92843182646333
6,AP,1,38.2183133267442,30.1999001351938,4,-0.0864611183927162,0.00152514455459796,0.58278085141157,-23.6129139081045,Second,6,1,1313.63543041886,131.43074692004,38.740785844207,37.0597363602548,5.92843182646333
6,AP,1,38.1246057833606,29.8724045331148,4,-0.0871745831379858,0.000811679809328378,0.48907330802804,-23.9404095101835,Second,6,2,1313.63543041886,131.43074692004,38.740785844207,37.0597363602548,5.92843182646333
6,AP,1,37.5492654096429,29.3735060480952,4,-0.0786088426023606,0.0093774203449536,-0.0862670656897535,-24.4393079952031,Second,6,3,1313.63543041886,131.43074692004,38.740785844207,37.0597363602548,5.92843182646333
6,AP,1,38.2183133267442,30.1999001351938,5,-0.636337272933079,-0.248006942753443,0.58278085141157,-23.6129139081045,Second,6,1,1313.63543041886,131.43074692004,38.740785844207,37.0597363602548,5.92843182646333
6,AP,1,38.1246057833606,29.8724045331148,5,-0.626301546868151,-0.237971216688515,0.48907330802804,-23.9404095101835,Second,6,2,1313.63543041886,131.43074692004,38.740785844207,37.0597363602548,5.92843182646333
6,AP,1,37.5492654096429,29.3735060480952,5,-0.596442574062972,-0.208112243883336,-0.0862670656897535,-24.4393079952031,Second,6,3,1313.63543041886,131.43074692004,38.740785844207,37.0597363602548,5.92843182646333
6,AP,1,38.2183133267442,30.1999001351938,6,-0.451882790130865,-0.197157609748379,0.58278085141157,-23.6129139081045,Second,6,1,1313.63543041886,131.43074692004,38.740785844207,37.0597363602548,5.92843182646333
6,AP,1,38.1246057833606,29.8724045331148,6,-0.442357182325886,-0.1876320019434,0.48907330802804,-23.9404095101835,Second,6,2,1313.63543041886,131.43074692004,38.740785844207,37.0597363602548,5.92843182646333
6,AP,1,37.5492654096429,29.3735060480952,6,-0.41247540933665,-0.157750228954164,-0.0862670656897535,-24.4393079952031,Second,6,3,1313.63543041886,131.43074692004,38.740785844207,37.0597363602548,5.92843182646333
6,AP,1,38.2183133267442,30.1999001351938,7,-0.0312689097408137,-0.00991763446974988,0.58278085141157,-23.6129139081045,Second,6,1,1313.63543041886,131.43074692004,38.740785844207,37.0597363602548,5.92843182646333
6,AP,1,38.1246057833606,29.8724045331148,7,-0.0379026476056477,-0.0165513723345839,0.48907330802804,-23.9404095101835,Second,6,2,1313.63543041886,131.43074692004,38.740785844207,37.0597363602548,5.92843182646333
6,AP,1,37.5492654096429,29.3735060480952,7,0.00331988033378524,0.0246711556048491,-0.0862670656897535,-24.4393079952031,Second,6,3,1313.63543041886,131.43074692004,38.740785844207,37.0597363602548,5.92843182646333
6,AP,1,38.2183133267442,30.1999001351938,8,-0.835026846837367,-0.240945388336471,0.58278085141157,-23.6129139081045,Second,6,1,1313.63543041886,131.43074692004,38.740785844207,37.0597363602548,5.92843182646333
6,AP,1,38.1246057833606,29.8724045331148,8,-0.820333146220175,-0.226251687719278,0.48907330802804,-23.9404095101835,Second,6,2,1313.63543041886,131.43074692004,38.740785844207,37.0597363602548,5.92843182646333
6,AP,1,37.5492654096429,29.3735060480952,8,-0.805528213121697,-0.2114467546208,-0.0862670656897535,-24.4393079952031,Second,6,3,1313.63543041886,131.43074692004,38.740785844207,37.0597363602548,5.92843182646333
7,AP,1,34.5840770530435,43.0115568365217,1,-0.540741357293261,-0.326348055150282,0.566984886918469,-15.1413648488495,Second,6,1,784.327644315129,101.976628595205,32.9810376862863,31.2387139926812,10.1690922433873
7,AP,1,34.6309611409091,45.3500374336364,1,-0.598263258481875,-0.383869956338896,0.613868974784076,-12.8028842517349,Second,6,2,784.327644315129,101.976628595205,32.9810376862863,31.2387139926812,10.1690922433873
7,AP,1,35.2077732684375,44.1019258354167,1,-0.572302171414531,-0.357908869271552,1.19068110231248,-14.0509958499546,Second,6,3,784.327644315129,101.976628595205,32.9810376862863,31.2387139926812,10.1690922433873
7,AP,1,34.5840770530435,43.0115568365217,2,-0.111889371259409,-0.247348927380339,0.566984886918469,-15.1413648488495,Second,6,1,784.327644315129,101.976628595205,32.9810376862863,31.2387139926812,10.1690922433873
7,AP,1,34.6309611409091,45.3500374336364,2,-0.1405675341486,-0.276027090269531,0.613868974784076,-12.8028842517349,Second,6,2,784.327644315129,101.976628595205,32.9810376862863,31.2387139926812,10.1690922433873
7,AP,1,35.2077732684375,44.1019258354167,2,-0.139302179962688,-0.274761736083618,1.19068110231248,-14.0509958499546,Second,6,3,784.327644315129,101.976628595205,32.9810376862863,31.2387139926812,10.1690922433873
7,AP,1,34.5840770530435,43.0115568365217,3,0.0750518260193326,0.00392472381530461,0.566984886918469,-15.1413648488495,Second,6,1,784.327644315129,101.976628595205,32.9810376862863,31.2387139926812,10.1690922433873
7,AP,1,34.6309611409091,45.3500374336364,3,0.0659696351066,-0.00515746709742804,0.613868974784076,-12.8028842517349,Second,6,2,784.327644315129,101.976628595205,32.9810376862863,31.2387139926812,10.1690922433873
7,AP,1,35.2077732684375,44.1019258354167,3,0.0556899695268469,-0.0154371326771811,1.19068110231248,-14.0509958499546,Second,6,3,784.327644315129,101.976628595205,32.9810376862863,31.2387139926812,10.1690922433873
7,AP,1,34.5840770530435,43.0115568365217,4,-0.0120187087041519,0.0217015700497754,0.566984886918469,-15.1413648488495,Second,6,1,784.327644315129,101.976628595205,32.9810376862863,31.2387139926812,10.1690922433873
7,AP,1,34.6309611409091,45.3500374336364,4,-0.0201340293533501,0.0135862494005772,0.613868974784076,-12.8028842517349,Second,6,2,784.327644315129,101.976628595205,32.9810376862863,31.2387139926812,10.1690922433873
7,AP,1,35.2077732684375,44.1019258354167,4,-0.0279832530033718,0.00573702575055556,1.19068110231248,-14.0509958499546,Second,6,3,784.327644315129,101.976628595205,32.9810376862863,31.2387139926812,10.1690922433873
7,AP,1,34.5840770530435,43.0115568365217,5,0.0802414259460001,0.0459730993910362,0.566984886918469,-15.1413648488495,Second,6,1,784.327644315129,101.976628595205,32.9810376862863,31.2387139926812,10.1690922433873
7,AP,1,34.6309611409091,45.3500374336364,5,0.084840363121,0.0505720365660361,0.613868974784076,-12.8028842517349,Second,6,2,784.327644315129,101.976628595205,32.9810376862863,31.2387139926812,10.1690922433873
7,AP,1,35.2077732684375,44.1019258354167,5,0.0785959746346499,0.0443276480796861,1.19068110231248,-14.0509958499546,Second,6,3,784.327644315129,101.976628595205,32.9810376862863,31.2387139926812,10.1690922433873
7,AP,1,34.5840770530435,43.0115568365217,6,-0.00396502384756743,-0.00405903668560033,0.566984886918469,-15.1413648488495,Second,6,1,784.327644315129,101.976628595205,32.9810376862863,31.2387139926812,10.1690922433873
7,AP,1,34.6309611409091,45.3500374336364,6,-0.0198529887478999,-0.0199470015859328,0.613868974784076,-12.8028842517349,Second,6,2,784.327644315129,101.976628595205,32.9810376862863,31.2387139926812,10.1690922433873
7,AP,1,35.2077732684375,44.1019258354167,6,-0.0176169814907625,-0.0177109943287954,1.19068110231248,-14.0509958499546,Second,6,3,784.327644315129,101.976628595205,32.9810376862863,31.2387139926812,10.1690922433873
7,AP,1,34.5840770530435,43.0115568365217,7,0.220472730190566,0.0839391753763125,0.566984886918469,-15.1413648488495,Second,6,1,784.327644315129,101.976628595205,32.9810376862863,31.2387139926812,10.1690922433873
7,AP,1,34.6309611409091,45.3500374336364,7,0.20232430773525,0.065790752920997,0.613868974784076,-12.8028842517349,Second,6,2,784.327644315129,101.976628595205,32.9810376862863,31.2387139926812,10.1690922433873
7,AP,1,35.2077732684375,44.1019258354167,7,0.195113485211906,0.0585799303976531,1.19068110231248,-14.0509958499546,Second,6,3,784.327644315129,101.976628595205,32.9810376862863,31.2387139926812,10.1690922433873
7,AP,1,34.5840770530435,43.0115568365217,8,0.152829322951944,0.112589531848097,0.566984886918469,-15.1413648488495,Second,6,1,784.327644315129,101.976628595205,32.9810376862863,31.2387139926812,10.1690922433873
7,AP,1,34.6309611409091,45.3500374336364,8,0.154684559174825,0.114444768070978,0.613868974784076,-12.8028842517349,Second,6,2,784.327644315129,101.976628595205,32.9810376862863,31.2387139926812,10.1690922433873
7,AP,1,35.2077732684375,44.1019258354167,8,0.14435473959885,0.104114948495003,1.19068110231248,-14.0509958499546,Second,6,3,784.327644315129,101.976628595205,32.9810376862863,31.2387139926812,10.1690922433873
9,AP,1,36.3383179633155,51.752602584385,1,-0.299629646561113,-0.0690247822932099,-0.814954622317892,-2.06328654299984,Second,7,1,1357.71860312818,133.304150928089,37.8732326086889,37.8740461869656,10.6259085239426
9,AP,1,36.7367679497368,51.1977338139474,1,-0.31545855737936,-0.084853693111457,-0.416504635896551,-2.61815531343748,Second,7,2,1357.71860312818,133.304150928089,37.8732326086889,37.8740461869656,10.6259085239426
9,AP,1,37.92253617,50.6777652605405,1,-0.337873230178857,-0.107268365910954,0.769263584366598,-3.13812386684432,Second,7,3,1357.71860312818,133.304150928089,37.8732326086889,37.8740461869656,10.6259085239426
9,AP,1,36.3383179633155,51.752602584385,2,0.100442942885493,-0.0036706659796682,-0.814954622317892,-2.06328654299984,Second,7,1,1357.71860312818,133.304150928089,37.8732326086889,37.8740461869656,10.6259085239426
9,AP,1,36.7367679497368,51.1977338139474,2,0.0973486091380481,-0.00676499972711267,-0.416504635896551,-2.61815531343748,Second,7,2,1357.71860312818,133.304150928089,37.8732326086889,37.8740461869656,10.6259085239426
9,AP,1,37.92253617,50.6777652605405,2,0.0923394294905877,-0.0117741793745731,0.769263584366598,-3.13812386684432,Second,7,3,1357.71860312818,133.304150928089,37.8732326086889,37.8740461869656,10.6259085239426
9,AP,1,36.3383179633155,51.752602584385,3,-0.0592840846726706,0.0427260300763088,-0.814954622317892,-2.06328654299984,Second,7,1,1357.71860312818,133.304150928089,37.8732326086889,37.8740461869656,10.6259085239426
9,AP,1,36.7367679497368,51.1977338139474,3,-0.0552764249513378,0.0467336897976416,-0.416504635896551,-2.61815531343748,Second,7,2,1357.71860312818,133.304150928089,37.8732326086889,37.8740461869656,10.6259085239426
9,AP,1,37.92253617,50.6777652605405,3,-0.0550972640320139,0.0469128507169655,0.769263584366598,-3.13812386684432,Second,7,3,1357.71860312818,133.304150928089,37.8732326086889,37.8740461869656,10.6259085239426
9,AP,1,36.3383179633155,51.752602584385,4,-0.136506380221641,0.154181840270133,-0.814954622317892,-2.06328654299984,Second,7,1,1357.71860312818,133.304150928089,37.8732326086889,37.8740461869656,10.6259085239426
9,AP,1,36.7367679497368,51.1977338139474,4,-0.127990252839785,0.16269796765199,-0.416504635896551,-2.61815531343748,Second,7,2,1357.71860312818,133.304150928089,37.8732326086889,37.8740461869656,10.6259085239426
9,AP,1,37.92253617,50.6777652605405,4,-0.1195515570852,0.171136663406574,0.769263584366598,-3.13812386684432,Second,7,3,1357.71860312818,133.304150928089,37.8732326086889,37.8740461869656,10.6259085239426
9,AP,1,36.3383179633155,51.752602584385,5,-0.679518058373017,-0.260210315880385,-0.814954622317892,-2.06328654299984,Second,7,1,1357.71860312818,133.304150928089,37.8732326086889,37.8740461869656,10.6259085239426
9,AP,1,36.7367679497368,51.1977338139474,5,-0.652985662508222,-0.233677920015591,-0.416504635896551,-2.61815531343748,Second,7,2,1357.71860312818,133.304150928089,37.8732326086889,37.8740461869656,10.6259085239426
9,AP,1,37.92253617,50.6777652605405,5,-0.637310129318272,-0.218002386825641,0.769263584366598,-3.13812386684432,Second,7,3,1357.71860312818,133.304150928089,37.8732326086889,37.8740461869656,10.6259085239426
9,AP,1,36.3383179633155,51.752602584385,6,-0.138381660679444,0.0235304981268015,-0.814954622317892,-2.06328654299984,Second,7,1,1357.71860312818,133.304150928089,37.8732326086889,37.8740461869656,10.6259085239426
9,AP,1,36.7367679497368,51.1977338139474,6,-0.127567925734711,0.0343442330715354,-0.416504635896551,-2.61815531343748,Second,7,2,1357.71860312818,133.304150928089,37.8732326086889,37.8740461869656,10.6259085239426
9,AP,1,37.92253617,50.6777652605405,6,-0.129330063922251,0.0325820948839948,0.769263584366598,-3.13812386684432,Second,7,3,1357.71860312818,133.304150928089,37.8732326086889,37.8740461869656,10.6259085239426
9,AP,1,36.3383179633155,51.752602584385,7,-0.0236970708174607,-0.0144748473553187,-0.814954622317892,-2.06328654299984,Second,7,1,1357.71860312818,133.304150928089,37.8732326086889,37.8740461869656,10.6259085239426
9,AP,1,36.7367679497368,51.1977338139474,7,-0.00592655871074099,0.003295664751401,-0.416504635896551,-2.61815531343748,Second,7,2,1357.71860312818,133.304150928089,37.8732326086889,37.8740461869656,10.6259085239426
9,AP,1,37.92253617,50.6777652605405,7,-0.0564132965162619,-0.0471910730541199,0.769263584366598,-3.13812386684432,Second,7,3,1357.71860312818,133.304150928089,37.8732326086889,37.8740461869656,10.6259085239426
9,AP,1,36.3383179633155,51.752602584385,8,-0.0644738378733951,0.168652379462552,-0.814954622317892,-2.06328654299984,Second,7,1,1357.71860312818,133.304150928089,37.8732326086889,37.8740461869656,10.6259085239426
9,AP,1,36.7367679497368,51.1977338139474,8,-0.073145492085209,0.159980725250738,-0.416504635896551,-2.61815531343748,Second,7,2,1357.71860312818,133.304150928089,37.8732326086889,37.8740461869656,10.6259085239426
9,AP,1,37.92253617,50.6777652605405,8,-0.0714472877231633,0.161678929612784,0.769263584366598,-3.13812386684432,Second,7,3,1357.71860312818,133.304150928089,37.8732326086889,37.8740461869656,10.6259085239426
10,AP,1,32.6742215053012,47.1445046896386,1,-0.0705562406126281,0.376506395833524,-1.38550520884726,-8.96873701987096,Second,8,1,1556.01784553772,142.677952274847,42.5928361915038,37.5756742698362,12.7403361330043
10,AP,1,32.4340642535294,46.7534235065882,1,-0.0827473267854177,0.364315309660734,-1.62566246061905,-9.35981820292127,Second,8,2,1556.01784553772,142.677952274847,42.5928361915038,37.5756742698362,12.7403361330043
10,AP,1,30.8876787616154,47.6916065984615,1,-0.10147667674695,0.345585959699202,-3.17204795253308,-8.42163511104796,Second,8,3,1556.01784553772,142.677952274847,42.5928361915038,37.5756742698362,12.7403361330043
10,AP,1,32.6742215053012,47.1445046896386,2,0.00523801441585505,0.150485075748361,-1.38550520884726,-8.96873701987096,Second,8,1,1556.01784553772,142.677952274847,42.5928361915038,37.5756742698362,12.7403361330043
10,AP,1,32.4340642535294,46.7534235065882,2,-0.0300344091575044,0.115212652175001,-1.62566246061905,-9.35981820292127,Second,8,2,1556.01784553772,142.677952274847,42.5928361915038,37.5756742698362,12.7403361330043
10,AP,1,30.8876787616154,47.6916065984615,2,-0.0449362811318496,0.100310780200656,-3.17204795253308,-8.42163511104796,Second,8,3,1556.01784553772,142.677952274847,42.5928361915038,37.5756742698362,12.7403361330043
10,AP,1,32.6742215053012,47.1445046896386,3,0.0043859800132688,-0.0252837601623322,-1.38550520884726,-8.96873701987096,Second,8,1,1556.01784553772,142.677952274847,42.5928361915038,37.5756742698362,12.7403361330043
10,AP,1,32.4340642535294,46.7534235065882,3,0.00186209059638097,-0.02780764957922,-1.62566246061905,-9.35981820292127,Second,8,2,1556.01784553772,142.677952274847,42.5928361915038,37.5756742698362,12.7403361330043
10,AP,1,30.8876787616154,47.6916065984615,3,-0.015519059170433,-0.045188799346034,-3.17204795253308,-8.42163511104796,Second,8,3,1556.01784553772,142.677952274847,42.5928361915038,37.5756742698362,12.7403361330043
10,AP,1,32.6742215053012,47.1445046896386,4,-0.0057019401475927,-0.0255430078203979,-1.38550520884726,-8.96873701987096,Second,8,1,1556.01784553772,142.677952274847,42.5928361915038,37.5756742698362,12.7403361330043
10,AP,1,32.4340642535294,46.7534235065882,4,-0.00922698377514774,-0.0290680514479529,-1.62566246061905,-9.35981820292127,Second,8,2,1556.01784553772,142.677952274847,42.5928361915038,37.5756742698362,12.7403361330043
10,AP,1,30.8876787616154,47.6916065984615,4,-0.00937448743287849,-0.0292155551056836,-3.17204795253308,-8.42163511104796,Second,8,3,1556.01784553772,142.677952274847,42.5928361915038,37.5756742698362,12.7403361330043
10,AP,1,32.6742215053012,47.1445046896386,5,-0.0996046440328325,0.404890699494911,-1.38550520884726,-8.96873701987096,Second,8,1,1556.01784553772,142.677952274847,42.5928361915038,37.5756742698362,12.7403361330043
10,AP,1,32.4340642535294,46.7534235065882,5,-0.120766617712039,0.383728725815705,-1.62566246061905,-9.35981820292127,Second,8,2,1556.01784553772,142.677952274847,42.5928361915038,37.5756742698362,12.7403361330043
10,AP,1,30.8876787616154,47.6916065984615,5,-0.136436520867502,0.368058822660242,-3.17204795253308,-8.42163511104796,Second,8,3,1556.01784553772,142.677952274847,42.5928361915038,37.5756742698362,12.7403361330043
10,AP,1,32.6742215053012,47.1445046896386,6,0.0029297043696771,0.187446472897386,-1.38550520884726,-8.96873701987096,Second,8,1,1556.01784553772,142.677952274847,42.5928361915038,37.5756742698362,12.7403361330043
10,AP,1,32.4340642535294,46.7534235065882,6,0.000261062430756046,0.184777830958465,-1.62566246061905,-9.35981820292127,Second,8,2,1556.01784553772,142.677952274847,42.5928361915038,37.5756742698362,12.7403361330043
10,AP,1,30.8876787616154,47.6916065984615,6,-0.000277965149482845,0.184238803378226,-3.17204795253308,-8.42163511104796,Second,8,3,1556.01784553772,142.677952274847,42.5928361915038,37.5756742698362,12.7403361330043
10,AP,1,32.6742215053012,47.1445046896386,7,-0.0265372726514222,0.117385187720178,-1.38550520884726,-8.96873701987096,Second,8,1,1556.01784553772,142.677952274847,42.5928361915038,37.5756742698362,12.7403361330043
10,AP,1,32.4340642535294,46.7534235065882,7,-0.0359797227386656,0.107942737632935,-1.62566246061905,-9.35981820292127,Second,8,2,1556.01784553772,142.677952274847,42.5928361915038,37.5756742698362,12.7403361330043
10,AP,1,30.8876787616154,47.6916065984615,7,-0.026741002871197,0.117181457500404,-3.17204795253308,-8.42163511104796,Second,8,3,1556.01784553772,142.677952274847,42.5928361915038,37.5756742698362,12.7403361330043
10,AP,1,32.6742215053012,47.1445046896386,8,-0.10616852200737,0.405942734122224,-1.38550520884726,-8.96873701987096,Second,8,1,1556.01784553772,142.677952274847,42.5928361915038,37.5756742698362,12.7403361330043
10,AP,1,32.4340642535294,46.7534235065882,8,-0.14658228148467,0.365528974644924,-1.62566246061905,-9.35981820292127,Second,8,2,1556.01784553772,142.677952274847,42.5928361915038,37.5756742698362,12.7403361330043
10,AP,1,30.8876787616154,47.6916065984615,8,-0.17732065342116,0.334790602708434,-3.17204795253308,-8.42163511104796,Second,8,3,1556.01784553772,142.677952274847,42.5928361915038,37.5756742698362,12.7403361330043
12,AP,1,35.657136245,42.584506182963,1,-0.64163426300094,-0.0265765469627145,-0.868095956233446,-12.4931564305715,Second,8,1,1718.45965938488,149.778725427452,43.4394890169346,49.0458953489297,3.21743209070123
12,AP,1,35.1172680496154,42.7679303402564,1,-0.612054605910945,0.00300311012728016,-1.40796415161806,-12.309732273278,Second,8,2,1718.45965938488,149.778725427452,43.4394890169346,49.0458953489297,3.21743209070123
12,AP,1,36.1303235334507,41.6256105287324,1,-0.585328607763546,0.0297291082746796,-0.394908667782751,-13.452052084802,Second,8,3,1718.45965938488,149.778725427452,43.4394890169346,49.0458953489297,3.21743209070123
12,AP,1,35.657136245,42.584506182963,2,-0.732334589365444,0.0176580245122688,-0.868095956233446,-12.4931564305715,Second,8,1,1718.45965938488,149.778725427452,43.4394890169346,49.0458953489297,3.21743209070123
12,AP,1,35.1172680496154,42.7679303402564,2,-0.722107454106285,0.0278851597714271,-1.40796415161806,-12.309732273278,Second,8,2,1718.45965938488,149.778725427452,43.4394890169346,49.0458953489297,3.21743209070123
12,AP,1,36.1303235334507,41.6256105287324,2,-0.703313580029922,0.0466790338477908,-0.394908667782751,-13.452052084802,Second,8,3,1718.45965938488,149.778725427452,43.4394890169346,49.0458953489297,3.21743209070123
12,AP,1,35.657136245,42.584506182963,3,-0.133941974142754,-0.0662685711214619,-0.868095956233446,-12.4931564305715,Second,8,1,1718.45965938488,149.778725427452,43.4394890169346,49.0458953489297,3.21743209070123
12,AP,1,35.1172680496154,42.7679303402564,3,-0.135408234413579,-0.0677348313922871,-1.40796415161806,-12.309732273278,Second,8,2,1718.45965938488,149.778725427452,43.4394890169346,49.0458953489297,3.21743209070123
12,AP,1,36.1303235334507,41.6256105287324,3,-0.128626861632109,-0.0609534586108171,-0.394908667782751,-13.452052084802,Second,8,3,1718.45965938488,149.778725427452,43.4394890169346,49.0458953489297,3.21743209070123
12,AP,1,35.657136245,42.584506182963,4,-0.0246302482734954,0.0555335651479063,-0.868095956233446,-12.4931564305715,Second,8,1,1718.45965938488,149.778725427452,43.4394890169346,49.0458953489297,3.21743209070123
12,AP,1,35.1172680496154,42.7679303402564,4,-0.0239832853043677,0.056180528117034,-1.40796415161806,-12.309732273278,Second,8,2,1718.45965938488,149.778725427452,43.4394890169346,49.0458953489297,3.21743209070123
12,AP,1,36.1303235334507,41.6256105287324,4,-0.0193759818322201,0.0607878315891816,-0.394908667782751,-13.452052084802,Second,8,3,1718.45965938488,149.778725427452,43.4394890169346,49.0458953489297,3.21743209070123
12,AP,1,35.657136245,42.584506182963,5,-0.21535857667247,0.142636861769853,-0.868095956233446,-12.4931564305715,Second,8,1,1718.45965938488,149.778725427452,43.4394890169346,49.0458953489297,3.21743209070123
12,AP,1,35.1172680496154,42.7679303402564,5,-0.206930194145117,0.151065244297205,-1.40796415161806,-12.309732273278,Second,8,2,1718.45965938488,149.778725427452,43.4394890169346,49.0458953489297,3.21743209070123
12,AP,1,36.1303235334507,41.6256105287324,5,-0.20237859581004,0.155616842632282,-0.394908667782751,-13.452052084802,Second,8,3,1718.45965938488,149.778725427452,43.4394890169346,49.0458953489297,3.21743209070123
12,AP,1,35.657136245,42.584506182963,6,-0.280185883389752,-0.00206075778218573,-0.868095956233446,-12.4931564305715,Second,8,1,1718.45965938488,149.778725427452,43.4394890169346,49.0458953489297,3.21743209070123
12,AP,1,35.1172680496154,42.7679303402564,6,-0.280895373930873,-0.00277024832330658,-1.40796415161806,-12.309732273278,Second,8,2,1718.45965938488,149.778725427452,43.4394890169346,49.0458953489297,3.21743209070123
12,AP,1,36.1303235334507,41.6256105287324,6,-0.276337220947697,0.0017879046598695,-0.394908667782751,-13.452052084802,Second,8,3,1718.45965938488,149.778725427452,43.4394890169346,49.0458953489297,3.21743209070123
12,AP,1,35.657136245,42.584506182963,7,0.0773712930761061,0.140007201389001,-0.868095956233446,-12.4931564305715,Second,8,1,1718.45965938488,149.778725427452,43.4394890169346,49.0458953489297,3.21743209070123
12,AP,1,35.1172680496154,42.7679303402564,7,0.000503798581536938,0.0631397068944323,-1.40796415161806,-12.309732273278,Second,8,2,1718.45965938488,149.778725427452,43.4394890169346,49.0458953489297,3.21743209070123
12,AP,1,36.1303235334507,41.6256105287324,7,-0.0057271995515249,0.0569087087613704,-0.394908667782751,-13.452052084802,Second,8,3,1718.45965938488,149.778725427452,43.4394890169346,49.0458953489297,3.21743209070123
12,AP,1,35.657136245,42.584506182963,8,-0.175677757709505,0.0522591774939599,-0.868095956233446,-12.4931564305715,Second,8,1,1718.45965938488,149.778725427452,43.4394890169346,49.0458953489297,3.21743209070123
12,AP,1,35.1172680496154,42.7679303402564,8,-0.155852079590707,0.0720848556127582,-1.40796415161806,-12.309732273278,Second,8,2,1718.45965938488,149.778725427452,43.4394890169346,49.0458953489297,3.21743209070123
12,AP,1,36.1303235334507,41.6256105287324,8,-0.146693933547943,0.0812430016555219,-0.394908667782751,-13.452052084802,Second,8,3,1718.45965938488,149.778725427452,43.4394890169346,49.0458953489297,3.21743209070123
13,AP,1,35.5752298685106,33.6626555563121,1,-0.783352480682302,-0.330663842434517,-1.54091767728126,-16.6814980519478,Third,9,1,1276.4467778909,128.288729855379,40.5486500610843,37.8126742623135,0
13,AP,1,35.3431794811765,33.2958179426471,1,-0.770511096597018,-0.317822458349233,-1.77296806461541,-17.0483356656128,Third,9,2,1276.4467778909,128.288729855379,40.5486500610843,37.8126742623135,0
13,AP,1,35.5163612150769,32.6515480267692,1,-0.816578236808975,-0.363889598561189,-1.59978633071496,-17.6926055814906,Third,9,3,1276.4467778909,128.288729855379,40.5486500610843,37.8126742623135,0
13,AP,1,35.5752298685106,33.6626555563121,2,-0.247769854754265,0.310088095358702,-1.54091767728126,-16.6814980519478,Third,9,1,1276.4467778909,128.288729855379,40.5486500610843,37.8126742623135,0
13,AP,1,35.3431794811765,33.2958179426471,2,-0.25293090449813,0.304927045614838,-1.77296806461541,-17.0483356656128,Third,9,2,1276.4467778909,128.288729855379,40.5486500610843,37.8126742623135,0
13,AP,1,35.5163612150769,32.6515480267692,2,-0.271237732058837,0.286620218054131,-1.59978633071496,-17.6926055814906,Third,9,3,1276.4467778909,128.288729855379,40.5486500610843,37.8126742623135,0
13,AP,1,35.5752298685106,33.6626555563121,3,0.013363854565889,0.0287461151336179,-1.54091767728126,-16.6814980519478,Third,9,1,1276.4467778909,128.288729855379,40.5486500610843,37.8126742623135,0
13,AP,1,35.3431794811765,33.2958179426471,3,0.00772745286992279,0.0231097134376517,-1.77296806461541,-17.0483356656128,Third,9,2,1276.4467778909,128.288729855379,40.5486500610843,37.8126742623135,0
13,AP,1,35.5163612150769,32.6515480267692,3,0.00852319245834001,0.0239054530260689,-1.59978633071496,-17.6926055814906,Third,9,3,1276.4467778909,128.288729855379,40.5486500610843,37.8126742623135,0
13,AP,1,35.5752298685106,33.6626555563121,4,-0.0221750212072517,0.0125372270086133,-1.54091767728126,-16.6814980519478,Third,9,1,1276.4467778909,128.288729855379,40.5486500610843,37.8126742623135,0
13,AP,1,35.3431794811765,33.2958179426471,4,-0.0314823803302824,0.00322986788558257,-1.77296806461541,-17.0483356656128,Third,9,2,1276.4467778909,128.288729855379,40.5486500610843,37.8126742623135,0
13,AP,1,35.5163612150769,32.6515480267692,4,-0.0288367254950899,0.00587552272077503,-1.59978633071496,-17.6926055814906,Third,9,3,1276.4467778909,128.288729855379,40.5486500610843,37.8126742623135,0
13,AP,1,35.5752298685106,33.6626555563121,5,-0.203370355628526,0.0186943402635983,-1.54091767728126,-16.6814980519478,Third,9,1,1276.4467778909,128.288729855379,40.5486500610843,37.8126742623135,0
13,AP,1,35.3431794811765,33.2958179426471,5,-0.196951885183748,0.025112810708376,-1.77296806461541,-17.0483356656128,Third,9,2,1276.4467778909,128.288729855379,40.5486500610843,37.8126742623135,0
13,AP,1,35.5163612150769,32.6515480267692,5,-0.18569944745005,0.0363652484420739,-1.59978633071496,-17.6926055814906,Third,9,3,1276.4467778909,128.288729855379,40.5486500610843,37.8126742623135,0
13,AP,1,35.5752298685106,33.6626555563121,6,-0.302696111628057,-0.0345799171154128,-1.54091767728126,-16.6814980519478,Third,9,1,1276.4467778909,128.288729855379,40.5486500610843,37.8126742623135,0
13,AP,1,35.3431794811765,33.2958179426471,6,-0.294760576732978,-0.0266443822203334,-1.77296806461541,-17.0483356656128,Third,9,2,1276.4467778909,128.288729855379,40.5486500610843,37.8126742623135,0
13,AP,1,35.5163612150769,32.6515480267692,6,-0.289877475463351,-0.0217612809507062,-1.59978633071496,-17.6926055814906,Third,9,3,1276.4467778909,128.288729855379,40.5486500610843,37.8126742623135,0
13,AP,1,35.5752298685106,33.6626555563121,7,0.192039949982282,0.216136387790315,-1.54091767728126,-16.6814980519478,Third,9,1,1276.4467778909,128.288729855379,40.5486500610843,37.8126742623135,0
13,AP,1,35.3431794811765,33.2958179426471,7,0.183575551839127,0.207671989647161,-1.77296806461541,-17.0483356656128,Third,9,2,1276.4467778909,128.288729855379,40.5486500610843,37.8126742623135,0
13,AP,1,35.5163612150769,32.6515480267692,7,0.187684935814491,0.211781373622524,-1.59978633071496,-17.6926055814906,Third,9,3,1276.4467778909,128.288729855379,40.5486500610843,37.8126742623135,0
13,AP,1,35.5752298685106,33.6626555563121,8,0.23116482012245,0.194046673264474,-1.54091767728126,-16.6814980519478,Third,9,1,1276.4467778909,128.288729855379,40.5486500610843,37.8126742623135,0
13,AP,1,35.3431794811765,33.2958179426471,8,0.220413496513064,0.183295349655087,-1.77296806461541,-17.0483356656128,Third,9,2,1276.4467778909,128.288729855379,40.5486500610843,37.8126742623135,0
13,AP,1,35.5163612150769,32.6515480267692,8,0.224735170349763,0.187617023491787,-1.59978633071496,-17.6926055814906,Third,9,3,1276.4467778909,128.288729855379,40.5486500610843,37.8126742623135,0
2,SP,1,36.0568140993631,37.5033249233121,1,-0.425685820725525,-0.00927940768557312,-0.0428483252684799,-13.6238060634296,Second,3,1,1318.71001200166,130.889141817869,39.9623120827936,39.1874631015098,5.10450076154463
2,SP,1,36.1824998998026,37.2132855639474,1,-0.419029080121727,-0.00262266708177455,0.0828374751710896,-13.9138454227943,Second,3,2,1318.71001200166,130.889141817869,39.9623120827936,39.1874631015098,5.10450076154463
2,SP,1,36.0312109917721,36.7421134359494,1,-0.409652521688829,0.00675389135112314,-0.0684514328593906,-14.3850175507923,Second,3,3,1318.71001200166,130.889141817869,39.9623120827936,39.1874631015098,5.10450076154463
2,SP,1,36.0568140993631,37.5033249233121,2,-0.186796296224874,-0.0322793919465466,-0.0428483252684799,-13.6238060634296,Second,3,1,1318.71001200166,130.889141817869,39.9623120827936,39.1874631015098,5.10450076154463
2,SP,1,36.1824998998026,37.2132855639474,2,-0.184999701649168,-0.0304827973708411,0.0828374751710896,-13.9138454227943,Second,3,2,1318.71001200166,130.889141817869,39.9623120827936,39.1874631015098,5.10450076154463
2,SP,1,36.0312109917721,36.7421134359494,2,-0.184813091116542,-0.0302961868382145,-0.0684514328593906,-14.3850175507923,Second,3,3,1318.71001200166,130.889141817869,39.9623120827936,39.1874631015098,5.10450076154463
2,SP,1,36.0568140993631,37.5033249233121,3,-0.0658532287554879,-0.0206088726613757,-0.0428483252684799,-13.6238060634296,Second,3,1,1318.71001200166,130.889141817869,39.9623120827936,39.1874631015098,5.10450076154463
2,SP,1,36.1824998998026,37.2132855639474,3,-0.0692646172687817,-0.0240202611746696,0.0828374751710896,-13.9138454227943,Second,3,2,1318.71001200166,130.889141817869,39.9623120827936,39.1874631015098,5.10450076154463
2,SP,1,36.0312109917721,36.7421134359494,3,-0.0675212945864126,-0.0222769384923005,-0.0684514328593906,-14.3850175507923,Second,3,3,1318.71001200166,130.889141817869,39.9623120827936,39.1874631015098,5.10450076154463
2,SP,1,36.0568140993631,37.5033249233121,4,-0.114599606892507,-0.0487472145706574,-0.0428483252684799,-13.6238060634296,Second,3,1,1318.71001200166,130.889141817869,39.9623120827936,39.1874631015098,5.10450076154463
2,SP,1,36.1824998998026,37.2132855639474,4,-0.112887189612081,-0.0470347972902318,0.0828374751710896,-13.9138454227943,Second,3,2,1318.71001200166,130.889141817869,39.9623120827936,39.1874631015098,5.10450076154463
2,SP,1,36.0312109917721,36.7421134359494,4,-0.110625233583421,-0.0447728412615724,-0.0684514328593906,-14.3850175507923,Second,3,3,1318.71001200166,130.889141817869,39.9623120827936,39.1874631015098,5.10450076154463
2,SP,1,36.0568140993631,37.5033249233121,5,-0.31198048749574,-0.0257636776954803,-0.0428483252684799,-13.6238060634296,Second,3,1,1318.71001200166,130.889141817869,39.9623120827936,39.1874631015098,5.10450076154463
2,SP,1,36.1824998998026,37.2132855639474,5,-0.306171416090274,-0.0199546062900137,0.0828374751710896,-13.9138454227943,Second,3,2,1318.71001200166,130.889141817869,39.9623120827936,39.1874631015098,5.10450076154463
2,SP,1,36.0312109917721,36.7421134359494,5,-0.305442724282147,-0.019225914481887,-0.0684514328593906,-14.3850175507923,Second,3,3,1318.71001200166,130.889141817869,39.9623120827936,39.1874631015098,5.10450076154463
2,SP,1,36.0568140993631,37.5033249233121,6,-0.200428425063501,-0.0152804984846689,-0.0428483252684799,-13.6238060634296,Second,3,1,1318.71001200166,130.889141817869,39.9623120827936,39.1874631015098,5.10450076154463
2,SP,1,36.1824998998026,37.2132855639474,6,-0.199711856979503,-0.0145639304006716,0.0828374751710896,-13.9138454227943,Second,3,2,1318.71001200166,130.889141817869,39.9623120827936,39.1874631015098,5.10450076154463
2,SP,1,36.0312109917721,36.7421134359494,6,-0.2025436178535,-0.0173956912746683,-0.0684514328593906,-14.3850175507923,Second,3,3,1318.71001200166,130.889141817869,39.9623120827936,39.1874631015098,5.10450076154463
2,SP,1,36.0568140993631,37.5033249233121,7,-0.122387763830732,0.00965780442849032,-0.0428483252684799,-13.6238060634296,Second,3,1,1318.71001200166,130.889141817869,39.9623120827936,39.1874631015098,5.10450076154463
2,SP,1,36.1824998998026,37.2132855639474,7,-0.121777708765915,0.0102678594933075,0.0828374751710896,-13.9138454227943,Second,3,2,1318.71001200166,130.889141817869,39.9623120827936,39.1874631015098,5.10450076154463
2,SP,1,36.0312109917721,36.7421134359494,7,-0.124488518325266,0.00755704993395663,-0.0684514328593906,-14.3850175507923,Second,3,3,1318.71001200166,130.889141817869,39.9623120827936,39.1874631015098,5.10450076154463
2,SP,1,36.0568140993631,37.5033249233121,8,0.0726831686596623,-0.0457885714974467,-0.0428483252684799,-13.6238060634296,Second,3,1,1318.71001200166,130.889141817869,39.9623120827936,39.1874631015098,5.10450076154463
2,SP,1,36.1824998998026,37.2132855639474,8,0.0547107228329823,-0.0637610173241268,0.0828374751710896,-13.9138454227943,Second,3,2,1318.71001200166,130.889141817869,39.9623120827936,39.1874631015098,5.10450076154463
2,SP,1,36.0312109917721,36.7421134359494,8,0.0721652913523898,-0.0463064488047192,-0.0684514328593906,-14.3850175507923,Second,3,3,1318.71001200166,130.889141817869,39.9623120827936,39.1874631015098,5.10450076154463
3,SP,1,37.7032208471341,45.5957966509756,1,-0.369824139789466,-0.113509176903854,1.00137756870525,-8.88490488240684,First,2,1,1482.02570780262,140.095608940831,42.5403053062406,36.6663933189407,11.8404547529014
3,SP,1,38.1315142116867,44.4744253375904,1,-0.357701107956732,-0.101386145071119,1.42967093325785,-10.0062761957921,First,2,2,1482.02570780262,140.095608940831,42.5403053062406,36.6663933189407,11.8404547529014
3,SP,1,37.65687999,44.4525539135135,1,-0.380923419779189,-0.124608456893577,0.955036711571097,-10.0281476198689,First,2,3,1482.02570780262,140.095608940831,42.5403053062406,36.6663933189407,11.8404547529014
3,SP,1,37.7032208471341,45.5957966509756,2,-0.0935002793984707,-0.0414324871579288,1.00137756870525,-8.88490488240684,First,2,1,1482.02570780262,140.095608940831,42.5403053062406,36.6663933189407,11.8404547529014
3,SP,1,38.1315142116867,44.4744253375904,2,-0.0847700406403372,-0.0327022483997954,1.42967093325785,-10.0062761957921,First,2,2,1482.02570780262,140.095608940831,42.5403053062406,36.6663933189407,11.8404547529014
3,SP,1,37.65687999,44.4525539135135,2,-0.0958655710637514,-0.0437977788232095,0.955036711571097,-10.0281476198689,First,2,3,1482.02570780262,140.095608940831,42.5403053062406,36.6663933189407,11.8404547529014
3,SP,1,37.7032208471341,45.5957966509756,3,-0.00422391593433111,-0.0162630193620201,1.00137756870525,-8.88490488240684,First,2,1,1482.02570780262,140.095608940831,42.5403053062406,36.6663933189407,11.8404547529014
3,SP,1,38.1315142116867,44.4744253375904,3,0.00432560748601457,-0.00771349594167445,1.42967093325785,-10.0062761957921,First,2,2,1482.02570780262,140.095608940831,42.5403053062406,36.6663933189407,11.8404547529014
3,SP,1,37.65687999,44.4525539135135,3,-0.0123289506704783,-0.0243680540981673,0.955036711571097,-10.0281476198689,First,2,3,1482.02570780262,140.095608940831,42.5403053062406,36.6663933189407,11.8404547529014
3,SP,1,37.7032208471341,45.5957966509756,4,-0.166336725026638,-0.115598920353333,1.00137756870525,-8.88490488240684,First,2,1,1482.02570780262,140.095608940831,42.5403053062406,36.6663933189407,11.8404547529014
3,SP,1,38.1315142116867,44.4744253375904,4,-0.158429599852355,-0.107691795179051,1.42967093325785,-10.0062761957921,First,2,2,1482.02570780262,140.095608940831,42.5403053062406,36.6663933189407,11.8404547529014
3,SP,1,37.65687999,44.4525539135135,4,-0.154540107492635,-0.10380230281933,0.955036711571097,-10.0281476198689,First,2,3,1482.02570780262,140.095608940831,42.5403053062406,36.6663933189407,11.8404547529014
3,SP,1,37.7032208471341,45.5957966509756,5,-0.402685759297156,-0.204685890105131,1.00137756870525,-8.88490488240684,First,2,1,1482.02570780262,140.095608940831,42.5403053062406,36.6663933189407,11.8404547529014
3,SP,1,38.1315142116867,44.4744253375904,5,-0.390852304600178,-0.192852435408153,1.42967093325785,-10.0062761957921,First,2,2,1482.02570780262,140.095608940831,42.5403053062406,36.6663933189407,11.8404547529014
3,SP,1,37.65687999,44.4525539135135,5,-0.372203960939741,-0.174204091747716,0.955036711571097,-10.0281476198689,First,2,3,1482.02570780262,140.095608940831,42.5403053062406,36.6663933189407,11.8404547529014
3,SP,1,37.7032208471341,45.5957966509756,6,-0.0662456189555103,-0.0249886463052945,1.00137756870525,-8.88490488240684,First,2,1,1482.02570780262,140.095608940831,42.5403053062406,36.6663933189407,11.8404547529014
3,SP,1,38.1315142116867,44.4744253375904,6,-0.0834035993834603,-0.0421466267332444,1.42967093325785,-10.0062761957921,First,2,2,1482.02570780262,140.095608940831,42.5403053062406,36.6663933189407,11.8404547529014
3,SP,1,37.65687999,44.4525539135135,6,-0.023984912876873,0.0172720597733428,0.955036711571097,-10.0281476198689,First,2,3,1482.02570780262,140.095608940831,42.5403053062406,36.6663933189407,11.8404547529014
3,SP,1,37.7032208471341,45.5957966509756,7,0.0318168430409634,-0.0109693915752448,1.00137756870525,-8.88490488240684,First,2,1,1482.02570780262,140.095608940831,42.5403053062406,36.6663933189407,11.8404547529014
3,SP,1,38.1315142116867,44.4744253375904,7,0.0266035351349277,-0.0161826994812806,1.42967093325785,-10.0062761957921,First,2,2,1482.02570780262,140.095608940831,42.5403053062406,36.6663933189407,11.8404547529014
3,SP,1,37.65687999,44.4525539135135,7,0.0286184316704594,-0.0141678029457488,0.955036711571097,-10.0281476198689,First,2,3,1482.02570780262,140.095608940831,42.5403053062406,36.6663933189407,11.8404547529014
3,SP,1,37.7032208471341,45.5957966509756,8,-0.267854765626216,-0.174196437109269,1.00137756870525,-8.88490488240684,First,2,1,1482.02570780262,140.095608940831,42.5403053062406,36.6663933189407,11.8404547529014
3,SP,1,38.1315142116867,44.4744253375904,8,-0.268263002132321,-0.174604673615373,1.42967093325785,-10.0062761957921,First,2,2,1482.02570780262,140.095608940831,42.5403053062406,36.6663933189407,11.8404547529014
3,SP,1,37.65687999,44.4525539135135,8,-0.280670491512757,-0.187012162995809,0.955036711571097,-10.0281476198689,First,2,3,1482.02570780262,140.095608940831,42.5403053062406,36.6663933189407,11.8404547529014
6,SP,1,37.4080109406618,45.8661605188235,1,-0.165013207280018,-0.0374178154004079,-0.227521534670842,-7.94665352447477,First,6,1,1287.82639160434,129.86336589231,38.2462885766959,36.9115773219792,8.22087818033677
6,SP,1,37.4200161108904,45.1550284715069,1,-0.154679233363819,-0.0270838414842081,-0.215516364442202,-8.65778557179144,First,6,2,1287.82639160434,129.86336589231,38.2462885766959,36.9115773219792,8.22087818033677
6,SP,1,37.0937733640244,44.4231578746341,1,-0.148155831087805,-0.0205604392081945,-0.541759111308224,-9.38965616866415,First,6,3,1287.82639160434,129.86336589231,38.2462885766959,36.9115773219792,8.22087818033677
6,SP,1,37.4080109406618,45.8661605188235,2,-0.0276644238956735,0.00138749197282681,-0.227521534670842,-7.94665352447477,First,6,1,1287.82639160434,129.86336589231,38.2462885766959,36.9115773219792,8.22087818033677
6,SP,1,37.4200161108904,45.1550284715069,2,-0.0228130839803342,0.00623883188816616,-0.215516364442202,-8.65778557179144,First,6,2,1287.82639160434,129.86336589231,38.2462885766959,36.9115773219792,8.22087818033677
6,SP,1,37.0937733640244,44.4231578746341,2,-0.0279534265188146,0.00109848934968573,-0.541759111308224,-9.38965616866415,First,6,3,1287.82639160434,129.86336589231,38.2462885766959,36.9115773219792,8.22087818033677
6,SP,1,37.4080109406618,45.8661605188235,3,-0.126860925117688,-0.0261659680493447,-0.227521534670842,-7.94665352447477,First,6,1,1287.82639160434,129.86336589231,38.2462885766959,36.9115773219792,8.22087818033677
6,SP,1,37.4200161108904,45.1550284715069,3,-0.112272444983246,-0.0115774879149024,-0.215516364442202,-8.65778557179144,First,6,2,1287.82639160434,129.86336589231,38.2462885766959,36.9115773219792,8.22087818033677
6,SP,1,37.0937733640244,44.4231578746341,3,-0.120490760269215,-0.0197958032008713,-0.541759111308224,-9.38965616866415,First,6,3,1287.82639160434,129.86336589231,38.2462885766959,36.9115773219792,8.22087818033677
6,SP,1,37.4080109406618,45.8661605188235,4,-0.129637853263851,-0.0416515903165363,-0.227521534670842,-7.94665352447477,First,6,1,1287.82639160434,129.86336589231,38.2462885766959,36.9115773219792,8.22087818033677
6,SP,1,37.4200161108904,45.1550284715069,4,-0.120619449068679,-0.0326331861213652,-0.215516364442202,-8.65778557179144,First,6,2,1287.82639160434,129.86336589231,38.2462885766959,36.9115773219792,8.22087818033677
6,SP,1,37.0937733640244,44.4231578746341,4,-0.121814445865321,-0.0338281829180065,-0.541759111308224,-9.38965616866415,First,6,3,1287.82639160434,129.86336589231,38.2462885766959,36.9115773219792,8.22087818033677
6,SP,1,37.4080109406618,45.8661605188235,5,-0.557298800060912,-0.168968469881276,-0.227521534670842,-7.94665352447477,First,6,1,1287.82639160434,129.86336589231,38.2462885766959,36.9115773219792,8.22087818033677
6,SP,1,37.4200161108904,45.1550284715069,5,-0.535286979780888,-0.146956649601252,-0.215516364442202,-8.65778557179144,First,6,2,1287.82639160434,129.86336589231,38.2462885766959,36.9115773219792,8.22087818033677
6,SP,1,37.0937733640244,44.4231578746341,5,-0.528697906331824,-0.140367576152189,-0.541759111308224,-9.38965616866415,First,6,3,1287.82639160434,129.86336589231,38.2462885766959,36.9115773219792,8.22087818033677
6,SP,1,37.4080109406618,45.8661605188235,6,-0.345157466321371,-0.0904322859388855,-0.227521534670842,-7.94665352447477,First,6,1,1287.82639160434,129.86336589231,38.2462885766959,36.9115773219792,8.22087818033677
6,SP,1,37.4200161108904,45.1550284715069,6,-0.333570044633168,-0.0788448642506819,-0.215516364442202,-8.65778557179144,First,6,2,1287.82639160434,129.86336589231,38.2462885766959,36.9115773219792,8.22087818033677
6,SP,1,37.0937733640244,44.4231578746341,6,-0.321791298887407,-0.0670661185049215,-0.541759111308224,-9.38965616866415,First,6,3,1287.82639160434,129.86336589231,38.2462885766959,36.9115773219792,8.22087818033677
6,SP,1,37.4080109406618,45.8661605188235,7,-0.0214395367157204,-8.826144465654e-05,-0.227521534670842,-7.94665352447477,First,6,1,1287.82639160434,129.86336589231,38.2462885766959,36.9115773219792,8.22087818033677
6,SP,1,37.4200161108904,45.1550284715069,7,-0.0188360976144453,0.00251517765661853,-0.215516364442202,-8.65778557179144,First,6,2,1287.82639160434,129.86336589231,38.2462885766959,36.9115773219792,8.22087818033677
6,SP,1,37.0937733640244,44.4231578746341,7,-0.0257983062154019,-0.00444703094433808,-0.541759111308224,-9.38965616866415,First,6,3,1287.82639160434,129.86336589231,38.2462885766959,36.9115773219792,8.22087818033677
6,SP,1,37.4080109406618,45.8661605188235,8,-0.808623324050437,-0.21454186554954,-0.227521534670842,-7.94665352447477,First,6,1,1287.82639160434,129.86336589231,38.2462885766959,36.9115773219792,8.22087818033677
6,SP,1,37.4200161108904,45.1550284715069,8,-0.781947675448116,-0.187866216947219,-0.215516364442202,-8.65778557179144,First,6,2,1287.82639160434,129.86336589231,38.2462885766959,36.9115773219792,8.22087818033677
6,SP,1,37.0937733640244,44.4231578746341,8,-0.789570264880811,-0.195488806379914,-0.541759111308224,-9.38965616866415,First,6,3,1287.82639160434,129.86336589231,38.2462885766959,36.9115773219792,8.22087818033677
7,SP,1,34.3639688292715,31.2511512781457,1,-0.427752511659983,-0.213359209517004,0.346876663146503,-26.9017704072256,First,6,1,781.562918103007,101.656522550319,33.4440311833821,31.0442772897193,6.19821509642225
7,SP,1,34.3524604630345,30.8647077826207,1,-0.4162283549655,-0.201835052822521,0.335368296909472,-27.2882139027506,First,6,2,781.562918103007,101.656522550319,33.4440311833821,31.0442772897193,6.19821509642225
7,SP,1,34.4625877247143,29.46407868,1,-0.388866696537,-0.174473394394021,0.445495558589265,-28.6888430053713,First,6,3,781.562918103007,101.656522550319,33.4440311833821,31.0442772897193,6.19821509642225
7,SP,1,34.3639688292715,31.2511512781457,2,0.0389005836959205,-0.0965589724250101,0.346876663146503,-26.9017704072256,First,6,1,781.562918103007,101.656522550319,33.4440311833821,31.0442772897193,6.19821509642225
7,SP,1,34.3524604630345,30.8647077826207,2,0.0321536433480331,-0.103305912772897,0.335368296909472,-27.2882139027506,First,6,2,781.562918103007,101.656522550319,33.4440311833821,31.0442772897193,6.19821509642225
7,SP,1,34.4625877247143,29.46407868,2,0.0253258538815543,-0.110133702239376,0.445495558589265,-28.6888430053713,First,6,3,781.562918103007,101.656522550319,33.4440311833821,31.0442772897193,6.19821509642225
7,SP,1,34.3639688292715,31.2511512781457,3,0.219899004163766,0.148771901959738,0.346876663146503,-26.9017704072256,First,6,1,781.562918103007,101.656522550319,33.4440311833821,31.0442772897193,6.19821509642225
7,SP,1,34.3524604630345,30.8647077826207,3,0.199971779162032,0.128844676958004,0.335368296909472,-27.2882139027506,First,6,2,781.562918103007,101.656522550319,33.4440311833821,31.0442772897193,6.19821509642225
7,SP,1,34.4625877247143,29.46407868,3,0.189034004988746,0.117906902784718,0.445495558589265,-28.6888430053713,First,6,3,781.562918103007,101.656522550319,33.4440311833821,31.0442772897193,6.19821509642225
7,SP,1,34.3639688292715,31.2511512781457,4,-0.0343093377169591,-0.000589058963031734,0.346876663146503,-26.9017704072256,First,6,1,781.562918103007,101.656522550319,33.4440311833821,31.0442772897193,6.19821509642225
7,SP,1,34.3524604630345,30.8647077826207,4,-0.0372550931472993,-0.00353481439337196,0.335368296909472,-27.2882139027506,First,6,2,781.562918103007,101.656522550319,33.4440311833821,31.0442772897193,6.19821509642225
7,SP,1,34.4625877247143,29.46407868,4,-0.038832594812267,-0.00511231605833967,0.445495558589265,-28.6888430053713,First,6,3,781.562918103007,101.656522550319,33.4440311833821,31.0442772897193,6.19821509642225
7,SP,1,34.3639688292715,31.2511512781457,5,0.0798797836447629,0.045611457089799,0.346876663146503,-26.9017704072256,First,6,1,781.562918103007,101.656522550319,33.4440311833821,31.0442772897193,6.19821509642225
7,SP,1,34.3524604630345,30.8647077826207,5,0.0755752033511503,0.0413068767961864,0.335368296909472,-27.2882139027506,First,6,2,781.562918103007,101.656522550319,33.4440311833821,31.0442772897193,6.19821509642225
7,SP,1,34.4625877247143,29.46407868,5,0.0665149648223657,0.0322466382674019,0.445495558589265,-28.6888430053713,First,6,3,781.562918103007,101.656522550319,33.4440311833821,31.0442772897193,6.19821509642225
7,SP,1,34.3639688292715,31.2511512781457,6,-0.00851464676262914,-0.00860865960066204,0.346876663146503,-26.9017704072256,First,6,1,781.562918103007,101.656522550319,33.4440311833821,31.0442772897193,6.19821509642225
7,SP,1,34.3524604630345,30.8647077826207,6,-0.011508726305522,-0.0116027391435549,0.335368296909472,-27.2882139027506,First,6,2,781.562918103007,101.656522550319,33.4440311833821,31.0442772897193,6.19821509642225
7,SP,1,34.4625877247143,29.46407868,6,-0.01271744906421,-0.0128114619022429,0.445495558589265,-28.6888430053713,First,6,3,781.562918103007,101.656522550319,33.4440311833821,31.0442772897193,6.19821509642225
7,SP,1,34.3639688292715,31.2511512781457,7,0.257287404192974,0.12075384937872,0.346876663146503,-26.9017704072256,First,6,1,781.562918103007,101.656522550319,33.4440311833821,31.0442772897193,6.19821509642225
7,SP,1,34.3524604630345,30.8647077826207,7,0.243680542630572,0.107146987816319,0.335368296909472,-27.2882139027506,First,6,2,781.562918103007,101.656522550319,33.4440311833821,31.0442772897193,6.19821509642225
7,SP,1,34.4625877247143,29.46407868,7,0.2230473070089,0.0865137521946466,0.445495558589265,-28.6888430053713,First,6,3,781.562918103007,101.656522550319,33.4440311833821,31.0442772897193,6.19821509642225
7,SP,1,34.3639688292715,31.2511512781457,8,0.147954804134354,0.107715013030507,0.346876663146503,-26.9017704072256,First,6,1,781.562918103007,101.656522550319,33.4440311833821,31.0442772897193,6.19821509642225
7,SP,1,34.3524604630345,30.8647077826207,8,0.142415797654339,0.102176006550492,0.335368296909472,-27.2882139027506,First,6,2,781.562918103007,101.656522550319,33.4440311833821,31.0442772897193,6.19821509642225
7,SP,1,34.4625877247143,29.46407868,8,0.111665656105835,0.0714258650019877,0.445495558589265,-28.6888430053713,First,6,3,781.562918103007,101.656522550319,33.4440311833821,31.0442772897193,6.19821509642225
8,SP,1,36.8479383881707,33.4879776785366,1,-0.437569335082914,0.337268868064255,-0.139175596385293,-22.8862728998367,First,2,1,1078.99120093261,119.423869426347,35.6227681021258,32.3172815499489,1.10209008470671
8,SP,1,36.3720918058163,34.3173794420408,1,-0.467356758349647,0.307481444797522,-0.6150221787397,-22.0568711363324,First,2,2,1078.99120093261,119.423869426347,35.6227681021258,32.3172815499489,1.10209008470671
8,SP,1,36.414137562033,33.8095672193407,1,-0.533243543571377,0.241594659575793,-0.572976422523062,-22.5646833590326,First,2,3,1078.99120093261,119.423869426347,35.6227681021258,32.3172815499489,1.10209008470671
8,SP,1,36.8479383881707,33.4879776785366,2,-0.128151230475251,0.234894645499998,-0.139175596385293,-22.8862728998367,First,2,1,1078.99120093261,119.423869426347,35.6227681021258,32.3172815499489,1.10209008470671
8,SP,1,36.3720918058163,34.3173794420408,2,-0.137098586936777,0.225947289038471,-0.6150221787397,-22.0568711363324,First,2,2,1078.99120093261,119.423869426347,35.6227681021258,32.3172815499489,1.10209008470671
8,SP,1,36.414137562033,33.8095672193407,2,-0.153051424927668,0.209994451047581,-0.572976422523062,-22.5646833590326,First,2,3,1078.99120093261,119.423869426347,35.6227681021258,32.3172815499489,1.10209008470671
8,SP,1,36.8479383881707,33.4879776785366,3,0.250385161760433,0.0523155299997465,-0.139175596385293,-22.8862728998367,First,2,1,1078.99120093261,119.423869426347,35.6227681021258,32.3172815499489,1.10209008470671
8,SP,1,36.3720918058163,34.3173794420408,3,0.248380556838705,0.0503109250780188,-0.6150221787397,-22.0568711363324,First,2,2,1078.99120093261,119.423869426347,35.6227681021258,32.3172815499489,1.10209008470671
8,SP,1,36.414137562033,33.8095672193407,3,0.217933587660884,0.0198639559001983,-0.572976422523062,-22.5646833590326,First,2,3,1078.99120093261,119.423869426347,35.6227681021258,32.3172815499489,1.10209008470671
8,SP,1,36.8479383881707,33.4879776785366,4,0.00332435802288351,0.0652206438007105,-0.139175596385293,-22.8862728998367,First,2,1,1078.99120093261,119.423869426347,35.6227681021258,32.3172815499489,1.10209008470671
8,SP,1,36.3720918058163,34.3173794420408,4,0.00375637542059393,0.0656526611984209,-0.6150221787397,-22.0568711363324,First,2,2,1078.99120093261,119.423869426347,35.6227681021258,32.3172815499489,1.10209008470671
8,SP,1,36.414137562033,33.8095672193407,4,0.00960606950434118,0.0715023552821681,-0.572976422523062,-22.5646833590326,First,2,3,1078.99120093261,119.423869426347,35.6227681021258,32.3172815499489,1.10209008470671
8,SP,1,36.8479383881707,33.4879776785366,5,-0.294742825509356,0.0248032621312546,-0.139175596385293,-22.8862728998367,First,2,1,1078.99120093261,119.423869426347,35.6227681021258,32.3172815499489,1.10209008470671
8,SP,1,36.3720918058163,34.3173794420408,5,-0.298893263287586,0.0206528243530247,-0.6150221787397,-22.0568711363324,First,2,2,1078.99120093261,119.423869426347,35.6227681021258,32.3172815499489,1.10209008470671
8,SP,1,36.414137562033,33.8095672193407,5,-0.286103010273725,0.0334430773668862,-0.572976422523062,-22.5646833590326,First,2,3,1078.99120093261,119.423869426347,35.6227681021258,32.3172815499489,1.10209008470671
8,SP,1,36.8479383881707,33.4879776785366,6,-0.523376037653454,-0.149889542333192,-0.139175596385293,-22.8862728998367,First,2,1,1078.99120093261,119.423869426347,35.6227681021258,32.3172815499489,1.10209008470671
8,SP,1,36.3720918058163,34.3173794420408,6,-0.533054579162385,-0.159568083842122,-0.6150221787397,-22.0568711363324,First,2,2,1078.99120093261,119.423869426347,35.6227681021258,32.3172815499489,1.10209008470671
8,SP,1,36.414137562033,33.8095672193407,6,-0.520439705183456,-0.146953209863193,-0.572976422523062,-22.5646833590326,First,2,3,1078.99120093261,119.423869426347,35.6227681021258,32.3172815499489,1.10209008470671
8,SP,1,36.8479383881707,33.4879776785366,7,-0.31379941438633,-0.142431586653899,-0.139175596385293,-22.8862728998367,First,2,1,1078.99120093261,119.423869426347,35.6227681021258,32.3172815499489,1.10209008470671
8,SP,1,36.3720918058163,34.3173794420408,7,-0.328774803352539,-0.157406975620109,-0.6150221787397,-22.0568711363324,First,2,2,1078.99120093261,119.423869426347,35.6227681021258,32.3172815499489,1.10209008470671
8,SP,1,36.414137562033,33.8095672193407,7,-0.372651451371526,-0.201283623639095,-0.572976422523062,-22.5646833590326,First,2,3,1078.99120093261,119.423869426347,35.6227681021258,32.3172815499489,1.10209008470671
8,SP,1,36.8479383881707,33.4879776785366,8,-0.215661988568272,-0.142416901752208,-0.139175596385293,-22.8862728998367,First,2,1,1078.99120093261,119.423869426347,35.6227681021258,32.3172815499489,1.10209008470671
8,SP,1,36.3720918058163,34.3173794420408,8,-0.251274192710598,-0.178029105894534,-0.6150221787397,-22.0568711363324,First,2,2,1078.99120093261,119.423869426347,35.6227681021258,32.3172815499489,1.10209008470671
8,SP,1,36.414137562033,33.8095672193407,8,-0.26634191335566,-0.193096826539596,-0.572976422523062,-22.5646833590326,First,2,3,1078.99120093261,119.423869426347,35.6227681021258,32.3172815499489,1.10209008470671
9,SP,1,36.4399867625807,22.1709386707097,1,-0.239018984720173,-0.00841412045227008,-0.713285823052743,-31.6449504566752,First,7,1,1115.54329271287,122.072116311948,35.7327323185867,34.8334851092375,3.02903650393564
9,SP,1,36.3745599686577,21.8352730896644,1,-0.240802264586884,-0.0101974003189816,-0.778712616975682,-31.9806160377204,First,7,2,1115.54329271287,122.072116311948,35.7327323185867,34.8334851092375,3.02903650393564
9,SP,1,35.8644499722581,21.4596462948387,1,-0.240365254029978,-0.00976038976207511,-1.28882261337532,-32.3562428325461,First,7,3,1115.54329271287,122.072116311948,35.7327323185867,34.8334851092375,3.02903650393564
9,SP,1,36.4399867625807,22.1709386707097,2,0.153958181960651,0.0498445730954902,-0.713285823052743,-31.6449504566752,First,7,1,1115.54329271287,122.072116311948,35.7327323185867,34.8334851092375,3.02903650393564
9,SP,1,36.3745599686577,21.8352730896644,2,0.146487159715572,0.0423735508504108,-0.778712616975682,-31.9806160377204,First,7,2,1115.54329271287,122.072116311948,35.7327323185867,34.8334851092375,3.02903650393564
9,SP,1,35.8644499722581,21.4596462948387,2,0.142403844335013,0.0382902354698517,-1.28882261337532,-32.3562428325461,First,7,3,1115.54329271287,122.072116311948,35.7327323185867,34.8334851092375,3.02903650393564
9,SP,1,36.4399867625807,22.1709386707097,3,-0.0742627498471057,0.0277473649018736,-0.713285823052743,-31.6449504566752,First,7,1,1115.54329271287,122.072116311948,35.7327323185867,34.8334851092375,3.02903650393564
9,SP,1,36.3745599686577,21.8352730896644,3,-0.0807096587587126,0.0213004559902668,-0.778712616975682,-31.9806160377204,First,7,2,1115.54329271287,122.072116311948,35.7327323185867,34.8334851092375,3.02903650393564
9,SP,1,35.8644499722581,21.4596462948387,3,-0.0668241483079009,0.0351859664410785,-1.28882261337532,-32.3562428325461,First,7,3,1115.54329271287,122.072116311948,35.7327323185867,34.8334851092375,3.02903650393564
9,SP,1,36.4399867625807,22.1709386707097,4,-0.493343626199221,-0.202655405707446,-0.713285823052743,-31.6449504566752,First,7,1,1115.54329271287,122.072116311948,35.7327323185867,34.8334851092375,3.02903650393564
9,SP,1,36.3745599686577,21.8352730896644,4,-0.475925134359514,-0.18523691386774,-0.778712616975682,-31.9806160377204,First,7,2,1115.54329271287,122.072116311948,35.7327323185867,34.8334851092375,3.02903650393564
9,SP,1,35.8644499722581,21.4596462948387,4,-0.451903074674711,-0.161214854182937,-1.28882261337532,-32.3562428325461,First,7,3,1115.54329271287,122.072116311948,35.7327323185867,34.8334851092375,3.02903650393564
9,SP,1,36.4399867625807,22.1709386707097,5,-0.596429377315286,-0.177121634822655,-0.713285823052743,-31.6449504566752,First,7,1,1115.54329271287,122.072116311948,35.7327323185867,34.8334851092375,3.02903650393564
9,SP,1,36.3745599686577,21.8352730896644,5,-0.586067341589342,-0.166759599096711,-0.778712616975682,-31.9806160377204,First,7,2,1115.54329271287,122.072116311948,35.7327323185867,34.8334851092375,3.02903650393564
9,SP,1,35.8644499722581,21.4596462948387,5,-0.55848521009465,-0.139177467602019,-1.28882261337532,-32.3562428325461,First,7,3,1115.54329271287,122.072116311948,35.7327323185867,34.8334851092375,3.02903650393564
9,SP,1,36.4399867625807,22.1709386707097,6,-0.161942800019482,-3.06412132359268e-05,-0.713285823052743,-31.6449504566752,First,7,1,1115.54329271287,122.072116311948,35.7327323185867,34.8334851092375,3.02903650393564
9,SP,1,36.3745599686577,21.8352730896644,6,-0.158563728802966,0.00334843000328003,-0.778712616975682,-31.9806160377204,First,7,2,1115.54329271287,122.072116311948,35.7327323185867,34.8334851092375,3.02903650393564
9,SP,1,35.8644499722581,21.4596462948387,6,-0.148996059887864,0.0129160989183815,-1.28882261337532,-32.3562428325461,First,7,3,1115.54329271287,122.072116311948,35.7327323185867,34.8334851092375,3.02903650393564
9,SP,1,36.4399867625807,22.1709386707097,7,-0.061648327386155,-0.052426103924013,-0.713285823052743,-31.6449504566752,First,7,1,1115.54329271287,122.072116311948,35.7327323185867,34.8334851092375,3.02903650393564
9,SP,1,36.3745599686577,21.8352730896644,7,-0.0837165435834483,-0.0744943201213063,-0.778712616975682,-31.9806160377204,First,7,2,1115.54329271287,122.072116311948,35.7327323185867,34.8334851092375,3.02903650393564
9,SP,1,35.8644499722581,21.4596462948387,7,-0.0809278380713131,-0.0717056146091711,-1.28882261337532,-32.3562428325461,First,7,3,1115.54329271287,122.072116311948,35.7327323185867,34.8334851092375,3.02903650393564
9,SP,1,36.4399867625807,22.1709386707097,8,-0.561266378892584,-0.328140161556637,-0.713285823052743,-31.6449504566752,First,7,1,1115.54329271287,122.072116311948,35.7327323185867,34.8334851092375,3.02903650393564
9,SP,1,36.3745599686577,21.8352730896644,8,-0.574542892466543,-0.341416675130596,-0.778712616975682,-31.9806160377204,First,7,2,1115.54329271287,122.072116311948,35.7327323185867,34.8334851092375,3.02903650393564
9,SP,1,35.8644499722581,21.4596462948387,8,-0.539972038994901,-0.306845821658954,-1.28882261337532,-32.3562428325461,First,7,3,1115.54329271287,122.072116311948,35.7327323185867,34.8334851092375,3.02903650393564
10,SP,1,32.6037094058824,41.6457423861438,1,-0.584791296927077,-0.137728660480925,-1.45601730826611,-14.4674993233657,Third,8,1,1377.91575423714,133.86488924504,41.44840841575,34.2425085122039,6.19384980206197
10,SP,1,33.94336192,41.8567223298413,1,-0.635758979858927,-0.188696343412775,-0.11636479414846,-14.2565193796682,Third,8,2,1377.91575423714,133.86488924504,41.44840841575,34.2425085122039,6.19384980206197
10,SP,1,33.1588550957143,43.1425681554286,1,-0.630046089112234,-0.182983452666082,-0.900871618434174,-12.9706735540809,Third,8,3,1377.91575423714,133.86488924504,41.44840841575,34.2425085122039,6.19384980206197
10,SP,1,32.6037094058824,41.6457423861438,2,-0.12591838939386,0.0193286719386456,-1.45601730826611,-14.4674993233657,Third,8,1,1377.91575423714,133.86488924504,41.44840841575,34.2425085122039,6.19384980206197
10,SP,1,33.94336192,41.8567223298413,2,-0.160131524365208,-0.014884463032702,-0.11636479414846,-14.2565193796682,Third,8,2,1377.91575423714,133.86488924504,41.44840841575,34.2425085122039,6.19384980206197
10,SP,1,33.1588550957143,43.1425681554286,2,-0.143616929345815,0.00163013198669071,-0.900871618434174,-12.9706735540809,Third,8,3,1377.91575423714,133.86488924504,41.44840841575,34.2425085122039,6.19384980206197
10,SP,1,32.6037094058824,41.6457423861438,3,0.0274859234986091,-0.00218381667699189,-1.45601730826611,-14.4674993233657,Third,8,1,1377.91575423714,133.86488924504,41.44840841575,34.2425085122039,6.19384980206197
10,SP,1,33.94336192,41.8567223298413,3,0.0170588828180399,-0.012610857357561,-0.11636479414846,-14.2565193796682,Third,8,2,1377.91575423714,133.86488924504,41.44840841575,34.2425085122039,6.19384980206197
10,SP,1,33.1588550957143,43.1425681554286,3,0.017984578464177,-0.011685161711424,-0.900871618434174,-12.9706735540809,Third,8,3,1377.91575423714,133.86488924504,41.44840841575,34.2425085122039,6.19384980206197
10,SP,1,32.6037094058824,41.6457423861438,4,-0.0117065388338389,-0.0315476065066441,-1.45601730826611,-14.4674993233657,Third,8,1,1377.91575423714,133.86488924504,41.44840841575,34.2425085122039,6.19384980206197
10,SP,1,33.94336192,41.8567223298413,4,-0.0183059516012507,-0.0381470192740558,-0.11636479414846,-14.2565193796682,Third,8,2,1377.91575423714,133.86488924504,41.44840841575,34.2425085122039,6.19384980206197
10,SP,1,33.1588550957143,43.1425681554286,4,-0.0164415398454109,-0.0362826075182161,-0.900871618434174,-12.9706735540809,Third,8,3,1377.91575423714,133.86488924504,41.44840841575,34.2425085122039,6.19384980206197
10,SP,1,32.6037094058824,41.6457423861438,5,-0.65212811118214,-0.147632767654396,-1.45601730826611,-14.4674993233657,Third,8,1,1377.91575423714,133.86488924504,41.44840841575,34.2425085122039,6.19384980206197
10,SP,1,33.94336192,41.8567223298413,5,-0.675743949230576,-0.171248605702832,-0.11636479414846,-14.2565193796682,Third,8,2,1377.91575423714,133.86488924504,41.44840841575,34.2425085122039,6.19384980206197
10,SP,1,33.1588550957143,43.1425681554286,5,-0.675159251949942,-0.170663908422198,-0.900871618434174,-12.9706735540809,Third,8,3,1377.91575423714,133.86488924504,41.44840841575,34.2425085122039,6.19384980206197
10,SP,1,32.6037094058824,41.6457423861438,6,-0.186687535940335,-0.00217076741262606,-1.45601730826611,-14.4674993233657,Third,8,1,1377.91575423714,133.86488924504,41.44840841575,34.2425085122039,6.19384980206197
10,SP,1,33.94336192,41.8567223298413,6,-0.19773784706797,-0.0132210785402607,-0.11636479414846,-14.2565193796682,Third,8,2,1377.91575423714,133.86488924504,41.44840841575,34.2425085122039,6.19384980206197
10,SP,1,33.1588550957143,43.1425681554286,6,-0.198252153324794,-0.0137353847970851,-0.900871618434174,-12.9706735540809,Third,8,3,1377.91575423714,133.86488924504,41.44840841575,34.2425085122039,6.19384980206197
10,SP,1,32.6037094058824,41.6457423861438,7,-0.122217474077492,0.0217049862941092,-1.45601730826611,-14.4674993233657,Third,8,1,1377.91575423714,133.86488924504,41.44840841575,34.2425085122039,6.19384980206197
10,SP,1,33.94336192,41.8567223298413,7,-0.136662599616488,0.00725986075511231,-0.11636479414846,-14.2565193796682,Third,8,2,1377.91575423714,133.86488924504,41.44840841575,34.2425085122039,6.19384980206197
10,SP,1,33.1588550957143,43.1425681554286,7,-0.122570949477209,0.0213515108943919,-0.900871618434174,-12.9706735540809,Third,8,3,1377.91575423714,133.86488924504,41.44840841575,34.2425085122039,6.19384980206197
10,SP,1,32.6037094058824,41.6457423861438,8,-0.61836417749338,-0.106252921363786,-1.45601730826611,-14.4674993233657,Third,8,1,1377.91575423714,133.86488924504,41.44840841575,34.2425085122039,6.19384980206197
10,SP,1,33.94336192,41.8567223298413,8,-0.633911273679952,-0.121800017550358,-0.11636479414846,-14.2565193796682,Third,8,2,1377.91575423714,133.86488924504,41.44840841575,34.2425085122039,6.19384980206197
10,SP,1,33.1588550957143,43.1425681554286,8,-0.637869912454525,-0.125758656324931,-0.900871618434174,-12.9706735540809,Third,8,3,1377.91575423714,133.86488924504,41.44840841575,34.2425085122039,6.19384980206197
11,SP,1,35.3845280007692,45.7305851551282,1,-0.0481402989872278,0.0168851292199969,0.822359112272046,-5.76196463307455,First,2,1,1423.1387438192,137.432645538887,37.6673800704173,44.506579625384,2.79555805384997
11,SP,1,35.1337525435032,45.5634922512102,1,-0.0682732770790067,-0.00324784887178198,0.571583655005995,-5.92905753699255,First,2,2,1423.1387438192,137.432645538887,37.6673800704173,44.506579625384,2.79555805384997
11,SP,1,34.8819938846591,44.8139538204545,1,-0.0779048487641492,-0.0128794205569245,0.319824996161898,-6.67859596774822,First,2,3,1423.1387438192,137.432645538887,37.6673800704173,44.506579625384,2.79555805384997
11,SP,1,35.3845280007692,45.7305851551282,2,-0.016345673571939,0.0420122795464258,0.822359112272046,-5.76196463307455,First,2,1,1423.1387438192,137.432645538887,37.6673800704173,44.506579625384,2.79555805384997
11,SP,1,35.1337525435032,45.5634922512102,2,-0.0605036217471586,-0.00214566862879378,0.571583655005995,-5.92905753699255,First,2,2,1423.1387438192,137.432645538887,37.6673800704173,44.506579625384,2.79555805384997
11,SP,1,34.8819938846591,44.8139538204545,2,-0.0526924270943371,0.00566552602402763,0.319824996161898,-6.67859596774822,First,2,3,1423.1387438192,137.432645538887,37.6673800704173,44.506579625384,2.79555805384997
11,SP,1,35.3845280007692,45.7305851551282,3,0.0914468663835325,0.0540549247341401,0.822359112272046,-5.76196463307455,First,2,1,1423.1387438192,137.432645538887,37.6673800704173,44.506579625384,2.79555805384997
11,SP,1,35.1337525435032,45.5634922512102,3,0.0466219763588076,0.0092300347094151,0.571583655005995,-5.92905753699255,First,2,2,1423.1387438192,137.432645538887,37.6673800704173,44.506579625384,2.79555805384997
11,SP,1,34.8819938846591,44.8139538204545,3,0.0469844834242168,0.00959254177482435,0.319824996161898,-6.67859596774822,First,2,3,1423.1387438192,137.432645538887,37.6673800704173,44.506579625384,2.79555805384997
11,SP,1,35.3845280007692,45.7305851551282,4,-0.0688499442603894,0.0261414648961055,0.822359112272046,-5.76196463307455,First,2,1,1423.1387438192,137.432645538887,37.6673800704173,44.506579625384,2.79555805384997
11,SP,1,35.1337525435032,45.5634922512102,4,-0.091961216553321,0.00303019260317386,0.571583655005995,-5.92905753699255,First,2,2,1423.1387438192,137.432645538887,37.6673800704173,44.506579625384,2.79555805384997
11,SP,1,34.8819938846591,44.8139538204545,4,-0.088254286545437,0.00673712261105784,0.319824996161898,-6.67859596774822,First,2,3,1423.1387438192,137.432645538887,37.6673800704173,44.506579625384,2.79555805384997
11,SP,1,35.3845280007692,45.7305851551282,5,-0.56450472370221,-0.116095674190706,0.822359112272046,-5.76196463307455,First,2,1,1423.1387438192,137.432645538887,37.6673800704173,44.506579625384,2.79555805384997
11,SP,1,35.1337525435032,45.5634922512102,5,-0.557060572240974,-0.10865152272947,0.571583655005995,-5.92905753699255,First,2,2,1423.1387438192,137.432645538887,37.6673800704173,44.506579625384,2.79555805384997
11,SP,1,34.8819938846591,44.8139538204545,5,-0.523708713329623,-0.0752996638181196,0.319824996161898,-6.67859596774822,First,2,3,1423.1387438192,137.432645538887,37.6673800704173,44.506579625384,2.79555805384997
11,SP,1,35.3845280007692,45.7305851551282,6,-0.073669092011019,-0.0160002189164994,0.822359112272046,-5.76196463307455,First,2,1,1423.1387438192,137.432645538887,37.6673800704173,44.506579625384,2.79555805384997
11,SP,1,35.1337525435032,45.5634922512102,6,-0.0698053492417049,-0.0121364761471853,0.571583655005995,-5.92905753699255,First,2,2,1423.1387438192,137.432645538887,37.6673800704173,44.506579625384,2.79555805384997
11,SP,1,34.8819938846591,44.8139538204545,6,-0.0573498134875771,0.000319059606942472,0.319824996161898,-6.67859596774822,First,2,3,1423.1387438192,137.432645538887,37.6673800704173,44.506579625384,2.79555805384997
11,SP,1,35.3845280007692,45.7305851551282,7,0.0409985653123475,0.0123639396693063,0.822359112272046,-5.76196463307455,First,2,1,1423.1387438192,137.432645538887,37.6673800704173,44.506579625384,2.79555805384997
11,SP,1,35.1337525435032,45.5634922512102,7,0.0543186434399805,0.0256840177969393,0.571583655005995,-5.92905753699255,First,2,2,1423.1387438192,137.432645538887,37.6673800704173,44.506579625384,2.79555805384997
11,SP,1,34.8819938846591,44.8139538204545,7,0.0482461246581261,0.0196114990150849,0.319824996161898,-6.67859596774822,First,2,3,1423.1387438192,137.432645538887,37.6673800704173,44.506579625384,2.79555805384997
11,SP,1,35.3845280007692,45.7305851551282,8,-0.603872795894832,-0.0278764248824397,0.822359112272046,-5.76196463307455,First,2,1,1423.1387438192,137.432645538887,37.6673800704173,44.506579625384,2.79555805384997
11,SP,1,35.1337525435032,45.5634922512102,8,-0.587015273314867,-0.011018902302475,0.571583655005995,-5.92905753699255,First,2,2,1423.1387438192,137.432645538887,37.6673800704173,44.506579625384,2.79555805384997
11,SP,1,34.8819938846591,44.8139538204545,8,-0.556787111035088,0.0192092599773036,0.319824996161898,-6.67859596774822,First,2,3,1423.1387438192,137.432645538887,37.6673800704173,44.506579625384,2.79555805384997
12,SP,1,36.4474526002597,13.2677457449351,1,-0.754867444458628,-0.139809728420403,-0.077779600973706,-41.8099168685994,Third,8,1,1422.05260756328,135.969528372448,39.8355661253051,45.6540031784042,0
12,SP,1,36.2972107414286,13.1812689005195,1,-0.738116302349377,-0.123058586311152,-0.228021459804879,-41.8963937130149,Third,8,2,1422.05260756328,135.969528372448,39.8355661253051,45.6540031784042,0
12,SP,1,36.0747151608553,13.3302846176316,1,-0.748868953969345,-0.133811237931119,-0.45051704037818,-41.7473779959028,Third,8,3,1422.05260756328,135.969528372448,39.8355661253051,45.6540031784042,0
12,SP,1,36.4474526002597,13.2677457449351,2,-0.618089907827444,0.131902706050268,-0.077779600973706,-41.8099168685994,Third,8,1,1422.05260756328,135.969528372448,39.8355661253051,45.6540031784042,0
12,SP,1,36.2972107414286,13.1812689005195,2,-0.612990299556248,0.137002314321464,-0.228021459804879,-41.8963937130149,Third,8,2,1422.05260756328,135.969528372448,39.8355661253051,45.6540031784042,0
12,SP,1,36.0747151608553,13.3302846176316,2,-0.609930498635432,0.140062115242281,-0.45051704037818,-41.7473779959028,Third,8,3,1422.05260756328,135.969528372448,39.8355661253051,45.6540031784042,0
12,SP,1,36.4474526002597,13.2677457449351,3,-0.000493801034196897,0.0671796019870955,-0.077779600973706,-41.8099168685994,Third,8,1,1422.05260756328,135.969528372448,39.8355661253051,45.6540031784042,0
12,SP,1,36.2972107414286,13.1812689005195,3,0.00274545986469302,0.0704188628859854,-0.228021459804879,-41.8963937130149,Third,8,2,1422.05260756328,135.969528372448,39.8355661253051,45.6540031784042,0
12,SP,1,36.0747151608553,13.3302846176316,3,0.00376939299257398,0.0714427960138663,-0.45051704037818,-41.7473779959028,Third,8,3,1422.05260756328,135.969528372448,39.8355661253051,45.6540031784042,0
12,SP,1,36.4474526002597,13.2677457449351,4,-0.0747710819553377,0.00539273146606402,-0.077779600973706,-41.8099168685994,Third,8,1,1422.05260756328,135.969528372448,39.8355661253051,45.6540031784042,0
12,SP,1,36.2972107414286,13.1812689005195,4,-0.071047413631761,0.00911639978964075,-0.228021459804879,-41.8963937130149,Third,8,2,1422.05260756328,135.969528372448,39.8355661253051,45.6540031784042,0
12,SP,1,36.0747151608553,13.3302846176316,4,-0.0714713984615626,0.00869241495983911,-0.45051704037818,-41.7473779959028,Third,8,3,1422.05260756328,135.969528372448,39.8355661253051,45.6540031784042,0
12,SP,1,36.4474526002597,13.2677457449351,5,-0.354098632876125,0.00389680556619759,-0.077779600973706,-41.8099168685994,Third,8,1,1422.05260756328,135.969528372448,39.8355661253051,45.6540031784042,0
12,SP,1,36.2972107414286,13.1812689005195,5,-0.346133340479724,0.0118620979625988,-0.228021459804879,-41.8963937130149,Third,8,2,1422.05260756328,135.969528372448,39.8355661253051,45.6540031784042,0
12,SP,1,36.0747151608553,13.3302846176316,5,-0.342274514336901,0.0157209241054214,-0.45051704037818,-41.7473779959028,Third,8,3,1422.05260756328,135.969528372448,39.8355661253051,45.6540031784042,0
12,SP,1,36.4474526002597,13.2677457449351,6,-0.292680913344277,-0.0145557877367112,-0.077779600973706,-41.8099168685994,Third,8,1,1422.05260756328,135.969528372448,39.8355661253051,45.6540031784042,0
12,SP,1,36.2972107414286,13.1812689005195,6,-0.280769922219307,-0.00264479661174116,-0.228021459804879,-41.8963937130149,Third,8,2,1422.05260756328,135.969528372448,39.8355661253051,45.6540031784042,0
12,SP,1,36.0747151608553,13.3302846176316,6,-0.289911025664764,-0.0117859000571977,-0.45051704037818,-41.7473779959028,Third,8,3,1422.05260756328,135.969528372448,39.8355661253051,45.6540031784042,0
12,SP,1,36.4474526002597,13.2677457449351,7,0.0355115213114584,0.0981474296243537,-0.077779600973706,-41.8099168685994,Third,8,1,1422.05260756328,135.969528372448,39.8355661253051,45.6540031784042,0
12,SP,1,36.2972107414286,13.1812689005195,7,0.0362082482938978,0.0988441566067931,-0.228021459804879,-41.8963937130149,Third,8,2,1422.05260756328,135.969528372448,39.8355661253051,45.6540031784042,0
12,SP,1,36.0747151608553,13.3302846176316,7,0.0359543705376775,0.0985902788505728,-0.45051704037818,-41.7473779959028,Third,8,3,1422.05260756328,135.969528372448,39.8355661253051,45.6540031784042,0
12,SP,1,36.4474526002597,13.2677457449351,8,-0.229555074403163,-0.00161813919969747,-0.077779600973706,-41.8099168685994,Third,8,1,1422.05260756328,135.969528372448,39.8355661253051,45.6540031784042,0
12,SP,1,36.2972107414286,13.1812689005195,8,-0.227411253688662,0.000525681514802839,-0.228021459804879,-41.8963937130149,Third,8,2,1422.05260756328,135.969528372448,39.8355661253051,45.6540031784042,0
12,SP,1,36.0747151608553,13.3302846176316,8,-0.229450411442894,-0.00151347623942832,-0.45051704037818,-41.7473779959028,Third,8,3,1422.05260756328,135.969528372448,39.8355661253051,45.6540031784042,0
13,SP,1,37.5176928606383,34.4755975495035,1,-0.812084902999741,-0.359396264751956,0.401545314846402,-15.8685560587563,Second,9,1,1070.77452817897,117.717482882132,38.3838999417586,35.1867161393015,0
13,SP,1,36.4365821272993,35.3622773272993,1,-0.811934261080144,-0.359245622832358,-0.679565418492629,-14.9818762809606,Second,9,2,1070.77452817897,117.717482882132,38.3838999417586,35.1867161393015,0
13,SP,1,36.732406348951,34.565756053986,1,-0.789922379345589,-0.337233741097803,-0.383741196840845,-15.7783975542739,Second,9,3,1070.77452817897,117.717482882132,38.3838999417586,35.1867161393015,0
13,SP,1,37.5176928606383,34.4755975495035,2,-0.28351542043577,0.274342529677197,0.401545314846402,-15.8685560587563,Second,9,1,1070.77452817897,117.717482882132,38.3838999417586,35.1867161393015,0
13,SP,1,36.4365821272993,35.3622773272993,2,-0.286185020716568,0.2716729293964,-0.679565418492629,-14.9818762809606,Second,9,2,1070.77452817897,117.717482882132,38.3838999417586,35.1867161393015,0
13,SP,1,36.732406348951,34.565756053986,2,-0.296175796695703,0.261682153417265,-0.383741196840845,-15.7783975542739,Second,9,3,1070.77452817897,117.717482882132,38.3838999417586,35.1867161393015,0
13,SP,1,37.5176928606383,34.4755975495035,3,-0.00220338002189638,0.0131788805458325,0.401545314846402,-15.8685560587563,Second,9,1,1070.77452817897,117.717482882132,38.3838999417586,35.1867161393015,0
13,SP,1,36.4365821272993,35.3622773272993,3,0.024016017837355,0.0393982784050839,-0.679565418492629,-14.9818762809606,Second,9,2,1070.77452817897,117.717482882132,38.3838999417586,35.1867161393015,0
13,SP,1,36.732406348951,34.565756053986,3,0.0100661336084784,0.0254483941762072,-0.383741196840845,-15.7783975542739,Second,9,3,1070.77452817897,117.717482882132,38.3838999417586,35.1867161393015,0
13,SP,1,37.5176928606383,34.4755975495035,4,-0.028748114110006,0.00596413410585901,0.401545314846402,-15.8685560587563,Second,9,1,1070.77452817897,117.717482882132,38.3838999417586,35.1867161393015,0
13,SP,1,36.4365821272993,35.3622773272993,4,-0.0289418028788663,0.00577044533699867,-0.679565418492629,-14.9818762809606,Second,9,2,1070.77452817897,117.717482882132,38.3838999417586,35.1867161393015,0
13,SP,1,36.732406348951,34.565756053986,4,-0.0364633946484466,-0.00175114643258163,-0.383741196840845,-15.7783975542739,Second,9,3,1070.77452817897,117.717482882132,38.3838999417586,35.1867161393015,0
13,SP,1,37.5176928606383,34.4755975495035,5,-0.432442825020288,-0.210378129128164,0.401545314846402,-15.8685560587563,Second,9,1,1070.77452817897,117.717482882132,38.3838999417586,35.1867161393015,0
13,SP,1,36.4365821272993,35.3622773272993,5,-0.453617002898883,-0.231552307006758,-0.679565418492629,-14.9818762809606,Second,9,2,1070.77452817897,117.717482882132,38.3838999417586,35.1867161393015,0
13,SP,1,36.732406348951,34.565756053986,5,-0.433882243311163,-0.211817547419038,-0.383741196840845,-15.7783975542739,Second,9,3,1070.77452817897,117.717482882132,38.3838999417586,35.1867161393015,0
13,SP,1,37.5176928606383,34.4755975495035,6,-0.354468228989957,-0.0863520344773122,0.401545314846402,-15.8685560587563,Second,9,1,1070.77452817897,117.717482882132,38.3838999417586,35.1867161393015,0
13,SP,1,36.4365821272993,35.3622773272993,6,-0.364509782093543,-0.0963935875808983,-0.679565418492629,-14.9818762809606,Second,9,2,1070.77452817897,117.717482882132,38.3838999417586,35.1867161393015,0
13,SP,1,36.732406348951,34.565756053986,6,-0.3509341066153,-0.0828179121026557,-0.383741196840845,-15.7783975542739,Second,9,3,1070.77452817897,117.717482882132,38.3838999417586,35.1867161393015,0
13,SP,1,37.5176928606383,34.4755975495035,7,0.231983993691188,0.256080431499222,0.401545314846402,-15.8685560587563,Second,9,1,1070.77452817897,117.717482882132,38.3838999417586,35.1867161393015,0
13,SP,1,36.4365821272993,35.3622773272993,7,0.246917593714803,0.271014031522837,-0.679565418492629,-14.9818762809606,Second,9,2,1070.77452817897,117.717482882132,38.3838999417586,35.1867161393015,0
13,SP,1,36.732406348951,34.565756053986,7,0.220062634070019,0.244159071878053,-0.383741196840845,-15.7783975542739,Second,9,3,1070.77452817897,117.717482882132,38.3838999417586,35.1867161393015,0
13,SP,1,37.5176928606383,34.4755975495035,8,-0.043467233520729,-0.0805853803787051,0.401545314846402,-15.8685560587563,Second,9,1,1070.77452817897,117.717482882132,38.3838999417586,35.1867161393015,0
13,SP,1,36.4365821272993,35.3622773272993,8,-0.0307370419607361,-0.0678551888187122,-0.679565418492629,-14.9818762809606,Second,9,2,1070.77452817897,117.717482882132,38.3838999417586,35.1867161393015,0
13,SP,1,36.732406348951,34.565756053986,8,-0.035993335092435,-0.0731114819504111,-0.383741196840845,-15.7783975542739,Second,9,3,1070.77452817897,117.717482882132,38.3838999417586,35.1867161393015,0
1,ASAP,2,32.5713368925,3.36901146409091,1,-0.338101078658438,-0.148463375755967,-0.420992582955101,-45.9613048101116,Multiple,1,1,908.184405223126,108.751462276104,31.8323564004215,36.1632213195128,0
1,ASAP,2,31.6235678893374,2.29312295277108,1,-0.320913383425482,-0.131275680523012,-1.36876158611775,-47.0371933214314,Multiple,1,2,908.184405223126,108.751462276104,31.8323564004215,36.1632213195128,0
1,ASAP,2,30.884317845625,2.050476145,1,-0.309469486552187,-0.119831783649717,-2.1080116298301,-47.2798401292025,Multiple,1,3,908.184405223126,108.751462276104,31.8323564004215,36.1632213195128,0
1,ASAP,2,32.5713368925,3.36901146409091,2,-0.40148099209485,-0.25561980994872,-0.420992582955101,-45.9613048101116,Multiple,1,1,908.184405223126,108.751462276104,31.8323564004215,36.1632213195128,0
1,ASAP,2,31.6235678893374,2.29312295277108,2,-0.38250920961334,-0.23664802746721,-1.36876158611775,-47.0371933214314,Multiple,1,2,908.184405223126,108.751462276104,31.8323564004215,36.1632213195128,0
1,ASAP,2,30.884317845625,2.050476145,2,-0.374891561172975,-0.229030379026845,-2.1080116298301,-47.2798401292025,Multiple,1,3,908.184405223126,108.751462276104,31.8323564004215,36.1632213195128,0
1,ASAP,2,32.5713368925,3.36901146409091,3,-0.251423382199238,-0.34406907283832,-0.420992582955101,-45.9613048101116,Multiple,1,1,908.184405223126,108.751462276104,31.8323564004215,36.1632213195128,0
1,ASAP,2,31.6235678893374,2.29312295277108,3,-0.237936153931724,-0.330581844570806,-1.36876158611775,-47.0371933214314,Multiple,1,2,908.184405223126,108.751462276104,31.8323564004215,36.1632213195128,0
1,ASAP,2,30.884317845625,2.050476145,3,-0.232621501473785,-0.325267192112867,-2.1080116298301,-47.2798401292025,Multiple,1,3,908.184405223126,108.751462276104,31.8323564004215,36.1632213195128,0
1,ASAP,2,32.5713368925,3.36901146409091,4,-0.0633241975630688,-0.0195549121344668,-0.420992582955101,-45.9613048101116,Multiple,1,1,908.184405223126,108.751462276104,31.8323564004215,36.1632213195128,0
1,ASAP,2,31.6235678893374,2.29312295277108,4,-0.0574188245222872,-0.0136495390936853,-1.36876158611775,-47.0371933214314,Multiple,1,2,908.184405223126,108.751462276104,31.8323564004215,36.1632213195128,0
1,ASAP,2,30.884317845625,2.050476145,4,-0.0563623255521565,-0.0125930401235545,-2.1080116298301,-47.2798401292025,Multiple,1,3,908.184405223126,108.751462276104,31.8323564004215,36.1632213195128,0
1,ASAP,2,32.5713368925,3.36901146409091,5,-0.32536097374125,-0.189407742188743,-0.420992582955101,-45.9613048101116,Multiple,1,1,908.184405223126,108.751462276104,31.8323564004215,36.1632213195128,0
1,ASAP,2,31.6235678893374,2.29312295277108,5,-0.317903953964949,-0.181950722412443,-1.36876158611775,-47.0371933214314,Multiple,1,2,908.184405223126,108.751462276104,31.8323564004215,36.1632213195128,0
1,ASAP,2,30.884317845625,2.050476145,5,-0.30948862383285,-0.173535392280343,-2.1080116298301,-47.2798401292025,Multiple,1,3,908.184405223126,108.751462276104,31.8323564004215,36.1632213195128,0
1,ASAP,2,32.5713368925,3.36901146409091,6,-0.601151973858975,-0.416765359046419,-0.420992582955101,-45.9613048101116,Multiple,1,1,908.184405223126,108.751462276104,31.8323564004215,36.1632213195128,0
1,ASAP,2,31.6235678893374,2.29312295277108,6,-0.580505585881769,-0.396118971069213,-1.36876158611775,-47.0371933214314,Multiple,1,2,908.184405223126,108.751462276104,31.8323564004215,36.1632213195128,0
1,ASAP,2,30.884317845625,2.050476145,6,-0.563491051895406,-0.37910443708285,-2.1080116298301,-47.2798401292025,Multiple,1,3,908.184405223126,108.751462276104,31.8323564004215,36.1632213195128,0
1,ASAP,2,32.5713368925,3.36901146409091,7,0.558356331700688,0.150050466186072,-0.420992582955101,-45.9613048101116,Multiple,1,1,908.184405223126,108.751462276104,31.8323564004215,36.1632213195128,0
1,ASAP,2,31.6235678893374,2.29312295277108,7,0.547401175926398,0.139095310411782,-1.36876158611775,-47.0371933214314,Multiple,1,2,908.184405223126,108.751462276104,31.8323564004215,36.1632213195128,0
1,ASAP,2,30.884317845625,2.050476145,7,0.528785543141625,0.120479677627009,-2.1080116298301,-47.2798401292025,Multiple,1,3,908.184405223126,108.751462276104,31.8323564004215,36.1632213195128,0
1,ASAP,2,32.5713368925,3.36901146409091,8,-0.100997395067831,-0.168909580238665,-0.420992582955101,-45.9613048101116,Multiple,1,1,908.184405223126,108.751462276104,31.8323564004215,36.1632213195128,0
1,ASAP,2,31.6235678893374,2.29312295277108,8,-0.0954753682497867,-0.163387553420621,-1.36876158611775,-47.0371933214314,Multiple,1,2,908.184405223126,108.751462276104,31.8323564004215,36.1632213195128,0
1,ASAP,2,30.884317845625,2.050476145,8,-0.0922691788490088,-0.160181364019843,-2.1080116298301,-47.2798401292025,Multiple,1,3,908.184405223126,108.751462276104,31.8323564004215,36.1632213195128,0
4,ASAP,2,33.3428081124278,37.8151807160694,1,-0.342473262725636,0.0812379068032009,-1.82694472532728,-1.6640099433797,Multiple,1,1,1272.69196567423,129.952026486077,35.4536303569887,37.935311618231,3.02756284033431
4,ASAP,2,33.3703542610286,37.4966257771429,1,-0.325487084769,0.0982240847598368,-1.79939857672646,-1.9825648823062,Multiple,1,2,1272.69196567423,129.952026486077,35.4536303569887,37.935311618231,3.02756284033431
4,ASAP,2,33.3561528892623,35.1828043898361,1,-0.293219327050082,0.130491842478755,-1.81359994849274,-4.29638626961298,Multiple,1,3,1272.69196567423,129.952026486077,35.4536303569887,37.935311618231,3.02756284033431
4,ASAP,2,33.3428081124278,37.8151807160694,2,-0.183652720323753,-0.180772309303244,-1.82694472532728,-1.6640099433797,Multiple,1,1,1272.69196567423,129.952026486077,35.4536303569887,37.935311618231,3.02756284033431
4,ASAP,2,33.3703542610286,37.4966257771429,2,-0.170809220453369,-0.16792880943286,-1.79939857672646,-1.9825648823062,Multiple,1,2,1272.69196567423,129.952026486077,35.4536303569887,37.935311618231,3.02756284033431
4,ASAP,2,33.3561528892623,35.1828043898361,2,-0.154628724632872,-0.151748313612363,-1.81359994849274,-4.29638626961298,Multiple,1,3,1272.69196567423,129.952026486077,35.4536303569887,37.935311618231,3.02756284033431
4,ASAP,2,33.3428081124278,37.8151807160694,3,-0.229726830118252,-0.256499167094891,-1.82694472532728,-1.6640099433797,Multiple,1,1,1272.69196567423,129.952026486077,35.4536303569887,37.935311618231,3.02756284033431
4,ASAP,2,33.3703542610286,37.4966257771429,3,-0.209710474047662,-0.2364828110243,-1.79939857672646,-1.9825648823062,Multiple,1,2,1272.69196567423,129.952026486077,35.4536303569887,37.935311618231,3.02756284033431
4,ASAP,2,33.3561528892623,35.1828043898361,3,-0.181491868354771,-0.20826420533141,-1.81359994849274,-4.29638626961298,Multiple,1,3,1272.69196567423,129.952026486077,35.4536303569887,37.935311618231,3.02756284033431
4,ASAP,2,33.3428081124278,37.8151807160694,4,-0.168761110104718,-0.0416160014545085,-1.82694472532728,-1.6640099433797,Multiple,1,1,1272.69196567423,129.952026486077,35.4536303569887,37.935311618231,3.02756284033431
4,ASAP,2,33.3703542610286,37.4966257771429,4,-0.167022309177504,-0.0398772005272946,-1.79939857672646,-1.9825648823062,Multiple,1,2,1272.69196567423,129.952026486077,35.4536303569887,37.935311618231,3.02756284033431
4,ASAP,2,33.3561528892623,35.1828043898361,4,-0.150927966833825,-0.023782858183616,-1.81359994849274,-4.29638626961298,Multiple,1,3,1272.69196567423,129.952026486077,35.4536303569887,37.935311618231,3.02756284033431
4,ASAP,2,33.3428081124278,37.8151807160694,5,-0.205179585105725,0.0149327464171854,-1.82694472532728,-1.6640099433797,Multiple,1,1,1272.69196567423,129.952026486077,35.4536303569887,37.935311618231,3.02756284033431
4,ASAP,2,33.3703542610286,37.4966257771429,5,-0.1964865133176,0.0236258182053103,-1.79939857672646,-1.9825648823062,Multiple,1,2,1272.69196567423,129.952026486077,35.4536303569887,37.935311618231,3.02756284033431
4,ASAP,2,33.3561528892623,35.1828043898361,5,-0.177427247897449,0.0426850836254616,-1.81359994849274,-4.29638626961298,Multiple,1,3,1272.69196567423,129.952026486077,35.4536303569887,37.935311618231,3.02756284033431
4,ASAP,2,33.3428081124278,37.8151807160694,6,-0.174287177636159,-0.0316767763015856,-1.82694472532728,-1.6640099433797,Multiple,1,1,1272.69196567423,129.952026486077,35.4536303569887,37.935311618231,3.02756284033431
4,ASAP,2,33.3703542610286,37.4966257771429,6,-0.164584032415572,-0.0219736310809986,-1.79939857672646,-1.9825648823062,Multiple,1,2,1272.69196567423,129.952026486077,35.4536303569887,37.935311618231,3.02756284033431
4,ASAP,2,33.3561528892623,35.1828043898361,6,-0.137583645598643,0.00502675573593078,-1.81359994849274,-4.29638626961298,Multiple,1,3,1272.69196567423,129.952026486077,35.4536303569887,37.935311618231,3.02756284033431
4,ASAP,2,33.3428081124278,37.8151807160694,7,0.0269793223874223,-0.0113400003650145,-1.82694472532728,-1.6640099433797,Multiple,1,1,1272.69196567423,129.952026486077,35.4536303569887,37.935311618231,3.02756284033431
4,ASAP,2,33.3703542610286,37.4966257771429,7,0.0435572006567662,0.00523787790432941,-1.79939857672646,-1.9825648823062,Multiple,1,2,1272.69196567423,129.952026486077,35.4536303569887,37.935311618231,3.02756284033431
4,ASAP,2,33.3561528892623,35.1828043898361,7,0.0489401397718524,0.0106208170194156,-1.81359994849274,-4.29638626961298,Multiple,1,3,1272.69196567423,129.952026486077,35.4536303569887,37.935311618231,3.02756284033431
4,ASAP,2,33.3428081124278,37.8151807160694,8,-0.771436491708243,-0.301501647453129,-1.82694472532728,-1.6640099433797,Multiple,1,1,1272.69196567423,129.952026486077,35.4536303569887,37.935311618231,3.02756284033431
4,ASAP,2,33.3703542610286,37.4966257771429,8,-0.742713263583588,-0.272778419328474,-1.79939857672646,-1.9825648823062,Multiple,1,2,1272.69196567423,129.952026486077,35.4536303569887,37.935311618231,3.02756284033431
4,ASAP,2,33.3561528892623,35.1828043898361,8,-0.71677193509634,-0.246837090841226,-1.81359994849274,-4.29638626961298,Multiple,1,3,1272.69196567423,129.952026486077,35.4536303569887,37.935311618231,3.02756284033431
5,ASAP,2,37.1164641892105,19.0852996997895,1,-0.733817168082987,-0.539129313233059,0.143310546737567,-36.2502931239984,Multiple,1,1,1027.74200228387,115.598694620826,35.1931952222227,32.7720129942304,0
5,ASAP,2,36.7314537292683,19.1890794009756,1,-0.719322531575396,-0.524634676725468,-0.241699913204677,-36.1465134228123,Multiple,1,2,1027.74200228387,115.598694620826,35.1931952222227,32.7720129942304,0
5,ASAP,2,36.6612338124419,17.519852087907,1,-0.660258924557791,-0.465571069707863,-0.311919830031101,-37.8157407358809,Multiple,1,3,1027.74200228387,115.598694620826,35.1931952222227,32.7720129942304,0
5,ASAP,2,37.1164641892105,19.0852996997895,2,-0.194938902626021,-0.122374886705603,0.143310546737567,-36.2502931239984,Multiple,1,1,1027.74200228387,115.598694620826,35.1931952222227,32.7720129942304,0
5,ASAP,2,36.7314537292683,19.1890794009756,2,-0.194858415291073,-0.122294399370655,-0.241699913204677,-36.1465134228123,Multiple,1,2,1027.74200228387,115.598694620826,35.1931952222227,32.7720129942304,0
5,ASAP,2,36.6612338124419,17.519852087907,2,-0.179855653931749,-0.107291638011331,-0.311919830031101,-37.8157407358809,Multiple,1,3,1027.74200228387,115.598694620826,35.1931952222227,32.7720129942304,0
5,ASAP,2,37.1164641892105,19.0852996997895,3,-0.0456611576282922,-0.00991045966741593,0.143310546737567,-36.2502931239984,Multiple,1,1,1027.74200228387,115.598694620826,35.1931952222227,32.7720129942304,0
5,ASAP,2,36.7314537292683,19.1890794009756,3,-0.0512425450381793,-0.0154918470773031,-0.241699913204677,-36.1465134228123,Multiple,1,2,1027.74200228387,115.598694620826,35.1931952222227,32.7720129942304,0
5,ASAP,2,36.6612338124419,17.519852087907,3,-0.0445442845295442,-0.00879358656866797,-0.311919830031101,-37.8157407358809,Multiple,1,3,1027.74200228387,115.598694620826,35.1931952222227,32.7720129942304,0
5,ASAP,2,37.1164641892105,19.0852996997895,4,-0.111400183106364,-0.0585490222256919,0.143310546737567,-36.2502931239984,Multiple,1,1,1027.74200228387,115.598694620826,35.1931952222227,32.7720129942304,0
5,ASAP,2,36.7314537292683,19.1890794009756,4,-0.118138778849971,-0.0652876179692991,-0.241699913204677,-36.1465134228123,Multiple,1,2,1027.74200228387,115.598694620826,35.1931952222227,32.7720129942304,0
5,ASAP,2,36.6612338124419,17.519852087907,4,-0.106777014376783,-0.0539258534961108,-0.311919830031101,-37.8157407358809,Multiple,1,3,1027.74200228387,115.598694620826,35.1931952222227,32.7720129942304,0
5,ASAP,2,37.1164641892105,19.0852996997895,5,-0.284225787277149,-0.153656845333089,0.143310546737567,-36.2502931239984,Multiple,1,1,1027.74200228387,115.598694620826,35.1931952222227,32.7720129942304,0
5,ASAP,2,36.7314537292683,19.1890794009756,5,-0.2799138616362,-0.14934491969214,-0.241699913204677,-36.1465134228123,Multiple,1,2,1027.74200228387,115.598694620826,35.1931952222227,32.7720129942304,0
5,ASAP,2,36.6612338124419,17.519852087907,5,-0.256193420211684,-0.125624478267624,-0.311919830031101,-37.8157407358809,Multiple,1,3,1027.74200228387,115.598694620826,35.1931952222227,32.7720129942304,0
5,ASAP,2,37.1164641892105,19.0852996997895,6,-0.333687796388222,-0.204154455685621,0.143310546737567,-36.2502931239984,Multiple,1,1,1027.74200228387,115.598694620826,35.1931952222227,32.7720129942304,0
5,ASAP,2,36.7314537292683,19.1890794009756,6,-0.321535966021392,-0.192002625318792,-0.241699913204677,-36.1465134228123,Multiple,1,2,1027.74200228387,115.598694620826,35.1931952222227,32.7720129942304,0
5,ASAP,2,36.6612338124419,17.519852087907,6,-0.293513333062681,-0.163979992360081,-0.311919830031101,-37.8157407358809,Multiple,1,3,1027.74200228387,115.598694620826,35.1931952222227,32.7720129942304,0
5,ASAP,2,37.1164641892105,19.0852996997895,7,-0.0349557902876369,0.0267815091293581,0.143310546737567,-36.2502931239984,Multiple,1,1,1027.74200228387,115.598694620826,35.1931952222227,32.7720129942304,0
5,ASAP,2,36.7314537292683,19.1890794009756,7,-0.0341159193618481,0.0276213800551469,-0.241699913204677,-36.1465134228123,Multiple,1,2,1027.74200228387,115.598694620826,35.1931952222227,32.7720129942304,0
5,ASAP,2,36.6612338124419,17.519852087907,7,-0.0418560624876976,0.0198812369292975,-0.311919830031101,-37.8157407358809,Multiple,1,3,1027.74200228387,115.598694620826,35.1931952222227,32.7720129942304,0
5,ASAP,2,37.1164641892105,19.0852996997895,8,-0.0331172809777814,0.0558824777190579,0.143310546737567,-36.2502931239984,Multiple,1,1,1027.74200228387,115.598694620826,35.1931952222227,32.7720129942304,0
5,ASAP,2,36.7314537292683,19.1890794009756,8,-0.0344031087018824,0.0545966499949569,-0.241699913204677,-36.1465134228123,Multiple,1,2,1027.74200228387,115.598694620826,35.1931952222227,32.7720129942304,0
5,ASAP,2,36.6612338124419,17.519852087907,8,-0.0287097507619743,0.0602900079348651,-0.311919830031101,-37.8157407358809,Multiple,1,3,1027.74200228387,115.598694620826,35.1931952222227,32.7720129942304,0
9,ASAP,2,38.8832736425455,46.2026032033939,1,-0.336418849761159,-0.105813985493257,1.73000105691206,-7.61328592399091,Multiple,7,1,1285.50217078667,129.81090007934,36.9801761516178,35.5234503396039,0
9,ASAP,2,38.0150836321472,46.7673973862577,1,-0.342913547984892,-0.11230868371699,0.861811046513843,-7.04849174112719,Multiple,7,2,1285.50217078667,129.81090007934,36.9801761516178,35.5234503396039,0
9,ASAP,2,38.6961998392373,46.4476367589831,1,-0.382255773750479,-0.151650909482576,1.5429272536039,-7.36825236840179,Multiple,7,3,1285.50217078667,129.81090007934,36.9801761516178,35.5234503396039,0
9,ASAP,2,38.8832736425455,46.2026032033939,2,0.0296722136173169,-0.0744413952478439,1.73000105691206,-7.61328592399091,Multiple,7,1,1285.50217078667,129.81090007934,36.9801761516178,35.5234503396039,0
9,ASAP,2,38.0150836321472,46.7673973862577,2,0.0295012273298464,-0.0746123815353144,0.861811046513843,-7.04849174112719,Multiple,7,2,1285.50217078667,129.81090007934,36.9801761516178,35.5234503396039,0
9,ASAP,2,38.6961998392373,46.4476367589831,2,0.00899455044609823,-0.0951190584190626,1.5429272536039,-7.36825236840179,Multiple,7,3,1285.50217078667,129.81090007934,36.9801761516178,35.5234503396039,0
9,ASAP,2,38.8832736425455,46.2026032033939,3,-0.0855546208280131,0.0164554939209663,1.73000105691206,-7.61328592399091,Multiple,7,1,1285.50217078667,129.81090007934,36.9801761516178,35.5234503396039,0
9,ASAP,2,38.0150836321472,46.7673973862577,3,-0.0824538296574957,0.0195562850914837,0.861811046513843,-7.04849174112719,Multiple,7,2,1285.50217078667,129.81090007934,36.9801761516178,35.5234503396039,0
9,ASAP,2,38.6961998392373,46.4476367589831,3,-0.0941884564406946,0.00782165830828474,1.5429272536039,-7.36825236840179,Multiple,7,3,1285.50217078667,129.81090007934,36.9801761516178,35.5234503396039,0
9,ASAP,2,38.8832736425455,46.2026032033939,4,-0.151306370855051,0.139381849636724,1.73000105691206,-7.61328592399091,Multiple,7,1,1285.50217078667,129.81090007934,36.9801761516178,35.5234503396039,0
9,ASAP,2,38.0150836321472,46.7673973862577,4,-0.152246255719028,0.138441964772746,0.861811046513843,-7.04849174112719,Multiple,7,2,1285.50217078667,129.81090007934,36.9801761516178,35.5234503396039,0
9,ASAP,2,38.6961998392373,46.4476367589831,4,-0.141653564019445,0.14903465647233,1.5429272536039,-7.36825236840179,Multiple,7,3,1285.50217078667,129.81090007934,36.9801761516178,35.5234503396039,0
9,ASAP,2,38.8832736425455,46.2026032033939,5,-0.808105333046136,-0.388797590553505,1.73000105691206,-7.61328592399091,Multiple,7,1,1285.50217078667,129.81090007934,36.9801761516178,35.5234503396039,0
9,ASAP,2,38.0150836321472,46.7673973862577,5,-0.813850813818714,-0.394543071326083,0.861811046513843,-7.04849174112719,Multiple,7,2,1285.50217078667,129.81090007934,36.9801761516178,35.5234503396039,0
9,ASAP,2,38.6961998392373,46.4476367589831,5,-0.780783787145736,-0.361476044653105,1.5429272536039,-7.36825236840179,Multiple,7,3,1285.50217078667,129.81090007934,36.9801761516178,35.5234503396039,0
9,ASAP,2,38.8832736425455,46.2026032033939,6,-0.133570526105562,0.0283416327006838,1.73000105691206,-7.61328592399091,Multiple,7,1,1285.50217078667,129.81090007934,36.9801761516178,35.5234503396039,0
9,ASAP,2,38.0150836321472,46.7673973862577,6,-0.141051764785073,0.0208603940211727,0.861811046513843,-7.04849174112719,Multiple,7,2,1285.50217078667,129.81090007934,36.9801761516178,35.5234503396039,0
9,ASAP,2,38.6961998392373,46.4476367589831,6,-0.142150880393993,0.0197612784122529,1.5429272536039,-7.36825236840179,Multiple,7,3,1285.50217078667,129.81090007934,36.9801761516178,35.5234503396039,0
9,ASAP,2,38.8832736425455,46.2026032033939,7,-0.0375297684204898,-0.0283075449583479,1.73000105691206,-7.61328592399091,Multiple,7,1,1285.50217078667,129.81090007934,36.9801761516178,35.5234503396039,0
9,ASAP,2,38.0150836321472,46.7673973862577,7,-0.058771184766452,-0.04954896130431,0.861811046513843,-7.04849174112719,Multiple,7,2,1285.50217078667,129.81090007934,36.9801761516178,35.5234503396039,0
9,ASAP,2,38.6961998392373,46.4476367589831,7,-0.0727579133324458,-0.0635356898703038,1.5429272536039,-7.36825236840179,Multiple,7,3,1285.50217078667,129.81090007934,36.9801761516178,35.5234503396039,0
9,ASAP,2,38.8832736425455,46.2026032033939,8,-0.103226035484575,0.129900181851372,1.73000105691206,-7.61328592399091,Multiple,7,1,1285.50217078667,129.81090007934,36.9801761516178,35.5234503396039,0
9,ASAP,2,38.0150836321472,46.7673973862577,8,-0.0909110719373757,0.142215145398571,0.861811046513843,-7.04849174112719,Multiple,7,2,1285.50217078667,129.81090007934,36.9801761516178,35.5234503396039,0
9,ASAP,2,38.6961998392373,46.4476367589831,8,-0.1018823091739,0.131243908162046,1.5429272536039,-7.36825236840179,Multiple,7,3,1285.50217078667,129.81090007934,36.9801761516178,35.5234503396039,0
10,ASAP,2,31.5851516383019,54.6138212472956,1,-0.105411843325831,0.341650793120321,-2.47457507584657,-1.49942046221392,Multiple,8,1,1490.09917401083,139.262649149503,41.0015839202785,36.3403392143566,21.7347528885218
10,ASAP,2,32.1011887804615,54.022207964,1,-0.0996875600352093,0.347375076410943,-1.95853793368693,-2.09103374550951,Multiple,8,2,1490.09917401083,139.262649149503,41.0015839202785,36.3403392143566,21.7347528885218
10,ASAP,2,31.5851516383019,54.6138212472956,2,-0.0787418036131659,0.0665052577193399,-2.47457507584657,-1.49942046221392,Multiple,8,1,1490.09917401083,139.262649149503,41.0015839202785,36.3403392143566,21.7347528885218
10,ASAP,2,32.1011887804615,54.022207964,2,-0.0788115516633554,0.0664355096691504,-1.95853793368693,-2.09103374550951,Multiple,8,2,1490.09917401083,139.262649149503,41.0015839202785,36.3403392143566,21.7347528885218
10,ASAP,2,31.5851516383019,54.6138212472956,3,-0.0183607219668677,-0.0480304621424687,-2.47457507584657,-1.49942046221392,Multiple,8,1,1490.09917401083,139.262649149503,41.0015839202785,36.3403392143566,21.7347528885218
10,ASAP,2,32.1011887804615,54.022207964,3,-0.020743986574081,-0.050413726749682,-1.95853793368693,-2.09103374550951,Multiple,8,2,1490.09917401083,139.262649149503,41.0015839202785,36.3403392143566,21.7347528885218
10,ASAP,2,31.5851516383019,54.6138212472956,4,-0.00251035891971256,-0.0223514265925177,-2.47457507584657,-1.49942046221392,Multiple,8,1,1490.09917401083,139.262649149503,41.0015839202785,36.3403392143566,21.7347528885218
10,ASAP,2,32.1011887804615,54.022207964,4,-0.0063149069764709,-0.0261559746492761,-1.95853793368693,-2.09103374550951,Multiple,8,2,1490.09917401083,139.262649149503,41.0015839202785,36.3403392143566,21.7347528885218
10,ASAP,2,31.5851516383019,54.6138212472956,5,-0.145419545838617,0.359075797689127,-2.47457507584657,-1.49942046221392,Multiple,8,1,1490.09917401083,139.262649149503,41.0015839202785,36.3403392143566,21.7347528885218
10,ASAP,2,32.1011887804615,54.022207964,5,-0.143564001162387,0.360931342365357,-1.95853793368693,-2.09103374550951,Multiple,8,2,1490.09917401083,139.262649149503,41.0015839202785,36.3403392143566,21.7347528885218
10,ASAP,2,31.5851516383019,54.6138212472956,6,-0.00463504837780012,0.179881720149909,-2.47457507584657,-1.49942046221392,Multiple,8,1,1490.09917401083,139.262649149503,41.0015839202785,36.3403392143566,21.7347528885218
10,ASAP,2,32.1011887804615,54.022207964,6,0.000405425324410661,0.18492219385212,-1.95853793368693,-2.09103374550951,Multiple,8,2,1490.09917401083,139.262649149503,41.0015839202785,36.3403392143566,21.7347528885218
10,ASAP,2,31.5851516383019,54.6138212472956,7,-0.0240189530979861,0.119903507273615,-2.47457507584657,-1.49942046221392,Multiple,8,1,1490.09917401083,139.262649149503,41.0015839202785,36.3403392143566,21.7347528885218
10,ASAP,2,32.1011887804615,54.022207964,7,-0.025166147280417,0.118756313091184,-1.95853793368693,-2.09103374550951,Multiple,8,2,1490.09917401083,139.262649149503,41.0015839202785,36.3403392143566,21.7347528885218
10,ASAP,2,31.5851516383019,54.6138212472956,8,-0.201934482150213,0.310176773979381,-2.47457507584657,-1.49942046221392,Multiple,8,1,1490.09917401083,139.262649149503,41.0015839202785,36.3403392143566,21.7347528885218
10,ASAP,2,32.1011887804615,54.022207964,8,-0.198315349459217,0.313795906670377,-1.95853793368693,-2.09103374550951,Multiple,8,2,1490.09917401083,139.262649149503,41.0015839202785,36.3403392143566,21.7347528885218
12,ASAP,2,35.1980756253061,27.661025432381,1,-0.508352273916658,0.106705442121568,-1.32715657592733,-27.4166371811535,Multiple,8,1,1515.85500238051,141.376138385935,40.9248813924792,46.5516968960764,1.03894551643408
12,ASAP,2,35.677687347551,27.6402123972789,1,-0.548202576089207,0.0668551399490186,-0.847544853682429,-27.4374502162555,Multiple,8,2,1515.85500238051,141.376138385935,40.9248813924792,46.5516968960764,1.03894551643408
12,ASAP,2,35.2901205922131,27.6006405744262,1,-0.525830250527827,0.0892274655103982,-1.23511160902034,-27.4770220391082,Multiple,8,3,1515.85500238051,141.376138385935,40.9248813924792,46.5516968960764,1.03894551643408
12,ASAP,2,35.1980756253061,27.661025432381,2,-0.815388766735862,-0.0653961528581497,-1.32715657592733,-27.4166371811535,Multiple,8,1,1515.85500238051,141.376138385935,40.9248813924792,46.5516968960764,1.03894551643408
12,ASAP,2,35.677687347551,27.6402123972789,2,-0.865529674762851,-0.115537060885139,-0.847544853682429,-27.4374502162555,Multiple,8,2,1515.85500238051,141.376138385935,40.9248813924792,46.5516968960764,1.03894551643408
12,ASAP,2,35.2901205922131,27.6006405744262,2,-0.839646595413051,-0.0896539815353385,-1.23511160902034,-27.4770220391082,Multiple,8,3,1515.85500238051,141.376138385935,40.9248813924792,46.5516968960764,1.03894551643408
12,ASAP,2,35.1980756253061,27.661025432381,3,-0.214846168561467,-0.147172765540175,-1.32715657592733,-27.4166371811535,Multiple,8,1,1515.85500238051,141.376138385935,40.9248813924792,46.5516968960764,1.03894551643408
12,ASAP,2,35.677687347551,27.6402123972789,3,-0.232698386534682,-0.16502498351339,-0.847544853682429,-27.4374502162555,Multiple,8,2,1515.85500238051,141.376138385935,40.9248813924792,46.5516968960764,1.03894551643408
12,ASAP,2,35.2901205922131,27.6006405744262,3,-0.23069698555806,-0.163023582536767,-1.23511160902034,-27.4770220391082,Multiple,8,3,1515.85500238051,141.376138385935,40.9248813924792,46.5516968960764,1.03894551643408
12,ASAP,2,35.1980756253061,27.661025432381,4,-0.0508452433612031,0.0293185700601986,-1.32715657592733,-27.4166371811535,Multiple,8,1,1515.85500238051,141.376138385935,40.9248813924792,46.5516968960764,1.03894551643408
12,ASAP,2,35.677687347551,27.6402123972789,4,-0.0504066446573853,0.0297571687640164,-0.847544853682429,-27.4374502162555,Multiple,8,2,1515.85500238051,141.376138385935,40.9248813924792,46.5516968960764,1.03894551643408
12,ASAP,2,35.2901205922131,27.6006405744262,4,-0.0446010334159289,0.0355627800054728,-1.23511160902034,-27.4770220391082,Multiple,8,3,1515.85500238051,141.376138385935,40.9248813924792,46.5516968960764,1.03894551643408
12,ASAP,2,35.1980756253061,27.661025432381,5,-0.224443602456477,0.133551835985845,-1.32715657592733,-27.4166371811535,Multiple,8,1,1515.85500238051,141.376138385935,40.9248813924792,46.5516968960764,1.03894551643408
12,ASAP,2,35.677687347551,27.6402123972789,5,-0.245131803748626,0.112863634693697,-0.847544853682429,-27.4374502162555,Multiple,8,2,1515.85500238051,141.376138385935,40.9248813924792,46.5516968960764,1.03894551643408
12,ASAP,2,35.2901205922131,27.6006405744262,5,-0.230163049207709,0.127832389234613,-1.23511160902034,-27.4770220391082,Multiple,8,3,1515.85500238051,141.376138385935,40.9248813924792,46.5516968960764,1.03894551643408
12,ASAP,2,35.1980756253061,27.661025432381,6,-0.289869548307546,-0.0117444226999801,-1.32715657592733,-27.4166371811535,Multiple,8,1,1515.85500238051,141.376138385935,40.9248813924792,46.5516968960764,1.03894551643408
12,ASAP,2,35.677687347551,27.6402123972789,6,-0.30684408051462,-0.0287189549070537,-0.847544853682429,-27.4374502162555,Multiple,8,2,1515.85500238051,141.376138385935,40.9248813924792,46.5516968960764,1.03894551643408
12,ASAP,2,35.2901205922131,27.6006405744262,6,-0.297553162301294,-0.0194280366937277,-1.23511160902034,-27.4770220391082,Multiple,8,3,1515.85500238051,141.376138385935,40.9248813924792,46.5516968960764,1.03894551643408
12,ASAP,2,35.1980756253061,27.661025432381,7,-0.068814249937051,-0.00617834162415569,-1.32715657592733,-27.4166371811535,Multiple,8,1,1515.85500238051,141.376138385935,40.9248813924792,46.5516968960764,1.03894551643408
12,ASAP,2,35.677687347551,27.6402123972789,7,-0.0869310231851583,-0.024295114872263,-0.847544853682429,-27.4374502162555,Multiple,8,2,1515.85500238051,141.376138385935,40.9248813924792,46.5516968960764,1.03894551643408
12,ASAP,2,35.2901205922131,27.6006405744262,7,-0.0754027811554924,-0.012766872842597,-1.23511160902034,-27.4770220391082,Multiple,8,3,1515.85500238051,141.376138385935,40.9248813924792,46.5516968960764,1.03894551643408
12,ASAP,2,35.1980756253061,27.661025432381,8,-0.257211501674742,-0.0292745664712766,-1.32715657592733,-27.4166371811535,Multiple,8,1,1515.85500238051,141.376138385935,40.9248813924792,46.5516968960764,1.03894551643408
12,ASAP,2,35.677687347551,27.6402123972789,8,-0.269221659418835,-0.04128472421537,-0.847544853682429,-27.4374502162555,Multiple,8,2,1515.85500238051,141.376138385935,40.9248813924792,46.5516968960764,1.03894551643408
12,ASAP,2,35.2901205922131,27.6006405744262,8,-0.261226292460949,-0.0332893572574834,-1.23511160902034,-27.4770220391082,Multiple,8,3,1515.85500238051,141.376138385935,40.9248813924792,46.5516968960764,1.03894551643408
3,SPAS,2,37.1464148630769,31.7043387407692,1,-0.406381730321875,-0.150066767436262,0.444571584648024,-22.7763627926132,Multiple,2,1,1831.92825830126,156.451271217967,45.9017465407587,42.2117212737199,7.65183353081468
3,SPAS,2,36.7565560689262,31.2681395726175,1,-0.395578244767953,-0.13926328188234,0.0547127904972839,-23.212561960765,Multiple,2,2,1831.92825830126,156.451271217967,45.9017465407587,42.2117212737199,7.65183353081468
3,SPAS,2,36.7260213469231,29.762372802735,1,-0.382282712256218,-0.125967749370605,0.0241780684941801,-24.7183287306474,Multiple,2,3,1831.92825830126,156.451271217967,45.9017465407587,42.2117212737199,7.65183353081468
3,SPAS,2,37.1464148630769,31.7043387407692,2,-0.322677591005169,-0.270609798764627,0.444571584648024,-22.7763627926132,Multiple,2,1,1831.92825830126,156.451271217967,45.9017465407587,42.2117212737199,7.65183353081468
3,SPAS,2,36.7565560689262,31.2681395726175,2,-0.311859298184714,-0.259791505944172,0.0547127904972839,-23.212561960765,Multiple,2,2,1831.92825830126,156.451271217967,45.9017465407587,42.2117212737199,7.65183353081468
3,SPAS,2,36.7260213469231,29.762372802735,2,-0.286351898860923,-0.234284106620381,0.0241780684941801,-24.7183287306474,Multiple,2,3,1831.92825830126,156.451271217967,45.9017465407587,42.2117212737199,7.65183353081468
3,SPAS,2,37.1464148630769,31.7043387407692,3,-0.228831704762015,-0.240870808189704,0.444571584648024,-22.7763627926132,Multiple,2,1,1831.92825830126,156.451271217967,45.9017465407587,42.2117212737199,7.65183353081468
3,SPAS,2,36.7565560689262,31.2681395726175,3,-0.221085915656499,-0.233125019084188,0.0547127904972839,-23.212561960765,Multiple,2,2,1831.92825830126,156.451271217967,45.9017465407587,42.2117212737199,7.65183353081468
3,SPAS,2,36.7260213469231,29.762372802735,3,-0.202982124481992,-0.215021227909681,0.0241780684941801,-24.7183287306474,Multiple,2,3,1831.92825830126,156.451271217967,45.9017465407587,42.2117212737199,7.65183353081468
3,SPAS,2,37.1464148630769,31.7043387407692,4,-0.111236804272698,-0.0604989995993934,0.444571584648024,-22.7763627926132,Multiple,2,1,1831.92825830126,156.451271217967,45.9017465407587,42.2117212737199,7.65183353081468
3,SPAS,2,36.7565560689262,31.2681395726175,4,-0.114871493638369,-0.0641336889650644,0.0547127904972839,-23.212561960765,Multiple,2,2,1831.92825830126,156.451271217967,45.9017465407587,42.2117212737199,7.65183353081468
3,SPAS,2,36.7260213469231,29.762372802735,4,-0.106918114293749,-0.056180309620444,0.0241780684941801,-24.7183287306474,Multiple,2,3,1831.92825830126,156.451271217967,45.9017465407587,42.2117212737199,7.65183353081468
3,SPAS,2,37.1464148630769,31.7043387407692,5,-0.454005290474831,-0.256005421282806,0.444571584648024,-22.7763627926132,Multiple,2,1,1831.92825830126,156.451271217967,45.9017465407587,42.2117212737199,7.65183353081468
3,SPAS,2,36.7565560689262,31.2681395726175,5,-0.44010220517557,-0.242102335983545,0.0547127904972839,-23.212561960765,Multiple,2,2,1831.92825830126,156.451271217967,45.9017465407587,42.2117212737199,7.65183353081468
3,SPAS,2,36.7260213469231,29.762372802735,5,-0.420456863913703,-0.222456994721678,0.0241780684941801,-24.7183287306474,Multiple,2,3,1831.92825830126,156.451271217967,45.9017465407587,42.2117212737199,7.65183353081468
3,SPAS,2,37.1464148630769,31.7043387407692,6,-0.0690329367109039,-0.027775964060688,0.444571584648024,-22.7763627926132,Multiple,2,1,1831.92825830126,156.451271217967,45.9017465407587,42.2117212737199,7.65183353081468
3,SPAS,2,36.7565560689262,31.2681395726175,6,-0.0684769018032221,-0.0272199291530063,0.0547127904972839,-23.212561960765,Multiple,2,2,1831.92825830126,156.451271217967,45.9017465407587,42.2117212737199,7.65183353081468
3,SPAS,2,36.7260213469231,29.762372802735,6,-0.0600216281605769,-0.018764655510361,0.0241780684941801,-24.7183287306474,Multiple,2,3,1831.92825830126,156.451271217967,45.9017465407587,42.2117212737199,7.65183353081468
3,SPAS,2,37.1464148630769,31.7043387407692,7,-0.0125171375213077,-0.055303372137516,0.444571584648024,-22.7763627926132,Multiple,2,1,1831.92825830126,156.451271217967,45.9017465407587,42.2117212737199,7.65183353081468
3,SPAS,2,36.7565560689262,31.2681395726175,7,-0.00844249096848306,-0.0512287255846913,0.0547127904972839,-23.212561960765,Multiple,2,2,1831.92825830126,156.451271217967,45.9017465407587,42.2117212737199,7.65183353081468
3,SPAS,2,36.7260213469231,29.762372802735,7,0.00185790214753871,-0.0409283324686695,0.0241780684941801,-24.7183287306474,Multiple,2,3,1831.92825830126,156.451271217967,45.9017465407587,42.2117212737199,7.65183353081468
3,SPAS,2,37.1464148630769,31.7043387407692,8,-0.396135967122796,-0.302477638605849,0.444571584648024,-22.7763627926132,Multiple,2,1,1831.92825830126,156.451271217967,45.9017465407587,42.2117212737199,7.65183353081468
3,SPAS,2,36.7565560689262,31.2681395726175,8,-0.385300590958357,-0.291642262441409,0.0547127904972839,-23.212561960765,Multiple,2,2,1831.92825830126,156.451271217967,45.9017465407587,42.2117212737199,7.65183353081468
3,SPAS,2,36.7260213469231,29.762372802735,8,-0.375646248630146,-0.281987920113199,0.0241780684941801,-24.7183287306474,Multiple,2,3,1831.92825830126,156.451271217967,45.9017465407587,42.2117212737199,7.65183353081468
6,SPAS,2,35.7250055215909,33.7863334333333,1,-0.151587315285,-0.0239919234053896,-1.91052695374171,-20.026480609965,Multiple,6,1,1260.8929529958,129.635644550143,38.6940631383692,36.3773065294883,5.54408774637749
6,SPAS,2,35.5173927116197,33.6068375312676,1,-0.153112299426761,-0.0255169075471501,-2.11813976371288,-20.2059765120307,Multiple,6,2,1260.8929529958,129.635644550143,38.6940631383692,36.3773065294883,5.54408774637749
6,SPAS,2,35.3844511517045,32.950106105,1,-0.156973524605625,-0.0293781327260146,-2.25108132362806,-20.8627079382983,Multiple,6,3,1260.8929529958,129.635644550143,38.6940631383692,36.3773065294883,5.54408774637749
6,SPAS,2,35.7250055215909,33.7863334333333,2,-0.1451382926421,-0.1160863767736,-1.91052695374171,-20.026480609965,Multiple,6,1,1260.8929529958,129.635644550143,38.6940631383692,36.3773065294883,5.54408774637749
6,SPAS,2,35.5173927116197,33.6068375312676,2,-0.154821707873645,-0.125769792005145,-2.11813976371288,-20.2059765120307,Multiple,6,2,1260.8929529958,129.635644550143,38.6940631383692,36.3773065294883,5.54408774637749
6,SPAS,2,35.3844511517045,32.950106105,2,-0.1533072116367,-0.1242552957682,-2.25108132362806,-20.8627079382983,Multiple,6,3,1260.8929529958,129.635644550143,38.6940631383692,36.3773065294883,5.54408774637749
6,SPAS,2,35.7250055215909,33.7863334333333,3,-0.2968784076704,-0.196183450602057,-1.91052695374171,-20.026480609965,Multiple,6,1,1260.8929529958,129.635644550143,38.6940631383692,36.3773065294883,5.54408774637749
6,SPAS,2,35.5173927116197,33.6068375312676,3,-0.290567981791969,-0.189873024723626,-2.11813976371288,-20.2059765120307,Multiple,6,2,1260.8929529958,129.635644550143,38.6940631383692,36.3773065294883,5.54408774637749
6,SPAS,2,35.3844511517045,32.950106105,3,-0.29736615446445,-0.196671197396107,-2.25108132362806,-20.8627079382983,Multiple,6,3,1260.8929529958,129.635644550143,38.6940631383692,36.3773065294883,5.54408774637749
6,SPAS,2,35.7250055215909,33.7863334333333,4,-0.0928908241109753,-0.00490456116366113,-1.91052695374171,-20.026480609965,Multiple,6,1,1260.8929529958,129.635644550143,38.6940631383692,36.3773065294883,5.54408774637749
6,SPAS,2,35.5173927116197,33.6068375312676,4,-0.0940192079027642,-0.00603294495545001,-2.11813976371288,-20.2059765120307,Multiple,6,2,1260.8929529958,129.635644550143,38.6940631383692,36.3773065294883,5.54408774637749
6,SPAS,2,35.3844511517045,32.950106105,4,-0.0994566222754499,-0.0114703593281357,-2.25108132362806,-20.8627079382983,Multiple,6,3,1260.8929529958,129.635644550143,38.6940631383692,36.3773065294883,5.54408774637749
6,SPAS,2,35.7250055215909,33.7863334333333,5,-0.6246358076286,-0.236305477448964,-1.91052695374171,-20.026480609965,Multiple,6,1,1260.8929529958,129.635644550143,38.6940631383692,36.3773065294883,5.54408774637749
6,SPAS,2,35.5173927116197,33.6068375312676,5,-0.606252008470327,-0.217921678290691,-2.11813976371288,-20.2059765120307,Multiple,6,2,1260.8929529958,129.635644550143,38.6940631383692,36.3773065294883,5.54408774637749
6,SPAS,2,35.3844511517045,32.950106105,5,-0.5834374910607,-0.195107160881064,-2.25108132362806,-20.8627079382983,Multiple,6,3,1260.8929529958,129.635644550143,38.6940631383692,36.3773065294883,5.54408774637749
6,SPAS,2,35.7250055215909,33.7863334333333,6,-0.39342563346695,-0.138700453084464,-1.91052695374171,-20.026480609965,Multiple,6,1,1260.8929529958,129.635644550143,38.6940631383692,36.3773065294883,5.54408774637749
6,SPAS,2,35.5173927116197,33.6068375312676,6,-0.388570528496584,-0.133845348114098,-2.11813976371288,-20.2059765120307,Multiple,6,2,1260.8929529958,129.635644550143,38.6940631383692,36.3773065294883,5.54408774637749
6,SPAS,2,35.3844511517045,32.950106105,6,-0.378976476420675,-0.124251296038189,-2.25108132362806,-20.8627079382983,Multiple,6,3,1260.8929529958,129.635644550143,38.6940631383692,36.3773065294883,5.54408774637749
6,SPAS,2,35.7250055215909,33.7863334333333,7,0.00547328491874958,0.0268245601898134,-1.91052695374171,-20.026480609965,Multiple,6,1,1260.8929529958,129.635644550143,38.6940631383692,36.3773065294883,5.54408774637749
6,SPAS,2,35.5173927116197,33.6068375312676,7,0.00688451875789413,0.028235794028958,-2.11813976371288,-20.2059765120307,Multiple,6,2,1260.8929529958,129.635644550143,38.6940631383692,36.3773065294883,5.54408774637749
6,SPAS,2,35.3844511517045,32.950106105,7,-0.0138103694212501,0.0075409058498138,-2.25108132362806,-20.8627079382983,Multiple,6,3,1260.8929529958,129.635644550143,38.6940631383692,36.3773065294883,5.54408774637749
6,SPAS,2,35.7250055215909,33.7863334333333,8,-1.09681857906805,-0.502737120567153,-1.91052695374171,-20.026480609965,Multiple,6,1,1260.8929529958,129.635644550143,38.6940631383692,36.3773065294883,5.54408774637749
6,SPAS,2,35.5173927116197,33.6068375312676,8,-1.08071349334842,-0.486632034847526,-2.11813976371288,-20.2059765120307,Multiple,6,2,1260.8929529958,129.635644550143,38.6940631383692,36.3773065294883,5.54408774637749
6,SPAS,2,35.3844511517045,32.950106105,8,-1.0641859590066,-0.470104500505703,-2.25108132362806,-20.8627079382983,Multiple,6,3,1260.8929529958,129.635644550143,38.6940631383692,36.3773065294883,5.54408774637749
7,SPAS,2,33.6696047670423,45.0747806371831,1,-0.255237283686813,-0.0408439815438341,-0.347487399082766,-13.0781410481882,Multiple,6,1,789.071950930363,101.993778783273,32.9656265564804,30.7683968032677,11.1131042318663
7,SPAS,2,33.6769164199329,44.6565630034899,1,-0.258399131849144,-0.0440058297061649,-0.340175746192138,-13.4963586818813,Multiple,6,2,789.071950930363,101.993778783273,32.9656265564804,30.7683968032677,11.1131042318663
7,SPAS,2,33.8935846583721,43.9561610409302,1,-0.257725620578634,-0.0433323184356545,-0.123507507752926,-14.196760644441,Multiple,6,3,789.071950930363,101.993778783273,32.9656265564804,30.7683968032677,11.1131042318663
7,SPAS,2,33.6696047670423,45.0747806371831,2,0.00667362894381126,-0.128785927177119,-0.347487399082766,-13.0781410481882,Multiple,6,1,789.071950930363,101.993778783273,32.9656265564804,30.7683968032677,11.1131042318663
7,SPAS,2,33.6769164199329,44.6565630034899,2,0.00565781101180669,-0.129801745109124,-0.340175746192138,-13.4963586818813,Multiple,6,2,789.071950930363,101.993778783273,32.9656265564804,30.7683968032677,11.1131042318663
7,SPAS,2,33.8935846583721,43.9561610409302,2,-0.00136544900211626,-0.136825005123047,-0.123507507752926,-14.196760644441,Multiple,6,3,789.071950930363,101.993778783273,32.9656265564804,30.7683968032677,11.1131042318663
7,SPAS,2,33.6696047670423,45.0747806371831,3,0.0904043399047986,0.0192772377007706,-0.347487399082766,-13.0781410481882,Multiple,6,1,789.071950930363,101.993778783273,32.9656265564804,30.7683968032677,11.1131042318663
7,SPAS,2,33.6769164199329,44.6565630034899,3,0.084440279355455,0.013313177151427,-0.340175746192138,-13.4963586818813,Multiple,6,2,789.071950930363,101.993778783273,32.9656265564804,30.7683968032677,11.1131042318663
7,SPAS,2,33.8935846583721,43.9561610409302,3,0.0788003555016035,0.00767325329757546,-0.123507507752926,-14.196760644441,Multiple,6,3,789.071950930363,101.993778783273,32.9656265564804,30.7683968032677,11.1131042318663
7,SPAS,2,33.6696047670423,45.0747806371831,4,-0.0398798878914128,-0.00615960913748544,-0.347487399082766,-13.0781410481882,Multiple,6,1,789.071950930363,101.993778783273,32.9656265564804,30.7683968032677,11.1131042318663
7,SPAS,2,33.6769164199329,44.6565630034899,4,-0.0445639846959261,-0.0108437059419988,-0.340175746192138,-13.4963586818813,Multiple,6,2,789.071950930363,101.993778783273,32.9656265564804,30.7683968032677,11.1131042318663
7,SPAS,2,33.8935846583721,43.9561610409302,4,-0.0441634299796954,-0.0104431512257681,-0.123507507752926,-14.196760644441,Multiple,6,3,789.071950930363,101.993778783273,32.9656265564804,30.7683968032677,11.1131042318663
7,SPAS,2,33.6696047670423,45.0747806371831,5,0.0334375918218084,-0.000830734733155425,-0.347487399082766,-13.0781410481882,Multiple,6,1,789.071950930363,101.993778783273,32.9656265564804,30.7683968032677,11.1131042318663
7,SPAS,2,33.6769164199329,44.6565630034899,5,0.0318429268211115,-0.00242539973385236,-0.340175746192138,-13.4963586818813,Multiple,6,2,789.071950930363,101.993778783273,32.9656265564804,30.7683968032677,11.1131042318663
7,SPAS,2,33.8935846583721,43.9561610409302,5,0.0316804707015628,-0.00258785585340104,-0.123507507752926,-14.196760644441,Multiple,6,3,789.071950930363,101.993778783273,32.9656265564804,30.7683968032677,11.1131042318663
7,SPAS,2,33.6696047670423,45.0747806371831,6,-0.0108211250899647,-0.0109151379279976,-0.347487399082766,-13.0781410481882,Multiple,6,1,789.071950930363,101.993778783273,32.9656265564804,30.7683968032677,11.1131042318663
7,SPAS,2,33.6769164199329,44.6565630034899,6,-0.013773733137904,-0.0138677459759369,-0.340175746192138,-13.4963586818813,Multiple,6,2,789.071950930363,101.993778783273,32.9656265564804,30.7683968032677,11.1131042318663
7,SPAS,2,33.8935846583721,43.9561610409302,6,-0.0137309702179919,-0.0138249830560248,-0.123507507752926,-14.196760644441,Multiple,6,3,789.071950930363,101.993778783273,32.9656265564804,30.7683968032677,11.1131042318663
7,SPAS,2,33.6696047670423,45.0747806371831,7,0.134687691650662,-0.00184586316359148,-0.347487399082766,-13.0781410481882,Multiple,6,1,789.071950930363,101.993778783273,32.9656265564804,30.7683968032677,11.1131042318663
7,SPAS,2,33.6769164199329,44.6565630034899,7,0.13356937579198,-0.00296417902227344,-0.340175746192138,-13.4963586818813,Multiple,6,2,789.071950930363,101.993778783273,32.9656265564804,30.7683968032677,11.1131042318663
7,SPAS,2,33.8935846583721,43.9561610409302,7,0.113388360661989,-0.0231451941522642,-0.123507507752926,-14.196760644441,Multiple,6,3,789.071950930363,101.993778783273,32.9656265564804,30.7683968032677,11.1131042318663
7,SPAS,2,33.6696047670423,45.0747806371831,8,-0.217059564322087,-0.257299355425934,-0.347487399082766,-13.0781410481882,Multiple,6,1,789.071950930363,101.993778783273,32.9656265564804,30.7683968032677,11.1131042318663
7,SPAS,2,33.6769164199329,44.6565630034899,8,-0.213381257991731,-0.253621049095578,-0.340175746192138,-13.4963586818813,Multiple,6,2,789.071950930363,101.993778783273,32.9656265564804,30.7683968032677,11.1131042318663
7,SPAS,2,33.8935846583721,43.9561610409302,8,-0.212223564699684,-0.252463355803531,-0.123507507752926,-14.196760644441,Multiple,6,3,789.071950930363,101.993778783273,32.9656265564804,30.7683968032677,11.1131042318663
8,SPAS,2,37.0553869952727,33.6614915052121,1,-0.481232338881674,0.293605864265495,0.0682730107167018,-22.7127590731611,Multiple,2,1,999.853142351562,114.740581374886,33.8663981359352,30.9234152600435,0.784052492107415
8,SPAS,2,38.6399713700602,32.9179255233735,1,-0.522221554981428,0.252616648165741,1.65285738550422,-23.4563250549998,Multiple,2,2,999.853142351562,114.740581374886,33.8663981359352,30.9234152600435,0.784052492107415
8,SPAS,2,37.0553869952727,33.6614915052121,2,-0.202857131646567,0.160188744328682,0.0682730107167018,-22.7127590731611,Multiple,2,1,999.853142351562,114.740581374886,33.8663981359352,30.9234152600435,0.784052492107415
8,SPAS,2,38.6399713700602,32.9179255233735,2,-0.155985000018121,0.207060875957128,1.65285738550422,-23.4563250549998,Multiple,2,2,999.853142351562,114.740581374886,33.8663981359352,30.9234152600435,0.784052492107415
8,SPAS,2,37.0553869952727,33.6614915052121,3,0.0103063212858867,-0.187763310474799,0.0682730107167018,-22.7127590731611,Multiple,2,1,999.853142351562,114.740581374886,33.8663981359352,30.9234152600435,0.784052492107415
8,SPAS,2,38.6399713700602,32.9179255233735,3,-0.0813958150564156,-0.279465446817102,1.65285738550422,-23.4563250549998,Multiple,2,2,999.853142351562,114.740581374886,33.8663981359352,30.9234152600435,0.784052492107415
8,SPAS,2,37.0553869952727,33.6614915052121,4,-0.00560266022780798,0.056293625550019,0.0682730107167018,-22.7127590731611,Multiple,2,1,999.853142351562,114.740581374886,33.8663981359352,30.9234152600435,0.784052492107415
8,SPAS,2,38.6399713700602,32.9179255233735,4,-0.0286731279605951,0.0332231578172319,1.65285738550422,-23.4563250549998,Multiple,2,2,999.853142351562,114.740581374886,33.8663981359352,30.9234152600435,0.784052492107415
8,SPAS,2,37.0553869952727,33.6614915052121,5,-0.304341968118404,0.0152041195222073,0.0682730107167018,-22.7127590731611,Multiple,2,1,999.853142351562,114.740581374886,33.8663981359352,30.9234152600435,0.784052492107415
8,SPAS,2,38.6399713700602,32.9179255233735,5,-0.412325816556991,-0.0927797289163799,1.65285738550422,-23.4563250549998,Multiple,2,2,999.853142351562,114.740581374886,33.8663981359352,30.9234152600435,0.784052492107415
8,SPAS,2,37.0553869952727,33.6614915052121,6,-0.507560543785134,-0.134074048464872,0.0682730107167018,-22.7127590731611,Multiple,2,1,999.853142351562,114.740581374886,33.8663981359352,30.9234152600435,0.784052492107415
8,SPAS,2,38.6399713700602,32.9179255233735,6,-0.831824905512096,-0.458338410191834,1.65285738550422,-23.4563250549998,Multiple,2,2,999.853142351562,114.740581374886,33.8663981359352,30.9234152600435,0.784052492107415
8,SPAS,2,37.0553869952727,33.6614915052121,7,-0.316483276283536,-0.145115448551105,0.0682730107167018,-22.7127590731611,Multiple,2,1,999.853142351562,114.740581374886,33.8663981359352,30.9234152600435,0.784052492107415
8,SPAS,2,38.6399713700602,32.9179255233735,7,-0.262062110442884,-0.0906942827104532,1.65285738550422,-23.4563250549998,Multiple,2,2,999.853142351562,114.740581374886,33.8663981359352,30.9234152600435,0.784052492107415
8,SPAS,2,37.0553869952727,33.6614915052121,8,-0.491312762296589,-0.418067675480525,0.0682730107167018,-22.7127590731611,Multiple,2,1,999.853142351562,114.740581374886,33.8663981359352,30.9234152600435,0.784052492107415
8,SPAS,2,38.6399713700602,32.9179255233735,8,-0.297074154875742,-0.223829068059678,1.65285738550422,-23.4563250549998,Multiple,2,2,999.853142351562,114.740581374886,33.8663981359352,30.9234152600435,0.784052492107415
11,SPAS,2,35.3998080017881,44.4100001104636,1,-0.0471973649782428,0.0178280632289819,0.837639113290891,-7.08254967773917,Multiple,2,1,1183.87797595005,124.848122153267,33.92472082893,41.6065760038554,2.59081806529725
11,SPAS,2,33.3715025678698,43.7184973718343,1,-0.0513252104023204,0.0137002178049043,-1.19066632062737,-7.77405241636843,Multiple,2,2,1183.87797595005,124.848122153267,33.92472082893,41.6065760038554,2.59081806529725
11,SPAS,2,34.3896128861538,43.3026425864103,1,-0.0618667620695628,0.0031586661376619,-0.172556002343349,-8.18990720179248,Multiple,2,3,1183.87797595005,124.848122153267,33.92472082893,41.6065760038554,2.59081806529725
11,SPAS,2,35.3998080017881,44.4100001104636,2,-0.242493683682857,-0.184135730564492,0.837639113290891,-7.08254967773917,Multiple,2,1,1183.87797595005,124.848122153267,33.92472082893,41.6065760038554,2.59081806529725
11,SPAS,2,33.3715025678698,43.7184973718343,2,-0.235145257697645,-0.17678730457928,-1.19066632062737,-7.77405241636843,Multiple,2,2,1183.87797595005,124.848122153267,33.92472082893,41.6065760038554,2.59081806529725
11,SPAS,2,34.3896128861538,43.3026425864103,2,-0.229967044423415,-0.17160909130505,-0.172556002343349,-8.18990720179248,Multiple,2,3,1183.87797595005,124.848122153267,33.92472082893,41.6065760038554,2.59081806529725
11,SPAS,2,35.3998080017881,44.4100001104636,3,0.0432374464084972,0.00584550475910476,0.837639113290891,-7.08254967773917,Multiple,2,1,1183.87797595005,124.848122153267,33.92472082893,41.6065760038554,2.59081806529725
11,SPAS,2,33.3715025678698,43.7184973718343,3,0.0407859149943599,0.00339397334496746,-1.19066632062737,-7.77405241636843,Multiple,2,2,1183.87797595005,124.848122153267,33.92472082893,41.6065760038554,2.59081806529725
11,SPAS,2,34.3896128861538,43.3026425864103,3,0.0217118763855754,-0.0156800652638171,-0.172556002343349,-8.18990720179248,Multiple,2,3,1183.87797595005,124.848122153267,33.92472082893,41.6065760038554,2.59081806529725
11,SPAS,2,35.3998080017881,44.4100001104636,4,-0.0483754122112607,0.0466159969452342,0.837639113290891,-7.08254967773917,Multiple,2,1,1183.87797595005,124.848122153267,33.92472082893,41.6065760038554,2.59081806529725
11,SPAS,2,33.3715025678698,43.7184973718343,4,-0.0437700067317113,0.0512214024247836,-1.19066632062737,-7.77405241636843,Multiple,2,2,1183.87797595005,124.848122153267,33.92472082893,41.6065760038554,2.59081806529725
11,SPAS,2,34.3896128861538,43.3026425864103,4,-0.0473296571621195,0.0476617519943754,-0.172556002343349,-8.18990720179248,Multiple,2,3,1183.87797595005,124.848122153267,33.92472082893,41.6065760038554,2.59081806529725
11,SPAS,2,35.3998080017881,44.4100001104636,5,-0.473276015097708,-0.0248669655862045,0.837639113290891,-7.08254967773917,Multiple,2,1,1183.87797595005,124.848122153267,33.92472082893,41.6065760038554,2.59081806529725
11,SPAS,2,33.3715025678698,43.7184973718343,5,-0.410347644030547,0.038061405480957,-1.19066632062737,-7.77405241636843,Multiple,2,2,1183.87797595005,124.848122153267,33.92472082893,41.6065760038554,2.59081806529725
11,SPAS,2,34.3896128861538,43.3026425864103,5,-0.428286839638364,0.02012220987314,-0.172556002343349,-8.18990720179248,Multiple,2,3,1183.87797595005,124.848122153267,33.92472082893,41.6065760038554,2.59081806529725
11,SPAS,2,35.3998080017881,44.4100001104636,6,-0.182055078544391,-0.124386205449872,0.837639113290891,-7.08254967773917,Multiple,2,1,1183.87797595005,124.848122153267,33.92472082893,41.6065760038554,2.59081806529725
11,SPAS,2,33.3715025678698,43.7184973718343,6,-0.156920966794077,-0.0992520936995578,-1.19066632062737,-7.77405241636843,Multiple,2,2,1183.87797595005,124.848122153267,33.92472082893,41.6065760038554,2.59081806529725
11,SPAS,2,34.3896128861538,43.3026425864103,6,-0.14505426763423,-0.0873853945397105,-0.172556002343349,-8.18990720179248,Multiple,2,3,1183.87797595005,124.848122153267,33.92472082893,41.6065760038554,2.59081806529725
11,SPAS,2,35.3998080017881,44.4100001104636,7,-0.155100648584946,-0.183735274227988,0.837639113290891,-7.08254967773917,Multiple,2,1,1183.87797595005,124.848122153267,33.92472082893,41.6065760038554,2.59081806529725
11,SPAS,2,33.3715025678698,43.7184973718343,7,-0.127285373567847,-0.155919999210889,-1.19066632062737,-7.77405241636843,Multiple,2,2,1183.87797595005,124.848122153267,33.92472082893,41.6065760038554,2.59081806529725
11,SPAS,2,34.3896128861538,43.3026425864103,7,-0.100306610502241,-0.128941236145282,-0.172556002343349,-8.18990720179248,Multiple,2,3,1183.87797595005,124.848122153267,33.92472082893,41.6065760038554,2.59081806529725
11,SPAS,2,35.3998080017881,44.4100001104636,8,-0.562259949197879,0.0137364218145128,0.837639113290891,-7.08254967773917,Multiple,2,1,1183.87797595005,124.848122153267,33.92472082893,41.6065760038554,2.59081806529725
11,SPAS,2,33.3715025678698,43.7184973718343,8,-0.52203501474703,0.0539613562653616,-1.19066632062737,-7.77405241636843,Multiple,2,2,1183.87797595005,124.848122153267,33.92472082893,41.6065760038554,2.59081806529725
11,SPAS,2,34.3896128861538,43.3026425864103,8,-0.514569809729778,0.0614265612826135,-0.172556002343349,-8.18990720179248,Multiple,2,3,1183.87797595005,124.848122153267,33.92472082893,41.6065760038554,2.59081806529725
13,SPAS,2,36.7752459922642,16.1838609272956,1,-0.536976848484355,-0.0842882102365693,-0.340901553527736,-34.1602926809643,Multiple,9,1,1086.17973558612,118.33586650457,38.3441620842146,35.809934905976,0
13,SPAS,2,36.6681096153947,16.204164326579,1,-0.53642380951233,-0.0837351712645449,-0.448037930397149,-34.1399892816809,Multiple,9,2,1086.17973558612,118.33586650457,38.3441620842146,35.809934905976,0
13,SPAS,2,37.3446857463934,14.0152626140984,1,-0.657020155042863,-0.204331516795077,0.228538200601555,-36.3288909941615,Multiple,9,3,1086.17973558612,118.33586650457,38.3441620842146,35.809934905976,0
13,SPAS,2,36.7752459922642,16.1838609272956,2,-0.762264811152555,-0.204406861039588,-0.340901553527736,-34.1602926809643,Multiple,9,1,1086.17973558612,118.33586650457,38.3441620842146,35.809934905976,0
13,SPAS,2,36.6681096153947,16.204164326579,2,-0.78167075411403,-0.223812804001062,-0.448037930397149,-34.1399892816809,Multiple,9,2,1086.17973558612,118.33586650457,38.3441620842146,35.809934905976,0
13,SPAS,2,37.3446857463934,14.0152626140984,2,-0.581395591656085,-0.0235376415431174,0.228538200601555,-36.3288909941615,Multiple,9,3,1086.17973558612,118.33586650457,38.3441620842146,35.809934905976,0
13,SPAS,2,36.7752459922642,16.1838609272956,3,-0.144186695636133,-0.128804435068404,-0.340901553527736,-34.1602926809643,Multiple,9,1,1086.17973558612,118.33586650457,38.3441620842146,35.809934905976,0
13,SPAS,2,36.6681096153947,16.204164326579,3,-0.160395235572539,-0.14501297500481,-0.448037930397149,-34.1399892816809,Multiple,9,2,1086.17973558612,118.33586650457,38.3441620842146,35.809934905976,0
13,SPAS,2,37.3446857463934,14.0152626140984,3,-0.0803922961697185,-0.0650100356019896,0.228538200601555,-36.3288909941615,Multiple,9,3,1086.17973558612,118.33586650457,38.3441620842146,35.809934905976,0
13,SPAS,2,36.7752459922642,16.1838609272956,4,-0.0405534134373774,-0.00584116522151243,-0.340901553527736,-34.1602926809643,Multiple,9,1,1086.17973558612,118.33586650457,38.3441620842146,35.809934905976,0
13,SPAS,2,36.6681096153947,16.204164326579,4,-0.0462877241392592,-0.0115754759233942,-0.448037930397149,-34.1399892816809,Multiple,9,2,1086.17973558612,118.33586650457,38.3441620842146,35.809934905976,0
13,SPAS,2,37.3446857463934,14.0152626140984,4,-0.0285256771169954,0.00618657109886956,0.228538200601555,-36.3288909941615,Multiple,9,3,1086.17973558612,118.33586650457,38.3441620842146,35.809934905976,0
13,SPAS,2,36.7752459922642,16.1838609272956,5,-0.405120136425833,-0.183055440533709,-0.340901553527736,-34.1602926809643,Multiple,9,1,1086.17973558612,118.33586650457,38.3441620842146,35.809934905976,0
13,SPAS,2,36.6681096153947,16.204164326579,5,-0.398923503694297,-0.176858807802172,-0.448037930397149,-34.1399892816809,Multiple,9,2,1086.17973558612,118.33586650457,38.3441620842146,35.809934905976,0
13,SPAS,2,37.3446857463934,14.0152626140984,5,-0.455682467758365,-0.23361777186624,0.228538200601555,-36.3288909941615,Multiple,9,3,1086.17973558612,118.33586650457,38.3441620842146,35.809934905976,0
13,SPAS,2,36.7752459922642,16.1838609272956,6,-0.698902034081725,-0.43078583956908,-0.340901553527736,-34.1602926809643,Multiple,9,1,1086.17973558612,118.33586650457,38.3441620842146,35.809934905976,0
13,SPAS,2,36.6681096153947,16.204164326579,6,-0.677949413695443,-0.409833219182798,-0.448037930397149,-34.1399892816809,Multiple,9,2,1086.17973558612,118.33586650457,38.3441620842146,35.809934905976,0
13,SPAS,2,37.3446857463934,14.0152626140984,6,-0.741729806688132,-0.473613612175487,0.228538200601555,-36.3288909941615,Multiple,9,3,1086.17973558612,118.33586650457,38.3441620842146,35.809934905976,0
13,SPAS,2,36.7752459922642,16.1838609272956,7,0.0290828461930368,0.0531792840010707,-0.340901553527736,-34.1602926809643,Multiple,9,1,1086.17973558612,118.33586650457,38.3441620842146,35.809934905976,0
13,SPAS,2,36.6681096153947,16.204164326579,7,0.0189583078905634,0.0430547456985973,-0.448037930397149,-34.1399892816809,Multiple,9,2,1086.17973558612,118.33586650457,38.3441620842146,35.809934905976,0
13,SPAS,2,37.3446857463934,14.0152626140984,7,0.0551428451464747,0.0792392829545085,0.228538200601555,-36.3288909941615,Multiple,9,3,1086.17973558612,118.33586650457,38.3441620842146,35.809934905976,0
13,SPAS,2,36.7752459922642,16.1838609272956,8,-0.441624869426143,-0.478743016284119,-0.340901553527736,-34.1602926809643,Multiple,9,1,1086.17973558612,118.33586650457,38.3441620842146,35.809934905976,0
13,SPAS,2,36.6681096153947,16.204164326579,8,-0.434106862063071,-0.471225008921047,-0.448037930397149,-34.1399892816809,Multiple,9,2,1086.17973558612,118.33586650457,38.3441620842146,35.809934905976,0
13,SPAS,2,37.3446857463934,14.0152626140984,8,-0.586042163110906,-0.623160309968882,0.228538200601555,-36.3288909941615,Multiple,9,3,1086.17973558612,118.33586650457,38.3441620842146,35.809934905976,0
2,SPAP,2,38.1529620535443,35.9788569450633,1,-0.542631552189114,-0.126225139149162,2.05329962891277,-15.1482740416784,Multiple,3,1,1340.00405952443,131.207920152192,39.8132356227689,40.8701376549146,1.53805226123261
2,SPAP,2,38.059120967,35.7620081542222,1,-0.540358015309292,-0.123951602269339,1.95945854236846,-15.3651228325195,Multiple,3,2,1340.00405952443,131.207920152192,39.8132356227689,40.8701376549146,1.53805226123261
2,SPAP,2,37.2637836082895,35.1833413321053,1,-0.524110662986842,-0.10770424994689,1.16412118365793,-15.9437896546364,Multiple,3,3,1340.00405952443,131.207920152192,39.8132356227689,40.8701376549146,1.53805226123261
2,SPAP,2,38.1529620535443,35.9788569450633,2,-0.35957397560842,-0.205057071330093,2.05329962891277,-15.1482740416784,Multiple,3,1,1340.00405952443,131.207920152192,39.8132356227689,40.8701376549146,1.53805226123261
2,SPAP,2,38.059120967,35.7620081542222,2,-0.35251648475252,-0.197999580474193,1.95945854236846,-15.3651228325195,Multiple,3,2,1340.00405952443,131.207920152192,39.8132356227689,40.8701376549146,1.53805226123261
2,SPAP,2,37.2637836082895,35.1833413321053,2,-0.338457218322647,-0.18394031404432,1.16412118365793,-15.9437896546364,Multiple,3,3,1340.00405952443,131.207920152192,39.8132356227689,40.8701376549146,1.53805226123261
2,SPAP,2,38.1529620535443,35.9788569450633,3,-0.0716547207125297,-0.0264103646184176,2.05329962891277,-15.1482740416784,Multiple,3,1,1340.00405952443,131.207920152192,39.8132356227689,40.8701376549146,1.53805226123261
2,SPAP,2,38.059120967,35.7620081542222,3,-0.0762179044092584,-0.0309735483151463,1.95945854236846,-15.3651228325195,Multiple,3,2,1340.00405952443,131.207920152192,39.8132356227689,40.8701376549146,1.53805226123261
2,SPAP,2,37.2637836082895,35.1833413321053,3,-0.0638764319536894,-0.0186320758595773,1.16412118365793,-15.9437896546364,Multiple,3,3,1340.00405952443,131.207920152192,39.8132356227689,40.8701376549146,1.53805226123261
2,SPAP,2,38.1529620535443,35.9788569450633,4,-0.115127134285997,-0.0492747419641483,2.05329962891277,-15.1482740416784,Multiple,3,1,1340.00405952443,131.207920152192,39.8132356227689,40.8701376549146,1.53805226123261
2,SPAP,2,38.059120967,35.7620081542222,4,-0.112953750897735,-0.0471013585758858,1.95945854236846,-15.3651228325195,Multiple,3,2,1340.00405952443,131.207920152192,39.8132356227689,40.8701376549146,1.53805226123261
2,SPAP,2,37.2637836082895,35.1833413321053,4,-0.106379686611521,-0.0405272942896719,1.16412118365793,-15.9437896546364,Multiple,3,3,1340.00405952443,131.207920152192,39.8132356227689,40.8701376549146,1.53805226123261
2,SPAP,2,38.1529620535443,35.9788569450633,5,-0.428731483778233,-0.142514673977973,2.05329962891277,-15.1482740416784,Multiple,3,1,1340.00405952443,131.207920152192,39.8132356227689,40.8701376549146,1.53805226123261
2,SPAP,2,38.059120967,35.7620081542222,5,-0.41576865114532,-0.12955184134506,1.95945854236846,-15.3651228325195,Multiple,3,2,1340.00405952443,131.207920152192,39.8132356227689,40.8701376549146,1.53805226123261
2,SPAP,2,37.2637836082895,35.1833413321053,5,-0.410160479664158,-0.123943669863898,1.16412118365793,-15.9437896546364,Multiple,3,3,1340.00405952443,131.207920152192,39.8132356227689,40.8701376549146,1.53805226123261
2,SPAP,2,38.1529620535443,35.9788569450633,6,-0.260515139705366,-0.0753672131265345,2.05329962891277,-15.1482740416784,Multiple,3,1,1340.00405952443,131.207920152192,39.8132356227689,40.8701376549146,1.53805226123261
2,SPAP,2,38.059120967,35.7620081542222,6,-0.254500858331207,-0.0693529317523752,1.95945854236846,-15.3651228325195,Multiple,3,2,1340.00405952443,131.207920152192,39.8132356227689,40.8701376549146,1.53805226123261
2,SPAP,2,37.2637836082895,35.1833413321053,6,-0.245912715497842,-0.0607647889190105,1.16412118365793,-15.9437896546364,Multiple,3,3,1340.00405952443,131.207920152192,39.8132356227689,40.8701376549146,1.53805226123261
2,SPAP,2,38.1529620535443,35.9788569450633,7,-0.173449707736841,-0.0414041394776185,2.05329962891277,-15.1482740416784,Multiple,3,1,1340.00405952443,131.207920152192,39.8132356227689,40.8701376549146,1.53805226123261
2,SPAP,2,38.059120967,35.7620081542222,7,-0.181890366705299,-0.0498447984460765,1.95945854236846,-15.3651228325195,Multiple,3,2,1340.00405952443,131.207920152192,39.8132356227689,40.8701376549146,1.53805226123261
2,SPAP,2,37.2637836082895,35.1833413321053,7,-0.177043803139066,-0.0449982348798431,1.16412118365793,-15.9437896546364,Multiple,3,3,1340.00405952443,131.207920152192,39.8132356227689,40.8701376549146,1.53805226123261
2,SPAP,2,38.1529620535443,35.9788569450633,8,0.111908750296639,-0.00656298986047048,2.05329962891277,-15.1482740416784,Multiple,3,1,1340.00405952443,131.207920152192,39.8132356227689,40.8701376549146,1.53805226123261
2,SPAP,2,38.059120967,35.7620081542222,8,0.098120541922315,-0.0203511982347941,1.95945854236846,-15.3651228325195,Multiple,3,2,1340.00405952443,131.207920152192,39.8132356227689,40.8701376549146,1.53805226123261
2,SPAP,2,37.2637836082895,35.1833413321053,8,0.120943734760417,0.0024719946033082,1.16412118365793,-15.9437896546364,Multiple,3,3,1340.00405952443,131.207920152192,39.8132356227689,40.8701376549146,1.53805226123261
6,SPAP,2,37.3475605090909,40.545473930303,1,-0.210418892954375,-0.0828235010747645,-0.287971966241692,-13.2673401129953,Multiple,6,1,1298.5417325905,130.516962595798,38.3930108404083,35.8520832380616,8.45683111350058
6,SPAP,2,38.0046083879221,39.5986830085714,1,-0.20687435733,-0.0792789654503896,0.369075912589473,-14.2141310347269,Multiple,6,2,1298.5417325905,130.516962595798,38.3930108404083,35.8520832380616,8.45683111350058
6,SPAP,2,38.3200356968182,39.2062021821212,1,-0.212372797441875,-0.0847774055622645,0.684503221485578,-14.6066118611771,Multiple,6,3,1298.5417325905,130.516962595798,38.3930108404083,35.8520832380616,8.45683111350058
6,SPAP,2,37.3475605090909,40.545473930303,2,-0.0990932691606,-0.0700413532920997,-0.287971966241692,-13.2673401129953,Multiple,6,1,1298.5417325905,130.516962595798,38.3930108404083,35.8520832380616,8.45683111350058
6,SPAP,2,38.0046083879221,39.5986830085714,2,-0.0973312079713714,-0.068279292102871,0.369075912589473,-14.2141310347269,Multiple,6,2,1298.5417325905,130.516962595798,38.3930108404083,35.8520832380616,8.45683111350058
6,SPAP,2,38.3200356968182,39.2062021821212,2,-0.1046976552018,-0.0756457393332997,0.684503221485578,-14.6066118611771,Multiple,6,3,1298.5417325905,130.516962595798,38.3930108404083,35.8520832380616,8.45683111350058
6,SPAP,2,37.3475605090909,40.545473930303,3,-0.19199095649045,-0.0912959994221067,-0.287971966241692,-13.2673401129953,Multiple,6,1,1298.5417325905,130.516962595798,38.3930108404083,35.8520832380616,8.45683111350058
6,SPAP,2,38.0046083879221,39.5986830085714,3,-0.1883249886513,-0.0876300315829565,0.369075912589473,-14.2141310347269,Multiple,6,2,1298.5417325905,130.516962595798,38.3930108404083,35.8520832380616,8.45683111350058
6,SPAP,2,38.3200356968182,39.2062021821212,3,-0.19916829080065,-0.0984733337323065,0.684503221485578,-14.6066118611771,Multiple,6,3,1298.5417325905,130.516962595798,38.3930108404083,35.8520832380616,8.45683111350058
6,SPAP,2,37.3475605090909,40.545473930303,4,-0.0839785903888247,0.00400767255848945,-0.287971966241692,-13.2673401129953,Multiple,6,1,1298.5417325905,130.516962595798,38.3930108404083,35.8520832380616,8.45683111350058
6,SPAP,2,38.0046083879221,39.5986830085714,4,-0.0821579040359789,0.00582835891133526,0.369075912589473,-14.2141310347269,Multiple,6,2,1298.5417325905,130.516962595798,38.3930108404083,35.8520832380616,8.45683111350058
6,SPAP,2,38.3200356968182,39.2062021821212,4,-0.0849406111664001,0.00304565178091407,0.684503221485578,-14.6066118611771,Multiple,6,3,1298.5417325905,130.516962595798,38.3930108404083,35.8520832380616,8.45683111350058
6,SPAP,2,37.3475605090909,40.545473930303,5,-0.5612963402626,-0.172966010082964,-0.287971966241692,-13.2673401129953,Multiple,6,1,1298.5417325905,130.516962595798,38.3930108404083,35.8520832380616,8.45683111350058
6,SPAP,2,38.0046083879221,39.5986830085714,5,-0.568280204256171,-0.179949874076536,0.369075912589473,-14.2141310347269,Multiple,6,2,1298.5417325905,130.516962595798,38.3930108404083,35.8520832380616,8.45683111350058
6,SPAP,2,38.3200356968182,39.2062021821212,5,-0.5485579067004,-0.160227576520764,0.684503221485578,-14.6066118611771,Multiple,6,3,1298.5417325905,130.516962595798,38.3930108404083,35.8520832380616,8.45683111350058
6,SPAP,2,37.3475605090909,40.545473930303,6,-0.394614231369575,-0.139889050987089,-0.287971966241692,-13.2673401129953,Multiple,6,1,1298.5417325905,130.516962595798,38.3930108404083,35.8520832380616,8.45683111350058
6,SPAP,2,38.0046083879221,39.5986830085714,6,-0.4059853652562,-0.151260184873714,0.369075912589473,-14.2141310347269,Multiple,6,2,1298.5417325905,130.516962595798,38.3930108404083,35.8520832380616,8.45683111350058
6,SPAP,2,38.3200356968182,39.2062021821212,6,-0.397773478303425,-0.143048297920939,0.684503221485578,-14.6066118611771,Multiple,6,3,1298.5417325905,130.516962595798,38.3930108404083,35.8520832380616,8.45683111350058
6,SPAP,2,37.3475605090909,40.545473930303,7,-0.0270221789295,-0.00567090365843613,-0.287971966241692,-13.2673401129953,Multiple,6,1,1298.5417325905,130.516962595798,38.3930108404083,35.8520832380616,8.45683111350058
6,SPAP,2,38.0046083879221,39.5986830085714,7,-0.0265491438962144,-0.00519786862515052,0.369075912589473,-14.2141310347269,Multiple,6,2,1298.5417325905,130.516962595798,38.3930108404083,35.8520832380616,8.45683111350058
6,SPAP,2,38.3200356968182,39.2062021821212,7,-0.0332429265967494,-0.0118916513256856,0.684503221485578,-14.6066118611771,Multiple,6,3,1298.5417325905,130.516962595798,38.3930108404083,35.8520832380616,8.45683111350058
6,SPAP,2,37.3475605090909,40.545473930303,8,-0.816874649847475,-0.222793191346578,-0.287971966241692,-13.2673401129953,Multiple,6,1,1298.5417325905,130.516962595798,38.3930108404083,35.8520832380616,8.45683111350058
6,SPAP,2,38.0046083879221,39.5986830085714,8,-0.810866077866471,-0.216784619365574,0.369075912589473,-14.2141310347269,Multiple,6,2,1298.5417325905,130.516962595798,38.3930108404083,35.8520832380616,8.45683111350058
6,SPAP,2,38.3200356968182,39.2062021821212,8,-0.8051654743313,-0.211084015830403,0.684503221485578,-14.6066118611771,Multiple,6,3,1298.5417325905,130.516962595798,38.3930108404083,35.8520832380616,8.45683111350058
7,SPAP,2,34.4295885301987,45.0276672535099,1,-0.5474548504425,-0.333061548299521,0.412496364073654,-13.1252544318613,Multiple,6,1,803.104482712194,103.28345403175,33.2099304996601,31.4150364212096,9.62853956835238
7,SPAP,2,34.47494799625,44.2457422313889,1,-0.517433837665938,-0.303040535522958,0.457855830124984,-13.9071794539824,Multiple,6,2,803.104482712194,103.28345403175,33.2099304996601,31.4150364212096,9.62853956835238
7,SPAP,2,33.9796482453093,44.1394699564948,1,-0.51526865999451,-0.300875357851531,-0.0374439208157398,-14.0134517288764,Multiple,6,3,803.104482712194,103.28345403175,33.2099304996601,31.4150364212096,9.62853956835238
7,SPAP,2,34.4295885301987,45.0276672535099,2,-0.132904446858358,-0.268364002979288,0.412496364073654,-13.1252544318613,Multiple,6,1,803.104482712194,103.28345403175,33.2099304996601,31.4150364212096,9.62853956835238
7,SPAP,2,34.47494799625,44.2457422313889,2,-0.130413190251575,-0.265872746372506,0.457855830124984,-13.9071794539824,Multiple,6,2,803.104482712194,103.28345403175,33.2099304996601,31.4150364212096,9.62853956835238
7,SPAP,2,33.9796482453093,44.1394699564948,2,-0.128851137846019,-0.264310693966949,-0.0374439208157398,-14.0134517288764,Multiple,6,3,803.104482712194,103.28345403175,33.2099304996601,31.4150364212096,9.62853956835238
7,SPAP,2,34.4295885301987,45.0276672535099,3,0.0457760761012828,-0.0253510261027452,0.412496364073654,-13.1252544318613,Multiple,6,1,803.104482712194,103.28345403175,33.2099304996601,31.4150364212096,9.62853956835238
7,SPAP,2,34.47494799625,44.2457422313889,3,0.0386284800690021,-0.0324986221350259,0.457855830124984,-13.9071794539824,Multiple,6,2,803.104482712194,103.28345403175,33.2099304996601,31.4150364212096,9.62853956835238
7,SPAP,2,33.9796482453093,44.1394699564948,3,0.0400791105757809,-0.0310479916282471,-0.0374439208157398,-14.0134517288764,Multiple,6,3,803.104482712194,103.28345403175,33.2099304996601,31.4150364212096,9.62853956835238
7,SPAP,2,34.4295885301987,45.0276672535099,4,-0.0151588335768675,0.0185614451770598,0.412496364073654,-13.1252544318613,Multiple,6,1,803.104482712194,103.28345403175,33.2099304996601,31.4150364212096,9.62853956835238
7,SPAP,2,34.47494799625,44.2457422313889,4,-0.0253821031815311,0.00833817557239624,0.457855830124984,-13.9071794539824,Multiple,6,2,803.104482712194,103.28345403175,33.2099304996601,31.4150364212096,9.62853956835238
7,SPAP,2,33.9796482453093,44.1394699564948,4,-0.0195262132003593,0.014194065553568,-0.0374439208157398,-14.0134517288764,Multiple,6,3,803.104482712194,103.28345403175,33.2099304996601,31.4150364212096,9.62853956835238
7,SPAP,2,34.4295885301987,45.0276672535099,5,0.0716917473225378,0.0374234207675739,0.412496364073654,-13.1252544318613,Multiple,6,1,803.104482712194,103.28345403175,33.2099304996601,31.4150364212096,9.62853956835238
7,SPAP,2,34.47494799625,44.2457422313889,5,0.06944139253535,0.0351730659803861,0.457855830124984,-13.9071794539824,Multiple,6,2,803.104482712194,103.28345403175,33.2099304996601,31.4150364212096,9.62853956835238
7,SPAP,2,33.9796482453093,44.1394699564948,5,0.0646345189486144,0.0303661923936505,-0.0374439208157398,-14.0134517288764,Multiple,6,3,803.104482712194,103.28345403175,33.2099304996601,31.4150364212096,9.62853956835238
7,SPAP,2,34.4295885301987,45.0276672535099,6,-0.0264399182139297,-0.0265339310519626,0.412496364073654,-13.1252544318613,Multiple,6,1,803.104482712194,103.28345403175,33.2099304996601,31.4150364212096,9.62853956835238
7,SPAP,2,34.47494799625,44.2457422313889,6,-0.0231947687388082,-0.0232887815768411,0.457855830124984,-13.9071794539824,Multiple,6,2,803.104482712194,103.28345403175,33.2099304996601,31.4150364212096,9.62853956835238
7,SPAP,2,33.9796482453093,44.1394699564948,6,-0.025103076536881,-0.0251970893749139,-0.0374439208157398,-14.0134517288764,Multiple,6,3,803.104482712194,103.28345403175,33.2099304996601,31.4150364212096,9.62853956835238
7,SPAP,2,34.4295885301987,45.0276672535099,7,0.153286774768192,0.0167532199539387,0.412496364073654,-13.1252544318613,Multiple,6,1,803.104482712194,103.28345403175,33.2099304996601,31.4150364212096,9.62853956835238
7,SPAP,2,34.47494799625,44.2457422313889,7,0.1703286266715,0.0337950718572469,0.457855830124984,-13.9071794539824,Multiple,6,2,803.104482712194,103.28345403175,33.2099304996601,31.4150364212096,9.62853956835238
7,SPAP,2,33.9796482453093,44.1394699564948,7,0.140352830733897,0.00381927591964351,-0.0374439208157398,-14.0134517288764,Multiple,6,3,803.104482712194,103.28345403175,33.2099304996601,31.4150364212096,9.62853956835238
7,SPAP,2,34.4295885301987,45.0276672535099,8,0.122636238189431,0.0823964470855844,0.412496364073654,-13.1252544318613,Multiple,6,1,803.104482712194,103.28345403175,33.2099304996601,31.4150364212096,9.62853956835238
7,SPAP,2,34.47494799625,44.2457422313889,8,0.126060394834435,0.0858206037305884,0.457855830124984,-13.9071794539824,Multiple,6,2,803.104482712194,103.28345403175,33.2099304996601,31.4150364212096,9.62853956835238
7,SPAP,2,33.9796482453093,44.1394699564948,8,0.105057403791484,0.0648176126876371,-0.0374439208157398,-14.0134517288764,Multiple,6,3,803.104482712194,103.28345403175,33.2099304996601,31.4150364212096,9.62853956835238
9,SPAP,2,35.5539129454688,29.2448401222917,1,-0.308055819064923,-0.0774509547970209,-1.59935964016464,-24.5710490050932,Multiple,7,1,1378.16565381798,135.055107648657,38.0138100672472,38.2587528303717,0
9,SPAP,2,35.7221734384932,28.21263154,1,-0.308634056670447,-0.0780291924025445,-1.43109914714024,-25.6032575873849,Multiple,7,2,1378.16565381798,135.055107648657,38.0138100672472,38.2587528303717,0
9,SPAP,2,35.175793465814,28.9653342384496,1,-0.287591005758304,-0.0569861414904014,-1.97747911981944,-24.8505548889352,Multiple,7,3,1378.16565381798,135.055107648657,38.0138100672472,38.2587528303717,0
9,SPAP,2,35.5539129454688,29.2448401222917,2,0.0710787399277864,-0.0330348689373744,-1.59935964016464,-24.5710490050932,Multiple,7,1,1378.16565381798,135.055107648657,38.0138100672472,38.2587528303717,0
9,SPAP,2,35.7221734384932,28.21263154,2,0.0688036138905483,-0.0353099949746125,-1.43109914714024,-25.6032575873849,Multiple,7,2,1378.16565381798,135.055107648657,38.0138100672472,38.2587528303717,0
9,SPAP,2,35.175793465814,28.9653342384496,2,0.0569221321804085,-0.0471914766847523,-1.97747911981944,-24.8505548889352,Multiple,7,3,1378.16565381798,135.055107648657,38.0138100672472,38.2587528303717,0
9,SPAP,2,35.5539129454688,29.2448401222917,3,-0.0989057842483774,0.00310433050060192,-1.59935964016464,-24.5710490050932,Multiple,7,1,1378.16565381798,135.055107648657,38.0138100672472,38.2587528303717,0
9,SPAP,2,35.7221734384932,28.21263154,3,-0.0916438411340642,0.0103662736149152,-1.43109914714024,-25.6032575873849,Multiple,7,2,1378.16565381798,135.055107648657,38.0138100672472,38.2587528303717,0
9,SPAP,2,35.175793465814,28.9653342384496,3,-0.116052268706153,-0.0140421539571735,-1.97747911981944,-24.8505548889352,Multiple,7,3,1378.16565381798,135.055107648657,38.0138100672472,38.2587528303717,0
9,SPAP,2,35.5539129454688,29.2448401222917,4,-0.214220022689549,0.0764681978022261,-1.59935964016464,-24.5710490050932,Multiple,7,1,1378.16565381798,135.055107648657,38.0138100672472,38.2587528303717,0
9,SPAP,2,35.7221734384932,28.21263154,4,-0.196380767173882,0.0943074533178929,-1.43109914714024,-25.6032575873849,Multiple,7,2,1378.16565381798,135.055107648657,38.0138100672472,38.2587528303717,0
9,SPAP,2,35.175793465814,28.9653342384496,4,-0.236530013161241,0.0541582073305333,-1.97747911981944,-24.8505548889352,Multiple,7,3,1378.16565381798,135.055107648657,38.0138100672472,38.2587528303717,0
9,SPAP,2,35.5539129454688,29.2448401222917,5,-0.728705286293583,-0.309397543800951,-1.59935964016464,-24.5710490050932,Multiple,7,1,1378.16565381798,135.055107648657,38.0138100672472,38.2587528303717,0
9,SPAP,2,35.7221734384932,28.21263154,5,-0.70237358518588,-0.283065842693249,-1.43109914714024,-25.6032575873849,Multiple,7,2,1378.16565381798,135.055107648657,38.0138100672472,38.2587528303717,0
9,SPAP,2,35.175793465814,28.9653342384496,5,-0.723094144910018,-0.303786402417387,-1.97747911981944,-24.8505548889352,Multiple,7,3,1378.16565381798,135.055107648657,38.0138100672472,38.2587528303717,0
9,SPAP,2,35.5539129454688,29.2448401222917,6,-0.169367476570305,-0.00745531776405928,-1.59935964016464,-24.5710490050932,Multiple,7,1,1378.16565381798,135.055107648657,38.0138100672472,38.2587528303717,0
9,SPAP,2,35.7221734384932,28.21263154,6,-0.162705853609617,-0.000793694803371159,-1.43109914714024,-25.6032575873849,Multiple,7,2,1378.16565381798,135.055107648657,38.0138100672472,38.2587528303717,0
9,SPAP,2,35.175793465814,28.9653342384496,6,-0.172706568805048,-0.0107944099988016,-1.97747911981944,-24.8505548889352,Multiple,7,3,1378.16565381798,135.055107648657,38.0138100672472,38.2587528303717,0
9,SPAP,2,35.5539129454688,29.2448401222917,7,-0.114603498959997,-0.105381275497855,-1.59935964016464,-24.5710490050932,Multiple,7,1,1378.16565381798,135.055107648657,38.0138100672472,38.2587528303717,0
9,SPAP,2,35.7221734384932,28.21263154,7,-0.0961306333617074,-0.0869084098995654,-1.43109914714024,-25.6032575873849,Multiple,7,2,1378.16565381798,135.055107648657,38.0138100672472,38.2587528303717,0
9,SPAP,2,35.175793465814,28.9653342384496,7,-0.0652066001957536,-0.0559843767336116,-1.97747911981944,-24.8505548889352,Multiple,7,3,1378.16565381798,135.055107648657,38.0138100672472,38.2587528303717,0
9,SPAP,2,35.5539129454688,29.2448401222917,8,-0.49189410085789,-0.258767883521944,-1.59935964016464,-24.5710490050932,Multiple,7,1,1378.16565381798,135.055107648657,38.0138100672472,38.2587528303717,0
9,SPAP,2,35.7221734384932,28.21263154,8,-0.486607872348092,-0.253481655012145,-1.43109914714024,-25.6032575873849,Multiple,7,2,1378.16565381798,135.055107648657,38.0138100672472,38.2587528303717,0
9,SPAP,2,35.175793465814,28.9653342384496,8,-0.496681582348524,-0.263555365012578,-1.97747911981944,-24.8505548889352,Multiple,7,3,1378.16565381798,135.055107648657,38.0138100672472,38.2587528303717,0
10,SPAP,2,35.2547218721739,41.2541631880435,1,-0.488083198415097,-0.0410205619689448,1.19499515802545,-14.859078521466,Multiple,8,1,1446.9996536037,138.157092140076,41.576352805721,34.4346422565551,3.68532574956691
10,SPAP,2,34.75068897,41.4650309812245,1,-0.464420240929008,-0.0173576044828558,0.690962255851538,-14.648210728285,Multiple,8,2,1446.9996536037,138.157092140076,41.576352805721,34.4346422565551,3.68532574956691
10,SPAP,2,33.1890780892208,42.1738970818182,1,-0.4912885588397,-0.0442259223935478,-0.870648624927675,-13.9393446276913,Multiple,8,3,1446.9996536037,138.157092140076,41.576352805721,34.4346422565551,3.68532574956691
10,SPAP,2,35.2547218721739,41.2541631880435,2,-0.395684624149989,-0.250437562817483,1.19499515802545,-14.859078521466,Multiple,8,1,1446.9996536037,138.157092140076,41.576352805721,34.4346422565551,3.68532574956691
10,SPAP,2,34.75068897,41.4650309812245,2,-0.36145774676334,-0.216210685430835,0.690962255851538,-14.648210728285,Multiple,8,2,1446.9996536037,138.157092140076,41.576352805721,34.4346422565551,3.68532574956691
10,SPAP,2,33.1890780892208,42.1738970818182,2,-0.401593061137661,-0.256345999805155,-0.870648624927675,-13.9393446276913,Multiple,8,3,1446.9996536037,138.157092140076,41.576352805721,34.4346422565551,3.68532574956691
10,SPAP,2,35.2547218721739,41.2541631880435,3,-0.0634425910088546,-0.0931123311844556,1.19499515802545,-14.859078521466,Multiple,8,1,1446.9996536037,138.157092140076,41.576352805721,34.4346422565551,3.68532574956691
10,SPAP,2,34.75068897,41.4650309812245,3,-0.0564931604259973,-0.0861629006015983,0.690962255851538,-14.648210728285,Multiple,8,2,1446.9996536037,138.157092140076,41.576352805721,34.4346422565551,3.68532574956691
10,SPAP,2,33.1890780892208,42.1738970818182,3,-0.0671864948273825,-0.0968562350029835,-0.870648624927675,-13.9393446276913,Multiple,8,3,1446.9996536037,138.157092140076,41.576352805721,34.4346422565551,3.68532574956691
10,SPAP,2,35.2547218721739,41.2541631880435,4,-0.00737012680616029,-0.0272111944789654,1.19499515802545,-14.859078521466,Multiple,8,1,1446.9996536037,138.157092140076,41.576352805721,34.4346422565551,3.68532574956691
10,SPAP,2,34.75068897,41.4650309812245,4,-0.0072203517053096,-0.0270614193781148,0.690962255851538,-14.648210728285,Multiple,8,2,1446.9996536037,138.157092140076,41.576352805721,34.4346422565551,3.68532574956691
10,SPAP,2,33.1890780892208,42.1738970818182,4,0.00984625196875164,-0.00999481570405352,-0.870648624927675,-13.9393446276913,Multiple,8,3,1446.9996536037,138.157092140076,41.576352805721,34.4346422565551,3.68532574956691
10,SPAP,2,35.2547218721739,41.2541631880435,5,-0.771668993174687,-0.267173649646943,1.19499515802545,-14.859078521466,Multiple,8,1,1446.9996536037,138.157092140076,41.576352805721,34.4346422565551,3.68532574956691
10,SPAP,2,34.75068897,41.4650309812245,5,-0.756811109262739,-0.252315765734995,0.690962255851538,-14.648210728285,Multiple,8,2,1446.9996536037,138.157092140076,41.576352805721,34.4346422565551,3.68532574956691
10,SPAP,2,33.1890780892208,42.1738970818182,5,-0.680584010500945,-0.176088666973201,-0.870648624927675,-13.9393446276913,Multiple,8,3,1446.9996536037,138.157092140076,41.576352805721,34.4346422565551,3.68532574956691
10,SPAP,2,35.2547218721739,41.2541631880435,6,-0.225081734485762,-0.0405649659580533,1.19499515802545,-14.859078521466,Multiple,8,1,1446.9996536037,138.157092140076,41.576352805721,34.4346422565551,3.68532574956691
10,SPAP,2,34.75068897,41.4650309812245,6,-0.214571404275219,-0.0300546357475095,0.690962255851538,-14.648210728285,Multiple,8,2,1446.9996536037,138.157092140076,41.576352805721,34.4346422565551,3.68532574956691
10,SPAP,2,33.1890780892208,42.1738970818182,6,-0.228927293752455,-0.0444105252247457,-0.870648624927675,-13.9393446276913,Multiple,8,3,1446.9996536037,138.157092140076,41.576352805721,34.4346422565551,3.68532574956691
10,SPAP,2,35.2547218721739,41.2541631880435,7,-0.154712558081805,-0.0107900977102047,1.19499515802545,-14.859078521466,Multiple,8,1,1446.9996536037,138.157092140076,41.576352805721,34.4346422565551,3.68532574956691
10,SPAP,2,34.75068897,41.4650309812245,7,-0.136997554255445,0.0069249061161554,0.690962255851538,-14.648210728285,Multiple,8,2,1446.9996536037,138.157092140076,41.576352805721,34.4346422565551,3.68532574956691
10,SPAP,2,33.1890780892208,42.1738970818182,7,-0.211108909643363,-0.067186449271762,-0.870648624927675,-13.9393446276913,Multiple,8,3,1446.9996536037,138.157092140076,41.576352805721,34.4346422565551,3.68532574956691
10,SPAP,2,35.2547218721739,41.2541631880435,8,-0.537534510879287,-0.0254232547496931,1.19499515802545,-14.859078521466,Multiple,8,1,1446.9996536037,138.157092140076,41.576352805721,34.4346422565551,3.68532574956691
10,SPAP,2,34.75068897,41.4650309812245,8,-0.5000491325559,0.0120621235736937,0.690962255851538,-14.648210728285,Multiple,8,2,1446.9996536037,138.157092140076,41.576352805721,34.4346422565551,3.68532574956691
10,SPAP,2,33.1890780892208,42.1738970818182,8,-0.695252060965969,-0.183140804836375,-0.870648624927675,-13.9393446276913,Multiple,8,3,1446.9996536037,138.157092140076,41.576352805721,34.4346422565551,3.68532574956691
12,SPAP,2,37.2768740951497,31.281728611976,1,-0.717361481526806,-0.102303765488581,0.751641893916251,-23.7959340015584,Multiple,8,1,1367.0829558032,133.695521703196,39.0307777254257,43.7963907375589,0
12,SPAP,2,37.031168627171,31.1479777573684,1,-0.713782259994444,-0.0987245439562185,0.505936425937598,-23.929684856166,Multiple,8,2,1367.0829558032,133.695521703196,39.0307777254257,43.7963907375589,0
12,SPAP,2,37.2985760111538,30.6645477606154,1,-0.697378185357792,-0.0823204693195669,0.773343809920391,-24.413114852919,Multiple,8,3,1367.0829558032,133.695521703196,39.0307777254257,43.7963907375589,0
12,SPAP,2,37.2768740951497,31.281728611976,2,-0.716620002602926,0.0333726112747863,0.751641893916251,-23.7959340015584,Multiple,8,1,1367.0829558032,133.695521703196,39.0307777254257,43.7963907375589,0
12,SPAP,2,37.031168627171,31.1479777573684,2,-0.719605452468045,0.0303871614096672,0.505936425937598,-23.929684856166,Multiple,8,2,1367.0829558032,133.695521703196,39.0307777254257,43.7963907375589,0
12,SPAP,2,37.2985760111538,30.6645477606154,2,-0.706718573850955,0.0432740400267575,0.773343809920391,-24.413114852919,Multiple,8,3,1367.0829558032,133.695521703196,39.0307777254257,43.7963907375589,0
12,SPAP,2,37.2768740951497,31.281728611976,3,-0.0809115377691005,-0.0132381347478082,0.751641893916251,-23.7959340015584,Multiple,8,1,1367.0829558032,133.695521703196,39.0307777254257,43.7963907375589,0
12,SPAP,2,37.031168627171,31.1479777573684,3,-0.0762081745863097,-0.00853477156501729,0.505936425937598,-23.929684856166,Multiple,8,2,1367.0829558032,133.695521703196,39.0307777254257,43.7963907375589,0
12,SPAP,2,37.2985760111538,30.6645477606154,3,-0.0771620429900521,-0.00948863996875976,0.773343809920391,-24.413114852919,Multiple,8,3,1367.0829558032,133.695521703196,39.0307777254257,43.7963907375589,0
12,SPAP,2,37.2768740951497,31.281728611976,4,-0.0150666895377434,0.0650971238836583,0.751641893916251,-23.7959340015584,Multiple,8,1,1367.0829558032,133.695521703196,39.0307777254257,43.7963907375589,0
12,SPAP,2,37.031168627171,31.1479777573684,4,-0.0238796042860368,0.0562842091353649,0.505936425937598,-23.929684856166,Multiple,8,2,1367.0829558032,133.695521703196,39.0307777254257,43.7963907375589,0
12,SPAP,2,37.2985760111538,30.6645477606154,4,-0.0157790015425284,0.0643848118788733,0.773343809920391,-24.413114852919,Multiple,8,3,1367.0829558032,133.695521703196,39.0307777254257,43.7963907375589,0
12,SPAP,2,37.2768740951497,31.281728611976,5,-0.333580196049093,0.0244152423932291,0.751641893916251,-23.7959340015584,Multiple,8,1,1367.0829558032,133.695521703196,39.0307777254257,43.7963907375589,0
12,SPAP,2,37.031168627171,31.1479777573684,5,-0.349736923200587,0.00825851524173526,0.505936425937598,-23.929684856166,Multiple,8,2,1367.0829558032,133.695521703196,39.0307777254257,43.7963907375589,0
12,SPAP,2,37.2985760111538,30.6645477606154,5,-0.342941446553435,0.0150539918888879,0.773343809920391,-24.413114852919,Multiple,8,3,1367.0829558032,133.695521703196,39.0307777254257,43.7963907375589,0
12,SPAP,2,37.2768740951497,31.281728611976,6,-0.341794127724787,-0.0636690021172209,0.751641893916251,-23.7959340015584,Multiple,8,1,1367.0829558032,133.695521703196,39.0307777254257,43.7963907375589,0
12,SPAP,2,37.031168627171,31.1479777573684,6,-0.342328700599204,-0.0642035749916379,0.505936425937598,-23.929684856166,Multiple,8,2,1367.0829558032,133.695521703196,39.0307777254257,43.7963907375589,0
12,SPAP,2,37.2985760111538,30.6645477606154,6,-0.337571645367406,-0.0594465197598399,0.773343809920391,-24.413114852919,Multiple,8,3,1367.0829558032,133.695521703196,39.0307777254257,43.7963907375589,0
12,SPAP,2,37.2768740951497,31.281728611976,7,0.0242299104966331,0.0868658188095284,0.751641893916251,-23.7959340015584,Multiple,8,1,1367.0829558032,133.695521703196,39.0307777254257,43.7963907375589,0
12,SPAP,2,37.031168627171,31.1479777573684,7,0.0184091361448507,0.0810450444577461,0.505936425937598,-23.929684856166,Multiple,8,2,1367.0829558032,133.695521703196,39.0307777254257,43.7963907375589,0
12,SPAP,2,37.2985760111538,30.6645477606154,7,0.0105298284398307,0.073165736752726,0.773343809920391,-24.413114852919,Multiple,8,3,1367.0829558032,133.695521703196,39.0307777254257,43.7963907375589,0
12,SPAP,2,37.2768740951497,31.281728611976,8,-0.221807978786947,0.00612895641651853,0.751641893916251,-23.7959340015584,Multiple,8,1,1367.0829558032,133.695521703196,39.0307777254257,43.7963907375589,0
12,SPAP,2,37.031168627171,31.1479777573684,8,-0.215967110325989,0.0119698248774758,0.505936425937598,-23.929684856166,Multiple,8,2,1367.0829558032,133.695521703196,39.0307777254257,43.7963907375589,0
12,SPAP,2,37.2985760111538,30.6645477606154,8,-0.217666035715243,0.010270899488222,0.773343809920391,-24.413114852919,Multiple,8,3,1367.0829558032,133.695521703196,39.0307777254257,43.7963907375589,0
13,SPAP,2,36.6585695772632,24.422900855579,1,-0.852628738898279,-0.399940100650494,-0.457577968528732,-25.9212527526809,Multiple,9,1,1160.07594711696,122.068883028615,38.4979237534552,35.9622412136432,0.650298556620011
13,SPAP,2,36.4817197788608,24.0251938301266,1,-0.826056424848444,-0.373367786600658,-0.634427766931132,-26.3189597781333,Multiple,9,2,1160.07594711696,122.068883028615,38.4979237534552,35.9622412136432,0.650298556620011
13,SPAP,2,36.1055599075862,23.7725019393103,1,-0.807844476983879,-0.355155838736093,-1.01058763820568,-26.5716516689495,Multiple,9,3,1160.07594711696,122.068883028615,38.4979237534552,35.9622412136432,0.650298556620011
13,SPAP,2,36.6585695772632,24.422900855579,2,-0.330655904823965,0.227202045289003,-0.457577968528732,-25.9212527526809,Multiple,9,1,1160.07594711696,122.068883028615,38.4979237534552,35.9622412136432,0.650298556620011
13,SPAP,2,36.4817197788608,24.0251938301266,2,-0.309493161794122,0.248364788318846,-0.634427766931132,-26.3189597781333,Multiple,9,2,1160.07594711696,122.068883028615,38.4979237534552,35.9622412136432,0.650298556620011
13,SPAP,2,36.1055599075862,23.7725019393103,2,-0.322109702006482,0.235748248106485,-1.01058763820568,-26.5716516689495,Multiple,9,3,1160.07594711696,122.068883028615,38.4979237534552,35.9622412136432,0.650298556620011
13,SPAP,2,36.6585695772632,24.422900855579,3,-0.0205848469550923,-0.00520258638736348,-0.457577968528732,-25.9212527526809,Multiple,9,1,1160.07594711696,122.068883028615,38.4979237534552,35.9622412136432,0.650298556620011
13,SPAP,2,36.4817197788608,24.0251938301266,3,-0.0159726100851717,-0.000590349517442839,-0.634427766931132,-26.3189597781333,Multiple,9,2,1160.07594711696,122.068883028615,38.4979237534552,35.9622412136432,0.650298556620011
13,SPAP,2,36.1055599075862,23.7725019393103,3,-0.0213985879864268,-0.00601632741869792,-1.01058763820568,-26.5716516689495,Multiple,9,3,1160.07594711696,122.068883028615,38.4979237534552,35.9622412136432,0.650298556620011
13,SPAP,2,36.6585695772632,24.422900855579,4,-0.0431659476819197,-0.00845369946605472,-0.457577968528732,-25.9212527526809,Multiple,9,1,1160.07594711696,122.068883028615,38.4979237534552,35.9622412136432,0.650298556620011
13,SPAP,2,36.4817197788608,24.0251938301266,4,-0.0400160326989984,-0.00530378448313342,-0.634427766931132,-26.3189597781333,Multiple,9,2,1160.07594711696,122.068883028615,38.4979237534552,35.9622412136432,0.650298556620011
13,SPAP,2,36.1055599075862,23.7725019393103,4,-0.0337559513886022,0.000956296827262712,-1.01058763820568,-26.5716516689495,Multiple,9,3,1160.07594711696,122.068883028615,38.4979237534552,35.9622412136432,0.650298556620011
13,SPAP,2,36.6585695772632,24.422900855579,5,-0.482174342600785,-0.26010964670866,-0.457577968528732,-25.9212527526809,Multiple,9,1,1160.07594711696,122.068883028615,38.4979237534552,35.9622412136432,0.650298556620011
13,SPAP,2,36.4817197788608,24.0251938301266,5,-0.461457021647945,-0.23939232575582,-0.634427766931132,-26.3189597781333,Multiple,9,2,1160.07594711696,122.068883028615,38.4979237534552,35.9622412136432,0.650298556620011
13,SPAP,2,36.1055599075862,23.7725019393103,5,-0.436316560686081,-0.214251864793957,-1.01058763820568,-26.5716516689495,Multiple,9,3,1160.07594711696,122.068883028615,38.4979237534552,35.9622412136432,0.650298556620011
13,SPAP,2,36.6585695772632,24.422900855579,6,-0.524546308717273,-0.256430114204628,-0.457577968528732,-25.9212527526809,Multiple,9,1,1160.07594711696,122.068883028615,38.4979237534552,35.9622412136432,0.650298556620011
13,SPAP,2,36.4817197788608,24.0251938301266,6,-0.509222450099501,-0.241106255586856,-0.634427766931132,-26.3189597781333,Multiple,9,2,1160.07594711696,122.068883028615,38.4979237534552,35.9622412136432,0.650298556620011
13,SPAP,2,36.1055599075862,23.7725019393103,6,-0.499084889341858,-0.230968694829214,-1.01058763820568,-26.5716516689495,Multiple,9,3,1160.07594711696,122.068883028615,38.4979237534552,35.9622412136432,0.650298556620011
13,SPAP,2,36.6585695772632,24.422900855579,7,0.11945660889461,0.143553046702643,-0.457577968528732,-25.9212527526809,Multiple,9,1,1160.07594711696,122.068883028615,38.4979237534552,35.9622412136432,0.650298556620011
13,SPAP,2,36.4817197788608,24.0251938301266,7,0.11572307683479,0.139819514642824,-0.634427766931132,-26.3189597781333,Multiple,9,2,1160.07594711696,122.068883028615,38.4979237534552,35.9622412136432,0.650298556620011
13,SPAP,2,36.1055599075862,23.7725019393103,7,0.111132161911551,0.135228599719585,-1.01058763820568,-26.5716516689495,Multiple,9,3,1160.07594711696,122.068883028615,38.4979237534552,35.9622412136432,0.650298556620011
13,SPAP,2,36.6585695772632,24.422900855579,8,-0.0527703788530642,-0.0898885257110403,-0.457577968528732,-25.9212527526809,Multiple,9,1,1160.07594711696,122.068883028615,38.4979237534552,35.9622412136432,0.650298556620011
13,SPAP,2,36.4817197788608,24.0251938301266,8,-0.0667202419836336,-0.10383838884161,-0.634427766931132,-26.3189597781333,Multiple,9,2,1160.07594711696,122.068883028615,38.4979237534552,35.9622412136432,0.650298556620011
13,SPAP,2,36.1055599075862,23.7725019393103,8,-0.0735938529686555,-0.110711999826632,-1.01058763820568,-26.5716516689495,Multiple,9,3,1160.07594711696,122.068883028615,38.4979237534552,35.9622412136432,0.650298556620011
