Heart,Intervention,NumClips,Pressure,FlowRate,Pin,Force,ForceDifference,PressureDifference,FlowDifference,ClipOrder,Treatment,AnnularArea,AnnularPerimeter,SLDiameter,APDiameter,CoaptationGapArea,Leaflet,LeafletArea,LeafletPerimeter,LeafletHeight,LeafletWidth
9,Control,0,37.1532725856334,53.8158891273849,1,-0.230604864267903,0,0,0,None,0,1245.47910674011,128.276217482125,36.1863631338837,35.9958204482913,8.90910898874361,Septal,479.842713755028,109.64837727656,16.0477358792885,31.4964723415922
9,Control,0,37.1532725856334,53.8158891273849,1,-0.230604864267903,0,0,0,None,0,1245.47910674011,128.276217482125,36.1863631338837,35.9958204482913,8.90910898874361,Anterior,646.713270206915,130.142666812052,19.8562226397391,26.3105886255627
9,Control,0,37.1532725856334,53.8158891273849,1,-0.230604864267903,0,0,0,None,0,1245.47910674011,128.276217482125,36.1863631338837,35.9958204482913,8.90910898874361,Posterior,597.062820620882,122.127040644436,22.6891480592457,19.8633828041872
9,Control,0,37.1532725856334,53.8158891273849,2,0.104113608865161,0,0,0,None,0,1245.47910674011,128.276217482125,36.1863631338837,35.9958204482913,8.90910898874361,Septal,479.842713755028,109.64837727656,16.0477358792885,31.4964723415922
9,Control,0,37.1532725856334,53.8158891273849,2,0.104113608865161,0,0,0,None,0,1245.47910674011,128.276217482125,36.1863631338837,35.9958204482913,8.90910898874361,Anterior,646.713270206915,130.142666812052,19.8562226397391,26.3105886255627
9,Control,0,37.1532725856334,53.8158891273849,2,0.104113608865161,0,0,0,None,0,1245.47910674011,128.276217482125,36.1863631338837,35.9958204482913,8.90910898874361,Posterior,597.062820620882,122.127040644436,22.6891480592457,19.8633828041872
9,Control,0,37.1532725856334,53.8158891273849,3,-0.102010114748979,0,0,0,None,0,1245.47910674011,128.276217482125,36.1863631338837,35.9958204482913,8.90910898874361,Septal,479.842713755028,109.64837727656,16.0477358792885,31.4964723415922
9,Control,0,37.1532725856334,53.8158891273849,3,-0.102010114748979,0,0,0,None,0,1245.47910674011,128.276217482125,36.1863631338837,35.9958204482913,8.90910898874361,Anterior,646.713270206915,130.142666812052,19.8562226397391,26.3105886255627
9,Control,0,37.1532725856334,53.8158891273849,3,-0.102010114748979,0,0,0,None,0,1245.47910674011,128.276217482125,36.1863631338837,35.9958204482913,8.90910898874361,Posterior,597.062820620882,122.127040644436,22.6891480592457,19.8633828041872
9,Control,0,37.1532725856334,53.8158891273849,4,-0.290688220491775,0,0,0,None,0,1245.47910674011,128.276217482125,36.1863631338837,35.9958204482913,8.90910898874361,Septal,479.842713755028,109.64837727656,16.0477358792885,31.4964723415922
9,Control,0,37.1532725856334,53.8158891273849,4,-0.290688220491775,0,0,0,None,0,1245.47910674011,128.276217482125,36.1863631338837,35.9958204482913,8.90910898874361,Anterior,646.713270206915,130.142666812052,19.8562226397391,26.3105886255627
9,Control,0,37.1532725856334,53.8158891273849,4,-0.290688220491775,0,0,0,None,0,1245.47910674011,128.276217482125,36.1863631338837,35.9958204482913,8.90910898874361,Posterior,597.062820620882,122.127040644436,22.6891480592457,19.8633828041872
9,Control,0,37.1532725856334,53.8158891273849,5,-0.419307742492631,0,0,0,None,0,1245.47910674011,128.276217482125,36.1863631338837,35.9958204482913,8.90910898874361,Septal,479.842713755028,109.64837727656,16.0477358792885,31.4964723415922
9,Control,0,37.1532725856334,53.8158891273849,5,-0.419307742492631,0,0,0,None,0,1245.47910674011,128.276217482125,36.1863631338837,35.9958204482913,8.90910898874361,Anterior,646.713270206915,130.142666812052,19.8562226397391,26.3105886255627
9,Control,0,37.1532725856334,53.8158891273849,5,-0.419307742492631,0,0,0,None,0,1245.47910674011,128.276217482125,36.1863631338837,35.9958204482913,8.90910898874361,Posterior,597.062820620882,122.127040644436,22.6891480592457,19.8633828041872
9,Control,0,37.1532725856334,53.8158891273849,6,-0.161912158806246,0,0,0,None,0,1245.47910674011,128.276217482125,36.1863631338837,35.9958204482913,8.90910898874361,Septal,479.842713755028,109.64837727656,16.0477358792885,31.4964723415922
9,Control,0,37.1532725856334,53.8158891273849,6,-0.161912158806246,0,0,0,None,0,1245.47910674011,128.276217482125,36.1863631338837,35.9958204482913,8.90910898874361,Anterior,646.713270206915,130.142666812052,19.8562226397391,26.3105886255627
9,Control,0,37.1532725856334,53.8158891273849,6,-0.161912158806246,0,0,0,None,0,1245.47910674011,128.276217482125,36.1863631338837,35.9958204482913,8.90910898874361,Posterior,597.062820620882,122.127040644436,22.6891480592457,19.8633828041872
9,Control,0,37.1532725856334,53.8158891273849,7,-0.00922222346214199,0,0,0,None,0,1245.47910674011,128.276217482125,36.1863631338837,35.9958204482913,8.90910898874361,Septal,479.842713755028,109.64837727656,16.0477358792885,31.4964723415922
9,Control,0,37.1532725856334,53.8158891273849,7,-0.00922222346214199,0,0,0,None,0,1245.47910674011,128.276217482125,36.1863631338837,35.9958204482913,8.90910898874361,Anterior,646.713270206915,130.142666812052,19.8562226397391,26.3105886255627
9,Control,0,37.1532725856334,53.8158891273849,7,-0.00922222346214199,0,0,0,None,0,1245.47910674011,128.276217482125,36.1863631338837,35.9958204482913,8.90910898874361,Posterior,597.062820620882,122.127040644436,22.6891480592457,19.8633828041872
9,Control,0,37.1532725856334,53.8158891273849,8,-0.233126217335947,0,0,0,None,0,1245.47910674011,128.276217482125,36.1863631338837,35.9958204482913,8.90910898874361,Septal,479.842713755028,109.64837727656,16.0477358792885,31.4964723415922
9,Control,0,37.1532725856334,53.8158891273849,8,-0.233126217335947,0,0,0,None,0,1245.47910674011,128.276217482125,36.1863631338837,35.9958204482913,8.90910898874361,Anterior,646.713270206915,130.142666812052,19.8562226397391,26.3105886255627
9,Control,0,37.1532725856334,53.8158891273849,8,-0.233126217335947,0,0,0,None,0,1245.47910674011,128.276217482125,36.1863631338837,35.9958204482913,8.90910898874361,Posterior,597.062820620882,122.127040644436,22.6891480592457,19.8633828041872
10,Control,0,34.0597267141485,56.1132417095095,1,-0.447062636446152,0,0,0,None,0,1631.74889559937,146.654438867013,44.6068838418478,37.4581984487037,10.2438959284776,Septal,490.656392996084,110.026262694478,16.4801340058687,25.2745695510175
10,Control,0,34.0597267141485,56.1132417095095,1,-0.447062636446152,0,0,0,None,0,1631.74889559937,146.654438867013,44.6068838418478,37.4581984487037,10.2438959284776,Anterior,656.795799121418,152.451251278528,18.673150289493,28.416811911346
10,Control,0,34.0597267141485,56.1132417095095,1,-0.447062636446152,0,0,0,None,0,1631.74889559937,146.654438867013,44.6068838418478,37.4581984487037,10.2438959284776,Posterior,514.461054779979,115.276332368098,19.7839243922852,20.5065902841195
10,Control,0,34.0597267141485,56.1132417095095,2,-0.145247061332506,0,0,0,None,0,1631.74889559937,146.654438867013,44.6068838418478,37.4581984487037,10.2438959284776,Septal,490.656392996084,110.026262694478,16.4801340058687,25.2745695510175
10,Control,0,34.0597267141485,56.1132417095095,2,-0.145247061332506,0,0,0,None,0,1631.74889559937,146.654438867013,44.6068838418478,37.4581984487037,10.2438959284776,Anterior,656.795799121418,152.451251278528,18.673150289493,28.416811911346
10,Control,0,34.0597267141485,56.1132417095095,2,-0.145247061332506,0,0,0,None,0,1631.74889559937,146.654438867013,44.6068838418478,37.4581984487037,10.2438959284776,Posterior,514.461054779979,115.276332368098,19.7839243922852,20.5065902841195
10,Control,0,34.0597267141485,56.1132417095095,3,0.029669740175601,0,0,0,None,0,1631.74889559937,146.654438867013,44.6068838418478,37.4581984487037,10.2438959284776,Septal,490.656392996084,110.026262694478,16.4801340058687,25.2745695510175
10,Control,0,34.0597267141485,56.1132417095095,3,0.029669740175601,0,0,0,None,0,1631.74889559937,146.654438867013,44.6068838418478,37.4581984487037,10.2438959284776,Anterior,656.795799121418,152.451251278528,18.673150289493,28.416811911346
10,Control,0,34.0597267141485,56.1132417095095,3,0.029669740175601,0,0,0,None,0,1631.74889559937,146.654438867013,44.6068838418478,37.4581984487037,10.2438959284776,Posterior,514.461054779979,115.276332368098,19.7839243922852,20.5065902841195
10,Control,0,34.0597267141485,56.1132417095095,4,0.0198410676728052,0,0,0,None,0,1631.74889559937,146.654438867013,44.6068838418478,37.4581984487037,10.2438959284776,Septal,490.656392996084,110.026262694478,16.4801340058687,25.2745695510175
10,Control,0,34.0597267141485,56.1132417095095,4,0.0198410676728052,0,0,0,None,0,1631.74889559937,146.654438867013,44.6068838418478,37.4581984487037,10.2438959284776,Anterior,656.795799121418,152.451251278528,18.673150289493,28.416811911346
10,Control,0,34.0597267141485,56.1132417095095,4,0.0198410676728052,0,0,0,None,0,1631.74889559937,146.654438867013,44.6068838418478,37.4581984487037,10.2438959284776,Posterior,514.461054779979,115.276332368098,19.7839243922852,20.5065902841195
10,Control,0,34.0597267141485,56.1132417095095,5,-0.504495343527744,0,0,0,None,0,1631.74889559937,146.654438867013,44.6068838418478,37.4581984487037,10.2438959284776,Septal,490.656392996084,110.026262694478,16.4801340058687,25.2745695510175
10,Control,0,34.0597267141485,56.1132417095095,5,-0.504495343527744,0,0,0,None,0,1631.74889559937,146.654438867013,44.6068838418478,37.4581984487037,10.2438959284776,Anterior,656.795799121418,152.451251278528,18.673150289493,28.416811911346
10,Control,0,34.0597267141485,56.1132417095095,5,-0.504495343527744,0,0,0,None,0,1631.74889559937,146.654438867013,44.6068838418478,37.4581984487037,10.2438959284776,Posterior,514.461054779979,115.276332368098,19.7839243922852,20.5065902841195
10,Control,0,34.0597267141485,56.1132417095095,6,-0.184516768527709,0,0,0,None,0,1631.74889559937,146.654438867013,44.6068838418478,37.4581984487037,10.2438959284776,Septal,490.656392996084,110.026262694478,16.4801340058687,25.2745695510175
10,Control,0,34.0597267141485,56.1132417095095,6,-0.184516768527709,0,0,0,None,0,1631.74889559937,146.654438867013,44.6068838418478,37.4581984487037,10.2438959284776,Anterior,656.795799121418,152.451251278528,18.673150289493,28.416811911346
10,Control,0,34.0597267141485,56.1132417095095,6,-0.184516768527709,0,0,0,None,0,1631.74889559937,146.654438867013,44.6068838418478,37.4581984487037,10.2438959284776,Posterior,514.461054779979,115.276332368098,19.7839243922852,20.5065902841195
10,Control,0,34.0597267141485,56.1132417095095,7,-0.143922460371601,0,0,0,None,0,1631.74889559937,146.654438867013,44.6068838418478,37.4581984487037,10.2438959284776,Septal,490.656392996084,110.026262694478,16.4801340058687,25.2745695510175
10,Control,0,34.0597267141485,56.1132417095095,7,-0.143922460371601,0,0,0,None,0,1631.74889559937,146.654438867013,44.6068838418478,37.4581984487037,10.2438959284776,Anterior,656.795799121418,152.451251278528,18.673150289493,28.416811911346
10,Control,0,34.0597267141485,56.1132417095095,7,-0.143922460371601,0,0,0,None,0,1631.74889559937,146.654438867013,44.6068838418478,37.4581984487037,10.2438959284776,Posterior,514.461054779979,115.276332368098,19.7839243922852,20.5065902841195
10,Control,0,34.0597267141485,56.1132417095095,8,-0.512111256129594,0,0,0,None,0,1631.74889559937,146.654438867013,44.6068838418478,37.4581984487037,10.2438959284776,Septal,490.656392996084,110.026262694478,16.4801340058687,25.2745695510175
10,Control,0,34.0597267141485,56.1132417095095,8,-0.512111256129594,0,0,0,None,0,1631.74889559937,146.654438867013,44.6068838418478,37.4581984487037,10.2438959284776,Anterior,656.795799121418,152.451251278528,18.673150289493,28.416811911346
10,Control,0,34.0597267141485,56.1132417095095,8,-0.512111256129594,0,0,0,None,0,1631.74889559937,146.654438867013,44.6068838418478,37.4581984487037,10.2438959284776,Posterior,514.461054779979,115.276332368098,19.7839243922852,20.5065902841195
11,Control,0,34.5621688884972,51.4925497882028,1,-0.0650254282072247,0,0,0,None,0,1281.3309411947,130.878104467544,36.2162170972778,41.240765982097,2.01512021399784,Septal,464.588167666957,111.948750184331,19.9873711296691,22.2119754893545
11,Control,0,34.5621688884972,51.4925497882028,1,-0.0650254282072247,0,0,0,None,0,1281.3309411947,130.878104467544,36.2162170972778,41.240765982097,2.01512021399784,Anterior,595.836748025921,125.979301641594,20.050171708137,25.2947078634318
11,Control,0,34.5621688884972,51.4925497882028,1,-0.0650254282072247,0,0,0,None,0,1281.3309411947,130.878104467544,36.2162170972778,41.240765982097,2.01512021399784,Posterior,515.093516691711,122.229058257574,21.3710507766213,13.410409661857
11,Control,0,34.5621688884972,51.4925497882028,2,-0.0583579531183648,0,0,0,None,0,1281.3309411947,130.878104467544,36.2162170972778,41.240765982097,2.01512021399784,Septal,464.588167666957,111.948750184331,19.9873711296691,22.2119754893545
11,Control,0,34.5621688884972,51.4925497882028,2,-0.0583579531183648,0,0,0,None,0,1281.3309411947,130.878104467544,36.2162170972778,41.240765982097,2.01512021399784,Anterior,595.836748025921,125.979301641594,20.050171708137,25.2947078634318
11,Control,0,34.5621688884972,51.4925497882028,2,-0.0583579531183648,0,0,0,None,0,1281.3309411947,130.878104467544,36.2162170972778,41.240765982097,2.01512021399784,Posterior,515.093516691711,122.229058257574,21.3710507766213,13.410409661857
11,Control,0,34.5621688884972,51.4925497882028,3,0.0373919416493925,0,0,0,None,0,1281.3309411947,130.878104467544,36.2162170972778,41.240765982097,2.01512021399784,Septal,464.588167666957,111.948750184331,19.9873711296691,22.2119754893545
11,Control,0,34.5621688884972,51.4925497882028,3,0.0373919416493925,0,0,0,None,0,1281.3309411947,130.878104467544,36.2162170972778,41.240765982097,2.01512021399784,Anterior,595.836748025921,125.979301641594,20.050171708137,25.2947078634318
11,Control,0,34.5621688884972,51.4925497882028,3,0.0373919416493925,0,0,0,None,0,1281.3309411947,130.878104467544,36.2162170972778,41.240765982097,2.01512021399784,Posterior,515.093516691711,122.229058257574,21.3710507766213,13.410409661857
11,Control,0,34.5621688884972,51.4925497882028,4,-0.0949914091564949,0,0,0,None,0,1281.3309411947,130.878104467544,36.2162170972778,41.240765982097,2.01512021399784,Septal,464.588167666957,111.948750184331,19.9873711296691,22.2119754893545
11,Control,0,34.5621688884972,51.4925497882028,4,-0.0949914091564949,0,0,0,None,0,1281.3309411947,130.878104467544,36.2162170972778,41.240765982097,2.01512021399784,Anterior,595.836748025921,125.979301641594,20.050171708137,25.2947078634318
11,Control,0,34.5621688884972,51.4925497882028,4,-0.0949914091564949,0,0,0,None,0,1281.3309411947,130.878104467544,36.2162170972778,41.240765982097,2.01512021399784,Posterior,515.093516691711,122.229058257574,21.3710507766213,13.410409661857
11,Control,0,34.5621688884972,51.4925497882028,5,-0.448409049511504,0,0,0,None,0,1281.3309411947,130.878104467544,36.2162170972778,41.240765982097,2.01512021399784,Septal,464.588167666957,111.948750184331,19.9873711296691,22.2119754893545
11,Control,0,34.5621688884972,51.4925497882028,5,-0.448409049511504,0,0,0,None,0,1281.3309411947,130.878104467544,36.2162170972778,41.240765982097,2.01512021399784,Anterior,595.836748025921,125.979301641594,20.050171708137,25.2947078634318
11,Control,0,34.5621688884972,51.4925497882028,5,-0.448409049511504,0,0,0,None,0,1281.3309411947,130.878104467544,36.2162170972778,41.240765982097,2.01512021399784,Posterior,515.093516691711,122.229058257574,21.3710507766213,13.410409661857
11,Control,0,34.5621688884972,51.4925497882028,6,-0.0576688730945196,0,0,0,None,0,1281.3309411947,130.878104467544,36.2162170972778,41.240765982097,2.01512021399784,Septal,464.588167666957,111.948750184331,19.9873711296691,22.2119754893545
11,Control,0,34.5621688884972,51.4925497882028,6,-0.0576688730945196,0,0,0,None,0,1281.3309411947,130.878104467544,36.2162170972778,41.240765982097,2.01512021399784,Anterior,595.836748025921,125.979301641594,20.050171708137,25.2947078634318
11,Control,0,34.5621688884972,51.4925497882028,6,-0.0576688730945196,0,0,0,None,0,1281.3309411947,130.878104467544,36.2162170972778,41.240765982097,2.01512021399784,Posterior,515.093516691711,122.229058257574,21.3710507766213,13.410409661857
11,Control,0,34.5621688884972,51.4925497882028,7,0.0286346256430412,0,0,0,None,0,1281.3309411947,130.878104467544,36.2162170972778,41.240765982097,2.01512021399784,Septal,464.588167666957,111.948750184331,19.9873711296691,22.2119754893545
11,Control,0,34.5621688884972,51.4925497882028,7,0.0286346256430412,0,0,0,None,0,1281.3309411947,130.878104467544,36.2162170972778,41.240765982097,2.01512021399784,Anterior,595.836748025921,125.979301641594,20.050171708137,25.2947078634318
11,Control,0,34.5621688884972,51.4925497882028,7,0.0286346256430412,0,0,0,None,0,1281.3309411947,130.878104467544,36.2162170972778,41.240765982097,2.01512021399784,Posterior,515.093516691711,122.229058257574,21.3710507766213,13.410409661857
11,Control,0,34.5621688884972,51.4925497882028,8,-0.575996371012392,0,0,0,None,0,1281.3309411947,130.878104467544,36.2162170972778,41.240765982097,2.01512021399784,Septal,464.588167666957,111.948750184331,19.9873711296691,22.2119754893545
11,Control,0,34.5621688884972,51.4925497882028,8,-0.575996371012392,0,0,0,None,0,1281.3309411947,130.878104467544,36.2162170972778,41.240765982097,2.01512021399784,Anterior,595.836748025921,125.979301641594,20.050171708137,25.2947078634318
11,Control,0,34.5621688884972,51.4925497882028,8,-0.575996371012392,0,0,0,None,0,1281.3309411947,130.878104467544,36.2162170972778,41.240765982097,2.01512021399784,Posterior,515.093516691711,122.229058257574,21.3710507766213,13.410409661857
12,Control,0,36.5252322012335,55.0776626135344,1,-0.615057716038225,0,0,0,None,0,1726.65431987869,150.646691566343,45.4137073719331,50.2491204912085,11.1079976427262,Septal,382.766964698025,99.6140585619361,18.2265406217927,19.8576632846828
12,Control,0,36.5252322012335,55.0776626135344,1,-0.615057716038225,0,0,0,None,0,1726.65431987869,150.646691566343,45.4137073719331,50.2491204912085,11.1079976427262,Anterior,654.783636275052,136.883426453721,20.2045219074615,23.0377681385498
12,Control,0,36.5252322012335,55.0776626135344,1,-0.615057716038225,0,0,0,None,0,1726.65431987869,150.646691566343,45.4137073719331,50.2491204912085,11.1079976427262,Posterior,571.924230019731,133.94514114377,21.4077647364308,13.667400131237
12,Control,0,36.5252322012335,55.0776626135344,2,-0.749992613877712,0,0,0,None,0,1726.65431987869,150.646691566343,45.4137073719331,50.2491204912085,11.1079976427262,Septal,382.766964698025,99.6140585619361,18.2265406217927,19.8576632846828
12,Control,0,36.5252322012335,55.0776626135344,2,-0.749992613877712,0,0,0,None,0,1726.65431987869,150.646691566343,45.4137073719331,50.2491204912085,11.1079976427262,Anterior,654.783636275052,136.883426453721,20.2045219074615,23.0377681385498
12,Control,0,36.5252322012335,55.0776626135344,2,-0.749992613877712,0,0,0,None,0,1726.65431987869,150.646691566343,45.4137073719331,50.2491204912085,11.1079976427262,Posterior,571.924230019731,133.94514114377,21.4077647364308,13.667400131237
12,Control,0,36.5252322012335,55.0776626135344,3,-0.0676734030212924,0,0,0,None,0,1726.65431987869,150.646691566343,45.4137073719331,50.2491204912085,11.1079976427262,Septal,382.766964698025,99.6140585619361,18.2265406217927,19.8576632846828
12,Control,0,36.5252322012335,55.0776626135344,3,-0.0676734030212924,0,0,0,None,0,1726.65431987869,150.646691566343,45.4137073719331,50.2491204912085,11.1079976427262,Anterior,654.783636275052,136.883426453721,20.2045219074615,23.0377681385498
12,Control,0,36.5252322012335,55.0776626135344,3,-0.0676734030212924,0,0,0,None,0,1726.65431987869,150.646691566343,45.4137073719331,50.2491204912085,11.1079976427262,Posterior,571.924230019731,133.94514114377,21.4077647364308,13.667400131237
12,Control,0,36.5252322012335,55.0776626135344,4,-0.0801638134214017,0,0,0,None,0,1726.65431987869,150.646691566343,45.4137073719331,50.2491204912085,11.1079976427262,Septal,382.766964698025,99.6140585619361,18.2265406217927,19.8576632846828
12,Control,0,36.5252322012335,55.0776626135344,4,-0.0801638134214017,0,0,0,None,0,1726.65431987869,150.646691566343,45.4137073719331,50.2491204912085,11.1079976427262,Anterior,654.783636275052,136.883426453721,20.2045219074615,23.0377681385498
12,Control,0,36.5252322012335,55.0776626135344,4,-0.0801638134214017,0,0,0,None,0,1726.65431987869,150.646691566343,45.4137073719331,50.2491204912085,11.1079976427262,Posterior,571.924230019731,133.94514114377,21.4077647364308,13.667400131237
12,Control,0,36.5252322012335,55.0776626135344,5,-0.357995438442322,0,0,0,None,0,1726.65431987869,150.646691566343,45.4137073719331,50.2491204912085,11.1079976427262,Septal,382.766964698025,99.6140585619361,18.2265406217927,19.8576632846828
12,Control,0,36.5252322012335,55.0776626135344,5,-0.357995438442322,0,0,0,None,0,1726.65431987869,150.646691566343,45.4137073719331,50.2491204912085,11.1079976427262,Anterior,654.783636275052,136.883426453721,20.2045219074615,23.0377681385498
12,Control,0,36.5252322012335,55.0776626135344,5,-0.357995438442322,0,0,0,None,0,1726.65431987869,150.646691566343,45.4137073719331,50.2491204912085,11.1079976427262,Posterior,571.924230019731,133.94514114377,21.4077647364308,13.667400131237
12,Control,0,36.5252322012335,55.0776626135344,6,-0.278125125607566,0,0,0,None,0,1726.65431987869,150.646691566343,45.4137073719331,50.2491204912085,11.1079976427262,Septal,382.766964698025,99.6140585619361,18.2265406217927,19.8576632846828
12,Control,0,36.5252322012335,55.0776626135344,6,-0.278125125607566,0,0,0,None,0,1726.65431987869,150.646691566343,45.4137073719331,50.2491204912085,11.1079976427262,Anterior,654.783636275052,136.883426453721,20.2045219074615,23.0377681385498
12,Control,0,36.5252322012335,55.0776626135344,6,-0.278125125607566,0,0,0,None,0,1726.65431987869,150.646691566343,45.4137073719331,50.2491204912085,11.1079976427262,Posterior,571.924230019731,133.94514114377,21.4077647364308,13.667400131237
12,Control,0,36.5252322012335,55.0776626135344,7,-0.0626359083128953,0,0,0,None,0,1726.65431987869,150.646691566343,45.4137073719331,50.2491204912085,11.1079976427262,Septal,382.766964698025,99.6140585619361,18.2265406217927,19.8576632846828
12,Control,0,36.5252322012335,55.0776626135344,7,-0.0626359083128953,0,0,0,None,0,1726.65431987869,150.646691566343,45.4137073719331,50.2491204912085,11.1079976427262,Anterior,654.783636275052,136.883426453721,20.2045219074615,23.0377681385498
12,Control,0,36.5252322012335,55.0776626135344,7,-0.0626359083128953,0,0,0,None,0,1726.65431987869,150.646691566343,45.4137073719331,50.2491204912085,11.1079976427262,Posterior,571.924230019731,133.94514114377,21.4077647364308,13.667400131237
12,Control,0,36.5252322012335,55.0776626135344,8,-0.227936935203465,0,0,0,None,0,1726.65431987869,150.646691566343,45.4137073719331,50.2491204912085,11.1079976427262,Septal,382.766964698025,99.6140585619361,18.2265406217927,19.8576632846828
12,Control,0,36.5252322012335,55.0776626135344,8,-0.227936935203465,0,0,0,None,0,1726.65431987869,150.646691566343,45.4137073719331,50.2491204912085,11.1079976427262,Anterior,654.783636275052,136.883426453721,20.2045219074615,23.0377681385498
12,Control,0,36.5252322012335,55.0776626135344,8,-0.227936935203465,0,0,0,None,0,1726.65431987869,150.646691566343,45.4137073719331,50.2491204912085,11.1079976427262,Posterior,571.924230019731,133.94514114377,21.4077647364308,13.667400131237
13,Control,0,37.1161475457919,50.3441536082599,1,-0.452688638247786,0,0,0,None,0,1184.996614338,123.70142091416,40.5805976573718,37.0235049110002,2.60663274549799,Septal,353.636491189537,85.5437385612564,15.3661620983566,25.627687862842
13,Control,0,37.1161475457919,50.3441536082599,1,-0.452688638247786,0,0,0,None,0,1184.996614338,123.70142091416,40.5805976573718,37.0235049110002,2.60663274549799,Anterior,708.093927448475,152.338010437934,20.0771946187816,22.3637289905136
13,Control,0,37.1161475457919,50.3441536082599,1,-0.452688638247786,0,0,0,None,0,1184.996614338,123.70142091416,40.5805976573718,37.0235049110002,2.60663274549799,Posterior,479.691166341545,121.446470891647,17.0876010279957,16.0880440760509
13,Control,0,37.1161475457919,50.3441536082599,2,-0.557857950112968,0,0,0,None,0,1184.996614338,123.70142091416,40.5805976573718,37.0235049110002,2.60663274549799,Septal,353.636491189537,85.5437385612564,15.3661620983566,25.627687862842
13,Control,0,37.1161475457919,50.3441536082599,2,-0.557857950112968,0,0,0,None,0,1184.996614338,123.70142091416,40.5805976573718,37.0235049110002,2.60663274549799,Anterior,708.093927448475,152.338010437934,20.0771946187816,22.3637289905136
13,Control,0,37.1161475457919,50.3441536082599,2,-0.557857950112968,0,0,0,None,0,1184.996614338,123.70142091416,40.5805976573718,37.0235049110002,2.60663274549799,Posterior,479.691166341545,121.446470891647,17.0876010279957,16.0880440760509
13,Control,0,37.1161475457919,50.3441536082599,3,-0.0153822605677289,0,0,0,None,0,1184.996614338,123.70142091416,40.5805976573718,37.0235049110002,2.60663274549799,Septal,353.636491189537,85.5437385612564,15.3661620983566,25.627687862842
13,Control,0,37.1161475457919,50.3441536082599,3,-0.0153822605677289,0,0,0,None,0,1184.996614338,123.70142091416,40.5805976573718,37.0235049110002,2.60663274549799,Anterior,708.093927448475,152.338010437934,20.0771946187816,22.3637289905136
13,Control,0,37.1161475457919,50.3441536082599,3,-0.0153822605677289,0,0,0,None,0,1184.996614338,123.70142091416,40.5805976573718,37.0235049110002,2.60663274549799,Posterior,479.691166341545,121.446470891647,17.0876010279957,16.0880440760509
13,Control,0,37.1161475457919,50.3441536082599,4,-0.034712248215865,0,0,0,None,0,1184.996614338,123.70142091416,40.5805976573718,37.0235049110002,2.60663274549799,Septal,353.636491189537,85.5437385612564,15.3661620983566,25.627687862842
13,Control,0,37.1161475457919,50.3441536082599,4,-0.034712248215865,0,0,0,None,0,1184.996614338,123.70142091416,40.5805976573718,37.0235049110002,2.60663274549799,Anterior,708.093927448475,152.338010437934,20.0771946187816,22.3637289905136
13,Control,0,37.1161475457919,50.3441536082599,4,-0.034712248215865,0,0,0,None,0,1184.996614338,123.70142091416,40.5805976573718,37.0235049110002,2.60663274549799,Posterior,479.691166341545,121.446470891647,17.0876010279957,16.0880440760509
13,Control,0,37.1161475457919,50.3441536082599,5,-0.222064695892124,0,0,0,None,0,1184.996614338,123.70142091416,40.5805976573718,37.0235049110002,2.60663274549799,Septal,353.636491189537,85.5437385612564,15.3661620983566,25.627687862842
13,Control,0,37.1161475457919,50.3441536082599,5,-0.222064695892124,0,0,0,None,0,1184.996614338,123.70142091416,40.5805976573718,37.0235049110002,2.60663274549799,Anterior,708.093927448475,152.338010437934,20.0771946187816,22.3637289905136
13,Control,0,37.1161475457919,50.3441536082599,5,-0.222064695892124,0,0,0,None,0,1184.996614338,123.70142091416,40.5805976573718,37.0235049110002,2.60663274549799,Posterior,479.691166341545,121.446470891647,17.0876010279957,16.0880440760509
13,Control,0,37.1161475457919,50.3441536082599,6,-0.268116194512645,0,0,0,None,0,1184.996614338,123.70142091416,40.5805976573718,37.0235049110002,2.60663274549799,Septal,353.636491189537,85.5437385612564,15.3661620983566,25.627687862842
13,Control,0,37.1161475457919,50.3441536082599,6,-0.268116194512645,0,0,0,None,0,1184.996614338,123.70142091416,40.5805976573718,37.0235049110002,2.60663274549799,Anterior,708.093927448475,152.338010437934,20.0771946187816,22.3637289905136
13,Control,0,37.1161475457919,50.3441536082599,6,-0.268116194512645,0,0,0,None,0,1184.996614338,123.70142091416,40.5805976573718,37.0235049110002,2.60663274549799,Posterior,479.691166341545,121.446470891647,17.0876010279957,16.0880440760509
13,Control,0,37.1161475457919,50.3441536082599,7,-0.0240964378080338,0,0,0,None,0,1184.996614338,123.70142091416,40.5805976573718,37.0235049110002,2.60663274549799,Septal,353.636491189537,85.5437385612564,15.3661620983566,25.627687862842
13,Control,0,37.1161475457919,50.3441536082599,7,-0.0240964378080338,0,0,0,None,0,1184.996614338,123.70142091416,40.5805976573718,37.0235049110002,2.60663274549799,Anterior,708.093927448475,152.338010437934,20.0771946187816,22.3637289905136
13,Control,0,37.1161475457919,50.3441536082599,7,-0.0240964378080338,0,0,0,None,0,1184.996614338,123.70142091416,40.5805976573718,37.0235049110002,2.60663274549799,Posterior,479.691166341545,121.446470891647,17.0876010279957,16.0880440760509
13,Control,0,37.1161475457919,50.3441536082599,8,0.0371181468579761,0,0,0,None,0,1184.996614338,123.70142091416,40.5805976573718,37.0235049110002,2.60663274549799,Septal,353.636491189537,85.5437385612564,15.3661620983566,25.627687862842
13,Control,0,37.1161475457919,50.3441536082599,8,0.0371181468579761,0,0,0,None,0,1184.996614338,123.70142091416,40.5805976573718,37.0235049110002,2.60663274549799,Anterior,708.093927448475,152.338010437934,20.0771946187816,22.3637289905136
13,Control,0,37.1161475457919,50.3441536082599,8,0.0371181468579761,0,0,0,None,0,1184.996614338,123.70142091416,40.5805976573718,37.0235049110002,2.60663274549799,Posterior,479.691166341545,121.446470891647,17.0876010279957,16.0880440760509
9,AS,1,38.9235633044525,40.4594225576668,1,-0.28311239825527,-0.0525075339873676,1.77029071881912,-13.3564665697181,Third,7,1379.75322554658,135.803890603395,37.3770059229916,38.7348162963856,3.2965022321014,Septal,479.842713755028,109.64837727656,16.0477358792885,31.4964723415922
9,AS,1,38.9235633044525,40.4594225576668,1,-0.28311239825527,-0.0525075339873676,1.77029071881912,-13.3564665697181,Third,7,1379.75322554658,135.803890603395,37.3770059229916,38.7348162963856,3.2965022321014,Anterior,646.713270206915,130.142666812052,19.8562226397391,26.3105886255627
9,AS,1,38.9235633044525,40.4594225576668,1,-0.28311239825527,-0.0525075339873676,1.77029071881912,-13.3564665697181,Third,7,1379.75322554658,135.803890603395,37.3770059229916,38.7348162963856,3.2965022321014,Posterior,597.062820620882,122.127040644436,22.6891480592457,19.8633828041872
9,AS,1,38.9235633044525,40.4594225576668,2,0.091379854673791,-0.0127337541913698,1.77029071881912,-13.3564665697181,Third,7,1379.75322554658,135.803890603395,37.3770059229916,38.7348162963856,3.2965022321014,Septal,479.842713755028,109.64837727656,16.0477358792885,31.4964723415922
9,AS,1,38.9235633044525,40.4594225576668,2,0.091379854673791,-0.0127337541913698,1.77029071881912,-13.3564665697181,Third,7,1379.75322554658,135.803890603395,37.3770059229916,38.7348162963856,3.2965022321014,Anterior,646.713270206915,130.142666812052,19.8562226397391,26.3105886255627
9,AS,1,38.9235633044525,40.4594225576668,2,0.091379854673791,-0.0127337541913698,1.77029071881912,-13.3564665697181,Third,7,1379.75322554658,135.803890603395,37.3770059229916,38.7348162963856,3.2965022321014,Posterior,597.062820620882,122.127040644436,22.6891480592457,19.8633828041872
9,AS,1,38.9235633044525,40.4594225576668,3,-0.0138002987945709,0.0882098159544085,1.77029071881912,-13.3564665697181,Third,7,1379.75322554658,135.803890603395,37.3770059229916,38.7348162963856,3.2965022321014,Septal,479.842713755028,109.64837727656,16.0477358792885,31.4964723415922
9,AS,1,38.9235633044525,40.4594225576668,3,-0.0138002987945709,0.0882098159544085,1.77029071881912,-13.3564665697181,Third,7,1379.75322554658,135.803890603395,37.3770059229916,38.7348162963856,3.2965022321014,Anterior,646.713270206915,130.142666812052,19.8562226397391,26.3105886255627
9,AS,1,38.9235633044525,40.4594225576668,3,-0.0138002987945709,0.0882098159544085,1.77029071881912,-13.3564665697181,Third,7,1379.75322554658,135.803890603395,37.3770059229916,38.7348162963856,3.2965022321014,Posterior,597.062820620882,122.127040644436,22.6891480592457,19.8633828041872
9,AS,1,38.9235633044525,40.4594225576668,4,-0.141681458590581,0.149006761901194,1.77029071881912,-13.3564665697181,Third,7,1379.75322554658,135.803890603395,37.3770059229916,38.7348162963856,3.2965022321014,Septal,479.842713755028,109.64837727656,16.0477358792885,31.4964723415922
9,AS,1,38.9235633044525,40.4594225576668,4,-0.141681458590581,0.149006761901194,1.77029071881912,-13.3564665697181,Third,7,1379.75322554658,135.803890603395,37.3770059229916,38.7348162963856,3.2965022321014,Anterior,646.713270206915,130.142666812052,19.8562226397391,26.3105886255627
9,AS,1,38.9235633044525,40.4594225576668,4,-0.141681458590581,0.149006761901194,1.77029071881912,-13.3564665697181,Third,7,1379.75322554658,135.803890603395,37.3770059229916,38.7348162963856,3.2965022321014,Posterior,597.062820620882,122.127040644436,22.6891480592457,19.8633828041872
9,AS,1,38.9235633044525,40.4594225576668,5,-0.545955919263918,-0.126648176771287,1.77029071881912,-13.3564665697181,Third,7,1379.75322554658,135.803890603395,37.3770059229916,38.7348162963856,3.2965022321014,Septal,479.842713755028,109.64837727656,16.0477358792885,31.4964723415922
9,AS,1,38.9235633044525,40.4594225576668,5,-0.545955919263918,-0.126648176771287,1.77029071881912,-13.3564665697181,Third,7,1379.75322554658,135.803890603395,37.3770059229916,38.7348162963856,3.2965022321014,Anterior,646.713270206915,130.142666812052,19.8562226397391,26.3105886255627
9,AS,1,38.9235633044525,40.4594225576668,5,-0.545955919263918,-0.126648176771287,1.77029071881912,-13.3564665697181,Third,7,1379.75322554658,135.803890603395,37.3770059229916,38.7348162963856,3.2965022321014,Posterior,597.062820620882,122.127040644436,22.6891480592457,19.8633828041872
9,AS,1,38.9235633044525,40.4594225576668,6,-0.11016689960291,0.051745259203336,1.77029071881912,-13.3564665697181,Third,7,1379.75322554658,135.803890603395,37.3770059229916,38.7348162963856,3.2965022321014,Septal,479.842713755028,109.64837727656,16.0477358792885,31.4964723415922
9,AS,1,38.9235633044525,40.4594225576668,6,-0.11016689960291,0.051745259203336,1.77029071881912,-13.3564665697181,Third,7,1379.75322554658,135.803890603395,37.3770059229916,38.7348162963856,3.2965022321014,Anterior,646.713270206915,130.142666812052,19.8562226397391,26.3105886255627
9,AS,1,38.9235633044525,40.4594225576668,6,-0.11016689960291,0.051745259203336,1.77029071881912,-13.3564665697181,Third,7,1379.75322554658,135.803890603395,37.3770059229916,38.7348162963856,3.2965022321014,Posterior,597.062820620882,122.127040644436,22.6891480592457,19.8633828041872
9,AS,1,38.9235633044525,40.4594225576668,7,-0.00957630394746982,-0.000354080485327826,1.77029071881912,-13.3564665697181,Third,7,1379.75322554658,135.803890603395,37.3770059229916,38.7348162963856,3.2965022321014,Septal,479.842713755028,109.64837727656,16.0477358792885,31.4964723415922
9,AS,1,38.9235633044525,40.4594225576668,7,-0.00957630394746982,-0.000354080485327826,1.77029071881912,-13.3564665697181,Third,7,1379.75322554658,135.803890603395,37.3770059229916,38.7348162963856,3.2965022321014,Anterior,646.713270206915,130.142666812052,19.8562226397391,26.3105886255627
9,AS,1,38.9235633044525,40.4594225576668,7,-0.00957630394746982,-0.000354080485327826,1.77029071881912,-13.3564665697181,Third,7,1379.75322554658,135.803890603395,37.3770059229916,38.7348162963856,3.2965022321014,Posterior,597.062820620882,122.127040644436,22.6891480592457,19.8633828041872
9,AS,1,38.9235633044525,40.4594225576668,8,0.0322217339844332,0.26534795132038,1.77029071881912,-13.3564665697181,Third,7,1379.75322554658,135.803890603395,37.3770059229916,38.7348162963856,3.2965022321014,Septal,479.842713755028,109.64837727656,16.0477358792885,31.4964723415922
9,AS,1,38.9235633044525,40.4594225576668,8,0.0322217339844332,0.26534795132038,1.77029071881912,-13.3564665697181,Third,7,1379.75322554658,135.803890603395,37.3770059229916,38.7348162963856,3.2965022321014,Anterior,646.713270206915,130.142666812052,19.8562226397391,26.3105886255627
9,AS,1,38.9235633044525,40.4594225576668,8,0.0322217339844332,0.26534795132038,1.77029071881912,-13.3564665697181,Third,7,1379.75322554658,135.803890603395,37.3770059229916,38.7348162963856,3.2965022321014,Posterior,597.062820620882,122.127040644436,22.6891480592457,19.8633828041872
10,AS,1,34.2206582370781,50.9429432013059,1,-0.275426854093823,0.171635782352329,0.160931522929623,-5.17029850820357,First,8,1389.36644953823,135.873512679376,40.937800189171,34.9383566955187,3.33444561988171,Septal,490.656392996084,110.026262694478,16.4801340058687,25.2745695510175
10,AS,1,34.2206582370781,50.9429432013059,1,-0.275426854093823,0.171635782352329,0.160931522929623,-5.17029850820357,First,8,1389.36644953823,135.873512679376,40.937800189171,34.9383566955187,3.33444561988171,Anterior,656.795799121418,152.451251278528,18.673150289493,28.416811911346
10,AS,1,34.2206582370781,50.9429432013059,1,-0.275426854093823,0.171635782352329,0.160931522929623,-5.17029850820357,First,8,1389.36644953823,135.873512679376,40.937800189171,34.9383566955187,3.33444561988171,Posterior,514.461054779979,115.276332368098,19.7839243922852,20.5065902841195
10,AS,1,34.2206582370781,50.9429432013059,2,-0.432187188186019,-0.286940126853513,0.160931522929623,-5.17029850820357,First,8,1389.36644953823,135.873512679376,40.937800189171,34.9383566955187,3.33444561988171,Septal,490.656392996084,110.026262694478,16.4801340058687,25.2745695510175
10,AS,1,34.2206582370781,50.9429432013059,2,-0.432187188186019,-0.286940126853513,0.160931522929623,-5.17029850820357,First,8,1389.36644953823,135.873512679376,40.937800189171,34.9383566955187,3.33444561988171,Anterior,656.795799121418,152.451251278528,18.673150289493,28.416811911346
10,AS,1,34.2206582370781,50.9429432013059,2,-0.432187188186019,-0.286940126853513,0.160931522929623,-5.17029850820357,First,8,1389.36644953823,135.873512679376,40.937800189171,34.9383566955187,3.33444561988171,Posterior,514.461054779979,115.276332368098,19.7839243922852,20.5065902841195
10,AS,1,34.2206582370781,50.9429432013059,3,-0.25257116653809,-0.282240906713691,0.160931522929623,-5.17029850820357,First,8,1389.36644953823,135.873512679376,40.937800189171,34.9383566955187,3.33444561988171,Septal,490.656392996084,110.026262694478,16.4801340058687,25.2745695510175
10,AS,1,34.2206582370781,50.9429432013059,3,-0.25257116653809,-0.282240906713691,0.160931522929623,-5.17029850820357,First,8,1389.36644953823,135.873512679376,40.937800189171,34.9383566955187,3.33444561988171,Anterior,656.795799121418,152.451251278528,18.673150289493,28.416811911346
10,AS,1,34.2206582370781,50.9429432013059,3,-0.25257116653809,-0.282240906713691,0.160931522929623,-5.17029850820357,First,8,1389.36644953823,135.873512679376,40.937800189171,34.9383566955187,3.33444561988171,Posterior,514.461054779979,115.276332368098,19.7839243922852,20.5065902841195
10,AS,1,34.2206582370781,50.9429432013059,4,-0.0133691103266936,-0.0332101779994987,0.160931522929623,-5.17029850820357,First,8,1389.36644953823,135.873512679376,40.937800189171,34.9383566955187,3.33444561988171,Septal,490.656392996084,110.026262694478,16.4801340058687,25.2745695510175
10,AS,1,34.2206582370781,50.9429432013059,4,-0.0133691103266936,-0.0332101779994987,0.160931522929623,-5.17029850820357,First,8,1389.36644953823,135.873512679376,40.937800189171,34.9383566955187,3.33444561988171,Anterior,656.795799121418,152.451251278528,18.673150289493,28.416811911346
10,AS,1,34.2206582370781,50.9429432013059,4,-0.0133691103266936,-0.0332101779994987,0.160931522929623,-5.17029850820357,First,8,1389.36644953823,135.873512679376,40.937800189171,34.9383566955187,3.33444561988171,Posterior,514.461054779979,115.276332368098,19.7839243922852,20.5065902841195
10,AS,1,34.2206582370781,50.9429432013059,5,-0.476609079058846,0.0278862644688975,0.160931522929623,-5.17029850820357,First,8,1389.36644953823,135.873512679376,40.937800189171,34.9383566955187,3.33444561988171,Septal,490.656392996084,110.026262694478,16.4801340058687,25.2745695510175
10,AS,1,34.2206582370781,50.9429432013059,5,-0.476609079058846,0.0278862644688975,0.160931522929623,-5.17029850820357,First,8,1389.36644953823,135.873512679376,40.937800189171,34.9383566955187,3.33444561988171,Anterior,656.795799121418,152.451251278528,18.673150289493,28.416811911346
10,AS,1,34.2206582370781,50.9429432013059,5,-0.476609079058846,0.0278862644688975,0.160931522929623,-5.17029850820357,First,8,1389.36644953823,135.873512679376,40.937800189171,34.9383566955187,3.33444561988171,Posterior,514.461054779979,115.276332368098,19.7839243922852,20.5065902841195
10,AS,1,34.2206582370781,50.9429432013059,6,-0.197932649095535,-0.0134158805678253,0.160931522929623,-5.17029850820357,First,8,1389.36644953823,135.873512679376,40.937800189171,34.9383566955187,3.33444561988171,Septal,490.656392996084,110.026262694478,16.4801340058687,25.2745695510175
10,AS,1,34.2206582370781,50.9429432013059,6,-0.197932649095535,-0.0134158805678253,0.160931522929623,-5.17029850820357,First,8,1389.36644953823,135.873512679376,40.937800189171,34.9383566955187,3.33444561988171,Anterior,656.795799121418,152.451251278528,18.673150289493,28.416811911346
10,AS,1,34.2206582370781,50.9429432013059,6,-0.197932649095535,-0.0134158805678253,0.160931522929623,-5.17029850820357,First,8,1389.36644953823,135.873512679376,40.937800189171,34.9383566955187,3.33444561988171,Posterior,514.461054779979,115.276332368098,19.7839243922852,20.5065902841195
10,AS,1,34.2206582370781,50.9429432013059,7,-0.309910454074443,-0.165987993702842,0.160931522929623,-5.17029850820357,First,8,1389.36644953823,135.873512679376,40.937800189171,34.9383566955187,3.33444561988171,Septal,490.656392996084,110.026262694478,16.4801340058687,25.2745695510175
10,AS,1,34.2206582370781,50.9429432013059,7,-0.309910454074443,-0.165987993702842,0.160931522929623,-5.17029850820357,First,8,1389.36644953823,135.873512679376,40.937800189171,34.9383566955187,3.33444561988171,Anterior,656.795799121418,152.451251278528,18.673150289493,28.416811911346
10,AS,1,34.2206582370781,50.9429432013059,7,-0.309910454074443,-0.165987993702842,0.160931522929623,-5.17029850820357,First,8,1389.36644953823,135.873512679376,40.937800189171,34.9383566955187,3.33444561988171,Posterior,514.461054779979,115.276332368098,19.7839243922852,20.5065902841195
10,AS,1,34.2206582370781,50.9429432013059,8,-0.690730920934377,-0.178619664804783,0.160931522929623,-5.17029850820357,First,8,1389.36644953823,135.873512679376,40.937800189171,34.9383566955187,3.33444561988171,Septal,490.656392996084,110.026262694478,16.4801340058687,25.2745695510175
10,AS,1,34.2206582370781,50.9429432013059,8,-0.690730920934377,-0.178619664804783,0.160931522929623,-5.17029850820357,First,8,1389.36644953823,135.873512679376,40.937800189171,34.9383566955187,3.33444561988171,Anterior,656.795799121418,152.451251278528,18.673150289493,28.416811911346
10,AS,1,34.2206582370781,50.9429432013059,8,-0.690730920934377,-0.178619664804783,0.160931522929623,-5.17029850820357,First,8,1389.36644953823,135.873512679376,40.937800189171,34.9383566955187,3.33444561988171,Posterior,514.461054779979,115.276332368098,19.7839243922852,20.5065902841195
11,AS,1,34.721576689623,28.1706174031481,1,-0.0585699883685519,0.00645543983867283,0.159407801125823,-23.3219323850547,Second,2,1326.00397885055,131.907022851232,35.6670430780229,44.1245991093213,0,Septal,464.588167666957,111.948750184331,19.9873711296691,22.2119754893545
11,AS,1,34.721576689623,28.1706174031481,1,-0.0585699883685519,0.00645543983867283,0.159407801125823,-23.3219323850547,Second,2,1326.00397885055,131.907022851232,35.6670430780229,44.1245991093213,0,Anterior,595.836748025921,125.979301641594,20.050171708137,25.2947078634318
11,AS,1,34.721576689623,28.1706174031481,1,-0.0585699883685519,0.00645543983867283,0.159407801125823,-23.3219323850547,Second,2,1326.00397885055,131.907022851232,35.6670430780229,44.1245991093213,0,Posterior,515.093516691711,122.229058257574,21.3710507766213,13.410409661857
11,AS,1,34.721576689623,28.1706174031481,2,-0.0773523499515393,-0.0189943968331745,0.159407801125823,-23.3219323850547,Second,2,1326.00397885055,131.907022851232,35.6670430780229,44.1245991093213,0,Septal,464.588167666957,111.948750184331,19.9873711296691,22.2119754893545
11,AS,1,34.721576689623,28.1706174031481,2,-0.0773523499515393,-0.0189943968331745,0.159407801125823,-23.3219323850547,Second,2,1326.00397885055,131.907022851232,35.6670430780229,44.1245991093213,0,Anterior,595.836748025921,125.979301641594,20.050171708137,25.2947078634318
11,AS,1,34.721576689623,28.1706174031481,2,-0.0773523499515393,-0.0189943968331745,0.159407801125823,-23.3219323850547,Second,2,1326.00397885055,131.907022851232,35.6670430780229,44.1245991093213,0,Posterior,515.093516691711,122.229058257574,21.3710507766213,13.410409661857
11,AS,1,34.721576689623,28.1706174031481,3,0.0464626527326055,0.009070711083213,0.159407801125823,-23.3219323850547,Second,2,1326.00397885055,131.907022851232,35.6670430780229,44.1245991093213,0,Septal,464.588167666957,111.948750184331,19.9873711296691,22.2119754893545
11,AS,1,34.721576689623,28.1706174031481,3,0.0464626527326055,0.009070711083213,0.159407801125823,-23.3219323850547,Second,2,1326.00397885055,131.907022851232,35.6670430780229,44.1245991093213,0,Anterior,595.836748025921,125.979301641594,20.050171708137,25.2947078634318
11,AS,1,34.721576689623,28.1706174031481,3,0.0464626527326055,0.009070711083213,0.159407801125823,-23.3219323850547,Second,2,1326.00397885055,131.907022851232,35.6670430780229,44.1245991093213,0,Posterior,515.093516691711,122.229058257574,21.3710507766213,13.410409661857
11,AS,1,34.721576689623,28.1706174031481,4,-0.0448458480232474,0.0501455611332474,0.159407801125823,-23.3219323850547,Second,2,1326.00397885055,131.907022851232,35.6670430780229,44.1245991093213,0,Septal,464.588167666957,111.948750184331,19.9873711296691,22.2119754893545
11,AS,1,34.721576689623,28.1706174031481,4,-0.0448458480232474,0.0501455611332474,0.159407801125823,-23.3219323850547,Second,2,1326.00397885055,131.907022851232,35.6670430780229,44.1245991093213,0,Anterior,595.836748025921,125.979301641594,20.050171708137,25.2947078634318
11,AS,1,34.721576689623,28.1706174031481,4,-0.0448458480232474,0.0501455611332474,0.159407801125823,-23.3219323850547,Second,2,1326.00397885055,131.907022851232,35.6670430780229,44.1245991093213,0,Posterior,515.093516691711,122.229058257574,21.3710507766213,13.410409661857
11,AS,1,34.721576689623,28.1706174031481,5,-0.368860549077084,0.0795485004344194,0.159407801125823,-23.3219323850547,Second,2,1326.00397885055,131.907022851232,35.6670430780229,44.1245991093213,0,Septal,464.588167666957,111.948750184331,19.9873711296691,22.2119754893545
11,AS,1,34.721576689623,28.1706174031481,5,-0.368860549077084,0.0795485004344194,0.159407801125823,-23.3219323850547,Second,2,1326.00397885055,131.907022851232,35.6670430780229,44.1245991093213,0,Anterior,595.836748025921,125.979301641594,20.050171708137,25.2947078634318
11,AS,1,34.721576689623,28.1706174031481,5,-0.368860549077084,0.0795485004344194,0.159407801125823,-23.3219323850547,Second,2,1326.00397885055,131.907022851232,35.6670430780229,44.1245991093213,0,Posterior,515.093516691711,122.229058257574,21.3710507766213,13.410409661857
11,AS,1,34.721576689623,28.1706174031481,6,-0.109856248079726,-0.052187374985206,0.159407801125823,-23.3219323850547,Second,2,1326.00397885055,131.907022851232,35.6670430780229,44.1245991093213,0,Septal,464.588167666957,111.948750184331,19.9873711296691,22.2119754893545
11,AS,1,34.721576689623,28.1706174031481,6,-0.109856248079726,-0.052187374985206,0.159407801125823,-23.3219323850547,Second,2,1326.00397885055,131.907022851232,35.6670430780229,44.1245991093213,0,Anterior,595.836748025921,125.979301641594,20.050171708137,25.2947078634318
11,AS,1,34.721576689623,28.1706174031481,6,-0.109856248079726,-0.052187374985206,0.159407801125823,-23.3219323850547,Second,2,1326.00397885055,131.907022851232,35.6670430780229,44.1245991093213,0,Posterior,515.093516691711,122.229058257574,21.3710507766213,13.410409661857
11,AS,1,34.721576689623,28.1706174031481,7,-0.0376509906109714,-0.0662856162540127,0.159407801125823,-23.3219323850547,Second,2,1326.00397885055,131.907022851232,35.6670430780229,44.1245991093213,0,Septal,464.588167666957,111.948750184331,19.9873711296691,22.2119754893545
11,AS,1,34.721576689623,28.1706174031481,7,-0.0376509906109714,-0.0662856162540127,0.159407801125823,-23.3219323850547,Second,2,1326.00397885055,131.907022851232,35.6670430780229,44.1245991093213,0,Anterior,595.836748025921,125.979301641594,20.050171708137,25.2947078634318
11,AS,1,34.721576689623,28.1706174031481,7,-0.0376509906109714,-0.0662856162540127,0.159407801125823,-23.3219323850547,Second,2,1326.00397885055,131.907022851232,35.6670430780229,44.1245991093213,0,Posterior,515.093516691711,122.229058257574,21.3710507766213,13.410409661857
11,AS,1,34.721576689623,28.1706174031481,8,-0.509099665731532,0.0668967052808603,0.159407801125823,-23.3219323850547,Second,2,1326.00397885055,131.907022851232,35.6670430780229,44.1245991093213,0,Septal,464.588167666957,111.948750184331,19.9873711296691,22.2119754893545
11,AS,1,34.721576689623,28.1706174031481,8,-0.509099665731532,0.0668967052808603,0.159407801125823,-23.3219323850547,Second,2,1326.00397885055,131.907022851232,35.6670430780229,44.1245991093213,0,Anterior,595.836748025921,125.979301641594,20.050171708137,25.2947078634318
11,AS,1,34.721576689623,28.1706174031481,8,-0.509099665731532,0.0668967052808603,0.159407801125823,-23.3219323850547,Second,2,1326.00397885055,131.907022851232,35.6670430780229,44.1245991093213,0,Posterior,515.093516691711,122.229058257574,21.3710507766213,13.410409661857
12,AS,1,36.3830739783646,37.5367997685228,1,-0.483541531832811,0.131516184205414,-0.142158222868865,-17.5408628450116,First,8,732.55046485654,98.5727149862682,28.475182136655,33.0730167755771,1.95593232777207,Septal,382.766964698025,99.6140585619361,18.2265406217927,19.8576632846828
12,AS,1,36.3830739783646,37.5367997685228,1,-0.483541531832811,0.131516184205414,-0.142158222868865,-17.5408628450116,First,8,732.55046485654,98.5727149862682,28.475182136655,33.0730167755771,1.95593232777207,Anterior,654.783636275052,136.883426453721,20.2045219074615,23.0377681385498
12,AS,1,36.3830739783646,37.5367997685228,1,-0.483541531832811,0.131516184205414,-0.142158222868865,-17.5408628450116,First,8,732.55046485654,98.5727149862682,28.475182136655,33.0730167755771,1.95593232777207,Posterior,571.924230019731,133.94514114377,21.4077647364308,13.667400131237
12,AS,1,36.3830739783646,37.5367997685228,2,-0.727445971053565,0.0225466428241478,-0.142158222868865,-17.5408628450116,First,8,732.55046485654,98.5727149862682,28.475182136655,33.0730167755771,1.95593232777207,Septal,382.766964698025,99.6140585619361,18.2265406217927,19.8576632846828
12,AS,1,36.3830739783646,37.5367997685228,2,-0.727445971053565,0.0225466428241478,-0.142158222868865,-17.5408628450116,First,8,732.55046485654,98.5727149862682,28.475182136655,33.0730167755771,1.95593232777207,Anterior,654.783636275052,136.883426453721,20.2045219074615,23.0377681385498
12,AS,1,36.3830739783646,37.5367997685228,2,-0.727445971053565,0.0225466428241478,-0.142158222868865,-17.5408628450116,First,8,732.55046485654,98.5727149862682,28.475182136655,33.0730167755771,1.95593232777207,Posterior,571.924230019731,133.94514114377,21.4077647364308,13.667400131237
12,AS,1,36.3830739783646,37.5367997685228,3,-0.378066779030991,-0.310393376009699,-0.142158222868865,-17.5408628450116,First,8,732.55046485654,98.5727149862682,28.475182136655,33.0730167755771,1.95593232777207,Septal,382.766964698025,99.6140585619361,18.2265406217927,19.8576632846828
12,AS,1,36.3830739783646,37.5367997685228,3,-0.378066779030991,-0.310393376009699,-0.142158222868865,-17.5408628450116,First,8,732.55046485654,98.5727149862682,28.475182136655,33.0730167755771,1.95593232777207,Anterior,654.783636275052,136.883426453721,20.2045219074615,23.0377681385498
12,AS,1,36.3830739783646,37.5367997685228,3,-0.378066779030991,-0.310393376009699,-0.142158222868865,-17.5408628450116,First,8,732.55046485654,98.5727149862682,28.475182136655,33.0730167755771,1.95593232777207,Posterior,571.924230019731,133.94514114377,21.4077647364308,13.667400131237
12,AS,1,36.3830739783646,37.5367997685228,4,-0.115490104830133,-0.0353262914087308,-0.142158222868865,-17.5408628450116,First,8,732.55046485654,98.5727149862682,28.475182136655,33.0730167755771,1.95593232777207,Septal,382.766964698025,99.6140585619361,18.2265406217927,19.8576632846828
12,AS,1,36.3830739783646,37.5367997685228,4,-0.115490104830133,-0.0353262914087308,-0.142158222868865,-17.5408628450116,First,8,732.55046485654,98.5727149862682,28.475182136655,33.0730167755771,1.95593232777207,Anterior,654.783636275052,136.883426453721,20.2045219074615,23.0377681385498
12,AS,1,36.3830739783646,37.5367997685228,4,-0.115490104830133,-0.0353262914087308,-0.142158222868865,-17.5408628450116,First,8,732.55046485654,98.5727149862682,28.475182136655,33.0730167755771,1.95593232777207,Posterior,571.924230019731,133.94514114377,21.4077647364308,13.667400131237
12,AS,1,36.3830739783646,37.5367997685228,5,-0.300221506880936,0.0577739315613865,-0.142158222868865,-17.5408628450116,First,8,732.55046485654,98.5727149862682,28.475182136655,33.0730167755771,1.95593232777207,Septal,382.766964698025,99.6140585619361,18.2265406217927,19.8576632846828
12,AS,1,36.3830739783646,37.5367997685228,5,-0.300221506880936,0.0577739315613865,-0.142158222868865,-17.5408628450116,First,8,732.55046485654,98.5727149862682,28.475182136655,33.0730167755771,1.95593232777207,Anterior,654.783636275052,136.883426453721,20.2045219074615,23.0377681385498
12,AS,1,36.3830739783646,37.5367997685228,5,-0.300221506880936,0.0577739315613865,-0.142158222868865,-17.5408628450116,First,8,732.55046485654,98.5727149862682,28.475182136655,33.0730167755771,1.95593232777207,Posterior,571.924230019731,133.94514114377,21.4077647364308,13.667400131237
12,AS,1,36.3830739783646,37.5367997685228,6,-0.277331601900283,0.000793523707282973,-0.142158222868865,-17.5408628450116,First,8,732.55046485654,98.5727149862682,28.475182136655,33.0730167755771,1.95593232777207,Septal,382.766964698025,99.6140585619361,18.2265406217927,19.8576632846828
12,AS,1,36.3830739783646,37.5367997685228,6,-0.277331601900283,0.000793523707282973,-0.142158222868865,-17.5408628450116,First,8,732.55046485654,98.5727149862682,28.475182136655,33.0730167755771,1.95593232777207,Anterior,654.783636275052,136.883426453721,20.2045219074615,23.0377681385498
12,AS,1,36.3830739783646,37.5367997685228,6,-0.277331601900283,0.000793523707282973,-0.142158222868865,-17.5408628450116,First,8,732.55046485654,98.5727149862682,28.475182136655,33.0730167755771,1.95593232777207,Posterior,571.924230019731,133.94514114377,21.4077647364308,13.667400131237
12,AS,1,36.3830739783646,37.5367997685228,7,-0.119169690149227,-0.0565337818363321,-0.142158222868865,-17.5408628450116,First,8,732.55046485654,98.5727149862682,28.475182136655,33.0730167755771,1.95593232777207,Septal,382.766964698025,99.6140585619361,18.2265406217927,19.8576632846828
12,AS,1,36.3830739783646,37.5367997685228,7,-0.119169690149227,-0.0565337818363321,-0.142158222868865,-17.5408628450116,First,8,732.55046485654,98.5727149862682,28.475182136655,33.0730167755771,1.95593232777207,Anterior,654.783636275052,136.883426453721,20.2045219074615,23.0377681385498
12,AS,1,36.3830739783646,37.5367997685228,7,-0.119169690149227,-0.0565337818363321,-0.142158222868865,-17.5408628450116,First,8,732.55046485654,98.5727149862682,28.475182136655,33.0730167755771,1.95593232777207,Posterior,571.924230019731,133.94514114377,21.4077647364308,13.667400131237
12,AS,1,36.3830739783646,37.5367997685228,8,-0.41504228503435,-0.187105349830885,-0.142158222868865,-17.5408628450116,First,8,732.55046485654,98.5727149862682,28.475182136655,33.0730167755771,1.95593232777207,Septal,382.766964698025,99.6140585619361,18.2265406217927,19.8576632846828
12,AS,1,36.3830739783646,37.5367997685228,8,-0.41504228503435,-0.187105349830885,-0.142158222868865,-17.5408628450116,First,8,732.55046485654,98.5727149862682,28.475182136655,33.0730167755771,1.95593232777207,Anterior,654.783636275052,136.883426453721,20.2045219074615,23.0377681385498
12,AS,1,36.3830739783646,37.5367997685228,8,-0.41504228503435,-0.187105349830885,-0.142158222868865,-17.5408628450116,First,8,732.55046485654,98.5727149862682,28.475182136655,33.0730167755771,1.95593232777207,Posterior,571.924230019731,133.94514114377,21.4077647364308,13.667400131237
13,AS,1,37.5227268716605,18.079887925175,1,-0.423945059579605,0.0287435786681803,0.406579325868613,-32.2642656830849,First,9,1156.55328513671,121.81861729978,39.4829841113305,37.2088523951431,0,Septal,353.636491189537,85.5437385612564,15.3661620983566,25.627687862842
13,AS,1,37.5227268716605,18.079887925175,1,-0.423945059579605,0.0287435786681803,0.406579325868613,-32.2642656830849,First,9,1156.55328513671,121.81861729978,39.4829841113305,37.2088523951431,0,Anterior,708.093927448475,152.338010437934,20.0771946187816,22.3637289905136
13,AS,1,37.5227268716605,18.079887925175,1,-0.423945059579605,0.0287435786681803,0.406579325868613,-32.2642656830849,First,9,1156.55328513671,121.81861729978,39.4829841113305,37.2088523951431,0,Posterior,479.691166341545,121.446470891647,17.0876010279957,16.0880440760509
13,AS,1,37.5227268716605,18.079887925175,2,-0.413648971583631,0.144208978529337,0.406579325868613,-32.2642656830849,First,9,1156.55328513671,121.81861729978,39.4829841113305,37.2088523951431,0,Septal,353.636491189537,85.5437385612564,15.3661620983566,25.627687862842
13,AS,1,37.5227268716605,18.079887925175,2,-0.413648971583631,0.144208978529337,0.406579325868613,-32.2642656830849,First,9,1156.55328513671,121.81861729978,39.4829841113305,37.2088523951431,0,Anterior,708.093927448475,152.338010437934,20.0771946187816,22.3637289905136
13,AS,1,37.5227268716605,18.079887925175,2,-0.413648971583631,0.144208978529337,0.406579325868613,-32.2642656830849,First,9,1156.55328513671,121.81861729978,39.4829841113305,37.2088523951431,0,Posterior,479.691166341545,121.446470891647,17.0876010279957,16.0880440760509
13,AS,1,37.5227268716605,18.079887925175,3,-0.065353875649818,-0.0499716150820891,0.406579325868613,-32.2642656830849,First,9,1156.55328513671,121.81861729978,39.4829841113305,37.2088523951431,0,Septal,353.636491189537,85.5437385612564,15.3661620983566,25.627687862842
13,AS,1,37.5227268716605,18.079887925175,3,-0.065353875649818,-0.0499716150820891,0.406579325868613,-32.2642656830849,First,9,1156.55328513671,121.81861729978,39.4829841113305,37.2088523951431,0,Anterior,708.093927448475,152.338010437934,20.0771946187816,22.3637289905136
13,AS,1,37.5227268716605,18.079887925175,3,-0.065353875649818,-0.0499716150820891,0.406579325868613,-32.2642656830849,First,9,1156.55328513671,121.81861729978,39.4829841113305,37.2088523951431,0,Posterior,479.691166341545,121.446470891647,17.0876010279957,16.0880440760509
13,AS,1,37.5227268716605,18.079887925175,4,-0.0230425177203941,0.0116697304954709,0.406579325868613,-32.2642656830849,First,9,1156.55328513671,121.81861729978,39.4829841113305,37.2088523951431,0,Septal,353.636491189537,85.5437385612564,15.3661620983566,25.627687862842
13,AS,1,37.5227268716605,18.079887925175,4,-0.0230425177203941,0.0116697304954709,0.406579325868613,-32.2642656830849,First,9,1156.55328513671,121.81861729978,39.4829841113305,37.2088523951431,0,Anterior,708.093927448475,152.338010437934,20.0771946187816,22.3637289905136
13,AS,1,37.5227268716605,18.079887925175,4,-0.0230425177203941,0.0116697304954709,0.406579325868613,-32.2642656830849,First,9,1156.55328513671,121.81861729978,39.4829841113305,37.2088523951431,0,Posterior,479.691166341545,121.446470891647,17.0876010279957,16.0880440760509
13,AS,1,37.5227268716605,18.079887925175,5,-0.226808472874264,-0.0047437769821399,0.406579325868613,-32.2642656830849,First,9,1156.55328513671,121.81861729978,39.4829841113305,37.2088523951431,0,Septal,353.636491189537,85.5437385612564,15.3661620983566,25.627687862842
13,AS,1,37.5227268716605,18.079887925175,5,-0.226808472874264,-0.0047437769821399,0.406579325868613,-32.2642656830849,First,9,1156.55328513671,121.81861729978,39.4829841113305,37.2088523951431,0,Anterior,708.093927448475,152.338010437934,20.0771946187816,22.3637289905136
13,AS,1,37.5227268716605,18.079887925175,5,-0.226808472874264,-0.0047437769821399,0.406579325868613,-32.2642656830849,First,9,1156.55328513671,121.81861729978,39.4829841113305,37.2088523951431,0,Posterior,479.691166341545,121.446470891647,17.0876010279957,16.0880440760509
13,AS,1,37.5227268716605,18.079887925175,6,-0.424781861946378,-0.156665667433733,0.406579325868613,-32.2642656830849,First,9,1156.55328513671,121.81861729978,39.4829841113305,37.2088523951431,0,Septal,353.636491189537,85.5437385612564,15.3661620983566,25.627687862842
13,AS,1,37.5227268716605,18.079887925175,6,-0.424781861946378,-0.156665667433733,0.406579325868613,-32.2642656830849,First,9,1156.55328513671,121.81861729978,39.4829841113305,37.2088523951431,0,Anterior,708.093927448475,152.338010437934,20.0771946187816,22.3637289905136
13,AS,1,37.5227268716605,18.079887925175,6,-0.424781861946378,-0.156665667433733,0.406579325868613,-32.2642656830849,First,9,1156.55328513671,121.81861729978,39.4829841113305,37.2088523951431,0,Posterior,479.691166341545,121.446470891647,17.0876010279957,16.0880440760509
13,AS,1,37.5227268716605,18.079887925175,7,-0.146239109249883,-0.122142671441849,0.406579325868613,-32.2642656830849,First,9,1156.55328513671,121.81861729978,39.4829841113305,37.2088523951431,0,Septal,353.636491189537,85.5437385612564,15.3661620983566,25.627687862842
13,AS,1,37.5227268716605,18.079887925175,7,-0.146239109249883,-0.122142671441849,0.406579325868613,-32.2642656830849,First,9,1156.55328513671,121.81861729978,39.4829841113305,37.2088523951431,0,Anterior,708.093927448475,152.338010437934,20.0771946187816,22.3637289905136
13,AS,1,37.5227268716605,18.079887925175,7,-0.146239109249883,-0.122142671441849,0.406579325868613,-32.2642656830849,First,9,1156.55328513671,121.81861729978,39.4829841113305,37.2088523951431,0,Posterior,479.691166341545,121.446470891647,17.0876010279957,16.0880440760509
13,AS,1,37.5227268716605,18.079887925175,8,-0.353099053887017,-0.390217200744993,0.406579325868613,-32.2642656830849,First,9,1156.55328513671,121.81861729978,39.4829841113305,37.2088523951431,0,Septal,353.636491189537,85.5437385612564,15.3661620983566,25.627687862842
13,AS,1,37.5227268716605,18.079887925175,8,-0.353099053887017,-0.390217200744993,0.406579325868613,-32.2642656830849,First,9,1156.55328513671,121.81861729978,39.4829841113305,37.2088523951431,0,Anterior,708.093927448475,152.338010437934,20.0771946187816,22.3637289905136
13,AS,1,37.5227268716605,18.079887925175,8,-0.353099053887017,-0.390217200744993,0.406579325868613,-32.2642656830849,First,9,1156.55328513671,121.81861729978,39.4829841113305,37.2088523951431,0,Posterior,479.691166341545,121.446470891647,17.0876010279957,16.0880440760509
9,AP,1,36.9992073610174,51.2093672196243,1,-0.31765381137311,-0.087048947105207,-0.154065224615948,-2.60652190776055,Second,7,1357.71860312818,133.304150928089,37.8732326086889,37.8740461869656,10.6259085239426,Septal,479.842713755028,109.64837727656,16.0477358792885,31.4964723415922
9,AP,1,36.9992073610174,51.2093672196243,1,-0.31765381137311,-0.087048947105207,-0.154065224615948,-2.60652190776055,Second,7,1357.71860312818,133.304150928089,37.8732326086889,37.8740461869656,10.6259085239426,Anterior,646.713270206915,130.142666812052,19.8562226397391,26.3105886255627
9,AP,1,36.9992073610174,51.2093672196243,1,-0.31765381137311,-0.087048947105207,-0.154065224615948,-2.60652190776055,Second,7,1357.71860312818,133.304150928089,37.8732326086889,37.8740461869656,10.6259085239426,Posterior,597.062820620882,122.127040644436,22.6891480592457,19.8633828041872
9,AP,1,36.9992073610174,51.2093672196243,2,0.0967103271713761,-0.00740328169378468,-0.154065224615948,-2.60652190776055,Second,7,1357.71860312818,133.304150928089,37.8732326086889,37.8740461869656,10.6259085239426,Septal,479.842713755028,109.64837727656,16.0477358792885,31.4964723415922
9,AP,1,36.9992073610174,51.2093672196243,2,0.0967103271713761,-0.00740328169378468,-0.154065224615948,-2.60652190776055,Second,7,1357.71860312818,133.304150928089,37.8732326086889,37.8740461869656,10.6259085239426,Anterior,646.713270206915,130.142666812052,19.8562226397391,26.3105886255627
9,AP,1,36.9992073610174,51.2093672196243,2,0.0967103271713761,-0.00740328169378468,-0.154065224615948,-2.60652190776055,Second,7,1357.71860312818,133.304150928089,37.8732326086889,37.8740461869656,10.6259085239426,Posterior,597.062820620882,122.127040644436,22.6891480592457,19.8633828041872
9,AP,1,36.9992073610174,51.2093672196243,3,-0.0565525912186741,0.0454575235303053,-0.154065224615948,-2.60652190776055,Second,7,1357.71860312818,133.304150928089,37.8732326086889,37.8740461869656,10.6259085239426,Septal,479.842713755028,109.64837727656,16.0477358792885,31.4964723415922
9,AP,1,36.9992073610174,51.2093672196243,3,-0.0565525912186741,0.0454575235303053,-0.154065224615948,-2.60652190776055,Second,7,1357.71860312818,133.304150928089,37.8732326086889,37.8740461869656,10.6259085239426,Anterior,646.713270206915,130.142666812052,19.8562226397391,26.3105886255627
9,AP,1,36.9992073610174,51.2093672196243,3,-0.0565525912186741,0.0454575235303053,-0.154065224615948,-2.60652190776055,Second,7,1357.71860312818,133.304150928089,37.8732326086889,37.8740461869656,10.6259085239426,Posterior,597.062820620882,122.127040644436,22.6891480592457,19.8633828041872
9,AP,1,36.9992073610174,51.2093672196243,4,-0.128016063382209,0.162672157109566,-0.154065224615948,-2.60652190776055,Second,7,1357.71860312818,133.304150928089,37.8732326086889,37.8740461869656,10.6259085239426,Septal,479.842713755028,109.64837727656,16.0477358792885,31.4964723415922
9,AP,1,36.9992073610174,51.2093672196243,4,-0.128016063382209,0.162672157109566,-0.154065224615948,-2.60652190776055,Second,7,1357.71860312818,133.304150928089,37.8732326086889,37.8740461869656,10.6259085239426,Anterior,646.713270206915,130.142666812052,19.8562226397391,26.3105886255627
9,AP,1,36.9992073610174,51.2093672196243,4,-0.128016063382209,0.162672157109566,-0.154065224615948,-2.60652190776055,Second,7,1357.71860312818,133.304150928089,37.8732326086889,37.8740461869656,10.6259085239426,Posterior,597.062820620882,122.127040644436,22.6891480592457,19.8633828041872
9,AP,1,36.9992073610174,51.2093672196243,5,-0.65660461673317,-0.237296874240539,-0.154065224615948,-2.60652190776055,Second,7,1357.71860312818,133.304150928089,37.8732326086889,37.8740461869656,10.6259085239426,Septal,479.842713755028,109.64837727656,16.0477358792885,31.4964723415922
9,AP,1,36.9992073610174,51.2093672196243,5,-0.65660461673317,-0.237296874240539,-0.154065224615948,-2.60652190776055,Second,7,1357.71860312818,133.304150928089,37.8732326086889,37.8740461869656,10.6259085239426,Anterior,646.713270206915,130.142666812052,19.8562226397391,26.3105886255627
9,AP,1,36.9992073610174,51.2093672196243,5,-0.65660461673317,-0.237296874240539,-0.154065224615948,-2.60652190776055,Second,7,1357.71860312818,133.304150928089,37.8732326086889,37.8740461869656,10.6259085239426,Posterior,597.062820620882,122.127040644436,22.6891480592457,19.8633828041872
9,AP,1,36.9992073610174,51.2093672196243,6,-0.131759883445469,0.0301522753607772,-0.154065224615948,-2.60652190776055,Second,7,1357.71860312818,133.304150928089,37.8732326086889,37.8740461869656,10.6259085239426,Septal,479.842713755028,109.64837727656,16.0477358792885,31.4964723415922
9,AP,1,36.9992073610174,51.2093672196243,6,-0.131759883445469,0.0301522753607772,-0.154065224615948,-2.60652190776055,Second,7,1357.71860312818,133.304150928089,37.8732326086889,37.8740461869656,10.6259085239426,Anterior,646.713270206915,130.142666812052,19.8562226397391,26.3105886255627
9,AP,1,36.9992073610174,51.2093672196243,6,-0.131759883445469,0.0301522753607772,-0.154065224615948,-2.60652190776055,Second,7,1357.71860312818,133.304150928089,37.8732326086889,37.8740461869656,10.6259085239426,Posterior,597.062820620882,122.127040644436,22.6891480592457,19.8633828041872
9,AP,1,36.9992073610174,51.2093672196243,7,-0.0286789753481545,-0.0194567518860125,-0.154065224615948,-2.60652190776055,Second,7,1357.71860312818,133.304150928089,37.8732326086889,37.8740461869656,10.6259085239426,Septal,479.842713755028,109.64837727656,16.0477358792885,31.4964723415922
9,AP,1,36.9992073610174,51.2093672196243,7,-0.0286789753481545,-0.0194567518860125,-0.154065224615948,-2.60652190776055,Second,7,1357.71860312818,133.304150928089,37.8732326086889,37.8740461869656,10.6259085239426,Anterior,646.713270206915,130.142666812052,19.8562226397391,26.3105886255627
9,AP,1,36.9992073610174,51.2093672196243,7,-0.0286789753481545,-0.0194567518860125,-0.154065224615948,-2.60652190776055,Second,7,1357.71860312818,133.304150928089,37.8732326086889,37.8740461869656,10.6259085239426,Posterior,597.062820620882,122.127040644436,22.6891480592457,19.8633828041872
9,AP,1,36.9992073610174,51.2093672196243,8,-0.0696888725605891,0.163437344775358,-0.154065224615948,-2.60652190776055,Second,7,1357.71860312818,133.304150928089,37.8732326086889,37.8740461869656,10.6259085239426,Septal,479.842713755028,109.64837727656,16.0477358792885,31.4964723415922
9,AP,1,36.9992073610174,51.2093672196243,8,-0.0696888725605891,0.163437344775358,-0.154065224615948,-2.60652190776055,Second,7,1357.71860312818,133.304150928089,37.8732326086889,37.8740461869656,10.6259085239426,Anterior,646.713270206915,130.142666812052,19.8562226397391,26.3105886255627
9,AP,1,36.9992073610174,51.2093672196243,8,-0.0696888725605891,0.163437344775358,-0.154065224615948,-2.60652190776055,Second,7,1357.71860312818,133.304150928089,37.8732326086889,37.8740461869656,10.6259085239426,Posterior,597.062820620882,122.127040644436,22.6891480592457,19.8633828041872
10,AP,1,31.9986548401487,47.1965115982294,1,-0.0849267480483318,0.36213588839782,-2.0610718739998,-8.91673011128006,Second,8,1556.01784553772,142.677952274847,42.5928361915038,37.5756742698362,12.7403361330043,Septal,490.656392996084,110.026262694478,16.4801340058687,25.2745695510175
10,AP,1,31.9986548401487,47.1965115982294,1,-0.0849267480483318,0.36213588839782,-2.0610718739998,-8.91673011128006,Second,8,1556.01784553772,142.677952274847,42.5928361915038,37.5756742698362,12.7403361330043,Anterior,656.795799121418,152.451251278528,18.673150289493,28.416811911346
10,AP,1,31.9986548401487,47.1965115982294,1,-0.0849267480483318,0.36213588839782,-2.0610718739998,-8.91673011128006,Second,8,1556.01784553772,142.677952274847,42.5928361915038,37.5756742698362,12.7403361330043,Posterior,514.461054779979,115.276332368098,19.7839243922852,20.5065902841195
10,AP,1,31.9986548401487,47.1965115982294,2,-0.0232442252911663,0.122002836041339,-2.0610718739998,-8.91673011128006,Second,8,1556.01784553772,142.677952274847,42.5928361915038,37.5756742698362,12.7403361330043,Septal,490.656392996084,110.026262694478,16.4801340058687,25.2745695510175
10,AP,1,31.9986548401487,47.1965115982294,2,-0.0232442252911663,0.122002836041339,-2.0610718739998,-8.91673011128006,Second,8,1556.01784553772,142.677952274847,42.5928361915038,37.5756742698362,12.7403361330043,Anterior,656.795799121418,152.451251278528,18.673150289493,28.416811911346
10,AP,1,31.9986548401487,47.1965115982294,2,-0.0232442252911663,0.122002836041339,-2.0610718739998,-8.91673011128006,Second,8,1556.01784553772,142.677952274847,42.5928361915038,37.5756742698362,12.7403361330043,Posterior,514.461054779979,115.276332368098,19.7839243922852,20.5065902841195
10,AP,1,31.9986548401487,47.1965115982294,3,-0.00309032952026108,-0.0327600696958621,-2.0610718739998,-8.91673011128006,Second,8,1556.01784553772,142.677952274847,42.5928361915038,37.5756742698362,12.7403361330043,Septal,490.656392996084,110.026262694478,16.4801340058687,25.2745695510175
10,AP,1,31.9986548401487,47.1965115982294,3,-0.00309032952026108,-0.0327600696958621,-2.0610718739998,-8.91673011128006,Second,8,1556.01784553772,142.677952274847,42.5928361915038,37.5756742698362,12.7403361330043,Anterior,656.795799121418,152.451251278528,18.673150289493,28.416811911346
10,AP,1,31.9986548401487,47.1965115982294,3,-0.00309032952026108,-0.0327600696958621,-2.0610718739998,-8.91673011128006,Second,8,1556.01784553772,142.677952274847,42.5928361915038,37.5756742698362,12.7403361330043,Posterior,514.461054779979,115.276332368098,19.7839243922852,20.5065902841195
10,AP,1,31.9986548401487,47.1965115982294,4,-0.00810113711853964,-0.0279422047913448,-2.0610718739998,-8.91673011128006,Second,8,1556.01784553772,142.677952274847,42.5928361915038,37.5756742698362,12.7403361330043,Septal,490.656392996084,110.026262694478,16.4801340058687,25.2745695510175
10,AP,1,31.9986548401487,47.1965115982294,4,-0.00810113711853964,-0.0279422047913448,-2.0610718739998,-8.91673011128006,Second,8,1556.01784553772,142.677952274847,42.5928361915038,37.5756742698362,12.7403361330043,Anterior,656.795799121418,152.451251278528,18.673150289493,28.416811911346
10,AP,1,31.9986548401487,47.1965115982294,4,-0.00810113711853964,-0.0279422047913448,-2.0610718739998,-8.91673011128006,Second,8,1556.01784553772,142.677952274847,42.5928361915038,37.5756742698362,12.7403361330043,Posterior,514.461054779979,115.276332368098,19.7839243922852,20.5065902841195
10,AP,1,31.9986548401487,47.1965115982294,5,-0.118935927537458,0.385559415990286,-2.0610718739998,-8.91673011128006,Second,8,1556.01784553772,142.677952274847,42.5928361915038,37.5756742698362,12.7403361330043,Septal,490.656392996084,110.026262694478,16.4801340058687,25.2745695510175
10,AP,1,31.9986548401487,47.1965115982294,5,-0.118935927537458,0.385559415990286,-2.0610718739998,-8.91673011128006,Second,8,1556.01784553772,142.677952274847,42.5928361915038,37.5756742698362,12.7403361330043,Anterior,656.795799121418,152.451251278528,18.673150289493,28.416811911346
10,AP,1,31.9986548401487,47.1965115982294,5,-0.118935927537458,0.385559415990286,-2.0610718739998,-8.91673011128006,Second,8,1556.01784553772,142.677952274847,42.5928361915038,37.5756742698362,12.7403361330043,Posterior,514.461054779979,115.276332368098,19.7839243922852,20.5065902841195
10,AP,1,31.9986548401487,47.1965115982294,6,0.000970933883650102,0.185487702411359,-2.0610718739998,-8.91673011128006,Second,8,1556.01784553772,142.677952274847,42.5928361915038,37.5756742698362,12.7403361330043,Septal,490.656392996084,110.026262694478,16.4801340058687,25.2745695510175
10,AP,1,31.9986548401487,47.1965115982294,6,0.000970933883650102,0.185487702411359,-2.0610718739998,-8.91673011128006,Second,8,1556.01784553772,142.677952274847,42.5928361915038,37.5756742698362,12.7403361330043,Anterior,656.795799121418,152.451251278528,18.673150289493,28.416811911346
10,AP,1,31.9986548401487,47.1965115982294,6,0.000970933883650102,0.185487702411359,-2.0610718739998,-8.91673011128006,Second,8,1556.01784553772,142.677952274847,42.5928361915038,37.5756742698362,12.7403361330043,Posterior,514.461054779979,115.276332368098,19.7839243922852,20.5065902841195
10,AP,1,31.9986548401487,47.1965115982294,7,-0.0297526660870949,0.114169794284506,-2.0610718739998,-8.91673011128006,Second,8,1556.01784553772,142.677952274847,42.5928361915038,37.5756742698362,12.7403361330043,Septal,490.656392996084,110.026262694478,16.4801340058687,25.2745695510175
10,AP,1,31.9986548401487,47.1965115982294,7,-0.0297526660870949,0.114169794284506,-2.0610718739998,-8.91673011128006,Second,8,1556.01784553772,142.677952274847,42.5928361915038,37.5756742698362,12.7403361330043,Anterior,656.795799121418,152.451251278528,18.673150289493,28.416811911346
10,AP,1,31.9986548401487,47.1965115982294,7,-0.0297526660870949,0.114169794284506,-2.0610718739998,-8.91673011128006,Second,8,1556.01784553772,142.677952274847,42.5928361915038,37.5756742698362,12.7403361330043,Posterior,514.461054779979,115.276332368098,19.7839243922852,20.5065902841195
10,AP,1,31.9986548401487,47.1965115982294,8,-0.1433571523044,0.368754103825194,-2.0610718739998,-8.91673011128006,Second,8,1556.01784553772,142.677952274847,42.5928361915038,37.5756742698362,12.7403361330043,Septal,490.656392996084,110.026262694478,16.4801340058687,25.2745695510175
10,AP,1,31.9986548401487,47.1965115982294,8,-0.1433571523044,0.368754103825194,-2.0610718739998,-8.91673011128006,Second,8,1556.01784553772,142.677952274847,42.5928361915038,37.5756742698362,12.7403361330043,Anterior,656.795799121418,152.451251278528,18.673150289493,28.416811911346
10,AP,1,31.9986548401487,47.1965115982294,8,-0.1433571523044,0.368754103825194,-2.0610718739998,-8.91673011128006,Second,8,1556.01784553772,142.677952274847,42.5928361915038,37.5756742698362,12.7403361330043,Posterior,514.461054779979,115.276332368098,19.7839243922852,20.5065902841195
12,AP,1,35.634909276022,42.3260156839839,1,-0.613005825558477,0.00205189047974841,-0.890322925211422,-12.7516469295505,Second,8,1718.45965938488,149.778725427452,43.4394890169346,49.0458953489297,3.21743209070123,Septal,382.766964698025,99.6140585619361,18.2265406217927,19.8576632846828
12,AP,1,35.634909276022,42.3260156839839,1,-0.613005825558477,0.00205189047974841,-0.890322925211422,-12.7516469295505,Second,8,1718.45965938488,149.778725427452,43.4394890169346,49.0458953489297,3.21743209070123,Anterior,654.783636275052,136.883426453721,20.2045219074615,23.0377681385498
12,AP,1,35.634909276022,42.3260156839839,1,-0.613005825558477,0.00205189047974841,-0.890322925211422,-12.7516469295505,Second,8,1718.45965938488,149.778725427452,43.4394890169346,49.0458953489297,3.21743209070123,Posterior,571.924230019731,133.94514114377,21.4077647364308,13.667400131237
12,AP,1,35.634909276022,42.3260156839839,2,-0.71925187450055,0.0307407393771623,-0.890322925211422,-12.7516469295505,Second,8,1718.45965938488,149.778725427452,43.4394890169346,49.0458953489297,3.21743209070123,Septal,382.766964698025,99.6140585619361,18.2265406217927,19.8576632846828
12,AP,1,35.634909276022,42.3260156839839,2,-0.71925187450055,0.0307407393771623,-0.890322925211422,-12.7516469295505,Second,8,1718.45965938488,149.778725427452,43.4394890169346,49.0458953489297,3.21743209070123,Anterior,654.783636275052,136.883426453721,20.2045219074615,23.0377681385498
12,AP,1,35.634909276022,42.3260156839839,2,-0.71925187450055,0.0307407393771623,-0.890322925211422,-12.7516469295505,Second,8,1718.45965938488,149.778725427452,43.4394890169346,49.0458953489297,3.21743209070123,Posterior,571.924230019731,133.94514114377,21.4077647364308,13.667400131237
12,AP,1,35.634909276022,42.3260156839839,3,-0.132659023396148,-0.0649856203748554,-0.890322925211422,-12.7516469295505,Second,8,1718.45965938488,149.778725427452,43.4394890169346,49.0458953489297,3.21743209070123,Septal,382.766964698025,99.6140585619361,18.2265406217927,19.8576632846828
12,AP,1,35.634909276022,42.3260156839839,3,-0.132659023396148,-0.0649856203748554,-0.890322925211422,-12.7516469295505,Second,8,1718.45965938488,149.778725427452,43.4394890169346,49.0458953489297,3.21743209070123,Anterior,654.783636275052,136.883426453721,20.2045219074615,23.0377681385498
12,AP,1,35.634909276022,42.3260156839839,3,-0.132659023396148,-0.0649856203748554,-0.890322925211422,-12.7516469295505,Second,8,1718.45965938488,149.778725427452,43.4394890169346,49.0458953489297,3.21743209070123,Posterior,571.924230019731,133.94514114377,21.4077647364308,13.667400131237
12,AP,1,35.634909276022,42.3260156839839,4,-0.0226631718033611,0.0575006416180406,-0.890322925211422,-12.7516469295505,Second,8,1718.45965938488,149.778725427452,43.4394890169346,49.0458953489297,3.21743209070123,Septal,382.766964698025,99.6140585619361,18.2265406217927,19.8576632846828
12,AP,1,35.634909276022,42.3260156839839,4,-0.0226631718033611,0.0575006416180406,-0.890322925211422,-12.7516469295505,Second,8,1718.45965938488,149.778725427452,43.4394890169346,49.0458953489297,3.21743209070123,Anterior,654.783636275052,136.883426453721,20.2045219074615,23.0377681385498
12,AP,1,35.634909276022,42.3260156839839,4,-0.0226631718033611,0.0575006416180406,-0.890322925211422,-12.7516469295505,Second,8,1718.45965938488,149.778725427452,43.4394890169346,49.0458953489297,3.21743209070123,Posterior,571.924230019731,133.94514114377,21.4077647364308,13.667400131237
12,AP,1,35.634909276022,42.3260156839839,5,-0.208222455542542,0.14977298289978,-0.890322925211422,-12.7516469295505,Second,8,1718.45965938488,149.778725427452,43.4394890169346,49.0458953489297,3.21743209070123,Septal,382.766964698025,99.6140585619361,18.2265406217927,19.8576632846828
12,AP,1,35.634909276022,42.3260156839839,5,-0.208222455542542,0.14977298289978,-0.890322925211422,-12.7516469295505,Second,8,1718.45965938488,149.778725427452,43.4394890169346,49.0458953489297,3.21743209070123,Anterior,654.783636275052,136.883426453721,20.2045219074615,23.0377681385498
12,AP,1,35.634909276022,42.3260156839839,5,-0.208222455542542,0.14977298289978,-0.890322925211422,-12.7516469295505,Second,8,1718.45965938488,149.778725427452,43.4394890169346,49.0458953489297,3.21743209070123,Posterior,571.924230019731,133.94514114377,21.4077647364308,13.667400131237
12,AP,1,35.634909276022,42.3260156839839,6,-0.279139492756107,-0.00101436714854097,-0.890322925211422,-12.7516469295505,Second,8,1718.45965938488,149.778725427452,43.4394890169346,49.0458953489297,3.21743209070123,Septal,382.766964698025,99.6140585619361,18.2265406217927,19.8576632846828
12,AP,1,35.634909276022,42.3260156839839,6,-0.279139492756107,-0.00101436714854097,-0.890322925211422,-12.7516469295505,Second,8,1718.45965938488,149.778725427452,43.4394890169346,49.0458953489297,3.21743209070123,Anterior,654.783636275052,136.883426453721,20.2045219074615,23.0377681385498
12,AP,1,35.634909276022,42.3260156839839,6,-0.279139492756107,-0.00101436714854097,-0.890322925211422,-12.7516469295505,Second,8,1718.45965938488,149.778725427452,43.4394890169346,49.0458953489297,3.21743209070123,Posterior,571.924230019731,133.94514114377,21.4077647364308,13.667400131237
12,AP,1,35.634909276022,42.3260156839839,7,0.0240492973687061,0.0866852056816014,-0.890322925211422,-12.7516469295505,Second,8,1718.45965938488,149.778725427452,43.4394890169346,49.0458953489297,3.21743209070123,Septal,382.766964698025,99.6140585619361,18.2265406217927,19.8576632846828
12,AP,1,35.634909276022,42.3260156839839,7,0.0240492973687061,0.0866852056816014,-0.890322925211422,-12.7516469295505,Second,8,1718.45965938488,149.778725427452,43.4394890169346,49.0458953489297,3.21743209070123,Anterior,654.783636275052,136.883426453721,20.2045219074615,23.0377681385498
12,AP,1,35.634909276022,42.3260156839839,7,0.0240492973687061,0.0866852056816014,-0.890322925211422,-12.7516469295505,Second,8,1718.45965938488,149.778725427452,43.4394890169346,49.0458953489297,3.21743209070123,Posterior,571.924230019731,133.94514114377,21.4077647364308,13.667400131237
12,AP,1,35.634909276022,42.3260156839839,8,-0.159407923616052,0.0685290115874133,-0.890322925211422,-12.7516469295505,Second,8,1718.45965938488,149.778725427452,43.4394890169346,49.0458953489297,3.21743209070123,Septal,382.766964698025,99.6140585619361,18.2265406217927,19.8576632846828
12,AP,1,35.634909276022,42.3260156839839,8,-0.159407923616052,0.0685290115874133,-0.890322925211422,-12.7516469295505,Second,8,1718.45965938488,149.778725427452,43.4394890169346,49.0458953489297,3.21743209070123,Anterior,654.783636275052,136.883426453721,20.2045219074615,23.0377681385498
12,AP,1,35.634909276022,42.3260156839839,8,-0.159407923616052,0.0685290115874133,-0.890322925211422,-12.7516469295505,Second,8,1718.45965938488,149.778725427452,43.4394890169346,49.0458953489297,3.21743209070123,Posterior,571.924230019731,133.94514114377,21.4077647364308,13.667400131237
13,AP,1,35.4782568549213,33.2033405085761,1,-0.790147271362765,-0.33745863311498,-1.63789069087054,-17.1408130996838,Third,9,1276.4467778909,128.288729855379,40.5486500610843,37.8126742623135,0,Septal,353.636491189537,85.5437385612564,15.3661620983566,25.627687862842
13,AP,1,35.4782568549213,33.2033405085761,1,-0.790147271362765,-0.33745863311498,-1.63789069087054,-17.1408130996838,Third,9,1276.4467778909,128.288729855379,40.5486500610843,37.8126742623135,0,Anterior,708.093927448475,152.338010437934,20.0771946187816,22.3637289905136
13,AP,1,35.4782568549213,33.2033405085761,1,-0.790147271362765,-0.33745863311498,-1.63789069087054,-17.1408130996838,Third,9,1276.4467778909,128.288729855379,40.5486500610843,37.8126742623135,0,Posterior,479.691166341545,121.446470891647,17.0876010279957,16.0880440760509
13,AP,1,35.4782568549213,33.2033405085761,2,-0.257312830437077,0.30054511967589,-1.63789069087054,-17.1408130996838,Third,9,1276.4467778909,128.288729855379,40.5486500610843,37.8126742623135,0,Septal,353.636491189537,85.5437385612564,15.3661620983566,25.627687862842
13,AP,1,35.4782568549213,33.2033405085761,2,-0.257312830437077,0.30054511967589,-1.63789069087054,-17.1408130996838,Third,9,1276.4467778909,128.288729855379,40.5486500610843,37.8126742623135,0,Anterior,708.093927448475,152.338010437934,20.0771946187816,22.3637289905136
13,AP,1,35.4782568549213,33.2033405085761,2,-0.257312830437077,0.30054511967589,-1.63789069087054,-17.1408130996838,Third,9,1276.4467778909,128.288729855379,40.5486500610843,37.8126742623135,0,Posterior,479.691166341545,121.446470891647,17.0876010279957,16.0880440760509
13,AP,1,35.4782568549213,33.2033405085761,3,0.00987149996471727,0.0252537605324461,-1.63789069087054,-17.1408130996838,Third,9,1276.4467778909,128.288729855379,40.5486500610843,37.8126742623135,0,Septal,353.636491189537,85.5437385612564,15.3661620983566,25.627687862842
13,AP,1,35.4782568549213,33.2033405085761,3,0.00987149996471727,0.0252537605324461,-1.63789069087054,-17.1408130996838,Third,9,1276.4467778909,128.288729855379,40.5486500610843,37.8126742623135,0,Anterior,708.093927448475,152.338010437934,20.0771946187816,22.3637289905136
13,AP,1,35.4782568549213,33.2033405085761,3,0.00987149996471727,0.0252537605324461,-1.63789069087054,-17.1408130996838,Third,9,1276.4467778909,128.288729855379,40.5486500610843,37.8126742623135,0,Posterior,479.691166341545,121.446470891647,17.0876010279957,16.0880440760509
13,AP,1,35.4782568549213,33.2033405085761,4,-0.027498042344208,0.00721420587165696,-1.63789069087054,-17.1408130996838,Third,9,1276.4467778909,128.288729855379,40.5486500610843,37.8126742623135,0,Septal,353.636491189537,85.5437385612564,15.3661620983566,25.627687862842
13,AP,1,35.4782568549213,33.2033405085761,4,-0.027498042344208,0.00721420587165696,-1.63789069087054,-17.1408130996838,Third,9,1276.4467778909,128.288729855379,40.5486500610843,37.8126742623135,0,Anterior,708.093927448475,152.338010437934,20.0771946187816,22.3637289905136
13,AP,1,35.4782568549213,33.2033405085761,4,-0.027498042344208,0.00721420587165696,-1.63789069087054,-17.1408130996838,Third,9,1276.4467778909,128.288729855379,40.5486500610843,37.8126742623135,0,Posterior,479.691166341545,121.446470891647,17.0876010279957,16.0880440760509
13,AP,1,35.4782568549213,33.2033405085761,5,-0.195340562754108,0.0267241331380161,-1.63789069087054,-17.1408130996838,Third,9,1276.4467778909,128.288729855379,40.5486500610843,37.8126742623135,0,Septal,353.636491189537,85.5437385612564,15.3661620983566,25.627687862842
13,AP,1,35.4782568549213,33.2033405085761,5,-0.195340562754108,0.0267241331380161,-1.63789069087054,-17.1408130996838,Third,9,1276.4467778909,128.288729855379,40.5486500610843,37.8126742623135,0,Anterior,708.093927448475,152.338010437934,20.0771946187816,22.3637289905136
13,AP,1,35.4782568549213,33.2033405085761,5,-0.195340562754108,0.0267241331380161,-1.63789069087054,-17.1408130996838,Third,9,1276.4467778909,128.288729855379,40.5486500610843,37.8126742623135,0,Posterior,479.691166341545,121.446470891647,17.0876010279957,16.0880440760509
13,AP,1,35.4782568549213,33.2033405085761,6,-0.295778054608129,-0.0276618600954841,-1.63789069087054,-17.1408130996838,Third,9,1276.4467778909,128.288729855379,40.5486500610843,37.8126742623135,0,Septal,353.636491189537,85.5437385612564,15.3661620983566,25.627687862842
13,AP,1,35.4782568549213,33.2033405085761,6,-0.295778054608129,-0.0276618600954841,-1.63789069087054,-17.1408130996838,Third,9,1276.4467778909,128.288729855379,40.5486500610843,37.8126742623135,0,Anterior,708.093927448475,152.338010437934,20.0771946187816,22.3637289905136
13,AP,1,35.4782568549213,33.2033405085761,6,-0.295778054608129,-0.0276618600954841,-1.63789069087054,-17.1408130996838,Third,9,1276.4467778909,128.288729855379,40.5486500610843,37.8126742623135,0,Posterior,479.691166341545,121.446470891647,17.0876010279957,16.0880440760509
13,AP,1,35.4782568549213,33.2033405085761,7,0.1877668125453,0.211863250353333,-1.63789069087054,-17.1408130996838,Third,9,1276.4467778909,128.288729855379,40.5486500610843,37.8126742623135,0,Septal,353.636491189537,85.5437385612564,15.3661620983566,25.627687862842
13,AP,1,35.4782568549213,33.2033405085761,7,0.1877668125453,0.211863250353333,-1.63789069087054,-17.1408130996838,Third,9,1276.4467778909,128.288729855379,40.5486500610843,37.8126742623135,0,Anterior,708.093927448475,152.338010437934,20.0771946187816,22.3637289905136
13,AP,1,35.4782568549213,33.2033405085761,7,0.1877668125453,0.211863250353333,-1.63789069087054,-17.1408130996838,Third,9,1276.4467778909,128.288729855379,40.5486500610843,37.8126742623135,0,Posterior,479.691166341545,121.446470891647,17.0876010279957,16.0880440760509
13,AP,1,35.4782568549213,33.2033405085761,8,0.225437828995092,0.188319682137116,-1.63789069087054,-17.1408130996838,Third,9,1276.4467778909,128.288729855379,40.5486500610843,37.8126742623135,0,Septal,353.636491189537,85.5437385612564,15.3661620983566,25.627687862842
13,AP,1,35.4782568549213,33.2033405085761,8,0.225437828995092,0.188319682137116,-1.63789069087054,-17.1408130996838,Third,9,1276.4467778909,128.288729855379,40.5486500610843,37.8126742623135,0,Anterior,708.093927448475,152.338010437934,20.0771946187816,22.3637289905136
13,AP,1,35.4782568549213,33.2033405085761,8,0.225437828995092,0.188319682137116,-1.63789069087054,-17.1408130996838,Third,9,1276.4467778909,128.288729855379,40.5486500610843,37.8126742623135,0,Posterior,479.691166341545,121.446470891647,17.0876010279957,16.0880440760509
9,SP,1,36.2263322344988,21.8219526850709,1,-0.240062167779011,-0.00945730351110888,-0.926940351134583,-31.9939364423139,First,7,1115.54329271287,122.072116311948,35.7327323185867,34.8334851092375,3.02903650393564,Septal,479.842713755028,109.64837727656,16.0477358792885,31.4964723415922
9,SP,1,36.2263322344988,21.8219526850709,1,-0.240062167779011,-0.00945730351110888,-0.926940351134583,-31.9939364423139,First,7,1115.54329271287,122.072116311948,35.7327323185867,34.8334851092375,3.02903650393564,Anterior,646.713270206915,130.142666812052,19.8562226397391,26.3105886255627
9,SP,1,36.2263322344988,21.8219526850709,1,-0.240062167779011,-0.00945730351110888,-0.926940351134583,-31.9939364423139,First,7,1115.54329271287,122.072116311948,35.7327323185867,34.8334851092375,3.02903650393564,Posterior,597.062820620882,122.127040644436,22.6891480592457,19.8633828041872
9,SP,1,36.2263322344988,21.8219526850709,2,0.147616395337078,0.0435027864719176,-0.926940351134583,-31.9939364423139,First,7,1115.54329271287,122.072116311948,35.7327323185867,34.8334851092375,3.02903650393564,Septal,479.842713755028,109.64837727656,16.0477358792885,31.4964723415922
9,SP,1,36.2263322344988,21.8219526850709,2,0.147616395337078,0.0435027864719176,-0.926940351134583,-31.9939364423139,First,7,1115.54329271287,122.072116311948,35.7327323185867,34.8334851092375,3.02903650393564,Anterior,646.713270206915,130.142666812052,19.8562226397391,26.3105886255627
9,SP,1,36.2263322344988,21.8219526850709,2,0.147616395337078,0.0435027864719176,-0.926940351134583,-31.9939364423139,First,7,1115.54329271287,122.072116311948,35.7327323185867,34.8334851092375,3.02903650393564,Posterior,597.062820620882,122.127040644436,22.6891480592457,19.8633828041872
9,SP,1,36.2263322344988,21.8219526850709,3,-0.0739321856379064,0.028077929111073,-0.926940351134583,-31.9939364423139,First,7,1115.54329271287,122.072116311948,35.7327323185867,34.8334851092375,3.02903650393564,Septal,479.842713755028,109.64837727656,16.0477358792885,31.4964723415922
9,SP,1,36.2263322344988,21.8219526850709,3,-0.0739321856379064,0.028077929111073,-0.926940351134583,-31.9939364423139,First,7,1115.54329271287,122.072116311948,35.7327323185867,34.8334851092375,3.02903650393564,Anterior,646.713270206915,130.142666812052,19.8562226397391,26.3105886255627
9,SP,1,36.2263322344988,21.8219526850709,3,-0.0739321856379064,0.028077929111073,-0.926940351134583,-31.9939364423139,First,7,1115.54329271287,122.072116311948,35.7327323185867,34.8334851092375,3.02903650393564,Posterior,597.062820620882,122.127040644436,22.6891480592457,19.8633828041872
9,SP,1,36.2263322344988,21.8219526850709,4,-0.473723945077815,-0.183035724586041,-0.926940351134583,-31.9939364423139,First,7,1115.54329271287,122.072116311948,35.7327323185867,34.8334851092375,3.02903650393564,Septal,479.842713755028,109.64837727656,16.0477358792885,31.4964723415922
9,SP,1,36.2263322344988,21.8219526850709,4,-0.473723945077815,-0.183035724586041,-0.926940351134583,-31.9939364423139,First,7,1115.54329271287,122.072116311948,35.7327323185867,34.8334851092375,3.02903650393564,Anterior,646.713270206915,130.142666812052,19.8562226397391,26.3105886255627
9,SP,1,36.2263322344988,21.8219526850709,4,-0.473723945077815,-0.183035724586041,-0.926940351134583,-31.9939364423139,First,7,1115.54329271287,122.072116311948,35.7327323185867,34.8334851092375,3.02903650393564,Posterior,597.062820620882,122.127040644436,22.6891480592457,19.8633828041872
9,SP,1,36.2263322344988,21.8219526850709,5,-0.580327309666426,-0.161019567173795,-0.926940351134583,-31.9939364423139,First,7,1115.54329271287,122.072116311948,35.7327323185867,34.8334851092375,3.02903650393564,Septal,479.842713755028,109.64837727656,16.0477358792885,31.4964723415922
9,SP,1,36.2263322344988,21.8219526850709,5,-0.580327309666426,-0.161019567173795,-0.926940351134583,-31.9939364423139,First,7,1115.54329271287,122.072116311948,35.7327323185867,34.8334851092375,3.02903650393564,Anterior,646.713270206915,130.142666812052,19.8562226397391,26.3105886255627
9,SP,1,36.2263322344988,21.8219526850709,5,-0.580327309666426,-0.161019567173795,-0.926940351134583,-31.9939364423139,First,7,1115.54329271287,122.072116311948,35.7327323185867,34.8334851092375,3.02903650393564,Posterior,597.062820620882,122.127040644436,22.6891480592457,19.8633828041872
9,SP,1,36.2263322344988,21.8219526850709,6,-0.156500862903437,0.00541129590280853,-0.926940351134583,-31.9939364423139,First,7,1115.54329271287,122.072116311948,35.7327323185867,34.8334851092375,3.02903650393564,Septal,479.842713755028,109.64837727656,16.0477358792885,31.4964723415922
9,SP,1,36.2263322344988,21.8219526850709,6,-0.156500862903437,0.00541129590280853,-0.926940351134583,-31.9939364423139,First,7,1115.54329271287,122.072116311948,35.7327323185867,34.8334851092375,3.02903650393564,Anterior,646.713270206915,130.142666812052,19.8562226397391,26.3105886255627
9,SP,1,36.2263322344988,21.8219526850709,6,-0.156500862903437,0.00541129590280853,-0.926940351134583,-31.9939364423139,First,7,1115.54329271287,122.072116311948,35.7327323185867,34.8334851092375,3.02903650393564,Posterior,597.062820620882,122.127040644436,22.6891480592457,19.8633828041872
9,SP,1,36.2263322344988,21.8219526850709,7,-0.0754309030136388,-0.0662086795514968,-0.926940351134583,-31.9939364423139,First,7,1115.54329271287,122.072116311948,35.7327323185867,34.8334851092375,3.02903650393564,Septal,479.842713755028,109.64837727656,16.0477358792885,31.4964723415922
9,SP,1,36.2263322344988,21.8219526850709,7,-0.0754309030136388,-0.0662086795514968,-0.926940351134583,-31.9939364423139,First,7,1115.54329271287,122.072116311948,35.7327323185867,34.8334851092375,3.02903650393564,Anterior,646.713270206915,130.142666812052,19.8562226397391,26.3105886255627
9,SP,1,36.2263322344988,21.8219526850709,7,-0.0754309030136388,-0.0662086795514968,-0.926940351134583,-31.9939364423139,First,7,1115.54329271287,122.072116311948,35.7327323185867,34.8334851092375,3.02903650393564,Posterior,597.062820620882,122.127040644436,22.6891480592457,19.8633828041872
9,SP,1,36.2263322344988,21.8219526850709,8,-0.558593770118009,-0.325467552782063,-0.926940351134583,-31.9939364423139,First,7,1115.54329271287,122.072116311948,35.7327323185867,34.8334851092375,3.02903650393564,Septal,479.842713755028,109.64837727656,16.0477358792885,31.4964723415922
9,SP,1,36.2263322344988,21.8219526850709,8,-0.558593770118009,-0.325467552782063,-0.926940351134583,-31.9939364423139,First,7,1115.54329271287,122.072116311948,35.7327323185867,34.8334851092375,3.02903650393564,Anterior,646.713270206915,130.142666812052,19.8562226397391,26.3105886255627
9,SP,1,36.2263322344988,21.8219526850709,8,-0.558593770118009,-0.325467552782063,-0.926940351134583,-31.9939364423139,First,7,1115.54329271287,122.072116311948,35.7327323185867,34.8334851092375,3.02903650393564,Posterior,597.062820620882,122.127040644436,22.6891480592457,19.8633828041872
10,SP,1,33.2353088071989,42.2150109571379,1,-0.616865455299413,-0.169802818853261,-0.824417906949577,-13.8982307523716,Third,8,1377.91575423714,133.86488924504,41.44840841575,34.2425085122039,6.19384980206197,Septal,490.656392996084,110.026262694478,16.4801340058687,25.2745695510175
10,SP,1,33.2353088071989,42.2150109571379,1,-0.616865455299413,-0.169802818853261,-0.824417906949577,-13.8982307523716,Third,8,1377.91575423714,133.86488924504,41.44840841575,34.2425085122039,6.19384980206197,Anterior,656.795799121418,152.451251278528,18.673150289493,28.416811911346
10,SP,1,33.2353088071989,42.2150109571379,1,-0.616865455299413,-0.169802818853261,-0.824417906949577,-13.8982307523716,Third,8,1377.91575423714,133.86488924504,41.44840841575,34.2425085122039,6.19384980206197,Posterior,514.461054779979,115.276332368098,19.7839243922852,20.5065902841195
10,SP,1,33.2353088071989,42.2150109571379,2,-0.143222281034961,0.00202478029754477,-0.824417906949577,-13.8982307523716,Third,8,1377.91575423714,133.86488924504,41.44840841575,34.2425085122039,6.19384980206197,Septal,490.656392996084,110.026262694478,16.4801340058687,25.2745695510175
10,SP,1,33.2353088071989,42.2150109571379,2,-0.143222281034961,0.00202478029754477,-0.824417906949577,-13.8982307523716,Third,8,1377.91575423714,133.86488924504,41.44840841575,34.2425085122039,6.19384980206197,Anterior,656.795799121418,152.451251278528,18.673150289493,28.416811911346
10,SP,1,33.2353088071989,42.2150109571379,2,-0.143222281034961,0.00202478029754477,-0.824417906949577,-13.8982307523716,Third,8,1377.91575423714,133.86488924504,41.44840841575,34.2425085122039,6.19384980206197,Posterior,514.461054779979,115.276332368098,19.7839243922852,20.5065902841195
10,SP,1,33.2353088071989,42.2150109571379,3,0.0208431282602753,-0.00882661191532566,-0.824417906949577,-13.8982307523716,Third,8,1377.91575423714,133.86488924504,41.44840841575,34.2425085122039,6.19384980206197,Septal,490.656392996084,110.026262694478,16.4801340058687,25.2745695510175
10,SP,1,33.2353088071989,42.2150109571379,3,0.0208431282602753,-0.00882661191532566,-0.824417906949577,-13.8982307523716,Third,8,1377.91575423714,133.86488924504,41.44840841575,34.2425085122039,6.19384980206197,Anterior,656.795799121418,152.451251278528,18.673150289493,28.416811911346
10,SP,1,33.2353088071989,42.2150109571379,3,0.0208431282602753,-0.00882661191532566,-0.824417906949577,-13.8982307523716,Third,8,1377.91575423714,133.86488924504,41.44840841575,34.2425085122039,6.19384980206197,Posterior,514.461054779979,115.276332368098,19.7839243922852,20.5065902841195
10,SP,1,33.2353088071989,42.2150109571379,4,-0.0154846767601668,-0.035325744432972,-0.824417906949577,-13.8982307523716,Third,8,1377.91575423714,133.86488924504,41.44840841575,34.2425085122039,6.19384980206197,Septal,490.656392996084,110.026262694478,16.4801340058687,25.2745695510175
10,SP,1,33.2353088071989,42.2150109571379,4,-0.0154846767601668,-0.035325744432972,-0.824417906949577,-13.8982307523716,Third,8,1377.91575423714,133.86488924504,41.44840841575,34.2425085122039,6.19384980206197,Anterior,656.795799121418,152.451251278528,18.673150289493,28.416811911346
10,SP,1,33.2353088071989,42.2150109571379,4,-0.0154846767601668,-0.035325744432972,-0.824417906949577,-13.8982307523716,Third,8,1377.91575423714,133.86488924504,41.44840841575,34.2425085122039,6.19384980206197,Posterior,514.461054779979,115.276332368098,19.7839243922852,20.5065902841195
10,SP,1,33.2353088071989,42.2150109571379,5,-0.667677104120886,-0.163181760593142,-0.824417906949577,-13.8982307523716,Third,8,1377.91575423714,133.86488924504,41.44840841575,34.2425085122039,6.19384980206197,Septal,490.656392996084,110.026262694478,16.4801340058687,25.2745695510175
10,SP,1,33.2353088071989,42.2150109571379,5,-0.667677104120886,-0.163181760593142,-0.824417906949577,-13.8982307523716,Third,8,1377.91575423714,133.86488924504,41.44840841575,34.2425085122039,6.19384980206197,Anterior,656.795799121418,152.451251278528,18.673150289493,28.416811911346
10,SP,1,33.2353088071989,42.2150109571379,5,-0.667677104120886,-0.163181760593142,-0.824417906949577,-13.8982307523716,Third,8,1377.91575423714,133.86488924504,41.44840841575,34.2425085122039,6.19384980206197,Posterior,514.461054779979,115.276332368098,19.7839243922852,20.5065902841195
10,SP,1,33.2353088071989,42.2150109571379,6,-0.194225845444366,-0.00970907691665729,-0.824417906949577,-13.8982307523716,Third,8,1377.91575423714,133.86488924504,41.44840841575,34.2425085122039,6.19384980206197,Septal,490.656392996084,110.026262694478,16.4801340058687,25.2745695510175
10,SP,1,33.2353088071989,42.2150109571379,6,-0.194225845444366,-0.00970907691665729,-0.824417906949577,-13.8982307523716,Third,8,1377.91575423714,133.86488924504,41.44840841575,34.2425085122039,6.19384980206197,Anterior,656.795799121418,152.451251278528,18.673150289493,28.416811911346
10,SP,1,33.2353088071989,42.2150109571379,6,-0.194225845444366,-0.00970907691665729,-0.824417906949577,-13.8982307523716,Third,8,1377.91575423714,133.86488924504,41.44840841575,34.2425085122039,6.19384980206197,Posterior,514.461054779979,115.276332368098,19.7839243922852,20.5065902841195
10,SP,1,33.2353088071989,42.2150109571379,7,-0.127150341057063,0.0167721193145378,-0.824417906949577,-13.8982307523716,Third,8,1377.91575423714,133.86488924504,41.44840841575,34.2425085122039,6.19384980206197,Septal,490.656392996084,110.026262694478,16.4801340058687,25.2745695510175
10,SP,1,33.2353088071989,42.2150109571379,7,-0.127150341057063,0.0167721193145378,-0.824417906949577,-13.8982307523716,Third,8,1377.91575423714,133.86488924504,41.44840841575,34.2425085122039,6.19384980206197,Anterior,656.795799121418,152.451251278528,18.673150289493,28.416811911346
10,SP,1,33.2353088071989,42.2150109571379,7,-0.127150341057063,0.0167721193145378,-0.824417906949577,-13.8982307523716,Third,8,1377.91575423714,133.86488924504,41.44840841575,34.2425085122039,6.19384980206197,Posterior,514.461054779979,115.276332368098,19.7839243922852,20.5065902841195
10,SP,1,33.2353088071989,42.2150109571379,8,-0.630048454542619,-0.117937198413025,-0.824417906949577,-13.8982307523716,Third,8,1377.91575423714,133.86488924504,41.44840841575,34.2425085122039,6.19384980206197,Septal,490.656392996084,110.026262694478,16.4801340058687,25.2745695510175
10,SP,1,33.2353088071989,42.2150109571379,8,-0.630048454542619,-0.117937198413025,-0.824417906949577,-13.8982307523716,Third,8,1377.91575423714,133.86488924504,41.44840841575,34.2425085122039,6.19384980206197,Anterior,656.795799121418,152.451251278528,18.673150289493,28.416811911346
10,SP,1,33.2353088071989,42.2150109571379,8,-0.630048454542619,-0.117937198413025,-0.824417906949577,-13.8982307523716,Third,8,1377.91575423714,133.86488924504,41.44840841575,34.2425085122039,6.19384980206197,Posterior,514.461054779979,115.276332368098,19.7839243922852,20.5065902841195
11,SP,1,35.1334248096438,45.3693437422643,1,-0.0647728082767946,0.000252619930430159,0.571255921146644,-6.12320604593844,First,2,1423.1387438192,137.432645538887,37.6673800704173,44.506579625384,2.79555805384997,Septal,464.588167666957,111.948750184331,19.9873711296691,22.2119754893545
11,SP,1,35.1334248096438,45.3693437422643,1,-0.0647728082767946,0.000252619930430159,0.571255921146644,-6.12320604593844,First,2,1423.1387438192,137.432645538887,37.6673800704173,44.506579625384,2.79555805384997,Anterior,595.836748025921,125.979301641594,20.050171708137,25.2947078634318
11,SP,1,35.1334248096438,45.3693437422643,1,-0.0647728082767946,0.000252619930430159,0.571255921146644,-6.12320604593844,First,2,1423.1387438192,137.432645538887,37.6673800704173,44.506579625384,2.79555805384997,Posterior,515.093516691711,122.229058257574,21.3710507766213,13.410409661857
11,SP,1,35.1334248096438,45.3693437422643,2,-0.0431805741378116,0.0151773789805532,0.571255921146644,-6.12320604593844,First,2,1423.1387438192,137.432645538887,37.6673800704173,44.506579625384,2.79555805384997,Septal,464.588167666957,111.948750184331,19.9873711296691,22.2119754893545
11,SP,1,35.1334248096438,45.3693437422643,2,-0.0431805741378116,0.0151773789805532,0.571255921146644,-6.12320604593844,First,2,1423.1387438192,137.432645538887,37.6673800704173,44.506579625384,2.79555805384997,Anterior,595.836748025921,125.979301641594,20.050171708137,25.2947078634318
11,SP,1,35.1334248096438,45.3693437422643,2,-0.0431805741378116,0.0151773789805532,0.571255921146644,-6.12320604593844,First,2,1423.1387438192,137.432645538887,37.6673800704173,44.506579625384,2.79555805384997,Posterior,515.093516691711,122.229058257574,21.3710507766213,13.410409661857
11,SP,1,35.1334248096438,45.3693437422643,3,0.061684442055519,0.0242925004061265,0.571255921146644,-6.12320604593844,First,2,1423.1387438192,137.432645538887,37.6673800704173,44.506579625384,2.79555805384997,Septal,464.588167666957,111.948750184331,19.9873711296691,22.2119754893545
11,SP,1,35.1334248096438,45.3693437422643,3,0.061684442055519,0.0242925004061265,0.571255921146644,-6.12320604593844,First,2,1423.1387438192,137.432645538887,37.6673800704173,44.506579625384,2.79555805384997,Anterior,595.836748025921,125.979301641594,20.050171708137,25.2947078634318
11,SP,1,35.1334248096438,45.3693437422643,3,0.061684442055519,0.0242925004061265,0.571255921146644,-6.12320604593844,First,2,1423.1387438192,137.432645538887,37.6673800704173,44.506579625384,2.79555805384997,Posterior,515.093516691711,122.229058257574,21.3710507766213,13.410409661857
11,SP,1,35.1334248096438,45.3693437422643,4,-0.0830218157863825,0.0119695933701124,0.571255921146644,-6.12320604593844,First,2,1423.1387438192,137.432645538887,37.6673800704173,44.506579625384,2.79555805384997,Septal,464.588167666957,111.948750184331,19.9873711296691,22.2119754893545
11,SP,1,35.1334248096438,45.3693437422643,4,-0.0830218157863825,0.0119695933701124,0.571255921146644,-6.12320604593844,First,2,1423.1387438192,137.432645538887,37.6673800704173,44.506579625384,2.79555805384997,Anterior,595.836748025921,125.979301641594,20.050171708137,25.2947078634318
11,SP,1,35.1334248096438,45.3693437422643,4,-0.0830218157863825,0.0119695933701124,0.571255921146644,-6.12320604593844,First,2,1423.1387438192,137.432645538887,37.6673800704173,44.506579625384,2.79555805384997,Posterior,515.093516691711,122.229058257574,21.3710507766213,13.410409661857
11,SP,1,35.1334248096438,45.3693437422643,5,-0.548424669757602,-0.100015620246099,0.571255921146644,-6.12320604593844,First,2,1423.1387438192,137.432645538887,37.6673800704173,44.506579625384,2.79555805384997,Septal,464.588167666957,111.948750184331,19.9873711296691,22.2119754893545
11,SP,1,35.1334248096438,45.3693437422643,5,-0.548424669757602,-0.100015620246099,0.571255921146644,-6.12320604593844,First,2,1423.1387438192,137.432645538887,37.6673800704173,44.506579625384,2.79555805384997,Anterior,595.836748025921,125.979301641594,20.050171708137,25.2947078634318
11,SP,1,35.1334248096438,45.3693437422643,5,-0.548424669757602,-0.100015620246099,0.571255921146644,-6.12320604593844,First,2,1423.1387438192,137.432645538887,37.6673800704173,44.506579625384,2.79555805384997,Posterior,515.093516691711,122.229058257574,21.3710507766213,13.410409661857
11,SP,1,35.1334248096438,45.3693437422643,6,-0.066941418246767,-0.00927254515224744,0.571255921146644,-6.12320604593844,First,2,1423.1387438192,137.432645538887,37.6673800704173,44.506579625384,2.79555805384997,Septal,464.588167666957,111.948750184331,19.9873711296691,22.2119754893545
11,SP,1,35.1334248096438,45.3693437422643,6,-0.066941418246767,-0.00927254515224744,0.571255921146644,-6.12320604593844,First,2,1423.1387438192,137.432645538887,37.6673800704173,44.506579625384,2.79555805384997,Anterior,595.836748025921,125.979301641594,20.050171708137,25.2947078634318
11,SP,1,35.1334248096438,45.3693437422643,6,-0.066941418246767,-0.00927254515224744,0.571255921146644,-6.12320604593844,First,2,1423.1387438192,137.432645538887,37.6673800704173,44.506579625384,2.79555805384997,Posterior,515.093516691711,122.229058257574,21.3710507766213,13.410409661857
11,SP,1,35.1334248096438,45.3693437422643,7,0.0478544444701514,0.0192198188271101,0.571255921146644,-6.12320604593844,First,2,1423.1387438192,137.432645538887,37.6673800704173,44.506579625384,2.79555805384997,Septal,464.588167666957,111.948750184331,19.9873711296691,22.2119754893545
11,SP,1,35.1334248096438,45.3693437422643,7,0.0478544444701514,0.0192198188271101,0.571255921146644,-6.12320604593844,First,2,1423.1387438192,137.432645538887,37.6673800704173,44.506579625384,2.79555805384997,Anterior,595.836748025921,125.979301641594,20.050171708137,25.2947078634318
11,SP,1,35.1334248096438,45.3693437422643,7,0.0478544444701514,0.0192198188271101,0.571255921146644,-6.12320604593844,First,2,1423.1387438192,137.432645538887,37.6673800704173,44.506579625384,2.79555805384997,Posterior,515.093516691711,122.229058257574,21.3710507766213,13.410409661857
11,SP,1,35.1334248096438,45.3693437422643,8,-0.582558393414929,-0.006562022402537,0.571255921146644,-6.12320604593844,First,2,1423.1387438192,137.432645538887,37.6673800704173,44.506579625384,2.79555805384997,Septal,464.588167666957,111.948750184331,19.9873711296691,22.2119754893545
11,SP,1,35.1334248096438,45.3693437422643,8,-0.582558393414929,-0.006562022402537,0.571255921146644,-6.12320604593844,First,2,1423.1387438192,137.432645538887,37.6673800704173,44.506579625384,2.79555805384997,Anterior,595.836748025921,125.979301641594,20.050171708137,25.2947078634318
11,SP,1,35.1334248096438,45.3693437422643,8,-0.582558393414929,-0.006562022402537,0.571255921146644,-6.12320604593844,First,2,1423.1387438192,137.432645538887,37.6673800704173,44.506579625384,2.79555805384997,Posterior,515.093516691711,122.229058257574,21.3710507766213,13.410409661857
12,SP,1,36.2731261675145,13.2597664210287,1,-0.74728423359245,-0.132226517554225,-0.252106033718917,-41.8178961925057,Third,8,1422.05260756328,135.969528372448,39.8355661253051,45.6540031784042,0,Septal,382.766964698025,99.6140585619361,18.2265406217927,19.8576632846828
12,SP,1,36.2731261675145,13.2597664210287,1,-0.74728423359245,-0.132226517554225,-0.252106033718917,-41.8178961925057,Third,8,1422.05260756328,135.969528372448,39.8355661253051,45.6540031784042,0,Anterior,654.783636275052,136.883426453721,20.2045219074615,23.0377681385498
12,SP,1,36.2731261675145,13.2597664210287,1,-0.74728423359245,-0.132226517554225,-0.252106033718917,-41.8178961925057,Third,8,1422.05260756328,135.969528372448,39.8355661253051,45.6540031784042,0,Posterior,571.924230019731,133.94514114377,21.4077647364308,13.667400131237
12,SP,1,36.2731261675145,13.2597664210287,2,-0.613670235339708,0.136322378538004,-0.252106033718917,-41.8178961925057,Third,8,1422.05260756328,135.969528372448,39.8355661253051,45.6540031784042,0,Septal,382.766964698025,99.6140585619361,18.2265406217927,19.8576632846828
12,SP,1,36.2731261675145,13.2597664210287,2,-0.613670235339708,0.136322378538004,-0.252106033718917,-41.8178961925057,Third,8,1422.05260756328,135.969528372448,39.8355661253051,45.6540031784042,0,Anterior,654.783636275052,136.883426453721,20.2045219074615,23.0377681385498
12,SP,1,36.2731261675145,13.2597664210287,2,-0.613670235339708,0.136322378538004,-0.252106033718917,-41.8178961925057,Third,8,1422.05260756328,135.969528372448,39.8355661253051,45.6540031784042,0,Posterior,571.924230019731,133.94514114377,21.4077647364308,13.667400131237
12,SP,1,36.2731261675145,13.2597664210287,3,0.0020070172743567,0.0696804202956491,-0.252106033718917,-41.8178961925057,Third,8,1422.05260756328,135.969528372448,39.8355661253051,45.6540031784042,0,Septal,382.766964698025,99.6140585619361,18.2265406217927,19.8576632846828
12,SP,1,36.2731261675145,13.2597664210287,3,0.0020070172743567,0.0696804202956491,-0.252106033718917,-41.8178961925057,Third,8,1422.05260756328,135.969528372448,39.8355661253051,45.6540031784042,0,Anterior,654.783636275052,136.883426453721,20.2045219074615,23.0377681385498
12,SP,1,36.2731261675145,13.2597664210287,3,0.0020070172743567,0.0696804202956491,-0.252106033718917,-41.8178961925057,Third,8,1422.05260756328,135.969528372448,39.8355661253051,45.6540031784042,0,Posterior,571.924230019731,133.94514114377,21.4077647364308,13.667400131237
12,SP,1,36.2731261675145,13.2597664210287,4,-0.0724299646828871,0.00773384873851463,-0.252106033718917,-41.8178961925057,Third,8,1422.05260756328,135.969528372448,39.8355661253051,45.6540031784042,0,Septal,382.766964698025,99.6140585619361,18.2265406217927,19.8576632846828
12,SP,1,36.2731261675145,13.2597664210287,4,-0.0724299646828871,0.00773384873851463,-0.252106033718917,-41.8178961925057,Third,8,1422.05260756328,135.969528372448,39.8355661253051,45.6540031784042,0,Anterior,654.783636275052,136.883426453721,20.2045219074615,23.0377681385498
12,SP,1,36.2731261675145,13.2597664210287,4,-0.0724299646828871,0.00773384873851463,-0.252106033718917,-41.8178961925057,Third,8,1422.05260756328,135.969528372448,39.8355661253051,45.6540031784042,0,Posterior,571.924230019731,133.94514114377,21.4077647364308,13.667400131237
12,SP,1,36.2731261675145,13.2597664210287,5,-0.34750216256425,0.0104932758780726,-0.252106033718917,-41.8178961925057,Third,8,1422.05260756328,135.969528372448,39.8355661253051,45.6540031784042,0,Septal,382.766964698025,99.6140585619361,18.2265406217927,19.8576632846828
12,SP,1,36.2731261675145,13.2597664210287,5,-0.34750216256425,0.0104932758780726,-0.252106033718917,-41.8178961925057,Third,8,1422.05260756328,135.969528372448,39.8355661253051,45.6540031784042,0,Anterior,654.783636275052,136.883426453721,20.2045219074615,23.0377681385498
12,SP,1,36.2731261675145,13.2597664210287,5,-0.34750216256425,0.0104932758780726,-0.252106033718917,-41.8178961925057,Third,8,1422.05260756328,135.969528372448,39.8355661253051,45.6540031784042,0,Posterior,571.924230019731,133.94514114377,21.4077647364308,13.667400131237
12,SP,1,36.2731261675145,13.2597664210287,6,-0.287787287076116,-0.00966216146854998,-0.252106033718917,-41.8178961925057,Third,8,1422.05260756328,135.969528372448,39.8355661253051,45.6540031784042,0,Septal,382.766964698025,99.6140585619361,18.2265406217927,19.8576632846828
12,SP,1,36.2731261675145,13.2597664210287,6,-0.287787287076116,-0.00966216146854998,-0.252106033718917,-41.8178961925057,Third,8,1422.05260756328,135.969528372448,39.8355661253051,45.6540031784042,0,Anterior,654.783636275052,136.883426453721,20.2045219074615,23.0377681385498
12,SP,1,36.2731261675145,13.2597664210287,6,-0.287787287076116,-0.00966216146854998,-0.252106033718917,-41.8178961925057,Third,8,1422.05260756328,135.969528372448,39.8355661253051,45.6540031784042,0,Posterior,571.924230019731,133.94514114377,21.4077647364308,13.667400131237
12,SP,1,36.2731261675145,13.2597664210287,7,0.0358913800476779,0.0985272883605732,-0.252106033718917,-41.8178961925057,Third,8,1422.05260756328,135.969528372448,39.8355661253051,45.6540031784042,0,Septal,382.766964698025,99.6140585619361,18.2265406217927,19.8576632846828
12,SP,1,36.2731261675145,13.2597664210287,7,0.0358913800476779,0.0985272883605732,-0.252106033718917,-41.8178961925057,Third,8,1422.05260756328,135.969528372448,39.8355661253051,45.6540031784042,0,Anterior,654.783636275052,136.883426453721,20.2045219074615,23.0377681385498
12,SP,1,36.2731261675145,13.2597664210287,7,0.0358913800476779,0.0985272883605732,-0.252106033718917,-41.8178961925057,Third,8,1422.05260756328,135.969528372448,39.8355661253051,45.6540031784042,0,Posterior,571.924230019731,133.94514114377,21.4077647364308,13.667400131237
12,SP,1,36.2731261675145,13.2597664210287,8,-0.228805579844906,-0.000868644641440985,-0.252106033718917,-41.8178961925057,Third,8,1422.05260756328,135.969528372448,39.8355661253051,45.6540031784042,0,Septal,382.766964698025,99.6140585619361,18.2265406217927,19.8576632846828
12,SP,1,36.2731261675145,13.2597664210287,8,-0.228805579844906,-0.000868644641440985,-0.252106033718917,-41.8178961925057,Third,8,1422.05260756328,135.969528372448,39.8355661253051,45.6540031784042,0,Anterior,654.783636275052,136.883426453721,20.2045219074615,23.0377681385498
12,SP,1,36.2731261675145,13.2597664210287,8,-0.228805579844906,-0.000868644641440985,-0.252106033718917,-41.8178961925057,Third,8,1422.05260756328,135.969528372448,39.8355661253051,45.6540031784042,0,Posterior,571.924230019731,133.94514114377,21.4077647364308,13.667400131237
13,SP,1,36.8955604456295,34.8012103102629,1,-0.804647181141825,-0.351958542894039,-0.220587100162355,-15.5429432979969,Second,9,1070.77452817897,117.717482882132,38.3838999417586,35.1867161393015,0,Septal,353.636491189537,85.5437385612564,15.3661620983566,25.627687862842
13,SP,1,36.8955604456295,34.8012103102629,1,-0.804647181141825,-0.351958542894039,-0.220587100162355,-15.5429432979969,Second,9,1070.77452817897,117.717482882132,38.3838999417586,35.1867161393015,0,Anterior,708.093927448475,152.338010437934,20.0771946187816,22.3637289905136
13,SP,1,36.8955604456295,34.8012103102629,1,-0.804647181141825,-0.351958542894039,-0.220587100162355,-15.5429432979969,Second,9,1070.77452817897,117.717482882132,38.3838999417586,35.1867161393015,0,Posterior,479.691166341545,121.446470891647,17.0876010279957,16.0880440760509
13,SP,1,36.8955604456295,34.8012103102629,2,-0.288625412616014,0.269232537496954,-0.220587100162355,-15.5429432979969,Second,9,1070.77452817897,117.717482882132,38.3838999417586,35.1867161393015,0,Septal,353.636491189537,85.5437385612564,15.3661620983566,25.627687862842
13,SP,1,36.8955604456295,34.8012103102629,2,-0.288625412616014,0.269232537496954,-0.220587100162355,-15.5429432979969,Second,9,1070.77452817897,117.717482882132,38.3838999417586,35.1867161393015,0,Anterior,708.093927448475,152.338010437934,20.0771946187816,22.3637289905136
13,SP,1,36.8955604456295,34.8012103102629,2,-0.288625412616014,0.269232537496954,-0.220587100162355,-15.5429432979969,Second,9,1070.77452817897,117.717482882132,38.3838999417586,35.1867161393015,0,Posterior,479.691166341545,121.446470891647,17.0876010279957,16.0880440760509
13,SP,1,36.8955604456295,34.8012103102629,3,0.0106262571413123,0.0260085177090412,-0.220587100162355,-15.5429432979969,Second,9,1070.77452817897,117.717482882132,38.3838999417586,35.1867161393015,0,Septal,353.636491189537,85.5437385612564,15.3661620983566,25.627687862842
13,SP,1,36.8955604456295,34.8012103102629,3,0.0106262571413123,0.0260085177090412,-0.220587100162355,-15.5429432979969,Second,9,1070.77452817897,117.717482882132,38.3838999417586,35.1867161393015,0,Anterior,708.093927448475,152.338010437934,20.0771946187816,22.3637289905136
13,SP,1,36.8955604456295,34.8012103102629,3,0.0106262571413123,0.0260085177090412,-0.220587100162355,-15.5429432979969,Second,9,1070.77452817897,117.717482882132,38.3838999417586,35.1867161393015,0,Posterior,479.691166341545,121.446470891647,17.0876010279957,16.0880440760509
13,SP,1,36.8955604456295,34.8012103102629,4,-0.0313844372124396,0.00332781100342535,-0.220587100162355,-15.5429432979969,Second,9,1070.77452817897,117.717482882132,38.3838999417586,35.1867161393015,0,Septal,353.636491189537,85.5437385612564,15.3661620983566,25.627687862842
13,SP,1,36.8955604456295,34.8012103102629,4,-0.0313844372124396,0.00332781100342535,-0.220587100162355,-15.5429432979969,Second,9,1070.77452817897,117.717482882132,38.3838999417586,35.1867161393015,0,Anterior,708.093927448475,152.338010437934,20.0771946187816,22.3637289905136
13,SP,1,36.8955604456295,34.8012103102629,4,-0.0313844372124396,0.00332781100342535,-0.220587100162355,-15.5429432979969,Second,9,1070.77452817897,117.717482882132,38.3838999417586,35.1867161393015,0,Posterior,479.691166341545,121.446470891647,17.0876010279957,16.0880440760509
13,SP,1,36.8955604456295,34.8012103102629,5,-0.439980690410111,-0.217915994517987,-0.220587100162355,-15.5429432979969,Second,9,1070.77452817897,117.717482882132,38.3838999417586,35.1867161393015,0,Septal,353.636491189537,85.5437385612564,15.3661620983566,25.627687862842
13,SP,1,36.8955604456295,34.8012103102629,5,-0.439980690410111,-0.217915994517987,-0.220587100162355,-15.5429432979969,Second,9,1070.77452817897,117.717482882132,38.3838999417586,35.1867161393015,0,Anterior,708.093927448475,152.338010437934,20.0771946187816,22.3637289905136
13,SP,1,36.8955604456295,34.8012103102629,5,-0.439980690410111,-0.217915994517987,-0.220587100162355,-15.5429432979969,Second,9,1070.77452817897,117.717482882132,38.3838999417586,35.1867161393015,0,Posterior,479.691166341545,121.446470891647,17.0876010279957,16.0880440760509
13,SP,1,36.8955604456295,34.8012103102629,6,-0.356637372566267,-0.0885211780536221,-0.220587100162355,-15.5429432979969,Second,9,1070.77452817897,117.717482882132,38.3838999417586,35.1867161393015,0,Septal,353.636491189537,85.5437385612564,15.3661620983566,25.627687862842
13,SP,1,36.8955604456295,34.8012103102629,6,-0.356637372566267,-0.0885211780536221,-0.220587100162355,-15.5429432979969,Second,9,1070.77452817897,117.717482882132,38.3838999417586,35.1867161393015,0,Anterior,708.093927448475,152.338010437934,20.0771946187816,22.3637289905136
13,SP,1,36.8955604456295,34.8012103102629,6,-0.356637372566267,-0.0885211780536221,-0.220587100162355,-15.5429432979969,Second,9,1070.77452817897,117.717482882132,38.3838999417586,35.1867161393015,0,Posterior,479.691166341545,121.446470891647,17.0876010279957,16.0880440760509
13,SP,1,36.8955604456295,34.8012103102629,7,0.232988073825337,0.257084511633371,-0.220587100162355,-15.5429432979969,Second,9,1070.77452817897,117.717482882132,38.3838999417586,35.1867161393015,0,Septal,353.636491189537,85.5437385612564,15.3661620983566,25.627687862842
13,SP,1,36.8955604456295,34.8012103102629,7,0.232988073825337,0.257084511633371,-0.220587100162355,-15.5429432979969,Second,9,1070.77452817897,117.717482882132,38.3838999417586,35.1867161393015,0,Anterior,708.093927448475,152.338010437934,20.0771946187816,22.3637289905136
13,SP,1,36.8955604456295,34.8012103102629,7,0.232988073825337,0.257084511633371,-0.220587100162355,-15.5429432979969,Second,9,1070.77452817897,117.717482882132,38.3838999417586,35.1867161393015,0,Posterior,479.691166341545,121.446470891647,17.0876010279957,16.0880440760509
13,SP,1,36.8955604456295,34.8012103102629,8,-0.0367325368579667,-0.0738506837159428,-0.220587100162355,-15.5429432979969,Second,9,1070.77452817897,117.717482882132,38.3838999417586,35.1867161393015,0,Septal,353.636491189537,85.5437385612564,15.3661620983566,25.627687862842
13,SP,1,36.8955604456295,34.8012103102629,8,-0.0367325368579667,-0.0738506837159428,-0.220587100162355,-15.5429432979969,Second,9,1070.77452817897,117.717482882132,38.3838999417586,35.1867161393015,0,Anterior,708.093927448475,152.338010437934,20.0771946187816,22.3637289905136
13,SP,1,36.8955604456295,34.8012103102629,8,-0.0367325368579667,-0.0738506837159428,-0.220587100162355,-15.5429432979969,Second,9,1070.77452817897,117.717482882132,38.3838999417586,35.1867161393015,0,Posterior,479.691166341545,121.446470891647,17.0876010279957,16.0880440760509
9,ASAP,2,38.5315190379767,46.4725457828782,1,-0.353862723832177,-0.123257859564274,1.37824645234327,-7.34334334450663,Multiple,7,1285.50217078667,129.81090007934,36.9801761516178,35.5234503396039,0,Septal,479.842713755028,109.64837727656,16.0477358792885,31.4964723415922
9,ASAP,2,38.5315190379767,46.4725457828782,1,-0.353862723832177,-0.123257859564274,1.37824645234327,-7.34334334450663,Multiple,7,1285.50217078667,129.81090007934,36.9801761516178,35.5234503396039,0,Anterior,646.713270206915,130.142666812052,19.8562226397391,26.3105886255627
9,ASAP,2,38.5315190379767,46.4725457828782,1,-0.353862723832177,-0.123257859564274,1.37824645234327,-7.34334334450663,Multiple,7,1285.50217078667,129.81090007934,36.9801761516178,35.5234503396039,0,Posterior,597.062820620882,122.127040644436,22.6891480592457,19.8633828041872
9,ASAP,2,38.5315190379767,46.4725457828782,2,0.0227226637977538,-0.081390945067407,1.37824645234327,-7.34334334450663,Multiple,7,1285.50217078667,129.81090007934,36.9801761516178,35.5234503396039,0,Septal,479.842713755028,109.64837727656,16.0477358792885,31.4964723415922
9,ASAP,2,38.5315190379767,46.4725457828782,2,0.0227226637977538,-0.081390945067407,1.37824645234327,-7.34334334450663,Multiple,7,1285.50217078667,129.81090007934,36.9801761516178,35.5234503396039,0,Anterior,646.713270206915,130.142666812052,19.8562226397391,26.3105886255627
9,ASAP,2,38.5315190379767,46.4725457828782,2,0.0227226637977538,-0.081390945067407,1.37824645234327,-7.34334334450663,Multiple,7,1285.50217078667,129.81090007934,36.9801761516178,35.5234503396039,0,Posterior,597.062820620882,122.127040644436,22.6891480592457,19.8633828041872
9,ASAP,2,38.5315190379767,46.4725457828782,3,-0.0873989689754011,0.0146111457735782,1.37824645234327,-7.34334334450663,Multiple,7,1285.50217078667,129.81090007934,36.9801761516178,35.5234503396039,0,Septal,479.842713755028,109.64837727656,16.0477358792885,31.4964723415922
9,ASAP,2,38.5315190379767,46.4725457828782,3,-0.0873989689754011,0.0146111457735782,1.37824645234327,-7.34334334450663,Multiple,7,1285.50217078667,129.81090007934,36.9801761516178,35.5234503396039,0,Anterior,646.713270206915,130.142666812052,19.8562226397391,26.3105886255627
9,ASAP,2,38.5315190379767,46.4725457828782,3,-0.0873989689754011,0.0146111457735782,1.37824645234327,-7.34334334450663,Multiple,7,1285.50217078667,129.81090007934,36.9801761516178,35.5234503396039,0,Posterior,597.062820620882,122.127040644436,22.6891480592457,19.8633828041872
9,ASAP,2,38.5315190379767,46.4725457828782,4,-0.148402063531175,0.1422861569606,1.37824645234327,-7.34334334450663,Multiple,7,1285.50217078667,129.81090007934,36.9801761516178,35.5234503396039,0,Septal,479.842713755028,109.64837727656,16.0477358792885,31.4964723415922
9,ASAP,2,38.5315190379767,46.4725457828782,4,-0.148402063531175,0.1422861569606,1.37824645234327,-7.34334334450663,Multiple,7,1285.50217078667,129.81090007934,36.9801761516178,35.5234503396039,0,Anterior,646.713270206915,130.142666812052,19.8562226397391,26.3105886255627
9,ASAP,2,38.5315190379767,46.4725457828782,4,-0.148402063531175,0.1422861569606,1.37824645234327,-7.34334334450663,Multiple,7,1285.50217078667,129.81090007934,36.9801761516178,35.5234503396039,0,Posterior,597.062820620882,122.127040644436,22.6891480592457,19.8633828041872
9,ASAP,2,38.5315190379767,46.4725457828782,5,-0.800913311336862,-0.381605568844231,1.37824645234327,-7.34334334450663,Multiple,7,1285.50217078667,129.81090007934,36.9801761516178,35.5234503396039,0,Septal,479.842713755028,109.64837727656,16.0477358792885,31.4964723415922
9,ASAP,2,38.5315190379767,46.4725457828782,5,-0.800913311336862,-0.381605568844231,1.37824645234327,-7.34334334450663,Multiple,7,1285.50217078667,129.81090007934,36.9801761516178,35.5234503396039,0,Anterior,646.713270206915,130.142666812052,19.8562226397391,26.3105886255627
9,ASAP,2,38.5315190379767,46.4725457828782,5,-0.800913311336862,-0.381605568844231,1.37824645234327,-7.34334334450663,Multiple,7,1285.50217078667,129.81090007934,36.9801761516178,35.5234503396039,0,Posterior,597.062820620882,122.127040644436,22.6891480592457,19.8633828041872
9,ASAP,2,38.5315190379767,46.4725457828782,6,-0.138924390428209,0.0229877683780365,1.37824645234327,-7.34334334450663,Multiple,7,1285.50217078667,129.81090007934,36.9801761516178,35.5234503396039,0,Septal,479.842713755028,109.64837727656,16.0477358792885,31.4964723415922
9,ASAP,2,38.5315190379767,46.4725457828782,6,-0.138924390428209,0.0229877683780365,1.37824645234327,-7.34334334450663,Multiple,7,1285.50217078667,129.81090007934,36.9801761516178,35.5234503396039,0,Anterior,646.713270206915,130.142666812052,19.8562226397391,26.3105886255627
9,ASAP,2,38.5315190379767,46.4725457828782,6,-0.138924390428209,0.0229877683780365,1.37824645234327,-7.34334334450663,Multiple,7,1285.50217078667,129.81090007934,36.9801761516178,35.5234503396039,0,Posterior,597.062820620882,122.127040644436,22.6891480592457,19.8633828041872
9,ASAP,2,38.5315190379767,46.4725457828782,7,-0.0563529555064626,-0.0471307320443206,1.37824645234327,-7.34334334450663,Multiple,7,1285.50217078667,129.81090007934,36.9801761516178,35.5234503396039,0,Septal,479.842713755028,109.64837727656,16.0477358792885,31.4964723415922
9,ASAP,2,38.5315190379767,46.4725457828782,7,-0.0563529555064626,-0.0471307320443206,1.37824645234327,-7.34334334450663,Multiple,7,1285.50217078667,129.81090007934,36.9801761516178,35.5234503396039,0,Anterior,646.713270206915,130.142666812052,19.8562226397391,26.3105886255627
9,ASAP,2,38.5315190379767,46.4725457828782,7,-0.0563529555064626,-0.0471307320443206,1.37824645234327,-7.34334334450663,Multiple,7,1285.50217078667,129.81090007934,36.9801761516178,35.5234503396039,0,Posterior,597.062820620882,122.127040644436,22.6891480592457,19.8633828041872
9,ASAP,2,38.5315190379767,46.4725457828782,8,-0.0986731388652837,0.134453078470663,1.37824645234327,-7.34334334450663,Multiple,7,1285.50217078667,129.81090007934,36.9801761516178,35.5234503396039,0,Septal,479.842713755028,109.64837727656,16.0477358792885,31.4964723415922
9,ASAP,2,38.5315190379767,46.4725457828782,8,-0.0986731388652837,0.134453078470663,1.37824645234327,-7.34334334450663,Multiple,7,1285.50217078667,129.81090007934,36.9801761516178,35.5234503396039,0,Anterior,646.713270206915,130.142666812052,19.8562226397391,26.3105886255627
9,ASAP,2,38.5315190379767,46.4725457828782,8,-0.0986731388652837,0.134453078470663,1.37824645234327,-7.34334334450663,Multiple,7,1285.50217078667,129.81090007934,36.9801761516178,35.5234503396039,0,Posterior,597.062820620882,122.127040644436,22.6891480592457,19.8633828041872
10,ASAP,2,31.8431702093817,54.3180146056478,1,-0.10254970168052,0.344512934765632,-2.21655650476675,-1.79522710386171,Multiple,8,1490.09917401083,139.262649149503,41.0015839202785,36.3403392143566,21.7347528885218,Septal,490.656392996084,110.026262694478,16.4801340058687,25.2745695510175
10,ASAP,2,31.8431702093817,54.3180146056478,1,-0.10254970168052,0.344512934765632,-2.21655650476675,-1.79522710386171,Multiple,8,1490.09917401083,139.262649149503,41.0015839202785,36.3403392143566,21.7347528885218,Anterior,656.795799121418,152.451251278528,18.673150289493,28.416811911346
10,ASAP,2,31.8431702093817,54.3180146056478,1,-0.10254970168052,0.344512934765632,-2.21655650476675,-1.79522710386171,Multiple,8,1490.09917401083,139.262649149503,41.0015839202785,36.3403392143566,21.7347528885218,Posterior,514.461054779979,115.276332368098,19.7839243922852,20.5065902841195
10,ASAP,2,31.8431702093817,54.3180146056478,2,-0.0787766776382606,0.0664703836942451,-2.21655650476675,-1.79522710386171,Multiple,8,1490.09917401083,139.262649149503,41.0015839202785,36.3403392143566,21.7347528885218,Septal,490.656392996084,110.026262694478,16.4801340058687,25.2745695510175
10,ASAP,2,31.8431702093817,54.3180146056478,2,-0.0787766776382606,0.0664703836942451,-2.21655650476675,-1.79522710386171,Multiple,8,1490.09917401083,139.262649149503,41.0015839202785,36.3403392143566,21.7347528885218,Anterior,656.795799121418,152.451251278528,18.673150289493,28.416811911346
10,ASAP,2,31.8431702093817,54.3180146056478,2,-0.0787766776382606,0.0664703836942451,-2.21655650476675,-1.79522710386171,Multiple,8,1490.09917401083,139.262649149503,41.0015839202785,36.3403392143566,21.7347528885218,Posterior,514.461054779979,115.276332368098,19.7839243922852,20.5065902841195
10,ASAP,2,31.8431702093817,54.3180146056478,3,-0.0195523542704744,-0.0492220944460754,-2.21655650476675,-1.79522710386171,Multiple,8,1490.09917401083,139.262649149503,41.0015839202785,36.3403392143566,21.7347528885218,Septal,490.656392996084,110.026262694478,16.4801340058687,25.2745695510175
10,ASAP,2,31.8431702093817,54.3180146056478,3,-0.0195523542704744,-0.0492220944460754,-2.21655650476675,-1.79522710386171,Multiple,8,1490.09917401083,139.262649149503,41.0015839202785,36.3403392143566,21.7347528885218,Anterior,656.795799121418,152.451251278528,18.673150289493,28.416811911346
10,ASAP,2,31.8431702093817,54.3180146056478,3,-0.0195523542704744,-0.0492220944460754,-2.21655650476675,-1.79522710386171,Multiple,8,1490.09917401083,139.262649149503,41.0015839202785,36.3403392143566,21.7347528885218,Posterior,514.461054779979,115.276332368098,19.7839243922852,20.5065902841195
10,ASAP,2,31.8431702093817,54.3180146056478,4,-0.00441263294809173,-0.0242537006208969,-2.21655650476675,-1.79522710386171,Multiple,8,1490.09917401083,139.262649149503,41.0015839202785,36.3403392143566,21.7347528885218,Septal,490.656392996084,110.026262694478,16.4801340058687,25.2745695510175
10,ASAP,2,31.8431702093817,54.3180146056478,4,-0.00441263294809173,-0.0242537006208969,-2.21655650476675,-1.79522710386171,Multiple,8,1490.09917401083,139.262649149503,41.0015839202785,36.3403392143566,21.7347528885218,Anterior,656.795799121418,152.451251278528,18.673150289493,28.416811911346
10,ASAP,2,31.8431702093817,54.3180146056478,4,-0.00441263294809173,-0.0242537006208969,-2.21655650476675,-1.79522710386171,Multiple,8,1490.09917401083,139.262649149503,41.0015839202785,36.3403392143566,21.7347528885218,Posterior,514.461054779979,115.276332368098,19.7839243922852,20.5065902841195
10,ASAP,2,31.8431702093817,54.3180146056478,5,-0.144491773500502,0.360003570027242,-2.21655650476675,-1.79522710386171,Multiple,8,1490.09917401083,139.262649149503,41.0015839202785,36.3403392143566,21.7347528885218,Septal,490.656392996084,110.026262694478,16.4801340058687,25.2745695510175
10,ASAP,2,31.8431702093817,54.3180146056478,5,-0.144491773500502,0.360003570027242,-2.21655650476675,-1.79522710386171,Multiple,8,1490.09917401083,139.262649149503,41.0015839202785,36.3403392143566,21.7347528885218,Anterior,656.795799121418,152.451251278528,18.673150289493,28.416811911346
10,ASAP,2,31.8431702093817,54.3180146056478,5,-0.144491773500502,0.360003570027242,-2.21655650476675,-1.79522710386171,Multiple,8,1490.09917401083,139.262649149503,41.0015839202785,36.3403392143566,21.7347528885218,Posterior,514.461054779979,115.276332368098,19.7839243922852,20.5065902841195
10,ASAP,2,31.8431702093817,54.3180146056478,6,-0.00211481152669473,0.182401957001014,-2.21655650476675,-1.79522710386171,Multiple,8,1490.09917401083,139.262649149503,41.0015839202785,36.3403392143566,21.7347528885218,Septal,490.656392996084,110.026262694478,16.4801340058687,25.2745695510175
10,ASAP,2,31.8431702093817,54.3180146056478,6,-0.00211481152669473,0.182401957001014,-2.21655650476675,-1.79522710386171,Multiple,8,1490.09917401083,139.262649149503,41.0015839202785,36.3403392143566,21.7347528885218,Anterior,656.795799121418,152.451251278528,18.673150289493,28.416811911346
10,ASAP,2,31.8431702093817,54.3180146056478,6,-0.00211481152669473,0.182401957001014,-2.21655650476675,-1.79522710386171,Multiple,8,1490.09917401083,139.262649149503,41.0015839202785,36.3403392143566,21.7347528885218,Posterior,514.461054779979,115.276332368098,19.7839243922852,20.5065902841195
10,ASAP,2,31.8431702093817,54.3180146056478,7,-0.0245925501892016,0.119329910182399,-2.21655650476675,-1.79522710386171,Multiple,8,1490.09917401083,139.262649149503,41.0015839202785,36.3403392143566,21.7347528885218,Septal,490.656392996084,110.026262694478,16.4801340058687,25.2745695510175
10,ASAP,2,31.8431702093817,54.3180146056478,7,-0.0245925501892016,0.119329910182399,-2.21655650476675,-1.79522710386171,Multiple,8,1490.09917401083,139.262649149503,41.0015839202785,36.3403392143566,21.7347528885218,Anterior,656.795799121418,152.451251278528,18.673150289493,28.416811911346
10,ASAP,2,31.8431702093817,54.3180146056478,7,-0.0245925501892016,0.119329910182399,-2.21655650476675,-1.79522710386171,Multiple,8,1490.09917401083,139.262649149503,41.0015839202785,36.3403392143566,21.7347528885218,Posterior,514.461054779979,115.276332368098,19.7839243922852,20.5065902841195
10,ASAP,2,31.8431702093817,54.3180146056478,8,-0.200124915804715,0.311986340324879,-2.21655650476675,-1.79522710386171,Multiple,8,1490.09917401083,139.262649149503,41.0015839202785,36.3403392143566,21.7347528885218,Septal,490.656392996084,110.026262694478,16.4801340058687,25.2745695510175
10,ASAP,2,31.8431702093817,54.3180146056478,8,-0.200124915804715,0.311986340324879,-2.21655650476675,-1.79522710386171,Multiple,8,1490.09917401083,139.262649149503,41.0015839202785,36.3403392143566,21.7347528885218,Anterior,656.795799121418,152.451251278528,18.673150289493,28.416811911346
10,ASAP,2,31.8431702093817,54.3180146056478,8,-0.200124915804715,0.311986340324879,-2.21655650476675,-1.79522710386171,Multiple,8,1490.09917401083,139.262649149503,41.0015839202785,36.3403392143566,21.7347528885218,Posterior,514.461054779979,115.276332368098,19.7839243922852,20.5065902841195
12,ASAP,2,35.3886278550234,27.6339594680287,1,-0.527461700177897,0.0875960158603282,-1.13660434621004,-27.4437031455057,Multiple,8,1515.85500238051,141.376138385935,40.9248813924792,46.5516968960764,1.03894551643408,Septal,382.766964698025,99.6140585619361,18.2265406217927,19.8576632846828
12,ASAP,2,35.3886278550234,27.6339594680287,1,-0.527461700177897,0.0875960158603282,-1.13660434621004,-27.4437031455057,Multiple,8,1515.85500238051,141.376138385935,40.9248813924792,46.5516968960764,1.03894551643408,Anterior,654.783636275052,136.883426453721,20.2045219074615,23.0377681385498
12,ASAP,2,35.3886278550234,27.6339594680287,1,-0.527461700177897,0.0875960158603282,-1.13660434621004,-27.4437031455057,Multiple,8,1515.85500238051,141.376138385935,40.9248813924792,46.5516968960764,1.03894551643408,Posterior,571.924230019731,133.94514114377,21.4077647364308,13.667400131237
12,ASAP,2,35.3886278550234,27.6339594680287,2,-0.840188345637255,-0.0901957317595423,-1.13660434621004,-27.4437031455057,Multiple,8,1515.85500238051,141.376138385935,40.9248813924792,46.5516968960764,1.03894551643408,Septal,382.766964698025,99.6140585619361,18.2265406217927,19.8576632846828
12,ASAP,2,35.3886278550234,27.6339594680287,2,-0.840188345637255,-0.0901957317595423,-1.13660434621004,-27.4437031455057,Multiple,8,1515.85500238051,141.376138385935,40.9248813924792,46.5516968960764,1.03894551643408,Anterior,654.783636275052,136.883426453721,20.2045219074615,23.0377681385498
12,ASAP,2,35.3886278550234,27.6339594680287,2,-0.840188345637255,-0.0901957317595423,-1.13660434621004,-27.4437031455057,Multiple,8,1515.85500238051,141.376138385935,40.9248813924792,46.5516968960764,1.03894551643408,Posterior,571.924230019731,133.94514114377,21.4077647364308,13.667400131237
12,ASAP,2,35.3886278550234,27.6339594680287,3,-0.226080513551403,-0.158407110530111,-1.13660434621004,-27.4437031455057,Multiple,8,1515.85500238051,141.376138385935,40.9248813924792,46.5516968960764,1.03894551643408,Septal,382.766964698025,99.6140585619361,18.2265406217927,19.8576632846828
12,ASAP,2,35.3886278550234,27.6339594680287,3,-0.226080513551403,-0.158407110530111,-1.13660434621004,-27.4437031455057,Multiple,8,1515.85500238051,141.376138385935,40.9248813924792,46.5516968960764,1.03894551643408,Anterior,654.783636275052,136.883426453721,20.2045219074615,23.0377681385498
12,ASAP,2,35.3886278550234,27.6339594680287,3,-0.226080513551403,-0.158407110530111,-1.13660434621004,-27.4437031455057,Multiple,8,1515.85500238051,141.376138385935,40.9248813924792,46.5516968960764,1.03894551643408,Posterior,571.924230019731,133.94514114377,21.4077647364308,13.667400131237
12,ASAP,2,35.3886278550234,27.6339594680287,4,-0.0486176404781724,0.0315461729432293,-1.13660434621004,-27.4437031455057,Multiple,8,1515.85500238051,141.376138385935,40.9248813924792,46.5516968960764,1.03894551643408,Septal,382.766964698025,99.6140585619361,18.2265406217927,19.8576632846828
12,ASAP,2,35.3886278550234,27.6339594680287,4,-0.0486176404781724,0.0315461729432293,-1.13660434621004,-27.4437031455057,Multiple,8,1515.85500238051,141.376138385935,40.9248813924792,46.5516968960764,1.03894551643408,Anterior,654.783636275052,136.883426453721,20.2045219074615,23.0377681385498
12,ASAP,2,35.3886278550234,27.6339594680287,4,-0.0486176404781724,0.0315461729432293,-1.13660434621004,-27.4437031455057,Multiple,8,1515.85500238051,141.376138385935,40.9248813924792,46.5516968960764,1.03894551643408,Posterior,571.924230019731,133.94514114377,21.4077647364308,13.667400131237
12,ASAP,2,35.3886278550234,27.6339594680287,5,-0.233246151804271,0.124749286638052,-1.13660434621004,-27.4437031455057,Multiple,8,1515.85500238051,141.376138385935,40.9248813924792,46.5516968960764,1.03894551643408,Septal,382.766964698025,99.6140585619361,18.2265406217927,19.8576632846828
12,ASAP,2,35.3886278550234,27.6339594680287,5,-0.233246151804271,0.124749286638052,-1.13660434621004,-27.4437031455057,Multiple,8,1515.85500238051,141.376138385935,40.9248813924792,46.5516968960764,1.03894551643408,Anterior,654.783636275052,136.883426453721,20.2045219074615,23.0377681385498
12,ASAP,2,35.3886278550234,27.6339594680287,5,-0.233246151804271,0.124749286638052,-1.13660434621004,-27.4437031455057,Multiple,8,1515.85500238051,141.376138385935,40.9248813924792,46.5516968960764,1.03894551643408,Posterior,571.924230019731,133.94514114377,21.4077647364308,13.667400131237
12,ASAP,2,35.3886278550234,27.6339594680287,6,-0.298088930374487,-0.0199638047669205,-1.13660434621004,-27.4437031455057,Multiple,8,1515.85500238051,141.376138385935,40.9248813924792,46.5516968960764,1.03894551643408,Septal,382.766964698025,99.6140585619361,18.2265406217927,19.8576632846828
12,ASAP,2,35.3886278550234,27.6339594680287,6,-0.298088930374487,-0.0199638047669205,-1.13660434621004,-27.4437031455057,Multiple,8,1515.85500238051,141.376138385935,40.9248813924792,46.5516968960764,1.03894551643408,Anterior,654.783636275052,136.883426453721,20.2045219074615,23.0377681385498
12,ASAP,2,35.3886278550234,27.6339594680287,6,-0.298088930374487,-0.0199638047669205,-1.13660434621004,-27.4437031455057,Multiple,8,1515.85500238051,141.376138385935,40.9248813924792,46.5516968960764,1.03894551643408,Posterior,571.924230019731,133.94514114377,21.4077647364308,13.667400131237
12,ASAP,2,35.3886278550234,27.6339594680287,7,-0.0770493514259006,-0.0144134431130052,-1.13660434621004,-27.4437031455057,Multiple,8,1515.85500238051,141.376138385935,40.9248813924792,46.5516968960764,1.03894551643408,Septal,382.766964698025,99.6140585619361,18.2265406217927,19.8576632846828
12,ASAP,2,35.3886278550234,27.6339594680287,7,-0.0770493514259006,-0.0144134431130052,-1.13660434621004,-27.4437031455057,Multiple,8,1515.85500238051,141.376138385935,40.9248813924792,46.5516968960764,1.03894551643408,Anterior,654.783636275052,136.883426453721,20.2045219074615,23.0377681385498
12,ASAP,2,35.3886278550234,27.6339594680287,7,-0.0770493514259006,-0.0144134431130052,-1.13660434621004,-27.4437031455057,Multiple,8,1515.85500238051,141.376138385935,40.9248813924792,46.5516968960764,1.03894551643408,Posterior,571.924230019731,133.94514114377,21.4077647364308,13.667400131237
12,ASAP,2,35.3886278550234,27.6339594680287,8,-0.262553151184842,-0.0346162159813767,-1.13660434621004,-27.4437031455057,Multiple,8,1515.85500238051,141.376138385935,40.9248813924792,46.5516968960764,1.03894551643408,Septal,382.766964698025,99.6140585619361,18.2265406217927,19.8576632846828
12,ASAP,2,35.3886278550234,27.6339594680287,8,-0.262553151184842,-0.0346162159813767,-1.13660434621004,-27.4437031455057,Multiple,8,1515.85500238051,141.376138385935,40.9248813924792,46.5516968960764,1.03894551643408,Anterior,654.783636275052,136.883426453721,20.2045219074615,23.0377681385498
12,ASAP,2,35.3886278550234,27.6339594680287,8,-0.262553151184842,-0.0346162159813767,-1.13660434621004,-27.4437031455057,Multiple,8,1515.85500238051,141.376138385935,40.9248813924792,46.5516968960764,1.03894551643408,Posterior,571.924230019731,133.94514114377,21.4077647364308,13.667400131237
11,SPAS,2,34.3869744852706,43.8103800229027,1,-0.0534631124833754,0.0115623157238494,-0.175194403226612,-7.68216976530004,Multiple,2,1183.87797595005,124.848122153267,33.92472082893,41.6065760038554,2.59081806529725,Septal,464.588167666957,111.948750184331,19.9873711296691,22.2119754893545
11,SPAS,2,34.3869744852706,43.8103800229027,1,-0.0534631124833754,0.0115623157238494,-0.175194403226612,-7.68216976530004,Multiple,2,1183.87797595005,124.848122153267,33.92472082893,41.6065760038554,2.59081806529725,Anterior,595.836748025921,125.979301641594,20.050171708137,25.2947078634318
11,SPAS,2,34.3869744852706,43.8103800229027,1,-0.0534631124833754,0.0115623157238494,-0.175194403226612,-7.68216976530004,Multiple,2,1183.87797595005,124.848122153267,33.92472082893,41.6065760038554,2.59081806529725,Posterior,515.093516691711,122.229058257574,21.3710507766213,13.410409661857
11,SPAS,2,34.3869744852706,43.8103800229027,2,-0.235868661934639,-0.177510708816274,-0.175194403226612,-7.68216976530004,Multiple,2,1183.87797595005,124.848122153267,33.92472082893,41.6065760038554,2.59081806529725,Septal,464.588167666957,111.948750184331,19.9873711296691,22.2119754893545
11,SPAS,2,34.3869744852706,43.8103800229027,2,-0.235868661934639,-0.177510708816274,-0.175194403226612,-7.68216976530004,Multiple,2,1183.87797595005,124.848122153267,33.92472082893,41.6065760038554,2.59081806529725,Anterior,595.836748025921,125.979301641594,20.050171708137,25.2947078634318
11,SPAS,2,34.3869744852706,43.8103800229027,2,-0.235868661934639,-0.177510708816274,-0.175194403226612,-7.68216976530004,Multiple,2,1183.87797595005,124.848122153267,33.92472082893,41.6065760038554,2.59081806529725,Posterior,515.093516691711,122.229058257574,21.3710507766213,13.410409661857
11,SPAS,2,34.3869744852706,43.8103800229027,3,0.0352450792628109,-0.00214686238658161,-0.175194403226612,-7.68216976530004,Multiple,2,1183.87797595005,124.848122153267,33.92472082893,41.6065760038554,2.59081806529725,Septal,464.588167666957,111.948750184331,19.9873711296691,22.2119754893545
11,SPAS,2,34.3869744852706,43.8103800229027,3,0.0352450792628109,-0.00214686238658161,-0.175194403226612,-7.68216976530004,Multiple,2,1183.87797595005,124.848122153267,33.92472082893,41.6065760038554,2.59081806529725,Anterior,595.836748025921,125.979301641594,20.050171708137,25.2947078634318
11,SPAS,2,34.3869744852706,43.8103800229027,3,0.0352450792628109,-0.00214686238658161,-0.175194403226612,-7.68216976530004,Multiple,2,1183.87797595005,124.848122153267,33.92472082893,41.6065760038554,2.59081806529725,Posterior,515.093516691711,122.229058257574,21.3710507766213,13.410409661857
11,SPAS,2,34.3869744852706,43.8103800229027,4,-0.0464916920350305,0.0484997171214644,-0.175194403226612,-7.68216976530004,Multiple,2,1183.87797595005,124.848122153267,33.92472082893,41.6065760038554,2.59081806529725,Septal,464.588167666957,111.948750184331,19.9873711296691,22.2119754893545
11,SPAS,2,34.3869744852706,43.8103800229027,4,-0.0464916920350305,0.0484997171214644,-0.175194403226612,-7.68216976530004,Multiple,2,1183.87797595005,124.848122153267,33.92472082893,41.6065760038554,2.59081806529725,Anterior,595.836748025921,125.979301641594,20.050171708137,25.2947078634318
11,SPAS,2,34.3869744852706,43.8103800229027,4,-0.0464916920350305,0.0484997171214644,-0.175194403226612,-7.68216976530004,Multiple,2,1183.87797595005,124.848122153267,33.92472082893,41.6065760038554,2.59081806529725,Posterior,515.093516691711,122.229058257574,21.3710507766213,13.410409661857
11,SPAS,2,34.3869744852706,43.8103800229027,5,-0.437303499588873,0.0111055499226309,-0.175194403226612,-7.68216976530004,Multiple,2,1183.87797595005,124.848122153267,33.92472082893,41.6065760038554,2.59081806529725,Septal,464.588167666957,111.948750184331,19.9873711296691,22.2119754893545
11,SPAS,2,34.3869744852706,43.8103800229027,5,-0.437303499588873,0.0111055499226309,-0.175194403226612,-7.68216976530004,Multiple,2,1183.87797595005,124.848122153267,33.92472082893,41.6065760038554,2.59081806529725,Anterior,595.836748025921,125.979301641594,20.050171708137,25.2947078634318
11,SPAS,2,34.3869744852706,43.8103800229027,5,-0.437303499588873,0.0111055499226309,-0.175194403226612,-7.68216976530004,Multiple,2,1183.87797595005,124.848122153267,33.92472082893,41.6065760038554,2.59081806529725,Posterior,515.093516691711,122.229058257574,21.3710507766213,13.410409661857
11,SPAS,2,34.3869744852706,43.8103800229027,6,-0.161343437657566,-0.103674564563047,-0.175194403226612,-7.68216976530004,Multiple,2,1183.87797595005,124.848122153267,33.92472082893,41.6065760038554,2.59081806529725,Septal,464.588167666957,111.948750184331,19.9873711296691,22.2119754893545
11,SPAS,2,34.3869744852706,43.8103800229027,6,-0.161343437657566,-0.103674564563047,-0.175194403226612,-7.68216976530004,Multiple,2,1183.87797595005,124.848122153267,33.92472082893,41.6065760038554,2.59081806529725,Anterior,595.836748025921,125.979301641594,20.050171708137,25.2947078634318
11,SPAS,2,34.3869744852706,43.8103800229027,6,-0.161343437657566,-0.103674564563047,-0.175194403226612,-7.68216976530004,Multiple,2,1183.87797595005,124.848122153267,33.92472082893,41.6065760038554,2.59081806529725,Posterior,515.093516691711,122.229058257574,21.3710507766213,13.410409661857
11,SPAS,2,34.3869744852706,43.8103800229027,7,-0.127564210885012,-0.156198836528053,-0.175194403226612,-7.68216976530004,Multiple,2,1183.87797595005,124.848122153267,33.92472082893,41.6065760038554,2.59081806529725,Septal,464.588167666957,111.948750184331,19.9873711296691,22.2119754893545
11,SPAS,2,34.3869744852706,43.8103800229027,7,-0.127564210885012,-0.156198836528053,-0.175194403226612,-7.68216976530004,Multiple,2,1183.87797595005,124.848122153267,33.92472082893,41.6065760038554,2.59081806529725,Anterior,595.836748025921,125.979301641594,20.050171708137,25.2947078634318
11,SPAS,2,34.3869744852706,43.8103800229027,7,-0.127564210885012,-0.156198836528053,-0.175194403226612,-7.68216976530004,Multiple,2,1183.87797595005,124.848122153267,33.92472082893,41.6065760038554,2.59081806529725,Posterior,515.093516691711,122.229058257574,21.3710507766213,13.410409661857
11,SPAS,2,34.3869744852706,43.8103800229027,8,-0.532954924558229,0.0430414464541626,-0.175194403226612,-7.68216976530004,Multiple,2,1183.87797595005,124.848122153267,33.92472082893,41.6065760038554,2.59081806529725,Septal,464.588167666957,111.948750184331,19.9873711296691,22.2119754893545
11,SPAS,2,34.3869744852706,43.8103800229027,8,-0.532954924558229,0.0430414464541626,-0.175194403226612,-7.68216976530004,Multiple,2,1183.87797595005,124.848122153267,33.92472082893,41.6065760038554,2.59081806529725,Anterior,595.836748025921,125.979301641594,20.050171708137,25.2947078634318
11,SPAS,2,34.3869744852706,43.8103800229027,8,-0.532954924558229,0.0430414464541626,-0.175194403226612,-7.68216976530004,Multiple,2,1183.87797595005,124.848122153267,33.92472082893,41.6065760038554,2.59081806529725,Posterior,515.093516691711,122.229058257574,21.3710507766213,13.410409661857
13,SPAS,2,36.9293471180175,15.4677626226576,1,-0.576806937679849,-0.124118299432064,-0.186800427774436,-34.8763909856022,Multiple,9,1086.17973558612,118.33586650457,38.3441620842146,35.809934905976,0,Septal,353.636491189537,85.5437385612564,15.3661620983566,25.627687862842
13,SPAS,2,36.9293471180175,15.4677626226576,1,-0.576806937679849,-0.124118299432064,-0.186800427774436,-34.8763909856022,Multiple,9,1086.17973558612,118.33586650457,38.3441620842146,35.809934905976,0,Anterior,708.093927448475,152.338010437934,20.0771946187816,22.3637289905136
13,SPAS,2,36.9293471180175,15.4677626226576,1,-0.576806937679849,-0.124118299432064,-0.186800427774436,-34.8763909856022,Multiple,9,1086.17973558612,118.33586650457,38.3441620842146,35.809934905976,0,Posterior,479.691166341545,121.446470891647,17.0876010279957,16.0880440760509
13,SPAS,2,36.9293471180175,15.4677626226576,2,-0.708443718974224,-0.150585768861256,-0.186800427774436,-34.8763909856022,Multiple,9,1086.17973558612,118.33586650457,38.3441620842146,35.809934905976,0,Septal,353.636491189537,85.5437385612564,15.3661620983566,25.627687862842
13,SPAS,2,36.9293471180175,15.4677626226576,2,-0.708443718974224,-0.150585768861256,-0.186800427774436,-34.8763909856022,Multiple,9,1086.17973558612,118.33586650457,38.3441620842146,35.809934905976,0,Anterior,708.093927448475,152.338010437934,20.0771946187816,22.3637289905136
13,SPAS,2,36.9293471180175,15.4677626226576,2,-0.708443718974224,-0.150585768861256,-0.186800427774436,-34.8763909856022,Multiple,9,1086.17973558612,118.33586650457,38.3441620842146,35.809934905976,0,Posterior,479.691166341545,121.446470891647,17.0876010279957,16.0880440760509
13,SPAS,2,36.9293471180175,15.4677626226576,3,-0.128324742459464,-0.112942481891735,-0.186800427774436,-34.8763909856022,Multiple,9,1086.17973558612,118.33586650457,38.3441620842146,35.809934905976,0,Septal,353.636491189537,85.5437385612564,15.3661620983566,25.627687862842
13,SPAS,2,36.9293471180175,15.4677626226576,3,-0.128324742459464,-0.112942481891735,-0.186800427774436,-34.8763909856022,Multiple,9,1086.17973558612,118.33586650457,38.3441620842146,35.809934905976,0,Anterior,708.093927448475,152.338010437934,20.0771946187816,22.3637289905136
13,SPAS,2,36.9293471180175,15.4677626226576,3,-0.128324742459464,-0.112942481891735,-0.186800427774436,-34.8763909856022,Multiple,9,1086.17973558612,118.33586650457,38.3441620842146,35.809934905976,0,Posterior,479.691166341545,121.446470891647,17.0876010279957,16.0880440760509
13,SPAS,2,36.9293471180175,15.4677626226576,4,-0.0384556048978773,-0.00374335668201236,-0.186800427774436,-34.8763909856022,Multiple,9,1086.17973558612,118.33586650457,38.3441620842146,35.809934905976,0,Septal,353.636491189537,85.5437385612564,15.3661620983566,25.627687862842
13,SPAS,2,36.9293471180175,15.4677626226576,4,-0.0384556048978773,-0.00374335668201236,-0.186800427774436,-34.8763909856022,Multiple,9,1086.17973558612,118.33586650457,38.3441620842146,35.809934905976,0,Anterior,708.093927448475,152.338010437934,20.0771946187816,22.3637289905136
13,SPAS,2,36.9293471180175,15.4677626226576,4,-0.0384556048978773,-0.00374335668201236,-0.186800427774436,-34.8763909856022,Multiple,9,1086.17973558612,118.33586650457,38.3441620842146,35.809934905976,0,Posterior,479.691166341545,121.446470891647,17.0876010279957,16.0880440760509
13,SPAS,2,36.9293471180175,15.4677626226576,5,-0.419908702626165,-0.19784400673404,-0.186800427774436,-34.8763909856022,Multiple,9,1086.17973558612,118.33586650457,38.3441620842146,35.809934905976,0,Septal,353.636491189537,85.5437385612564,15.3661620983566,25.627687862842
13,SPAS,2,36.9293471180175,15.4677626226576,5,-0.419908702626165,-0.19784400673404,-0.186800427774436,-34.8763909856022,Multiple,9,1086.17973558612,118.33586650457,38.3441620842146,35.809934905976,0,Anterior,708.093927448475,152.338010437934,20.0771946187816,22.3637289905136
13,SPAS,2,36.9293471180175,15.4677626226576,5,-0.419908702626165,-0.19784400673404,-0.186800427774436,-34.8763909856022,Multiple,9,1086.17973558612,118.33586650457,38.3441620842146,35.809934905976,0,Posterior,479.691166341545,121.446470891647,17.0876010279957,16.0880440760509
13,SPAS,2,36.9293471180175,15.4677626226576,6,-0.706193751488433,-0.438077556975788,-0.186800427774436,-34.8763909856022,Multiple,9,1086.17973558612,118.33586650457,38.3441620842146,35.809934905976,0,Septal,353.636491189537,85.5437385612564,15.3661620983566,25.627687862842
13,SPAS,2,36.9293471180175,15.4677626226576,6,-0.706193751488433,-0.438077556975788,-0.186800427774436,-34.8763909856022,Multiple,9,1086.17973558612,118.33586650457,38.3441620842146,35.809934905976,0,Anterior,708.093927448475,152.338010437934,20.0771946187816,22.3637289905136
13,SPAS,2,36.9293471180175,15.4677626226576,6,-0.706193751488433,-0.438077556975788,-0.186800427774436,-34.8763909856022,Multiple,9,1086.17973558612,118.33586650457,38.3441620842146,35.809934905976,0,Posterior,479.691166341545,121.446470891647,17.0876010279957,16.0880440760509
13,SPAS,2,36.9293471180175,15.4677626226576,7,0.034394666410025,0.0584911042180588,-0.186800427774436,-34.8763909856022,Multiple,9,1086.17973558612,118.33586650457,38.3441620842146,35.809934905976,0,Septal,353.636491189537,85.5437385612564,15.3661620983566,25.627687862842
13,SPAS,2,36.9293471180175,15.4677626226576,7,0.034394666410025,0.0584911042180588,-0.186800427774436,-34.8763909856022,Multiple,9,1086.17973558612,118.33586650457,38.3441620842146,35.809934905976,0,Anterior,708.093927448475,152.338010437934,20.0771946187816,22.3637289905136
13,SPAS,2,36.9293471180175,15.4677626226576,7,0.034394666410025,0.0584911042180588,-0.186800427774436,-34.8763909856022,Multiple,9,1086.17973558612,118.33586650457,38.3441620842146,35.809934905976,0,Posterior,479.691166341545,121.446470891647,17.0876010279957,16.0880440760509
13,SPAS,2,36.9293471180175,15.4677626226576,8,-0.487257964866707,-0.524376111724683,-0.186800427774436,-34.8763909856022,Multiple,9,1086.17973558612,118.33586650457,38.3441620842146,35.809934905976,0,Septal,353.636491189537,85.5437385612564,15.3661620983566,25.627687862842
13,SPAS,2,36.9293471180175,15.4677626226576,8,-0.487257964866707,-0.524376111724683,-0.186800427774436,-34.8763909856022,Multiple,9,1086.17973558612,118.33586650457,38.3441620842146,35.809934905976,0,Anterior,708.093927448475,152.338010437934,20.0771946187816,22.3637289905136
13,SPAS,2,36.9293471180175,15.4677626226576,8,-0.487257964866707,-0.524376111724683,-0.186800427774436,-34.8763909856022,Multiple,9,1086.17973558612,118.33586650457,38.3441620842146,35.809934905976,0,Posterior,479.691166341545,121.446470891647,17.0876010279957,16.0880440760509
9,SPAP,2,35.4839599499253,28.8076019669138,1,-0.301426960497891,-0.0708220962299889,-1.66931263570811,-25.0082871604711,Multiple,7,1378.16565381798,135.055107648657,38.0138100672472,38.2587528303717,0,Septal,479.842713755028,109.64837727656,16.0477358792885,31.4964723415922
9,SPAP,2,35.4839599499253,28.8076019669138,1,-0.301426960497891,-0.0708220962299889,-1.66931263570811,-25.0082871604711,Multiple,7,1378.16565381798,135.055107648657,38.0138100672472,38.2587528303717,0,Anterior,646.713270206915,130.142666812052,19.8562226397391,26.3105886255627
9,SPAP,2,35.4839599499253,28.8076019669138,1,-0.301426960497891,-0.0708220962299889,-1.66931263570811,-25.0082871604711,Multiple,7,1378.16565381798,135.055107648657,38.0138100672472,38.2587528303717,0,Posterior,597.062820620882,122.127040644436,22.6891480592457,19.8633828041872
9,SPAP,2,35.4839599499253,28.8076019669138,2,0.0656014953329144,-0.0385121135322464,-1.66931263570811,-25.0082871604711,Multiple,7,1378.16565381798,135.055107648657,38.0138100672472,38.2587528303717,0,Septal,479.842713755028,109.64837727656,16.0477358792885,31.4964723415922
9,SPAP,2,35.4839599499253,28.8076019669138,2,0.0656014953329144,-0.0385121135322464,-1.66931263570811,-25.0082871604711,Multiple,7,1378.16565381798,135.055107648657,38.0138100672472,38.2587528303717,0,Anterior,646.713270206915,130.142666812052,19.8562226397391,26.3105886255627
9,SPAP,2,35.4839599499253,28.8076019669138,2,0.0656014953329144,-0.0385121135322464,-1.66931263570811,-25.0082871604711,Multiple,7,1378.16565381798,135.055107648657,38.0138100672472,38.2587528303717,0,Posterior,597.062820620882,122.127040644436,22.6891480592457,19.8633828041872
9,SPAP,2,35.4839599499253,28.8076019669138,3,-0.102200631362865,-0.000190516613885472,-1.66931263570811,-25.0082871604711,Multiple,7,1378.16565381798,135.055107648657,38.0138100672472,38.2587528303717,0,Septal,479.842713755028,109.64837727656,16.0477358792885,31.4964723415922
9,SPAP,2,35.4839599499253,28.8076019669138,3,-0.102200631362865,-0.000190516613885472,-1.66931263570811,-25.0082871604711,Multiple,7,1378.16565381798,135.055107648657,38.0138100672472,38.2587528303717,0,Anterior,646.713270206915,130.142666812052,19.8562226397391,26.3105886255627
9,SPAP,2,35.4839599499253,28.8076019669138,3,-0.102200631362865,-0.000190516613885472,-1.66931263570811,-25.0082871604711,Multiple,7,1378.16565381798,135.055107648657,38.0138100672472,38.2587528303717,0,Posterior,597.062820620882,122.127040644436,22.6891480592457,19.8633828041872
9,SPAP,2,35.4839599499253,28.8076019669138,4,-0.215710267674891,0.0749779528168841,-1.66931263570811,-25.0082871604711,Multiple,7,1378.16565381798,135.055107648657,38.0138100672472,38.2587528303717,0,Septal,479.842713755028,109.64837727656,16.0477358792885,31.4964723415922
9,SPAP,2,35.4839599499253,28.8076019669138,4,-0.215710267674891,0.0749779528168841,-1.66931263570811,-25.0082871604711,Multiple,7,1378.16565381798,135.055107648657,38.0138100672472,38.2587528303717,0,Anterior,646.713270206915,130.142666812052,19.8562226397391,26.3105886255627
9,SPAP,2,35.4839599499253,28.8076019669138,4,-0.215710267674891,0.0749779528168841,-1.66931263570811,-25.0082871604711,Multiple,7,1378.16565381798,135.055107648657,38.0138100672472,38.2587528303717,0,Posterior,597.062820620882,122.127040644436,22.6891480592457,19.8633828041872
9,SPAP,2,35.4839599499253,28.8076019669138,5,-0.718057672129827,-0.298749929637196,-1.66931263570811,-25.0082871604711,Multiple,7,1378.16565381798,135.055107648657,38.0138100672472,38.2587528303717,0,Septal,479.842713755028,109.64837727656,16.0477358792885,31.4964723415922
9,SPAP,2,35.4839599499253,28.8076019669138,5,-0.718057672129827,-0.298749929637196,-1.66931263570811,-25.0082871604711,Multiple,7,1378.16565381798,135.055107648657,38.0138100672472,38.2587528303717,0,Anterior,646.713270206915,130.142666812052,19.8562226397391,26.3105886255627
9,SPAP,2,35.4839599499253,28.8076019669138,5,-0.718057672129827,-0.298749929637196,-1.66931263570811,-25.0082871604711,Multiple,7,1378.16565381798,135.055107648657,38.0138100672472,38.2587528303717,0,Posterior,597.062820620882,122.127040644436,22.6891480592457,19.8633828041872
9,SPAP,2,35.4839599499253,28.8076019669138,6,-0.168259966328323,-0.00634780752207736,-1.66931263570811,-25.0082871604711,Multiple,7,1378.16565381798,135.055107648657,38.0138100672472,38.2587528303717,0,Septal,479.842713755028,109.64837727656,16.0477358792885,31.4964723415922
9,SPAP,2,35.4839599499253,28.8076019669138,6,-0.168259966328323,-0.00634780752207736,-1.66931263570811,-25.0082871604711,Multiple,7,1378.16565381798,135.055107648657,38.0138100672472,38.2587528303717,0,Anterior,646.713270206915,130.142666812052,19.8562226397391,26.3105886255627
9,SPAP,2,35.4839599499253,28.8076019669138,6,-0.168259966328323,-0.00634780752207736,-1.66931263570811,-25.0082871604711,Multiple,7,1378.16565381798,135.055107648657,38.0138100672472,38.2587528303717,0,Posterior,597.062820620882,122.127040644436,22.6891480592457,19.8633828041872
9,SPAP,2,35.4839599499253,28.8076019669138,7,-0.091980244172486,-0.082758020710344,-1.66931263570811,-25.0082871604711,Multiple,7,1378.16565381798,135.055107648657,38.0138100672472,38.2587528303717,0,Septal,479.842713755028,109.64837727656,16.0477358792885,31.4964723415922
9,SPAP,2,35.4839599499253,28.8076019669138,7,-0.091980244172486,-0.082758020710344,-1.66931263570811,-25.0082871604711,Multiple,7,1378.16565381798,135.055107648657,38.0138100672472,38.2587528303717,0,Anterior,646.713270206915,130.142666812052,19.8562226397391,26.3105886255627
9,SPAP,2,35.4839599499253,28.8076019669138,7,-0.091980244172486,-0.082758020710344,-1.66931263570811,-25.0082871604711,Multiple,7,1378.16565381798,135.055107648657,38.0138100672472,38.2587528303717,0,Posterior,597.062820620882,122.127040644436,22.6891480592457,19.8633828041872
9,SPAP,2,35.4839599499253,28.8076019669138,8,-0.491727851851502,-0.258601634515555,-1.66931263570811,-25.0082871604711,Multiple,7,1378.16565381798,135.055107648657,38.0138100672472,38.2587528303717,0,Septal,479.842713755028,109.64837727656,16.0477358792885,31.4964723415922
9,SPAP,2,35.4839599499253,28.8076019669138,8,-0.491727851851502,-0.258601634515555,-1.66931263570811,-25.0082871604711,Multiple,7,1378.16565381798,135.055107648657,38.0138100672472,38.2587528303717,0,Anterior,646.713270206915,130.142666812052,19.8562226397391,26.3105886255627
9,SPAP,2,35.4839599499253,28.8076019669138,8,-0.491727851851502,-0.258601634515555,-1.66931263570811,-25.0082871604711,Multiple,7,1378.16565381798,135.055107648657,38.0138100672472,38.2587528303717,0,Posterior,597.062820620882,122.127040644436,22.6891480592457,19.8633828041872
10,SPAP,2,34.3981629771316,41.6310304170287,1,-0.481263999394602,-0.0342013629484494,0.338436262983109,-14.4822112924808,Multiple,8,1446.9996536037,138.157092140076,41.576352805721,34.4346422565551,3.68532574956691,Septal,490.656392996084,110.026262694478,16.4801340058687,25.2745695510175
10,SPAP,2,34.3981629771316,41.6310304170287,1,-0.481263999394602,-0.0342013629484494,0.338436262983109,-14.4822112924808,Multiple,8,1446.9996536037,138.157092140076,41.576352805721,34.4346422565551,3.68532574956691,Anterior,656.795799121418,152.451251278528,18.673150289493,28.416811911346
10,SPAP,2,34.3981629771316,41.6310304170287,1,-0.481263999394602,-0.0342013629484494,0.338436262983109,-14.4822112924808,Multiple,8,1446.9996536037,138.157092140076,41.576352805721,34.4346422565551,3.68532574956691,Posterior,514.461054779979,115.276332368098,19.7839243922852,20.5065902841195
10,SPAP,2,34.3981629771316,41.6310304170287,2,-0.386245144016997,-0.240998082684491,0.338436262983109,-14.4822112924808,Multiple,8,1446.9996536037,138.157092140076,41.576352805721,34.4346422565551,3.68532574956691,Septal,490.656392996084,110.026262694478,16.4801340058687,25.2745695510175
10,SPAP,2,34.3981629771316,41.6310304170287,2,-0.386245144016997,-0.240998082684491,0.338436262983109,-14.4822112924808,Multiple,8,1446.9996536037,138.157092140076,41.576352805721,34.4346422565551,3.68532574956691,Anterior,656.795799121418,152.451251278528,18.673150289493,28.416811911346
10,SPAP,2,34.3981629771316,41.6310304170287,2,-0.386245144016997,-0.240998082684491,0.338436262983109,-14.4822112924808,Multiple,8,1446.9996536037,138.157092140076,41.576352805721,34.4346422565551,3.68532574956691,Posterior,514.461054779979,115.276332368098,19.7839243922852,20.5065902841195
10,SPAP,2,34.3981629771316,41.6310304170287,3,-0.0623740820874115,-0.0920438222630125,0.338436262983109,-14.4822112924808,Multiple,8,1446.9996536037,138.157092140076,41.576352805721,34.4346422565551,3.68532574956691,Septal,490.656392996084,110.026262694478,16.4801340058687,25.2745695510175
10,SPAP,2,34.3981629771316,41.6310304170287,3,-0.0623740820874115,-0.0920438222630125,0.338436262983109,-14.4822112924808,Multiple,8,1446.9996536037,138.157092140076,41.576352805721,34.4346422565551,3.68532574956691,Anterior,656.795799121418,152.451251278528,18.673150289493,28.416811911346
10,SPAP,2,34.3981629771316,41.6310304170287,3,-0.0623740820874115,-0.0920438222630125,0.338436262983109,-14.4822112924808,Multiple,8,1446.9996536037,138.157092140076,41.576352805721,34.4346422565551,3.68532574956691,Posterior,514.461054779979,115.276332368098,19.7839243922852,20.5065902841195
10,SPAP,2,34.3981629771316,41.6310304170287,4,-0.00158140884757275,-0.0214224765203779,0.338436262983109,-14.4822112924808,Multiple,8,1446.9996536037,138.157092140076,41.576352805721,34.4346422565551,3.68532574956691,Septal,490.656392996084,110.026262694478,16.4801340058687,25.2745695510175
10,SPAP,2,34.3981629771316,41.6310304170287,4,-0.00158140884757275,-0.0214224765203779,0.338436262983109,-14.4822112924808,Multiple,8,1446.9996536037,138.157092140076,41.576352805721,34.4346422565551,3.68532574956691,Anterior,656.795799121418,152.451251278528,18.673150289493,28.416811911346
10,SPAP,2,34.3981629771316,41.6310304170287,4,-0.00158140884757275,-0.0214224765203779,0.338436262983109,-14.4822112924808,Multiple,8,1446.9996536037,138.157092140076,41.576352805721,34.4346422565551,3.68532574956691,Posterior,514.461054779979,115.276332368098,19.7839243922852,20.5065902841195
10,SPAP,2,34.3981629771316,41.6310304170287,5,-0.73635470431279,-0.231859360785047,0.338436262983109,-14.4822112924808,Multiple,8,1446.9996536037,138.157092140076,41.576352805721,34.4346422565551,3.68532574956691,Septal,490.656392996084,110.026262694478,16.4801340058687,25.2745695510175
10,SPAP,2,34.3981629771316,41.6310304170287,5,-0.73635470431279,-0.231859360785047,0.338436262983109,-14.4822112924808,Multiple,8,1446.9996536037,138.157092140076,41.576352805721,34.4346422565551,3.68532574956691,Anterior,656.795799121418,152.451251278528,18.673150289493,28.416811911346
10,SPAP,2,34.3981629771316,41.6310304170287,5,-0.73635470431279,-0.231859360785047,0.338436262983109,-14.4822112924808,Multiple,8,1446.9996536037,138.157092140076,41.576352805721,34.4346422565551,3.68532574956691,Posterior,514.461054779979,115.276332368098,19.7839243922852,20.5065902841195
10,SPAP,2,34.3981629771316,41.6310304170287,6,-0.222860144171145,-0.0383433756434362,0.338436262983109,-14.4822112924808,Multiple,8,1446.9996536037,138.157092140076,41.576352805721,34.4346422565551,3.68532574956691,Septal,490.656392996084,110.026262694478,16.4801340058687,25.2745695510175
10,SPAP,2,34.3981629771316,41.6310304170287,6,-0.222860144171145,-0.0383433756434362,0.338436262983109,-14.4822112924808,Multiple,8,1446.9996536037,138.157092140076,41.576352805721,34.4346422565551,3.68532574956691,Anterior,656.795799121418,152.451251278528,18.673150289493,28.416811911346
10,SPAP,2,34.3981629771316,41.6310304170287,6,-0.222860144171145,-0.0383433756434362,0.338436262983109,-14.4822112924808,Multiple,8,1446.9996536037,138.157092140076,41.576352805721,34.4346422565551,3.68532574956691,Posterior,514.461054779979,115.276332368098,19.7839243922852,20.5065902841195
10,SPAP,2,34.3981629771316,41.6310304170287,7,-0.167606340660204,-0.0236838802886038,0.338436262983109,-14.4822112924808,Multiple,8,1446.9996536037,138.157092140076,41.576352805721,34.4346422565551,3.68532574956691,Septal,490.656392996084,110.026262694478,16.4801340058687,25.2745695510175
10,SPAP,2,34.3981629771316,41.6310304170287,7,-0.167606340660204,-0.0236838802886038,0.338436262983109,-14.4822112924808,Multiple,8,1446.9996536037,138.157092140076,41.576352805721,34.4346422565551,3.68532574956691,Anterior,656.795799121418,152.451251278528,18.673150289493,28.416811911346
10,SPAP,2,34.3981629771316,41.6310304170287,7,-0.167606340660204,-0.0236838802886038,0.338436262983109,-14.4822112924808,Multiple,8,1446.9996536037,138.157092140076,41.576352805721,34.4346422565551,3.68532574956691,Posterior,514.461054779979,115.276332368098,19.7839243922852,20.5065902841195
10,SPAP,2,34.3981629771316,41.6310304170287,8,-0.577611901467052,-0.0655006453374581,0.338436262983109,-14.4822112924808,Multiple,8,1446.9996536037,138.157092140076,41.576352805721,34.4346422565551,3.68532574956691,Septal,490.656392996084,110.026262694478,16.4801340058687,25.2745695510175
10,SPAP,2,34.3981629771316,41.6310304170287,8,-0.577611901467052,-0.0655006453374581,0.338436262983109,-14.4822112924808,Multiple,8,1446.9996536037,138.157092140076,41.576352805721,34.4346422565551,3.68532574956691,Anterior,656.795799121418,152.451251278528,18.673150289493,28.416811911346
10,SPAP,2,34.3981629771316,41.6310304170287,8,-0.577611901467052,-0.0655006453374581,0.338436262983109,-14.4822112924808,Multiple,8,1446.9996536037,138.157092140076,41.576352805721,34.4346422565551,3.68532574956691,Posterior,514.461054779979,115.276332368098,19.7839243922852,20.5065902841195
12,SPAP,2,37.2022062444915,31.0314180433199,1,-0.709507308959681,-0.0944495929214555,0.676974043258078,-24.0462445702145,Multiple,8,1367.0829558032,133.695521703196,39.0307777254257,43.7963907375589,0,Septal,382.766964698025,99.6140585619361,18.2265406217927,19.8576632846828
12,SPAP,2,37.2022062444915,31.0314180433199,1,-0.709507308959681,-0.0944495929214555,0.676974043258078,-24.0462445702145,Multiple,8,1367.0829558032,133.695521703196,39.0307777254257,43.7963907375589,0,Anterior,654.783636275052,136.883426453721,20.2045219074615,23.0377681385498
12,SPAP,2,37.2022062444915,31.0314180433199,1,-0.709507308959681,-0.0944495929214555,0.676974043258078,-24.0462445702145,Multiple,8,1367.0829558032,133.695521703196,39.0307777254257,43.7963907375589,0,Posterior,571.924230019731,133.94514114377,21.4077647364308,13.667400131237
12,SPAP,2,37.2022062444915,31.0314180433199,2,-0.714314676307309,0.0356779375704037,0.676974043258078,-24.0462445702145,Multiple,8,1367.0829558032,133.695521703196,39.0307777254257,43.7963907375589,0,Septal,382.766964698025,99.6140585619361,18.2265406217927,19.8576632846828
12,SPAP,2,37.2022062444915,31.0314180433199,2,-0.714314676307309,0.0356779375704037,0.676974043258078,-24.0462445702145,Multiple,8,1367.0829558032,133.695521703196,39.0307777254257,43.7963907375589,0,Anterior,654.783636275052,136.883426453721,20.2045219074615,23.0377681385498
12,SPAP,2,37.2022062444915,31.0314180433199,2,-0.714314676307309,0.0356779375704037,0.676974043258078,-24.0462445702145,Multiple,8,1367.0829558032,133.695521703196,39.0307777254257,43.7963907375589,0,Posterior,571.924230019731,133.94514114377,21.4077647364308,13.667400131237
12,SPAP,2,37.2022062444915,31.0314180433199,3,-0.0780939184484874,-0.0104205154271951,0.676974043258078,-24.0462445702145,Multiple,8,1367.0829558032,133.695521703196,39.0307777254257,43.7963907375589,0,Septal,382.766964698025,99.6140585619361,18.2265406217927,19.8576632846828
12,SPAP,2,37.2022062444915,31.0314180433199,3,-0.0780939184484874,-0.0104205154271951,0.676974043258078,-24.0462445702145,Multiple,8,1367.0829558032,133.695521703196,39.0307777254257,43.7963907375589,0,Anterior,654.783636275052,136.883426453721,20.2045219074615,23.0377681385498
12,SPAP,2,37.2022062444915,31.0314180433199,3,-0.0780939184484874,-0.0104205154271951,0.676974043258078,-24.0462445702145,Multiple,8,1367.0829558032,133.695521703196,39.0307777254257,43.7963907375589,0,Posterior,571.924230019731,133.94514114377,21.4077647364308,13.667400131237
12,SPAP,2,37.2022062444915,31.0314180433199,4,-0.0182417651221029,0.0619220482992989,0.676974043258078,-24.0462445702145,Multiple,8,1367.0829558032,133.695521703196,39.0307777254257,43.7963907375589,0,Septal,382.766964698025,99.6140585619361,18.2265406217927,19.8576632846828
12,SPAP,2,37.2022062444915,31.0314180433199,4,-0.0182417651221029,0.0619220482992989,0.676974043258078,-24.0462445702145,Multiple,8,1367.0829558032,133.695521703196,39.0307777254257,43.7963907375589,0,Anterior,654.783636275052,136.883426453721,20.2045219074615,23.0377681385498
12,SPAP,2,37.2022062444915,31.0314180433199,4,-0.0182417651221029,0.0619220482992989,0.676974043258078,-24.0462445702145,Multiple,8,1367.0829558032,133.695521703196,39.0307777254257,43.7963907375589,0,Posterior,571.924230019731,133.94514114377,21.4077647364308,13.667400131237
12,SPAP,2,37.2022062444915,31.0314180433199,5,-0.342086188601038,0.0159092498412841,0.676974043258078,-24.0462445702145,Multiple,8,1367.0829558032,133.695521703196,39.0307777254257,43.7963907375589,0,Septal,382.766964698025,99.6140585619361,18.2265406217927,19.8576632846828
12,SPAP,2,37.2022062444915,31.0314180433199,5,-0.342086188601038,0.0159092498412841,0.676974043258078,-24.0462445702145,Multiple,8,1367.0829558032,133.695521703196,39.0307777254257,43.7963907375589,0,Anterior,654.783636275052,136.883426453721,20.2045219074615,23.0377681385498
12,SPAP,2,37.2022062444915,31.0314180433199,5,-0.342086188601038,0.0159092498412841,0.676974043258078,-24.0462445702145,Multiple,8,1367.0829558032,133.695521703196,39.0307777254257,43.7963907375589,0,Posterior,571.924230019731,133.94514114377,21.4077647364308,13.667400131237
12,SPAP,2,37.2022062444915,31.0314180433199,6,-0.340564824563799,-0.062439698956233,0.676974043258078,-24.0462445702145,Multiple,8,1367.0829558032,133.695521703196,39.0307777254257,43.7963907375589,0,Septal,382.766964698025,99.6140585619361,18.2265406217927,19.8576632846828
12,SPAP,2,37.2022062444915,31.0314180433199,6,-0.340564824563799,-0.062439698956233,0.676974043258078,-24.0462445702145,Multiple,8,1367.0829558032,133.695521703196,39.0307777254257,43.7963907375589,0,Anterior,654.783636275052,136.883426453721,20.2045219074615,23.0377681385498
12,SPAP,2,37.2022062444915,31.0314180433199,6,-0.340564824563799,-0.062439698956233,0.676974043258078,-24.0462445702145,Multiple,8,1367.0829558032,133.695521703196,39.0307777254257,43.7963907375589,0,Posterior,571.924230019731,133.94514114377,21.4077647364308,13.667400131237
12,SPAP,2,37.2022062444915,31.0314180433199,7,0.0177229583604382,0.0803588666733335,0.676974043258078,-24.0462445702145,Multiple,8,1367.0829558032,133.695521703196,39.0307777254257,43.7963907375589,0,Septal,382.766964698025,99.6140585619361,18.2265406217927,19.8576632846828
12,SPAP,2,37.2022062444915,31.0314180433199,7,0.0177229583604382,0.0803588666733335,0.676974043258078,-24.0462445702145,Multiple,8,1367.0829558032,133.695521703196,39.0307777254257,43.7963907375589,0,Anterior,654.783636275052,136.883426453721,20.2045219074615,23.0377681385498
12,SPAP,2,37.2022062444915,31.0314180433199,7,0.0177229583604382,0.0803588666733335,0.676974043258078,-24.0462445702145,Multiple,8,1367.0829558032,133.695521703196,39.0307777254257,43.7963907375589,0,Posterior,571.924230019731,133.94514114377,21.4077647364308,13.667400131237
12,SPAP,2,37.2022062444915,31.0314180433199,8,-0.218480374942727,0.00945656026073874,0.676974043258078,-24.0462445702145,Multiple,8,1367.0829558032,133.695521703196,39.0307777254257,43.7963907375589,0,Septal,382.766964698025,99.6140585619361,18.2265406217927,19.8576632846828
12,SPAP,2,37.2022062444915,31.0314180433199,8,-0.218480374942727,0.00945656026073874,0.676974043258078,-24.0462445702145,Multiple,8,1367.0829558032,133.695521703196,39.0307777254257,43.7963907375589,0,Anterior,654.783636275052,136.883426453721,20.2045219074615,23.0377681385498
12,SPAP,2,37.2022062444915,31.0314180433199,8,-0.218480374942727,0.00945656026073874,0.676974043258078,-24.0462445702145,Multiple,8,1367.0829558032,133.695521703196,39.0307777254257,43.7963907375589,0,Posterior,571.924230019731,133.94514114377,21.4077647364308,13.667400131237
13,SPAP,2,36.4152830879034,24.0735322083386,1,-0.828843213576867,-0.376154575329082,-0.700864457888514,-26.2706213999212,Multiple,9,1160.07594711696,122.068883028615,38.4979237534552,35.9622412136432,0.650298556620011,Septal,353.636491189537,85.5437385612564,15.3661620983566,25.627687862842
13,SPAP,2,36.4152830879034,24.0735322083386,1,-0.828843213576867,-0.376154575329082,-0.700864457888514,-26.2706213999212,Multiple,9,1160.07594711696,122.068883028615,38.4979237534552,35.9622412136432,0.650298556620011,Anterior,708.093927448475,152.338010437934,20.0771946187816,22.3637289905136
13,SPAP,2,36.4152830879034,24.0735322083386,1,-0.828843213576867,-0.376154575329082,-0.700864457888514,-26.2706213999212,Multiple,9,1160.07594711696,122.068883028615,38.4979237534552,35.9622412136432,0.650298556620011,Posterior,479.691166341545,121.446470891647,17.0876010279957,16.0880440760509
13,SPAP,2,36.4152830879034,24.0735322083386,2,-0.320752922874856,0.237105027238111,-0.700864457888514,-26.2706213999212,Multiple,9,1160.07594711696,122.068883028615,38.4979237534552,35.9622412136432,0.650298556620011,Septal,353.636491189537,85.5437385612564,15.3661620983566,25.627687862842
13,SPAP,2,36.4152830879034,24.0735322083386,2,-0.320752922874856,0.237105027238111,-0.700864457888514,-26.2706213999212,Multiple,9,1160.07594711696,122.068883028615,38.4979237534552,35.9622412136432,0.650298556620011,Anterior,708.093927448475,152.338010437934,20.0771946187816,22.3637289905136
13,SPAP,2,36.4152830879034,24.0735322083386,2,-0.320752922874856,0.237105027238111,-0.700864457888514,-26.2706213999212,Multiple,9,1160.07594711696,122.068883028615,38.4979237534552,35.9622412136432,0.650298556620011,Posterior,479.691166341545,121.446470891647,17.0876010279957,16.0880440760509
13,SPAP,2,36.4152830879034,24.0735322083386,3,-0.0193186816755636,-0.00393642110783475,-0.700864457888514,-26.2706213999212,Multiple,9,1160.07594711696,122.068883028615,38.4979237534552,35.9622412136432,0.650298556620011,Septal,353.636491189537,85.5437385612564,15.3661620983566,25.627687862842
13,SPAP,2,36.4152830879034,24.0735322083386,3,-0.0193186816755636,-0.00393642110783475,-0.700864457888514,-26.2706213999212,Multiple,9,1160.07594711696,122.068883028615,38.4979237534552,35.9622412136432,0.650298556620011,Anterior,708.093927448475,152.338010437934,20.0771946187816,22.3637289905136
13,SPAP,2,36.4152830879034,24.0735322083386,3,-0.0193186816755636,-0.00393642110783475,-0.700864457888514,-26.2706213999212,Multiple,9,1160.07594711696,122.068883028615,38.4979237534552,35.9622412136432,0.650298556620011,Posterior,479.691166341545,121.446470891647,17.0876010279957,16.0880440760509
13,SPAP,2,36.4152830879034,24.0735322083386,4,-0.0389793105898401,-0.00426706237397514,-0.700864457888514,-26.2706213999212,Multiple,9,1160.07594711696,122.068883028615,38.4979237534552,35.9622412136432,0.650298556620011,Septal,353.636491189537,85.5437385612564,15.3661620983566,25.627687862842
13,SPAP,2,36.4152830879034,24.0735322083386,4,-0.0389793105898401,-0.00426706237397514,-0.700864457888514,-26.2706213999212,Multiple,9,1160.07594711696,122.068883028615,38.4979237534552,35.9622412136432,0.650298556620011,Anterior,708.093927448475,152.338010437934,20.0771946187816,22.3637289905136
13,SPAP,2,36.4152830879034,24.0735322083386,4,-0.0389793105898401,-0.00426706237397514,-0.700864457888514,-26.2706213999212,Multiple,9,1160.07594711696,122.068883028615,38.4979237534552,35.9622412136432,0.650298556620011,Posterior,479.691166341545,121.446470891647,17.0876010279957,16.0880440760509
13,SPAP,2,36.4152830879034,24.0735322083386,5,-0.459982641644937,-0.237917945752813,-0.700864457888514,-26.2706213999212,Multiple,9,1160.07594711696,122.068883028615,38.4979237534552,35.9622412136432,0.650298556620011,Septal,353.636491189537,85.5437385612564,15.3661620983566,25.627687862842
13,SPAP,2,36.4152830879034,24.0735322083386,5,-0.459982641644937,-0.237917945752813,-0.700864457888514,-26.2706213999212,Multiple,9,1160.07594711696,122.068883028615,38.4979237534552,35.9622412136432,0.650298556620011,Anterior,708.093927448475,152.338010437934,20.0771946187816,22.3637289905136
13,SPAP,2,36.4152830879034,24.0735322083386,5,-0.459982641644937,-0.237917945752813,-0.700864457888514,-26.2706213999212,Multiple,9,1160.07594711696,122.068883028615,38.4979237534552,35.9622412136432,0.650298556620011,Posterior,479.691166341545,121.446470891647,17.0876010279957,16.0880440760509
13,SPAP,2,36.4152830879034,24.0735322083386,6,-0.510951216052877,-0.242835021540233,-0.700864457888514,-26.2706213999212,Multiple,9,1160.07594711696,122.068883028615,38.4979237534552,35.9622412136432,0.650298556620011,Septal,353.636491189537,85.5437385612564,15.3661620983566,25.627687862842
13,SPAP,2,36.4152830879034,24.0735322083386,6,-0.510951216052877,-0.242835021540233,-0.700864457888514,-26.2706213999212,Multiple,9,1160.07594711696,122.068883028615,38.4979237534552,35.9622412136432,0.650298556620011,Anterior,708.093927448475,152.338010437934,20.0771946187816,22.3637289905136
13,SPAP,2,36.4152830879034,24.0735322083386,6,-0.510951216052877,-0.242835021540233,-0.700864457888514,-26.2706213999212,Multiple,9,1160.07594711696,122.068883028615,38.4979237534552,35.9622412136432,0.650298556620011,Posterior,479.691166341545,121.446470891647,17.0876010279957,16.0880440760509
13,SPAP,2,36.4152830879034,24.0735322083386,7,0.115437282546984,0.139533720355018,-0.700864457888514,-26.2706213999212,Multiple,9,1160.07594711696,122.068883028615,38.4979237534552,35.9622412136432,0.650298556620011,Septal,353.636491189537,85.5437385612564,15.3661620983566,25.627687862842
13,SPAP,2,36.4152830879034,24.0735322083386,7,0.115437282546984,0.139533720355018,-0.700864457888514,-26.2706213999212,Multiple,9,1160.07594711696,122.068883028615,38.4979237534552,35.9622412136432,0.650298556620011,Anterior,708.093927448475,152.338010437934,20.0771946187816,22.3637289905136
13,SPAP,2,36.4152830879034,24.0735322083386,7,0.115437282546984,0.139533720355018,-0.700864457888514,-26.2706213999212,Multiple,9,1160.07594711696,122.068883028615,38.4979237534552,35.9622412136432,0.650298556620011,Posterior,479.691166341545,121.446470891647,17.0876010279957,16.0880440760509
13,SPAP,2,36.4152830879034,24.0735322083386,8,-0.0643614912684511,-0.101479638126427,-0.700864457888514,-26.2706213999212,Multiple,9,1160.07594711696,122.068883028615,38.4979237534552,35.9622412136432,0.650298556620011,Septal,353.636491189537,85.5437385612564,15.3661620983566,25.627687862842
13,SPAP,2,36.4152830879034,24.0735322083386,8,-0.0643614912684511,-0.101479638126427,-0.700864457888514,-26.2706213999212,Multiple,9,1160.07594711696,122.068883028615,38.4979237534552,35.9622412136432,0.650298556620011,Anterior,708.093927448475,152.338010437934,20.0771946187816,22.3637289905136
13,SPAP,2,36.4152830879034,24.0735322083386,8,-0.0643614912684511,-0.101479638126427,-0.700864457888514,-26.2706213999212,Multiple,9,1160.07594711696,122.068883028615,38.4979237534552,35.9622412136432,0.650298556620011,Posterior,479.691166341545,121.446470891647,17.0876010279957,16.0880440760509
