Time,Pressure,Flow Rate (ml/s),Force 1,Force 2,Force 3,Force 4,Force 5,Force 6,Force 7,Force 8,Flow Meter Time,,,, 
12:15:09..158,3.10806549,-0.00073,0.00009052,0.00065002,0.00047483,-0.00012836,0.00084348,0.00008127,0.00006465,-0.00000885,12:15:09..197,,,,
12:15:09..261,3.03049314,-0.00073,0.00009116,0.00064971,0.00047473,-0.00012875,0.00084334,0.00008087,0.00006438,-0.00000909,12:15:09..197,,,,
12:15:09..293,3.07703655,-0.000661,0.00009075,0.00065024,0.00047501,-0.00012875,0.00084383,0.0000813,0.00006471,-0.00000918,12:15:09..304,,,,
12:15:09..345,3.06669357,-0.000661,0.00009058,0.00064988,0.00047494,-0.00012878,0.00084406,0.00008112,0.00006515,-0.00000853,12:15:09..304,,,,
12:15:09..378,3.102894,-0.000596,0.00009035,0.00064976,0.00047467,-0.00012875,0.0008439,0.00008108,0.00006412,-0.00000862,12:15:09..396,,,,
12:15:09..411,3.04083612,-0.000544,0.00009072,0.00064996,0.00047467,-0.00012807,0.00084346,0.00008107,0.0000641,-0.00000898,12:15:09..440,,,,
12:15:09..475,3.09772251,-0.000545,0.00009074,0.00065,0.00047434,-0.00012878,0.00084345,0.00008103,0.00006418,-0.00000912,12:15:09..483,,,,
12:15:09..506,3.10806549,-0.000545,0.00009047,0.00065039,0.00047478,-0.00012868,0.00084392,0.00008105,0.00006463,-0.000009,12:15:09..483,,,,
12:15:09..540,3.0511791,-0.000409,0.00009043,0.00065023,0.00047419,-0.00012905,0.00084312,0.00008117,0.0000642,-0.00000901,12:15:09..628,,,,
12:15:09..700,3.06669357,-0.000409,0.00009048,0.00065028,0.00047461,-0.00012874,0.00084317,0.00008086,0.00006476,-0.00000909,12:15:09..698,,,,
12:15:09..732,3.09255102,-0.000456,0.00009067,0.00064934,0.00047462,-0.00012879,0.00084341,0.00008095,0.0000643,-0.00000849,12:15:09..740,,,,
12:15:09..777,3.14426592,-0.000488,0.00009101,0.00064992,0.00047463,-0.00012837,0.00084309,0.00008088,0.00006441,-0.00000914,12:15:09..827,,,,
12:15:09..850,3.15978039,-0.000488,0.00009059,0.00064985,0.00047432,-0.00012908,0.00084293,0.00008038,0.00006438,-0.00000895,12:15:09..827,,,,
12:15:09..883,3.11840847,-0.000268,0.00009057,0.00064959,0.00047448,-0.00012934,0.00084351,0.00008088,0.00006454,-0.00000923,12:15:09..953,,,,
12:15:10..030,3.19598082,-0.000268,0.00009071,0.00064981,0.00047455,-0.00012903,0.00084296,0.00008101,0.00006465,-0.00000912,12:15:10..029,,,,
12:15:10..063,3.17012337,-0.000075,0.00009068,0.00064995,0.00047482,-0.000129,0.00084331,0.00008111,0.00006447,-0.00000902,12:15:10..071,,,,
12:15:10..139,3.04083612,-0.000075,0.00009055,0.00064979,0.00047446,-0.00012868,0.00084338,0.00008079,0.00006474,-0.00000892,12:15:10..196,,,,
12:15:10..207,3.06152208,-0.000075,0.00009036,0.00064971,0.00047508,-0.00012896,0.00084339,0.00008071,0.0000641,-0.00000888,12:15:10..196,,,,
12:15:10..241,3.12357996,0.000004,0.00009045,0.00064964,0.00047456,-0.00012891,0.0008432,0.00008113,0.0000641,-0.00000909,12:15:10..238,,,,
12:15:10..311,3.11323698,-0.000005,0.00009023,0.00064924,0.00047458,-0.00012904,0.00084283,0.00008036,0.00006421,-0.00000947,12:15:10..308,,,,
12:15:10..442,3.06669357,-0.000005,0.00009065,0.00064919,0.00047469,-0.00012891,0.00084297,0.00008092,0.0000637,-0.00000913,12:15:10..456,,,,
12:15:10..476,2.9477493,-0.000005,0.00009028,0.00064969,0.00047462,-0.00012895,0.00084357,0.00008128,0.00006413,-0.0000091,12:15:10..456,,,,
12:15:10..511,3.07186506,-0.000212,0.00009058,0.00064927,0.00047434,-0.00012888,0.00084301,0.000081,0.0000643,-0.00000918,12:15:10..599,,,,
12:15:10..683,3.15978039,-0.000212,0.0000905,0.00064931,0.00047436,-0.00012867,0.00084298,0.00008087,0.00006444,-0.00000905,12:15:10..683,,,,
12:15:10..715,3.14426592,-0.000315,0.00008994,0.00064946,0.00047466,-0.00012901,0.00084278,0.00008099,0.00006502,-0.00000945,12:15:10..727,,,,
12:15:10..753,3.07186506,-0.000363,0.0000904,0.00064964,0.00047464,-0.00012888,0.00084299,0.00008053,0.00006411,-0.00000964,12:15:10..727,,,,
12:15:10..856,3.06152208,-0.000363,0.00009032,0.0006494,0.00047406,-0.00012876,0.0008426,0.0000803,0.00006405,-0.00000919,12:15:10..772,,,,
12:15:10..890,3.12357996,-0.000212,0.00009074,0.00064933,0.00047397,-0.00012916,0.0008429,0.00008097,0.00006427,-0.00000909,12:15:10..903,,,,
12:15:11..051,3.03566463,-0.000212,0.00009044,0.00064905,0.00047482,-0.00012909,0.00084269,0.00008055,0.00006373,-0.00000959,12:15:11..049,,,,
12:15:11..084,3.06669357,-0.00019,0.00009004,0.00064899,0.00047443,-0.00012956,0.00084306,0.00008062,0.00006401,-0.00000937,12:15:11..094,,,,
12:15:11..212,3.07703655,-0.00019,0.00008994,0.00064978,0.00047456,-0.00012906,0.00084307,0.0000808,0.00006383,-0.00000925,12:15:11..210,,,,
12:15:11..245,3.09772251,-0.000009,0.00008964,0.00064905,0.00047431,-0.00012971,0.00084252,0.00008056,0.00006405,-0.00000956,12:15:11..252,,,,
12:15:11..396,3.09255102,-0.000009,0.00009013,0.00064887,0.00047409,-0.00012936,0.00084275,0.00008076,0.00006407,-0.00000962,12:15:11..394,,,,
12:15:11..427,3.11323698,0.000082,0.00008972,0.00064889,0.00047429,-0.00012952,0.00084253,0.00008061,0.00006402,-0.00000974,12:15:11..439,,,,
12:15:11..600,3.03049314,0.000082,0.00009032,0.00064857,0.00047405,-0.00012964,0.00084262,0.00008044,0.00006418,-0.00000944,12:15:11..598,,,,
12:15:11..633,3.04600761,0.000187,0.00008962,0.00064876,0.0004746,-0.00012936,0.00084217,0.00008051,0.00006372,-0.00000999,12:15:11..641,,,,
12:15:11..812,3.0511791,0.000187,0.00008994,0.00064915,0.00047378,-0.00012957,0.00084238,0.00008044,0.00006428,-0.00000926,12:15:11..810,,,,
12:15:11..845,3.0511791,-0.000152,0.00008959,0.00064888,0.00047452,-0.0001294,0.00084236,0.00008054,0.00006362,-0.00000996,12:15:11..855,,,,
12:15:11..990,3.05635059,-0.000152,0.00008969,0.00064851,0.00047379,-0.00012975,0.00084264,0.00007998,0.00006395,-0.00000988,12:15:11..988,,,,
12:15:12..023,6.95565405,-0.000452,0.00008993,0.00064871,0.00047397,-0.00012982,0.00084185,0.00008016,0.00006437,-0.00000965,12:15:12..031,,,,
12:15:12..070,14.90940567,0.001852,0.0000899,0.00064859,0.00047432,-0.00012966,0.00084245,0.00008052,0.00006391,-0.00000943,12:15:12..173,,,,
12:15:12..287,14.03025237,0.001852,0.0000895,0.00064853,0.00047354,-0.00012947,0.00084203,0.00008012,0.00006372,-0.00001001,12:15:12..294,,,,
12:15:12..320,10.29643659,0.016153,0.00008985,0.00064909,0.00047372,-0.00012995,0.00084204,0.00007992,0.00006338,-0.00000892,12:15:12..368,,,,
12:15:12..476,11.23247628,0.016153,0.00008996,0.0006486,0.00047326,-0.00013005,0.00084236,0.00007977,0.00006404,-0.00000911,12:15:12..485,,,,
12:15:12..510,11.25833373,0.016153,0.0000914,0.00064886,0.00046997,-0.00013199,0.00083991,0.00007857,0.00005754,-0.00000615,12:15:12..485,,,,
12:15:12..544,11.90994147,0.040882,0.00009213,0.00064875,0.00046892,-0.00013333,0.00083986,0.00007879,0.00005651,-0.00000593,12:15:12..575,,,,
12:15:12..658,12.34951812,0.062498,0.00009215,0.00064885,0.00046901,-0.00013275,0.00083939,0.00007868,0.00005667,-0.00000628,12:15:12..706,,,,
12:15:12..770,14.29399836,0.062498,0.00009235,0.00064843,0.00046922,-0.00013272,0.00083986,0.00007869,0.00005664,-0.00000571,12:15:12..775,,,,
12:15:12..802,15.98507559,0.062498,0.00009964,0.00064977,0.0004626,-0.00013641,0.00084128,0.0000841,0.00005059,-0.00001375,12:15:12..775,,,,
12:15:12..836,16.84871442,0.077098,0.00010122,0.00064956,0.00046142,-0.00013696,0.00084176,0.00008574,0.00004979,-0.0000157,12:15:12..903,,,,
12:15:12..922,17.59858047,0.090982,0.0001017,0.00064902,0.00046133,-0.00013691,0.00084135,0.00008535,0.00004963,-0.00001612,12:15:12..995,,,,
12:15:13..006,19.37240154,0.103599,0.00010143,0.00064895,0.00046156,-0.00013743,0.0008417,0.00008564,0.00004892,-0.00001631,12:15:13..101,,,,
12:15:13..126,21.28068135,0.103599,0.00010195,0.00064922,0.00046102,-0.00013702,0.00084148,0.00008592,0.00005007,-0.00001589,12:15:13..101,,,,
12:15:13..159,24.06811446,0.119424,0.00011906,0.00064654,0.00044969,-0.0001436,0.00084629,0.00009759,0.0000424,-0.00004478,12:15:13..189,,,,
12:15:13..348,24.70420773,0.119424,0.00011914,0.00064659,0.00044975,-0.00014325,0.00084631,0.00009775,0.00004238,-0.00004454,12:15:13..348,,,,
12:15:13..381,29.44646406,0.134377,0.00013091,0.00064605,0.00044105,-0.00014902,0.00085273,0.00010775,0.00003703,-0.00006859,12:15:13..392,,,,
12:15:13..418,30.39801822,0.136894,0.00013144,0.00064623,0.00044118,-0.00014775,0.00085331,0.0001079,0.00003739,-0.0000685,12:15:13..435,,,,
12:15:13..510,31.20994215,0.140324,0.00013139,0.00064589,0.00044108,-0.00014829,0.00085352,0.00010835,0.00003729,-0.00006869,12:15:13..510,,,,
12:15:13..559,33.06133557,0.141442,0.00013147,0.00064622,0.00044112,-0.0001484,0.00085313,0.00010813,0.00003704,-0.00006942,12:15:13..559,,,,
12:15:13..623,34.05426165,0.142169,0.00013145,0.00064579,0.00044081,-0.00014864,0.00085312,0.00010808,0.00003668,-0.0000692,12:15:13..625,,,,
12:15:13..714,34.93858644,0.142169,0.00013122,0.00064657,0.00044071,-0.00014838,0.00085326,0.0001083,0.00003702,-0.00006921,12:15:13..715,,,,
12:15:13..749,36.26765937,0.142283,0.00015082,0.00064723,0.0004301,-0.00015453,0.00086527,0.00012453,0.00003036,-0.00010086,12:15:13..715,,,,
12:15:13..782,36.5107194,0.141789,0.00015218,0.00064702,0.00042937,-0.00015458,0.00086626,0.00012559,0.00003043,-0.00010311,12:15:13..856,,,,
12:15:13..894,36.95029605,0.141789,0.00015241,0.00064714,0.00042893,-0.00015456,0.00086623,0.00012593,0.00003065,-0.00010281,12:15:13..856,,,,
12:15:13..926,38.07250938,0.139794,0.00015698,0.00064819,0.00042703,-0.00015523,0.00086746,0.0001296,0.00002877,-0.00010973,12:15:13..901,,,,
12:15:13..960,38.27419749,0.136412,0.00015832,0.00064868,0.00042651,-0.00015629,0.00086784,0.00013072,0.00002863,-0.00011067,12:15:13..986,,,,
12:15:14..036,38.56897242,0.134269,0.00015845,0.00064837,0.00042602,-0.00015589,0.00086846,0.00013021,0.00002907,-0.0001105,12:15:14..079,,,,
12:15:14..122,38.97752013,0.129272,0.00015819,0.00064845,0.00042633,-0.00015611,0.0008682,0.00013048,0.00002871,-0.00011075,12:15:14..123,,,,
12:15:14..195,39.2516091,0.123692,0.00015857,0.00064828,0.00042568,-0.00015642,0.00086826,0.00013085,0.00002897,-0.0001109,12:15:14..196,,,,
12:15:14..255,39.27746655,0.123692,0.00015847,0.00064835,0.00042613,-0.00015617,0.00086812,0.00013031,0.00002897,-0.00011132,12:15:14..255,,,,
12:15:14..288,39.43778274,0.117586,0.00016356,0.00064944,0.00042417,-0.00015701,0.00086968,0.00013408,0.00002864,-0.00011594,12:15:14..299,,,,
12:15:14..363,39.40158231,0.117586,0.00016375,0.00064957,0.00042355,-0.00015765,0.00087004,0.0001345,0.0000285,-0.00011544,12:15:14..363,,,,
12:15:14..396,39.27229506,0.114409,0.00016392,0.00065059,0.00042337,-0.00015708,0.00087053,0.00013495,0.00002898,-0.00011549,12:15:14..406,,,,
12:15:14..446,39.20506569,0.111235,0.00016383,0.00065061,0.00042351,-0.00015713,0.0008705,0.00013466,0.00002892,-0.00011567,12:15:14..449,,,,
12:15:14..478,39.0964644,0.104914,0.00016398,0.00065067,0.00042351,-0.00015688,0.00087069,0.00013457,0.00002945,-0.00011593,12:15:14..495,,,,
12:15:14..569,38.96717715,0.101669,0.00016421,0.00065068,0.00042352,-0.00015691,0.00087001,0.00013452,0.00002918,-0.00011584,12:15:14..566,,,,
12:15:14..644,38.80168947,0.101669,0.00016472,0.00065053,0.0004235,-0.00015705,0.00087019,0.00013457,0.00002927,-0.00011505,12:15:14..643,,,,
12:15:14..679,38.37762729,0.095205,0.00016351,0.00065153,0.00042443,-0.00015625,0.0008706,0.00013417,0.00002995,-0.00011398,12:15:14..643,,,,
12:15:14..731,38.17593918,0.088813,0.00016342,0.00065125,0.00042376,-0.00015608,0.00087024,0.00013418,0.00003066,-0.0001139,12:15:14..743,,,,
12:15:14..798,38.27936898,0.088813,0.00016355,0.00065095,0.00042368,-0.00015628,0.00087035,0.00013401,0.00002988,-0.00011415,12:15:14..798,,,,
12:15:14..832,37.89667872,0.082846,0.00016303,0.0006512,0.00042479,-0.00015491,0.00087057,0.00013359,0.00003145,-0.00011197,12:15:14..842,,,,
12:15:14..929,37.77256296,0.077227,0.00016283,0.0006512,0.00042447,-0.00015513,0.00087051,0.0001335,0.00003128,-0.00011238,12:15:14..975,,,,
12:15:15..027,37.53467442,0.077227,0.00016287,0.00065175,0.00042473,-0.00015523,0.00087054,0.00013388,0.000031,-0.00011192,12:15:15..027,,,,
12:15:15..059,37.27092843,0.072214,0.00016197,0.00065186,0.00042585,-0.00015423,0.00087025,0.00013271,0.00003242,-0.00010936,12:15:15..069,,,,
12:15:15..157,37.23989949,0.072214,0.00016131,0.00065106,0.00042498,-0.00015442,0.00087015,0.00013282,0.00003284,-0.00010972,12:15:15..223,,,,
12:15:15..236,37.11061224,0.072214,0.0001615,0.00065219,0.00042511,-0.00015422,0.00087051,0.00013292,0.00003254,-0.00010911,12:15:15..223,,,,
12:15:15..269,36.90892413,0.060552,0.00016153,0.00065193,0.00042486,-0.00015422,0.00087025,0.00013249,0.00003314,-0.00010863,12:15:15..342,,,,
12:15:15..412,36.94512456,0.060552,0.00016113,0.00065261,0.00042566,-0.00015437,0.00087009,0.00013274,0.00003285,-0.00010858,12:15:15..410,,,,
12:15:15..443,36.91926711,0.057986,0.00016202,0.00065242,0.00042532,-0.00015402,0.00087024,0.00013229,0.00003304,-0.00010881,12:15:15..453,,,,
12:15:15..591,36.9761535,0.057986,0.0001623,0.00065267,0.00042551,-0.00015399,0.00087043,0.00013283,0.00003322,-0.00010928,12:15:15..590,,,,
12:15:15..623,36.98649648,0.054144,0.00016241,0.00065326,0.00042479,-0.00015419,0.00087007,0.00013275,0.00003339,-0.00010983,12:15:15..632,,,,
12:15:15..758,37.08475479,0.054144,0.00016198,0.00065293,0.00042494,-0.00015417,0.0008703,0.00013308,0.00003331,-0.00010956,12:15:15..757,,,,
12:15:15..790,37.22438502,0.052621,0.00016331,0.00065307,0.0004249,-0.00015446,0.0008704,0.00013346,0.00003302,-0.00011021,12:15:15..802,,,,
12:15:15..823,37.22955651,0.052621,0.00016362,0.00065377,0.00042526,-0.00015442,0.00087033,0.00013328,0.00003336,-0.00010999,12:15:15..802,,,,
12:15:15..857,37.08992628,0.050951,0.00016359,0.00065389,0.00042495,-0.00015477,0.00087075,0.00013417,0.00003315,-0.00011076,12:15:15..894,,,,
12:15:15..978,37.08992628,0.050951,0.00016366,0.0006533,0.00042432,-0.00015425,0.00087065,0.00013365,0.00003353,-0.00011108,12:15:15..978,,,,
12:15:16..011,37.24507098,0.050154,0.0001637,0.00065346,0.00042398,-0.00015465,0.00087084,0.00013377,0.00003296,-0.00011175,12:15:16..020,,,,
12:15:16..084,37.26058545,0.050154,0.00016353,0.00065404,0.00042458,-0.0001544,0.00087034,0.00013405,0.00003309,-0.00011171,12:15:16..160,,,,
12:15:16..169,37.41573015,0.050154,0.00016397,0.00065403,0.00042429,-0.00015444,0.00087048,0.00013363,0.00003329,-0.00011176,12:15:16..160,,,,
12:15:16..203,37.38470121,0.0491,0.00016489,0.00065389,0.00042437,-0.00015433,0.00087058,0.0001345,0.00003313,-0.00011254,12:15:16..204,,,,
12:15:16..324,37.37952972,0.0491,0.00016456,0.00065373,0.00042403,-0.00015487,0.00087058,0.00013408,0.0000332,-0.00011238,12:15:16..322,,,,
12:15:16..358,37.40021568,0.048385,0.00016495,0.00065418,0.00042381,-0.00015479,0.00087027,0.00013419,0.00003305,-0.00011285,12:15:16..366,,,,
12:15:16..416,37.37952972,0.048385,0.00016518,0.00065412,0.00042339,-0.00015501,0.00087075,0.00013454,0.00003348,-0.00011305,12:15:16..495,,,,
12:15:16..508,37.46227356,0.048385,0.00016519,0.00065461,0.0004244,-0.00015457,0.0008708,0.00013445,0.00003295,-0.00011295,12:15:16..495,,,,
12:15:16..541,37.45193058,0.04749,0.00016503,0.00065436,0.00042347,-0.0001549,0.00087084,0.00013475,0.0000336,-0.0001134,12:15:16..597,,,,
12:15:16..701,37.46227356,0.04749,0.00016491,0.00065433,0.00042372,-0.00015442,0.00087065,0.00013456,0.00003317,-0.00011333,12:15:16..700,,,,
12:15:16..734,37.45710207,0.047337,0.00016537,0.00065491,0.00042312,-0.00015444,0.00087065,0.00013481,0.00003336,-0.00011326,12:15:16..743,,,,
12:15:16..893,37.30712886,0.047337,0.00016553,0.00065485,0.00042298,-0.00015492,0.00087084,0.00013476,0.00003372,-0.00011398,12:15:16..891,,,,
12:15:16..926,37.22438502,0.047721,0.00016594,0.000655,0.00042276,-0.000155,0.00087065,0.00013435,0.00003334,-0.00011374,12:15:16..937,,,,
12:15:17..061,37.31230035,0.047721,0.00016556,0.00065499,0.00042265,-0.00015508,0.00087075,0.00013462,0.000034,-0.00011369,12:15:17..059,,,,
12:15:17..092,37.31230035,0.047966,0.00016527,0.00065523,0.0004223,-0.00015522,0.00087074,0.00013462,0.00003374,-0.00011357,12:15:17..101,,,,
12:15:17..236,37.29161439,0.047966,0.00016586,0.00065528,0.00042325,-0.00015539,0.00087063,0.00013469,0.00003391,-0.00011358,12:15:17..234,,,,
12:15:17..267,37.28127141,0.048169,0.00016595,0.0006553,0.00042305,-0.00015502,0.00087038,0.00013473,0.00003392,-0.00011299,12:15:17..277,,,,
12:15:17..401,37.26575694,0.048169,0.00016588,0.00065523,0.00042256,-0.0001552,0.00087037,0.0001347,0.00003373,-0.0001133,12:15:17..399,,,,
12:15:17..434,37.23989949,0.048281,0.00016627,0.00065516,0.00042283,-0.0001545,0.00087075,0.00013416,0.00003386,-0.00011351,12:15:17..444,,,,
12:15:17..549,37.30195737,0.048281,0.00016636,0.00065507,0.00042262,-0.00015464,0.0008704,0.00013452,0.00003387,-0.00011331,12:15:17..547,,,,
12:15:17..580,37.19335608,0.048349,0.00016607,0.00065505,0.0004222,-0.0001554,0.00087048,0.00013431,0.00003389,-0.00011349,12:15:17..592,,,,
12:15:17..712,37.26058545,0.048349,0.00016612,0.000655,0.00042218,-0.00015542,0.00087023,0.00013458,0.0000335,-0.00011386,12:15:17..709,,,,
12:15:17..744,37.27609992,0.04835,0.00016647,0.0006554,0.0004221,-0.00015533,0.0008704,0.00013454,0.00003388,-0.00011361,12:15:17..709,,,,
12:15:17..847,37.21404204,0.048733,0.0001661,0.00065507,0.00042215,-0.00015494,0.00087016,0.00013444,0.00003341,-0.00011367,12:15:17..909,,,,
12:15:17..960,37.22438502,0.048733,0.00016628,0.00065487,0.00042222,-0.0001556,0.00086989,0.00013442,0.00003338,-0.00011354,12:15:17..960,,,,
12:15:17..994,37.22438502,0.04892,0.00016733,0.00065472,0.00042197,-0.00015525,0.00087031,0.00013481,0.00003342,-0.00011397,12:15:18..006,,,,
12:15:18..154,37.22438502,0.04892,0.00016704,0.00065465,0.0004213,-0.00015552,0.00087011,0.00013427,0.00003344,-0.00011437,12:15:18..152,,,,
12:15:18..186,35.04718773,0.049328,0.00017042,0.00065724,0.00042173,-0.0001559,0.00086944,0.00013349,0.00003255,-0.00011252,12:15:18..195,,,,
12:15:18..389,40.81339908,0.049328,0.00017006,0.00065777,0.00042241,-0.00015617,0.00086928,0.00013388,0.00003212,-0.0001127,12:15:18..387,,,,
12:15:18..422,41.33054808,0.050294,0.00018264,0.00066999,0.00042212,-0.0001611,0.00086534,0.00013256,0.00002971,-0.00009805,12:15:18..433,,,,
12:15:18..599,43.33191471,0.050294,0.00018281,0.00066952,0.00042151,-0.00016089,0.00086498,0.00013195,0.00002994,-0.0000977,12:15:18..597,,,,
12:15:18..630,37.94322213,0.050485,0.00017855,0.00066859,0.00042197,-0.00015976,0.00086721,0.00013308,0.00003072,-0.00010206,12:15:18..640,,,,
12:15:18..783,38.23799706,0.050485,0.0001781,0.00066802,0.00042156,-0.0001593,0.00086736,0.00013284,0.00003122,-0.00010212,12:15:18..781,,,,
12:15:18..816,35.67293802,0.050311,0.00017736,0.00066823,0.00042225,-0.00015919,0.00086662,0.0001323,0.00003226,-0.00009962,12:15:18..823,,,,
12:15:18..950,35.41953501,0.050311,0.0001769,0.00066805,0.00042199,-0.00015932,0.0008661,0.00013226,0.00003246,-0.00009967,12:15:18..948,,,,
12:15:18..982,37.06924032,0.050223,0.00017706,0.00066642,0.00042252,-0.0001586,0.00086581,0.00013172,0.00003216,-0.00009793,12:15:18..993,,,,
12:15:19..122,36.65552112,0.050223,0.00017721,0.00066657,0.00042223,-0.00015876,0.00086569,0.00013198,0.00003199,-0.00009798,12:15:19..120,,,,
12:15:19..153,36.42280407,0.05019,0.0001768,0.00066704,0.00042226,-0.00015867,0.00086613,0.00013201,0.00003253,-0.00009943,12:15:19..162,,,,
12:15:19..291,36.62449218,0.05019,0.00017646,0.00066712,0.00042252,-0.00015858,0.00086693,0.0001321,0.00003236,-0.00009967,12:15:19..289,,,,
12:15:19..324,36.70206453,0.050525,0.00017665,0.00066634,0.00042201,-0.00015914,0.0008661,0.00013169,0.00003177,-0.00010012,12:15:19..332,,,,
12:15:19..493,36.77446539,0.050525,0.00017697,0.00066613,0.00042227,-0.0001586,0.00086607,0.00013225,0.00003196,-0.00009925,12:15:19..490,,,,
12:15:19..524,36.91926711,0.051193,0.00017677,0.00066547,0.00042139,-0.00015937,0.00086573,0.00013202,0.00003224,-0.00010114,12:15:19..532,,,,
12:15:19..694,36.9244386,0.051193,0.00017679,0.00066585,0.00042174,-0.00015893,0.0008665,0.00013225,0.00003153,-0.00010155,12:15:19..692,,,,
12:15:19..725,36.93995307,0.051689,0.00017798,0.00066622,0.00042068,-0.0001594,0.00086547,0.00013245,0.00003188,-0.00010157,12:15:19..734,,,,
12:15:19..835,36.89858115,0.051689,0.0001779,0.00066609,0.00042137,-0.0001596,0.00086556,0.00013273,0.00003175,-0.00010184,12:15:19..835,,,,
12:15:19..866,37.20369906,0.05205,0.00017811,0.00066581,0.00042096,-0.00015928,0.0008662,0.00013254,0.00003141,-0.00010225,12:15:19..889,,,,
12:15:19..985,37.15198416,0.05205,0.00017795,0.00066588,0.00042082,-0.00015931,0.00086638,0.00013269,0.00003186,-0.00010203,12:15:19..984,,,,
12:15:20..019,37.09509777,0.052356,0.00017777,0.00066474,0.00042033,-0.00015946,0.00086566,0.00013277,0.00003127,-0.0001034,12:15:19..984,,,,
12:15:20..117,37.10544075,0.052464,0.00017812,0.0006656,0.00042042,-0.00015938,0.00086655,0.00013238,0.00003154,-0.00010333,12:15:20..176,,,,
12:15:20..244,37.28127141,0.052464,0.00017813,0.00066446,0.00042021,-0.0001597,0.00086577,0.00013246,0.00003158,-0.00010348,12:15:20..244,,,,
12:15:20..279,37.20887055,0.052442,0.00017799,0.00066524,0.00042063,-0.00015968,0.00086659,0.00013264,0.00003171,-0.00010344,12:15:20..288,,,,
12:15:20..349,37.19335608,0.052442,0.0001783,0.00066488,0.00042024,-0.00015964,0.00086628,0.00013281,0.00003186,-0.0001032,12:15:20..412,,,,
12:15:20..419,37.08475479,0.052442,0.0001778,0.00066482,0.00042011,-0.00015961,0.00086639,0.00013255,0.00003127,-0.00010352,12:15:20..412,,,,
12:15:20..451,37.05372585,0.052405,0.00017774,0.00066449,0.00042042,-0.00015954,0.00086583,0.00013206,0.00003173,-0.00010299,12:15:20..454,,,,
12:15:20..524,36.90892413,0.052405,0.0001776,0.0006648,0.00042022,-0.00015955,0.00086545,0.00013207,0.00003144,-0.00010328,12:15:20..593,,,,
12:15:20..620,36.98649648,0.052405,0.00017818,0.00066452,0.00042027,-0.00015982,0.00086546,0.00013206,0.00003154,-0.00010284,12:15:20..593,,,,
12:15:20..653,36.95029605,0.052632,0.00017752,0.00066452,0.00042027,-0.00015992,0.00086568,0.00013206,0.00003155,-0.00010276,12:15:20..681,,,,
12:15:20..784,36.88306668,0.052632,0.0001773,0.00066457,0.00041986,-0.00016005,0.00086547,0.0001319,0.00003178,-0.00010348,12:15:20..782,,,,
12:15:20..816,36.90892413,0.052792,0.00017734,0.00066463,0.00042081,-0.00015957,0.0008653,0.0001317,0.00003193,-0.0001033,12:15:20..824,,,,
12:15:20..971,36.93478158,0.052792,0.00017707,0.00066443,0.00041996,-0.00015996,0.0008653,0.00013148,0.000032,-0.00010311,12:15:20..969,,,,
12:15:21..004,36.81066582,0.053042,0.00017712,0.00066451,0.00042036,-0.00016005,0.00086561,0.00013173,0.0000319,-0.00010344,12:15:21..013,,,,
12:15:21..157,36.89340966,0.053042,0.00017724,0.00066475,0.00042016,-0.00015992,0.00086557,0.00013175,0.00003203,-0.00010289,12:15:21..155,,,,
12:15:21..189,36.95546754,0.05332,0.00017688,0.00066391,0.00042035,-0.00015978,0.00086534,0.00013162,0.00003169,-0.00010329,12:15:21..200,,,,
12:15:21..249,36.90375264,0.05332,0.00017709,0.00066316,0.0004195,-0.00016037,0.00086516,0.00013078,0.00003155,-0.00010388,12:15:21..247,,,,
12:15:21..282,36.84686625,0.05344,0.00017714,0.00066388,0.00041991,-0.00016007,0.00086542,0.0001317,0.00003164,-0.00010371,12:15:21..291,,,,
12:15:21..347,36.93995307,0.05344,0.00017721,0.00066404,0.00041949,-0.00016023,0.00086496,0.00013145,0.00003168,-0.00010432,12:15:21..410,,,,
12:15:21..448,36.90375264,0.05344,0.00017735,0.00066425,0.00041994,-0.00015952,0.00086515,0.00013158,0.00003165,-0.00010365,12:15:21..410,,,,
12:15:21..481,36.96063903,0.053681,0.00017711,0.00066358,0.00041938,-0.00016,0.00086523,0.00013107,0.00003127,-0.0001039,12:15:21..494,,,,
12:15:21..601,36.93478158,0.053681,0.00017739,0.00066405,0.00042006,-0.00015964,0.00086475,0.00013153,0.00003136,-0.00010422,12:15:21..599,,,,
12:15:21..632,36.97098201,0.053874,0.00017726,0.00066399,0.0004193,-0.00015946,0.000865,0.00013175,0.00003195,-0.00010394,12:15:21..642,,,,
12:15:21..708,36.91926711,0.053834,0.00017708,0.00066405,0.00041929,-0.00016019,0.0008647,0.00013087,0.0000317,-0.00010397,12:15:21..779,,,,
12:15:21..789,36.85720923,0.053834,0.00017719,0.00066393,0.00041926,-0.00016006,0.00086501,0.000131,0.00003133,-0.00010434,12:15:21..779,,,,
12:15:21..824,36.89858115,0.053579,0.00017681,0.00066362,0.00041911,-0.00015997,0.00086487,0.0001312,0.00003156,-0.00010444,12:15:21..926,,,,
12:15:22..009,36.9244386,0.053579,0.0001772,0.00066351,0.00041924,-0.00016015,0.00086503,0.00013084,0.00003112,-0.0001044,12:15:21..926,,,,
12:15:22..042,36.93478158,0.053521,0.00017729,0.00066366,0.00041899,-0.00016033,0.00086456,0.00013086,0.00003158,-0.00010445,12:15:22..054,,,,
12:15:22..203,36.93995307,0.053521,0.00017711,0.00066417,0.0004197,-0.00016046,0.00086481,0.00013154,0.00003086,-0.00010448,12:15:22..201,,,,
12:15:22..237,36.93995307,0.053667,0.0001769,0.00066285,0.00041885,-0.00016058,0.00086461,0.0001309,0.00003138,-0.00010504,12:15:22..244,,,,
12:15:22..375,36.8727237,0.053667,0.00017663,0.00066333,0.00041855,-0.00016048,0.0008643,0.00013074,0.00003035,-0.00010517,12:15:22..374,,,,
12:15:22..407,36.97098201,0.05388,0.00017699,0.00066298,0.00041908,-0.0001601,0.00086496,0.00013113,0.0000307,-0.00010486,12:15:22..416,,,,
12:15:22..509,36.84686625,0.054204,0.00017691,0.00066303,0.00041852,-0.00016056,0.0008644,0.0001308,0.00003107,-0.00010488,12:15:22..566,,,,
12:15:22..641,36.93478158,0.054204,0.00017666,0.00066288,0.00041898,-0.00016085,0.00086438,0.00013107,0.00003093,-0.00010511,12:15:22..643,,,,
12:15:22..677,36.97098201,0.054268,0.00017722,0.0006627,0.00041805,-0.00016077,0.00086433,0.00013072,0.00003052,-0.00010553,12:15:22..687,,,,
12:15:22..831,36.90892413,0.054268,0.00017712,0.00066293,0.00041871,-0.00016072,0.00086456,0.00013105,0.00003063,-0.00010549,12:15:22..830,,,,
12:15:22..865,36.8727237,0.054539,0.00017663,0.00066308,0.00041838,-0.00016041,0.00086444,0.00013059,0.0000306,-0.00010544,12:15:22..874,,,,
12:15:23..030,36.83652327,0.054539,0.00017692,0.00066267,0.00041842,-0.00016087,0.0008641,0.00013115,0.0000307,-0.00010539,12:15:23..028,,,,
12:15:23..061,36.82618029,0.054945,0.00017663,0.00066257,0.00041826,-0.00016092,0.00086419,0.00013027,0.00003034,-0.00010512,12:15:23..070,,,,
12:15:23..172,36.85203774,0.054945,0.00017671,0.00066271,0.0004185,-0.00016106,0.00086398,0.00013075,0.00003107,-0.00010537,12:15:23..240,,,,
12:15:23..262,36.87789519,0.054945,0.00017653,0.00066231,0.0004189,-0.0001608,0.00086415,0.00013061,0.0000308,-0.00010573,12:15:23..240,,,,
12:15:23..295,36.82618029,0.055141,0.00017723,0.00066289,0.00041797,-0.00016075,0.00086447,0.00013076,0.00003063,-0.00010529,12:15:23..328,,,,
12:15:23..451,36.85203774,0.055141,0.00017728,0.0006627,0.00041831,-0.00016051,0.00086447,0.00013067,0.00003041,-0.00010571,12:15:23..448,,,,
12:15:23..481,36.79515135,0.055436,0.00017664,0.00066215,0.0004183,-0.00016074,0.00086465,0.00013115,0.00003067,-0.00010608,12:15:23..491,,,,
12:15:23..555,36.88823817,0.055783,0.00017707,0.00066207,0.00041744,-0.00016099,0.0008643,0.00013051,0.00003072,-0.00010549,12:15:23..601,,,,
12:15:23..671,36.82618029,0.055783,0.00017697,0.00066255,0.00041804,-0.00016082,0.00086434,0.00013078,0.00003023,-0.00010546,12:15:23..671,,,,
12:15:23..704,36.89340966,0.0558,0.00017709,0.00066265,0.00041758,-0.00016113,0.00086437,0.00013054,0.00003015,-0.00010578,12:15:23..671,,,,
12:15:23..790,36.84169476,0.0558,0.00017697,0.00066239,0.00041706,-0.00016116,0.00086403,0.00013036,0.00003042,-0.00010593,12:15:23..848,,,,
12:15:23..868,36.81066582,0.0558,0.00017698,0.00066248,0.00041785,-0.00016097,0.00086443,0.00013055,0.00003059,-0.0001057,12:15:23..848,,,,
12:15:23..902,36.78480837,0.056129,0.00017646,0.00066181,0.00041739,-0.00016165,0.00086417,0.00012999,0.00003026,-0.00010613,12:15:23..936,,,,
12:15:24..061,36.80032284,0.056129,0.00017649,0.00066208,0.00041749,-0.00016162,0.00086408,0.00013049,0.00003008,-0.00010647,12:15:24..058,,,,
12:15:24..091,36.80549433,0.056606,0.00017664,0.00066184,0.00041738,-0.00016132,0.00086369,0.00013002,0.00002998,-0.0001067,12:15:24..058,,,,
12:15:24..189,36.8727237,0.056606,0.0001767,0.00066177,0.00041691,-0.00016203,0.00086394,0.00013043,0.0000302,-0.00010631,12:15:24..244,,,,
12:15:24..264,36.84686625,0.056606,0.00017664,0.00066214,0.00041788,-0.00016153,0.00086376,0.00013035,0.00003,-0.00010626,12:15:24..244,,,,
12:15:24..298,36.83135178,0.057011,0.00017694,0.00066146,0.00041675,-0.00016221,0.00086361,0.00012978,0.00003034,-0.00010656,12:15:24..380,,,,
12:15:24..446,36.81583731,0.057011,0.00017658,0.00066177,0.00041745,-0.00016192,0.00086367,0.00012993,0.00003048,-0.00010658,12:15:24..459,,,,
12:15:24..477,36.85203774,0.057011,0.0001766,0.00066177,0.00041739,-0.00016197,0.00086392,0.00012997,0.0000304,-0.00010618,12:15:24..459,,,,
12:15:24..510,36.80549433,0.057258,0.00017648,0.00066156,0.00041715,-0.00016203,0.00086355,0.0001298,0.00002965,-0.0001065,12:15:24..505,,,,
12:15:24..545,36.81583731,0.057325,0.00017666,0.00066129,0.00041718,-0.00016185,0.00086398,0.00012997,0.00002999,-0.00010647,12:15:24..550,,,,
12:15:24..688,36.80032284,0.057325,0.00017651,0.00066164,0.00041742,-0.00016185,0.00086334,0.00012979,0.00003016,-0.00010643,12:15:24..686,,,,
12:15:24..721,36.7692939,0.057328,0.00017591,0.00066178,0.0004168,-0.00016202,0.00086344,0.00013006,0.0000301,-0.00010676,12:15:24..730,,,,
12:15:24..849,36.78997986,0.057328,0.00017637,0.00066198,0.00041751,-0.00016144,0.00086414,0.00012988,0.00002978,-0.00010671,12:15:24..847,,,,
12:15:24..881,36.80549433,0.057184,0.00017686,0.00066172,0.0004167,-0.00016166,0.00086321,0.00012963,0.00002993,-0.00010682,12:15:24..892,,,,
12:15:24..992,36.75895092,0.057184,0.00017607,0.00066181,0.00041675,-0.00016159,0.00086365,0.00012988,0.00003014,-0.00010653,12:15:24..990,,,,
12:15:25..023,36.88306668,0.05726,0.00017635,0.00066153,0.00041656,-0.0001622,0.00086316,0.00012965,0.00002989,-0.00010729,12:15:25..033,,,,
12:15:25..218,36.81066582,0.05726,0.00017647,0.00066128,0.00041683,-0.00016249,0.00086297,0.0001298,0.00002938,-0.0001068,12:15:25..216,,,,
12:15:25..249,36.76412241,0.057464,0.00017649,0.00066127,0.00041663,-0.00016247,0.00086281,0.00012976,0.0000297,-0.00010754,12:15:25..260,,,,
12:15:25..397,36.81583731,0.057464,0.00017663,0.00066155,0.00041672,-0.00016227,0.00086314,0.00013016,0.00002962,-0.00010742,12:15:25..395,,,,
12:15:25..429,36.80549433,0.057666,0.00017629,0.00066122,0.00041628,-0.00016269,0.00086304,0.00012907,0.00002934,-0.00010798,12:15:25..438,,,,
12:15:25..565,36.76412241,0.057666,0.00017606,0.00066139,0.00041671,-0.00016216,0.00086276,0.00012962,0.00002868,-0.00010838,12:15:25..564,,,,
12:15:25..597,36.81583731,0.057799,0.00017624,0.00066147,0.00041613,-0.00016285,0.00086288,0.00012955,0.00002922,-0.00010768,12:15:25..608,,,,
12:15:25..745,36.8727237,0.057799,0.00017616,0.00066114,0.00041641,-0.00016263,0.00086298,0.0001295,0.00002896,-0.00010768,12:15:25..743,,,,
12:15:25..778,36.83652327,0.057828,0.0001763,0.00066106,0.00041637,-0.00016188,0.00086355,0.00012967,0.00002942,-0.0001078,12:15:25..786,,,,
12:15:25..921,36.86238072,0.057828,0.00017613,0.00066149,0.00041631,-0.00016201,0.00086305,0.0001296,0.00002925,-0.00010778,12:15:25..919,,,,
12:15:25..952,36.8210088,0.057972,0.00017588,0.00066135,0.00041603,-0.00016263,0.00086281,0.00012908,0.00002951,-0.00010749,12:15:25..961,,,,
12:15:26..102,36.75377943,0.057972,0.00017612,0.00066146,0.00041684,-0.00016239,0.00086329,0.0001293,0.00002878,-0.00010729,12:15:26..100,,,,
12:15:26..135,36.74343645,0.058359,0.00017586,0.00066131,0.00041603,-0.00016218,0.00086233,0.00012948,0.00002935,-0.00010792,12:15:26..144,,,,
12:15:26..168,36.76412241,0.058359,0.0001761,0.0006614,0.00041613,-0.00016292,0.00086281,0.000129,0.00002872,-0.00010809,12:15:26..144,,,,
12:15:26..203,36.8210088,0.058643,0.00017606,0.00066093,0.00041554,-0.00016243,0.00086226,0.00012941,0.00002859,-0.00010772,12:15:26..243,,,,
12:15:26..347,36.77446539,0.058736,0.00017617,0.00066139,0.00041603,-0.00016276,0.00086264,0.00012934,0.00002915,-0.00010794,12:15:26..345,,,,
12:15:26..427,36.77963688,0.058736,0.00017598,0.00066112,0.00041566,-0.0001628,0.00086269,0.00012957,0.00002943,-0.00010803,12:15:26..430,,,,
12:15:26..460,36.81583731,0.058755,0.00017611,0.00066111,0.00041572,-0.00016258,0.00086304,0.00012926,0.00002953,-0.00010831,12:15:26..546,,,,
12:15:26..647,36.77446539,0.058755,0.00017594,0.00066141,0.00041613,-0.000163,0.00086286,0.00012947,0.00002915,-0.00010808,12:15:26..647,,,,
12:15:26..681,36.70206453,0.058571,0.00017536,0.00066094,0.00041601,-0.00016235,0.00086289,0.00012861,0.00002894,-0.00010778,12:15:26..692,,,,
12:15:26..755,36.75895092,0.058571,0.00017556,0.00066097,0.00041559,-0.00016253,0.00086257,0.0001289,0.00002874,-0.00010843,12:15:26..815,,,,
12:15:26..824,36.717579,0.058571,0.0001759,0.00066094,0.00041616,-0.00016228,0.00086254,0.0001288,0.00002897,-0.00010823,12:15:26..815,,,,
12:15:26..858,36.75377943,0.058565,0.00017582,0.00066092,0.00041585,-0.00016271,0.00086211,0.00012893,0.00002867,-0.00010859,12:15:26..859,,,,
12:15:26..896,36.74343645,0.058641,0.00017559,0.00066087,0.00041515,-0.00016292,0.00086269,0.00012858,0.00002854,-0.00010834,12:15:26..901,,,,
12:15:26..977,36.73826496,0.058641,0.00017595,0.00066111,0.0004163,-0.00016278,0.00086307,0.00012922,0.00002856,-0.00010839,12:15:26..980,,,,
12:15:27..012,36.75895092,0.058759,0.00017578,0.00066145,0.00041556,-0.00016261,0.00086211,0.00012866,0.00002909,-0.00010814,12:15:27..023,,,,
12:15:27..142,36.6658641,0.058759,0.00017583,0.00066109,0.00041601,-0.00016296,0.00086254,0.00012866,0.00002855,-0.00010819,12:15:27..141,,,,
12:15:27..174,36.717579,0.058759,0.00017519,0.00066133,0.00041531,-0.00016273,0.00086206,0.00012866,0.00002849,-0.00010871,12:15:27..141,,,,
12:15:27..209,36.79515135,0.059005,0.0001756,0.00066064,0.00041554,-0.00016282,0.00086228,0.00012864,0.00002832,-0.00010872,12:15:27..272,,,,
12:15:27..326,36.72275049,0.059005,0.00017576,0.00066121,0.00041534,-0.00016308,0.00086223,0.0001283,0.0000286,-0.0001085,12:15:27..272,,,,
12:15:27..357,36.80549433,0.059066,0.00017526,0.00066098,0.00041496,-0.00016306,0.00086189,0.00012839,0.00002897,-0.00010888,12:15:27..369,,,,
12:15:27..514,36.78997986,0.059066,0.00017539,0.00066081,0.00041542,-0.00016311,0.00086253,0.00012842,0.00002836,-0.00010957,12:15:27..512,,,,
12:15:27..545,36.81583731,0.05932,0.00017543,0.00066062,0.00041531,-0.00016353,0.00086189,0.0001282,0.00002841,-0.00010935,12:15:27..556,,,,
12:15:27..703,36.74343645,0.05932,0.00017535,0.00066099,0.0004153,-0.00016309,0.00086201,0.00012855,0.00002861,-0.00010921,12:15:27..701,,,,
12:15:27..735,36.78997986,0.05932,0.00017596,0.00066077,0.00041543,-0.00016279,0.00086201,0.00012834,0.00002812,-0.00010889,12:15:27..744,,,,
12:15:27..899,36.73309347,0.05932,0.00017581,0.00066074,0.00041504,-0.00016276,0.0008618,0.00012824,0.00002901,-0.00010915,12:15:27..897,,,,
12:15:27..930,36.70206453,0.059735,0.00017568,0.00066108,0.00041519,-0.00016365,0.00086149,0.00012789,0.00002871,-0.00010911,12:15:27..941,,,,
12:15:28..086,36.82618029,0.059735,0.00017582,0.00066064,0.00041512,-0.00016322,0.00086198,0.00012801,0.00002821,-0.00010891,12:15:28..084,,,,
12:15:28..120,36.7692939,0.059936,0.00017554,0.00066043,0.00041489,-0.0001639,0.00086114,0.00012787,0.00002854,-0.00010923,12:15:28..128,,,,
12:15:28..178,36.77446539,0.059927,0.00017536,0.00066056,0.00041539,-0.00016367,0.00086142,0.00012796,0.00002801,-0.00010929,12:15:28..265,,,,
12:15:28..287,36.76412241,0.059927,0.00017535,0.00066047,0.00041462,-0.00016389,0.00086086,0.00012815,0.00002808,-0.00010981,12:15:28..265,,,,
12:15:28..319,36.72792198,0.060029,0.00017537,0.00066059,0.00041519,-0.00016353,0.00086134,0.00012807,0.00002827,-0.00010931,12:15:28..352,,,,
12:15:28..467,36.81583731,0.060029,0.00017531,0.00066114,0.0004146,-0.00016363,0.0008617,0.00012797,0.00002832,-0.00010976,12:15:28..465,,,,
12:15:28..500,36.72792198,0.060389,0.00017472,0.00066075,0.0004147,-0.00016391,0.00086139,0.00012758,0.00002797,-0.00010987,12:15:28..507,,,,
12:15:28..675,36.73826496,0.060389,0.00017516,0.00066025,0.00041509,-0.0001639,0.00086133,0.00012777,0.00002835,-0.00010951,12:15:28..673,,,,
12:15:28..707,36.73826496,0.06035,0.00017482,0.00066067,0.00041484,-0.00016411,0.000861,0.00012727,0.00002831,-0.00010982,12:15:28..717,,,,
12:15:28..796,36.69172155,0.06035,0.000175,0.00066045,0.00041502,-0.00016355,0.00086171,0.00012701,0.00002797,-0.00010997,12:15:28..842,,,,
12:15:28..848,36.74860794,0.06035,0.00017506,0.00066047,0.00041465,-0.00016353,0.00086096,0.00012721,0.00002816,-0.00010955,12:15:28..842,,,,
12:15:28..882,36.6658641,0.060523,0.00017518,0.00066018,0.00041428,-0.00016386,0.00086109,0.0001274,0.00002803,-0.00010972,12:15:28..884,,,,
12:15:29..002,36.73309347,0.060523,0.00017492,0.00066045,0.00041496,-0.00016344,0.00086092,0.00012754,0.00002778,-0.00010978,12:15:29..000,,,,
12:15:29..034,36.74343645,0.060547,0.00017479,0.00066045,0.000415,-0.00016394,0.00086093,0.00012717,0.00002747,-0.0001094,12:15:29..043,,,,
12:15:29..146,36.67620708,0.060547,0.00017483,0.00066049,0.00041475,-0.00016429,0.00086074,0.00012719,0.00002807,-0.00010989,12:15:29..145,,,,
12:15:29..179,36.74343645,0.060573,0.00017489,0.00066038,0.00041439,-0.00016413,0.00086085,0.00012736,0.00002732,-0.00010976,12:15:29..191,,,,
12:15:29..308,36.717579,0.060573,0.00017442,0.00066041,0.00041492,-0.00016368,0.00086038,0.00012696,0.0000278,-0.00010988,12:15:29..306,,,,
12:15:29..339,36.72792198,0.060428,0.00017497,0.00066044,0.00041452,-0.00016399,0.00086014,0.00012699,0.0000273,-0.00010992,12:15:29..348,,,,
12:15:29..481,36.70723602,0.060428,0.00017459,0.00066064,0.00041472,-0.00016389,0.00086061,0.00012674,0.00002747,-0.00010993,12:15:29..479,,,,
12:15:29..515,36.70206453,0.060369,0.00017482,0.00066034,0.00041465,-0.00016413,0.00086069,0.00012667,0.00002733,-0.00011003,12:15:29..524,,,,
12:15:29..571,36.68137857,0.060402,0.00017474,0.00066034,0.00041458,-0.0001642,0.00086069,0.00012684,0.00002816,-0.00010968,12:15:29..665,,,,
12:15:29..703,36.72275049,0.060402,0.00017476,0.00066083,0.00041452,-0.00016384,0.00086064,0.00012646,0.00002737,-0.00010982,12:15:29..665,,,,
12:15:29..735,36.73826496,0.060351,0.00017447,0.00066038,0.00041391,-0.00016448,0.00086016,0.00012699,0.00002754,-0.00011062,12:15:29..754,,,,
12:15:29..910,36.77963688,0.060351,0.00017469,0.00066052,0.00041414,-0.00016438,0.00086052,0.00012697,0.00002774,-0.00011077,12:15:29..908,,,,
12:15:29..942,36.69172155,0.060402,0.00017475,0.00066046,0.00041462,-0.00016475,0.00085997,0.00012693,0.00002742,-0.0001106,12:15:29..949,,,,
12:15:30..117,36.64000665,0.060402,0.00017459,0.0006603,0.00041394,-0.00016463,0.00086042,0.00012672,0.00002738,-0.00011021,12:15:30..115,,,,
12:15:30..149,36.64000665,0.060463,0.00017455,0.00066008,0.00041416,-0.00016445,0.00086006,0.00012681,0.00002726,-0.00011087,12:15:30..158,,,,
12:15:30..307,36.75895092,0.060463,0.0001751,0.00066012,0.00041384,-0.00016487,0.00085988,0.00012645,0.00002776,-0.00011057,12:15:30..307,,,,
12:15:30..342,36.75377943,0.060487,0.00017417,0.00066041,0.00041377,-0.00016442,0.00086004,0.00012638,0.00002763,-0.00011018,12:15:30..351,,,,
12:15:30..467,36.74860794,0.060487,0.00017465,0.0006604,0.00041388,-0.00016441,0.00085943,0.0001263,0.00002748,-0.00011064,12:15:30..465,,,,
12:15:30..499,36.72792198,0.060635,0.00017414,0.00066013,0.00041424,-0.00016511,0.00085955,0.00012598,0.00002757,-0.00011091,12:15:30..508,,,,
12:15:30..642,36.74343645,0.060635,0.00017434,0.00066052,0.00041425,-0.00016474,0.0008599,0.00012601,0.00002723,-0.00011083,12:15:30..641,,,,
12:15:30..675,36.76412241,0.060569,0.00017461,0.00066078,0.00041423,-0.00016484,0.00086004,0.00012636,0.00002763,-0.00011062,12:15:30..687,,,,
12:15:30..792,36.76412241,0.060569,0.00017452,0.00065994,0.0004136,-0.00016509,0.00086004,0.00012643,0.00002782,-0.00011068,12:15:30..790,,,,
12:15:30..825,36.75377943,0.060525,0.00017405,0.00066021,0.0004136,-0.00016486,0.00085961,0.00012589,0.00002742,-0.00011149,12:15:30..832,,,,
12:15:30..964,36.72275049,0.060525,0.00017469,0.00066066,0.0004138,-0.00016456,0.00085979,0.00012637,0.00002772,-0.00011087,12:15:30..962,,,,
12:15:30..996,36.62449218,0.060529,0.00017442,0.00066034,0.00041365,-0.00016538,0.000859,0.0001263,0.00002766,-0.00011107,12:15:31..005,,,,
12:15:31..152,36.64000665,0.060529,0.00017427,0.00066015,0.00041325,-0.00016476,0.00085953,0.00012639,0.00002802,-0.00011075,12:15:31..150,,,,
12:15:31..185,36.63483516,0.060574,0.00017442,0.00066041,0.00041366,-0.00016523,0.00085899,0.00012598,0.00002733,-0.00011117,12:15:31..195,,,,
12:15:31..329,36.75895092,0.060574,0.00017412,0.00066011,0.00041305,-0.00016549,0.00085912,0.00012597,0.00002786,-0.00011129,12:15:31..327,,,,
12:15:31..361,36.6658641,0.060392,0.00017414,0.00065998,0.00041308,-0.00016507,0.00085942,0.00012577,0.00002703,-0.00011048,12:15:31..371,,,,
12:15:31..431,36.717579,0.060272,0.00017458,0.00066019,0.00041322,-0.00016529,0.00085905,0.0001257,0.00002692,-0.00011134,12:15:31..484,,,,
12:15:31..504,36.62966367,0.060272,0.00017402,0.00065962,0.00041338,-0.00016523,0.00085884,0.0001256,0.00002822,-0.00011116,12:15:31..484,,,,
12:15:31..539,36.717579,0.060244,0.00017375,0.00065991,0.0004136,-0.00016545,0.00085962,0.0001262,0.00002683,-0.00011177,12:15:31..571,,,,
12:15:31..676,36.69689304,0.060244,0.00017414,0.00066017,0.00041347,-0.0001651,0.00085911,0.00012592,0.00002715,-0.00011122,12:15:31..675,,,,
12:15:31..708,36.72792198,0.060176,0.00017462,0.00066007,0.0004135,-0.00016552,0.00085888,0.00012574,0.00002723,-0.00011141,12:15:31..718,,,,
12:15:31..827,36.68655006,0.060176,0.00017429,0.00066023,0.00041285,-0.0001653,0.00085881,0.00012598,0.00002731,-0.00011109,12:15:31..824,,,,
12:15:31..859,36.70723602,0.060532,0.00017441,0.00066047,0.00041393,-0.00016572,0.00085914,0.00012596,0.00002688,-0.0001111,12:15:31..870,,,,
12:15:32..016,36.7692939,0.060532,0.00017417,0.0006601,0.00041288,-0.00016591,0.00085864,0.00012566,0.0000277,-0.00011193,12:15:32..013,,,,
12:15:32..048,36.77963688,0.060661,0.0001742,0.00065982,0.00041369,-0.00016572,0.00085844,0.00012571,0.00002683,-0.00011199,12:15:32..055,,,,
12:15:32..189,36.73826496,0.060661,0.00017479,0.00065988,0.00041327,-0.00016598,0.0008592,0.00012569,0.00002746,-0.00011186,12:15:32..187,,,,
12:15:32..222,36.69689304,0.060634,0.00017402,0.00065961,0.00041346,-0.0001659,0.0008589,0.00012546,0.0000266,-0.00011186,12:15:32..231,,,,
12:15:32..367,36.68655006,0.060634,0.00017406,0.00065959,0.00041293,-0.00016621,0.00085849,0.00012552,0.00002643,-0.00011196,12:15:32..364,,,,
12:15:32..399,36.71240751,0.06034,0.00017394,0.00065993,0.00041321,-0.00016584,0.00085856,0.00012518,0.00002716,-0.00011202,12:15:32..407,,,,
12:15:32..537,36.75377943,0.06034,0.00017427,0.00065954,0.00041278,-0.0001658,0.00085831,0.00012521,0.00002685,-0.00011258,12:15:32..534,,,,
12:15:32..568,36.72275049,0.060174,0.00017375,0.00065995,0.00041312,-0.0001655,0.00085852,0.00012537,0.00002678,-0.00011257,12:15:32..534,,,,
12:15:32..675,36.73309347,0.060174,0.00017397,0.00065977,0.00041305,-0.00016594,0.00085844,0.00012544,0.00002701,-0.00011164,12:15:32..719,,,,
12:15:32..729,36.73826496,0.060174,0.00017409,0.00065996,0.00041317,-0.00016563,0.0008586,0.00012548,0.00002673,-0.00011227,12:15:32..719,,,,
12:15:32..764,36.71240751,0.059969,0.00017394,0.00066024,0.00041328,-0.00016579,0.0008586,0.0001256,0.00002672,-0.00011165,12:15:32..847,,,,
12:15:32..926,36.61932069,0.059969,0.00017423,0.00065965,0.00041325,-0.00016594,0.00085855,0.00012551,0.00002678,-0.00011207,12:15:32..847,,,,
12:15:32..957,36.72275049,0.060086,0.00017409,0.00066015,0.0004132,-0.00016604,0.0008585,0.00012559,0.0000266,-0.00011224,12:15:32..968,,,,
12:15:33..102,36.62449218,0.060086,0.00017372,0.00065936,0.00041287,-0.00016636,0.00085837,0.00012512,0.00002711,-0.00011205,12:15:33..100,,,,
12:15:33..134,36.68655006,0.060246,0.00017383,0.00065932,0.00041261,-0.00016634,0.00085848,0.00012574,0.00002659,-0.00011234,12:15:33..144,,,,
12:15:33..280,36.69172155,0.060246,0.00017366,0.00065977,0.0004134,-0.00016624,0.00085834,0.00012612,0.00002672,-0.00011275,12:15:33..277,,,,
12:15:33..312,36.75895092,0.060497,0.00017391,0.00065897,0.00041262,-0.00016586,0.00085841,0.00012504,0.00002763,-0.00011236,12:15:33..318,,,,
12:15:33..463,36.69689304,0.060497,0.00017377,0.00065979,0.00041328,-0.00016612,0.0008584,0.00012535,0.00002653,-0.00011235,12:15:33..460,,,,
12:15:33..495,36.70723602,0.060603,0.0001737,0.00065951,0.00041274,-0.00016593,0.00085844,0.00012501,0.00002755,-0.00011278,12:15:33..504,,,,
12:15:33..677,36.58829175,0.060603,0.00017408,0.00065915,0.00041315,-0.00016591,0.0008582,0.00012458,0.00002704,-0.00011248,12:15:33..674,,,,
12:15:33..709,36.6141492,0.060563,0.00017368,0.00065962,0.00041266,-0.00016622,0.00085845,0.00012493,0.00002776,-0.00011258,12:15:33..717,,,,
12:15:33..876,36.64517814,0.060563,0.00017398,0.00065977,0.00041329,-0.000166,0.00085855,0.00012493,0.00002745,-0.00011239,12:15:33..874,,,,
12:15:33..908,36.62966367,0.060663,0.00017318,0.00065997,0.00041309,-0.00016624,0.00085887,0.00012524,0.00002697,-0.00011272,12:15:33..917,,,,
12:15:34..084,36.717579,0.060663,0.00017357,0.00065986,0.00041242,-0.00016634,0.00085803,0.00012477,0.00002768,-0.00011229,12:15:34..083,,,,
12:15:34..118,36.70723602,0.060666,0.00017381,0.00065984,0.00041293,-0.00016583,0.00085818,0.00012527,0.00002743,-0.00011247,12:15:34..128,,,,
12:15:34..243,36.58829175,0.060666,0.00017363,0.00065995,0.00041291,-0.00016627,0.00085826,0.00012561,0.00002714,-0.0001124,12:15:34..240,,,,
12:15:34..276,36.60380622,0.060619,0.00017411,0.00065958,0.00041231,-0.00016613,0.00085792,0.00012508,0.00002725,-0.00011292,12:15:34..285,,,,
12:15:34..395,36.67620708,0.060619,0.00017361,0.00066006,0.00041322,-0.00016641,0.000858,0.0001253,0.00002738,-0.00011241,12:15:34..393,,,,
12:15:34..426,36.65034963,0.060509,0.00017375,0.00065989,0.00041247,-0.00016657,0.0008577,0.00012477,0.00002673,-0.00011272,12:15:34..438,,,,
12:15:34..576,36.62449218,0.060509,0.00017364,0.00065969,0.00041248,-0.00016672,0.00085754,0.00012513,0.00002727,-0.00011271,12:15:34..576,,,,
12:15:34..610,36.63483516,0.060429,0.00017352,0.00065949,0.00041334,-0.00016626,0.00085789,0.00012535,0.00002691,-0.00011285,12:15:34..576,,,,
12:15:34..707,36.60897771,0.060429,0.00017345,0.00065952,0.00041268,-0.00016642,0.00085785,0.0001248,0.00002731,-0.00011286,12:15:34..758,,,,
12:15:34..768,36.69689304,0.060429,0.00017338,0.00066012,0.00041275,-0.0001664,0.00085716,0.00012486,0.00002675,-0.00011278,12:15:34..758,,,,
12:15:34..801,36.60380622,0.060361,0.00017323,0.00065984,0.00041309,-0.00016656,0.00085795,0.0001249,0.00002711,-0.00011279,12:15:34..850,,,,
12:15:34..942,36.68137857,0.060361,0.00017401,0.0006601,0.00041261,-0.00016619,0.00085775,0.00012506,0.00002678,-0.00011295,12:15:34..940,,,,
12:15:34..975,36.68655006,0.060402,0.0001735,0.00066054,0.00041224,-0.00016691,0.00085802,0.00012514,0.00002642,-0.00011364,12:15:34..985,,,,
12:15:35..103,36.64000665,0.060402,0.00017327,0.00066001,0.00041224,-0.00016725,0.00085812,0.00012464,0.00002683,-0.00011305,12:15:35..101,,,,
12:15:35..135,36.60897771,0.060426,0.00017387,0.00065975,0.00041182,-0.00016685,0.00085722,0.00012493,0.00002638,-0.0001125,12:15:35..145,,,,
12:15:35..283,36.64517814,0.060426,0.00017389,0.00066006,0.00041283,-0.00016656,0.00085759,0.00012503,0.00002607,-0.00011298,12:15:35..281,,,,
12:15:35..316,36.74860794,0.060898,0.00017382,0.00065954,0.00041206,-0.00016707,0.0008575,0.00012535,0.00002653,-0.00011352,12:15:35..323,,,,
12:15:35..443,36.65552112,0.060898,0.00017371,0.00066022,0.00041209,-0.00016697,0.00085718,0.0001252,0.00002663,-0.00011306,12:15:35..441,,,,
12:15:35..476,36.717579,0.061089,0.00017309,0.00066017,0.00041212,-0.00016645,0.00085701,0.00012544,0.00002672,-0.0001136,12:15:35..484,,,,
12:15:35..658,36.62966367,0.061089,0.00017284,0.0006595,0.00041283,-0.00016663,0.0008579,0.00012531,0.00002662,-0.00011366,12:15:35..655,,,,
12:15:35..690,36.63483516,0.061103,0.00017358,0.00066007,0.00041219,-0.00016655,0.00085766,0.00012485,0.00002722,-0.00011392,12:15:35..697,,,,
12:15:35..855,36.61932069,0.061103,0.0001732,0.00066019,0.00041258,-0.00016717,0.00085821,0.00012538,0.00002677,-0.00011363,12:15:35..852,,,,
12:15:35..886,36.60897771,0.061052,0.0001729,0.00065961,0.00041245,-0.00016697,0.00085822,0.00012509,0.00002714,-0.00011345,12:15:35..894,,,,
12:15:36..017,36.58829175,0.061052,0.00017312,0.0006596,0.0004127,-0.00016664,0.00085823,0.00012511,0.00002697,-0.000113,12:15:36..015,,,,
12:15:36..049,36.52623387,0.060725,0.00017289,0.0006595,0.00041168,-0.00016733,0.00085777,0.00012491,0.0000269,-0.00011363,12:15:36..060,,,,
12:15:36..204,36.54174834,0.060725,0.00017316,0.00065982,0.00041231,-0.00016712,0.00085786,0.00012555,0.00002695,-0.00011326,12:15:36..201,,,,
12:15:36..237,36.63483516,0.060431,0.00017339,0.00065997,0.00041201,-0.00016751,0.00085787,0.00012518,0.00002681,-0.00011314,12:15:36..244,,,,
12:15:36..382,36.6658641,0.060431,0.00017329,0.00066056,0.00041216,-0.00016701,0.00085721,0.00012515,0.00002665,-0.00011298,12:15:36..380,,,,
12:15:36..414,36.72275049,0.060024,0.00017348,0.00066018,0.00041215,-0.00016691,0.00085738,0.00012479,0.00002657,-0.00011317,12:15:36..423,,,,
12:15:36..521,36.6141492,0.060024,0.00017359,0.00066044,0.00041197,-0.00016703,0.00085745,0.00012537,0.0000268,-0.00011299,12:15:36..519,,,,
12:15:36..552,15.05937888,0.058752,0.00016967,0.00065961,0.0004138,-0.00016548,0.00085733,0.00012336,0.00002794,-0.00011007,12:15:36..562,,,,
12:15:36..624,23.02347348,0.055296,0.00016969,0.00065914,0.00041345,-0.00016584,0.00085712,0.00012274,0.00002802,-0.0001109,12:15:36..663,,,,
12:15:36..734,42.08558562,0.055296,0.00016966,0.00065927,0.00041427,-0.0001654,0.00085716,0.00012304,0.0000278,-0.00011014,12:15:36..753,,,,
12:15:36..777,28.54145331,0.055296,0.00016969,0.00065945,0.00041377,-0.00016527,0.00085751,0.00012316,0.00002839,-0.00011001,12:15:36..753,,,,
12:15:36..812,21.17725155,0.051008,0.00015401,0.00065995,0.00042382,-0.00015934,0.0008529,0.00011359,0.00003448,-0.00008317,12:15:36..838,,,,
12:15:36..883,23.02347348,0.04875,0.00015435,0.00066004,0.0004235,-0.0001597,0.00085287,0.00011323,0.00003448,-0.0000839,12:15:36..949,,,,
12:15:36..967,28.52593884,0.04875,0.000154,0.00066098,0.00042373,-0.00015917,0.00085342,0.00011378,0.00003424,-0.00008414,12:15:36..949,,,,
12:15:37..000,28.12256262,0.04186,0.00014665,0.00066085,0.00042839,-0.00015602,0.00085012,0.00010889,0.00003785,-0.00006982,12:15:36..994,,,,
12:15:37..049,25.65576189,0.03964,0.00014689,0.00066123,0.00042859,-0.00015566,0.00085057,0.00010816,0.00003727,-0.0000703,12:15:37..090,,,,
12:15:37..119,22.43909511,0.037567,0.00014689,0.00066118,0.00042857,-0.00015552,0.00085008,0.00010858,0.00003768,-0.00006946,12:15:37..164,,,,
12:15:37..196,22.97693007,0.037567,0.00014663,0.00066128,0.00042825,-0.00015561,0.00085027,0.00010841,0.00003709,-0.00006963,12:15:37..164,,,,
12:15:37..228,23.96468466,0.029637,0.00014026,0.00066159,0.00043207,-0.00015352,0.00084863,0.00010514,0.00004022,-0.00006092,12:15:37..254,,,,
12:15:37..396,23.87676933,0.029637,0.00013989,0.00066142,0.00043203,-0.00015355,0.00084924,0.00010464,0.0000404,-0.00006066,12:15:37..393,,,,
12:15:37..428,20.81007576,0.024564,0.00013533,0.00066127,0.00043539,-0.00015245,0.00084757,0.00010243,0.00004141,-0.0000536,12:15:37..435,,,,
12:15:37..525,20.88764811,0.024564,0.00013551,0.00066099,0.00043439,-0.00015214,0.00084739,0.00010196,0.00004188,-0.00005402,12:15:37..622,,,,
12:15:37..634,20.90833407,0.024564,0.00013573,0.00066119,0.00043489,-0.00015201,0.0008479,0.00010244,0.00004126,-0.00005425,12:15:37..622,,,,
12:15:37..668,19.66717647,0.015006,0.00013149,0.00066135,0.00043754,-0.00015071,0.00084669,0.0000998,0.00004373,-0.00004658,12:15:37..751,,,,
12:15:37..819,19.53271773,0.015006,0.00013149,0.0006609,0.00043783,-0.00015073,0.00084636,0.00009976,0.00004374,-0.00004695,12:15:37..852,,,,
12:15:37..867,19.0310832,0.015006,0.00013155,0.00066078,0.00043762,-0.00015112,0.00084635,0.00009974,0.00004338,-0.00004675,12:15:37..852,,,,
12:15:37..901,18.67942188,0.012267,0.00012811,0.00066143,0.00044028,-0.00014946,0.00084534,0.00009704,0.00004426,-0.00004199,12:15:37..941,,,,
12:15:38..123,18.27604566,0.012267,0.00012822,0.00066089,0.0004394,-0.0001497,0.00084528,0.00009763,0.00004442,-0.00004182,12:15:37..941,,,,
12:15:38..155,17.56238004,0.008853,0.00012558,0.00066121,0.00044211,-0.00014822,0.00084496,0.00009558,0.00004523,-0.00003703,12:15:38..167,,,,
12:15:38..252,17.46929322,0.008853,0.00012535,0.00066059,0.00044124,-0.00014896,0.00084408,0.00009569,0.00004574,-0.00003697,12:15:38..312,,,,
12:15:38..344,16.95214422,0.008853,0.00012544,0.00066091,0.00044179,-0.00014851,0.00084404,0.0000956,0.00004486,-0.000037,12:15:38..312,,,,
12:15:38..378,16.76597058,0.006579,0.00012284,0.0006604,0.00044284,-0.00014814,0.00084419,0.00009464,0.0000458,-0.00003422,12:15:38..397,,,,
12:15:38..531,16.58496843,0.006579,0.00012299,0.00066114,0.00044377,-0.00014772,0.00084385,0.00009483,0.00004608,-0.00003425,12:15:38..529,,,,
12:15:38..563,16.15056327,0.005873,0.00012165,0.00066085,0.00044442,-0.00014668,0.00084364,0.00009429,0.00004706,-0.00003177,12:15:38..572,,,,
12:15:38..616,16.02644751,0.005534,0.00012165,0.00066103,0.00044444,-0.00014694,0.00084377,0.00009389,0.00004719,-0.00003172,12:15:38..614,,,,
12:15:38..650,15.84027387,0.004879,0.00012063,0.0006606,0.00044519,-0.00014683,0.00084357,0.00009312,0.00004686,-0.00003058,12:15:38..658,,,,
12:15:38..775,15.75235854,0.004879,0.00012043,0.00066052,0.0004451,-0.00014718,0.00084371,0.00009356,0.00004736,-0.00003087,12:15:38..773,,,,
12:15:38..808,15.47826957,0.004092,0.00011947,0.00065991,0.00044521,-0.00014714,0.00084337,0.00009306,0.00004743,-0.00002961,12:15:38..816,,,,
12:15:38..907,15.33863934,0.004092,0.00011944,0.00066033,0.0004454,-0.00014674,0.00084377,0.00009268,0.00004711,-0.0000299,12:15:38..907,,,,
12:15:38..940,15.23003805,0.003688,0.00011801,0.00065991,0.00044617,-0.0001466,0.00084309,0.00009229,0.00004741,-0.00002859,12:15:38..950,,,,
12:15:39..016,15.12660825,0.003688,0.00011858,0.00066003,0.0004457,-0.00014627,0.00084344,0.00009261,0.00004793,-0.00002905,12:15:39..014,,,,
12:15:39..050,15.13177974,0.003489,0.00011735,0.00065942,0.00044666,-0.00014643,0.00084295,0.00009187,0.00004733,-0.00002763,12:15:39..057,,,,
12:15:39..189,14.96629206,0.003489,0.00011722,0.00065897,0.00044634,-0.00014635,0.00084314,0.00009211,0.00004804,-0.00002766,12:15:39..188,,,,
12:15:39..223,14.64048819,0.003363,0.00011581,0.00065894,0.00044721,-0.00014573,0.00084317,0.00009138,0.00004764,-0.00002655,12:15:39..232,,,,
12:15:39..406,14.54222988,0.003363,0.0001161,0.00065884,0.00044674,-0.0001461,0.00084275,0.00009101,0.00004791,-0.00002638,12:15:39..403,,,,
12:15:39..439,14.18539707,0.002956,0.0001146,0.00065828,0.00044798,-0.00014514,0.0008428,0.00009065,0.00004838,-0.00002502,12:15:39..447,,,,
12:15:39..596,14.14919664,0.002956,0.0001149,0.00065877,0.00044741,-0.00014522,0.00084297,0.00009049,0.00004856,-0.00002548,12:15:39..593,,,,
12:15:39..628,13.92682257,0.00265,0.00011313,0.00065723,0.00044794,-0.00014507,0.0008427,0.00008979,0.00004858,-0.00002371,12:15:39..593,,,,
12:15:39..729,13.9113081,0.00265,0.00011335,0.0006583,0.0004483,-0.0001454,0.00084301,0.00008989,0.00004853,-0.00002424,12:15:39..790,,,,
12:15:39..806,13.67341956,0.00265,0.00011333,0.00065751,0.00044783,-0.00014515,0.00084238,0.0000902,0.00004889,-0.00002377,12:15:39..790,,,,
12:15:39..840,13.55447529,0.002561,0.00011246,0.00065725,0.00044827,-0.00014501,0.00084233,0.00008919,0.0000489,-0.00002281,12:15:39..877,,,,
12:15:39..992,13.4975889,0.002561,0.00011229,0.00065774,0.0004488,-0.00014492,0.00084246,0.00008921,0.00004875,-0.00002317,12:15:39..989,,,,
12:15:40..024,13.23384291,0.002649,0.00011123,0.00065676,0.00044909,-0.0001452,0.00084207,0.00008813,0.00004882,-0.00002227,12:15:40..033,,,,
12:15:40..156,13.2390144,0.002649,0.00011125,0.00065683,0.00044892,-0.0001451,0.00084214,0.00008828,0.00004894,-0.00002237,12:15:40..153,,,,
12:15:40..189,12.99078288,0.002717,0.00011064,0.00065681,0.00044981,-0.0001444,0.00084232,0.00008828,0.00004921,-0.00002156,12:15:40..197,,,,
12:15:40..351,13.00112586,0.002717,0.00011044,0.00065677,0.00044935,-0.0001449,0.00084238,0.0000878,0.00004936,-0.00002132,12:15:40..349,,,,
12:15:40..383,12.84080967,0.002909,0.00010908,0.00065631,0.00044942,-0.00014421,0.00084223,0.00008732,0.0000493,-0.0000202,12:15:40..392,,,,
12:15:40..509,12.95975394,0.002909,0.0001094,0.00065612,0.00044972,-0.00014461,0.00084206,0.00008725,0.00004962,-0.00002056,12:15:40..506,,,,
12:15:40..541,12.67532199,0.00299,0.00010832,0.00065593,0.00045001,-0.00014438,0.00084098,0.00008715,0.00004957,-0.00002031,12:15:40..549,,,,
12:15:40..593,12.58740666,0.002963,0.00010893,0.00065598,0.00045038,-0.00014405,0.00084166,0.00008748,0.00004963,-0.00002008,12:15:40..673,,,,
12:15:40..712,12.55637772,0.002963,0.00010869,0.00065543,0.0004498,-0.00014453,0.00084156,0.00008693,0.00004952,-0.00002023,12:15:40..673,,,,
12:15:40..746,12.39089004,0.002817,0.00010761,0.00065541,0.00045,-0.00014404,0.00084174,0.0000866,0.00004952,-0.00001983,12:15:40..762,,,,
12:15:40..883,12.3598611,0.002817,0.00010748,0.00065527,0.00045018,-0.00014412,0.00084132,0.00008667,0.00004938,-0.00001943,12:15:40..880,,,,
12:15:40..915,12.19954491,0.00283,0.00010708,0.00065537,0.00045061,-0.00014366,0.00084144,0.00008623,0.00004992,-0.00001894,12:15:40..923,,,,
12:15:40..984,12.21505938,0.002551,0.00010676,0.0006552,0.00044999,-0.00014423,0.00084145,0.00008623,0.00004975,-0.00001835,12:15:41..043,,,,
12:15:41..105,12.03922872,0.002551,0.00010705,0.00065516,0.00045053,-0.00014384,0.00084128,0.00008631,0.00004966,-0.00001894,12:15:41..105,,,,
12:15:41..138,12.03405723,0.002406,0.00010643,0.00065498,0.00045049,-0.00014401,0.00084103,0.00008575,0.00004978,-0.00001843,12:15:41..147,,,,
12:15:41..292,11.88925551,0.002406,0.00010613,0.00065524,0.00045105,-0.00014359,0.00084119,0.00008576,0.00004944,-0.00001873,12:15:41..291,,,,
12:15:41..326,11.81168316,0.002372,0.00010565,0.00065494,0.00045078,-0.00014344,0.00084154,0.00008548,0.00004947,-0.0000177,12:15:41..291,,,,
12:15:41..416,11.69273889,0.002372,0.00010555,0.00065501,0.00045082,-0.00014326,0.00084122,0.00008525,0.00005014,-0.00001747,12:15:41..484,,,,
12:15:41..509,11.72376783,0.002372,0.00010568,0.00065545,0.00045114,-0.00014321,0.00084145,0.00008551,0.00005019,-0.00001746,12:15:41..484,,,,
12:15:41..544,11.50656525,0.002412,0.00010481,0.00065426,0.00045092,-0.00014299,0.00084103,0.00008492,0.00005016,-0.00001728,12:15:41..572,,,,
12:15:41..727,11.53759419,0.002412,0.00010502,0.00065453,0.00045167,-0.00014304,0.00084119,0.00008527,0.00005053,-0.00001695,12:15:41..725,,,,
12:15:41..760,11.38244949,0.002343,0.00010367,0.00065478,0.00045171,-0.00014283,0.00084053,0.00008497,0.00005023,-0.00001661,12:15:41..725,,,,
12:15:41..852,11.38762098,0.002343,0.00010441,0.00065446,0.00045149,-0.00014301,0.00084154,0.00008454,0.00005038,-0.00001675,12:15:41..900,,,,
12:15:41..910,11.29453416,0.002343,0.00010409,0.00065461,0.00045178,-0.00014273,0.00084095,0.00008487,0.00005041,-0.00001691,12:15:41..900,,,,
12:15:41..944,11.21179032,0.001965,0.00010359,0.00065424,0.00045185,-0.0001432,0.0008409,0.0000847,0.00005034,-0.00001658,12:15:41..998,,,,
12:15:42..053,11.16524691,0.001965,0.00010351,0.00065471,0.000452,-0.00014253,0.00084108,0.00008493,0.00005061,-0.00001608,12:15:42..075,,,,
12:15:42..093,11.07216009,0.001965,0.00010362,0.00065422,0.0004514,-0.00014295,0.00084106,0.00008454,0.0000505,-0.00001636,12:15:42..075,,,,
12:15:42..126,11.12387499,0.00176,0.00010296,0.00065414,0.00045231,-0.00014304,0.00084089,0.00008443,0.00004994,-0.00001582,12:15:42..161,,,,
12:15:42..271,11.06181711,0.00176,0.00010325,0.00065392,0.00045172,-0.00014303,0.00084095,0.00008434,0.00005075,-0.0000164,12:15:42..269,,,,
12:15:42..303,10.99458774,0.001606,0.00010284,0.00065452,0.00045222,-0.00014257,0.00084126,0.00008419,0.00005103,-0.00001524,12:15:42..311,,,,
12:15:42..432,10.87564347,0.001606,0.00010252,0.00065399,0.00045209,-0.00014304,0.00084145,0.00008387,0.00005083,-0.00001565,12:15:42..431,,,,
12:15:42..466,10.83944304,0.001493,0.00010206,0.00065367,0.00045158,-0.00014319,0.00084111,0.00008417,0.00005126,-0.00001538,12:15:42..474,,,,
12:15:42..622,10.7566992,0.001493,0.00010233,0.00065406,0.00045257,-0.00014301,0.00084092,0.00008432,0.00005113,-0.00001519,12:15:42..619,,,,
12:15:42..654,10.66361238,0.00134,0.00010175,0.00065379,0.00045248,-0.00014318,0.00084089,0.00008368,0.00005151,-0.00001512,12:15:42..663,,,,
12:15:42..768,10.72049877,0.00134,0.00010183,0.0006534,0.00045226,-0.00014357,0.0008409,0.00008352,0.00005117,-0.00001509,12:15:42..766,,,,
12:15:42..801,10.5498396,0.00141,0.00010164,0.00065306,0.00045215,-0.00014289,0.00084081,0.00008386,0.00005113,-0.00001512,12:15:42..810,,,,
12:15:42..958,10.63775493,0.00141,0.00010162,0.00065327,0.0004524,-0.00014295,0.00084021,0.00008393,0.00005147,-0.00001517,12:15:42..955,,,,
12:15:42..990,10.48261023,0.001482,0.00010064,0.00065279,0.00045168,-0.00014267,0.00084016,0.00008298,0.0000515,-0.00001499,12:15:42..955,,,,
12:15:43..068,10.47743874,0.001482,0.00010071,0.00065316,0.00045249,-0.00014268,0.00084064,0.00008337,0.00005151,-0.00001457,12:15:43..148,,,,
12:15:43..168,10.37400894,0.001482,0.00010042,0.00065248,0.0004521,-0.00014334,0.00084009,0.00008291,0.00005126,-0.00001493,12:15:43..148,,,,
12:15:43..200,10.32229404,0.001217,0.00010052,0.00065252,0.00045228,-0.00014276,0.00084038,0.00008286,0.00005171,-0.00001408,12:15:43..234,,,,
12:15:43..366,10.33263702,0.001217,0.00010041,0.00065284,0.00045244,-0.00014274,0.00084039,0.00008297,0.00005141,-0.00001427,12:15:43..363,,,,
12:15:43..399,10.19300679,0.000991,0.00009948,0.0006525,0.0004522,-0.0001432,0.00084022,0.00008222,0.00005165,-0.00001378,12:15:43..408,,,,
12:15:43..489,10.17232083,0.000982,0.00010002,0.00065266,0.00045244,-0.00014283,0.00084038,0.00008264,0.00005192,-0.00001383,12:15:43..551,,,,
12:15:43..605,10.15163487,0.000982,0.00009966,0.00065268,0.00045254,-0.00014261,0.00084047,0.00008249,0.00005193,-0.00001413,12:15:43..605,,,,
12:15:43..637,10.15163487,0.000982,0.0001003,0.00065256,0.00045236,-0.00014296,0.00084028,0.00008243,0.00005175,-0.00001426,12:15:43..605,,,,
12:15:43..672,10.08957699,0.000885,0.00009866,0.00065249,0.00045213,-0.00014332,0.00084091,0.00008217,0.00005212,-0.00001373,12:15:43..689,,,,
12:15:43..869,10.06371954,0.000885,0.00009894,0.00065255,0.00045307,-0.0001426,0.00084028,0.00008277,0.0000516,-0.00001389,12:15:43..867,,,,
12:15:43..901,9.93960378,0.000893,0.00009876,0.00065196,0.00045273,-0.0001426,0.00084014,0.00008233,0.00005171,-0.00001346,12:15:43..911,,,,
12:15:44..084,9.91374633,0.000893,0.00009911,0.00065239,0.00045273,-0.00014253,0.00084011,0.00008291,0.000052,-0.00001367,12:15:44..082,,,,
12:15:44..115,9.94477527,0.000846,0.00009863,0.00065221,0.00045319,-0.00014221,0.00084011,0.00008187,0.00005203,-0.00001332,12:15:44..125,,,,
12:15:44..241,9.87237441,0.000846,0.00009811,0.00065241,0.00045366,-0.00014227,0.00083997,0.00008227,0.00005145,-0.0000133,12:15:44..238,,,,
12:15:44..274,9.83617398,0.001137,0.00009842,0.00065159,0.00045336,-0.00014227,0.00084028,0.00008185,0.00005181,-0.00001297,12:15:44..282,,,,
12:15:44..404,9.78963057,0.001137,0.00009831,0.00065256,0.00045385,-0.00014199,0.00084013,0.00008215,0.00005228,-0.00001281,12:15:44..401,,,,
12:15:44..437,9.75343014,0.001203,0.00009808,0.00065215,0.00045339,-0.00014201,0.0008401,0.00008191,0.00005179,-0.00001308,12:15:44..445,,,,
12:15:44..595,9.71722971,0.001203,0.00009822,0.0006524,0.00045374,-0.00014202,0.00084017,0.00008207,0.00005184,-0.00001313,12:15:44..593,,,,
12:15:44..626,9.60862842,0.001203,0.00009761,0.00065236,0.00045359,-0.00014204,0.00084015,0.000082,0.00005197,-0.00001296,12:15:44..593,,,,
12:15:44..660,9.65517183,0.001164,0.00009756,0.00065214,0.00045359,-0.00014232,0.00084003,0.00008113,0.0000518,-0.00001269,12:15:44..724,,,,
12:15:44..828,9.54657054,0.001164,0.00009767,0.00065249,0.00045394,-0.00014176,0.00084043,0.00008164,0.00005182,-0.00001266,12:15:44..724,,,,
12:15:44..860,9.48451266,0.001168,0.00009729,0.00065229,0.00045399,-0.00014178,0.0008402,0.00008148,0.00005221,-0.00001237,12:15:44..874,,,,
12:15:44..995,9.57759948,0.001168,0.00009723,0.00065233,0.00045415,-0.0001414,0.00084032,0.00008205,0.00005221,-0.00001284,12:15:44..993,,,,
12:15:45..027,9.46899819,0.001072,0.00009685,0.00065242,0.00045426,-0.00014123,0.00084006,0.000082,0.00005248,-0.00001263,12:15:44..993,,,,
12:15:45..134,9.39659733,0.000919,0.00009679,0.00065213,0.00045528,-0.00014143,0.00084033,0.00008164,0.00005227,-0.00001205,12:15:45..194,,,,
12:15:45..248,9.43796925,0.000919,0.00009734,0.00065224,0.00045427,-0.00014168,0.00083998,0.00008161,0.00005179,-0.00001287,12:15:45..248,,,,
12:15:45..281,9.31385349,0.000917,0.00009719,0.00065207,0.00045527,-0.00014119,0.00084011,0.00008166,0.00005248,-0.00001244,12:15:45..292,,,,
12:15:45..373,9.3603969,0.000917,0.000097,0.00065164,0.00045484,-0.00014163,0.00083995,0.00008106,0.00005221,-0.00001217,12:15:45..439,,,,
12:15:45..453,9.24662412,0.000917,0.00009666,0.00065216,0.00045557,-0.00014082,0.00084064,0.00008188,0.00005192,-0.00001217,12:15:45..439,,,,
12:15:45..488,9.24145263,0.000829,0.00009574,0.00065172,0.00045493,-0.00014169,0.00084049,0.00008119,0.00005189,-0.0000123,12:15:45..524,,,,
12:15:45..639,9.23110965,0.000829,0.00009625,0.00065172,0.00045537,-0.00014132,0.00084037,0.00008139,0.00005233,-0.00001188,12:15:45..639,,,,
12:15:45..672,9.22076667,0.000566,0.00009628,0.00065153,0.00045557,-0.000141,0.00084029,0.00008092,0.00005276,-0.00001224,12:15:45..682,,,,
12:15:45..813,9.12767985,0.000566,0.00009542,0.00065181,0.00045588,-0.00014106,0.00084035,0.00008128,0.0000521,-0.00001217,12:15:45..810,,,,
12:15:45..846,9.07596495,0.000482,0.00009592,0.00065133,0.00045565,-0.00014075,0.00084008,0.00008113,0.00005219,-0.00001276,12:15:45..856,,,,
12:15:46..003,9.06562197,0.000482,0.0000954,0.00065209,0.00045597,-0.00014082,0.00084031,0.00008155,0.00005226,-0.00001204,12:15:46..002,,,,
12:15:46..038,9.01907856,0.000458,0.00009522,0.00065173,0.00045668,-0.00014084,0.00084087,0.00008159,0.0000527,-0.00001193,12:15:46..046,,,,
12:15:46..168,8.98804962,0.000458,0.00009567,0.00065136,0.00045611,-0.00014111,0.00084012,0.00008112,0.00005212,-0.00001236,12:15:46..165,,,,
12:15:46..199,8.9466777,0.000249,0.00009545,0.00065143,0.00045628,-0.00014095,0.0008405,0.00008119,0.00005225,-0.00001187,12:15:46..209,,,,
12:15:46..351,8.97770664,0.000249,0.00009512,0.00065153,0.00045665,-0.00014047,0.00084001,0.00008154,0.00005228,-0.00001213,12:15:46..349,,,,
12:15:46..383,8.92599174,-0.000164,0.00009484,0.0006514,0.00045721,-0.00014051,0.00084014,0.00008155,0.00005251,-0.0000122,12:15:46..392,,,,
12:15:46..506,8.9466777,-0.000164,0.00009513,0.0006516,0.00045671,-0.00014053,0.00083987,0.00008151,0.00005274,-0.00001213,12:15:46..504,,,,
12:15:46..539,8.93116323,-0.000156,0.00009503,0.00065179,0.00045711,-0.00013982,0.00084026,0.00008127,0.00005295,-0.00001149,12:15:46..547,,,,
12:15:46..704,8.86910535,-0.000156,0.0000951,0.00065121,0.00045698,-0.00014007,0.00084043,0.00008153,0.00005229,-0.00001163,12:15:46..701,,,,
12:15:46..735,8.80704747,0.000023,0.00009465,0.00065138,0.00045696,-0.00014017,0.00084026,0.00008066,0.00005207,-0.0000123,12:15:46..746,,,,
12:15:46..874,8.75533257,0.000023,0.00009451,0.00065137,0.00045725,-0.0001402,0.00084027,0.00008134,0.00005247,-0.00001173,12:15:46..871,,,,
12:15:46..907,8.73464661,0.000126,0.00009464,0.00065127,0.00045753,-0.00013978,0.00084001,0.00008071,0.00005221,-0.00001229,12:15:46..914,,,,
12:15:47..034,8.71913214,0.000126,0.00009464,0.00065111,0.00045758,-0.00013965,0.00084016,0.00008056,0.00005272,-0.00001186,12:15:47..033,,,,
12:15:47..066,8.67258873,0.000175,0.00009444,0.00065166,0.00045757,-0.00013998,0.00084049,0.0000807,0.00005263,-0.00001197,12:15:47..076,,,,
12:15:47..240,8.62604532,0.000175,0.00009447,0.00065107,0.00045719,-0.00013968,0.00083978,0.00008062,0.0000524,-0.00001173,12:15:47..237,,,,
12:15:47..273,8.62087383,0.000257,0.00009421,0.00065076,0.00045761,-0.00013978,0.00084006,0.00008092,0.00005285,-0.00001175,12:15:47..281,,,,
12:15:47..412,8.57433042,0.000257,0.00009382,0.00065118,0.00045759,-0.00013954,0.00083984,0.00008085,0.00005226,-0.00001182,12:15:47..409,,,,
12:15:47..445,8.52261552,0.000431,0.00009413,0.00065069,0.0004576,-0.00013971,0.00084043,0.0000805,0.00005272,-0.00001202,12:15:47..454,,,,
12:15:47..566,8.4812436,0.000431,0.00009398,0.00065081,0.00045807,-0.00013917,0.00083967,0.00008071,0.00005261,-0.00001162,12:15:47..563,,,,
12:15:47..598,8.39332827,0.000562,0.00009341,0.00065108,0.0004582,-0.0001397,0.0008401,0.00008065,0.00005282,-0.00001214,12:15:47..607,,,,
12:15:47..754,8.4812436,0.000562,0.00009387,0.00065097,0.00045801,-0.00013953,0.00084017,0.00008015,0.000053,-0.00001206,12:15:47..751,,,,
12:15:47..785,8.46055764,0.000467,0.00009357,0.00065135,0.00045843,-0.00013903,0.00084027,0.0000807,0.00005271,-0.0000114,12:15:47..751,,,,
12:15:47..883,8.38815678,0.000467,0.00009368,0.00065041,0.00045787,-0.00013915,0.00084013,0.00008072,0.0000529,-0.00001173,12:15:47..942,,,,
12:15:47..958,8.35195635,0.000467,0.00009357,0.00065081,0.00045851,-0.00013953,0.00084026,0.00008035,0.00005268,-0.00001176,12:15:47..942,,,,
12:15:47..992,8.35712784,0.000869,0.00009371,0.00065095,0.00045847,-0.00013947,0.00084,0.0000801,0.00005311,-0.00001151,12:15:48..110,,,,
12:15:48..170,8.31575592,0.000869,0.00009333,0.00065118,0.00045836,-0.00013918,0.00084019,0.00008043,0.00005307,-0.000012,12:15:48..110,,,,
12:15:48..203,8.35712784,0.000837,0.00009305,0.00065132,0.00045913,-0.00013886,0.00083998,0.00008063,0.00005301,-0.00001185,12:15:48..213,,,,
12:15:48..349,8.29506996,0.000837,0.00009319,0.00065078,0.00045821,-0.00013971,0.00083995,0.00007971,0.0000526,-0.00001171,12:15:48..348,,,,
12:15:48..382,8.19681165,0.000901,0.00009314,0.00065071,0.00045899,-0.00013898,0.0008399,0.00008011,0.0000529,-0.00001182,12:15:48..392,,,,
12:15:48..518,8.21749761,0.000901,0.00009323,0.00065027,0.00045862,-0.00013919,0.00083973,0.00007937,0.00005257,-0.00001231,12:15:48..515,,,,
12:15:48..550,8.20198314,0.000899,0.00009326,0.00065076,0.00045864,-0.00013865,0.00083951,0.00007996,0.00005272,-0.00001183,12:15:48..558,,,,
12:15:48..702,8.18129718,0.000899,0.00009304,0.00065108,0.00045927,-0.00013879,0.00083977,0.00007965,0.00005249,-0.00001166,12:15:48..699,,,,
12:15:48..734,8.09338185,0.000704,0.00009285,0.00065067,0.00045931,-0.00013918,0.00084004,0.00008021,0.00005264,-0.0000121,12:15:48..699,,,,
12:15:48..809,8.1192393,0.000594,0.00009318,0.00065049,0.00045947,-0.00013893,0.00083951,0.00008001,0.00005258,-0.00001185,12:15:48..846,,,,
12:15:48..920,8.15026824,0.000594,0.00009294,0.00065044,0.00045885,-0.00013867,0.0008399,0.00007953,0.00005233,-0.00001174,12:15:48..920,,,,
12:15:48..954,8.0675244,0.000613,0.00009274,0.0006505,0.00045954,-0.00013869,0.00083988,0.00007964,0.00005297,-0.0000121,12:15:48..966,,,,
12:15:49..108,8.10372483,0.000613,0.00009309,0.00065043,0.00046005,-0.0001381,0.00083998,0.00007986,0.00005294,-0.00001125,12:15:49..108,,,,
12:15:49..142,8.02098099,0.000648,0.00009286,0.00065098,0.00045993,-0.00013898,0.00084045,0.00007994,0.00005308,-0.00001197,12:15:49..108,,,,
12:15:49..235,7.96926609,0.000648,0.00009254,0.00065092,0.00045995,-0.00013883,0.00083951,0.00007996,0.00005305,-0.00001137,12:15:49..303,,,,
12:15:49..313,7.98995205,0.000648,0.00009272,0.00065066,0.00045998,-0.00013856,0.00084019,0.00007965,0.00005324,-0.00001217,12:15:49..303,,,,
12:15:49..345,7.95375162,0.000636,0.00009265,0.00065074,0.00045969,-0.00013902,0.00083996,0.00007954,0.00005268,-0.0000114,12:15:49..347,,,,
12:15:49..494,7.90720821,0.000636,0.00009261,0.00065043,0.00045974,-0.0001383,0.00084047,0.0000795,0.00005309,-0.00001144,12:15:49..492,,,,
12:15:49..526,7.93823715,0.000725,0.00009255,0.00065067,0.00046015,-0.00013862,0.00083993,0.00007958,0.00005266,-0.00001202,12:15:49..537,,,,
12:15:49..688,7.89169374,0.000725,0.00009264,0.00065049,0.00045929,-0.00013895,0.0008401,0.00007892,0.00005268,-0.00001201,12:15:49..685,,,,
12:15:49..720,7.89169374,0.000483,0.00009239,0.00065071,0.0004599,-0.00013896,0.00083985,0.00007943,0.00005271,-0.00001184,12:15:49..730,,,,
12:15:49..856,7.85549331,0.000483,0.00009249,0.00065025,0.00045987,-0.00013905,0.00083957,0.00007922,0.00005269,-0.00001246,12:15:49..853,,,,
12:15:49..888,7.86583629,0.000479,0.00009252,0.00065075,0.00046014,-0.00013862,0.00084006,0.00007957,0.00005285,-0.00001177,12:15:49..896,,,,
12:15:50..030,7.81929288,0.000479,0.00009211,0.00065023,0.00045924,-0.00013882,0.00083995,0.00007927,0.00005302,-0.00001154,12:15:50..028,,,,
12:15:50..061,7.75206351,0.000438,0.00009214,0.00065011,0.00045988,-0.00013878,0.00083994,0.00007925,0.00005284,-0.000012,12:15:50..072,,,,
12:15:50..208,7.74172053,0.000438,0.0000923,0.00065031,0.00045997,-0.00013846,0.00083977,0.00007935,0.00005295,-0.00001201,12:15:50..207,,,,
12:15:50..242,7.74689202,0.000199,0.00009218,0.00065023,0.00045948,-0.00013866,0.00083945,0.00007904,0.00005297,-0.0000119,12:15:50..249,,,,
12:15:50..317,7.70034861,0.000161,0.00009241,0.0006505,0.00046024,-0.00013843,0.00083982,0.00007892,0.00005275,-0.0000121,12:15:50..371,,,,
12:15:50..454,7.68483414,0.000161,0.00009198,0.00064987,0.00045925,-0.00013881,0.00083939,0.00007898,0.00005284,-0.0000123,12:15:50..454,,,,
12:15:50..487,7.64863371,0.000272,0.00009209,0.00065048,0.00046006,-0.00013862,0.00084004,0.00007907,0.00005289,-0.00001258,12:15:50..499,,,,
12:15:50..683,7.71069159,0.000272,0.00009201,0.00065038,0.00045988,-0.00013858,0.00083988,0.00007864,0.00005295,-0.00001196,12:15:50..682,,,,
12:15:50..715,7.60726179,-0.000024,0.00009195,0.00064944,0.00045939,-0.0001389,0.00083937,0.00007922,0.00005283,-0.00001262,12:15:50..724,,,,
12:15:50..877,7.59691881,-0.000024,0.00009208,0.00065037,0.0004597,-0.00013853,0.00083965,0.00007939,0.00005285,-0.00001226,12:15:50..875,,,,
12:15:50..908,7.57106136,-0.00023,0.00009203,0.00065046,0.0004593,-0.00013892,0.00083935,0.00007886,0.00005329,-0.00001253,12:15:50..921,,,,
12:15:51..035,7.61760477,-0.00023,0.00009164,0.00065021,0.00045873,-0.00013888,0.00083946,0.00007913,0.00005324,-0.00001233,12:15:51..032,,,,
12:15:51..065,7.53486093,-0.00023,0.00009143,0.00065025,0.00045959,-0.00013865,0.00083917,0.00007871,0.0000529,-0.00001212,12:15:51..032,,,,
12:15:51..099,7.5503754,-0.000398,0.00009152,0.00065057,0.00045923,-0.00013875,0.00083924,0.00007902,0.00005311,-0.00001245,12:15:51..162,,,,
12:15:51..238,7.54003242,-0.000398,0.00009127,0.00065031,0.00045901,-0.00013864,0.00083937,0.00007868,0.00005291,-0.00001262,12:15:51..235,,,,
12:15:51..271,7.51934646,-0.000407,0.00009147,0.00065019,0.00045899,-0.00013858,0.00083924,0.00007873,0.00005302,-0.00001249,12:15:51..278,,,,
12:15:51..395,7.50900348,-0.000407,0.00009162,0.00065041,0.00045928,-0.00013889,0.00083955,0.00007878,0.00005295,-0.00001223,12:15:51..393,,,,
12:15:51..427,7.41074517,-0.00038,0.00009167,0.00065042,0.00045937,-0.0001385,0.00083941,0.00007914,0.00005319,-0.0000124,12:15:51..435,,,,
12:15:51..582,7.43143113,-0.00038,0.00009124,0.0006503,0.00045921,-0.00013839,0.00083877,0.00007878,0.00005291,-0.00001182,12:15:51..580,,,,
12:15:51..613,7.40040219,-0.00038,0.00009144,0.0006497,0.00045884,-0.00013857,0.00083893,0.00007821,0.00005283,-0.00001228,12:15:51..580,,,,
12:15:51..647,7.3952307,-0.000105,0.00009149,0.00065076,0.00045888,-0.00013877,0.00083908,0.00007855,0.00005297,-0.00001227,12:15:51..701,,,,
12:15:51..770,7.38488772,-0.000105,0.00009122,0.00065011,0.00045887,-0.00013842,0.00083931,0.00007845,0.00005323,-0.00001244,12:15:51..783,,,,
12:15:51..802,7.30214388,-0.000105,0.00009135,0.00065028,0.00045887,-0.00013805,0.00083911,0.00007832,0.00005333,-0.0000123,12:15:51..783,,,,
12:15:51..835,7.36937325,0.000177,0.00009119,0.0006497,0.00045776,-0.00013884,0.00083875,0.00007774,0.00005302,-0.00001257,12:15:51..886,,,,
12:15:51..949,7.3952307,0.000177,0.000091,0.00065029,0.00045867,-0.00013797,0.0008391,0.00007852,0.000053,-0.00001273,12:15:51..946,,,,
12:15:51..981,7.30214388,0.000309,0.00009105,0.00064991,0.0004583,-0.00013817,0.00083937,0.00007856,0.00005255,-0.000012,12:15:51..946,,,,
12:15:52..120,7.34868729,0.000309,0.00009098,0.00065012,0.00045801,-0.0001381,0.00083963,0.00007844,0.00005333,-0.00001197,12:15:52..188,,,,
12:15:52..206,7.29697239,0.000309,0.00009121,0.00065022,0.0004586,-0.00013772,0.00083882,0.00007841,0.00005343,-0.00001239,12:15:52..188,,,,
12:15:52..240,7.26077196,0.000573,0.00009117,0.00065006,0.00045829,-0.00013791,0.00083951,0.00007845,0.00005307,-0.00001201,12:15:52..272,,,,
12:15:52..379,7.23491451,0.000573,0.00009139,0.00064973,0.00045755,-0.00013805,0.00083929,0.00007834,0.00005313,-0.00001211,12:15:52..380,,,,
12:15:52..412,7.17285663,0.000554,0.00009097,0.00064956,0.00045779,-0.00013845,0.00083952,0.00007834,0.00005332,-0.00001243,12:15:52..423,,,,
12:15:52..570,7.21422855,0.000554,0.00009029,0.00065017,0.00045821,-0.00013804,0.00083951,0.00007815,0.00005291,-0.0000123,12:15:52..567,,,,
12:15:52..601,7.17802812,0.000643,0.00009072,0.00065002,0.00045825,-0.00013824,0.0008398,0.00007785,0.00005281,-0.00001204,12:15:52..611,,,,
12:15:52..738,7.19354259,0.000643,0.0000908,0.00064962,0.00045807,-0.00013834,0.00083985,0.00007786,0.00005317,-0.0000121,12:15:52..735,,,,
12:15:52..771,7.09011279,0.00042,0.00009059,0.00064974,0.00045777,-0.00013866,0.00083972,0.00007785,0.00005293,-0.00001179,12:15:52..780,,,,
12:15:52..929,7.06425534,0.00042,0.00009057,0.00065038,0.00045835,-0.00013856,0.00084008,0.00007808,0.00005286,-0.00001223,12:15:52..926,,,,
12:15:52..963,7.0332264,0.000142,0.00009052,0.0006499,0.00045764,-0.00013847,0.00083951,0.00007807,0.0000533,-0.0000121,12:15:52..970,,,,
12:15:53..107,7.05391236,0.000142,0.00009037,0.00065001,0.00045823,-0.00013853,0.00083994,0.00007796,0.00005343,-0.00001205,12:15:53..106,,,,
12:15:53..141,7.02288342,-0.000308,0.00009035,0.00064997,0.00045856,-0.0001385,0.00083977,0.00007778,0.00005282,-0.00001225,12:15:53..149,,,,
12:15:53..271,7.09528428,-0.000308,0.00009078,0.00064932,0.00045781,-0.00013879,0.00083944,0.00007761,0.00005298,-0.0000125,12:15:53..268,,,,
12:15:53..303,7.02805491,-0.000644,0.00009027,0.00064988,0.00045836,-0.00013846,0.00083964,0.00007794,0.00005326,-0.00001244,12:15:53..312,,,,
12:15:53..392,7.06942683,-0.000644,0.00009067,0.00064978,0.00045792,-0.00013873,0.00083958,0.0000777,0.00005343,-0.00001186,12:15:53..462,,,,
12:15:53..477,6.97634001,-0.000644,0.00009055,0.0006498,0.00045855,-0.00013864,0.0008397,0.00007795,0.00005305,-0.00001216,12:15:53..462,,,,
12:15:53..512,6.9815115,-0.000791,0.00009019,0.00064941,0.00045865,-0.00013875,0.00083964,0.0000773,0.00005293,-0.00001191,12:15:53..548,,,,
12:15:53..695,6.99185448,-0.000791,0.00009051,0.00064954,0.00045782,-0.00013871,0.00083958,0.00007729,0.00005323,-0.00001182,12:15:53..692,,,,
12:15:53..726,6.94531107,-0.000624,0.00009012,0.00064962,0.00045824,-0.00013865,0.0008396,0.00007779,0.00005296,-0.00001218,12:15:53..736,,,,
12:15:53..851,6.90393915,-0.000624,0.00009004,0.0006496,0.00045833,-0.00013878,0.00083949,0.00007761,0.00005326,-0.0000117,12:15:53..848,,,,
12:15:53..884,6.94013958,-0.000563,0.00009016,0.00064946,0.00045782,-0.00013878,0.0008392,0.00007771,0.0000533,-0.00001192,12:15:53..891,,,,
12:15:53..930,6.89359617,-0.000611,0.00008999,0.00064998,0.00045858,-0.00013852,0.00083942,0.00007779,0.00005285,-0.00001167,12:15:53..933,,,,
12:15:53..990,6.89359617,-0.000611,0.0000903,0.00064947,0.00045831,-0.00013883,0.00083918,0.00007758,0.00005332,-0.00001199,12:15:54..000,,,,
12:15:54..040,6.90911064,-0.000611,0.00008972,0.00064961,0.00045845,-0.00013853,0.00083978,0.00007808,0.00005329,-0.0000116,12:15:54..000,,,,
12:15:54..075,6.87291021,-0.000577,0.00009023,0.00064974,0.0004581,-0.00013804,0.00083918,0.00007756,0.00005291,-0.00001188,12:15:54..086,,,,
12:15:54..149,6.88325319,-0.000577,0.00009021,0.0006492,0.00045796,-0.00013907,0.00083928,0.00007773,0.00005299,-0.00001142,12:15:54..228,,,,
12:15:54..239,6.88842468,-0.000577,0.00009018,0.00064982,0.00045871,-0.00013817,0.0008395,0.00007781,0.0000527,-0.00001151,12:15:54..228,,,,
12:15:54..273,6.78499488,-0.000309,0.00008972,0.00064987,0.00045843,-0.00013864,0.00083998,0.00007785,0.0000532,-0.00001158,12:15:54..337,,,,
12:15:54..393,6.81602382,-0.000309,0.00008985,0.00064963,0.00045837,-0.00013853,0.00083955,0.00007765,0.00005331,-0.00001149,12:15:54..392,,,,
12:15:54..425,6.83670978,-0.000162,0.00008995,0.00064974,0.00045828,-0.00013844,0.00083891,0.00007761,0.00005302,-0.00001158,12:15:54..436,,,,
12:15:54..493,6.84188127,-0.000162,0.00008999,0.00064949,0.00045837,-0.0001384,0.00083938,0.00007749,0.00005329,-0.00001164,12:15:54..549,,,,
12:15:54..560,6.80568084,-0.000162,0.0000904,0.00064976,0.00045817,-0.00013823,0.00083915,0.00007767,0.00005328,-0.00001155,12:15:54..549,,,,
12:15:54..592,6.76430892,-0.000354,0.00009006,0.00064974,0.00045782,-0.0001387,0.0008392,0.00007732,0.00005333,-0.00001179,12:15:54..647,,,,
12:15:54..725,6.79533786,-0.000354,0.00008953,0.00064975,0.00045842,-0.00013872,0.00083912,0.00007763,0.00005284,-0.00001178,12:15:54..764,,,,
12:15:54..774,6.71259402,-0.000354,0.00009006,0.00064956,0.00045764,-0.0001386,0.00083968,0.00007767,0.00005311,-0.00001164,12:15:54..764,,,,
12:15:54..808,6.74879445,-0.000387,0.00008921,0.00064965,0.00045815,-0.00013836,0.00083915,0.00007781,0.00005298,-0.00001149,12:15:54..875,,,,
12:15:54..944,6.71776551,-0.000387,0.00008938,0.00064988,0.00045833,-0.00013815,0.00083967,0.00007821,0.00005305,-0.00001144,12:15:54..875,,,,
12:15:54..975,6.722937,-0.000249,0.0000897,0.00064969,0.00045774,-0.00013823,0.00083951,0.00007786,0.00005343,-0.00001183,12:15:54..995,,,,
12:15:55..085,6.73845147,-0.000249,0.00008959,0.00064931,0.00045836,-0.00013859,0.00083937,0.00007814,0.00005333,-0.00001151,12:15:55..085,,,,
12:15:55..118,6.68156508,-0.0002,0.0000895,0.00064923,0.00045774,-0.0001387,0.00083896,0.00007762,0.00005324,-0.00001157,12:15:55..129,,,,
12:15:55..245,6.66605061,-0.0002,0.00008986,0.00064931,0.00045862,-0.0001381,0.000839,0.00007806,0.00005329,-0.00001148,12:15:55..243,,,,
12:15:55..278,6.67639359,0.000046,0.00008908,0.00064907,0.00045843,-0.00013798,0.00083967,0.00007788,0.00005324,-0.00001158,12:15:55..287,,,,
12:15:55..414,6.60399273,0.000046,0.00008933,0.00064974,0.00045813,-0.00013819,0.00083929,0.00007768,0.00005339,-0.00001144,12:15:55..411,,,,
12:15:55..447,6.6195072,0.000229,0.00008918,0.00064948,0.00045864,-0.00013761,0.00083997,0.00007833,0.0000531,-0.00001144,12:15:55..456,,,,
12:15:55..616,6.60399273,0.000229,0.00008965,0.00064894,0.00045765,-0.00013806,0.00083954,0.00007782,0.00005328,-0.00001181,12:15:55..613,,,,
12:15:55..647,6.57813528,0.000277,0.00008945,0.00064934,0.00045792,-0.00013818,0.00083958,0.0000785,0.00005298,-0.00001123,12:15:55..656,,,,
12:15:55..786,6.63502167,0.000277,0.00008909,0.00064943,0.0004583,-0.00013733,0.00083961,0.00007816,0.00005348,-0.00001121,12:15:55..783,,,,
12:15:55..818,6.59882124,0.000292,0.00008943,0.00064963,0.00045755,-0.00013782,0.00083936,0.00007793,0.00005351,-0.00001148,12:15:55..827,,,,
12:15:55..949,6.57296379,0.000292,0.00008943,0.00064942,0.0004584,-0.00013754,0.00083982,0.00007822,0.00005337,-0.00001126,12:15:55..946,,,,
12:15:55..981,6.66087912,0.00031,0.00008898,0.00064929,0.00045786,-0.00013755,0.00083927,0.0000781,0.00005363,-0.00001155,12:15:55..946,,,,
12:15:56..057,6.55744932,0.00031,0.00008955,0.00064941,0.00045803,-0.00013768,0.0008392,0.00007824,0.00005371,-0.00001124,12:15:56..126,,,,
12:15:56..136,6.47470548,0.00031,0.00008914,0.00064893,0.00045801,-0.00013794,0.00083929,0.0000779,0.00005343,-0.00001149,12:15:56..126,,,,
12:15:56..169,6.53159187,0.000157,0.00008921,0.00064887,0.0004579,-0.00013751,0.00083954,0.00007831,0.0000537,-0.00001137,12:15:56..249,,,,
12:15:56..316,6.50573442,0.000157,0.00008916,0.00064946,0.00045852,-0.00013724,0.00083966,0.00007797,0.00005341,-0.00001131,12:15:56..315,,,,
12:15:56..348,6.50573442,0.000062,0.00008896,0.00064922,0.00045822,-0.00013757,0.00083937,0.00007793,0.00005348,-0.00001137,12:15:56..360,,,,
12:15:56..488,6.44367654,0.000062,0.00008923,0.00064924,0.00045793,-0.00013694,0.00083926,0.00007765,0.00005313,-0.00001157,12:15:56..485,,,,
12:15:56..519,6.43850505,0.000089,0.00008911,0.00064919,0.00045779,-0.00013717,0.00083932,0.00007792,0.00005363,-0.00001137,12:15:56..529,,,,
12:15:56..710,6.38161866,0.000089,0.0000893,0.00064879,0.00045777,-0.00013742,0.00083965,0.00007753,0.00005371,-0.00001122,12:15:56..707,,,,
12:15:56..743,6.37127568,0.000118,0.00008882,0.00064887,0.00045812,-0.000137,0.00083927,0.00007817,0.00005391,-0.00001129,12:15:56..750,,,,
12:15:56..873,6.40230462,0.000118,0.00008914,0.00064879,0.00045775,-0.00013712,0.00083915,0.00007767,0.0000535,-0.00001137,12:15:56..870,,,,
12:15:56..905,6.36610419,0.00018,0.00008886,0.00064883,0.00045746,-0.00013793,0.00083904,0.00007753,0.00005401,-0.00001122,12:15:56..913,,,,
12:15:57..055,6.3609327,0.00018,0.00008908,0.00064889,0.00045826,-0.00013683,0.00083984,0.00007784,0.00005397,-0.00001109,12:15:57..052,,,,
12:15:57..087,6.34024674,0.000084,0.00008869,0.00064837,0.00045766,-0.00013727,0.00083912,0.0000776,0.00005354,-0.00001155,12:15:57..096,,,,
12:15:57..231,6.37127568,0.000084,0.00008875,0.00064889,0.00045764,-0.0001367,0.00083971,0.00007773,0.00005333,-0.00001143,12:15:57..228,,,,
12:15:57..264,6.3092178,-0.000099,0.00008873,0.00064868,0.00045785,-0.00013711,0.00083947,0.00007805,0.00005432,-0.00001174,12:15:57..274,,,,
12:15:57..402,6.31438929,-0.000099,0.00008884,0.00064963,0.00045843,-0.0001366,0.00083961,0.00007839,0.00005384,-0.00001164,12:15:57..399,,,,
12:15:57..434,6.29370333,-0.000315,0.00008839,0.00064824,0.00045812,-0.00013673,0.00083888,0.00007775,0.00005363,-0.00001182,12:15:57..441,,,,
12:15:57..564,6.27818886,-0.000315,0.0000884,0.00064828,0.00045735,-0.00013737,0.0008388,0.00007773,0.00005389,-0.00001162,12:15:57..562,,,,
12:15:57..595,6.29887482,-0.000568,0.00008892,0.00064856,0.00045771,-0.00013706,0.00083944,0.00007794,0.00005382,-0.00001187,12:15:57..604,,,,
12:15:57..728,6.27301737,-0.000568,0.00008866,0.00064813,0.00045752,-0.00013705,0.00083883,0.00007752,0.00005385,-0.0000114,12:15:57..725,,,,
12:15:57..761,6.28853184,-0.000733,0.00008871,0.00064847,0.00045756,-0.00013671,0.00083938,0.0000776,0.00005391,-0.00001163,12:15:57..768,,,,
12:15:57..927,6.28336035,-0.000733,0.00008845,0.00064807,0.000457,-0.00013747,0.00083946,0.00007741,0.00005367,-0.00001145,12:15:57..924,,,,
12:15:57..958,6.22647396,-0.000725,0.00008837,0.00064798,0.00045738,-0.00013716,0.00083959,0.0000777,0.00005399,-0.00001147,12:15:57..966,,,,
12:15:58..104,6.18510204,-0.000725,0.00008873,0.00064887,0.00045794,-0.00013674,0.00083989,0.00007779,0.00005343,-0.00001178,12:15:58..101,,,,
12:15:58..136,6.19544502,-0.000629,0.00008852,0.00064834,0.00045756,-0.00013673,0.00083958,0.00007749,0.00005375,-0.00001144,12:15:58..144,,,,
12:15:58..303,6.16958757,-0.000629,0.00008833,0.00064795,0.00045696,-0.0001371,0.00083925,0.0000773,0.00005378,-0.00001171,12:15:58..301,,,,
12:15:58..335,6.18510204,-0.000331,0.00008806,0.00064793,0.00045733,-0.00013699,0.00083938,0.00007746,0.00005418,-0.0000112,12:15:58..344,,,,
12:15:58..478,6.18510204,-0.000331,0.00008854,0.00064815,0.00045759,-0.00013672,0.00083941,0.00007706,0.00005397,-0.00001177,12:15:58..476,,,,
12:15:58..510,6.1540731,-0.000095,0.00008795,0.00064799,0.00045653,-0.0001375,0.00083938,0.00007669,0.00005404,-0.00001202,12:15:58..519,,,,
12:15:58..660,6.08684373,-0.000095,0.00008866,0.00064832,0.0004575,-0.00013699,0.00083998,0.00007735,0.00005417,-0.00001139,12:15:58..658,,,,
12:15:58..691,6.48504846,-0.000112,0.00008891,0.00064761,0.00045708,-0.00013694,0.00083996,0.00007752,0.00005363,-0.0000106,12:15:58..701,,,,
12:15:58..778,5.72483943,-0.000112,0.00008846,0.00064801,0.00045679,-0.00013658,0.00083954,0.00007748,0.00005383,-0.00001073,12:15:58..822,,,,
12:15:58..831,5.97824244,-0.000112,0.00008803,0.00064779,0.00045706,-0.00013737,0.00083986,0.00007716,0.00005412,-0.00001095,12:15:58..822,,,,
12:15:58..866,6.07650075,-0.000143,0.00008774,0.00064872,0.00045741,-0.00013763,0.00083964,0.00007765,0.00005421,-0.00001177,12:15:58..866,,,,
12:15:58..924,6.18510204,-0.000245,0.00008836,0.00064881,0.00045744,-0.00013751,0.00083976,0.00007808,0.00005461,-0.00001196,12:15:58..920,,,,
12:15:58..990,6.36610419,-0.000245,0.00008796,0.00064939,0.00045755,-0.00013702,0.00083983,0.0000777,0.00005411,-0.0000115,12:15:58..965,,,,
12:15:59..024,6.52124889,-0.000293,0.00008654,0.00064154,0.00045638,-0.00013779,0.00084036,0.00007931,0.00005869,-0.00001079,12:15:59..007,,,,
12:15:59..131,4.96980189,-0.000331,0.00008606,0.00064119,0.00045589,-0.0001373,0.00083989,0.00007901,0.00005895,-0.00001086,12:15:59..192,,,,
12:15:59..271,5.46626493,-0.000331,0.00008647,0.00064146,0.00045636,-0.00013706,0.00084031,0.00007955,0.00005887,-0.00001032,12:15:59..271,,,,
12:15:59..305,5.4300645,-0.00038,0.00008788,0.00064211,0.00045662,-0.00013733,0.00083852,0.00007544,0.00005434,-0.00000891,12:15:59..313,,,,
12:15:59..441,5.38352109,-0.00038,0.00008847,0.000642,0.00045596,-0.00013752,0.00083855,0.00007533,0.00005495,-0.00000893,12:15:59..441,,,,
12:15:59..476,6.1540731,-0.000292,0.00008771,0.00064836,0.0004571,-0.00013748,0.0008394,0.00007441,0.00005153,-0.00001581,12:15:59..484,,,,
12:15:59..642,6.3092178,-0.000292,0.00008779,0.00064882,0.00045776,-0.00013758,0.00083935,0.0000748,0.00005147,-0.00001579,12:15:59..639,,,,
12:15:59..674,6.11270118,-0.000151,0.00008789,0.00064477,0.00045686,-0.00013795,0.00083861,0.00007562,0.00005482,-0.00001337,12:15:59..681,,,,
12:15:59..743,5.80758327,-0.000151,0.00008791,0.00064473,0.00045659,-0.00013843,0.00083913,0.00007554,0.00005374,-0.00001304,12:15:59..808,,,,
12:15:59..823,5.14563255,-0.000151,0.00008808,0.0006445,0.0004569,-0.00013799,0.00083856,0.00007536,0.00005487,-0.00001257,12:15:59..808,,,,
12:15:59..858,5.77655433,0.000122,0.00008785,0.0006481,0.0004569,-0.00013782,0.00083856,0.00007502,0.00005215,-0.00001168,12:15:59..940,,,,
12:16:00..011,5.83344072,0.000122,0.00008805,0.00064849,0.00045703,-0.000138,0.0008383,0.00007516,0.00005252,-0.00001188,12:16:00..008,,,,
12:16:00..043,6.24715992,0.000225,0.00008836,0.00065277,0.00045765,-0.00013751,0.00083834,0.00007676,0.00005207,-0.00001239,12:16:00..053,,,,
12:16:00..176,5.50763685,0.000225,0.00008833,0.00065273,0.00045836,-0.00013771,0.0008384,0.00007691,0.00005177,-0.00001219,12:16:00..173,,,,
12:16:00..209,6.14890161,0.000479,0.00008835,0.00065173,0.00045851,-0.00013763,0.00083867,0.00007896,0.0000559,-0.00001266,12:16:00..216,,,,
12:16:00..335,5.80241178,0.000479,0.00008864,0.0006516,0.00045802,-0.0001375,0.0008388,0.0000788,0.00005588,-0.00001233,12:16:00..332,,,,
12:16:00..368,5.39386407,0.000515,0.00008789,0.0006499,0.00045846,-0.00013753,0.00083839,0.00007654,0.00005386,-0.00001335,12:16:00..376,,,,
12:16:00..492,5.688639,0.000515,0.00008829,0.00065037,0.00045888,-0.00013758,0.00083914,0.00007691,0.00005384,-0.00001301,12:16:00..490,,,,
12:16:00..524,0.59989284,0.000403,0.00008802,0.00064585,0.00045849,-0.00013662,0.00083852,0.00007751,0.00005468,-0.00001043,12:16:00..533,,,,
12:16:00..713,5.2232049,0.000403,0.0000885,0.00064613,0.00045907,-0.00013692,0.00083937,0.00007805,0.00005485,-0.00001002,12:16:00..710,,,,
12:16:00..746,6.5677923,0.00019,0.00008833,0.00064792,0.00045865,-0.00013755,0.00083861,0.0000772,0.00005425,-0.00001138,12:16:00..753,,,,
12:16:00..910,5.73518241,0.00019,0.00008873,0.0006478,0.00045889,-0.00013753,0.00083829,0.00007737,0.00005423,-0.00001149,12:16:00..907,,,,
12:16:00..942,7.9123797,0.000111,0.00008833,0.00065109,0.00045917,-0.00013695,0.0008386,0.00007889,0.00005542,-0.00001179,12:16:00..952,,,,
12:16:00..995,4.59745461,0.00002,0.00008852,0.00065097,0.00045931,-0.00013723,0.0008381,0.00007861,0.0000553,-0.00001211,12:16:00..995,,,,
12:16:01..077,-1.59799041,0.00002,0.00008875,0.00065065,0.00045933,-0.00013678,0.00083828,0.00007849,0.0000557,-0.00001184,12:16:01..083,,,,
12:16:01..110,9.27248157,-0.000294,0.00008851,0.00065451,0.00045953,-0.00013641,0.00083831,0.00007726,0.00005078,-0.00001463,12:16:01..126,,,,
12:16:01..290,10.38435192,-0.000294,0.00008843,0.0006548,0.00046019,-0.0001369,0.00083779,0.00007749,0.00005055,-0.00001453,12:16:01..287,,,,
12:16:01..323,2.51851563,-0.000852,0.00009118,0.00065759,0.00045997,-0.00013591,0.00083876,0.00008174,0.000055,-0.00001062,12:16:01..330,,,,
12:16:01..466,7.1883711,-0.000852,0.00009073,0.00065775,0.0004599,-0.00013539,0.00083861,0.00008204,0.00005523,-0.00001021,12:16:01..464,,,,
12:16:01..498,5.7920688,-0.001205,0.00009163,0.00065535,0.00045985,-0.00013675,0.00083764,0.00008226,0.00005821,-0.0000085,12:16:01..509,,,,
12:16:01..632,-0.08274384,-0.001205,0.00009168,0.00065605,0.00046048,-0.00013632,0.00083825,0.00008211,0.00005828,-0.00000846,12:16:01..629,,,,
12:16:01..665,6.88325319,-0.001048,0.0000894,0.00065291,0.00046055,-0.0001367,0.00083861,0.00007701,0.00005269,-0.00001382,12:16:01..673,,,,
12:16:01..737,11.8427121,-0.001049,0.00008902,0.00065263,0.00045962,-0.00013681,0.00083871,0.00007738,0.00005309,-0.00001381,12:16:01..814,,,,
12:16:01..878,5.24906235,-0.001049,0.00008913,0.00065296,0.00046003,-0.00013611,0.00083867,0.00007741,0.00005258,-0.00001356,12:16:01..880,,,,
12:16:01..912,3.17529486,-0.000795,0.00008809,0.00064859,0.00045989,-0.00013635,0.00083908,0.00007792,0.00005317,-0.00001281,12:16:01..926,,,,
12:16:02..044,6.67639359,-0.000795,0.0000883,0.0006482,0.00045991,-0.00013595,0.00083833,0.00007775,0.00005334,-0.00001271,12:16:02..042,,,,
12:16:02..078,6.29887482,-0.000882,0.0000886,0.00064877,0.00045962,-0.00013677,0.00083836,0.00007796,0.00005417,-0.00001205,12:16:02..088,,,,
12:16:02..188,5.03703126,-0.000882,0.00008862,0.00064924,0.00046051,-0.00013622,0.00083849,0.00007867,0.00005449,-0.0000122,12:16:02..234,,,,
12:16:02..258,4.90774401,-0.000882,0.00008851,0.00064896,0.00045963,-0.00013665,0.00083835,0.00007831,0.00005465,-0.0000121,12:16:02..234,,,,
12:16:02..292,6.09718671,-0.000853,0.00008897,0.00065051,0.00046052,-0.00013644,0.00083783,0.00007904,0.00005606,-0.00001192,12:16:02..322,,,,
12:16:02..442,6.21613098,-0.000853,0.00008887,0.00065001,0.00045996,-0.00013698,0.00083757,0.00007866,0.00005578,-0.00001169,12:16:02..439,,,,
12:16:02..475,4.9129155,-0.000918,0.00008836,0.0006493,0.00046072,-0.00013637,0.00083807,0.00007855,0.00005522,-0.00001226,12:16:02..482,,,,
12:16:02..650,5.08874616,-0.000918,0.00008873,0.00064905,0.00046022,-0.00013681,0.00083762,0.00007869,0.00005554,-0.00001168,12:16:02..647,,,,
12:16:02..680,5.33180619,-0.001251,0.00008833,0.00064847,0.00046093,-0.00013569,0.00083822,0.00007892,0.00005515,-0.00001219,12:16:02..691,,,,
12:16:02..790,5.17149,-0.001251,0.00008797,0.0006484,0.00046013,-0.00013666,0.00083831,0.00007879,0.00005487,-0.00001176,12:16:02..858,,,,
12:16:02..869,5.31629172,-0.001251,0.00008836,0.00064874,0.00046075,-0.00013605,0.00083838,0.00007894,0.00005513,-0.00001187,12:16:02..858,,,,
12:16:02..901,5.31629172,-0.001499,0.00008833,0.00064965,0.00046067,-0.00013644,0.00083759,0.00007894,0.00005569,-0.00001228,12:16:02..903,,,,
12:16:03..003,5.28526278,-0.001499,0.00008863,0.00065,0.00046079,-0.00013698,0.00083749,0.00007879,0.00005618,-0.00001217,12:16:03..056,,,,
12:16:03..068,5.05254573,-0.001499,0.00008867,0.00065008,0.00046022,-0.00013618,0.00083726,0.00007887,0.00005614,-0.00001174,12:16:03..056,,,,
12:16:03..101,5.10943212,-0.001535,0.00008861,0.00064985,0.00046072,-0.00013596,0.0008376,0.00007882,0.00005642,-0.00001181,12:16:03..143,,,,
12:16:03..253,5.12494659,-0.001535,0.00008831,0.00064925,0.00046009,-0.00013633,0.00083768,0.00007876,0.00005623,-0.00001196,12:16:03..249,,,,
12:16:03..284,5.13528957,-0.001292,0.00008821,0.00064941,0.00046008,-0.00013637,0.00083735,0.00007883,0.00005567,-0.00001247,12:16:03..249,,,,
12:16:03..363,5.08357467,-0.001292,0.00008887,0.00064944,0.00046088,-0.00013607,0.00083779,0.00007917,0.00005584,-0.00001189,12:16:03..410,,,,
12:16:03..421,4.99565934,-0.001292,0.00008882,0.00064968,0.00046077,-0.00013636,0.00083757,0.00007891,0.00005574,-0.00001201,12:16:03..410,,,,
12:16:03..454,5.04220275,-0.001133,0.00008846,0.00064983,0.00046039,-0.0001362,0.00083756,0.0000792,0.00005678,-0.00001175,12:16:03..496,,,,
12:16:03..598,5.03185977,-0.001133,0.00008802,0.00065023,0.00046036,-0.00013629,0.00083774,0.00007967,0.00005598,-0.00001201,12:16:03..597,,,,
12:16:03..632,4.9646304,-0.001255,0.00008852,0.00065036,0.00046053,-0.00013602,0.00083831,0.00007887,0.00005678,-0.00001243,12:16:03..641,,,,
12:16:03..769,4.94394444,-0.001255,0.0000887,0.00065043,0.00046059,-0.00013672,0.0008385,0.00007899,0.00005708,-0.00001204,12:16:03..766,,,,
12:16:03..800,4.87671507,-0.001351,0.00008863,0.0006501,0.00045961,-0.00013655,0.00083865,0.00007925,0.00005686,-0.00001192,12:16:03..766,,,,
12:16:03..834,4.90774401,-0.001242,0.00008882,0.00064969,0.00045958,-0.00013689,0.00083832,0.0000787,0.00005669,-0.00001229,12:16:03..901,,,,
12:16:03..925,4.85602911,-0.001105,0.00008851,0.00064993,0.00046006,-0.00013647,0.00083827,0.00007924,0.00005664,-0.00001219,12:16:03..946,,,,
12:16:03..992,4.83017166,-0.001105,0.00008833,0.00064962,0.00045954,-0.00013675,0.0008385,0.0000785,0.00005698,-0.00001223,12:16:03..991,,,,
12:16:04..025,4.77328527,-0.001056,0.00008848,0.00065013,0.00046043,-0.00013706,0.00083851,0.00007909,0.000057,-0.0000125,12:16:04..034,,,,
12:16:04..081,4.75259931,-0.001062,0.00008863,0.00064946,0.00045999,-0.00013697,0.00083848,0.00007899,0.00005692,-0.0000123,12:16:04..081,,,,
12:16:04..161,4.77845676,-0.001062,0.00008862,0.00065003,0.0004608,-0.00013671,0.00083894,0.00007889,0.00005629,-0.00001278,12:16:04..157,,,,
12:16:04..193,4.72157037,-0.001172,0.00008834,0.00064943,0.00045999,-0.0001372,0.00083888,0.0000786,0.00005678,-0.00001282,12:16:04..157,,,,
12:16:04..227,4.69054143,-0.001234,0.00008877,0.00065,0.00046014,-0.00013744,0.00083916,0.00007887,0.00005673,-0.00001212,12:16:04..245,,,,
12:16:04..318,4.69054143,-0.001274,0.0000887,0.00065003,0.00046083,-0.00013728,0.00083885,0.00007965,0.00005751,-0.0000126,12:16:04..434,,,,
12:16:04..450,4.77845676,-0.001344,0.00008815,0.00065003,0.0004601,-0.00013712,0.00083899,0.00007863,0.00005662,-0.00001181,12:16:04..476,,,,
12:16:04..482,4.59228312,-0.001344,0.00008834,0.00064972,0.00045994,-0.00013713,0.00083868,0.00007891,0.00005736,-0.0000124,12:16:04..476,,,,
12:16:04..515,4.58194014,-0.001339,0.00008876,0.00065009,0.00046127,-0.00013703,0.0008389,0.00007878,0.00005754,-0.00001238,12:16:04..518,,,,
12:16:04..560,4.51988226,-0.00143,0.00008868,0.00064981,0.00046021,-0.00013722,0.00083865,0.00007912,0.00005755,-0.00001278,12:16:04..674,,,,
12:16:04..688,4.58711163,-0.001473,0.00008879,0.00065054,0.0004606,-0.00013705,0.00083869,0.00007918,0.00005728,-0.00001213,12:16:04..718,,,,
12:16:04..764,4.46816736,-0.001473,0.00008867,0.00065002,0.00046052,-0.00013747,0.0008384,0.00007896,0.00005745,-0.00001264,12:16:04..763,,,,
12:16:04..798,4.41128097,-0.001388,0.00008838,0.00065069,0.000461,-0.00013727,0.00083915,0.00007919,0.00005738,-0.00001274,12:16:04..805,,,,
12:16:04..917,4.43713842,-0.001388,0.00008846,0.00065011,0.00046016,-0.00013747,0.00083863,0.00007886,0.00005772,-0.0000127,12:16:04..982,,,,
12:16:04..992,4.37508054,-0.001388,0.00008834,0.00065007,0.00046075,-0.00013679,0.00083888,0.00007867,0.00005726,-0.00001278,12:16:04..982,,,,
12:16:05..025,4.33370862,-0.001358,0.00008862,0.00064963,0.00046048,-0.00013754,0.00083859,0.00007891,0.00005826,-0.00001238,12:16:05..025,,,,
12:16:05..059,4.30267968,-0.001407,0.00008851,0.00064996,0.00046014,-0.00013802,0.00083818,0.00007899,0.00005829,-0.000013,12:16:05..068,,,,
12:16:05..111,4.20959286,-0.001594,0.00008828,0.0006498,0.00046004,-0.0001377,0.00083853,0.00007916,0.0000579,-0.00001331,12:16:05..112,,,,
12:16:05..208,4.25096478,-0.001594,0.00008901,0.00064981,0.00046021,-0.00013757,0.00083874,0.00007921,0.00005807,-0.00001327,12:16:05..208,,,,
12:16:05..241,4.1889069,-0.001569,0.0000886,0.00064992,0.000461,-0.0001374,0.00083845,0.00007913,0.00005788,-0.00001309,12:16:05..251,,,,
12:16:05..275,4.17339243,-0.001599,0.00008857,0.00065035,0.00046135,-0.00013719,0.00083876,0.00007931,0.0000579,-0.0000125,12:16:05..251,,,,
12:16:05..397,4.16822094,-0.001597,0.00008829,0.00064947,0.00046052,-0.00013771,0.00083859,0.00007892,0.00005841,-0.0000136,12:16:05..462,,,,
12:16:05..484,4.10616306,-0.001597,0.00008905,0.00064941,0.00046074,-0.00013797,0.00083801,0.00007895,0.00005805,-0.00001353,12:16:05..462,,,,
