Time,Pressure,Flow Rate (ml/s),Force 1,Force 2,Force 3,Force 4,Force 5,Force 6,Force 7,Force 8,Flow Meter Time,,,, 
12:28:25..986,5.72483943,-0.004104,0.0000637,0.00062265,0.00044453,-0.00014794,0.00082254,0.00005924,0.00002917,-0.00002983,12:28:26..036,,,,
12:28:26..140,5.67312453,-0.004104,0.00006355,0.00062396,0.00044421,-0.00014729,0.00082266,0.00005918,0.00002915,-0.0000295,12:28:26..147,,,,
12:28:26..174,5.72483943,-0.004164,0.00006354,0.00062354,0.00044466,-0.0001478,0.00082262,0.00005944,0.00002922,-0.00002997,12:28:26..190,,,,
12:28:26..253,5.64726708,-0.004164,0.0000635,0.00062352,0.00044422,-0.00014768,0.00082272,0.00005954,0.00002934,-0.00002939,12:28:26..291,,,,
12:28:26..302,5.68346751,-0.004164,0.00006341,0.00062334,0.00044407,-0.0001476,0.0008225,0.00005916,0.00002931,-0.0000298,12:28:26..291,,,,
12:28:26..334,5.64209559,-0.004104,0.00006392,0.00062353,0.00044436,-0.00014698,0.00082279,0.00005939,0.00002988,-0.00002958,12:28:26..338,,,,
12:28:26..425,5.73518241,-0.003984,0.00006363,0.00062291,0.00044418,-0.00014787,0.00082233,0.00005929,0.00002953,-0.00002983,12:28:26..473,,,,
12:28:26..518,5.66278155,-0.003984,0.00006359,0.00062376,0.00044469,-0.00014726,0.00082287,0.00005999,0.00002925,-0.0000293,12:28:26..522,,,,
12:28:26..553,5.67312453,-0.004019,0.0000636,0.00062338,0.00044424,-0.00014726,0.00082282,0.00006002,0.00002967,-0.00002952,12:28:26..566,,,,
12:28:26..614,5.64209559,-0.004019,0.00006352,0.0006232,0.00044468,-0.00014731,0.00082264,0.00005964,0.00002939,-0.00002951,12:28:26..693,,,,
12:28:26..701,5.74552539,-0.004019,0.00006344,0.00062374,0.0004445,-0.00014713,0.00082279,0.00005958,0.00002945,-0.00002975,12:28:26..693,,,,
12:28:26..736,5.66795304,-0.004158,0.0000633,0.00062417,0.00044477,-0.00014741,0.00082321,0.00005951,0.00002915,-0.00002975,12:28:26..790,,,,
12:28:26..878,5.65243857,-0.004158,0.00006352,0.00062298,0.00044428,-0.00014772,0.00082228,0.00005962,0.00002933,-0.00002979,12:28:26..878,,,,
12:28:26..911,5.61623814,-0.004261,0.00006391,0.00062363,0.0004445,-0.00014773,0.0008225,0.00006,0.00002963,-0.00002995,12:28:26..922,,,,
12:28:27..097,5.65761006,-0.004261,0.00006388,0.00062348,0.00044438,-0.00014721,0.00082228,0.00005967,0.00002941,-0.00002959,12:28:27..095,,,,
12:28:27..129,5.64726708,-0.004511,0.00006343,0.00062293,0.00044443,-0.00014734,0.00082223,0.00005959,0.00002978,-0.00003002,12:28:27..138,,,,
12:28:27..246,5.69898198,-0.004511,0.00006346,0.00062329,0.00044423,-0.00014731,0.00082222,0.00005996,0.00002914,-0.00002983,12:28:27..245,,,,
12:28:27..278,5.62658112,-0.004522,0.00006359,0.00062276,0.00044442,-0.00014774,0.00082172,0.0000595,0.00002913,-0.00002977,12:28:27..288,,,,
12:28:27..405,5.68346751,-0.004522,0.0000633,0.00062312,0.00044442,-0.00014687,0.00082217,0.00005976,0.00002913,-0.00002957,12:28:27..403,,,,
12:28:27..437,5.71449645,-0.004343,0.00006364,0.00062292,0.00044425,-0.00014738,0.00082241,0.00005947,0.00002912,-0.00002988,12:28:27..448,,,,
12:28:27..523,5.62658112,-0.004204,0.00006344,0.00062374,0.00044429,-0.00014726,0.00082241,0.00005938,0.00002913,-0.0000301,12:28:27..629,,,,
12:28:27..674,5.70932496,-0.004204,0.00006332,0.00062285,0.00044422,-0.00014741,0.00082231,0.00005967,0.0000291,-0.00002976,12:28:27..629,,,,
12:28:27..707,5.70415347,-0.004163,0.0000634,0.00062298,0.00044391,-0.00014767,0.00082223,0.00005958,0.00002939,-0.00003016,12:28:27..718,,,,
12:28:27..855,5.67312453,-0.004163,0.00006302,0.00062347,0.00044427,-0.00014733,0.00082205,0.00005953,0.00002876,-0.00002957,12:28:27..718,,,,
12:28:27..889,5.71449645,-0.004016,0.0000636,0.0006231,0.00044435,-0.00014717,0.00082211,0.00005974,0.00002891,-0.00002975,12:28:27..902,,,,
12:28:28..012,5.71449645,-0.004016,0.00006316,0.00062328,0.0004442,-0.00014732,0.00082204,0.00005952,0.00002891,-0.00002954,12:28:28..010,,,,
12:28:28..044,5.68346751,-0.004,0.00006368,0.00062265,0.00044476,-0.00014728,0.00082209,0.00005953,0.00002943,-0.0000296,12:28:28..053,,,,
12:28:28..202,5.70932496,-0.004,0.00006349,0.00062345,0.00044427,-0.00014724,0.00082191,0.00005964,0.00002926,-0.00002966,12:28:28..200,,,,
12:28:28..233,5.688639,-0.004327,0.00006343,0.00062273,0.00044435,-0.00014695,0.00082223,0.00005961,0.00002924,-0.00002983,12:28:28..243,,,,
12:28:28..369,5.66795304,-0.004327,0.00006346,0.00062309,0.00044408,-0.00014701,0.00082176,0.00005973,0.0000292,-0.00002968,12:28:28..367,,,,
12:28:28..401,5.688639,-0.004471,0.00006371,0.00062329,0.00044426,-0.00014727,0.00082239,0.00005957,0.00002908,-0.00002939,12:28:28..367,,,,
12:28:28..511,5.62658112,-0.004639,0.00006371,0.00062256,0.00044468,-0.00014715,0.00082201,0.00005975,0.00002941,-0.00002964,12:28:28..605,,,,
12:28:28..686,5.69898198,-0.004639,0.000063,0.00062307,0.0004444,-0.0001467,0.00082202,0.00005977,0.00002916,-0.00002937,12:28:28..687,,,,
12:28:28..720,5.73001092,-0.004702,0.00006315,0.00062234,0.0004438,-0.00014738,0.0008218,0.00005991,0.00002923,-0.00003043,12:28:28..731,,,,
12:28:28..878,5.64726708,-0.004702,0.0000636,0.00062302,0.00044433,-0.00014694,0.00082183,0.00005987,0.00002931,-0.00002985,12:28:28..878,,,,
12:28:28..912,5.67312453,-0.004815,0.00006329,0.00062218,0.00044391,-0.0001472,0.00082195,0.00005945,0.00002893,-0.00002997,12:28:28..921,,,,
12:28:29..074,5.64726708,-0.004815,0.00006355,0.0006231,0.00044441,-0.00014669,0.00082177,0.00005958,0.00002868,-0.00003005,12:28:29..072,,,,
12:28:29..108,15.73684407,-0.004589,0.00006293,0.00062295,0.00044424,-0.00014739,0.00082183,0.0000595,0.00002947,-0.00003002,12:28:29..117,,,,
12:28:29..248,29.44129257,0.007183,0.00006343,0.00062295,0.00044394,-0.00014681,0.00082165,0.00005987,0.00002932,-0.00003027,12:28:29..300,,,,
12:28:29..382,20.44807146,0.007183,0.00006371,0.00062241,0.00044398,-0.00014704,0.00082195,0.00005951,0.00002927,-0.0000297,12:28:29..383,,,,
12:28:29..414,17.17451829,0.032111,0.00006295,0.00062187,0.00044348,-0.00014744,0.00082153,0.0000595,0.0000292,-0.00002973,12:28:29..465,,,,
12:28:29..556,18.30190311,0.032111,0.00006319,0.00062268,0.00044348,-0.00014712,0.00082214,0.00005971,0.00002885,-0.00002991,12:28:29..566,,,,
12:28:29..590,17.75372517,0.066592,0.00006268,0.00062195,0.00044206,-0.00014806,0.00082159,0.0000593,0.00002846,-0.00002577,12:28:29..566,,,,
12:28:29..660,18.94833936,0.091567,0.00006283,0.00062341,0.00044268,-0.00014781,0.00082163,0.00005963,0.00002831,-0.00002545,12:28:29..697,,,,
12:28:29..757,21.18759453,0.091567,0.00006308,0.00062225,0.00044244,-0.0001477,0.00082137,0.00005886,0.00002815,-0.00002567,12:28:29..758,,,,
12:28:29..789,24.10948638,0.116497,0.00006468,0.00062229,0.00043938,-0.00014967,0.00082178,0.00006027,0.00002409,-0.00002395,12:28:29..799,,,,
12:28:29..859,25.23169971,0.116497,0.00006506,0.00062246,0.00043942,-0.00014897,0.00082212,0.00006038,0.00002409,-0.00002404,12:28:29..911,,,,
12:28:29..920,27.84330216,0.116497,0.00006477,0.00062211,0.00043916,-0.0001494,0.00082162,0.00005997,0.00002401,-0.00002371,12:28:29..911,,,,
12:28:29..953,30.75485103,0.151086,0.00009389,0.00061995,0.00042618,-0.00015602,0.00082735,0.00007448,0.0000147,-0.00003977,12:28:29..955,,,,
12:28:30..181,32.54935806,0.151086,0.00009457,0.00061941,0.00042609,-0.00015697,0.0008268,0.00007442,0.00001502,-0.00004013,12:28:30..262,,,,
12:28:30..290,43.82320626,0.151086,0.00009451,0.0006199,0.00042638,-0.00015637,0.00082724,0.00007397,0.00001483,-0.00004024,12:28:30..262,,,,
12:28:30..324,48.98952477,0.214011,0.0001445,0.00061874,0.0004036,-0.00016779,0.00083643,0.00009689,0.00000193,-0.00008713,12:28:30..348,,,,
12:28:30..552,50.03416575,0.214011,0.00014425,0.00061813,0.00040338,-0.00016771,0.00083668,0.00009729,0.00000214,-0.00008736,12:28:30..568,,,,
12:28:30..586,59.60142225,0.214011,0.00015139,0.00061819,0.0003999,-0.0001695,0.00083764,0.0001008,0.00000045,-0.000094,12:28:30..568,,,,
12:28:30..620,60.8684373,0.230644,0.00021056,0.00061511,0.00036708,-0.00018768,0.00084739,0.00013477,-0.00001795,-0.00016392,12:28:30..655,,,,
12:28:30..821,62.05788,0.230644,0.00021115,0.00061535,0.00036692,-0.00018783,0.00084794,0.00013505,-0.00001805,-0.00016397,12:28:30..655,,,,
12:28:30..854,67.01216742,0.230158,0.00024599,0.00061175,0.0003422,-0.00020405,0.00085169,0.00015925,-0.00002938,-0.00020927,12:28:30..823,,,,
12:28:30..967,67.54483089,0.230158,0.00024584,0.00061199,0.00034207,-0.00020389,0.00085163,0.00015981,-0.00002992,-0.00020902,12:28:31..049,,,,
12:28:31..059,69.98577417,0.230158,0.00024628,0.00061176,0.00034191,-0.00020439,0.00085166,0.00015975,-0.00002951,-0.00020923,12:28:31..049,,,,
12:28:31..092,71.41310541,0.220514,0.00025673,0.0006124,0.00033305,-0.00021096,0.00085334,0.00016952,-0.00003456,-0.00022573,12:28:31..093,,,,
12:28:31..175,71.75959524,0.220514,0.00025712,0.00061227,0.00033264,-0.00021169,0.00085311,0.00016931,-0.00003434,-0.00022554,12:28:31..263,,,,
12:28:31..284,72.59737662,0.220514,0.00025687,0.00061287,0.00033283,-0.00021158,0.00085385,0.00016945,-0.0000341,-0.00022581,12:28:31..263,,,,
12:28:31..320,73.69890399,0.204544,0.00026931,0.00061285,0.00032198,-0.00021836,0.00085309,0.0001791,-0.00003883,-0.00024313,12:28:31..350,,,,
12:28:31..509,73.72476144,0.204544,0.00026961,0.00061312,0.00032173,-0.000219,0.00085353,0.0001788,-0.00003885,-0.00024318,12:28:31..508,,,,
12:28:31..541,74.61942921,0.190147,0.00027259,0.00061301,0.00031772,-0.00022144,0.00085293,0.00018117,-0.00004059,-0.00024811,12:28:31..551,,,,
12:28:31..690,74.69183007,0.190147,0.00027262,0.0006126,0.00031774,-0.00022124,0.00085298,0.00018174,-0.00004047,-0.00024832,12:28:31..688,,,,
12:28:31..722,74.61425772,0.175592,0.00027287,0.00061382,0.00031729,-0.00022131,0.00085297,0.0001815,-0.00004066,-0.0002497,12:28:31..731,,,,
12:28:31..852,74.469456,0.175592,0.00027307,0.00061304,0.00031688,-0.00022194,0.00085275,0.00018189,-0.00004055,-0.00024986,12:28:31..850,,,,
12:28:31..883,74.39188365,0.165718,0.00027324,0.00061438,0.00031664,-0.00022158,0.00085239,0.0001817,-0.0000404,-0.00024923,12:28:31..894,,,,
12:28:31..962,74.29879683,0.165718,0.00027297,0.0006144,0.00031608,-0.0002221,0.00085266,0.00018173,-0.00004017,-0.00024937,12:28:32..015,,,,
12:28:32..025,74.20053852,0.165718,0.00027285,0.00061405,0.00031617,-0.00022188,0.00085256,0.00018224,-0.00004023,-0.00024932,12:28:32..015,,,,
12:28:32..058,74.17985256,0.154165,0.00027267,0.00061385,0.00031511,-0.00022206,0.00085207,0.00018162,-0.00003989,-0.0002491,12:28:32..102,,,,
12:28:32..184,73.97816445,0.154165,0.00027288,0.00061412,0.00031588,-0.00022189,0.00085177,0.00018201,-0.00004018,-0.00024973,12:28:32..183,,,,
12:28:32..216,73.80233379,0.149267,0.00027266,0.00061482,0.00031548,-0.00022168,0.00085213,0.00018131,-0.00004007,-0.00024906,12:28:32..225,,,,
12:28:32..349,73.73510442,0.149267,0.000273,0.0006148,0.00031588,-0.00022143,0.00085209,0.00018198,-0.00003931,-0.00024926,12:28:32..347,,,,
12:28:32..380,73.68856101,0.141385,0.00027216,0.00061519,0.00031498,-0.00022222,0.00085193,0.0001821,-0.00003953,-0.00024932,12:28:32..392,,,,
12:28:32..475,73.77647634,0.141385,0.00027283,0.00061539,0.00031521,-0.00022268,0.00085241,0.00018224,-0.00004032,-0.00024932,12:28:32..543,,,,
12:28:32..586,73.63684611,0.141385,0.00027241,0.00061542,0.00031501,-0.00022212,0.00085232,0.00018215,-0.00003932,-0.00024945,12:28:32..543,,,,
12:28:32..618,73.7454474,0.134603,0.00027329,0.00061547,0.0003141,-0.00022201,0.00085163,0.00018214,-0.00003949,-0.00025016,12:28:32..631,,,,
12:28:32..744,73.80233379,0.134603,0.00027291,0.00061497,0.00031397,-0.00022274,0.00085145,0.00018186,-0.00003944,-0.00025023,12:28:32..742,,,,
12:28:32..776,73.68856101,0.131755,0.00027327,0.00061575,0.0003136,-0.0002232,0.00085122,0.00018172,-0.00003973,-0.00025107,12:28:32..787,,,,
12:28:32..884,73.67304654,0.131755,0.00027359,0.00061501,0.00031334,-0.00022313,0.00085135,0.00018171,-0.00003989,-0.00025064,12:28:32..882,,,,
12:28:32..916,73.72476144,0.129514,0.00027363,0.0006153,0.00031294,-0.00022274,0.00085159,0.00018223,-0.00003951,-0.00025118,12:28:32..925,,,,
12:28:32..981,73.68856101,0.129514,0.00027341,0.000616,0.00031345,-0.00022236,0.00085209,0.00018281,-0.00003959,-0.00025111,12:28:33..060,,,,
12:28:33..078,73.60064568,0.129514,0.00027294,0.00061494,0.00031282,-0.00022283,0.00085083,0.0001821,-0.00003983,-0.00025124,12:28:33..060,,,,
12:28:33..111,73.66787505,0.127592,0.00027376,0.00061549,0.00031224,-0.00022315,0.00085142,0.00018241,-0.0000399,-0.00025157,12:28:33..146,,,,
12:28:33..299,73.5903027,0.127592,0.00027371,0.00061603,0.00031229,-0.00022342,0.00085156,0.0001827,-0.00003959,-0.00025169,12:28:33..297,,,,
12:28:33..332,73.63167462,0.126398,0.00027444,0.0006156,0.00031131,-0.00022339,0.00085105,0.00018195,-0.00003998,-0.0002523,12:28:33..341,,,,
12:28:33..455,73.63684611,0.126398,0.00027339,0.00061573,0.0003115,-0.00022339,0.0008509,0.00018273,-0.0000393,-0.0002517,12:28:33..453,,,,
12:28:33..487,73.47652992,0.125812,0.00027395,0.00061627,0.00031142,-0.00022369,0.0008508,0.00018194,-0.00003945,-0.00025178,12:28:33..497,,,,
12:28:33..606,73.39378608,0.125812,0.00027386,0.00061639,0.00031104,-0.0002231,0.00085128,0.00018229,-0.00003948,-0.00025177,12:28:33..603,,,,
12:28:33..639,73.25415585,0.125434,0.00027387,0.00061548,0.00031108,-0.00022367,0.00085042,0.00018182,-0.0000395,-0.00025231,12:28:33..646,,,,
12:28:33..774,73.47652992,0.125434,0.00027332,0.00061644,0.00031102,-0.00022378,0.00085061,0.00018257,-0.00003978,-0.00025243,12:28:33..772,,,,
12:28:33..806,73.22312691,0.12513,0.00027407,0.00061691,0.00031104,-0.00022353,0.00085082,0.00018272,-0.00003894,-0.00025172,12:28:33..815,,,,
12:28:33..894,73.29035628,0.12513,0.00027469,0.00061639,0.0003106,-0.00022319,0.00085046,0.00018213,-0.00003959,-0.00025187,12:28:33..950,,,,
12:28:33..994,73.16624052,0.12513,0.00027391,0.00061651,0.00031084,-0.00022346,0.0008507,0.0001826,-0.00003909,-0.0002518,12:28:33..950,,,,
12:28:34..030,73.10935413,0.124872,0.00027365,0.00061591,0.0003101,-0.00022408,0.00085017,0.00018209,-0.00003952,-0.00025271,12:28:34..037,,,,
12:28:34..085,73.06798221,0.124872,0.00027316,0.00061667,0.00031043,-0.00022348,0.00085032,0.00018206,-0.0000392,-0.00025182,12:28:34..161,,,,
12:28:34..203,73.10418264,0.124872,0.00027374,0.00061624,0.00031078,-0.00022396,0.00085058,0.00018214,-0.00003897,-0.00025151,12:28:34..161,,,,
12:28:34..234,73.10935413,0.12493,0.00027362,0.00061571,0.0003103,-0.00022426,0.00085089,0.00018235,-0.0000387,-0.00025194,12:28:34..250,,,,
12:28:34..366,73.06281072,0.12493,0.00027377,0.00061625,0.00030987,-0.00022385,0.00084952,0.00018216,-0.00003949,-0.00025219,12:28:34..364,,,,
12:28:34..399,72.87146559,0.125243,0.00027347,0.00061673,0.00031021,-0.00022348,0.0008501,0.00018239,-0.00003872,-0.00025168,12:28:34..408,,,,
12:28:34..518,72.90766602,0.125243,0.00027385,0.00061614,0.00030962,-0.0002232,0.00085014,0.00018221,-0.00003876,-0.00025169,12:28:34..408,,,,
12:28:34..550,72.88698006,0.125622,0.00027398,0.00061642,0.00031005,-0.00022371,0.00085,0.00018222,-0.00003864,-0.00025214,12:28:34..562,,,,
12:28:34..691,72.86112261,0.125622,0.00027356,0.00061661,0.00031004,-0.0002237,0.0008502,0.00018202,-0.0000385,-0.00025207,12:28:34..689,,,,
12:28:34..723,72.85595112,0.125767,0.00027295,0.00061701,0.00030997,-0.00022369,0.00084998,0.00018176,-0.00003892,-0.00025233,12:28:34..732,,,,
12:28:34..836,72.7111494,0.125767,0.00027356,0.0006162,0.00031,-0.00022498,0.00084952,0.00018166,-0.00003826,-0.0002519,12:28:34..833,,,,
12:28:34..868,72.83526516,0.126115,0.00027344,0.00061692,0.0003094,-0.00022403,0.00085015,0.00018184,-0.0000385,-0.00025192,12:28:34..875,,,,
12:28:35..002,72.71632089,0.126115,0.00027343,0.00061637,0.00030888,-0.00022488,0.00084956,0.0001816,-0.00003868,-0.00025238,12:28:35..000,,,,
12:28:35..033,72.59737662,0.126682,0.00027357,0.00061663,0.000309,-0.00022477,0.00085018,0.00018166,-0.00003859,-0.00025203,12:28:35..044,,,,
12:28:35..097,72.64392003,0.126682,0.00027307,0.00061638,0.00030891,-0.00022408,0.00085024,0.00018173,-0.00003827,-0.00025209,12:28:35..168,,,,
12:28:35..179,72.62840556,0.126682,0.00027293,0.00061696,0.00030957,-0.00022413,0.00084922,0.0001818,-0.00003863,-0.00025212,12:28:35..168,,,,
12:28:35..211,72.59220513,0.127263,0.00027359,0.00061632,0.00030912,-0.00022543,0.00084926,0.00018164,-0.00003808,-0.00025213,12:28:35..212,,,,
12:28:35..335,72.48877533,0.127263,0.00027398,0.00061695,0.00030947,-0.00022376,0.00084931,0.00018162,-0.0000379,-0.00025233,12:28:35..333,,,,
12:28:35..368,72.6077196,0.127694,0.00027334,0.00061777,0.00030898,-0.00022333,0.00084929,0.00018133,-0.00003872,-0.0002518,12:28:35..377,,,,
12:28:35..478,72.50946129,0.127694,0.00027303,0.00061685,0.00030907,-0.00022367,0.00084899,0.00018123,-0.0000383,-0.00025215,12:28:35..476,,,,
12:28:35..509,72.4525749,0.128129,0.00027251,0.00061698,0.00030912,-0.00022433,0.00084972,0.00018174,-0.00003799,-0.00025205,12:28:35..520,,,,
12:28:35..648,72.2974302,0.128129,0.00027241,0.00061695,0.00030871,-0.00022492,0.0008496,0.00018138,-0.0000378,-0.00025169,12:28:35..645,,,,
12:28:35..680,72.41637447,0.128705,0.0002726,0.0006171,0.00030892,-0.00022407,0.00084964,0.00018103,-0.00003805,-0.00025227,12:28:35..689,,,,
12:28:35..826,72.36465957,0.128705,0.00027273,0.00061725,0.00030861,-0.00022452,0.00084937,0.0001809,-0.00003836,-0.00025227,12:28:35..823,,,,
12:28:35..858,72.21985785,0.129491,0.00027259,0.00061762,0.00030898,-0.00022398,0.00084845,0.00018071,-0.00003873,-0.00025255,12:28:35..866,,,,
12:28:35..984,72.25605828,0.129491,0.00027305,0.0006169,0.00030849,-0.00022516,0.00084881,0.00018092,-0.00003817,-0.00025207,12:28:35..982,,,,
12:28:36..017,72.27674424,0.129822,0.00027266,0.00061748,0.00030807,-0.00022457,0.00084905,0.00018076,-0.00003831,-0.00025267,12:28:36..026,,,,
12:28:36..087,72.25088679,0.129822,0.00027303,0.00061735,0.00030823,-0.00022439,0.00084927,0.00018083,-0.00003748,-0.0002526,12:28:36..106,,,,
12:28:36..123,72.23537232,0.129822,0.00027259,0.00061756,0.00030832,-0.00022505,0.00084854,0.00018143,-0.00003811,-0.00025281,12:28:36..106,,,,
12:28:36..156,72.18365742,0.129968,0.00027293,0.00061719,0.000308,-0.00022432,0.00084817,0.00018065,-0.00003836,-0.00025275,12:28:36..206,,,,
12:28:36..263,72.2974302,0.129968,0.00027301,0.00061726,0.00030784,-0.00022505,0.00084814,0.00018062,-0.00003793,-0.00025248,12:28:36..261,,,,
12:28:36..294,72.16297146,0.13005,0.0002725,0.00061757,0.00030858,-0.00022409,0.00084829,0.00018071,-0.00003804,-0.0002523,12:28:36..304,,,,
12:28:36..446,72.16814295,0.13005,0.0002727,0.00061667,0.00030793,-0.00022452,0.00084755,0.00018061,-0.00003824,-0.00025257,12:28:36..445,,,,
12:28:36..477,72.14745699,0.130348,0.0002725,0.00061769,0.00030742,-0.00022427,0.00084817,0.00018009,-0.00003882,-0.00025252,12:28:36..490,,,,
12:28:36..657,72.13194252,0.130348,0.00027291,0.0006177,0.00030763,-0.00022483,0.00084786,0.00018045,-0.00003776,-0.00025262,12:28:36..655,,,,
12:28:36..690,72.04402719,0.130739,0.00027229,0.00061811,0.0003075,-0.00022392,0.00084773,0.00018048,-0.00003804,-0.00025222,12:28:36..699,,,,
12:28:36..840,72.02851272,0.130739,0.00027287,0.00061688,0.00030787,-0.00022473,0.00084786,0.00017993,-0.00003769,-0.00025254,12:28:36..838,,,,
12:28:36..872,71.88888249,0.131248,0.00027271,0.00061765,0.00030729,-0.00022507,0.00084766,0.00017974,-0.00003802,-0.00025269,12:28:36..882,,,,
12:28:37..031,71.90956845,0.131248,0.00027229,0.00061781,0.0003077,-0.00022475,0.00084749,0.00017979,-0.00003781,-0.00025263,12:28:37..029,,,,
12:28:37..063,71.91473994,0.131684,0.00027265,0.00061768,0.0003077,-0.00022513,0.00084728,0.00017994,-0.00003767,-0.00025247,12:28:37..072,,,,
12:28:37..130,71.97679782,0.131684,0.00027272,0.00061764,0.00030719,-0.00022439,0.00084691,0.00018003,-0.00003813,-0.0002528,12:28:37..197,,,,
12:28:37..216,71.96128335,0.131684,0.00027193,0.00061716,0.00030729,-0.00022514,0.0008465,0.00017992,-0.00003791,-0.00025294,12:28:37..197,,,,
12:28:37..249,71.96645484,0.132421,0.00027265,0.00061753,0.00030721,-0.00022576,0.00084686,0.00018037,-0.00003789,-0.00025289,12:28:37..313,,,,
12:28:37..375,72.02851272,0.132421,0.00027246,0.00061792,0.00030745,-0.00022488,0.00084748,0.00018018,-0.00003783,-0.00025294,12:28:37..373,,,,
12:28:37..409,71.90439696,0.132845,0.00027215,0.00061779,0.00030684,-0.00022486,0.00084701,0.00017993,-0.00003824,-0.00025336,12:28:37..415,,,,
12:28:37..535,71.883711,0.132845,0.00027261,0.00061773,0.00030737,-0.00022466,0.00084736,0.00018032,-0.0000378,-0.00025287,12:28:37..534,,,,
12:28:37..568,71.79579567,0.133359,0.00027261,0.00061768,0.00030715,-0.00022507,0.00084711,0.0001796,-0.00003816,-0.00025282,12:28:37..576,,,,
12:28:37..628,71.84233908,0.133359,0.000272,0.00061734,0.00030694,-0.00022585,0.0008471,0.00017984,-0.00003734,-0.00025322,12:28:37..686,,,,
12:28:37..695,71.81648163,0.133359,0.00027201,0.00061802,0.0003072,-0.00022515,0.0008474,0.00017905,-0.00003802,-0.00025306,12:28:37..686,,,,
12:28:37..729,71.75959524,0.133771,0.00027199,0.00061795,0.00030675,-0.00022525,0.00084735,0.00017973,-0.00003797,-0.00025283,12:28:37..730,,,,
12:28:37..778,71.82165312,0.133771,0.00027168,0.00061815,0.00030686,-0.00022547,0.00084719,0.00017989,-0.00003777,-0.00025316,12:28:37..846,,,,
12:28:37..863,71.79579567,0.133771,0.00027214,0.00061792,0.00030648,-0.00022576,0.00084686,0.00017976,-0.00003808,-0.00025306,12:28:37..846,,,,
12:28:37..896,71.69753736,0.134305,0.00027225,0.00061854,0.00030679,-0.00022525,0.00084756,0.00017987,-0.00003787,-0.00025288,12:28:37..977,,,,
12:28:38..059,71.75442375,0.134305,0.0002723,0.00061719,0.00030648,-0.00022567,0.00084734,0.00017919,-0.00003757,-0.00025281,12:28:37..977,,,,
12:28:38..091,71.69236587,0.134354,0.00027147,0.00061816,0.00030651,-0.00022543,0.00084675,0.00017902,-0.0000376,-0.00025281,12:28:38..104,,,,
12:28:38..218,71.69753736,0.134354,0.00027172,0.00061789,0.00030605,-0.00022538,0.00084709,0.00017946,-0.00003805,-0.00025295,12:28:38..216,,,,
12:28:38..250,71.56307862,0.134196,0.0002711,0.00061772,0.0003067,-0.00022609,0.0008469,0.00017868,-0.00003794,-0.00025244,12:28:38..261,,,,
12:28:38..364,71.44413435,0.134196,0.00027129,0.00061786,0.00030666,-0.00022576,0.00084626,0.0001787,-0.00003773,-0.00025228,12:28:38..362,,,,
12:28:38..397,71.23727475,0.134032,0.00027063,0.00061766,0.00030716,-0.00022521,0.00084601,0.00017838,-0.00003756,-0.0002515,12:28:38..406,,,,
12:28:38..536,71.22176028,0.134032,0.00027038,0.00061796,0.00030723,-0.00022447,0.00084665,0.000178,-0.0000376,-0.00025139,12:28:38..533,,,,
12:28:38..567,71.11315899,0.13425,0.00027014,0.00061809,0.00030698,-0.00022441,0.00084725,0.00017821,-0.00003691,-0.00025146,12:28:38..577,,,,
12:28:38..687,71.07695856,0.13425,0.00027034,0.0006179,0.00030698,-0.00022478,0.00084646,0.00017894,-0.00003743,-0.000251,12:28:38..684,,,,
12:28:38..719,71.04075813,0.134449,0.00027077,0.00061815,0.00030711,-0.00022542,0.00084673,0.00017821,-0.0000368,-0.00025165,12:28:38..726,,,,
12:28:38..831,71.07695856,0.134449,0.00027025,0.00061797,0.00030675,-0.00022567,0.00084616,0.00017832,-0.00003691,-0.00025133,12:28:38..830,,,,
12:28:38..864,71.07695856,0.135179,0.00027056,0.00061851,0.00030687,-0.00022427,0.00084763,0.00017877,-0.00003691,-0.00025109,12:28:38..874,,,,
12:28:38..937,70.99421472,0.135179,0.00027068,0.0006178,0.00030702,-0.00022511,0.0008469,0.00017795,-0.00003655,-0.00025138,12:28:38..985,,,,
12:28:38..995,71.20624581,0.135179,0.00027003,0.00061848,0.00030683,-0.00022482,0.00084645,0.00017891,-0.00003705,-0.00025126,12:28:38..985,,,,
12:28:39..028,71.03558664,0.135496,0.00027031,0.00061847,0.00030654,-0.00022563,0.00084563,0.00017807,-0.00003651,-0.00025145,12:28:39..029,,,,
12:28:39..061,70.93215684,0.135855,0.00026969,0.00061869,0.000307,-0.00022557,0.00084584,0.00017756,-0.00003682,-0.00025093,12:28:39..108,,,,
12:28:39..180,70.96318578,0.135855,0.00026959,0.00061801,0.00030641,-0.00022587,0.00084568,0.00017775,-0.00003708,-0.00025175,12:28:39..179,,,,
12:28:39..212,71.03558664,0.136058,0.00027023,0.00061812,0.00030632,-0.00022564,0.00084538,0.0001779,-0.00003667,-0.00025143,12:28:39..225,,,,
12:28:39..337,71.06144409,0.136058,0.00027063,0.00061807,0.00030557,-0.00022525,0.0008453,0.0001778,-0.00003677,-0.00025129,12:28:39..335,,,,
12:28:39..369,70.93732833,0.136388,0.00027045,0.00061752,0.00030663,-0.00022583,0.00084596,0.00017781,-0.00003617,-0.00025089,12:28:39..379,,,,
12:28:39..517,71.09247303,0.136388,0.00027014,0.00061842,0.00030612,-0.00022531,0.00084615,0.00017755,-0.00003673,-0.00025152,12:28:39..514,,,,
12:28:39..549,71.00972919,0.137018,0.00027018,0.00061824,0.00030651,-0.00022567,0.00084625,0.000178,-0.00003672,-0.0002514,12:28:39..556,,,,
12:28:39..700,70.849413,0.137018,0.00027041,0.00061829,0.00030632,-0.00022524,0.00084572,0.00017794,-0.00003649,-0.00025188,12:28:39..699,,,,
12:28:39..734,71.1079875,0.13732,0.00026998,0.00061881,0.00030574,-0.00022496,0.00084601,0.00017754,-0.00003725,-0.00025119,12:28:39..744,,,,
12:28:39..866,71.04075813,0.13732,0.00027051,0.00061785,0.00030541,-0.0002256,0.00084545,0.0001777,-0.00003632,-0.00025154,12:28:39..864,,,,
12:28:39..899,70.88044194,0.137716,0.00027001,0.00061807,0.00030545,-0.00022585,0.00084558,0.00017726,-0.0000368,-0.00025133,12:28:39..907,,,,
12:28:40..024,70.85458449,0.137716,0.00026998,0.00061808,0.00030604,-0.0002257,0.0008454,0.00017721,-0.00003655,-0.00025165,12:28:40..022,,,,
12:28:40..056,70.95801429,0.138118,0.00026953,0.00061859,0.00030592,-0.00022543,0.0008457,0.00017735,-0.00003611,-0.0002513,12:28:40..067,,,,
12:28:40..181,70.78735512,0.138118,0.00026935,0.0006178,0.00030582,-0.00022566,0.00084542,0.00017681,-0.00003657,-0.00025116,12:28:40..179,,,,
12:28:40..213,70.82355555,0.138285,0.00026897,0.0006185,0.00030573,-0.00022564,0.00084508,0.00017741,-0.00003637,-0.00025122,12:28:40..224,,,,
12:28:40..353,70.7976981,0.138285,0.00026933,0.00061803,0.00030549,-0.00022632,0.00084566,0.00017683,-0.00003609,-0.00025122,12:28:40..350,,,,
12:28:40..385,70.72012575,0.138377,0.00026898,0.00061829,0.00030568,-0.00022522,0.00084554,0.00017721,-0.00003601,-0.00025119,12:28:40..393,,,,
12:28:40..452,70.85975598,0.138684,0.0002694,0.00061841,0.00030574,-0.00022556,0.00084599,0.00017719,-0.00003624,-0.00025125,12:28:40..538,,,,
12:28:40..603,70.70461128,0.138684,0.00026988,0.00061845,0.00030598,-0.00022495,0.00084633,0.00017719,-0.000036,-0.0002503,12:28:40..603,,,,
12:28:40..636,70.64772489,0.139014,0.00026931,0.00061787,0.00030552,-0.00022635,0.00084538,0.0001768,-0.00003616,-0.00025109,12:28:40..647,,,,
12:28:40..831,70.72012575,0.139014,0.00026902,0.00061804,0.00030557,-0.00022595,0.00084505,0.0001772,-0.00003638,-0.00025123,12:28:40..828,,,,
12:28:40..864,70.79252661,0.139212,0.00026978,0.0006179,0.00030548,-0.00022599,0.00084522,0.00017698,-0.00003612,-0.00025162,12:28:40..872,,,,
12:28:40..966,70.7459832,0.139212,0.00026931,0.00061782,0.00030534,-0.00022622,0.00084497,0.00017688,-0.00003641,-0.00025171,12:28:40..966,,,,
12:28:41..000,70.849413,0.139253,0.00026926,0.00061829,0.00030527,-0.00022554,0.00084613,0.00017724,-0.00003631,-0.00025171,12:28:41..011,,,,
12:28:41..072,70.74081171,0.139253,0.00026956,0.00061885,0.00030472,-0.00022525,0.00084646,0.00017722,-0.00003626,-0.00025176,12:28:41..123,,,,
12:28:41..132,70.66841085,0.139253,0.00026965,0.00061816,0.000305,-0.00022657,0.00084563,0.00017699,-0.00003649,-0.00025184,12:28:41..123,,,,
12:28:41..167,70.73046873,0.139543,0.00026953,0.00061873,0.00030527,-0.00022576,0.00084592,0.000177,-0.00003637,-0.00025146,12:28:41..167,,,,
12:28:41..266,70.68909681,0.139543,0.00026934,0.00061798,0.00030507,-0.00022652,0.00084517,0.00017745,-0.00003604,-0.00025175,12:28:41..265,,,,
12:28:41..298,70.63738191,0.139726,0.00026906,0.00061791,0.00030458,-0.00022539,0.00084489,0.00017661,-0.00003593,-0.00025138,12:28:41..307,,,,
12:28:41..435,70.63221042,0.139726,0.00026884,0.0006186,0.00030571,-0.00022571,0.000845,0.00017701,-0.00003618,-0.00025116,12:28:41..432,,,,
12:28:41..467,70.5391236,0.139847,0.00026904,0.00061849,0.00030496,-0.00022581,0.00084545,0.00017684,-0.00003582,-0.00025141,12:28:41..477,,,,
12:28:41..508,70.55463807,0.140058,0.00026872,0.00061829,0.0003051,-0.00022601,0.00084509,0.00017646,-0.00003644,-0.00025095,12:28:41..595,,,,
12:28:41..641,70.54946658,0.140058,0.00026913,0.00061877,0.00030509,-0.00022594,0.00084602,0.00017688,-0.00003623,-0.00025173,12:28:41..595,,,,
12:28:41..675,70.56498105,0.140054,0.00026863,0.00061864,0.00030452,-0.00022612,0.000845,0.00017644,-0.00003621,-0.00025117,12:28:41..684,,,,
12:28:41..830,70.53395211,0.140054,0.00026888,0.00061785,0.0003047,-0.00022607,0.00084463,0.00017669,-0.00003567,-0.00025162,12:28:41..827,,,,
12:28:41..862,70.70461128,0.140438,0.00026882,0.00061815,0.00030498,-0.00022549,0.00084489,0.00017635,-0.00003601,-0.00025106,12:28:41..870,,,,
12:28:42..015,70.58566701,0.140438,0.00026899,0.00061863,0.00030476,-0.00022613,0.00084365,0.00017678,-0.00003607,-0.000251,12:28:42..012,,,,
12:28:42..047,70.50809466,0.141389,0.00026852,0.00061882,0.00030524,-0.00022567,0.00084494,0.00017666,-0.000036,-0.00025085,12:28:42..056,,,,
12:28:42..186,70.68909681,0.141389,0.00026877,0.00061791,0.000305,-0.00022658,0.00084417,0.00017682,-0.00003586,-0.00025119,12:28:42..184,,,,
12:28:42..218,70.4356938,0.141717,0.00026848,0.00061847,0.00030467,-0.00022635,0.00084459,0.00017666,-0.00003601,-0.00025129,12:28:42..228,,,,
12:28:42..335,70.52360913,0.141717,0.00026849,0.00061859,0.00030512,-0.00022597,0.00084407,0.00017625,-0.00003615,-0.00025078,12:28:42..333,,,,
12:28:42..368,70.45637976,0.1417,0.00026849,0.00061853,0.00030403,-0.00022554,0.00084464,0.00017628,-0.00003572,-0.00025107,12:28:42..376,,,,
12:28:42..572,70.53395211,0.1417,0.00026895,0.00061806,0.00030413,-0.00022578,0.00084486,0.00017651,-0.00003548,-0.00025126,12:28:42..569,,,,
12:28:42..604,70.56498105,0.141902,0.00026859,0.00061849,0.00030388,-0.00022649,0.00084446,0.00017622,-0.00003576,-0.00025113,12:28:42..569,,,,
12:28:42..686,70.42017933,0.141986,0.00026825,0.0006188,0.00030401,-0.00022589,0.00084452,0.00017615,-0.0000357,-0.00025083,12:28:42..736,,,,
12:28:42..782,70.47189423,0.141986,0.00026911,0.00061792,0.00030439,-0.00022634,0.00084413,0.00017596,-0.00003579,-0.0002511,12:28:42..736,,,,
12:28:42..815,70.46672274,0.142057,0.00026919,0.00061875,0.00030418,-0.00022539,0.00084488,0.00017668,-0.00003535,-0.00025062,12:28:42..826,,,,
12:28:42..887,70.37880741,0.142057,0.00026863,0.00061869,0.00030468,-0.00022624,0.0008446,0.00017631,-0.00003594,-0.00025057,12:28:42..947,,,,
12:28:42..988,70.51326615,0.142057,0.00026871,0.00061791,0.00030401,-0.00022556,0.00084394,0.00017624,-0.00003603,-0.00025095,12:28:42..947,,,,
12:28:43..021,70.44603678,0.141729,0.00026862,0.0006186,0.00030406,-0.00022645,0.00084395,0.00017603,-0.00003586,-0.00025093,12:28:43..033,,,,
12:28:43..138,70.49258019,0.141729,0.0002687,0.00061903,0.00030454,-0.00022562,0.00084411,0.00017608,-0.0000359,-0.00025087,12:28:43..136,,,,
12:28:43..170,70.44603678,0.141593,0.00026802,0.0006185,0.00030377,-0.00022633,0.00084413,0.00017572,-0.0000359,-0.00025124,12:28:43..178,,,,
12:28:43..297,70.28572059,0.141593,0.00026843,0.00061799,0.00030371,-0.00022639,0.00084416,0.00017542,-0.00003564,-0.00025112,12:28:43..294,,,,
12:28:43..329,70.44086529,0.141494,0.0002687,0.00061903,0.00030438,-0.00022593,0.00084528,0.0001761,-0.0000358,-0.00025111,12:28:43..336,,,,
12:28:43..388,70.36846443,0.141494,0.00026841,0.00061821,0.00030393,-0.00022631,0.00084413,0.0001759,-0.00003608,-0.00025135,12:28:43..447,,,,
12:28:43..456,70.31157804,0.141494,0.00026836,0.00061858,0.0003043,-0.00022599,0.00084372,0.0001758,-0.00003538,-0.00025114,12:28:43..447,,,,
12:28:43..489,70.37880741,0.141447,0.00026789,0.00061834,0.00030404,-0.00022615,0.00084436,0.00017553,-0.00003595,-0.0002514,12:28:43..491,,,,
12:28:43..538,70.4356938,0.141447,0.00026815,0.00061852,0.00030424,-0.00022604,0.00084482,0.00017613,-0.00003632,-0.00025145,12:28:43..608,,,,
12:28:43..621,70.43052231,0.141447,0.00026831,0.00061893,0.00030368,-0.00022637,0.00084389,0.00017622,-0.00003569,-0.00025116,12:28:43..608,,,,
12:28:43..654,70.35812145,0.141154,0.00026815,0.00061851,0.00030374,-0.00022574,0.0008433,0.00017536,-0.00003597,-0.00025179,12:28:43..704,,,,
12:28:43..831,70.42017933,0.141154,0.00026843,0.00061877,0.00030397,-0.00022599,0.00084391,0.00017589,-0.00003588,-0.00025204,12:28:43..829,,,,
12:28:43..863,70.36329294,0.141204,0.00026749,0.00061872,0.00030371,-0.00022594,0.00084386,0.00017569,-0.00003573,-0.00025174,12:28:43..873,,,,
12:28:43..984,70.37880741,0.141204,0.00026821,0.00061844,0.00030367,-0.00022637,0.00084328,0.0001759,-0.00003577,-0.00025171,12:28:43..982,,,,
12:28:44..016,70.29606357,0.141341,0.00026805,0.00061897,0.00030348,-0.00022676,0.00084406,0.000176,-0.00003616,-0.00025152,12:28:44..027,,,,
12:28:44..096,70.332264,0.141341,0.00026834,0.00061843,0.00030329,-0.00022642,0.00084445,0.00017553,-0.00003601,-0.00025207,12:28:44..176,,,,
12:28:44..183,70.27020612,0.141341,0.00026846,0.00061855,0.00030381,-0.00022643,0.00084415,0.00017586,-0.00003601,-0.00025144,12:28:44..176,,,,
12:28:44..216,70.30123506,0.14165,0.00026815,0.00061796,0.00030364,-0.00022682,0.0008442,0.00017578,-0.00003578,-0.00025137,12:28:44..220,,,,
12:28:44..399,70.33743549,0.14165,0.00026819,0.00061873,0.00030346,-0.00022629,0.00084448,0.00017601,-0.00003574,-0.00025102,12:28:44..397,,,,
12:28:44..432,70.46155125,0.142276,0.0002674,0.00061835,0.0003032,-0.00022679,0.0008431,0.00017611,-0.00003586,-0.00025185,12:28:44..441,,,,
12:28:44..543,70.332264,0.142276,0.00026814,0.00061813,0.00030296,-0.0002264,0.0008429,0.00017532,-0.00003566,-0.00025147,12:28:44..541,,,,
12:28:44..575,70.38915039,0.14248,0.00026744,0.00061827,0.00030336,-0.0002272,0.0008437,0.00017532,-0.00003557,-0.00025168,12:28:44..582,,,,
12:28:44..696,70.25986314,0.14248,0.00026788,0.00061905,0.0003033,-0.00022607,0.00084354,0.00017571,-0.00003557,-0.00025176,12:28:44..694,,,,
12:28:44..729,70.27020612,0.142415,0.00026822,0.00061868,0.00030327,-0.00022624,0.00084364,0.00017574,-0.00003554,-0.00025188,12:28:44..738,,,,
12:28:44..834,70.2288342,0.142415,0.00026779,0.00061839,0.00030307,-0.00022658,0.00084354,0.00017499,-0.00003565,-0.00025159,12:28:44..832,,,,
12:28:44..867,70.24952016,0.142624,0.00026775,0.00061884,0.00030295,-0.0002263,0.00084357,0.00017534,-0.000036,-0.00025171,12:28:44..879,,,,
12:28:44..957,70.13574738,0.142624,0.00026769,0.00061846,0.00030388,-0.00022607,0.00084427,0.00017535,-0.00003563,-0.00025133,12:28:44..956,,,,
12:28:44..990,70.31157804,0.142689,0.00026764,0.00061911,0.00030293,-0.00022592,0.00084327,0.00017527,-0.00003608,-0.00025125,12:28:44..999,,,,
12:28:45..043,70.31157804,0.142743,0.00026762,0.00061795,0.00030279,-0.00022702,0.00084292,0.00017518,-0.0000358,-0.0002517,12:28:45..112,,,,
12:28:45..147,70.12023291,0.142743,0.00026716,0.00061843,0.00030318,-0.00022654,0.00084283,0.00017537,-0.0000358,-0.00025192,12:28:45..112,,,,
12:28:45..180,70.2805491,0.143078,0.00026757,0.0006181,0.00030331,-0.00022643,0.00084263,0.00017531,-0.00003578,-0.00025112,12:28:45..201,,,,
12:28:45..377,70.23400569,0.143078,0.00026779,0.00061905,0.00030372,-0.00022613,0.00084311,0.00017488,-0.0000359,-0.00025167,12:28:45..375,,,,
12:28:45..409,70.07886099,0.142909,0.00026709,0.00061907,0.00030281,-0.00022615,0.00084296,0.00017484,-0.00003578,-0.00025155,12:28:45..418,,,,
12:28:45..579,70.30123506,0.142909,0.00026703,0.00061836,0.00030314,-0.00022658,0.00084338,0.000175,-0.00003553,-0.00025159,12:28:45..576,,,,
12:28:45..610,70.21331973,0.142616,0.00026758,0.0006186,0.00030271,-0.00022633,0.00084349,0.00017501,-0.00003567,-0.00025171,12:28:45..621,,,,
12:28:45..724,70.32192102,0.142616,0.00026734,0.00061884,0.00030296,-0.00022633,0.00084334,0.00017477,-0.0000359,-0.00025155,12:28:45..722,,,,
12:28:45..756,70.1771193,0.142515,0.00026716,0.00061857,0.00030291,-0.0002271,0.00084237,0.00017494,-0.00003583,-0.00025175,12:28:45..765,,,,
12:28:45..822,70.18229079,0.142515,0.0002672,0.00061875,0.00030208,-0.00022633,0.00084254,0.00017521,-0.00003582,-0.00025171,12:28:45..889,,,,
12:28:45..901,70.06851801,0.142515,0.00026741,0.00061817,0.00030228,-0.00022663,0.00084219,0.00017482,-0.00003546,-0.00025172,12:28:45..889,,,,
12:28:45..935,70.01163162,0.142333,0.00026758,0.00061784,0.00030277,-0.00022701,0.0008434,0.00017437,-0.00003541,-0.00025114,12:28:46..006,,,,
12:28:46..072,70.19263377,0.142333,0.00026713,0.00061832,0.00030292,-0.00022642,0.00084296,0.00017465,-0.00003597,-0.00025152,12:28:46..072,,,,
12:28:46..106,70.09437546,0.142359,0.0002673,0.00061872,0.00030277,-0.00022654,0.00084246,0.00017476,-0.00003599,-0.00025139,12:28:46..115,,,,
12:28:46..266,70.08920397,0.142359,0.00026731,0.0006184,0.00030284,-0.00022616,0.00084301,0.00017483,-0.00003545,-0.00025126,12:28:46..263,,,,
12:28:46..298,70.05300354,0.142439,0.00026718,0.00061847,0.00030266,-0.00022693,0.00084287,0.00017492,-0.0000354,-0.00025124,12:28:46..305,,,,
12:28:46..398,70.10988993,0.142439,0.00026678,0.00061851,0.00030271,-0.00022615,0.00084335,0.00017491,-0.00003544,-0.00025158,12:28:46..397,,,,
12:28:46..429,69.92888778,0.142413,0.0002668,0.00061867,0.00030264,-0.00022614,0.00084362,0.00017491,-0.00003526,-0.00025116,12:28:46..439,,,,
12:28:46..505,70.0736895,0.142413,0.00026666,0.00061802,0.00030285,-0.00022658,0.00084309,0.00017458,-0.00003521,-0.00025095,12:28:46..579,,,,
12:28:46..591,69.90820182,0.142413,0.00026679,0.00061895,0.00030257,-0.00022585,0.00084349,0.00017497,-0.00003547,-0.00025132,12:28:46..579,,,,
12:28:46..624,69.92888778,0.142384,0.00026647,0.00061878,0.00030271,-0.0002267,0.00084266,0.00017411,-0.00003571,-0.00025078,12:28:46..689,,,,
12:28:46..756,69.90303033,0.142384,0.00026697,0.00061897,0.0003031,-0.00022648,0.0008429,0.00017453,-0.00003539,-0.0002514,12:28:46..756,,,,
12:28:46..789,70.10988993,0.142367,0.00026659,0.00061886,0.00030338,-0.00022655,0.00084307,0.0001744,-0.00003533,-0.00025168,12:28:46..801,,,,
12:28:46..863,70.01680311,0.142367,0.00026654,0.00061837,0.00030287,-0.00022675,0.00084222,0.00017501,-0.00003541,-0.00025112,12:28:46..941,,,,
12:28:46..948,70.02714609,0.142367,0.00026678,0.00061886,0.00030301,-0.000226,0.00084259,0.00017462,-0.00003541,-0.00025132,12:28:46..941,,,,
12:28:46..982,69.95474523,0.142383,0.00026626,0.00061871,0.00030241,-0.00022627,0.00084267,0.00017496,-0.00003581,-0.00025109,12:28:46..985,,,,
12:28:47..033,69.92371629,0.142383,0.00026711,0.00061856,0.00030255,-0.00022661,0.00084338,0.00017478,-0.00003549,-0.00025143,12:28:47..100,,,,
12:28:47..110,69.94440225,0.142383,0.00026633,0.00061876,0.00030225,-0.0002267,0.00084305,0.00017455,-0.00003554,-0.00025142,12:28:47..100,,,,
12:28:47..143,69.84614394,0.142372,0.00026699,0.000619,0.00030303,-0.00022604,0.0008433,0.00017417,-0.0000353,-0.0002511,12:28:47..142,,,,
12:28:47..177,69.5565405,0.142461,0.00026627,0.0006183,0.00030254,-0.00022698,0.00084223,0.00017401,-0.00003515,-0.0002511,12:28:47..184,,,,
12:28:47..303,66.99665295,0.142461,0.00026676,0.0006185,0.00030216,-0.0002266,0.0008424,0.00017434,-0.00003546,-0.00025097,12:28:47..303,,,,
12:28:47..336,46.23829209,0.138261,0.00023598,0.00061925,0.00032094,-0.00021106,0.00084163,0.00015851,-0.0000225,-0.00021895,12:28:47..347,,,,
12:28:47..473,73.94713551,0.138261,0.0002355,0.0006202,0.00032113,-0.00021075,0.00084216,0.00015846,-0.00002319,-0.00021817,12:28:47..470,,,,
12:28:47..505,44.05592331,0.124076,0.00020692,0.00062686,0.00034275,-0.00019698,0.00083809,0.00013939,-0.00001121,-0.00017683,12:28:47..515,,,,
12:28:47..661,33.54228414,0.124076,0.000207,0.00062764,0.00034292,-0.00019694,0.00083856,0.00013939,-0.00001136,-0.00017677,12:28:47..659,,,,
12:28:47..693,46.52272404,0.101435,0.00018337,0.00062986,0.00035836,-0.00018713,0.00083627,0.00012626,-0.00000346,-0.00014827,12:28:47..701,,,,
12:28:47..750,44.5782438,0.090071,0.00018338,0.00062997,0.00035843,-0.0001872,0.00083612,0.00012637,-0.00000299,-0.000148,12:28:47..805,,,,
12:28:47..888,36.65034963,0.090071,0.0001832,0.00063018,0.00035864,-0.0001872,0.00083669,0.00012647,-0.00000297,-0.00014899,12:28:47..890,,,,
12:28:47..922,36.19008702,0.074378,0.00016773,0.00063145,0.00036911,-0.00018118,0.0008354,0.00011751,0.00000262,-0.00012952,12:28:47..934,,,,
12:28:48..058,36.80549433,0.074378,0.00016783,0.00063258,0.00036932,-0.00018102,0.0008356,0.00011779,0.00000274,-0.00012893,12:28:48..057,,,,
12:28:48..091,31.17891321,0.060213,0.0001563,0.00063285,0.00037681,-0.00017687,0.00083412,0.00011179,0.0000059,-0.00011637,12:28:48..101,,,,
12:28:48..149,30.45490461,0.060213,0.00015689,0.00063245,0.00037694,-0.00017713,0.00083406,0.00011167,0.00000632,-0.00011617,12:28:48..208,,,,
12:28:48..218,30.58419186,0.060213,0.00015656,0.00063299,0.00037698,-0.00017653,0.00083476,0.00011181,0.00000617,-0.00011578,12:28:48..208,,,,
12:28:48..252,30.94619616,0.048036,0.00014789,0.00063408,0.0003831,-0.000174,0.00083321,0.00010725,0.00000907,-0.00010575,12:28:48..253,,,,
12:28:48..328,30.38767524,0.048036,0.00014831,0.00063285,0.00038239,-0.00017393,0.00083308,0.00010646,0.00000866,-0.00010556,12:28:48..413,,,,
12:28:48..422,28.32425073,0.048036,0.00014799,0.00063339,0.00038283,-0.000174,0.00083345,0.00010683,0.00000883,-0.00010527,12:28:48..413,,,,
12:28:48..456,27.2537523,0.034823,0.00013962,0.00063297,0.00038915,-0.00017064,0.00083241,0.00010234,0.00001153,-0.00009471,12:28:48..457,,,,
12:28:48..580,27.18135144,0.034823,0.00013952,0.00063394,0.00038931,-0.00017063,0.00083227,0.00010188,0.00001186,-0.00009444,12:28:48..578,,,,
12:28:48..613,26.1160245,0.024731,0.00013372,0.00063388,0.00039312,-0.00016916,0.00083169,0.00009884,0.00001333,-0.00008768,12:28:48..621,,,,
12:28:48..749,25.60404699,0.024731,0.00013401,0.00063331,0.00039304,-0.00016887,0.00083206,0.00009854,0.00001365,-0.00008767,12:28:48..746,,,,
12:28:48..780,24.63697836,0.019038,0.00012809,0.00063294,0.00039647,-0.00016722,0.00083111,0.000096,0.00001463,-0.00008182,12:28:48..790,,,,
12:28:48..913,24.41977578,0.019038,0.00012848,0.0006332,0.00039651,-0.00016693,0.00083151,0.00009633,0.00001451,-0.00008119,12:28:48..911,,,,
12:28:48..946,23.51476503,0.014159,0.00012436,0.00063252,0.00039947,-0.00016593,0.00083067,0.00009373,0.00001612,-0.00007645,12:28:48..956,,,,
12:28:49..064,23.24584755,0.014159,0.00012438,0.00063337,0.00039956,-0.00016587,0.00083101,0.00009348,0.00001595,-0.00007643,12:28:49..061,,,,
12:28:49..095,22.61492577,0.010288,0.00012101,0.00063328,0.00040167,-0.00016431,0.0008305,0.00009207,0.00001655,-0.00007179,12:28:49..106,,,,
12:28:49..178,22.4959815,0.010288,0.00012102,0.0006326,0.00040176,-0.00016476,0.00083006,0.00009189,0.00001683,-0.0000722,12:28:49..232,,,,
12:28:49..242,22.06157634,0.010288,0.0001207,0.00063317,0.00040249,-0.00016422,0.00083031,0.00009209,0.00001672,-0.00007158,12:28:49..232,,,,
12:28:49..275,21.72542949,0.007484,0.00011758,0.00063318,0.00040482,-0.00016338,0.00082989,0.00009055,0.00001792,-0.00006748,12:28:49..277,,,,
12:28:49..317,21.53925585,0.006677,0.00011753,0.00063261,0.00040448,-0.00016386,0.00082974,0.00009011,0.00001779,-0.00006733,12:28:49..386,,,,
12:28:49..392,21.39445413,0.006677,0.00011737,0.00063322,0.00040427,-0.00016331,0.00083046,0.00008993,0.00001787,-0.00006737,12:28:49..386,,,,
12:28:49..425,21.08416473,0.004668,0.0001152,0.00063262,0.00040649,-0.00016219,0.00083035,0.00008902,0.00001833,-0.00006383,12:28:49..430,,,,
12:28:49..476,20.94970599,0.004668,0.00011541,0.00063247,0.00040644,-0.00016293,0.00082988,0.00008878,0.00001822,-0.000064,12:28:49..532,,,,
12:28:49..567,20.70664596,0.004668,0.00011508,0.00063302,0.00040625,-0.00016244,0.00082961,0.00008881,0.00001804,-0.00006393,12:28:49..532,,,,
12:28:49..601,20.38084209,0.002661,0.00011226,0.00063338,0.00040858,-0.00016137,0.00082945,0.00008732,0.00001861,-0.00006056,12:28:49..620,,,,
12:28:49..779,20.29292676,0.002661,0.00011244,0.00063254,0.00040822,-0.00016239,0.00082955,0.00008736,0.00001911,-0.00006017,12:28:49..777,,,,
12:28:49..811,19.64131902,0.0009,0.00010936,0.00063245,0.0004108,-0.00016027,0.00082936,0.00008609,0.00001935,-0.00005676,12:28:49..820,,,,
12:28:49..962,19.50686028,0.0009,0.00010909,0.00063268,0.00041017,-0.00016086,0.00082941,0.00008624,0.0000199,-0.00005678,12:28:49..959,,,,
12:28:49..995,19.06728363,-0.00015,0.00010701,0.00063171,0.00041222,-0.0001601,0.00082909,0.00008518,0.00002034,-0.00005471,12:28:50..001,,,,
12:28:50..174,18.93799638,-0.00015,0.00010748,0.00063201,0.00041227,-0.00015972,0.00082893,0.00008454,0.00001989,-0.00005399,12:28:50..171,,,,
12:28:50..205,18.43119036,-0.001671,0.00010415,0.00063098,0.00041398,-0.00015943,0.00082825,0.0000835,0.00002067,-0.00005159,12:28:50..216,,,,
12:28:50..281,18.43636185,-0.001671,0.00010479,0.00063116,0.00041397,-0.00015954,0.00082883,0.00008363,0.00002091,-0.00005158,12:28:50..370,,,,
12:28:50..380,18.21915927,-0.001671,0.00010465,0.0006312,0.00041384,-0.00015925,0.00082883,0.00008386,0.00002091,-0.00005144,12:28:50..370,,,,
12:28:50..412,17.9450703,-0.00242,0.00010273,0.00063067,0.0004153,-0.00015882,0.00082825,0.00008283,0.00002183,-0.00004929,12:28:50..480,,,,
12:28:50..566,17.87266944,-0.00242,0.00010228,0.00063105,0.00041561,-0.00015818,0.00082819,0.00008338,0.0000213,-0.00004905,12:28:50..565,,,,
12:28:50..598,17.5313511,-0.002773,0.00010091,0.00063055,0.00041672,-0.00015872,0.00082824,0.000082,0.00002186,-0.00004724,12:28:50..607,,,,
12:28:50..735,17.48480769,-0.002773,0.0001008,0.00063091,0.00041649,-0.00015823,0.00082863,0.00008176,0.00002197,-0.00004763,12:28:50..732,,,,
12:28:50..768,17.17451829,-0.00306,0.00009917,0.00062996,0.00041746,-0.00015785,0.0008277,0.00008081,0.00002232,-0.0000461,12:28:50..777,,,,
12:28:50..858,17.15900382,-0.00306,0.00009883,0.00063076,0.00041774,-0.00015738,0.00082826,0.00008073,0.00002173,-0.00004582,12:28:50..856,,,,
12:28:50..890,16.95214422,-0.003175,0.00009822,0.00063006,0.00041787,-0.0001574,0.00082834,0.00008071,0.00002272,-0.00004448,12:28:50..899,,,,
12:28:50..944,16.83837144,-0.003169,0.00009813,0.00063031,0.00041809,-0.00015725,0.00082819,0.00008039,0.00002215,-0.00004523,12:28:50..991,,,,
12:28:51..039,16.86940038,-0.003169,0.00009826,0.00062997,0.00041856,-0.00015774,0.00082821,0.00007996,0.00002225,-0.0000444,12:28:50..991,,,,
12:28:51..073,16.62116886,-0.003213,0.00009687,0.00062993,0.00041875,-0.00015686,0.00082804,0.00007917,0.00002242,-0.00004336,12:28:51..082,,,,
12:28:51..208,16.57462545,-0.003213,0.00009715,0.0006303,0.00041947,-0.0001563,0.00082806,0.00007969,0.00002231,-0.00004307,12:28:51..207,,,,
12:28:51..242,16.40396628,-0.003425,0.00009574,0.0006298,0.00041986,-0.00015691,0.00082765,0.000079,0.00002282,-0.00004183,12:28:51..251,,,,
12:28:51..402,16.32639393,-0.003425,0.00009538,0.00063056,0.00042016,-0.00015671,0.00082789,0.00007851,0.00002245,-0.00004233,12:28:51..399,,,,
12:28:51..433,16.09884837,-0.003721,0.00009417,0.00063001,0.00042098,-0.00015651,0.00082773,0.00007829,0.00002299,-0.00004044,12:28:51..442,,,,
12:28:51..572,16.08850539,-0.003721,0.00009444,0.00062972,0.00042084,-0.00015628,0.0008275,0.00007812,0.00002294,-0.00004143,12:28:51..570,,,,
12:28:51..603,15.83510238,-0.003888,0.00009346,0.00062933,0.0004218,-0.00015609,0.00082732,0.00007745,0.0000234,-0.00003944,12:28:51..615,,,,
12:28:51..748,15.77821599,-0.003888,0.000093,0.00062976,0.00042235,-0.0001556,0.00082726,0.00007818,0.00002304,-0.00003955,12:28:51..745,,,,
12:28:51..778,15.55067043,-0.0039,0.00009185,0.00062885,0.00042253,-0.00015556,0.00082754,0.00007687,0.00002318,-0.00003906,12:28:51..789,,,,
12:28:51..912,15.47826957,-0.0039,0.00009255,0.0006291,0.00042285,-0.0001553,0.00082764,0.00007712,0.00002335,-0.00003846,12:28:51..910,,,,
12:28:51..944,15.27140997,-0.003535,0.00009056,0.00062884,0.00042318,-0.00015545,0.00082749,0.00007685,0.00002344,-0.00003857,12:28:51..953,,,,
12:28:52..021,15.2558955,-0.003535,0.00009071,0.0006285,0.00042318,-0.00015518,0.0008272,0.00007638,0.00002364,-0.00003825,12:28:52..079,,,,
12:28:52..120,15.21969507,-0.003535,0.00009132,0.00062889,0.00042324,-0.00015536,0.00082755,0.0000766,0.00002342,-0.00003845,12:28:52..079,,,,
12:28:52..152,15.01800696,-0.003353,0.00008923,0.00062868,0.00042392,-0.00015521,0.00082697,0.00007553,0.00002382,-0.00003812,12:28:52..168,,,,
12:28:52..279,15.00766398,-0.003353,0.00008952,0.00062812,0.00042389,-0.00015503,0.00082731,0.00007598,0.00002346,-0.00003778,12:28:52..276,,,,
12:28:52..311,14.85251928,-0.00353,0.00008891,0.00062854,0.00042423,-0.00015463,0.00082756,0.00007589,0.00002407,-0.00003729,12:28:52..318,,,,
12:28:52..372,14.83700481,-0.00353,0.00008856,0.00062871,0.00042491,-0.00015445,0.00082754,0.00007562,0.00002392,-0.000037,12:28:52..431,,,,
12:28:52..441,14.75426097,-0.00353,0.0000889,0.0006283,0.00042453,-0.00015503,0.00082732,0.00007539,0.00002356,-0.00003722,12:28:52..431,,,,
12:28:52..473,14.6870316,-0.003617,0.00008772,0.00062792,0.0004248,-0.00015478,0.00082733,0.00007499,0.00002431,-0.00003637,12:28:52..541,,,,
12:28:52..622,14.64565968,-0.003617,0.00008765,0.00062836,0.00042472,-0.00015445,0.00082709,0.00007491,0.00002399,-0.00003686,12:28:52..620,,,,
12:28:52..654,14.50085796,-0.003538,0.00008702,0.0006281,0.00042528,-0.00015381,0.00082724,0.00007502,0.00002402,-0.00003614,12:28:52..664,,,,
12:28:52..780,14.44397157,-0.003538,0.00008698,0.00062811,0.0004256,-0.00015407,0.00082702,0.00007467,0.00002473,-0.00003613,12:28:52..777,,,,
12:28:52..812,14.38191369,-0.003325,0.00008624,0.00062843,0.00042655,-0.00015352,0.00082737,0.00007461,0.00002473,-0.00003468,12:28:52..819,,,,
12:28:52..957,14.34054177,-0.003325,0.00008621,0.00062748,0.00042583,-0.00015421,0.00082713,0.00007435,0.00002399,-0.00003559,12:28:52..954,,,,
12:28:52..988,14.24745495,-0.003085,0.00008514,0.00062825,0.0004268,-0.00015379,0.00082726,0.0000741,0.00002412,-0.00003484,12:28:52..999,,,,
12:28:53..132,14.10782472,-0.003085,0.00008542,0.0006279,0.0004266,-0.00015408,0.00082686,0.00007384,0.00002422,-0.00003495,12:28:53..129,,,,
12:28:53..165,14.01990939,-0.00298,0.00008498,0.00062855,0.00042703,-0.00015373,0.00082705,0.00007381,0.00002476,-0.0000344,12:28:53..174,,,,
12:28:53..304,13.95785151,-0.00298,0.00008479,0.0006283,0.00042718,-0.00015357,0.00082698,0.000074,0.00002389,-0.00003458,12:28:53..302,,,,
12:28:53..336,13.89062214,-0.002678,0.00008427,0.00062783,0.00042767,-0.00015368,0.00082726,0.00007351,0.00002453,-0.00003379,12:28:53..344,,,,
12:28:53..461,13.81304979,-0.002678,0.00008357,0.00062811,0.00042775,-0.00015308,0.00082687,0.00007346,0.00002478,-0.00003376,12:28:53..460,,,,
12:28:53..496,13.73547744,-0.002301,0.00008315,0.00062777,0.00042769,-0.00015282,0.00082679,0.00007324,0.00002453,-0.00003382,12:28:53..505,,,,
12:28:53..643,13.66307658,-0.002301,0.0000831,0.00062743,0.00042784,-0.00015304,0.00082735,0.00007264,0.00002474,-0.00003328,12:28:53..640,,,,
12:28:53..674,13.56998976,-0.002229,0.00008259,0.00062835,0.00042876,-0.00015279,0.00082726,0.00007336,0.00002458,-0.00003278,12:28:53..685,,,,
12:28:53..810,13.50793188,-0.002229,0.00008262,0.00062727,0.00042789,-0.00015332,0.00082683,0.00007293,0.00002469,-0.00003292,12:28:53..807,,,,
12:28:53..842,13.47173145,-0.001873,0.00008206,0.00062743,0.00042866,-0.00015293,0.00082697,0.00007292,0.00002479,-0.00003276,12:28:53..849,,,,
12:28:53..993,13.38898761,-0.001873,0.00008235,0.0006282,0.00042899,-0.00015279,0.00082698,0.00007277,0.00002489,-0.0000326,12:28:53..992,,,,
12:28:54..027,13.2390144,-0.001583,0.00008179,0.0006269,0.00042939,-0.00015266,0.0008267,0.00007209,0.00002498,-0.00003239,12:28:54..036,,,,
12:28:54..179,13.2390144,-0.001583,0.0000817,0.00062742,0.00042977,-0.0001529,0.00082727,0.00007251,0.00002504,-0.00003192,12:28:54..176,,,,
12:28:54..211,13.1355846,-0.001219,0.0000809,0.00062714,0.00042946,-0.00015303,0.00082649,0.00007218,0.00002539,-0.00003204,12:28:54..220,,,,
12:28:54..358,13.15627056,-0.001219,0.00008139,0.00062769,0.00042984,-0.00015235,0.00082695,0.00007249,0.00002487,-0.00003178,12:28:54..355,,,,
12:28:54..390,12.97526841,-0.00106,0.00008079,0.00062711,0.00042978,-0.00015198,0.00082688,0.00007219,0.00002534,-0.0000311,12:28:54..399,,,,
12:28:54..522,13.02181182,-0.00106,0.00008067,0.00062738,0.00043,-0.00015219,0.00082667,0.00007239,0.00002524,-0.00003108,12:28:54..520,,,,
12:28:54..553,12.93389649,-0.001247,0.0000801,0.00062653,0.00043017,-0.00015274,0.0008269,0.00007155,0.0000252,-0.00003146,12:28:54..565,,,,
12:28:54..703,12.95458245,-0.001247,0.00007979,0.00062757,0.00043049,-0.00015206,0.00082678,0.00007196,0.00002533,-0.00003128,12:28:54..700,,,,
12:28:54..736,12.80460924,-0.00134,0.00007995,0.00062718,0.0004303,-0.00015216,0.00082676,0.00007159,0.00002503,-0.00003086,12:28:54..743,,,,
12:28:54..803,12.86149563,-0.00134,0.00007957,0.00062732,0.00043065,-0.00015213,0.00082716,0.00007164,0.0000251,-0.00003045,12:28:54..893,,,,
12:28:54..904,12.75289434,-0.00134,0.00008025,0.00062702,0.00043044,-0.00015209,0.00082671,0.00007173,0.00002517,-0.00003068,12:28:54..893,,,,
12:28:54..937,12.69600795,-0.001413,0.0000797,0.0006273,0.00043082,-0.00015192,0.00082692,0.00007176,0.0000253,-0.00002991,12:28:54..937,,,,
12:28:55..042,12.72703689,-0.001413,0.00007928,0.00062649,0.00043105,-0.00015219,0.00082661,0.00007129,0.0000251,-0.0000305,12:28:55..043,,,,
12:28:55..076,12.63395007,-0.001436,0.00007906,0.00062729,0.00043124,-0.00015232,0.00082699,0.00007144,0.00002501,-0.0000299,12:28:55..085,,,,
12:28:55..204,12.63395007,-0.001436,0.00007877,0.00062721,0.0004317,-0.00015193,0.00082728,0.00007125,0.00002536,-0.00003014,12:28:55..203,,,,
12:28:55..236,12.54603474,-0.00147,0.00007835,0.00062742,0.00043141,-0.00015159,0.00082661,0.00007114,0.00002532,-0.00003013,12:28:55..247,,,,
12:28:55..374,12.50466282,-0.00147,0.0000789,0.00062693,0.00043144,-0.00015248,0.00082668,0.00007102,0.00002543,-0.00002967,12:28:55..371,,,,
12:28:55..406,12.42709047,-0.001665,0.00007803,0.00062697,0.00043179,-0.00015172,0.0008267,0.00007078,0.00002526,-0.00002956,12:28:55..371,,,,
12:28:55..498,12.44777643,-0.001665,0.00007834,0.00062745,0.00043177,-0.00015156,0.00082634,0.00007114,0.00002564,-0.00002925,12:28:55..545,,,,
12:28:55..554,12.411576,-0.001665,0.00007835,0.00062688,0.00043199,-0.00015185,0.00082663,0.00007088,0.00002509,-0.00002968,12:28:55..545,,,,
12:28:55..588,12.38054706,-0.001878,0.00007806,0.00062715,0.00043178,-0.00015178,0.00082699,0.00007092,0.00002529,-0.00002934,12:28:55..590,,,,
12:28:55..719,12.38054706,-0.001878,0.00007781,0.00062727,0.00043167,-0.00015151,0.00082685,0.00007077,0.00002546,-0.00002931,12:28:55..718,,,,
12:28:55..753,12.20988789,-0.001811,0.00007776,0.00062741,0.00043224,-0.00015109,0.0008267,0.0000704,0.00002504,-0.00002898,12:28:55..762,,,,
12:28:55..882,12.28228875,-0.001811,0.00007782,0.00062697,0.00043165,-0.00015155,0.00082651,0.00007109,0.00002573,-0.00002916,12:28:55..879,,,,
12:28:55..914,12.16851597,-0.00181,0.00007742,0.00062699,0.00043229,-0.00015185,0.00082671,0.00007068,0.00002521,-0.00002879,12:28:55..921,,,,
12:28:56..047,12.18403044,-0.00181,0.00007759,0.00062693,0.00043196,-0.00015116,0.00082688,0.0000703,0.00002531,-0.00002888,12:28:56..044,,,,
12:28:56..078,12.13748703,-0.001824,0.00007721,0.00062668,0.00043225,-0.00015142,0.00082645,0.00006994,0.00002536,-0.00002879,12:28:56..088,,,,
12:28:56..224,12.1012866,-0.001824,0.00007677,0.00062693,0.00043226,-0.00015143,0.00082641,0.00007016,0.00002537,-0.00002878,12:28:56..221,,,,
12:28:56..256,12.03405723,-0.001672,0.00007674,0.00062681,0.00043279,-0.00015158,0.00082631,0.00006971,0.00002536,-0.00002839,12:28:56..265,,,,
12:28:56..411,12.00819978,-0.001672,0.00007675,0.00062738,0.00043284,-0.0001508,0.00082694,0.00007033,0.00002496,-0.00002787,12:28:56..408,,,,
12:28:56..443,11.98234233,-0.001569,0.00007614,0.00062703,0.00043252,-0.00015061,0.00082676,0.00007001,0.00002563,-0.00002815,12:28:56..452,,,,
12:28:56..571,11.95131339,-0.001569,0.00007613,0.00062751,0.00043276,-0.00015132,0.00082628,0.0000695,0.00002526,-0.000028,12:28:56..637,,,,
12:28:56..652,11.894427,-0.001569,0.00007617,0.00062684,0.00043282,-0.00015162,0.00082635,0.00007009,0.00002552,-0.00002817,12:28:56..637,,,,
12:28:56..686,11.92028445,-0.001873,0.0000763,0.00062718,0.00043338,-0.00015103,0.00082667,0.00006987,0.00002557,-0.00002808,12:28:56..722,,,,
12:28:56..854,11.83236912,-0.001873,0.00007594,0.00062707,0.00043292,-0.00015127,0.00082627,0.00007013,0.00002583,-0.00002782,12:28:56..853,,,,
12:28:56..889,11.82719763,-0.002017,0.00007608,0.00062717,0.00043304,-0.00015033,0.00082652,0.00006974,0.00002523,-0.00002765,12:28:56..895,,,,
12:28:57..074,11.77548273,-0.002017,0.00007616,0.00062717,0.00043301,-0.00015165,0.0008263,0.00006945,0.00002539,-0.00002803,12:28:57..071,,,,
12:28:57..106,11.72376783,-0.001928,0.00007558,0.00062693,0.00043308,-0.00015126,0.00082669,0.00006962,0.00002514,-0.00002774,12:28:57..119,,,,
12:28:57..264,11.71342485,-0.001928,0.00007532,0.0006283,0.00043287,-0.00015073,0.00082707,0.00007,0.00002497,-0.00002703,12:28:57..262,,,,
12:28:57..299,11.64102399,-0.00183,0.00007505,0.00062789,0.00043372,-0.00015089,0.00082667,0.00006956,0.00002526,-0.00002719,12:28:57..307,,,,
12:28:57..441,11.67205293,-0.00183,0.00007547,0.0006278,0.00043348,-0.000151,0.00082645,0.00006941,0.0000254,-0.00002728,12:28:57..440,,,,
12:28:57..475,11.58930909,-0.001829,0.00007504,0.00062726,0.00043354,-0.00015119,0.00082673,0.00006939,0.00002566,-0.00002729,12:28:57..484,,,,
12:28:57..628,11.60999505,-0.001829,0.00007517,0.00062762,0.0004339,-0.00015026,0.00082692,0.00006944,0.00002579,-0.00002659,12:28:57..626,,,,
12:28:57..659,11.50656525,-0.001807,0.00007476,0.00062718,0.00043387,-0.00015092,0.00082672,0.00006962,0.00002554,-0.00002694,12:28:57..669,,,,
12:28:57..823,11.53759419,-0.001807,0.00007472,0.00062764,0.00043342,-0.00015063,0.00082659,0.00006942,0.00002557,-0.00002695,12:28:57..820,,,,
12:28:57..854,11.43933588,-0.001561,0.00007462,0.00062719,0.00043375,-0.0001509,0.00082634,0.00006935,0.00002511,-0.00002697,12:28:57..862,,,,
12:28:58..028,11.47036482,-0.001561,0.00007474,0.00062769,0.00043337,-0.00015049,0.0008262,0.00006922,0.00002522,-0.00002652,12:28:58..025,,,,
12:28:58..059,11.40830694,-0.001626,0.00007442,0.00062737,0.00043408,-0.00015045,0.00082647,0.00006935,0.00002582,-0.00002699,12:28:58..069,,,,
12:28:58..197,11.44450737,-0.001626,0.00007442,0.00062813,0.00043421,-0.00015014,0.00082651,0.00006949,0.00002515,-0.00002631,12:28:58..195,,,,
12:28:58..229,11.34107757,-0.001709,0.00007437,0.00062707,0.00043367,-0.00015046,0.00082653,0.00006887,0.00002551,-0.0000264,12:28:58..238,,,,
12:28:58..385,11.33590608,-0.001709,0.00007426,0.00062747,0.00043381,-0.00015067,0.00082671,0.00006957,0.0000255,-0.00002679,12:28:58..382,,,,
12:28:58..416,11.31522012,-0.001743,0.00007498,0.00062742,0.00043441,-0.00015026,0.00082694,0.00006911,0.00002585,-0.00002643,12:28:58..424,,,,
12:28:58..573,11.27901969,-0.001743,0.00007399,0.00062752,0.00043395,-0.00014979,0.00082661,0.00006905,0.00002512,-0.00002678,12:28:58..571,,,,
12:28:58..605,11.21696181,-0.001857,0.00007399,0.00062738,0.00043388,-0.00015023,0.00082654,0.00006858,0.00002538,-0.00002656,12:28:58..615,,,,
12:28:58..767,11.23247628,-0.001857,0.00007367,0.00062717,0.00043437,-0.00015059,0.00082658,0.00006817,0.00002548,-0.00002682,12:28:58..764,,,,
12:28:58..798,11.16524691,-0.001918,0.00007358,0.00062789,0.00043484,-0.00015038,0.00082636,0.00006862,0.00002555,-0.00002675,12:28:58..808,,,,
12:28:58..955,11.14973244,-0.001918,0.0000737,0.00062671,0.00043432,-0.00015108,0.00082604,0.00006842,0.00002563,-0.00002654,12:28:58..954,,,,
12:28:58..990,11.1187035,-0.001811,0.00007332,0.00062715,0.00043462,-0.00014981,0.00082666,0.00006886,0.00002619,-0.00002618,12:28:58..999,,,,
12:28:59..167,11.10318903,-0.001811,0.00007352,0.00062743,0.00043438,-0.00015081,0.00082628,0.00006866,0.00002537,-0.00002646,12:28:59..164,,,,
12:28:59..199,11.0669886,-0.00156,0.00007351,0.00062736,0.00043434,-0.00015004,0.00082624,0.00006859,0.00002604,-0.00002703,12:28:59..207,,,,
12:28:59..283,11.04113115,-0.00156,0.00007312,0.00062749,0.00043461,-0.00015014,0.00082635,0.00006871,0.00002566,-0.00002641,12:28:59..354,,,,
12:28:59..390,11.0152737,-0.00156,0.00007346,0.00062743,0.00043529,-0.00015005,0.00082659,0.00006842,0.00002612,-0.00002612,12:28:59..354,,,,
12:28:59..422,10.97907327,-0.001451,0.00007347,0.00062723,0.0004351,-0.00015027,0.00082663,0.00006839,0.00002602,-0.00002602,12:28:59..446,,,,
12:28:59..576,10.99458774,-0.001451,0.00007315,0.00062736,0.00043495,-0.00014946,0.00082645,0.00006836,0.00002572,-0.0000259,12:28:59..575,,,,
12:28:59..611,10.96873029,-0.001377,0.00007268,0.00062714,0.00043544,-0.00014995,0.00082619,0.00006848,0.00002587,-0.00002643,12:28:59..616,,,,
12:28:59..762,10.93770135,-0.001377,0.00007267,0.00062769,0.00043522,-0.00015001,0.00082654,0.0000683,0.00002551,-0.0000267,12:28:59..762,,,,
12:28:59..796,10.88081496,-0.001423,0.00007279,0.00062816,0.00043558,-0.00014987,0.00082641,0.00006833,0.00002628,-0.00002582,12:28:59..806,,,,
12:28:59..955,10.92218688,-0.001423,0.00007276,0.00062722,0.00043529,-0.00015004,0.00082604,0.00006802,0.00002605,-0.00002608,12:28:59..952,,,,
12:28:59..986,10.84461453,-0.001484,0.0000724,0.00062782,0.00043539,-0.00014984,0.00082586,0.00006779,0.00002586,-0.00002643,12:28:59..997,,,,
12:29:00..121,10.85495751,-0.001484,0.0000724,0.00062689,0.0004355,-0.00015003,0.00082588,0.00006781,0.00002601,-0.00002609,12:29:00..120,,,,
12:29:00..156,10.77221367,-0.001674,0.00007238,0.00062681,0.00043561,-0.00014968,0.00082644,0.00006792,0.00002617,-0.00002619,12:29:00..164,,,,
12:29:00..245,10.77221367,-0.001674,0.00007209,0.00062731,0.00043544,-0.00014924,0.00082583,0.00006794,0.00002601,-0.00002659,12:29:00..306,,,,
12:29:00..321,10.76704218,-0.001674,0.00007243,0.00062705,0.00043541,-0.00014984,0.0008264,0.00006833,0.00002572,-0.00002637,12:29:00..306,,,,
12:29:00..355,10.75152771,-0.001977,0.00007228,0.00062717,0.00043532,-0.00014983,0.00082593,0.00006745,0.00002591,-0.00002661,12:29:00..451,,,,
12:29:00..511,10.74118473,-0.001977,0.00007212,0.00062736,0.00043587,-0.00014912,0.00082581,0.00006768,0.00002547,-0.00002632,12:29:00..451,,,,
12:29:00..543,10.71015579,-0.00205,0.0000721,0.00062697,0.00043567,-0.00014934,0.0008261,0.00006768,0.00002603,-0.00002658,12:29:00..556,,,,
12:29:00..698,10.67912685,-0.00205,0.00007215,0.00062733,0.00043557,-0.00014911,0.00082593,0.00006786,0.00002607,-0.00002631,12:29:00..695,,,,
12:29:00..731,10.67912685,-0.001974,0.00007208,0.00062778,0.00043604,-0.00014936,0.00082647,0.00006795,0.0000256,-0.00002589,12:29:00..737,,,,
12:29:00..873,10.61706897,-0.001974,0.00007178,0.00062665,0.0004359,-0.00014911,0.00082608,0.00006774,0.00002613,-0.00002628,12:29:00..872,,,,
12:29:00..907,10.64809791,-0.001853,0.00007199,0.0006269,0.0004365,-0.00014906,0.00082593,0.00006814,0.00002628,-0.00002619,12:29:00..915,,,,
12:29:01..009,10.51881066,-0.001773,0.00007179,0.00062684,0.0004358,-0.00014927,0.00082656,0.00006776,0.0000261,-0.00002627,12:29:01..071,,,,
12:29:01..121,10.61706897,-0.001773,0.0000717,0.00062681,0.00043585,-0.00014915,0.00082569,0.00006726,0.00002582,-0.00002666,12:29:01..120,,,,
12:29:01..153,10.50846768,-0.0018,0.00007121,0.00062701,0.00043583,-0.00014909,0.00082559,0.00006734,0.00002629,-0.00002587,12:29:01..120,,,,
12:29:01..254,10.57569705,-0.0018,0.00007167,0.00062665,0.00043609,-0.00014928,0.00082593,0.00006741,0.00002562,-0.0000262,12:29:01..322,,,,
12:29:01..330,10.47226725,-0.0018,0.00007106,0.00062693,0.00043645,-0.00014911,0.00082614,0.00006748,0.000026,-0.00002672,12:29:01..322,,,,
12:29:01..361,10.56018258,-0.00178,0.00007112,0.00062706,0.00043639,-0.00014919,0.00082558,0.00006752,0.00002571,-0.00002617,12:29:01..365,,,,
12:29:01..426,10.48261023,-0.00177,0.00007135,0.00062682,0.00043634,-0.00014912,0.00082569,0.00006765,0.00002605,-0.00002618,12:29:01..492,,,,
12:29:01..538,10.45675278,-0.00177,0.00007142,0.00062732,0.00043652,-0.00014902,0.00082604,0.00006736,0.00002563,-0.00002648,12:29:01..538,,,,
12:29:01..572,10.40503788,-0.001717,0.00007104,0.00062697,0.00043646,-0.00014888,0.00082607,0.00006713,0.0000256,-0.00002676,12:29:01..582,,,,
12:29:01..712,10.38952341,-0.001717,0.00007129,0.00062673,0.0004364,-0.00014914,0.00082601,0.00006733,0.00002654,-0.00002644,12:29:01..711,,,,
12:29:01..746,10.43606682,-0.001635,0.0000707,0.00062699,0.00043691,-0.00014945,0.00082621,0.00006685,0.00002612,-0.0000261,12:29:01..754,,,,
12:29:01..917,10.35332298,-0.001635,0.000071,0.00062668,0.00043668,-0.00014935,0.00082632,0.00006716,0.00002619,-0.00002652,12:29:01..914,,,,
12:29:01..949,10.37400894,-0.001407,0.00007077,0.00062618,0.00043679,-0.00014954,0.00082606,0.0000668,0.00002624,-0.00002657,12:29:01..956,,,,
12:29:02..106,10.33780851,-0.001407,0.00007044,0.00062695,0.00043672,-0.00014902,0.00082594,0.00006673,0.00002556,-0.00002613,12:29:02..105,,,,
12:29:02..141,10.30160808,-0.001226,0.00007095,0.00062692,0.00043668,-0.0001493,0.00082621,0.00006692,0.00002652,-0.00002657,12:29:02..149,,,,
12:29:02..258,10.30677957,-0.001226,0.00007074,0.00062715,0.00043718,-0.00014936,0.00082638,0.0000674,0.00002615,-0.00002651,12:29:02..255,,,,
12:29:02..291,10.28609361,-0.001286,0.00007075,0.00062683,0.00043709,-0.00014899,0.00082594,0.00006708,0.00002573,-0.00002636,12:29:02..298,,,,
12:29:02..454,10.21886424,-0.001286,0.00007081,0.00062667,0.00043728,-0.00014923,0.00082607,0.00006649,0.00002608,-0.00002656,12:29:02..452,,,,
12:29:02..489,10.20334977,-0.001201,0.00007047,0.00062637,0.00043744,-0.00014951,0.00082606,0.00006647,0.00002588,-0.00002697,12:29:02..497,,,,
12:29:02..623,10.16197785,-0.001201,0.00007055,0.00062599,0.00043721,-0.00014889,0.00082583,0.00006661,0.0000265,-0.00002684,12:29:02..622,,,,
12:29:02..658,10.14129189,-0.001056,0.00007059,0.00062727,0.00043768,-0.00014904,0.00082607,0.00006693,0.00002592,-0.00002645,12:29:02..668,,,,
12:29:02..788,10.16714934,-0.001056,0.00007049,0.0006265,0.00043732,-0.00014903,0.00082591,0.00006652,0.0000263,-0.0000261,12:29:02..785,,,,
12:29:02..819,10.16197785,-0.00104,0.0000701,0.00062686,0.00043751,-0.00014862,0.00082577,0.00006639,0.0000256,-0.00002634,12:29:02..829,,,,
12:29:02..868,10.12060593,-0.00098,0.00007052,0.00062608,0.00043759,-0.00014902,0.00082577,0.00006661,0.00002627,-0.00002617,12:29:02..943,,,,
12:29:02..954,10.1361204,-0.00098,0.00007025,0.00062652,0.00043744,-0.00014853,0.00082547,0.00006618,0.00002554,-0.00002671,12:29:02..943,,,,
12:29:02..985,10.04303358,-0.000843,0.0000703,0.00062667,0.00043823,-0.00014913,0.00082574,0.00006619,0.00002614,-0.00002703,12:29:02..987,,,,
12:29:03..104,10.0844055,-0.000843,0.00006999,0.00062615,0.00043809,-0.00014884,0.00082569,0.00006616,0.00002602,-0.00002689,12:29:03..101,,,,
12:29:03..136,10.06889103,-0.000678,0.00006997,0.00062635,0.00043796,-0.00014935,0.00082587,0.00006626,0.00002629,-0.00002682,12:29:03..146,,,,
12:29:03..275,10.04820507,-0.000678,0.00007073,0.00062665,0.00043791,-0.00014831,0.00082611,0.00006661,0.00002668,-0.00002625,12:29:03..272,,,,
12:29:03..307,10.02751911,-0.000469,0.00006979,0.00062601,0.00043774,-0.00014914,0.0008255,0.000066,0.00002614,-0.00002658,12:29:03..317,,,,
12:29:03..427,10.01200464,-0.000469,0.00007026,0.00062691,0.0004379,-0.00014854,0.00082569,0.00006597,0.00002647,-0.00002652,12:29:03..424,,,,
12:29:03..459,9.9809757,-0.000384,0.00007004,0.00062635,0.00043794,-0.00014896,0.00082556,0.0000664,0.00002681,-0.00002646,12:29:03..424,,,,
12:29:03..552,10.00683315,-0.000384,0.00007028,0.00062638,0.00043814,-0.00014882,0.00082614,0.00006629,0.00002597,-0.00002704,12:29:03..629,,,,
12:29:03..643,9.99131868,-0.000384,0.0000699,0.00062649,0.00043843,-0.00014884,0.0008257,0.00006612,0.00002663,-0.00002679,12:29:03..629,,,,
12:29:03..676,10.00683315,-0.00023,0.00006972,0.00062585,0.00043812,-0.00014881,0.00082536,0.00006577,0.00002651,-0.00002693,12:29:03..716,,,,
12:29:03..841,9.90340335,-0.00023,0.00006964,0.00062649,0.00043837,-0.00014895,0.00082565,0.00006604,0.00002635,-0.00002673,12:29:03..839,,,,
12:29:03..873,9.84134547,-0.000438,0.00006958,0.0006266,0.00043775,-0.00014846,0.00082539,0.000066,0.00002633,-0.00002656,12:29:03..883,,,,
12:29:04..034,9.78963057,-0.000438,0.00006957,0.00062593,0.00043775,-0.00014909,0.00082501,0.00006561,0.00002686,-0.00002689,12:29:04..031,,,,
12:29:04..066,9.86203143,-0.000686,0.00006972,0.00062617,0.00043805,-0.00014867,0.00082513,0.00006611,0.00002685,-0.00002643,12:29:04..075,,,,
12:29:04..234,9.83617398,-0.000686,0.00006927,0.00062608,0.0004382,-0.00014821,0.00082515,0.00006605,0.00002669,-0.00002703,12:29:04..231,,,,
12:29:04..267,9.84134547,-0.000948,0.0000693,0.00062601,0.00043815,-0.00014808,0.0008254,0.00006591,0.00002659,-0.00002669,12:29:04..275,,,,
12:29:04..447,9.77928759,-0.000948,0.0000697,0.00062519,0.00043784,-0.00014871,0.00082516,0.00006535,0.00002683,-0.00002663,12:29:04..444,,,,
12:29:04..479,9.79997355,-0.001454,0.00006944,0.0006258,0.00043807,-0.00014851,0.00082511,0.00006514,0.00002712,-0.00002671,12:29:04..487,,,,
12:29:04..607,9.80514504,-0.001454,0.00006931,0.00062604,0.00043861,-0.00014841,0.00082496,0.0000655,0.00002655,-0.00002672,12:29:04..604,,,,
12:29:04..639,9.79997355,-0.001496,0.00006999,0.00062556,0.00043833,-0.00014867,0.00082504,0.000065,0.00002658,-0.00002697,12:29:04..647,,,,
12:29:04..811,9.79997355,-0.001496,0.00006916,0.00062606,0.00043843,-0.00014799,0.00082518,0.00006545,0.00002609,-0.00002657,12:29:04..808,,,,
12:29:04..842,9.7741161,-0.001547,0.000069,0.00062608,0.00043837,-0.00014838,0.00082485,0.00006507,0.00002672,-0.00002718,12:29:04..850,,,,
12:29:04..895,9.70171524,-0.001547,0.00006974,0.00062513,0.00043846,-0.00014797,0.00082444,0.00006549,0.00002649,-0.00002706,12:29:04..977,,,,
12:29:04..986,9.6706863,-0.001547,0.00006925,0.00062637,0.00043877,-0.00014799,0.00082491,0.00006532,0.00002657,-0.0000272,12:29:04..977,,,,
12:29:05..021,9.68102928,-0.001455,0.00006922,0.00062567,0.00043872,-0.00014803,0.00082516,0.00006516,0.00002655,-0.00002744,12:29:05..062,,,,
12:29:05..131,9.69137226,-0.001455,0.00006971,0.00062628,0.00043891,-0.00014785,0.00082487,0.00006508,0.00002667,-0.00002656,12:29:05..129,,,,
12:29:05..163,9.66034332,-0.001359,0.00006923,0.00062567,0.00043862,-0.00014802,0.00082456,0.00006522,0.00002673,-0.00002699,12:29:05..174,,,,
12:29:05..295,9.68102928,-0.001359,0.00006929,0.00062634,0.00043874,-0.00014792,0.00082481,0.00006532,0.00002675,-0.00002644,12:29:05..292,,,,
12:29:05..327,9.60862842,-0.001433,0.00006946,0.0006255,0.00043907,-0.00014824,0.00082498,0.00006555,0.00002681,-0.00002687,12:29:05..334,,,,
12:29:05..481,9.58277097,-0.001433,0.00006896,0.00062586,0.00043851,-0.00014745,0.00082555,0.00006538,0.00002673,-0.00002705,12:29:05..478,,,,
12:29:05..512,9.59311395,-0.001687,0.0000689,0.00062563,0.00043829,-0.00014797,0.0008246,0.0000649,0.00002673,-0.00002738,12:29:05..520,,,,
12:29:05..652,9.55691352,-0.001687,0.00006944,0.00062586,0.00043861,-0.00014773,0.00082473,0.00006517,0.00002666,-0.00002652,12:29:05..649,,,,
12:29:05..683,9.53105607,-0.001779,0.00006867,0.0006259,0.00043857,-0.00014765,0.0008249,0.0000645,0.00002666,-0.0000272,12:29:05..649,,,,
12:29:05..756,9.52071309,-0.001779,0.00006885,0.00062554,0.00043884,-0.00014821,0.00082469,0.00006474,0.00002696,-0.00002717,12:29:05..789,,,,
12:29:05..799,9.52588458,-0.001779,0.00006857,0.00062612,0.00043899,-0.00014777,0.0008247,0.00006506,0.00002639,-0.00002727,12:29:05..789,,,,
12:29:05..831,9.51037011,-0.00179,0.00006855,0.00062519,0.00043814,-0.00014858,0.00082461,0.00006404,0.00002622,-0.00002706,12:29:05..834,,,,
12:29:05..972,9.54139905,-0.00179,0.00006878,0.0006259,0.00043897,-0.00014785,0.00082456,0.00006497,0.00002702,-0.00002687,12:29:05..970,,,,
12:29:06..004,9.46899819,-0.001849,0.00006879,0.00062535,0.00043873,-0.00014809,0.00082429,0.00006474,0.00002697,-0.00002731,12:29:06..015,,,,
12:29:06..133,9.53105607,-0.001849,0.00006891,0.00062595,0.00043932,-0.00014782,0.00082466,0.0000651,0.00002676,-0.00002661,12:29:06..130,,,,
12:29:06..164,9.47416968,-0.001754,0.00006878,0.00062584,0.00043924,-0.00014804,0.0008246,0.00006477,0.00002683,-0.00002704,12:29:06..173,,,,
12:29:06..291,9.45865521,-0.001754,0.00006901,0.00062563,0.00043934,-0.00014759,0.00082427,0.0000652,0.00002694,-0.00002662,12:29:06..288,,,,
12:29:06..323,9.45348372,-0.001742,0.00006898,0.00062638,0.00043957,-0.00014763,0.00082481,0.00006471,0.00002657,-0.00002723,12:29:06..333,,,,
12:29:06..433,9.45865521,-0.001742,0.00006854,0.00062556,0.00043915,-0.00014856,0.00082409,0.00006465,0.00002651,-0.00002718,12:29:06..430,,,,
12:29:06..465,9.47416968,-0.001682,0.0000689,0.00062655,0.00043903,-0.00014742,0.00082432,0.000065,0.00002665,-0.00002722,12:29:06..473,,,,
12:29:06..598,9.40694031,-0.001682,0.00006849,0.00062545,0.00043913,-0.00014832,0.00082431,0.00006415,0.00002659,-0.00002751,12:29:06..595,,,,
12:29:06..629,9.3603969,-0.001576,0.00006842,0.00062541,0.00043892,-0.0001481,0.00082447,0.00006436,0.00002658,-0.00002714,12:29:06..636,,,,
12:29:06..761,9.43796925,-0.001576,0.00006856,0.00062578,0.00043901,-0.00014797,0.00082439,0.00006456,0.00002667,-0.00002699,12:29:06..758,,,,
12:29:06..794,9.35005392,-0.001514,0.00006836,0.00062511,0.0004387,-0.00014804,0.00082451,0.00006428,0.00002684,-0.00002703,12:29:06..758,,,,
12:29:06..877,9.37073988,-0.001514,0.00006834,0.00062564,0.00043925,-0.00014775,0.00082422,0.00006461,0.00002646,-0.00002712,12:29:06..912,,,,
12:29:06..921,9.34488243,-0.001514,0.00006816,0.00062536,0.00043869,-0.00014772,0.00082432,0.00006423,0.00002661,-0.0000269,12:29:06..912,,,,
12:29:06..954,9.37591137,-0.001384,0.00006781,0.00062558,0.00043858,-0.00014778,0.00082418,0.00006418,0.00002642,-0.00002779,12:29:07..006,,,,
12:29:07..075,9.31902498,-0.001384,0.00006839,0.0006254,0.00043886,-0.00014783,0.00082487,0.00006454,0.00002688,-0.00002739,12:29:07..072,,,,
12:29:07..107,9.31902498,-0.001327,0.00006803,0.00062527,0.00043901,-0.00014808,0.00082473,0.00006405,0.00002676,-0.0000277,12:29:07..116,,,,
12:29:07..245,9.31385349,-0.001327,0.00006836,0.00062547,0.00043904,-0.00014797,0.00082468,0.00006431,0.00002692,-0.0000271,12:29:07..242,,,,
12:29:07..277,9.27248157,-0.001405,0.0000683,0.00062524,0.00043903,-0.0001477,0.00082459,0.00006404,0.00002669,-0.0000272,12:29:07..286,,,,
12:29:07..414,9.28799604,-0.001405,0.00006807,0.00062587,0.00043922,-0.00014753,0.0008246,0.00006423,0.00002632,-0.00002735,12:29:07..410,,,,
12:29:07..446,9.22593816,-0.001403,0.00006787,0.00062531,0.00043922,-0.00014783,0.00082425,0.00006383,0.0000267,-0.00002742,12:29:07..453,,,,
12:29:07..581,9.28282455,-0.001403,0.00006828,0.00062572,0.00043956,-0.00014781,0.00082425,0.00006435,0.00002712,-0.00002711,12:29:07..578,,,,
12:29:07..613,9.25179561,-0.001301,0.00006829,0.00062542,0.00043935,-0.00014793,0.00082406,0.00006404,0.00002662,-0.00002723,12:29:07..578,,,,
12:29:07..720,9.23628114,-0.001301,0.00006789,0.00062591,0.00043923,-0.00014765,0.00082437,0.00006414,0.00002699,-0.00002771,12:29:07..789,,,,
12:29:07..802,9.20008071,-0.001301,0.00006799,0.00062554,0.00043977,-0.00014767,0.0008242,0.00006413,0.00002701,-0.00002702,12:29:07..789,,,,
12:29:07..835,9.23628114,-0.000993,0.00006801,0.00062538,0.00043965,-0.00014794,0.00082463,0.00006366,0.00002678,-0.00002718,12:29:07..908,,,,
12:29:07..999,9.18973773,-0.000993,0.0000679,0.00062571,0.00043934,-0.0001477,0.00082438,0.00006415,0.00002693,-0.0000275,12:29:07..908,,,,
12:29:08..032,9.22593816,-0.001297,0.00006791,0.00062541,0.00044011,-0.0001476,0.00082443,0.00006408,0.00002678,-0.00002721,12:29:08..047,,,,
12:29:08..168,9.14836581,-0.001297,0.00006774,0.000625,0.00043972,-0.0001475,0.00082454,0.00006373,0.00002722,-0.00002716,12:29:08..167,,,,
12:29:08..201,9.16905177,-0.001316,0.00006724,0.00062508,0.00043973,-0.00014809,0.00082404,0.00006365,0.00002697,-0.00002766,12:29:08..211,,,,
12:29:08..357,9.15870879,-0.001316,0.00006786,0.00062541,0.00043942,-0.00014806,0.00082407,0.00006377,0.00002707,-0.00002697,12:29:08..355,,,,
12:29:08..389,9.12250836,-0.001151,0.00006744,0.00062479,0.00043944,-0.0001482,0.00082427,0.00006359,0.00002707,-0.00002729,12:29:08..400,,,,
12:29:08..522,9.08630793,-0.001151,0.0000677,0.0006252,0.00043962,-0.00014797,0.000824,0.00006372,0.00002641,-0.0000272,12:29:08..519,,,,
12:29:08..553,9.12767985,-0.001434,0.0000678,0.00062527,0.00043957,-0.00014779,0.00082411,0.00006346,0.00002682,-0.00002729,12:29:08..564,,,,
12:29:08..636,9.07596495,-0.001434,0.0000675,0.00062556,0.00043939,-0.0001475,0.00082444,0.00006402,0.00002719,-0.00002735,12:29:08..712,,,,
12:29:08..721,9.07079346,-0.001434,0.00006738,0.00062541,0.00043981,-0.00014785,0.00082457,0.00006405,0.00002713,-0.00002737,12:29:08..712,,,,
12:29:08..755,9.07079346,-0.001507,0.00006751,0.00062463,0.00043975,-0.00014837,0.00082384,0.0000626,0.00002686,-0.00002767,12:29:08..757,,,,
12:29:08..790,9.09147942,-0.001463,0.00006732,0.00062482,0.00043977,-0.00014816,0.00082387,0.00006335,0.00002696,-0.00002754,12:29:08..861,,,,
12:29:08..922,9.05527899,-0.001463,0.00006722,0.00062519,0.00044023,-0.00014718,0.00082458,0.00006376,0.00002673,-0.00002724,12:29:08..922,,,,
12:29:08..956,9.01390707,-0.001439,0.00006741,0.00062519,0.00043995,-0.0001476,0.0008242,0.00006344,0.00002724,-0.00002696,12:29:08..966,,,,
12:29:09..038,9.03976452,-0.001439,0.00006751,0.00062498,0.00043987,-0.00014776,0.00082419,0.00006352,0.00002729,-0.00002712,12:29:09..117,,,,
12:29:09..126,8.96736366,-0.001439,0.00006728,0.00062521,0.00044018,-0.0001477,0.00082424,0.00006337,0.00002641,-0.00002768,12:29:09..117,,,,
12:29:09..159,8.96219217,-0.001325,0.00006699,0.00062507,0.00044011,-0.0001474,0.0008239,0.00006307,0.00002701,-0.00002769,12:29:09..163,,,,
12:29:09..296,9.02425005,-0.001325,0.00006761,0.00062477,0.00043971,-0.00014799,0.00082382,0.0000633,0.00002691,-0.00002729,12:29:09..293,,,,
12:29:09..328,8.95184919,-0.001178,0.00006732,0.00062446,0.00043946,-0.00014748,0.00082324,0.00006289,0.00002714,-0.00002771,12:29:09..293,,,,
12:29:09..424,8.9466777,-0.0011,0.00006691,0.00062443,0.00043972,-0.00014788,0.000824,0.00006264,0.0000266,-0.00002709,12:29:09..480,,,,
12:29:09..533,8.90013429,-0.0011,0.00006696,0.00062479,0.00044013,-0.00014765,0.00082436,0.00006367,0.00002746,-0.00002741,12:29:09..533,,,,
12:29:09..565,8.91564876,-0.00117,0.000067,0.00062434,0.00044018,-0.00014776,0.00082403,0.00006286,0.00002685,-0.00002809,12:29:09..578,,,,
12:29:09..605,8.92599174,-0.00117,0.00006704,0.00062509,0.00044018,-0.00014766,0.00082373,0.00006333,0.00002655,-0.00002728,12:29:09..662,,,,
12:29:09..679,8.93116323,-0.00117,0.00006696,0.00062443,0.00044006,-0.00014777,0.00082406,0.00006269,0.00002693,-0.00002739,12:29:09..662,,,,
12:29:09..713,8.88979131,-0.001299,0.00006722,0.00062406,0.00044016,-0.00014764,0.00082393,0.00006288,0.00002718,-0.00002743,12:29:09..762,,,,
12:29:09..843,8.90013429,-0.001299,0.00006724,0.00062478,0.00043971,-0.0001472,0.00082433,0.00006299,0.00002679,-0.00002764,12:29:09..843,,,,
12:29:09..876,8.86910535,-0.001602,0.00006718,0.00062497,0.00044036,-0.0001472,0.00082363,0.00006283,0.00002702,-0.00002757,12:29:09..887,,,,
12:29:10..005,8.86910535,-0.001602,0.00006689,0.00062416,0.0004398,-0.00014787,0.00082367,0.00006268,0.00002722,-0.00002754,12:29:10..003,,,,
12:29:10..037,8.8432479,-0.001751,0.00006711,0.00062419,0.00044033,-0.00014726,0.00082327,0.00006284,0.00002752,-0.00002746,12:29:10..047,,,,
12:29:10..208,8.81221896,-0.001751,0.00006693,0.00062422,0.00044031,-0.00014733,0.00082347,0.00006281,0.0000271,-0.00002758,12:29:10..204,,,,
12:29:10..238,8.81221896,-0.001677,0.00006696,0.00062478,0.00044024,-0.00014708,0.00082363,0.00006276,0.00002679,-0.00002756,12:29:10..204,,,,
12:29:10..337,8.80187598,-0.001677,0.00006649,0.00062417,0.00044013,-0.00014734,0.00082378,0.0000624,0.000027,-0.00002767,12:29:10..413,,,,
12:29:10..419,8.80704747,-0.001677,0.00006664,0.00062438,0.00044025,-0.00014688,0.00082352,0.00006291,0.00002643,-0.00002753,12:29:10..413,,,,
12:29:10..453,8.79670449,-0.001597,0.00006642,0.00062422,0.00044018,-0.00014733,0.00082297,0.0000623,0.00002717,-0.0000276,12:29:10..457,,,,
12:29:10..537,8.80704747,-0.001597,0.0000669,0.00062438,0.00044078,-0.00014683,0.00082341,0.00006272,0.00002692,-0.00002764,12:29:10..598,,,,
12:29:10..607,8.74498959,-0.001597,0.00006677,0.00062412,0.00044064,-0.00014687,0.00082334,0.00006268,0.00002737,-0.00002758,12:29:10..598,,,,
12:29:10..639,8.90530578,-0.001481,0.00006701,0.00062424,0.00044082,-0.00014706,0.00082308,0.00006235,0.00002706,-0.00002773,12:29:10..640,,,,
12:29:10..712,8.91564876,-0.001481,0.00006672,0.00062447,0.00044058,-0.0001463,0.00082336,0.00006236,0.00002683,-0.00002731,12:29:10..774,,,,
12:29:10..784,8.87944833,-0.001481,0.00006667,0.0006238,0.00044086,-0.00014683,0.00082321,0.0000628,0.00002751,-0.00002793,12:29:10..774,,,,
12:29:10..819,8.85876237,-0.001519,0.00006685,0.00062392,0.00044049,-0.00014664,0.00082308,0.00006226,0.00002739,-0.00002765,12:29:10..820,,,,
12:29:10..876,8.81739045,-0.001519,0.00006684,0.00062442,0.00044101,-0.00014628,0.0008232,0.00006259,0.00002672,-0.00002747,12:29:10..944,,,,
12:29:10..951,8.81739045,-0.001519,0.00006705,0.00062442,0.0004405,-0.00014721,0.00082289,0.00006233,0.00002747,-0.00002745,12:29:10..944,,,,
12:29:10..986,8.78636151,-0.001655,0.0000666,0.00062447,0.000441,-0.0001468,0.00082283,0.00006236,0.00002717,-0.0000278,12:29:10..989,,,,
12:29:11..032,8.83807641,-0.001664,0.00006674,0.00062439,0.00044059,-0.00014652,0.00082282,0.00006242,0.00002719,-0.00002742,12:29:11..095,,,,
12:29:11..116,8.76050406,-0.001664,0.00006629,0.00062424,0.00044084,-0.00014662,0.00082279,0.00006238,0.00002693,-0.00002819,12:29:11..095,,,,
12:29:11..149,8.80704747,-0.001462,0.00006627,0.00062401,0.00044046,-0.00014682,0.00082255,0.00006223,0.0000271,-0.00002733,12:29:11..217,,,,
12:29:11..304,8.78119002,-0.001462,0.00006647,0.00062461,0.00044119,-0.00014638,0.00082296,0.00006243,0.00002715,-0.00002758,12:29:11..217,,,,
12:29:11..335,8.78119002,-0.001274,0.00006616,0.00062446,0.00044124,-0.00014645,0.00082277,0.00006202,0.0000274,-0.00002767,12:29:11..348,,,,
12:29:11..481,8.791533,-0.001274,0.00006641,0.00062416,0.00044116,-0.00014648,0.00082223,0.00006182,0.00002735,-0.00002785,12:29:11..477,,,,
12:29:11..514,8.78119002,-0.001378,0.00006596,0.00062489,0.00044111,-0.00014636,0.0008223,0.00006176,0.00002735,-0.00002761,12:29:11..521,,,,
12:29:11..646,8.77084704,-0.001378,0.00006631,0.00062389,0.00044105,-0.00014631,0.00082204,0.00006211,0.00002738,-0.0000276,12:29:11..643,,,,
12:29:11..677,8.73464661,-0.001332,0.00006609,0.00062395,0.00044091,-0.00014673,0.00082267,0.00006165,0.00002747,-0.00002798,12:29:11..687,,,,
12:29:11..829,8.70361767,-0.001332,0.00006595,0.00062425,0.0004412,-0.00014635,0.0008228,0.00006193,0.00002735,-0.00002803,12:29:11..826,,,,
12:29:11..863,8.69844618,-0.001186,0.00006607,0.00062417,0.00044125,-0.00014616,0.00082212,0.00006198,0.00002738,-0.00002797,12:29:11..873,,,,
12:29:12..001,8.7398181,-0.001186,0.0000658,0.00062424,0.00044109,-0.00014618,0.00082245,0.00006166,0.00002754,-0.00002775,12:29:11..999,,,,
12:29:12..035,8.67776022,-0.00126,0.00006618,0.00062478,0.00044136,-0.00014631,0.0008226,0.00006173,0.00002723,-0.00002785,12:29:12..043,,,,
12:29:12..114,8.67258873,-0.00126,0.00006607,0.00062358,0.00044135,-0.00014644,0.00082234,0.00006177,0.00002733,-0.00002793,12:29:12..211,,,,
12:29:12..248,9.11216538,-0.00126,0.00006621,0.00062424,0.00044166,-0.00014647,0.00082244,0.00006194,0.00002708,-0.00002811,12:29:12..211,,,,
12:29:12..282,8.72430363,-0.001176,0.00006622,0.00062392,0.00044138,-0.00014644,0.00082222,0.00006147,0.00002719,-0.00002826,12:29:12..255,,,,
12:29:12..317,8.57433042,-0.001225,0.00006609,0.00062435,0.00044149,-0.00014577,0.00082225,0.00006175,0.00002744,-0.00002801,12:29:12..378,,,,
12:29:12..478,8.69844618,-0.001225,0.00006637,0.00062399,0.00044145,-0.00014651,0.00082269,0.0000615,0.00002771,-0.00002777,12:29:12..477,,,,
12:29:12..511,8.6363883,-0.001254,0.00006586,0.00062422,0.00044119,-0.0001458,0.00082254,0.0000608,0.00002685,-0.00002797,12:29:12..477,,,,
12:29:12..639,8.61053085,-0.001254,0.00006578,0.00062379,0.00044108,-0.00014632,0.0008223,0.00006108,0.00002755,-0.00002813,12:29:12..705,,,,
12:29:12..727,8.62604532,-0.001254,0.00006615,0.00062439,0.00044138,-0.00014595,0.00082257,0.00006133,0.00002719,-0.00002773,12:29:12..705,,,,
12:29:12..760,8.62087383,-0.001098,0.00006579,0.00062459,0.00044179,-0.00014601,0.00082274,0.00006135,0.00002772,-0.00002782,12:29:12..793,,,,
12:29:12..964,8.5846734,-0.000969,0.00006603,0.00062381,0.00044142,-0.0001466,0.00082246,0.00006151,0.00002706,-0.0000286,12:29:13..016,,,,
12:29:13..086,8.58984489,-0.000969,0.00006619,0.0006245,0.00044148,-0.00014619,0.00082224,0.00006131,0.00002743,-0.00002791,12:29:13..016,,,,
12:29:13..119,8.60018787,-0.001025,0.00006578,0.00062398,0.00044147,-0.00014612,0.00082223,0.00006123,0.00002774,-0.00002814,12:29:13..087,,,,
12:29:13..253,8.53812999,-0.001025,0.00006582,0.00062442,0.00044157,-0.0001465,0.00082251,0.00006108,0.00002728,-0.00002792,12:29:13..333,,,,
12:29:13..354,8.51744403,-0.001025,0.00006604,0.00062366,0.00044155,-0.00014637,0.00082218,0.00006117,0.00002716,-0.00002806,12:29:13..333,,,,
12:29:13..388,8.50710105,-0.001081,0.00006583,0.00062418,0.00044135,-0.00014592,0.00082253,0.00006098,0.00002728,-0.0000282,12:29:13..419,,,,
12:29:13..561,8.47607211,-0.001317,0.00006596,0.00062403,0.00044148,-0.00014639,0.00082262,0.00006114,0.00002808,-0.00002814,12:29:13..580,,,,
12:29:13..628,8.47607211,-0.001317,0.00006577,0.00062421,0.00044167,-0.00014571,0.00082217,0.00006091,0.00002748,-0.00002849,12:29:13..627,,,,
12:29:13..661,8.46055764,-0.001544,0.00006616,0.00062352,0.00044165,-0.00014598,0.00082184,0.00006052,0.00002752,-0.00002829,12:29:13..669,,,,
12:29:13..765,8.46055764,-0.001544,0.00006589,0.00062409,0.00044162,-0.00014576,0.00082215,0.00006075,0.00002729,-0.00002819,12:29:13..832,,,,
12:29:13..842,8.49158658,-0.001544,0.00006606,0.00062344,0.00044114,-0.00014621,0.00082212,0.00006062,0.00002751,-0.00002841,12:29:13..832,,,,
12:29:13..875,8.4295287,-0.001825,0.00006574,0.00062366,0.00044134,-0.00014601,0.00082195,0.00006064,0.00002719,-0.00002859,12:29:13..877,,,,
12:29:13..959,8.43470019,-0.001825,0.00006563,0.00062428,0.00044125,-0.00014592,0.00082227,0.00006084,0.00002722,-0.00002826,12:29:14..027,,,,
12:29:14..043,8.45538615,-0.001825,0.00006574,0.00062367,0.00044149,-0.00014635,0.00082171,0.00006106,0.00002764,-0.00002883,12:29:14..027,,,,
12:29:14..076,8.42435721,-0.002128,0.00006542,0.00062417,0.00044164,-0.00014602,0.0008219,0.00006067,0.00002709,-0.00002805,12:29:14..116,,,,
12:29:14..250,8.43470019,-0.002128,0.00006574,0.00062334,0.00044142,-0.00014619,0.00082188,0.00006065,0.00002765,-0.00002846,12:29:14..248,,,,
12:29:14..283,8.37264231,-0.002091,0.00006584,0.00062452,0.00044244,-0.00014592,0.00082199,0.0000608,0.00002767,-0.00002841,12:29:14..248,,,,
12:29:14..397,8.41918572,-0.002091,0.0000655,0.00062396,0.00044188,-0.00014659,0.00082202,0.00006072,0.00002766,-0.00002836,12:29:14..465,,,,
12:29:14..474,8.36229933,-0.002091,0.00006589,0.00062402,0.00044199,-0.00014616,0.00082168,0.00006059,0.00002786,-0.00002858,12:29:14..465,,,,
12:29:14..507,8.36747082,-0.001895,0.00006534,0.00062402,0.00044243,-0.00014634,0.00082155,0.00005998,0.00002753,-0.00002853,12:29:14..509,,,,
12:29:14..599,8.30024145,-0.001714,0.00006588,0.00062404,0.00044197,-0.0001466,0.00082153,0.00006052,0.0000276,-0.00002858,12:29:14..676,,,,
12:29:14..746,8.34161337,-0.001714,0.00006591,0.00062456,0.00044244,-0.00014641,0.0008216,0.0000607,0.00002752,-0.00002847,12:29:14..746,,,,
12:29:14..780,8.29506996,-0.001539,0.00006558,0.00062434,0.00044196,-0.00014676,0.0008216,0.00006022,0.00002756,-0.00002873,12:29:14..789,,,,
12:29:14..909,8.31058443,-0.001539,0.00006532,0.00062442,0.00044158,-0.00014658,0.000821,0.00006072,0.00002743,-0.00002904,12:29:14..907,,,,
12:29:14..941,8.30541294,-0.001512,0.0000655,0.00062464,0.00044251,-0.0001467,0.00082126,0.00006031,0.00002727,-0.00002864,12:29:14..952,,,,
12:29:15..200,8.23818357,-0.001512,0.00006589,0.00062454,0.00044199,-0.00014683,0.00082119,0.00006045,0.00002779,-0.00002846,12:29:15..199,,,,
12:29:15..233,8.26404102,-0.001362,0.00006493,0.00062513,0.00044274,-0.00014656,0.00082122,0.00006053,0.00002798,-0.00002887,12:29:15..199,,,,
12:29:15..314,8.25886953,-0.001362,0.00006517,0.00062457,0.00044193,-0.00014674,0.00082129,0.0000605,0.00002778,-0.0000286,12:29:15..374,,,,
12:29:15..388,8.25886953,-0.001362,0.00006496,0.00062507,0.00044222,-0.00014641,0.00082069,0.00006058,0.00002741,-0.00002888,12:29:15..374,,,,
12:29:15..422,8.24852655,-0.00187,0.00006488,0.00062524,0.00044248,-0.00014648,0.00082122,0.00006036,0.00002732,-0.00002882,12:29:15..461,,,,
12:29:15..609,8.26404102,-0.00187,0.0000655,0.00062479,0.00044231,-0.00014688,0.00082129,0.00006066,0.00002775,-0.00002869,12:29:15..607,,,,
12:29:15..643,8.18129718,-0.002208,0.00006522,0.00062557,0.00044249,-0.00014699,0.00082136,0.00006046,0.00002775,-0.00002918,12:29:15..607,,,,
12:29:15..728,8.21232612,-0.002208,0.00006543,0.00062454,0.00044213,-0.00014739,0.00082136,0.00006019,0.00002792,-0.00002912,12:29:15..804,,,,
12:29:15..813,8.18129718,-0.002208,0.00006511,0.00062528,0.00044262,-0.0001471,0.00082137,0.00006017,0.00002764,-0.00002873,12:29:15..804,,,,
12:29:15..847,8.16061122,-0.002017,0.0000648,0.000625,0.00044242,-0.00014786,0.00082131,0.00006021,0.00002714,-0.00002937,12:29:15..848,,,,
12:29:15..947,8.18646867,-0.002017,0.00006546,0.00062495,0.00044248,-0.00014751,0.00082167,0.00006041,0.00002811,-0.00002902,12:29:15..995,,,,
12:29:16..030,8.11406781,-0.002017,0.00006497,0.00062521,0.00044257,-0.00014721,0.00082148,0.0000602,0.0000273,-0.0000288,12:29:15..995,,,,
12:29:16..066,8.15543973,-0.001965,0.00006562,0.00062494,0.00044247,-0.00014769,0.00082169,0.00006049,0.00002754,-0.00002889,12:29:16..081,,,,
12:29:16..188,8.08303887,-0.001965,0.00006503,0.00062551,0.00044284,-0.00014721,0.00082195,0.00006028,0.00002754,-0.00002891,12:29:16..259,,,,
12:29:16..274,8.11406781,-0.001965,0.00006532,0.00062505,0.00044226,-0.00014752,0.00082126,0.00005985,0.00002762,-0.00002916,12:29:16..259,,,,
12:29:16..307,8.09338185,-0.001943,0.00006539,0.00062515,0.00044283,-0.00014749,0.00082153,0.00005988,0.0000276,-0.00002919,12:29:16..345,,,,
12:29:16..518,8.05718142,-0.001943,0.00006517,0.00062495,0.00044219,-0.00014794,0.00082116,0.0000598,0.00002762,-0.00002883,12:29:16..517,,,,
12:29:16..552,8.05718142,-0.002014,0.00006469,0.00062465,0.00044197,-0.00014797,0.00082107,0.00005953,0.00002783,-0.00002947,12:29:16..559,,,,
12:29:16..721,8.0675244,-0.002014,0.0000652,0.00062553,0.00044275,-0.00014742,0.00082121,0.00006011,0.00002764,-0.00002928,12:29:16..719,,,,
12:29:16..756,7.99512354,-0.00197,0.00006474,0.0006259,0.00044238,-0.00014734,0.00082086,0.00005984,0.00002765,-0.0000289,12:29:16..766,,,,
12:29:16..853,7.97960907,-0.00197,0.00006523,0.00062523,0.0004421,-0.00014815,0.00082143,0.00005975,0.00002781,-0.00002967,12:29:16..907,,,,
12:29:16..916,8.00029503,-0.00197,0.00006494,0.00062528,0.00044263,-0.00014788,0.00082134,0.00005959,0.00002736,-0.00002934,12:29:16..907,,,,
12:29:16..949,7.97443758,-0.002093,0.00006488,0.00062514,0.00044231,-0.00014817,0.00082104,0.00005989,0.00002751,-0.00002904,12:29:16..994,,,,
12:29:17..071,7.94858013,-0.002093,0.00006522,0.00062561,0.0004423,-0.00014795,0.00082122,0.0000597,0.00002742,-0.00002935,12:29:17..070,,,,
12:29:17..104,7.92789417,-0.002005,0.00006512,0.00062545,0.00044238,-0.0001479,0.0008207,0.00005994,0.00002762,-0.00002981,12:29:17..070,,,,
12:29:17..199,7.94858013,-0.002005,0.00006521,0.000625,0.00044235,-0.00014815,0.00082083,0.00006016,0.0000275,-0.00002928,12:29:17..246,,,,
12:29:17..275,7.92789417,-0.002005,0.00006513,0.0006256,0.00044222,-0.00014739,0.00082113,0.00005997,0.00002761,-0.00002936,12:29:17..246,,,,
12:29:17..309,7.97443758,-0.002086,0.00006527,0.00062552,0.00044255,-0.00014826,0.00082064,0.00006002,0.00002769,-0.0000296,12:29:17..333,,,,
12:29:17..450,7.87617927,-0.002086,0.00006498,0.00062554,0.00044217,-0.00014807,0.00082097,0.00006015,0.00002753,-0.00002949,12:29:17..447,,,,
12:29:17..482,7.85549331,-0.001794,0.00006509,0.00062523,0.00044244,-0.00014779,0.00082075,0.00006053,0.00002794,-0.00002939,12:29:17..490,,,,
12:29:17..615,7.83480735,-0.001794,0.00006501,0.0006251,0.00044207,-0.00014803,0.00082128,0.00005996,0.00002815,-0.00002961,12:29:17..612,,,,
12:29:17..647,7.90203672,-0.001711,0.00006494,0.0006255,0.00044253,-0.00014781,0.00082078,0.00006028,0.00002778,-0.00002984,12:29:17..612,,,,
12:29:17..718,7.78826394,-0.001711,0.00006532,0.00062478,0.00044229,-0.00014827,0.00082108,0.00006026,0.00002786,-0.00002895,12:29:17..773,,,,
12:29:17..809,7.85032182,-0.001711,0.00006507,0.0006254,0.00044255,-0.00014799,0.00082133,0.00006065,0.00002781,-0.0000295,12:29:17..773,,,,
12:29:17..846,7.75206351,-0.001455,0.00006482,0.00062523,0.00044251,-0.00014768,0.00082085,0.00005987,0.0000279,-0.00002983,12:29:17..816,,,,
12:29:17..919,7.77274947,-0.001493,0.0000648,0.00062493,0.00044202,-0.00014774,0.00082055,0.00006025,0.00002788,-0.00002968,12:29:17..969,,,,
12:29:18..025,7.81412139,-0.001493,0.00006541,0.00062521,0.00044258,-0.00014767,0.00082094,0.0000603,0.00002782,-0.00002951,12:29:18..024,,,,
12:29:18..057,7.76240649,-0.001549,0.00006538,0.00062497,0.0004423,-0.00014763,0.00082082,0.00006058,0.00002808,-0.00002965,12:29:18..066,,,,
12:29:18..181,7.75206351,-0.001549,0.00006471,0.00062516,0.00044223,-0.00014798,0.00082049,0.00006027,0.00002789,-0.00002914,12:29:18..225,,,,
12:29:18..233,7.66931967,-0.001549,0.00006461,0.0006252,0.00044244,-0.00014764,0.00082091,0.00006025,0.00002851,-0.00002912,12:29:18..225,,,,
12:29:18..267,7.83480735,-0.001639,0.00006467,0.00062522,0.00044213,-0.00014811,0.00081985,0.00006034,0.00002794,-0.00003001,12:29:18..268,,,,
12:29:18..344,7.7055201,-0.001639,0.00006465,0.00062503,0.00044253,-0.00014792,0.00082059,0.00006022,0.00002778,-0.00002962,12:29:18..405,,,,
12:29:18..415,7.62794775,-0.001639,0.00006536,0.000625,0.00044237,-0.00014777,0.00082061,0.00006067,0.00002832,-0.00002964,12:29:18..405,,,,
12:29:18..449,7.78309245,-0.00157,0.00006533,0.00062513,0.00044237,-0.00014779,0.00082038,0.00006046,0.00002822,-0.00002951,12:29:18..512,,,,
12:29:18..592,7.66931967,-0.00157,0.00006476,0.00062519,0.00044274,-0.00014767,0.00082045,0.00006042,0.00002809,-0.00002952,12:29:18..589,,,,
12:29:18..624,7.63829073,-0.0016,0.00006435,0.00062469,0.00044254,-0.00014805,0.00081971,0.00006002,0.00002829,-0.00002941,12:29:18..632,,,,
12:29:18..774,7.64346222,-0.0016,0.00006473,0.00062525,0.00044308,-0.00014785,0.0008203,0.00006039,0.00002774,-0.00002969,12:29:18..771,,,,
12:29:18..805,7.56588987,-0.002044,0.00006481,0.00062477,0.00044342,-0.00014788,0.00082013,0.00006038,0.00002787,-0.0000297,12:29:18..814,,,,
12:29:18..912,7.54003242,-0.002044,0.00006486,0.00062522,0.00044295,-0.00014781,0.00082042,0.00006011,0.00002863,-0.00002928,12:29:18..955,,,,
12:29:18..961,7.57106136,-0.002044,0.00006503,0.00062559,0.00044319,-0.00014777,0.00082014,0.00005998,0.00002838,-0.00002965,12:29:18..955,,,,
12:29:18..994,7.52968944,-0.002447,0.00006435,0.00062546,0.00044283,-0.00014781,0.00082011,0.0000608,0.00002819,-0.00002984,12:29:18..998,,,,
12:29:19..125,7.48831752,-0.002447,0.00006447,0.00062494,0.00044299,-0.00014796,0.00081985,0.00006044,0.00002864,-0.00002948,12:29:19..122,,,,
12:29:19..156,7.46246007,-0.002482,0.00006446,0.00062512,0.00044293,-0.00014789,0.00082022,0.00005997,0.00002819,-0.00003005,12:29:19..167,,,,
12:29:19..272,7.44177411,-0.002482,0.00006466,0.00062513,0.00044298,-0.00014852,0.00081963,0.00006044,0.00002849,-0.00002938,12:29:19..268,,,,
12:29:19..305,7.48314603,-0.002379,0.00006482,0.00062571,0.00044326,-0.00014818,0.0008199,0.00006042,0.00002804,-0.00002937,12:29:19..268,,,,
12:29:19..388,7.41074517,-0.002379,0.00006482,0.00062468,0.00044274,-0.00014809,0.00081997,0.00006011,0.00002858,-0.00002951,12:29:19..435,,,,
12:29:19..444,7.55554689,-0.002379,0.00006454,0.00062534,0.00044251,-0.00014796,0.00081972,0.00006016,0.00002863,-0.00002971,12:29:19..435,,,,
12:29:19..477,7.18319961,-0.002415,0.00006462,0.00062539,0.0004433,-0.00014809,0.00081985,0.00006021,0.00002862,-0.00002964,12:29:19..479,,,,
12:29:19..586,7.28662941,-0.002415,0.00006457,0.0006252,0.0004433,-0.000148,0.00081941,0.00006035,0.00002845,-0.00002965,12:29:19..583,,,,
12:29:19..617,7.25560047,-0.002278,0.00006488,0.00062574,0.00044305,-0.00014761,0.00081961,0.00006019,0.0000287,-0.0000295,12:29:19..583,,,,
12:29:19..740,7.32282984,-0.002278,0.00006467,0.00062551,0.00044337,-0.00014794,0.00081994,0.00006047,0.00002898,-0.00002948,12:29:19..772,,,,
12:29:19..814,7.30731537,-0.002093,0.00006422,0.00062529,0.00044322,-0.00014855,0.00081973,0.00006021,0.00002846,-0.00002982,12:29:19..814,,,,
12:29:19..847,7.22974302,-0.002051,0.00006438,0.00062565,0.00044303,-0.00014833,0.00081938,0.00005973,0.00002848,-0.00002947,12:29:19..857,,,,
12:29:19..948,7.14182769,-0.002068,0.00006506,0.00062549,0.0004431,-0.00014824,0.00081931,0.00006014,0.00002889,-0.00002999,12:29:20..018,,,,
12:29:20..070,7.22457153,-0.002068,0.00006456,0.00062537,0.0004433,-0.00014834,0.0008195,0.00005986,0.00002866,-0.00002988,12:29:20..068,,,,
12:29:20..105,7.12114173,-0.002091,0.00006514,0.00062554,0.00044349,-0.00014795,0.00081949,0.00006024,0.0000292,-0.00002997,12:29:20..110,,,,
12:29:20..142,7.1366562,-0.002112,0.00006498,0.00062557,0.00044355,-0.00014809,0.00081953,0.00006043,0.00002895,-0.0000294,12:29:20..214,,,,
12:29:20..233,7.10045577,-0.002112,0.00006463,0.00062521,0.00044282,-0.00014849,0.00081924,0.00006029,0.00002859,-0.00003027,12:29:20..214,,,,
12:29:20..266,7.01771193,-0.002284,0.0000644,0.00062544,0.00044269,-0.00014804,0.00081923,0.00005999,0.00002852,-0.00003,12:29:20..360,,,,
12:29:20..459,7.01254044,-0.002284,0.0000648,0.00062491,0.00044287,-0.00014843,0.00081885,0.0000602,0.00002921,-0.00002976,12:29:20..455,,,,
12:29:20..491,7.06425534,-0.002416,0.00006486,0.00062568,0.00044284,-0.00014799,0.00081914,0.00006073,0.00002881,-0.00003032,12:29:20..499,,,,
12:29:20..670,6.95565405,-0.002416,0.00006474,0.00062499,0.00044239,-0.00014808,0.00081922,0.00006032,0.00002936,-0.0000304,12:29:20..669,,,,
12:29:20..705,6.97634001,-0.002193,0.0000652,0.0006252,0.00044284,-0.00014835,0.00081924,0.00006051,0.00002921,-0.00003033,12:29:20..712,,,,
12:29:20..852,6.99185448,-0.002006,0.00006534,0.00062507,0.00044315,-0.00014814,0.00081941,0.00006058,0.00002916,-0.00003003,12:29:20..895,,,,
12:29:20..917,6.92462511,-0.002002,0.00006473,0.00062527,0.0004433,-0.00014755,0.00081947,0.0000605,0.00002916,-0.00002988,12:29:20..959,,,,
12:29:20..975,6.96599703,-0.002002,0.00006516,0.00062513,0.00044331,-0.00014801,0.00081943,0.00006039,0.00002898,-0.00002944,12:29:20..959,,,,
12:29:21..010,6.96082554,-0.002039,0.00006496,0.00062522,0.000443,-0.0001484,0.00081975,0.00006025,0.00002899,-0.00002984,12:29:21..002,,,,
12:29:21..044,6.90911064,-0.002024,0.00006482,0.00062537,0.0004431,-0.0001477,0.00081951,0.00006025,0.0000288,-0.00002986,12:29:21..111,,,,
12:29:21..129,6.94013958,-0.002007,0.00006527,0.0006252,0.00044292,-0.00014807,0.00081963,0.00006016,0.00002914,-0.00002957,12:29:21..153,,,,
12:29:21..215,7.00736895,-0.002007,0.00006478,0.00062522,0.0004433,-0.00014779,0.00081924,0.00006016,0.00002874,-0.00002962,12:29:21..214,,,,
12:29:21..252,6.91428213,-0.002007,0.00006527,0.00062508,0.00044333,-0.00014809,0.00081932,0.0000603,0.00002876,-0.00002987,12:29:21..214,,,,
12:29:21..285,7.09528428,-0.002116,0.00006455,0.00062457,0.00044286,-0.00014823,0.00081956,0.00005994,0.000029,-0.00002991,12:29:21..258,,,,
12:29:21..318,7.13148471,-0.002135,0.00006472,0.00062489,0.00044332,-0.00014822,0.00081952,0.00006008,0.00002893,-0.00002953,12:29:21..300,,,,
12:29:21..409,6.94013958,-0.002082,0.00006499,0.00062514,0.00044335,-0.00014803,0.00081909,0.00005996,0.00002922,-0.00003013,12:29:21..451,,,,
12:29:21..502,7.00219746,-0.002051,0.00006492,0.00062527,0.00044329,-0.00014812,0.00081958,0.00005982,0.00002903,-0.00002985,12:29:21..552,,,,
12:29:21..562,6.97116852,-0.002051,0.00006513,0.00062517,0.00044345,-0.00014835,0.00081959,0.00005959,0.00002924,-0.0000299,12:29:21..552,,,,
12:29:21..595,6.90393915,-0.002013,0.00006472,0.00062479,0.00044357,-0.00014779,0.00081976,0.00006023,0.00002942,-0.00002969,12:29:21..597,,,,
12:29:21..663,6.97116852,-0.001978,0.00006478,0.00062497,0.00044332,-0.00014761,0.00081973,0.00006055,0.0000292,-0.0000295,12:29:21..727,,,,
12:29:21..740,7.02805491,-0.001947,0.00006462,0.0006249,0.00044392,-0.00014777,0.00081973,0.00006012,0.00002933,-0.00002974,12:29:21..771,,,,
12:29:21..801,6.96599703,-0.001883,0.00006518,0.00062504,0.00044336,-0.0001481,0.00081961,0.0000604,0.00002929,-0.00002961,12:29:21..816,,,,
12:29:21..835,6.96599703,-0.001883,0.00006455,0.0006254,0.00044345,-0.00014797,0.00081992,0.00006039,0.00002933,-0.00002958,12:29:21..816,,,,
12:29:21..868,6.91428213,-0.001766,0.00006498,0.000625,0.0004436,-0.00014787,0.00082011,0.00006005,0.00002934,-0.00002929,12:29:21..934,,,,
12:29:21..936,6.96082554,-0.00166,0.00006423,0.00062522,0.00044325,-0.00014783,0.00082006,0.00006014,0.00002903,-0.00002968,12:29:21..978,,,,
12:29:22..030,7.06425534,-0.00166,0.00006457,0.00062489,0.00044353,-0.00014804,0.00081988,0.00005995,0.00002906,-0.00002985,12:29:22..030,,,,
