Time,Pressure,Flow Rate (ml/s),Force 1,Force 2,Force 3,Force 4,Force 5,Force 6,Force 7,Force 8,Flow Meter Time,,,, 
13:34:20..093,4.27682223,0.003011,-0.00001606,0.00058201,0.00045067,-0.00014602,0.00076762,0.00002992,-0.00002782,-0.00002474,13:34:20..109,,,,
13:34:20..172,4.27165074,0.003011,-0.00001611,0.0005818,0.00045024,-0.00014634,0.00076779,0.00003039,-0.00002768,-0.00002481,13:34:20..170,,,,
13:34:20..204,4.31819415,0.002789,-0.0000162,0.00058181,0.0004508,-0.00014612,0.00076792,0.00002997,-0.00002825,-0.00002482,13:34:20..213,,,,
13:34:20..285,4.27682223,0.002551,-0.00001601,0.00058139,0.00045001,-0.00014665,0.00076733,0.00002965,-0.0000278,-0.00002486,13:34:20..294,,,,
13:34:20..342,4.26130776,0.002551,-0.00001549,0.00058239,0.00045047,-0.00014617,0.00076772,0.00002995,-0.00002784,-0.00002518,13:34:20..294,,,,
13:34:20..376,4.26130776,0.002431,-0.00001637,0.00058186,0.0004504,-0.0001465,0.0007678,0.00002998,-0.00002754,-0.0000247,13:34:20..387,,,,
13:34:20..447,4.25613627,0.002458,-0.00001624,0.00058231,0.00045038,-0.00014621,0.00076729,0.0000299,-0.00002794,-0.00002516,13:34:20..488,,,,
13:34:20..525,4.26130776,0.002486,-0.00001574,0.00058155,0.00045042,-0.00014651,0.00076779,0.00003007,-0.00002739,-0.00002431,13:34:20..532,,,,
13:34:20..558,4.27682223,0.002486,-0.00001656,0.00058203,0.00045031,-0.00014589,0.00076814,0.00003017,-0.00002796,-0.00002496,13:34:20..532,,,,
13:34:20..592,4.24579329,0.002666,-0.00001608,0.00058161,0.00045035,-0.00014632,0.00076757,0.00002981,-0.00002806,-0.00002494,13:34:20..651,,,,
13:34:20..705,4.23545031,0.002666,-0.00001617,0.00058221,0.00045024,-0.00014587,0.00076753,0.0000299,-0.00002818,-0.00002493,13:34:20..651,,,,
13:34:20..737,4.31302266,0.002666,-0.00001605,0.0005815,0.00045019,-0.00014685,0.00076779,0.00002964,-0.00002777,-0.00002507,13:34:20..705,,,,
13:34:20..771,4.27682223,0.002588,-0.00001621,0.00058194,0.00045033,-0.00014622,0.00076813,0.00003023,-0.00002789,-0.00002499,13:34:20..821,,,,
13:34:20..874,4.25096478,0.002588,-0.00001569,0.00058193,0.00045042,-0.00014659,0.00076805,0.00002996,-0.00002776,-0.00002498,13:34:20..874,,,,
13:34:20..905,4.2923367,0.002501,-0.00001573,0.00058171,0.00045034,-0.00014626,0.0007679,0.00003,-0.00002769,-0.00002494,13:34:20..917,,,,
13:34:21..020,4.24579329,0.002501,-0.00001588,0.00058211,0.00045048,-0.00014629,0.00076738,0.00002991,-0.00002768,-0.00002429,13:34:21..018,,,,
13:34:21..052,4.30785117,0.002502,-0.00001628,0.00058172,0.00045009,-0.0001461,0.00076825,0.00002997,-0.00002798,-0.0000247,13:34:21..063,,,,
13:34:21..188,4.28716521,0.002502,-0.00001635,0.00058214,0.00045014,-0.00014625,0.00076761,0.00002998,-0.00002801,-0.0000247,13:34:21..186,,,,
13:34:21..220,4.29750819,0.002502,-0.00001587,0.00058229,0.00045033,-0.0001464,0.00076767,0.0000299,-0.00002839,-0.00002499,13:34:21..186,,,,
13:34:21..255,4.29750819,0.002636,-0.00001592,0.00058205,0.00045017,-0.00014645,0.00076763,0.00002993,-0.00002803,-0.00002499,13:34:21..298,,,,
13:34:21..350,4.2406218,0.002636,-0.00001621,0.00058184,0.00045077,-0.00014585,0.00076741,0.00002997,-0.00002787,-0.00002487,13:34:21..348,,,,
13:34:21..381,4.27682223,0.002646,-0.00001559,0.00058189,0.00045022,-0.00014652,0.00076763,0.00003039,-0.00002807,-0.00002475,13:34:21..348,,,,
13:34:21..460,4.2406218,0.002646,-0.00001641,0.00058225,0.00045019,-0.00014606,0.00076776,0.00003005,-0.00002814,-0.00002497,13:34:21..499,,,,
13:34:21..511,4.34922309,0.002646,-0.00001589,0.00058181,0.0004504,-0.00014617,0.00076761,0.00002996,-0.00002804,-0.00002484,13:34:21..499,,,,
13:34:21..545,4.27682223,0.002778,-0.00001639,0.00058186,0.00045037,-0.00014596,0.0007672,0.00002968,-0.00002804,-0.00002497,13:34:21..598,,,,
13:34:21..644,4.33370862,0.002812,-0.00001627,0.00058206,0.00044956,-0.00014663,0.00076786,0.00002963,-0.0000274,-0.00002487,13:34:21..643,,,,
13:34:21..675,4.32853713,0.002812,-0.00001615,0.00058172,0.00045055,-0.00014591,0.00076802,0.00002984,-0.00002806,-0.00002491,13:34:21..643,,,,
13:34:21..710,4.36990905,0.002922,-0.00001591,0.00058219,0.0004507,-0.00014618,0.00076786,0.0000301,-0.00002769,-0.00002515,13:34:21..745,,,,
13:34:21..799,4.28199372,0.002922,-0.00001589,0.00058202,0.00045017,-0.00014667,0.00076756,0.00003044,-0.00002782,-0.00002484,13:34:21..745,,,,
13:34:21..830,4.27165074,0.003019,-0.00001653,0.00058225,0.00045007,-0.00014626,0.00076766,0.00002982,-0.00002798,-0.00002501,13:34:21..842,,,,
13:34:21..890,4.27682223,0.003056,-0.0000161,0.0005818,0.00045031,-0.00014678,0.00076771,0.00003011,-0.00002781,-0.00002506,13:34:21..932,,,,
13:34:22..005,4.28199372,0.003056,-0.00001619,0.00058202,0.00045026,-0.00014639,0.00076787,0.00003017,-0.00002775,-0.00002492,13:34:22..006,,,,
13:34:22..039,4.30267968,0.003068,-0.00001586,0.00058213,0.00045028,-0.00014615,0.00076772,0.00002991,-0.0000279,-0.00002469,13:34:22..051,,,,
13:34:22..134,4.27165074,0.003068,-0.0000159,0.00058157,0.00044995,-0.00014666,0.00076769,0.00002985,-0.00002791,-0.00002515,13:34:22..133,,,,
13:34:22..165,4.29750819,0.003111,-0.00001588,0.00058157,0.0004502,-0.00014624,0.00076771,0.00003015,-0.00002758,-0.00002488,13:34:22..176,,,,
13:34:22..223,4.32853713,0.003111,-0.000016,0.00058237,0.00045026,-0.00014605,0.00076805,0.00003025,-0.00002813,-0.00002517,13:34:22..221,,,,
13:34:22..260,4.2923367,0.003111,-0.00001598,0.00058202,0.00045052,-0.00014657,0.00076777,0.00002968,-0.00002763,-0.0000249,13:34:22..221,,,,
13:34:22..294,4.21993584,0.003123,-0.00001639,0.00058172,0.00045,-0.00014665,0.00076806,0.00003003,-0.0000277,-0.00002518,13:34:22..309,,,,
13:34:22..417,4.20959286,0.003123,-0.00001616,0.00058224,0.00045051,-0.00014602,0.00076747,0.00003037,-0.00002784,-0.00002514,13:34:22..415,,,,
13:34:22..448,4.24579329,0.003138,-0.00001599,0.0005823,0.00045033,-0.0001459,0.00076776,0.00002966,-0.00002804,-0.00002485,13:34:22..459,,,,
13:34:22..504,4.41128097,0.003449,-0.00001614,0.000582,0.00045021,-0.00014624,0.00076796,0.00003028,-0.00002793,-0.00002452,13:34:22..548,,,,
13:34:22..615,16.97800167,0.003449,-0.00001589,0.00058196,0.00045036,-0.00014629,0.00076743,0.00002954,-0.00002759,-0.00002486,13:34:22..618,,,,
13:34:22..648,6.86773872,0.005494,-0.00001591,0.00058159,0.00044982,-0.00014674,0.00076766,0.00002986,-0.00002804,-0.00002516,13:34:22..661,,,,
13:34:22..732,6.80568084,0.005494,-0.00001575,0.00058225,0.00045072,-0.00014637,0.00076776,0.00003001,-0.00002787,-0.00002464,13:34:22..735,,,,
13:34:22..765,2.07376749,0.013164,-0.00001613,0.00058291,0.0004502,-0.00014594,0.00076823,0.00002986,-0.00002787,-0.00002445,13:34:22..735,,,,
13:34:22..861,7.59174732,0.013164,-0.00001614,0.00058264,0.0004503,-0.00014645,0.00076783,0.00003016,-0.00002774,-0.00002478,13:34:22..913,,,,
13:34:22..923,22.40289468,0.013164,-0.00001601,0.00058302,0.00045021,-0.00014622,0.00076767,0.00002958,-0.00002802,-0.000025,13:34:22..913,,,,
13:34:22..956,17.87784093,0.034462,-0.0000162,0.000586,0.00045056,-0.00014548,0.00076892,0.00002985,-0.00002765,-0.00002116,13:34:22..998,,,,
13:34:23..133,18.55530612,0.034462,-0.00001546,0.00058609,0.00045048,-0.00014556,0.00076881,0.00003014,-0.0000278,-0.0000216,13:34:22..998,,,,
13:34:23..166,16.73494164,0.071864,-0.00001441,0.0005926,0.00045159,-0.00014431,0.00077019,0.00002969,-0.00002796,-0.00001919,13:34:23..177,,,,
13:34:23..272,15.90233175,0.104993,-0.0000146,0.0005918,0.00045147,-0.00014465,0.00077053,0.00003024,-0.00002813,-0.00001936,13:34:23..329,,,,
13:34:23..391,14.33019879,0.104993,-0.0000149,0.0005925,0.00045121,-0.00014417,0.00077074,0.00002933,-0.00002829,-0.00001955,13:34:23..391,,,,
13:34:23..427,14.70771756,0.127078,-0.00001292,0.0005963,0.00045123,-0.00014267,0.00077266,0.0000295,-0.00002893,-0.00001699,13:34:23..433,,,,
13:34:23..533,14.93526312,0.158224,-0.00001312,0.00059659,0.00045123,-0.0001425,0.00077266,0.00002969,-0.00002891,-0.00001768,13:34:23..585,,,,
13:34:23..632,14.41811412,0.158224,-0.00001323,0.00059625,0.00045084,-0.00014293,0.00077264,0.0000296,-0.00002878,-0.00001639,13:34:23..631,,,,
13:34:23..667,14.57843031,0.177246,-0.0000116,0.00059812,0.00045201,-0.00014097,0.00077382,0.00002933,-0.00002862,-0.00001471,13:34:23..675,,,,
13:34:23..774,14.60945925,0.177246,-0.0000112,0.00059832,0.0004519,-0.00014117,0.00077409,0.0000298,-0.00002893,-0.00001476,13:34:23..822,,,,
13:34:23..840,14.74391799,0.177246,-0.0000117,0.00059855,0.00045252,-0.00014052,0.00077422,0.00002979,-0.000029,-0.00001418,13:34:23..822,,,,
13:34:23..873,14.41294263,0.209868,-0.00001094,0.00059896,0.00045218,-0.00014142,0.00077471,0.00003046,-0.00002855,-0.0000134,13:34:23..910,,,,
13:34:24..045,14.57325882,0.209868,-0.0000104,0.00059933,0.0004525,-0.00014075,0.00077485,0.00003114,-0.00002806,-0.00001299,13:34:23..910,,,,
13:34:24..076,14.40259965,0.235188,-0.00000956,0.00060013,0.00045207,-0.00014155,0.00077558,0.00003155,-0.00002841,-0.00001207,13:34:24..045,,,,
13:34:24..155,14.52671541,0.235188,-0.0000093,0.00060047,0.00045204,-0.00014125,0.00077569,0.00003129,-0.00002843,-0.00001217,13:34:24..202,,,,
13:34:24..235,14.64565968,0.235188,-0.00000958,0.00060024,0.00045206,-0.00014129,0.00077506,0.00003112,-0.00002824,-0.00001226,13:34:24..202,,,,
13:34:24..268,14.80597587,0.254159,-0.00000884,0.00060062,0.00045178,-0.00014081,0.00077655,0.00003187,-0.00002743,-0.00001124,13:34:24..244,,,,
13:34:24..363,14.56808733,0.254159,-0.0000088,0.00060082,0.00045255,-0.00014014,0.00077652,0.00003198,-0.00002787,-0.00001078,13:34:24..397,,,,
13:34:24..405,14.48534349,0.254159,-0.00000879,0.00060024,0.00045172,-0.00014077,0.00077635,0.00003173,-0.00002781,-0.00001154,13:34:24..397,,,,
13:34:24..437,14.96112057,0.265105,-0.00000868,0.00060123,0.00045145,-0.00014084,0.00077736,0.00003243,-0.0000272,-0.00001059,13:34:24..439,,,,
13:34:24..520,14.84734779,0.265105,-0.00000863,0.00060157,0.0004515,-0.00014083,0.0007771,0.00003232,-0.00002726,-0.00001107,13:34:24..553,,,,
13:34:24..570,14.83700481,0.265105,-0.00000877,0.00060116,0.00045143,-0.0001407,0.00077685,0.00003242,-0.00002786,-0.00001136,13:34:24..553,,,,
13:34:24..604,14.40259965,0.275862,-0.00000863,0.00060163,0.00045197,-0.0001404,0.00077785,0.00003288,-0.00002655,-0.00001066,13:34:24..639,,,,
13:34:24..726,14.66117415,0.275862,-0.00000797,0.00060129,0.00045127,-0.0001406,0.00077824,0.00003273,-0.00002656,-0.00001049,13:34:24..728,,,,
13:34:24..761,14.75943246,0.275862,-0.00000807,0.00060132,0.00045156,-0.0001403,0.00077767,0.00003259,-0.00002733,-0.00001063,13:34:24..728,,,,
13:34:24..795,14.9456061,0.281412,-0.00000698,0.00060274,0.00045131,-0.00013975,0.00077789,0.00003326,-0.00002703,-0.00000956,13:34:24..817,,,,
13:34:24..919,14.91974865,0.281412,-0.00000661,0.00060289,0.00045146,-0.00014008,0.00077834,0.00003327,-0.00002677,-0.00000975,13:34:24..917,,,,
13:34:24..951,14.80080438,0.285638,-0.00000693,0.00060302,0.00045092,-0.00013959,0.00077866,0.00003358,-0.00002716,-0.00001091,13:34:24..917,,,,
13:34:25..023,14.71806054,0.287868,-0.0000065,0.00060261,0.0004511,-0.00013954,0.00077858,0.0000339,-0.00002706,-0.00001036,13:34:25..065,,,,
13:34:25..120,14.75426097,0.287868,-0.00000731,0.00060286,0.0004515,-0.00013953,0.00077824,0.00003385,-0.00002684,-0.0000101,13:34:25..122,,,,
13:34:25..155,14.71288905,0.289587,-0.00000694,0.00060353,0.00045135,-0.00013906,0.00077882,0.00003395,-0.00002621,-0.00000906,13:34:25..122,,,,
13:34:25..234,14.89906269,0.289587,-0.00000616,0.00060332,0.00045158,-0.00013931,0.00077864,0.0000338,-0.00002595,-0.00000917,13:34:25..286,,,,
13:34:25..294,14.91457716,0.289587,-0.00000692,0.00060335,0.0004515,-0.00013965,0.00077921,0.00003367,-0.00002637,-0.00000921,13:34:25..286,,,,
13:34:25..327,14.71806054,0.291905,-0.00000594,0.00060366,0.00045166,-0.00013914,0.00077928,0.0000341,-0.00002616,-0.00000816,13:34:25..286,,,,
13:34:25..391,14.91974865,0.293035,-0.00000611,0.00060386,0.00045199,-0.00013853,0.0007792,0.00003413,-0.00002625,-0.00000873,13:34:25..437,,,,
13:34:25..488,14.96112057,0.293035,-0.00000597,0.00060415,0.00045171,-0.00013926,0.00077994,0.00003462,-0.00002577,-0.00000829,13:34:25..487,,,,
13:34:25..521,15.02317845,0.294007,-0.00000545,0.00060472,0.00045172,-0.00013848,0.00078019,0.0000345,-0.00002589,-0.00000896,13:34:25..529,,,,
13:34:25..585,14.89906269,0.294007,-0.00000574,0.00060411,0.0004513,-0.00013914,0.00078005,0.00003471,-0.00002561,-0.00000939,13:34:25..637,,,,
13:34:25..651,14.91457716,0.294007,-0.00000601,0.0006041,0.00045111,-0.00013905,0.00077989,0.00003441,-0.00002585,-0.00000895,13:34:25..637,,,,
13:34:25..685,15.21452358,0.295367,-0.00000531,0.000605,0.00045223,-0.00013877,0.00078036,0.00003457,-0.00002535,-0.00000754,13:34:25..724,,,,
13:34:25..837,14.80597587,0.295367,-0.00000543,0.00060526,0.00045232,-0.00013859,0.00077971,0.0000349,-0.00002552,-0.00000742,13:34:25..835,,,,
13:34:25..869,15.06455037,0.295783,-0.00000518,0.00060487,0.00045214,-0.00013887,0.00078049,0.0000351,-0.00002467,-0.00000801,13:34:25..880,,,,
13:34:25..968,14.80080438,0.295783,-0.00000534,0.00060545,0.00045173,-0.00013832,0.00078065,0.00003502,-0.00002537,-0.00000765,13:34:26..017,,,,
13:34:26..022,15.01800696,0.295783,-0.00000526,0.00060435,0.00045158,-0.00013881,0.00078068,0.0000354,-0.00002508,-0.00000769,13:34:26..017,,,,
13:34:26..055,15.00766398,0.295785,-0.00000565,0.00060503,0.00045156,-0.00013811,0.00078146,0.00003584,-0.00002468,-0.00000774,13:34:26..017,,,,
13:34:26..138,15.00766398,0.295785,-0.00000548,0.0006053,0.00045171,-0.0001382,0.0007814,0.0000351,-0.00002477,-0.00000802,13:34:26..172,,,,
13:34:26..180,14.93009163,0.295785,-0.00000527,0.0006052,0.00045166,-0.00013839,0.00078139,0.00003515,-0.00002473,-0.00000767,13:34:26..172,,,,
13:34:26..213,15.05937888,0.295805,-0.00000474,0.00060601,0.00045168,-0.00013869,0.00078181,0.00003551,-0.00002489,-0.0000075,13:34:26..215,,,,
13:34:26..298,15.10592229,0.295992,-0.00000458,0.0006057,0.00045109,-0.00013968,0.00078198,0.0000355,-0.00002486,-0.00000721,13:34:26..336,,,,
13:34:26..382,15.14212272,0.295992,-0.00000476,0.00060611,0.0004512,-0.00013865,0.00078171,0.00003572,-0.00002527,-0.00000735,13:34:26..382,,,,
13:34:26..418,15.21969507,0.296085,-0.00000452,0.000606,0.00045087,-0.00013858,0.00078196,0.00003595,-0.00002396,-0.00000655,13:34:26..382,,,,
13:34:26..480,15.54549894,0.296085,-0.0000045,0.00060551,0.00045046,-0.00013862,0.00078181,0.00003626,-0.00002461,-0.00000605,13:34:26..534,,,,
13:34:26..551,14.83183332,0.296085,-0.00000399,0.00060617,0.00045026,-0.00013866,0.0007821,0.00003643,-0.00002427,-0.00000581,13:34:26..534,,,,
13:34:26..583,15.33863934,0.296249,-0.00000399,0.00060654,0.00045078,-0.00013912,0.00078207,0.00003617,-0.00002402,-0.00000616,13:34:26..621,,,,
13:34:26..716,15.24555252,0.296249,-0.00000422,0.00060723,0.00045091,-0.00013878,0.00078231,0.00003646,-0.00002421,-0.00000658,13:34:26..715,,,,
13:34:26..748,15.45241212,0.296271,-0.00000383,0.00060779,0.00045068,-0.0001395,0.00078321,0.00003693,-0.00002452,-0.0000065,13:34:26..715,,,,
13:34:26..827,15.34381083,0.296271,-0.00000363,0.00060802,0.00045095,-0.0001394,0.00078295,0.00003714,-0.00002393,-0.00000648,13:34:26..870,,,,
13:34:26..878,15.19900911,0.296271,-0.00000399,0.00060761,0.00045044,-0.00013938,0.00078266,0.00003714,-0.00002423,-0.00000685,13:34:26..870,,,,
13:34:26..911,15.17315166,0.296193,-0.00000357,0.00060758,0.00045017,-0.00013882,0.00078292,0.00003748,-0.0000243,-0.00000541,13:34:26..914,,,,
13:34:27..052,15.49895553,0.296193,-0.00000392,0.00060751,0.00045015,-0.00013895,0.00078334,0.00003759,-0.00002397,-0.00000544,13:34:27..050,,,,
13:34:27..085,15.33346785,0.295616,-0.00000297,0.00060784,0.0004489,-0.00013921,0.00078332,0.00003775,-0.00002407,-0.00000594,13:34:27..092,,,,
13:34:27..216,15.39035424,0.295616,-0.00000233,0.00060862,0.00044968,-0.00013878,0.00078354,0.0000378,-0.00002392,-0.00000563,13:34:27..214,,,,
13:34:27..249,15.37483977,0.294936,-0.00000197,0.00060897,0.00044994,-0.00013875,0.00078369,0.00003836,-0.00002386,-0.00000624,13:34:27..214,,,,
13:34:27..325,15.39035424,0.294936,-0.0000018,0.00060915,0.00044942,-0.00013888,0.00078335,0.00003836,-0.00002403,-0.00000582,13:34:27..364,,,,
13:34:27..372,15.51447,0.294936,-0.0000024,0.00060907,0.00044964,-0.00013863,0.00078353,0.00003809,-0.00002437,-0.00000592,13:34:27..364,,,,
13:34:27..406,15.51447,0.294573,-0.00000203,0.00060903,0.00044957,-0.00013884,0.00078341,0.00003798,-0.0000244,-0.00000494,13:34:27..407,,,,
13:34:27..544,15.52998447,0.294573,-0.00000185,0.00060918,0.00044961,-0.00013885,0.00078394,0.00003834,-0.00002415,-0.00000482,13:34:27..542,,,,
13:34:27..576,15.43172616,0.294152,-0.00000153,0.00060944,0.00045016,-0.00013828,0.00078378,0.00003855,-0.00002398,-0.00000556,13:34:27..585,,,,
13:34:27..693,15.57135639,0.294152,-0.0000019,0.00060879,0.00044937,-0.0001393,0.00078354,0.00003854,-0.00002416,-0.0000049,13:34:27..691,,,,
13:34:27..724,15.73167258,0.293778,-0.00000166,0.00061021,0.00044947,-0.00013861,0.00078433,0.00003978,-0.00002386,-0.00000503,13:34:27..691,,,,
13:34:27..783,15.50929851,0.293778,-0.00000157,0.00061073,0.00044965,-0.0001384,0.00078466,0.00003932,-0.00002428,-0.00000522,13:34:27..826,,,,
13:34:27..839,15.90233175,0.293778,-0.00000106,0.00060958,0.00044944,-0.0001388,0.00078424,0.00003945,-0.00002393,-0.00000497,13:34:27..826,,,,
13:34:27..873,15.76787301,0.293705,-0.0000008,0.00061037,0.00044947,-0.0001386,0.0007844,0.00003979,-0.00002405,-0.00000507,13:34:27..912,,,,
13:34:28..010,15.98507559,0.293705,-0.00000068,0.00061038,0.00044933,-0.00013837,0.00078447,0.00003992,-0.00002433,-0.00000514,13:34:28..010,,,,
13:34:28..042,15.85061685,0.293635,-0.00000036,0.00061173,0.00044878,-0.00013846,0.00078546,0.00004026,-0.0000238,-0.00000453,13:34:28..010,,,,
13:34:28..089,16.0833339,0.293635,-0.00000042,0.00061195,0.00044907,-0.00013831,0.00078537,0.00004038,-0.00002408,-0.00000448,13:34:28..144,,,,
13:34:28..157,15.81958791,0.293635,-0.00000044,0.00061166,0.00044873,-0.00013892,0.00078499,0.00004012,-0.0000238,-0.00000419,13:34:28..144,,,,
13:34:28..191,16.24882158,0.293199,0.00000033,0.00061268,0.00044916,-0.00013776,0.00078483,0.00004029,-0.00002387,-0.00000365,13:34:28..250,,,,
13:34:28..308,16.17642072,0.293199,-0.00000008,0.00061243,0.0004486,-0.00013839,0.00078493,0.00004069,-0.00002417,-0.0000038,13:34:28..250,,,,
13:34:28..340,16.11436284,0.292871,0.000001,0.0006141,0.00044932,-0.00013787,0.00078519,0.00004108,-0.00002415,-0.00000383,13:34:28..308,,,,
13:34:28..388,15.99024708,0.292871,0.00000059,0.0006137,0.00044914,-0.00013804,0.00078538,0.00004077,-0.00002424,-0.00000413,13:34:28..423,,,,
13:34:28..438,16.32639393,0.292871,0.00000114,0.00061352,0.00044931,-0.00013757,0.00078573,0.00004122,-0.00002394,-0.00000391,13:34:28..423,,,,
13:34:28..470,16.56428247,0.292192,0.00000095,0.00061408,0.00044914,-0.00013887,0.00078579,0.00004145,-0.00002434,-0.00000335,13:34:28..510,,,,
13:34:28..541,16.41948075,0.291956,0.0000011,0.00061422,0.00044884,-0.00013817,0.00078576,0.00004134,-0.00002412,-0.00000339,13:34:28..553,,,,
13:34:28..590,16.40396628,0.291956,0.00000097,0.00061439,0.00044887,-0.0001384,0.00078574,0.00004137,-0.00002406,-0.00000379,13:34:28..553,,,,
13:34:28..624,16.52291055,0.291523,0.00000148,0.00061512,0.00044914,-0.00013866,0.00078636,0.00004172,-0.00002398,-0.00000345,13:34:28..641,,,,
13:34:28..752,16.47119565,0.291523,0.0000017,0.0006153,0.00044938,-0.00013835,0.00078697,0.00004222,-0.00002391,-0.00000312,13:34:28..752,,,,
13:34:28..785,16.548768,0.290987,0.00000181,0.00061566,0.00044918,-0.00013802,0.0007872,0.00004223,-0.00002442,-0.00000315,13:34:28..794,,,,
13:34:28..903,16.47119565,0.290987,0.0000016,0.00061596,0.00044913,-0.00013701,0.00078677,0.00004223,-0.00002407,-0.00000279,13:34:28..901,,,,
13:34:28..934,16.61599737,0.290783,0.00000215,0.00061682,0.00044904,-0.00013764,0.00078764,0.00004329,-0.00002408,-0.00000249,13:34:28..943,,,,
13:34:29..032,16.8073425,0.290783,0.00000249,0.00061722,0.00044918,-0.00013737,0.00078726,0.00004304,-0.00002361,-0.00000237,13:34:29..092,,,,
13:34:29..100,16.86940038,0.290783,0.00000232,0.0006174,0.00044891,-0.00013781,0.00078762,0.00004316,-0.00002412,-0.00000239,13:34:29..092,,,,
13:34:29..134,16.97283018,0.290459,0.00000338,0.00061882,0.00044865,-0.00013765,0.00078815,0.00004363,-0.00002421,-0.00000245,13:34:29..135,,,,
13:34:29..248,16.93662975,0.290459,0.0000032,0.00061832,0.00044863,-0.00013779,0.0007881,0.00004392,-0.00002443,-0.00000217,13:34:29..246,,,,
13:34:29..279,17.2727766,0.290273,0.00000459,0.00062019,0.00044909,-0.00013682,0.0007886,0.00004419,-0.00002426,-0.00000208,13:34:29..289,,,,
13:34:29..371,17.19520425,0.290273,0.00000495,0.00062025,0.00044885,-0.00013717,0.00078883,0.00004459,-0.00002376,-0.00000245,13:34:29..426,,,,
13:34:29..431,17.64512388,0.290273,0.00000475,0.00062086,0.00044902,-0.00013666,0.0007887,0.00004416,-0.00002388,-0.00000238,13:34:29..426,,,,
13:34:29..466,17.45377875,0.290166,0.00000505,0.0006218,0.00044879,-0.00013712,0.00078975,0.00004511,-0.00002379,-0.00000173,13:34:29..470,,,,
13:34:29..583,17.54686557,0.290166,0.000005,0.00062196,0.00044851,-0.00013743,0.00078955,0.00004521,-0.00002411,-0.00000233,13:34:29..581,,,,
13:34:29..616,17.76923964,0.290085,0.00000636,0.00062328,0.00044901,-0.00013595,0.00079026,0.00004639,-0.00002414,-0.00000185,13:34:29..581,,,,
13:34:29..692,17.98127073,0.290085,0.00000597,0.00062293,0.00044848,-0.00013567,0.00079038,0.00004626,-0.00002387,-0.00000159,13:34:29..751,,,,
13:34:29..759,17.80026858,0.290085,0.00000618,0.00062333,0.00044877,-0.00013605,0.00079026,0.00004552,-0.00002372,-0.0000012,13:34:29..751,,,,
13:34:29..792,18.2036448,0.290061,0.00000641,0.00062525,0.00044854,-0.000136,0.00079112,0.00004721,-0.00002382,-0.00000199,13:34:29..798,,,,
13:34:29..912,18.3070746,0.290061,0.00000716,0.00062507,0.00044859,-0.00013652,0.00079112,0.00004715,-0.00002388,-0.00000117,13:34:29..910,,,,
13:34:29..945,18.31224609,0.28984,0.00000835,0.0006264,0.00044803,-0.00013672,0.0007918,0.00004784,-0.00002403,-0.00000164,13:34:29..910,,,,
13:34:30..042,18.48807675,0.28984,0.00000801,0.00062608,0.00044799,-0.00013661,0.00079207,0.00004836,-0.0000239,-0.00000151,13:34:30..103,,,,
13:34:30..126,18.4622193,0.28984,0.00000803,0.00062679,0.0004476,-0.00013637,0.00079219,0.0000477,-0.00002419,-0.0000016,13:34:30..103,,,,
13:34:30..160,18.73113678,0.289244,0.00000998,0.00062915,0.00044818,-0.0001366,0.00079351,0.00004913,-0.00002418,-0.00000162,13:34:30..191,,,,
13:34:30..295,19.01556873,0.289244,0.00000951,0.00062905,0.00044786,-0.00013664,0.00079288,0.0000486,-0.00002414,-0.00000187,13:34:30..292,,,,
13:34:30..326,19.134513,0.288741,0.00001115,0.00063149,0.00044863,-0.00013586,0.00079416,0.00005052,-0.00002436,-0.0000007,13:34:30..292,,,,
13:34:30..387,19.134513,0.288741,0.00001122,0.00063186,0.00044815,-0.00013527,0.00079418,0.00005041,-0.00002365,-0.00000044,13:34:30..436,,,,
13:34:30..444,19.26897174,0.288741,0.00001124,0.00063139,0.00044844,-0.00013551,0.00079403,0.00005024,-0.00002408,-0.00000069,13:34:30..436,,,,
13:34:30..479,19.62063306,0.287982,0.00001218,0.00063335,0.00044834,-0.00013574,0.00079541,0.00005162,-0.00002391,-0.00000081,13:34:30..545,,,,
13:34:30..608,19.53271773,0.287982,0.00001238,0.00063373,0.00044796,-0.00013578,0.00079523,0.00005232,-0.00002407,-0.00000115,13:34:30..605,,,,
13:34:30..640,19.81714968,0.287503,0.00001354,0.00063535,0.00044796,-0.00013569,0.00079658,0.00005267,-0.00002391,-0.00000082,13:34:30..605,,,,
13:34:30..709,20.04986673,0.287503,0.00001364,0.00063595,0.00044832,-0.00013498,0.00079676,0.00005303,-0.0000235,-0.00000061,13:34:30..750,,,,
13:34:30..758,20.25155484,0.287503,0.00001363,0.00063496,0.00044804,-0.00013583,0.00079659,0.00005268,-0.00002449,-0.00000073,13:34:30..750,,,,
13:34:30..791,20.45324295,0.28671,0.00001507,0.00063783,0.00044804,-0.00013495,0.00079724,0.00005391,-0.00002402,-0.00000116,13:34:30..795,,,,
13:34:30..903,20.09641014,0.28671,0.00001569,0.00063825,0.00044819,-0.00013497,0.00079739,0.00005405,-0.00002388,-0.00000087,13:34:30..901,,,,
13:34:30..936,20.8928196,0.286047,0.00001639,0.00063962,0.00044773,-0.00013504,0.00079835,0.00005552,-0.00002357,-0.00000137,13:34:30..901,,,,
13:34:31..007,20.8411047,0.286047,0.00001631,0.00063929,0.00044789,-0.00013495,0.0007984,0.00005567,-0.00002363,-0.00000083,13:34:31..052,,,,
13:34:31..088,20.76870384,0.286047,0.00001623,0.00063976,0.00044773,-0.00013448,0.00079813,0.00005507,-0.00002384,-0.00000073,13:34:31..052,,,,
13:34:31..121,21.09450771,0.284459,0.00001805,0.00064317,0.00044824,-0.00013436,0.0007999,0.00005702,-0.00002338,-0.00000145,13:34:31..094,,,,
13:34:31..197,21.13070814,0.284459,0.00001832,0.00064237,0.00044848,-0.00013472,0.00079996,0.00005746,-0.00002355,-0.00000172,13:34:31..259,,,,
13:34:31..267,21.52374138,0.284459,0.0000181,0.00064314,0.00044841,-0.00013349,0.00079977,0.00005723,-0.00002406,-0.00000134,13:34:31..259,,,,
13:34:31..301,21.53408436,0.282619,0.00001975,0.00064542,0.00044834,-0.00013437,0.00080146,0.00005943,-0.00002376,-0.0000022,13:34:31..302,,,,
13:34:31..382,21.65820012,0.282619,0.00001985,0.00064555,0.0004484,-0.00013472,0.00080124,0.0000591,-0.00002373,-0.00000221,13:34:31..424,,,,
13:34:31..433,22.23223551,0.282619,0.0000197,0.0006452,0.00044779,-0.00013477,0.00080165,0.00005959,-0.00002377,-0.0000019,13:34:31..424,,,,
13:34:31..467,22.1856921,0.281256,0.00002164,0.00064785,0.00044797,-0.00013473,0.00080301,0.00006116,-0.00002395,-0.00000174,13:34:31..469,,,,
13:34:31..567,22.32532233,0.281256,0.00002137,0.00064847,0.00044861,-0.00013351,0.00080351,0.00006073,-0.00002384,-0.00000199,13:34:31..564,,,,
13:34:31..599,22.58389683,0.279893,0.00002258,0.0006509,0.00044849,-0.00013388,0.00080351,0.00006258,-0.00002433,-0.00000302,13:34:31..564,,,,
13:34:31..687,22.6511262,0.279893,0.00002314,0.0006509,0.00044852,-0.00013406,0.00080353,0.00006259,-0.00002381,-0.00000257,13:34:31..718,,,,
13:34:31..725,23.16310371,0.279893,0.00002305,0.00065124,0.00044879,-0.00013336,0.00080347,0.00006232,-0.00002364,-0.00000253,13:34:31..718,,,,
13:34:31..759,23.07518838,0.278753,0.0000252,0.00065329,0.00044901,-0.00013391,0.00080577,0.00006505,-0.0000234,-0.00000188,13:34:31..762,,,,
13:34:31..849,23.04933093,0.278753,0.00002522,0.00065367,0.00044942,-0.00013339,0.00080544,0.00006473,-0.00002395,-0.00000206,13:34:31..900,,,,
13:34:31..920,23.49925056,0.278753,0.00002467,0.00065345,0.00044908,-0.00013392,0.00080577,0.00006457,-0.00002372,-0.00000248,13:34:31..900,,,,
13:34:31..956,24.01122807,0.277254,0.00002758,0.00065765,0.00044844,-0.00013489,0.00080693,0.00006739,-0.00002363,-0.00000337,13:34:31..987,,,,
13:34:32..086,24.31634598,0.277254,0.00002748,0.00065816,0.00044859,-0.00013376,0.00080687,0.00006696,-0.00002385,-0.00000393,13:34:32..085,,,,
13:34:32..121,24.1508583,0.276034,0.00002996,0.00066135,0.00044921,-0.00013306,0.00080945,0.00007002,-0.00002347,-0.00000414,13:34:32..130,,,,
13:34:32..246,24.54906303,0.276034,0.00002956,0.00066076,0.000449,-0.00013384,0.00080883,0.00007021,-0.00002336,-0.00000418,13:34:32..244,,,,
13:34:32..277,25.34547249,0.274272,0.00003226,0.00066467,0.00044967,-0.00013251,0.00081124,0.0000736,-0.00002367,-0.00000439,13:34:32..289,,,,
13:34:32..378,25.23169971,0.274272,0.00003216,0.00066487,0.00044994,-0.00013235,0.00081113,0.00007341,-0.00002384,-0.00000434,13:34:32..420,,,,
13:34:32..437,25.89882192,0.274272,0.00003194,0.00066517,0.00044939,-0.00013213,0.00081105,0.00007323,-0.00002332,-0.00000476,13:34:32..420,,,,
13:34:32..471,25.88330745,0.27215,0.00003541,0.00066864,0.00044892,-0.00013248,0.00081363,0.00007652,-0.00002326,-0.0000055,13:34:32..509,,,,
13:34:32..614,25.97639427,0.27215,0.00003525,0.00066913,0.00044887,-0.00013206,0.00081329,0.00007617,-0.00002372,-0.00000526,13:34:32..611,,,,
13:34:32..646,26.83486161,0.270524,0.00003782,0.00067239,0.00044916,-0.00013155,0.00081562,0.00007945,-0.00002351,-0.00000621,13:34:32..654,,,,
13:34:32..785,27.00552078,0.270524,0.00003791,0.00067285,0.00044895,-0.00013163,0.00081596,0.0000791,-0.00002394,-0.00000657,13:34:32..782,,,,
13:34:32..816,27.69332895,0.268963,0.00004007,0.00067554,0.00044892,-0.00013272,0.000818,0.00008308,-0.00002332,-0.00000751,13:34:32..782,,,,
13:34:32..884,27.82778769,0.268963,0.00004008,0.00067615,0.00044972,-0.00013209,0.00081785,0.00008294,-0.00002357,-0.00000745,13:34:32..923,,,,
13:34:32..941,27.93121749,0.268963,0.00004033,0.00067466,0.00044889,-0.00013268,0.0008174,0.000083,-0.00002359,-0.00000778,13:34:32..923,,,,
13:34:32..975,28.28287881,0.266869,0.00004302,0.00067902,0.00044918,-0.00013191,0.00082025,0.00008641,-0.00002401,-0.00000843,13:34:33..010,,,,
13:34:33..086,28.60868268,0.266869,0.0000433,0.00067872,0.00044911,-0.00013194,0.00081961,0.00008609,-0.00002331,-0.00000846,13:34:33..084,,,,
13:34:33..118,29.08963125,0.265831,0.00004563,0.00068256,0.00044937,-0.00013254,0.0008221,0.00008958,-0.00002328,-0.00000891,13:34:33..127,,,,
13:34:33..222,29.33786277,0.265831,0.00004602,0.00068308,0.00044911,-0.0001328,0.00082192,0.00008928,-0.00002377,-0.00000899,13:34:33..263,,,,
13:34:33..272,29.86018326,0.265831,0.00004572,0.0006835,0.00045007,-0.00013174,0.00082207,0.00009,-0.00002286,-0.00000856,13:34:33..263,,,,
13:34:33..306,29.84466879,0.263338,0.00004814,0.00068604,0.0004495,-0.00013182,0.00082385,0.00009359,-0.00002324,-0.00001078,13:34:33..307,,,,
13:34:33..407,30.22218756,0.263338,0.00004818,0.00068703,0.0004494,-0.00013088,0.00082352,0.0000938,-0.00002356,-0.00001013,13:34:33..441,,,,
13:34:33..475,30.81690891,0.263338,0.00004835,0.00068673,0.00044965,-0.00013115,0.00082417,0.00009366,-0.00002359,-0.00000988,13:34:33..441,,,,
13:34:33..509,30.96688212,0.261052,0.00005217,0.00069159,0.00045039,-0.00013053,0.00082646,0.00009825,-0.00002343,-0.00001123,13:34:33..483,,,,
13:34:33..606,31.15822725,0.261052,0.0000518,0.00069064,0.00044997,-0.00013112,0.00082648,0.00009782,-0.00002353,-0.00001169,13:34:33..640,,,,
13:34:33..674,31.4943741,0.261052,0.00005228,0.00069148,0.00045062,-0.00013047,0.00082662,0.00009767,-0.00002343,-0.00001162,13:34:33..640,,,,
13:34:33..708,31.76846307,0.258589,0.00005459,0.00069434,0.00044995,-0.0001306,0.00082859,0.00010186,-0.00002336,-0.00001284,13:34:33..684,,,,
13:34:33..782,31.8046635,0.258589,0.00005533,0.0006947,0.00045012,-0.00013033,0.00082841,0.0001016,-0.000023,-0.00001218,13:34:33..822,,,,
13:34:33..837,32.32698399,0.258589,0.00005487,0.00069502,0.00045065,-0.00013039,0.00082918,0.0001015,-0.00002343,-0.00001218,13:34:33..822,,,,
13:34:33..871,32.2700976,0.256576,0.00005616,0.00069725,0.00045026,-0.00013139,0.00083091,0.0001045,-0.00002338,-0.00001442,13:34:33..909,,,,
13:34:33..993,32.50798614,0.256576,0.00005574,0.00069684,0.00045052,-0.00013155,0.00083099,0.00010427,-0.00002381,-0.00001442,13:34:33..991,,,,
13:34:34..024,32.92170534,0.255012,0.0000588,0.00069949,0.00045119,-0.00013193,0.00083237,0.00010693,-0.00002308,-0.00001524,13:34:33..991,,,,
13:34:34..128,32.85447597,0.255012,0.00005818,0.00069995,0.00045105,-0.00013113,0.00083262,0.00010696,-0.00002366,-0.00001545,13:34:34..159,,,,
13:34:34..174,33.5112552,0.255012,0.00005834,0.0006999,0.0004506,-0.00013177,0.00083266,0.00010733,-0.00002299,-0.00001507,13:34:34..159,,,,
13:34:34..207,33.25785219,0.253052,0.00006007,0.00070197,0.00045084,-0.00013088,0.00083365,0.00010925,-0.00002323,-0.00001642,13:34:34..269,,,,
13:34:34..322,33.23199474,0.253052,0.0000601,0.00070245,0.00045138,-0.00013062,0.00083332,0.00010989,-0.00002336,-0.00001585,13:34:34..332,,,,
13:34:34..352,33.58365606,0.251887,0.00006077,0.0007032,0.00045145,-0.00013171,0.00083359,0.00011048,-0.00002305,-0.00001716,13:34:34..332,,,,
13:34:34..409,33.65088543,0.251887,0.00006117,0.00070273,0.00045109,-0.00013236,0.00083401,0.00011033,-0.00002365,-0.00001686,13:34:34..474,,,,
13:34:34..488,33.8215446,0.251887,0.00006114,0.00070309,0.00045115,-0.00013201,0.0008334,0.00011065,-0.00002309,-0.00001707,13:34:34..474,,,,
13:34:34..524,34.16286294,0.248845,0.00006206,0.0007052,0.00045116,-0.00013112,0.00083616,0.00011329,-0.00002313,-0.00001767,13:34:34..603,,,,
13:34:34..669,33.90945993,0.248845,0.00006244,0.00070444,0.00045084,-0.00013193,0.0008357,0.0001135,-0.00002321,-0.0000171,13:34:34..603,,,,
13:34:34..702,34.40075148,0.247713,0.00006389,0.00070617,0.00045132,-0.00013113,0.0008356,0.0001147,-0.00002327,-0.00001849,13:34:34..714,,,,
13:34:34..811,34.26112125,0.247713,0.00006386,0.00070615,0.00045192,-0.00013185,0.00083601,0.000115,-0.0000234,-0.00001823,13:34:34..809,,,,
13:34:34..843,34.46280936,0.245858,0.00006485,0.00070754,0.00045224,-0.0001316,0.00083585,0.0001159,-0.00002357,-0.00001955,13:34:34..853,,,,
13:34:34..998,34.29732168,0.245858,0.00006425,0.00070791,0.00045245,-0.00013164,0.00083639,0.00011566,-0.0000231,-0.00001937,13:34:34..995,,,,
13:34:35..030,34.27663572,0.243661,0.00006466,0.00070688,0.00045142,-0.00013268,0.00083705,0.00011671,-0.00002372,-0.00002071,13:34:35..039,,,,
13:34:35..146,34.43695191,0.243661,0.00006428,0.00070729,0.00045174,-0.0001317,0.00083633,0.000117,-0.00002317,-0.0000204,13:34:35..144,,,,
13:34:35..178,34.41109446,0.242362,0.00006508,0.00070813,0.00045185,-0.00013135,0.00083755,0.00011729,-0.00002384,-0.00002046,13:34:35..188,,,,
13:34:35..251,34.51452426,0.241891,0.00006497,0.00070749,0.00045206,-0.0001319,0.00083793,0.00011796,-0.00002329,-0.00002042,13:34:35..314,,,,
13:34:35..336,34.59209661,0.241891,0.00006535,0.00070783,0.00045194,-0.00013149,0.00083742,0.00011761,-0.0000235,-0.0000204,13:34:35..314,,,,
13:34:35..369,34.48349532,0.240576,0.00006487,0.0007076,0.00045203,-0.00013109,0.00083696,0.00011825,-0.00002376,-0.00002079,13:34:35..400,,,,
13:34:35..507,34.36972254,0.240576,0.00006498,0.00070783,0.00045262,-0.00013114,0.00083684,0.00011828,-0.00002356,-0.00002121,13:34:35..505,,,,
13:34:35..538,34.648983,0.240061,0.00006599,0.00070921,0.00045291,-0.00013052,0.00083797,0.00011852,-0.00002341,-0.00002187,13:34:35..550,,,,
13:34:35..651,34.77827025,0.240061,0.0000659,0.00070859,0.00045224,-0.00013173,0.00083837,0.00011865,-0.00002377,-0.00002161,13:34:35..649,,,,
13:34:35..683,34.60243959,0.239746,0.00006628,0.00070918,0.00045239,-0.00012985,0.00083819,0.00011874,-0.00002336,-0.00002199,13:34:35..693,,,,
13:34:35..836,34.78344174,0.239746,0.00006646,0.00070888,0.00045268,-0.00013044,0.00083809,0.00011894,-0.00002357,-0.00002173,13:34:35..834,,,,
13:34:35..868,34.70586939,0.239198,0.00006656,0.00071051,0.00045336,-0.00013217,0.00083757,0.00011934,-0.00002359,-0.00002252,13:34:35..877,,,,
13:34:35..969,34.78344174,0.239198,0.00006706,0.00070963,0.00045334,-0.00013204,0.00083775,0.0001195,-0.00002358,-0.00002237,13:34:35..967,,,,
13:34:36..001,34.62312555,0.238699,0.00006649,0.00070896,0.00045292,-0.0001318,0.00083772,0.00011977,-0.00002365,-0.00002212,13:34:36..010,,,,
13:34:36..131,34.92307197,0.238699,0.00006629,0.00070891,0.00045211,-0.0001326,0.00083651,0.00011971,-0.0000239,-0.00002208,13:34:36..129,,,,
13:34:36..163,34.58692512,0.237802,0.00006682,0.00070889,0.00045209,-0.00013216,0.00083851,0.00011989,-0.00002338,-0.00002172,13:34:36..174,,,,
13:34:36..279,34.65415449,0.237802,0.00006687,0.00070878,0.00045203,-0.00013175,0.00083831,0.00011974,-0.00002341,-0.00002249,13:34:36..278,,,,
13:34:36..313,34.56106767,0.237368,0.00006596,0.00070926,0.00045291,-0.00013166,0.00083784,0.00012015,-0.00002293,-0.00002315,13:34:36..323,,,,
13:34:36..453,34.65415449,0.237368,0.00006625,0.00070867,0.00045273,-0.00013247,0.00083786,0.0001202,-0.00002411,-0.00002301,13:34:36..450,,,,
13:34:36..484,34.82998515,0.236593,0.00006622,0.00070904,0.00045292,-0.00013266,0.00083797,0.00012019,-0.00002368,-0.00002357,13:34:36..493,,,,
13:34:36..599,34.84549962,0.236593,0.00006724,0.00070884,0.00045315,-0.00013217,0.00083759,0.00012029,-0.0000236,-0.00002281,13:34:36..597,,,,
13:34:36..632,34.88687154,0.235942,0.00006675,0.00071014,0.000453,-0.00013256,0.00083776,0.00012087,-0.00002331,-0.00002267,13:34:36..642,,,,
13:34:36..705,34.66966896,0.235524,0.0000671,0.00070917,0.00045267,-0.00013301,0.00083717,0.00012085,-0.00002399,-0.00002321,13:34:36..703,,,,
13:34:36..799,34.66966896,0.235524,0.00006715,0.00070998,0.00045296,-0.00013156,0.00083718,0.00012045,-0.00002346,-0.00002324,13:34:36..800,,,,
13:34:36..832,34.52486724,0.235524,0.00006646,0.00070896,0.00045307,-0.00013216,0.00083711,0.00012042,-0.00002372,-0.00002313,13:34:36..800,,,,
13:34:36..866,34.75758429,0.234979,0.00006684,0.00070902,0.00045318,-0.00013159,0.00083804,0.00012035,-0.00002341,-0.00002313,13:34:36..913,,,,
13:34:36..991,34.77309876,0.234979,0.00006645,0.0007084,0.00045289,-0.00013199,0.00083816,0.00012061,-0.00002354,-0.00002348,13:34:37..002,,,,
13:34:37..040,34.67484045,0.234979,0.00006684,0.00070962,0.00045322,-0.00013196,0.00083846,0.00012029,-0.00002354,-0.00002344,13:34:37..002,,,,
13:34:37..075,34.8558426,0.234371,0.00006643,0.00070864,0.0004531,-0.00013208,0.00083771,0.00012051,-0.0000237,-0.00002324,13:34:37..088,,,,
13:34:37..205,34.57141065,0.234371,0.00006623,0.0007089,0.00045339,-0.00013163,0.00083759,0.00012102,-0.00002333,-0.00002324,13:34:37..203,,,,
13:34:37..237,34.72138386,0.234366,0.00006684,0.00070997,0.00045311,-0.00013251,0.00083786,0.00012081,-0.00002418,-0.00002381,13:34:37..245,,,,
13:34:37..376,34.8558426,0.234366,0.00006709,0.00070977,0.00045296,-0.00013288,0.00083809,0.0001212,-0.00002336,-0.00002366,13:34:37..373,,,,
13:34:37..408,34.8558426,0.234176,0.00006743,0.0007097,0.00045304,-0.00013207,0.00083712,0.00012155,-0.00002335,-0.00002336,13:34:37..417,,,,
13:34:37..541,34.53521022,0.234176,0.00006696,0.00070956,0.00045347,-0.00013221,0.00083706,0.00012142,-0.0000241,-0.00002379,13:34:37..538,,,,
13:34:37..572,34.74724131,0.233901,0.00006619,0.00070868,0.00045326,-0.00013213,0.00083791,0.00012089,-0.00002344,-0.00002337,13:34:37..538,,,,
13:34:37..653,34.97478687,0.233901,0.00006713,0.00070947,0.00045355,-0.00013233,0.00083892,0.00012154,-0.00002356,-0.0000228,13:34:37..712,,,,
13:34:37..720,34.53521022,0.233901,0.00006738,0.00070968,0.00045301,-0.00013246,0.00083801,0.00012079,-0.00002364,-0.00002341,13:34:37..712,,,,
13:34:37..755,34.69035492,0.233787,0.00006701,0.0007094,0.00045307,-0.00013181,0.00083814,0.0001209,-0.00002352,-0.00002393,13:34:37..756,,,,
13:34:37..817,34.77309876,0.233923,0.00006659,0.00070922,0.00045311,-0.00013243,0.00083799,0.0001213,-0.00002373,-0.00002352,13:34:37..862,,,,
13:34:37..911,34.55589618,0.233923,0.00006667,0.0007085,0.0004533,-0.0001318,0.00083786,0.00012079,-0.00002357,-0.0000242,13:34:37..910,,,,
13:34:37..947,34.76792727,0.234075,0.00006664,0.00070905,0.00045308,-0.00013411,0.00083775,0.00012192,-0.00002392,-0.00002387,13:34:37..910,,,,
13:34:38..022,34.55072469,0.234075,0.0000665,0.00070936,0.00045292,-0.00013276,0.0008375,0.00012144,-0.00002406,-0.00002386,13:34:38..066,,,,
13:34:38..076,34.65415449,0.234075,0.00006709,0.00070911,0.00045284,-0.00013309,0.00083777,0.0001218,-0.00002351,-0.0000246,13:34:38..066,,,,
13:34:38..109,34.71104088,0.234092,0.00006781,0.00070966,0.00045251,-0.00013179,0.00083859,0.00012127,-0.00002373,-0.00002379,13:34:38..179,,,,
13:34:38..246,34.7006979,0.234092,0.00006798,0.00071007,0.00045359,-0.0001314,0.00083825,0.00012089,-0.00002369,-0.00002405,13:34:38..179,,,,
13:34:38..279,34.94375793,0.234006,0.00006713,0.00070981,0.00045369,-0.00013154,0.00083783,0.00012199,-0.00002392,-0.00002524,13:34:38..294,,,,
13:34:38..410,34.54038171,0.234006,0.00006683,0.00070959,0.00045352,-0.00013163,0.00083811,0.00012187,-0.00002387,-0.00002528,13:34:38..408,,,,
13:34:38..443,34.648983,0.234035,0.00006739,0.0007093,0.0004529,-0.00013288,0.00083848,0.00012105,-0.00002362,-0.00002443,13:34:38..453,,,,
13:34:38..564,34.62312555,0.234035,0.00006734,0.00070911,0.00045243,-0.00013372,0.00083778,0.00012137,-0.00002376,-0.00002404,13:34:38..561,,,,
13:34:38..597,34.73172684,0.234321,0.00006695,0.00070925,0.00045357,-0.00013244,0.00083736,0.00012212,-0.00002411,-0.00002522,13:34:38..604,,,,
13:34:38..715,34.88687154,0.234321,0.00006694,0.00070955,0.00045349,-0.00013216,0.00083636,0.00012222,-0.00002367,-0.00002516,13:34:38..712,,,,
13:34:38..748,34.60243959,0.234529,0.00006734,0.00070961,0.00045351,-0.00013153,0.0008363,0.00012145,-0.00002392,-0.00002493,13:34:38..755,,,,
13:34:38..883,34.7006979,0.234529,0.00006746,0.00070962,0.00045339,-0.00013186,0.00083686,0.00012116,-0.00002399,-0.00002549,13:34:38..881,,,,
13:34:38..915,34.71104088,0.234859,0.00006712,0.00070915,0.00045367,-0.00013244,0.0008374,0.00012157,-0.00002365,-0.00002497,13:34:38..924,,,,
13:34:39..044,34.58175363,0.234859,0.00006703,0.00070883,0.00045349,-0.00013232,0.00083744,0.00012192,-0.0000239,-0.00002464,13:34:39..042,,,,
13:34:39..076,34.65415449,0.234989,0.00006744,0.00070891,0.00045354,-0.00013215,0.00083642,0.00012225,-0.00002332,-0.00002525,13:34:39..086,,,,
13:34:39..203,34.54038171,0.234989,0.00006686,0.00070843,0.00045324,-0.00013222,0.00083714,0.00012253,-0.00002388,-0.00002526,13:34:39..201,,,,
13:34:39..235,34.39557999,0.234979,0.00006756,0.0007092,0.00045381,-0.00013215,0.00083733,0.00012226,-0.00002365,-0.00002513,13:34:39..244,,,,
13:34:39..354,34.72655535,0.234979,0.00006705,0.00070934,0.00045344,-0.00013251,0.00083673,0.00012227,-0.00002411,-0.00002547,13:34:39..352,,,,
13:34:39..385,34.53003873,0.234979,0.00006738,0.00070915,0.00045418,-0.00013199,0.00083667,0.00012227,-0.00002402,-0.00002499,13:34:39..352,,,,
13:34:39..420,34.74724131,0.234638,0.00006723,0.00070884,0.00045323,-0.00013352,0.00083769,0.00012226,-0.00002339,-0.00002521,13:34:39..492,,,,
13:34:39..549,34.85067111,0.234638,0.00006688,0.00070928,0.00045389,-0.00013274,0.00083762,0.00012214,-0.00002318,-0.00002449,13:34:39..554,,,,
13:34:39..583,34.67484045,0.234379,0.00006704,0.0007087,0.00045238,-0.00013357,0.00083699,0.00012184,-0.00002418,-0.00002557,13:34:39..596,,,,
13:34:39..689,34.81964217,0.234379,0.00006685,0.00070835,0.00045271,-0.00013352,0.00083716,0.00012193,-0.00002395,-0.00002537,13:34:39..689,,,,
13:34:39..722,34.68518343,0.23423,0.00006712,0.00070906,0.00045406,-0.00013183,0.00083729,0.00012236,-0.00002371,-0.00002528,13:34:39..731,,,,
13:34:39..850,34.61278257,0.23423,0.00006664,0.00070935,0.00045362,-0.0001319,0.00083687,0.00012205,-0.00002388,-0.00002552,13:34:39..847,,,,
13:34:39..881,34.54038171,0.23432,0.000067,0.00070872,0.00045367,-0.0001325,0.00083765,0.00012274,-0.0000235,-0.00002532,13:34:39..892,,,,
13:34:40..001,34.45763787,0.23432,0.00006663,0.00070881,0.00045335,-0.00013291,0.00083718,0.00012258,-0.00002385,-0.00002549,13:34:39..999,,,,
13:34:40..032,34.46798085,0.234317,0.00006702,0.00070889,0.00045407,-0.00013259,0.0008363,0.00012205,-0.00002367,-0.00002559,13:34:40..043,,,,
13:34:40..145,34.70586939,0.234317,0.00006692,0.00070787,0.00045386,-0.00013288,0.00083727,0.00012198,-0.00002388,-0.0000249,13:34:40..143,,,,
13:34:40..178,34.61278257,0.233943,0.00006701,0.00070766,0.00045348,-0.00013254,0.0008377,0.00012175,-0.00002384,-0.0000259,13:34:40..245,,,,
13:34:40..301,34.76275578,0.233943,0.00006655,0.00070796,0.00045356,-0.00013243,0.0008373,0.00012177,-0.00002399,-0.00002582,13:34:40..245,,,,
13:34:40..333,34.34386509,0.233924,0.00006667,0.0007077,0.00045332,-0.00013278,0.00083663,0.00012186,-0.00002357,-0.00002536,13:34:40..345,,,,
13:34:40..460,34.4938383,0.233924,0.00006646,0.00070804,0.00045405,-0.00013242,0.00083667,0.00012233,-0.00002365,-0.00002542,13:34:40..458,,,,
13:34:40..492,34.86101409,0.233746,0.00006638,0.00070891,0.00045428,-0.00013165,0.000836,0.00012176,-0.00002406,-0.00002571,13:34:40..501,,,,
13:34:40..655,34.41109446,0.233746,0.00006624,0.00070777,0.00045375,-0.00013241,0.0008364,0.00012237,-0.00002388,-0.00002542,13:34:40..653,,,,
13:34:40..687,34.648983,0.233881,0.00006732,0.00070909,0.00045358,-0.00013296,0.00083714,0.0001217,-0.00002371,-0.00002563,13:34:40..697,,,,
13:34:40..812,34.56106767,0.233881,0.0000673,0.00070843,0.00045367,-0.00013333,0.00083677,0.00012203,-0.00002298,-0.00002534,13:34:40..812,,,,
13:34:40..846,34.61278257,0.233776,0.00006666,0.00070799,0.00045393,-0.00013274,0.00083659,0.00012245,-0.00002326,-0.00002567,13:34:40..855,,,,
13:34:40..965,34.43178042,0.233776,0.00006682,0.0007088,0.00045384,-0.00013173,0.00083731,0.00012222,-0.00002351,-0.0000254,13:34:40..962,,,,
13:34:40..998,34.64381151,0.233708,0.00006718,0.00070866,0.00045472,-0.00013212,0.00083661,0.00012166,-0.00002359,-0.0000257,13:34:41..005,,,,
13:34:41..146,34.5455532,0.233708,0.00006719,0.00070812,0.00045365,-0.00013283,0.00083656,0.00012237,-0.00002377,-0.00002573,13:34:41..143,,,,
13:34:41..178,34.58692512,0.233773,0.00006677,0.00070867,0.00045463,-0.00013256,0.00083667,0.00012164,-0.00002395,-0.00002602,13:34:41..143,,,,
13:34:41..255,34.36972254,0.233773,0.00006696,0.00070868,0.00045379,-0.00013366,0.00083662,0.00012148,-0.00002407,-0.00002619,13:34:41..280,,,,
13:34:41..303,34.52486724,0.233773,0.00006677,0.00070892,0.00045415,-0.00013325,0.00083715,0.00012202,-0.00002364,-0.00002594,13:34:41..280,,,,
13:34:41..334,34.45763787,0.233677,0.00006649,0.00070831,0.0004537,-0.00013308,0.00083692,0.00012157,-0.00002385,-0.00002618,13:34:41..367,,,,
13:34:41..471,34.30249317,0.233677,0.00006629,0.00070771,0.0004537,-0.00013305,0.00083674,0.00012152,-0.00002435,-0.00002648,13:34:41..469,,,,
13:34:41..504,34.28180721,0.233565,0.00006649,0.000708,0.00045412,-0.00013268,0.00083652,0.00012147,-0.0000241,-0.00002537,13:34:41..512,,,,
13:34:41..632,34.42143744,0.233565,0.00006621,0.00070814,0.00045399,-0.00013315,0.00083722,0.00012168,-0.00002386,-0.00002548,13:34:41..630,,,,
13:34:41..664,34.25077827,0.233565,0.00006671,0.00070746,0.00045335,-0.0001329,0.00083709,0.00012168,-0.00002377,-0.0000257,13:34:41..630,,,,
13:34:41..697,34.53521022,0.233193,0.00006639,0.00070805,0.00045412,-0.00013335,0.00083534,0.00012212,-0.00002378,-0.00002647,13:34:41..759,,,,
13:34:41..815,34.53003873,0.233193,0.00006651,0.00070757,0.00045419,-0.00013278,0.00083549,0.00012169,-0.0000238,-0.00002571,13:34:41..815,,,,
13:34:41..847,34.31283615,0.233043,0.00006659,0.00070753,0.00045464,-0.0001322,0.00083628,0.00012135,-0.00002388,-0.00002607,13:34:41..857,,,,
13:34:42..004,34.28180721,0.233043,0.00006637,0.00070715,0.00045354,-0.00013272,0.00083651,0.00012123,-0.00002391,-0.0000256,13:34:42..001,,,,
13:34:42..037,34.49900979,0.232614,0.00006644,0.00070769,0.00045322,-0.0001333,0.00083716,0.0001218,-0.00002392,-0.00002573,13:34:42..044,,,,
13:34:42..159,34.58692512,0.232614,0.00006623,0.00070742,0.00045281,-0.00013349,0.00083704,0.00012159,-0.00002362,-0.00002561,13:34:42..157,,,,
13:34:42..191,34.16286294,0.232492,0.00006665,0.0007077,0.0004539,-0.00013276,0.00083687,0.00012214,-0.00002367,-0.00002628,13:34:42..200,,,,
13:34:42..302,34.38006552,0.232492,0.00006653,0.00070723,0.00045341,-0.00013256,0.00083663,0.00012201,-0.00002374,-0.00002573,13:34:42..300,,,,
13:34:42..334,34.26629274,0.23243,0.00006633,0.00070783,0.0004542,-0.0001324,0.00083662,0.00012185,-0.00002397,-0.00002589,13:34:42..343,,,,
13:34:42..394,34.17320592,0.23242,0.00006639,0.00070829,0.00045446,-0.00013194,0.00083692,0.00012216,-0.00002432,-0.00002588,13:34:42..437,,,,
13:34:42..472,34.51969575,0.23242,0.00006647,0.00070731,0.00045392,-0.00013271,0.00083654,0.0001221,-0.00002402,-0.00002641,13:34:42..437,,,,
13:34:42..506,34.3904085,0.232384,0.000066,0.00070701,0.00045481,-0.00013186,0.0008363,0.00012177,-0.00002365,-0.00002573,13:34:42..479,,,,
13:34:42..540,34.47832383,0.232453,0.00006721,0.00070693,0.00045412,-0.00013223,0.00083621,0.00012095,-0.00002385,-0.0000258,13:34:42..618,,,,
13:34:42..672,34.23009231,0.232453,0.00006634,0.0007069,0.00045433,-0.00013272,0.00083645,0.0001213,-0.00002391,-0.00002568,13:34:42..672,,,,
13:34:42..704,34.27146423,0.232609,0.00006586,0.00070788,0.00045395,-0.00013325,0.00083542,0.00012182,-0.00002389,-0.0000262,13:34:42..714,,,,
13:34:42..829,34.53003873,0.232609,0.00006612,0.00070754,0.00045392,-0.00013339,0.00083622,0.00012167,-0.00002384,-0.00002577,13:34:42..827,,,,
13:34:42..860,34.3386936,0.232664,0.00006644,0.00070812,0.00045459,-0.00013222,0.00083624,0.00012137,-0.00002393,-0.0000267,13:34:42..870,,,,
13:34:42..982,34.44729489,0.232664,0.00006675,0.00070719,0.00045383,-0.00013233,0.00083657,0.00012146,-0.00002365,-0.00002623,13:34:42..980,,,,
13:34:43..013,34.65415449,0.232687,0.00006708,0.00070789,0.00045365,-0.00013313,0.00083622,0.00012141,-0.00002373,-0.0000255,13:34:43..025,,,,
13:34:43..126,34.50935277,0.232687,0.00006713,0.00070835,0.00045366,-0.00013286,0.00083579,0.00012157,-0.00002442,-0.00002602,13:34:43..123,,,,
13:34:43..158,34.37489403,0.232719,0.00006639,0.00070722,0.00045465,-0.00013218,0.00083723,0.00012216,-0.00002324,-0.00002613,13:34:43..167,,,,
13:34:43..270,34.46798085,0.232719,0.00006623,0.00070741,0.00045402,-0.0001324,0.00083768,0.0001224,-0.00002386,-0.00002645,13:34:43..267,,,,
13:34:43..302,34.2869787,0.232761,0.00006638,0.00070705,0.00045351,-0.00013343,0.0008365,0.00012152,-0.00002385,-0.00002711,13:34:43..309,,,,
13:34:43..413,34.50935277,0.232761,0.00006619,0.00070723,0.00045387,-0.00013312,0.00083642,0.00012125,-0.00002332,-0.00002685,13:34:43..411,,,,
13:34:43..446,34.131834,0.23273,0.00006651,0.00070743,0.00045396,-0.00013237,0.00083698,0.0001215,-0.00002384,-0.00002684,13:34:43..454,,,,
13:34:43..568,34.43178042,0.23273,0.00006664,0.00070731,0.00045404,-0.00013281,0.00083638,0.00012181,-0.00002387,-0.00002642,13:34:43..565,,,,
13:34:43..600,34.36972254,0.232643,0.00006581,0.00070707,0.00045368,-0.00013312,0.0008362,0.00012141,-0.00002388,-0.00002628,13:34:43..608,,,,
13:34:43..737,34.19906337,0.232643,0.0000658,0.00070764,0.00045369,-0.00013277,0.00083611,0.00012173,-0.00002398,-0.00002641,13:34:43..734,,,,
13:34:43..768,34.34386509,0.232454,0.00006568,0.00070663,0.00045433,-0.00013281,0.00083605,0.00012143,-0.00002396,-0.00002644,13:34:43..778,,,,
13:34:43..878,34.51452426,0.232454,0.00006569,0.00070715,0.00045343,-0.00013368,0.00083618,0.00012166,-0.0000238,-0.00002672,13:34:43..876,,,,
13:34:43..910,34.24043529,0.232286,0.00006633,0.00070697,0.00045409,-0.00013232,0.00083633,0.0001215,-0.00002395,-0.00002616,13:34:43..921,,,,
13:34:44..008,34.2869787,0.232286,0.00006637,0.00070647,0.00045409,-0.00013281,0.00083607,0.00012123,-0.00002383,-0.00002587,13:34:44..006,,,,
13:34:44..040,34.05426165,0.232035,0.0000659,0.00070656,0.00045454,-0.00013298,0.00083586,0.00012197,-0.00002371,-0.00002573,13:34:44..050,,,,
13:34:44..162,34.2869787,0.232035,0.00006554,0.00070688,0.00045433,-0.0001323,0.00083512,0.00012157,-0.00002404,-0.00002622,13:34:44..160,,,,
13:34:44..195,33.93531738,0.231927,0.00006523,0.00070566,0.00045379,-0.00013348,0.00083609,0.00012114,-0.00002413,-0.0000264,13:34:44..203,,,,
13:34:44..306,34.22492082,0.231927,0.00006519,0.00070637,0.00045395,-0.00013265,0.00083581,0.00012119,-0.00002376,-0.00002638,13:34:44..304,,,,
13:34:44..338,34.30766466,0.231665,0.00006515,0.00070541,0.00045423,-0.0001341,0.00083511,0.00012116,-0.00002412,-0.00002668,13:34:44..347,,,,
13:34:44..427,34.33352211,0.231665,0.00006549,0.00070658,0.00045423,-0.00013365,0.00083585,0.00012082,-0.00002319,-0.00002624,13:34:44..425,,,,
13:34:44..459,33.84740205,0.231566,0.00006512,0.00070613,0.00045448,-0.00013281,0.00083532,0.00012089,-0.00002369,-0.00002714,13:34:44..468,,,,
13:34:44..592,34.00254675,0.231566,0.00006513,0.00070588,0.00045424,-0.00013303,0.0008353,0.00012091,-0.00002366,-0.00002644,13:34:44..589,,,,
13:34:44..623,34.23009231,0.231627,0.00006612,0.00070681,0.00045355,-0.0001324,0.0008355,0.00012108,-0.00002382,-0.00002563,13:34:44..634,,,,
13:34:44..760,34.04391867,0.231627,0.00006645,0.00070672,0.00045377,-0.00013243,0.00083494,0.00012008,-0.00002432,-0.00002625,13:34:44..757,,,,
13:34:44..791,34.01806122,0.23218,0.00006569,0.00070669,0.00045378,-0.00013231,0.00083516,0.00012102,-0.00002396,-0.00002633,13:34:44..800,,,,
13:34:44..865,34.27663572,0.232233,0.00006563,0.00070585,0.0004536,-0.00013327,0.00083497,0.00012117,-0.00002408,-0.00002664,13:34:44..907,,,,
13:34:44..974,34.04909016,0.232233,0.00006535,0.0007064,0.0004542,-0.00013252,0.00083522,0.00012124,-0.00002397,-0.00002644,13:34:44..974,,,,
13:34:45..008,34.10080506,0.232303,0.00006596,0.00070612,0.00045292,-0.00013396,0.00083553,0.00012115,-0.00002358,-0.00002634,13:34:45..020,,,,
13:34:45..128,34.10080506,0.232303,0.00006569,0.00070597,0.00045344,-0.00013359,0.00083505,0.00012088,-0.00002385,-0.00002686,13:34:45..127,,,,
13:34:45..161,34.0284042,0.23242,0.00006553,0.00070554,0.00045386,-0.00013355,0.00083558,0.00012121,-0.00002371,-0.00002653,13:34:45..171,,,,
13:34:45..300,34.15769145,0.23242,0.00006532,0.0007061,0.00045416,-0.0001326,0.00083529,0.00012079,-0.00002381,-0.00002657,13:34:45..297,,,,
13:34:45..332,33.91463142,0.232154,0.00006574,0.00070581,0.00045387,-0.00013354,0.00083483,0.00012093,-0.00002374,-0.00002618,13:34:45..341,,,,
13:34:45..457,34.25077827,0.232154,0.00006503,0.000706,0.00045439,-0.00013275,0.00083442,0.00012043,-0.00002353,-0.00002669,13:34:45..454,,,,
13:34:45..490,34.21457784,0.232128,0.00006544,0.00070562,0.00045401,-0.00013333,0.00083522,0.00012099,-0.00002417,-0.00002638,13:34:45..499,,,,
13:34:45..608,34.03874718,0.232128,0.00006549,0.00070652,0.00045422,-0.00013301,0.00083495,0.00012101,-0.00002425,-0.00002649,13:34:45..606,,,,
13:34:45..641,34.16803443,0.23205,0.00006474,0.0007057,0.0004541,-0.00013337,0.00083517,0.00011984,-0.00002375,-0.00002644,13:34:45..650,,,,
13:34:45..779,34.12149102,0.23205,0.000065,0.00070561,0.00045394,-0.00013353,0.00083463,0.00012052,-0.00002425,-0.0000266,13:34:45..777,,,,
13:34:45..810,34.12149102,0.231854,0.00006526,0.00070644,0.00045355,-0.00013412,0.00083515,0.00012092,-0.00002388,-0.00002641,13:34:45..820,,,,
13:34:45..934,34.10597655,0.231854,0.00006521,0.00070628,0.00045457,-0.00013386,0.0008348,0.00012049,-0.00002451,-0.00002651,13:34:45..932,,,,
13:34:45..966,34.0801191,0.231749,0.00006499,0.00070584,0.00045411,-0.00013285,0.00083458,0.00012066,-0.00002434,-0.00002677,13:34:45..977,,,,
13:34:46..071,34.0284042,0.231749,0.00006509,0.00070557,0.00045404,-0.00013307,0.00083441,0.00012114,-0.00002398,-0.00002677,13:34:46..068,,,,
13:34:46..103,34.30766466,0.231711,0.00006534,0.00070547,0.00045425,-0.00013327,0.00083564,0.00012111,-0.00002409,-0.0000265,13:34:46..112,,,,
13:34:46..197,34.20423486,0.231711,0.0000658,0.00070564,0.00045417,-0.00013306,0.00083532,0.00012096,-0.00002405,-0.00002649,13:34:46..194,,,,
13:34:46..230,34.11114804,0.231602,0.00006513,0.00070471,0.00045445,-0.00013357,0.00083505,0.00012111,-0.00002363,-0.00002647,13:34:46..237,,,,
13:34:46..357,34.08529059,0.231602,0.00006512,0.00070566,0.00045411,-0.00013283,0.00083492,0.00012121,-0.00002461,-0.00002635,13:34:46..354,,,,
13:34:46..389,33.98703228,0.231529,0.00006562,0.00070554,0.00045395,-0.0001322,0.00083507,0.00012083,-0.00002399,-0.00002614,13:34:46..398,,,,
13:34:46..503,34.26629274,0.231529,0.0000652,0.00070539,0.00045406,-0.00013329,0.00083499,0.00012093,-0.00002416,-0.00002583,13:34:46..500,,,,
13:34:46..536,34.05426165,0.231607,0.00006509,0.00070567,0.00045426,-0.00013344,0.0008335,0.00012111,-0.00002403,-0.0000266,13:34:46..543,,,,
13:34:46..638,34.10597655,0.231607,0.00006516,0.00070622,0.00045402,-0.0001336,0.00083455,0.00012074,-0.00002384,-0.00002677,13:34:46..635,,,,
13:34:46..670,34.11631953,0.231651,0.00006578,0.00070688,0.00045391,-0.00013299,0.00083528,0.00012104,-0.0000241,-0.00002664,13:34:46..677,,,,
13:34:46..779,34.1835489,0.231651,0.00006577,0.00070598,0.00045446,-0.00013331,0.00083456,0.0001208,-0.00002422,-0.0000269,13:34:46..776,,,,
13:34:46..811,34.20940635,0.231758,0.00006614,0.00070609,0.00045428,-0.0001333,0.00083496,0.00012055,-0.00002398,-0.00002628,13:34:46..821,,,,
13:34:46..921,33.94048887,0.231758,0.00006516,0.00070519,0.00045411,-0.00013358,0.00083486,0.0001204,-0.00002392,-0.0000269,13:34:46..918,,,,
13:34:46..953,34.43178042,0.231766,0.00006532,0.00070538,0.00045368,-0.00013326,0.00083485,0.00012053,-0.00002422,-0.00002656,13:34:46..962,,,,
13:34:47..056,34.32835062,0.231766,0.00006567,0.00070576,0.00045405,-0.00013316,0.00083476,0.00012046,-0.00002417,-0.00002626,13:34:47..053,,,,
13:34:47..087,34.14217698,0.231717,0.00006574,0.00070542,0.00045437,-0.00013442,0.00083431,0.00012027,-0.00002413,-0.00002574,13:34:47..053,,,,
13:34:47..146,34.24043529,0.231717,0.00006541,0.00070569,0.00045393,-0.00013409,0.00083419,0.00012097,-0.00002415,-0.00002587,13:34:47..185,,,,
13:34:47..193,34.22492082,0.231717,0.00006533,0.00070587,0.00045383,-0.00013411,0.00083421,0.00012095,-0.00002433,-0.00002587,13:34:47..185,,,,
13:34:47..226,34.10080506,0.231731,0.00006488,0.00070557,0.00045451,-0.00013363,0.0008348,0.00012023,-0.00002407,-0.00002666,13:34:47..229,,,,
13:34:47..349,33.99220377,0.231731,0.00006521,0.00070651,0.00045462,-0.00013327,0.00083458,0.00012037,-0.000024,-0.00002699,13:34:47..346,,,,
13:34:47..381,33.88360248,0.23146,0.00006487,0.00070492,0.00045375,-0.00013352,0.00083452,0.00012073,-0.00002411,-0.00002716,13:34:47..389,,,,
13:34:47..515,34.01288973,0.23146,0.00006455,0.00070555,0.00045374,-0.00013318,0.00083454,0.00012066,-0.0000239,-0.00002692,13:34:47..512,,,,
13:34:47..547,34.13700549,0.231344,0.00006511,0.00070526,0.00045451,-0.00013271,0.00083427,0.00012042,-0.00002381,-0.00002675,13:34:47..557,,,,
13:34:47..581,34.19389188,0.231344,0.00006463,0.00070493,0.00045445,-0.00013359,0.00083374,0.0001205,-0.00002407,-0.00002667,13:34:47..557,,,,
13:34:47..614,34.12149102,0.231135,0.00006486,0.00070499,0.0004542,-0.00013241,0.00083461,0.00012012,-0.00002449,-0.00002689,13:34:47..641,,,,
13:34:47..703,34.04391867,0.231135,0.00006506,0.00070477,0.00045408,-0.00013317,0.00083437,0.00012035,-0.00002408,-0.00002674,13:34:47..701,,,,
13:34:47..734,34.17320592,0.230999,0.00006492,0.00070509,0.0004547,-0.00013332,0.00083513,0.00012072,-0.00002399,-0.00002641,13:34:47..745,,,,
13:34:47..864,34.16803443,0.230999,0.0000649,0.00070521,0.00045513,-0.00013206,0.00083407,0.00012045,-0.00002422,-0.00002658,13:34:47..862,,,,
13:34:47..896,33.95600334,0.230699,0.00006497,0.00070472,0.0004542,-0.00013251,0.0008342,0.00012033,-0.00002392,-0.00002616,13:34:47..905,,,,
13:34:48..031,33.91980291,0.230699,0.00006467,0.00070501,0.00045375,-0.00013359,0.00083458,0.00012,-0.00002408,-0.0000265,13:34:48..029,,,,
13:34:48..062,33.88360248,0.230708,0.00006458,0.00070515,0.00045421,-0.00013303,0.00083548,0.00012023,-0.00002427,-0.00002644,13:34:48..072,,,,
13:34:48..136,34.17320592,0.230708,0.00006472,0.00070534,0.00045382,-0.00013278,0.00083538,0.00012031,-0.0000241,-0.00002682,13:34:48..176,,,,
13:34:48..184,33.65605692,0.230708,0.00006506,0.00070539,0.00045412,-0.00013329,0.00083504,0.00011999,-0.00002398,-0.00002669,13:34:48..176,,,,
13:34:48..217,34.11114804,0.230799,0.00006471,0.00070512,0.00045471,-0.00013353,0.00083392,0.00011947,-0.0000241,-0.00002704,13:34:48..220,,,,
13:34:48..347,33.89394546,0.230799,0.0000641,0.00070416,0.00045418,-0.00013457,0.00083387,0.00011956,-0.00002423,-0.00002715,13:34:48..344,,,,
13:34:48..379,33.95600334,0.230917,0.00006478,0.00070437,0.00045381,-0.00013313,0.00083354,0.00012001,-0.00002395,-0.00002547,13:34:48..388,,,,
13:34:48..443,33.96634632,0.230953,0.0000648,0.00070404,0.00045372,-0.00013368,0.00083302,0.00012009,-0.000024,-0.00002548,13:34:48..482,,,,
13:34:48..511,33.73362927,0.230953,0.00006451,0.00070415,0.00045381,-0.00013316,0.00083376,0.0001201,-0.0000239,-0.00002623,13:34:48..482,,,,
13:34:48..544,34.26629274,0.231067,0.00006451,0.00070418,0.00045384,-0.00013293,0.00083349,0.00011978,-0.00002435,-0.00002653,13:34:48..571,,,,
13:34:48..664,33.89911695,0.231067,0.0000646,0.00070468,0.0004537,-0.0001332,0.00083368,0.00011986,-0.0000237,-0.00002605,13:34:48..662,,,,
13:34:48..697,33.9249744,0.231004,0.00006454,0.00070424,0.00045478,-0.00013232,0.00083425,0.00011949,-0.00002368,-0.00002611,13:34:48..706,,,,
13:34:48..799,33.90945993,0.230858,0.00006405,0.00070367,0.00045449,-0.00013261,0.00083451,0.00012021,-0.00002365,-0.00002646,13:34:48..844,,,,
13:34:48..891,34.15769145,0.230858,0.00006398,0.00070417,0.00045431,-0.00013222,0.0008336,0.000119,-0.00002383,-0.00002614,13:34:48..890,,,,
13:34:48..924,33.91463142,0.230494,0.00006431,0.00070473,0.00045406,-0.00013372,0.00083465,0.00011991,-0.00002418,-0.00002676,13:34:48..935,,,,
13:34:49..047,33.91980291,0.230494,0.00006418,0.00070405,0.00045361,-0.00013405,0.00083432,0.00012051,-0.00002428,-0.00002678,13:34:49..046,,,,
13:34:49..080,34.00254675,0.230028,0.00006439,0.00070421,0.0004541,-0.00013311,0.00083462,0.00012024,-0.0000246,-0.00002662,13:34:49..046,,,,
13:34:49..164,33.93531738,0.230028,0.00006369,0.00070401,0.00045388,-0.00013374,0.00083468,0.00011982,-0.00002414,-0.00002656,13:34:49..191,,,,
13:34:49..199,34.13700549,0.230028,0.00006392,0.00070509,0.00045423,-0.00013316,0.00083405,0.00011969,-0.00002432,-0.00002711,13:34:49..191,,,,
13:34:49..234,34.00771824,0.22955,0.00006429,0.00070371,0.0004541,-0.00013334,0.00083446,0.00011971,-0.00002391,-0.00002642,13:34:49..235,,,,
13:34:49..312,33.6663999,0.22955,0.00006389,0.00070339,0.00045406,-0.00013284,0.00083479,0.00011976,-0.00002416,-0.00002616,13:34:49..347,,,,
13:34:49..355,33.84223056,0.22955,0.00006405,0.00070456,0.00045398,-0.00013272,0.00083457,0.00012015,-0.0000238,-0.00002628,13:34:49..347,,,,
13:34:49..387,34.10597655,0.229307,0.00006479,0.00070462,0.00045418,-0.00013296,0.00083447,0.00011942,-0.00002378,-0.0000269,13:34:49..393,,,,
13:34:49..492,34.07494761,0.229307,0.00006451,0.00070432,0.000454,-0.00013338,0.00083472,0.00011918,-0.00002376,-0.00002683,13:34:49..490,,,,
13:34:49..524,34.21457784,0.229245,0.00006365,0.00070417,0.00045444,-0.00013361,0.00083418,0.00011983,-0.00002378,-0.00002693,13:34:49..490,,,,
13:34:49..606,34.20423486,0.229245,0.00006393,0.00070403,0.00045405,-0.00013439,0.00083426,0.00012011,-0.00002411,-0.0000269,13:34:49..647,,,,
13:34:49..655,33.90945993,0.229245,0.00006417,0.00070422,0.00045399,-0.00013421,0.00083411,0.00011999,-0.00002425,-0.00002676,13:34:49..647,,,,
13:34:49..690,34.16286294,0.2292,0.00006442,0.00070376,0.00045432,-0.00013335,0.00083438,0.00012069,-0.00002404,-0.00002637,13:34:49..733,,,,
13:34:49..831,33.8732595,0.2292,0.00006474,0.00070447,0.0004544,-0.00013193,0.00083432,0.00012096,-0.00002416,-0.00002624,13:34:49..829,,,,
13:34:49..863,34.04391867,0.229427,0.00006446,0.00070433,0.00045432,-0.00013276,0.00083426,0.00012071,-0.00002364,-0.00002668,13:34:49..873,,,,
13:34:49..989,34.14734847,0.229427,0.00006447,0.00070387,0.00045401,-0.00013224,0.00083415,0.00011983,-0.00002409,-0.00002631,13:34:49..988,,,,
13:34:50..022,34.08529059,0.229379,0.00006485,0.00070386,0.00045352,-0.00013304,0.00083349,0.00011919,-0.00002386,-0.00002673,13:34:50..029,,,,
13:34:50..107,34.14217698,0.229379,0.00006464,0.0007031,0.00045366,-0.00013393,0.00083359,0.00012,-0.000024,-0.00002652,13:34:50..138,,,,
13:34:50..157,33.68708586,0.229379,0.0000644,0.00070274,0.00045366,-0.0001335,0.00083331,0.00011975,-0.00002404,-0.00002644,13:34:50..138,,,,
13:34:50..191,33.9766893,0.229202,0.00006414,0.00070363,0.00045424,-0.00013313,0.0008337,0.00011963,-0.00002451,-0.00002708,13:34:50..254,,,,
13:34:50..306,33.97151781,0.229202,0.00006411,0.00070383,0.00045373,-0.00013361,0.00083351,0.00012019,-0.0000236,-0.00002648,13:34:50..254,,,,
13:34:50..338,33.85257354,0.22897,0.00006438,0.00070403,0.00045445,-0.00013366,0.00083316,0.00011989,-0.00002416,-0.00002672,13:34:50..348,,,,
13:34:50..495,33.8215446,0.22897,0.00006418,0.00070363,0.00045396,-0.00013368,0.00083291,0.00012011,-0.00002381,-0.00002637,13:34:50..493,,,,
13:34:50..527,33.64571394,0.228586,0.00006429,0.00070316,0.00045432,-0.00013421,0.00083353,0.00011989,-0.00002409,-0.00002645,13:34:50..493,,,,
13:34:50..618,33.82671609,0.228586,0.00006398,0.0007039,0.00045486,-0.00013297,0.00083352,0.00011976,-0.00002397,-0.00002654,13:34:50..659,,,,
13:34:50..668,33.8732595,0.228586,0.00006405,0.00070366,0.00045422,-0.00013337,0.00083392,0.00011937,-0.000024,-0.00002651,13:34:50..659,,,,
13:34:50..701,33.86808801,0.228506,0.00006379,0.00070364,0.00045463,-0.00013318,0.00083313,0.00011927,-0.00002402,-0.00002649,13:34:50..703,,,,
13:34:50..843,33.82671609,0.228506,0.00006397,0.00070334,0.00045393,-0.00013348,0.00083331,0.00011946,-0.00002373,-0.00002699,13:34:50..840,,,,
13:34:50..875,33.9766893,0.228652,0.00006362,0.00070314,0.00045491,-0.0001328,0.00083364,0.00011944,-0.00002346,-0.00002667,13:34:50..840,,,,
13:34:50..986,33.98186079,0.228743,0.00006348,0.00070325,0.00045448,-0.00013278,0.00083342,0.00011949,-0.00002412,-0.00002652,13:34:51..029,,,,
13:34:51..076,33.72328629,0.228743,0.00006334,0.00070306,0.00045419,-0.00013369,0.00083349,0.00011931,-0.00002412,-0.00002607,13:34:51..074,,,,
13:34:51..107,33.78534417,0.228968,0.00006404,0.00070285,0.00045479,-0.00013363,0.00083339,0.00011926,-0.00002406,-0.00002621,13:34:51..117,,,,
13:34:51..176,33.74914374,0.228968,0.00006341,0.00070315,0.00045422,-0.00013361,0.00083303,0.00011907,-0.00002367,-0.00002682,13:34:51..218,,,,
13:34:51..227,33.86291652,0.228968,0.00006332,0.00070308,0.00045391,-0.00013411,0.00083299,0.00011929,-0.00002434,-0.00002722,13:34:51..218,,,,
13:34:51..262,33.93014589,0.229366,0.00006373,0.00070324,0.00045435,-0.00013278,0.00083301,0.00011948,-0.00002443,-0.00002638,13:34:51..303,,,,
13:34:51..398,33.95083185,0.229366,0.0000635,0.00070339,0.00045385,-0.00013366,0.00083304,0.00011958,-0.00002427,-0.00002684,13:34:51..396,,,,
13:34:51..429,33.86291652,0.229563,0.00006388,0.00070339,0.00045431,-0.00013401,0.0008332,0.00011914,-0.00002399,-0.00002718,13:34:51..440,,,,
13:34:51..537,33.94048887,0.229563,0.00006373,0.00070349,0.00045409,-0.00013429,0.00083341,0.00011927,-0.00002426,-0.00002695,13:34:51..535,,,,
13:34:51..568,33.74914374,0.22965,0.00006354,0.00070335,0.00045446,-0.0001332,0.0008334,0.00011925,-0.00002352,-0.0000268,13:34:51..579,,,,
13:34:51..688,33.63537096,0.22965,0.00006403,0.00070363,0.00045374,-0.00013371,0.00083334,0.00011929,-0.00002415,-0.00002676,13:34:51..686,,,,
13:34:51..719,33.88877397,0.229499,0.00006317,0.00070263,0.00045447,-0.00013333,0.00083357,0.0001196,-0.00002384,-0.00002604,13:34:51..729,,,,
13:34:51..772,33.93014589,0.229087,0.00006323,0.00070266,0.00045475,-0.00013283,0.00083249,0.00011918,-0.00002441,-0.00002669,13:34:51..773,,,,
13:34:51..820,33.74397225,0.229087,0.00006344,0.00070349,0.00045474,-0.0001331,0.00083281,0.00011893,-0.00002361,-0.00002628,13:34:51..851,,,,
13:34:51..859,33.80085864,0.229087,0.00006369,0.00070338,0.0004547,-0.00013306,0.00083318,0.00011938,-0.00002394,-0.00002646,13:34:51..851,,,,
13:34:51..894,34.04391867,0.228612,0.00006384,0.00070356,0.00045391,-0.00013328,0.00083345,0.00011954,-0.0000242,-0.00002576,13:34:51..895,,,,
13:34:52..017,33.97151781,0.228612,0.00006371,0.00070335,0.00045422,-0.00013259,0.00083305,0.00011959,-0.00002422,-0.00002594,13:34:52..014,,,,
13:34:52..049,33.78534417,0.228224,0.00006368,0.00070327,0.00045408,-0.00013407,0.0008328,0.00011886,-0.00002449,-0.00002688,13:34:52..059,,,,
13:34:52..160,33.80085864,0.228224,0.00006367,0.00070272,0.00045412,-0.00013374,0.00083319,0.00011863,-0.00002399,-0.00002688,13:34:52..157,,,,
13:34:52..193,33.64054245,0.228013,0.0000627,0.00070253,0.00045448,-0.00013367,0.00083289,0.00011867,-0.00002408,-0.0000265,13:34:52..202,,,,
13:34:52..266,33.79051566,0.228013,0.000063,0.00070292,0.00045453,-0.0001342,0.0008327,0.00011844,-0.0000241,-0.00002636,13:34:52..264,,,,
13:34:52..299,33.81637311,0.227831,0.00006313,0.00070276,0.00045426,-0.00013352,0.00083323,0.00011879,-0.00002433,-0.00002657,13:34:52..308,,,,
13:34:52..419,33.82671609,0.227831,0.00006344,0.00070325,0.0004545,-0.0001328,0.00083329,0.00011912,-0.00002443,-0.00002676,13:34:52..416,,,,
13:34:52..450,33.72845778,0.227705,0.00006377,0.0007038,0.00045404,-0.00013447,0.00083215,0.00011838,-0.00002448,-0.00002698,13:34:52..459,,,,
13:34:52..580,33.88877397,0.227705,0.00006379,0.00070287,0.00045392,-0.00013418,0.00083212,0.00011862,-0.00002428,-0.00002648,13:34:52..578,,,,
13:34:52..612,33.70260033,0.227914,0.00006426,0.00070272,0.00045356,-0.00013341,0.00083314,0.00011826,-0.00002413,-0.00002691,13:34:52..621,,,,
13:34:52..683,33.88877397,0.227941,0.00006375,0.0007026,0.00045362,-0.00013385,0.00083392,0.00011833,-0.00002415,-0.0000265,13:34:52..727,,,,
13:34:52..733,33.75948672,0.227941,0.00006357,0.00070255,0.00045402,-0.00013305,0.00083423,0.00011862,-0.00002396,-0.00002638,13:34:52..727,,,,
13:34:52..767,33.79568715,0.227979,0.00006365,0.00070348,0.00045413,-0.00013382,0.00083353,0.00011834,-0.00002405,-0.00002639,13:34:52..727,,,,
13:34:52..848,33.77500119,0.227998,0.00006353,0.00070288,0.00045343,-0.00013446,0.00083343,0.00011808,-0.00002414,-0.00002683,13:34:52..882,,,,
13:34:52..931,33.86291652,0.227998,0.00006329,0.00070337,0.00045373,-0.0001336,0.00083313,0.00011841,-0.0000242,-0.00002671,13:34:52..929,,,,
13:34:52..964,33.81637311,0.22787,0.00006335,0.00070294,0.00045458,-0.00013281,0.00083316,0.00011938,-0.0000244,-0.00002707,13:34:52..929,,,,
13:34:53..060,33.90945993,0.22787,0.00006238,0.00070226,0.0004541,-0.00013338,0.00083267,0.00011957,-0.00002371,-0.00002682,13:34:53..104,,,,
13:34:53..140,33.84223056,0.22787,0.00006294,0.00070261,0.00045473,-0.00013282,0.00083302,0.00011901,-0.00002421,-0.00002719,13:34:53..104,,,,
13:34:53..174,33.91463142,0.227754,0.00006283,0.0007032,0.00045478,-0.00013305,0.0008323,0.00011913,-0.00002423,-0.00002678,13:34:53..149,,,,
13:34:53..208,33.72845778,0.227782,0.00006315,0.00070232,0.00045412,-0.00013344,0.00083272,0.00011882,-0.00002413,-0.0000268,13:34:53..251,,,,
13:34:53..307,33.89911695,0.227782,0.00006302,0.00070193,0.00045424,-0.00013367,0.00083292,0.00011913,-0.00002406,-0.00002664,13:34:53..306,,,,
13:34:53..339,33.77500119,0.227745,0.00006276,0.00070276,0.00045479,-0.00013311,0.00083233,0.00011903,-0.00002432,-0.00002785,13:34:53..350,,,,
13:34:53..411,33.8732595,0.227585,0.00006283,0.00070282,0.00045402,-0.00013376,0.00083276,0.00011878,-0.00002397,-0.00002749,13:34:53..451,,,,
13:34:53..457,33.69742884,0.227585,0.00006273,0.00070322,0.00045419,-0.00013299,0.0008326,0.00011934,-0.00002412,-0.00002764,13:34:53..451,,,,
13:34:53..491,33.70777182,0.227558,0.00006266,0.00070203,0.00045447,-0.00013406,0.00083236,0.0001188,-0.00002439,-0.00002629,13:34:53..495,,,,
13:34:53..626,33.56814159,0.227558,0.00006256,0.00070247,0.00045502,-0.00013376,0.00083218,0.00011834,-0.00002415,-0.00002699,13:34:53..623,,,,
13:34:53..658,33.85774503,0.227713,0.00006293,0.00070203,0.00045391,-0.00013409,0.00083251,0.00011799,-0.00002399,-0.00002698,13:34:53..668,,,,
13:34:53..772,33.66122841,0.227713,0.00006259,0.00070159,0.00045395,-0.0001332,0.00083279,0.00011751,-0.00002442,-0.00002667,13:34:53..769,,,,
13:34:53..805,33.94566036,0.227989,0.0000626,0.00070187,0.00045384,-0.00013427,0.00083201,0.00011861,-0.00002397,-0.0000261,13:34:53..769,,,,
13:34:53..890,34.06460463,0.227989,0.00006247,0.00070237,0.00045436,-0.00013364,0.00083203,0.00011846,-0.00002397,-0.00002619,13:34:53..945,,,,
13:34:53..962,33.75431523,0.227989,0.00006257,0.00070198,0.00045411,-0.00013371,0.00083191,0.00011862,-0.00002373,-0.00002611,13:34:53..945,,,,
13:34:53..995,33.43368285,0.228254,0.0000624,0.0007022,0.00045455,-0.00013295,0.00083256,0.00011844,-0.00002423,-0.000027,13:34:54..034,,,,
13:34:54..112,33.72328629,0.228254,0.00006258,0.0007018,0.00045448,-0.00013324,0.00083219,0.0001191,-0.00002395,-0.00002646,13:34:54..110,,,,
13:34:54..144,33.69225735,0.228372,0.00006258,0.00070172,0.00045496,-0.00013344,0.00083289,0.00011892,-0.00002393,-0.00002685,13:34:54..154,,,,
13:34:54..272,33.93531738,0.228372,0.00006281,0.0007018,0.00045446,-0.0001344,0.00083225,0.000119,-0.00002425,-0.00002685,13:34:54..269,,,,
13:34:54..304,33.79568715,0.228599,0.0000632,0.00070287,0.00045455,-0.00013367,0.00083268,0.00011897,-0.00002437,-0.00002677,13:34:54..269,,,,
13:34:54..392,34.01806122,0.228599,0.00006376,0.00070268,0.00045429,-0.00013333,0.00083271,0.00011887,-0.00002437,-0.00002706,13:34:54..444,,,,
13:34:54..489,33.96634632,0.228549,0.00006303,0.00070279,0.00045427,-0.00013359,0.00083305,0.00011899,-0.0000242,-0.00002683,13:34:54..488,,,,
13:34:54..526,33.69225735,0.228388,0.00006318,0.00070265,0.00045475,-0.00013381,0.00083258,0.00011865,-0.00002424,-0.00002694,13:34:54..531,,,,
13:34:54..651,33.7698297,0.228388,0.00006325,0.00070307,0.00045481,-0.00013312,0.00083333,0.00011853,-0.00002414,-0.00002654,13:34:54..650,,,,
13:34:54..683,34.131834,0.22815,0.00006271,0.0007021,0.00045437,-0.00013358,0.00083196,0.0001184,-0.00002394,-0.00002603,13:34:54..692,,,,
13:34:54..819,34.0284042,0.22815,0.00006254,0.00070248,0.00045442,-0.00013316,0.00083235,0.00011798,-0.00002418,-0.00002683,13:34:54..816,,,,
13:34:54..852,33.59917053,0.227904,0.00006224,0.00070221,0.00045475,-0.00013355,0.00083179,0.00011795,-0.00002441,-0.0000275,13:34:54..816,,,,
13:34:54..919,33.4078254,0.227904,0.00006203,0.00070172,0.00045464,-0.0001332,0.00083153,0.00011839,-0.00002376,-0.00002682,13:34:54..963,,,,
13:34:54..983,33.94566036,0.227904,0.00006272,0.00070189,0.00045444,-0.00013263,0.00083182,0.00011775,-0.00002399,-0.00002672,13:34:54..963,,,,
13:34:55..018,33.95600334,0.227523,0.00006266,0.00070165,0.00045409,-0.00013298,0.00083272,0.00011825,-0.00002401,-0.00002611,13:34:55..052,,,,
13:34:55..090,33.78534417,0.227451,0.00006279,0.00070183,0.0004544,-0.0001337,0.00083296,0.00011827,-0.00002402,-0.00002638,13:34:55..093,,,,
13:34:55..145,33.8732595,0.227451,0.0000628,0.00070264,0.000454,-0.00013352,0.00083271,0.00011828,-0.00002422,-0.00002669,13:34:55..093,,,,
13:34:55..178,33.82671609,0.22725,0.00006253,0.00070183,0.00045369,-0.00013487,0.00083269,0.00011876,-0.00002428,-0.0000271,13:34:55..197,,,,
13:34:55..248,33.60434202,0.22714,0.00006291,0.00070291,0.00045417,-0.00013356,0.00083187,0.00011798,-0.00002428,-0.00002734,13:34:55..308,,,,
13:34:55..358,34.03357569,0.22714,0.0000624,0.00070196,0.00045379,-0.00013419,0.00083233,0.00011863,-0.00002406,-0.0000271,13:34:55..357,,,,
13:34:55..393,33.65605692,0.227151,0.000063,0.00070185,0.00045419,-0.0001332,0.00083237,0.00011912,-0.00002403,-0.0000263,13:34:55..403,,,,
13:34:55..515,34.04391867,0.227151,0.00006322,0.00070173,0.00045395,-0.00013318,0.00083241,0.00011864,-0.00002408,-0.00002696,13:34:55..512,,,,
13:34:55..546,33.70260033,0.227271,0.00006262,0.00070129,0.00045487,-0.00013357,0.00083111,0.000118,-0.00002404,-0.00002669,13:34:55..555,,,,
13:34:55..677,33.88360248,0.227271,0.0000622,0.00070199,0.00045499,-0.00013289,0.00083196,0.00011812,-0.00002412,-0.00002674,13:34:55..674,,,,
13:34:55..709,33.78534417,0.227501,0.00006238,0.00070089,0.00045412,-0.00013385,0.00083167,0.00011875,-0.00002416,-0.0000268,13:34:55..674,,,,
13:34:55..787,33.63537096,0.227501,0.0000629,0.00070193,0.00045469,-0.00013313,0.00083187,0.00011841,-0.00002411,-0.00002656,13:34:55..840,,,,
13:34:55..846,33.76465821,0.227501,0.00006288,0.00070164,0.00045453,-0.00013371,0.0008318,0.00011784,-0.00002401,-0.00002717,13:34:55..840,,,,
13:34:55..879,33.76465821,0.227632,0.00006172,0.00070108,0.00045421,-0.00013471,0.00083131,0.00011762,-0.00002414,-0.00002692,13:34:55..884,,,,
13:34:56..026,33.77500119,0.227632,0.00006217,0.00070139,0.00045414,-0.00013416,0.00083133,0.00011803,-0.00002423,-0.00002596,13:34:56..023,,,,
13:34:56..058,33.86291652,0.227625,0.00006278,0.00070175,0.00045471,-0.00013433,0.00083205,0.00011872,-0.00002377,-0.00002616,13:34:56..023,,,,
13:34:56..132,33.85257354,0.227625,0.00006251,0.0007018,0.00045483,-0.00013421,0.00083129,0.00011855,-0.00002366,-0.00002685,13:34:56..172,,,,
13:34:56..207,33.87843099,0.227625,0.00006212,0.00070077,0.00045405,-0.00013447,0.00083127,0.00011847,-0.00002433,-0.00002698,13:34:56..172,,,,
13:34:56..240,33.614685,0.227278,0.00006271,0.00070166,0.00045408,-0.00013461,0.00083241,0.00011856,-0.00002426,-0.00002676,13:34:56..213,,,,
13:34:56..319,33.67157139,0.227278,0.00006232,0.00070181,0.00045412,-0.00013478,0.00083172,0.00011778,-0.00002438,-0.00002759,13:34:56..361,,,,
13:34:56..369,34.06977612,0.227278,0.00006205,0.00070182,0.00045413,-0.00013489,0.00083182,0.00011808,-0.00002426,-0.00002702,13:34:56..361,,,,
13:34:56..403,33.75948672,0.227049,0.00006297,0.00070153,0.00045422,-0.00013342,0.00083223,0.00011829,-0.00002371,-0.0000265,13:34:56..445,,,,
13:34:56..491,33.80085864,0.227053,0.00006168,0.00070143,0.00045505,-0.00013348,0.00083148,0.00011816,-0.00002418,-0.00002697,13:34:56..445,,,,
13:34:56..524,33.7181148,0.227053,0.00006241,0.00070139,0.00045438,-0.00013363,0.00083107,0.00011766,-0.00002418,-0.00002735,13:34:56..491,,,,
13:34:56..558,33.69742884,0.226785,0.00006254,0.00070138,0.00045412,-0.00013338,0.00083206,0.00011734,-0.00002405,-0.00002714,13:34:56..603,,,,
13:34:56..652,33.65088543,0.226785,0.00006237,0.00070163,0.00045445,-0.00013313,0.00083254,0.00011769,-0.00002384,-0.0000272,13:34:56..651,,,,
13:34:56..685,33.70777182,0.226626,0.00006124,0.0007007,0.00045429,-0.00013485,0.00083189,0.00011791,-0.00002401,-0.00002758,13:34:56..693,,,,
13:34:56..778,33.78017268,0.226626,0.00006128,0.00070043,0.00045392,-0.00013463,0.00083164,0.0001175,-0.00002406,-0.00002739,13:34:56..815,,,,
13:34:56..823,33.67157139,0.226626,0.00006127,0.00070058,0.00045348,-0.00013518,0.00083204,0.00011724,-0.00002425,-0.00002753,13:34:56..815,,,,
13:34:56..858,33.68191437,0.226219,0.00006203,0.0007009,0.00045433,-0.00013323,0.00083247,0.00011797,-0.00002382,-0.00002724,13:34:56..902,,,,
13:34:57..011,33.76465821,0.226219,0.00006241,0.000701,0.00045428,-0.00013323,0.00083233,0.00011766,-0.00002359,-0.00002658,13:34:57..009,,,,
13:34:57..043,33.62502798,0.225935,0.00006196,0.00070089,0.00045461,-0.00013307,0.00083156,0.00011726,-0.00002423,-0.00002662,13:34:57..009,,,,
13:34:57..126,33.74397225,0.225935,0.00006171,0.00070034,0.00045439,-0.00013422,0.00083152,0.00011752,-0.00002378,-0.00002669,13:34:57..179,,,,
13:34:57..213,33.68708586,0.225935,0.00006217,0.00070113,0.00045415,-0.00013365,0.00083117,0.00011798,-0.00002418,-0.00002683,13:34:57..179,,,,
13:34:57..248,33.68191437,0.225807,0.00006229,0.0007015,0.00045398,-0.00013299,0.00083098,0.00011803,-0.00002402,-0.00002679,13:34:57..269,,,,
13:34:57..384,33.73362927,0.225807,0.00006274,0.00070095,0.00045433,-0.00013365,0.00083133,0.00011778,-0.00002401,-0.0000265,13:34:57..383,,,,
13:34:57..419,33.8732595,0.225957,0.00006182,0.00070073,0.00045414,-0.00013447,0.00083114,0.00011765,-0.0000243,-0.00002678,13:34:57..383,,,,
13:34:57..501,33.5629701,0.225957,0.00006201,0.00070093,0.00045443,-0.00013415,0.00083126,0.00011778,-0.0000238,-0.00002703,13:34:57..562,,,,
13:34:57..577,34.1835489,0.225957,0.00006211,0.00070082,0.00045436,-0.00013439,0.00083108,0.00011725,-0.00002402,-0.00002668,13:34:57..562,,,,
13:34:57..610,33.42851136,0.226296,0.00006194,0.00070069,0.00045513,-0.00013295,0.00083089,0.00011726,-0.00002364,-0.00002686,13:34:57..650,,,,
13:34:57..764,33.50608371,0.226296,0.00006199,0.00070109,0.00045444,-0.00013363,0.0008313,0.00011777,-0.00002415,-0.00002696,13:34:57..761,,,,
13:34:57..798,33.7181148,0.226245,0.00006147,0.00070015,0.00045452,-0.00013311,0.00083171,0.0001167,-0.00002432,-0.00002684,13:34:57..808,,,,
13:34:57..887,33.86291652,0.226245,0.00006211,0.00070045,0.00045497,-0.00013334,0.00083146,0.00011665,-0.00002416,-0.00002678,13:34:57..930,,,,
13:34:57..943,33.22165176,0.226245,0.00006174,0.00070083,0.00045494,-0.000133,0.00083186,0.00011677,-0.0000238,-0.00002689,13:34:57..930,,,,
13:34:57..975,33.63019947,0.225508,0.00006095,0.00070014,0.00045469,-0.00013287,0.00083091,0.00011654,-0.00002443,-0.0000273,13:34:58..015,,,,
13:34:58..097,33.58365606,0.225508,0.00006146,0.00070057,0.00045413,-0.00013337,0.00083142,0.00011682,-0.00002412,-0.00002702,13:34:58..095,,,,
13:34:58..129,33.6663999,0.225209,0.00006162,0.00069988,0.00045459,-0.0001345,0.00083036,0.00011659,-0.00002405,-0.00002635,13:34:58..095,,,,
13:34:58..202,33.13890792,0.225209,0.00006153,0.00070013,0.00045504,-0.000134,0.00082992,0.00011662,-0.0000242,-0.000027,13:34:58..242,,,,
13:34:58..250,33.79568715,0.225209,0.0000612,0.00069969,0.00045444,-0.00013436,0.00082994,0.00011644,-0.0000242,-0.00002702,13:34:58..242,,,,
13:34:58..284,33.42851136,0.225245,0.0000617,0.00070045,0.00045401,-0.000134,0.00083073,0.00011671,-0.00002402,-0.00002638,13:34:58..287,,,,
13:34:58..411,33.3561105,0.225245,0.00006121,0.0007004,0.00045383,-0.00013435,0.00083052,0.00011605,-0.00002408,-0.00002643,13:34:58..287,,,,
13:34:58..443,33.41299689,0.225057,0.00006121,0.00069928,0.00045399,-0.00013478,0.00083074,0.00011719,-0.00002397,-0.00002712,13:34:58..454,,,,
13:34:58..532,33.55779861,0.225122,0.00006136,0.00070017,0.00045402,-0.00013387,0.00083055,0.00011689,-0.00002405,-0.00002667,13:34:58..590,,,,
13:34:58..664,33.5112552,0.225122,0.00006133,0.0006997,0.00045418,-0.00013411,0.0008305,0.00011644,-0.00002449,-0.00002658,13:34:58..662,,,,
13:34:58..696,33.54228414,0.225186,0.00006156,0.00069998,0.00045384,-0.00013423,0.00083129,0.00011682,-0.00002393,-0.0000262,13:34:58..708,,,,
13:34:58..790,33.68191437,0.225186,0.00006127,0.00070062,0.00045419,-0.00013421,0.00083045,0.00011714,-0.00002392,-0.0000261,13:34:58..866,,,,
13:34:58..879,33.60434202,0.225186,0.00006147,0.00069989,0.00045475,-0.00013414,0.00083055,0.00011685,-0.00002397,-0.00002686,13:34:58..866,,,,
13:34:58..911,33.43368285,0.225326,0.00006088,0.00070038,0.0004542,-0.00013491,0.00083218,0.00011695,-0.00002375,-0.00002662,13:34:58..953,,,,
13:34:59..065,33.43885434,0.225326,0.0000613,0.00070005,0.00045382,-0.00013542,0.00083096,0.00011697,-0.00002406,-0.00002676,13:34:59..090,,,,
13:34:59..100,33.46988328,0.225326,0.0000616,0.00070059,0.00045423,-0.00013482,0.00083095,0.00011714,-0.00002414,-0.00002653,13:34:59..090,,,,
13:34:59..134,33.70260033,0.225126,0.00006092,0.00070001,0.00045398,-0.00013401,0.000831,0.00011692,-0.0000241,-0.00002706,13:34:59..177,,,,
13:34:59..260,33.81637311,0.225073,0.00006131,0.00069951,0.00045391,-0.00013426,0.000831,0.00011674,-0.00002422,-0.000027,13:34:59..270,,,,
13:34:59..320,33.59399904,0.225085,0.0000607,0.00069956,0.00045416,-0.00013367,0.00083017,0.00011673,-0.00002425,-0.00002703,13:34:59..347,,,,
13:34:59..392,33.48022626,0.225085,0.00006126,0.00069869,0.00045414,-0.0001339,0.00083063,0.00011668,-0.00002438,-0.00002668,13:34:59..391,,,,
13:34:59..425,33.57331308,0.225092,0.00006064,0.0006993,0.00045447,-0.00013418,0.00083047,0.00011718,-0.00002364,-0.00002654,13:34:59..435,,,,
13:34:59..534,33.5629701,0.225092,0.0000608,0.00069918,0.00045385,-0.0001348,0.00083008,0.000116,-0.00002431,-0.00002657,13:34:59..576,,,,
13:34:59..623,33.36645348,0.225156,0.00006067,0.0006994,0.00045429,-0.00013482,0.0008299,0.00011633,-0.00002416,-0.0000272,13:34:59..622,,,,
13:34:59..657,33.39748242,0.225349,0.00006104,0.0006993,0.00045459,-0.00013306,0.00083087,0.00011602,-0.00002428,-0.00002679,13:34:59..666,,,,
13:34:59..741,33.59399904,0.225349,0.00006103,0.00069971,0.00045396,-0.00013428,0.00083058,0.0001159,-0.00002423,-0.00002625,13:34:59..788,,,,
13:34:59..808,33.46471179,0.225349,0.00006118,0.00069992,0.00045393,-0.00013395,0.00083099,0.00011629,-0.00002399,-0.00002666,13:34:59..788,,,,
13:34:59..841,33.18027984,0.225451,0.00006044,0.00069857,0.00045395,-0.00013452,0.00083042,0.00011609,-0.00002397,-0.00002655,13:34:59..874,,,,
13:35:00..003,31.97015118,0.225451,0.0000607,0.00069918,0.00045404,-0.00013304,0.00083015,0.00011603,-0.00002444,-0.0000269,13:35:00..000,,,,
13:35:00..036,-11.19627585,0.217682,0.00004568,0.00068122,0.00045502,-0.00013447,0.00081911,0.00010012,-0.00002403,-0.00002348,13:35:00..043,,,,
13:35:00..138,1.00326906,0.217682,0.00004518,0.00068137,0.00045446,-0.00013469,0.00081914,0.00009978,-0.00002406,-0.00002313,13:35:00..197,,,,
13:35:00..210,40.30142157,0.217682,0.00004495,0.00068062,0.00045461,-0.00013477,0.00081905,0.00009863,-0.00002444,-0.0000235,13:35:00..197,,,,
13:35:00..241,19.82232117,0.174819,0.000019,0.00063848,0.00045393,-0.00013626,0.00079451,0.00006585,-0.00002443,-0.00001449,13:35:00..283,,,,
13:35:00..400,6.99702597,0.174819,0.00001869,0.00063831,0.00045389,-0.00013682,0.00079447,0.00006548,-0.00002496,-0.00001439,13:35:00..397,,,,
13:35:00..432,17.61926643,0.145473,0.00000456,0.00061905,0.00045364,-0.00013877,0.00078564,0.00005182,-0.00002566,-0.00001821,13:35:00..441,,,,
13:35:00..524,20.31878421,0.126737,0.0000048,0.00061917,0.00045369,-0.00013838,0.00078511,0.0000513,-0.00002607,-0.00001825,13:35:00..575,,,,
13:35:00..629,11.92545594,0.126737,0.00000472,0.00061917,0.00045381,-0.00013891,0.00078548,0.00005207,-0.00002509,-0.00001785,13:35:00..628,,,,
13:35:00..662,6.16958757,0.109428,0.00000127,0.00060947,0.00045386,-0.00013927,0.00078162,0.00004837,-0.00002519,-0.00001701,13:35:00..671,,,,
13:35:00..749,7.8606648,0.109428,0.00000123,0.00060908,0.00045345,-0.00013962,0.00078196,0.00004766,-0.00002549,-0.00001686,13:35:00..753,,,,
13:35:00..783,11.74962528,0.086776,-0.00000177,0.00060407,0.00045399,-0.00013955,0.0007795,0.00004556,-0.0000252,-0.00001837,13:35:00..796,,,,
13:35:00..855,11.1704184,0.086776,-0.00000133,0.00060385,0.00045398,-0.00013953,0.00077969,0.0000459,-0.00002473,-0.00001822,13:35:00..904,,,,
13:35:00..913,8.21232612,0.086776,-0.00000153,0.0006037,0.00045421,-0.00013893,0.00077995,0.00004567,-0.00002518,-0.00001811,13:35:00..904,,,,
13:35:00..946,6.62985018,0.062157,-0.00000574,0.00059478,0.00045621,-0.00014008,0.00077652,0.00004214,-0.00002422,-0.00002178,13:35:00..998,,,,
13:35:01..052,6.78499488,0.062157,-0.00000596,0.00059481,0.00045616,-0.00014,0.00077614,0.00004247,-0.00002422,-0.00002184,13:35:01..050,,,,
13:35:01..087,9.11216538,0.051973,-0.00000685,0.00059177,0.00045673,-0.00013897,0.00077557,0.00004083,-0.00002342,-0.00002155,13:35:01..050,,,,
13:35:01..154,9.26213859,0.051973,-0.00000656,0.00059134,0.00045635,-0.00013988,0.0007758,0.00004119,-0.00002367,-0.00002171,13:35:01..194,,,,
13:35:01..213,8.62604532,0.051973,-0.00000651,0.00059153,0.00045637,-0.00013953,0.00077638,0.00004093,-0.00002351,-0.00002142,13:35:01..194,,,,
13:35:01..247,7.8606648,0.035419,-0.00000687,0.00059164,0.00045669,-0.00013935,0.00077598,0.00004058,-0.00002351,-0.00002159,13:35:01..283,,,,
13:35:01..379,7.71586308,0.035419,-0.00000678,0.00059104,0.00045704,-0.00013966,0.00077615,0.00004111,-0.00002357,-0.00002168,13:35:01..376,,,,
13:35:01..412,8.65190277,0.028806,-0.00000696,0.00059124,0.00045706,-0.00013922,0.00077575,0.00004033,-0.00002383,-0.00002154,13:35:01..420,,,,
13:35:01..534,8.61570234,0.028806,-0.00000723,0.00059107,0.00045641,-0.00013967,0.00077546,0.00004042,-0.00002341,-0.00002136,13:35:01..531,,,,
13:35:01..567,8.18646867,0.021172,-0.00000715,0.0005906,0.00045672,-0.00013933,0.00077539,0.0000401,-0.00002316,-0.00002124,13:35:01..573,,,,
13:35:01..670,8.12958228,0.021172,-0.00000764,0.00059072,0.00045673,-0.00013942,0.00077559,0.00004023,-0.00002372,-0.00002176,13:35:01..667,,,,
13:35:01..701,8.35712784,0.014887,-0.00000703,0.00059038,0.00045704,-0.00013936,0.00077562,0.00004061,-0.00002363,-0.00002072,13:35:01..710,,,,
13:35:01..824,8.35195635,0.014887,-0.00000733,0.00059092,0.00045693,-0.00013948,0.00077576,0.00004006,-0.00002313,-0.00002094,13:35:01..821,,,,
13:35:01..857,8.37264231,0.009504,-0.00000767,0.00059082,0.00045679,-0.0001394,0.00077547,0.00004003,-0.00002328,-0.00002089,13:35:01..867,,,,
13:35:01..978,8.27955549,0.009504,-0.00000732,0.00059043,0.00045678,-0.00013996,0.00077564,0.00003997,-0.00002339,-0.0000207,13:35:01..975,,,,
13:35:02..010,8.25886953,0.005222,-0.00000755,0.00059066,0.00045691,-0.00013929,0.00077565,0.00003994,-0.00002325,-0.00002037,13:35:01..975,,,,
13:35:02..095,8.4295287,0.005222,-0.00000787,0.00059034,0.00045666,-0.00013968,0.00077537,0.00003981,-0.00002349,-0.00002075,13:35:02..137,,,,
13:35:02..143,8.31058443,0.005222,-0.00000732,0.00059058,0.00045721,-0.000139,0.0007753,0.00003977,-0.00002341,-0.00002014,13:35:02..137,,,,
13:35:02..178,8.24335506,0.001122,-0.00000745,0.00058988,0.00045673,-0.0001396,0.00077543,0.00003987,-0.00002289,-0.00002037,13:35:02..181,,,,
13:35:02..292,8.30541294,0.001122,-0.00000787,0.00059065,0.00045654,-0.00013927,0.00077495,0.00004029,-0.00002305,-0.00002074,13:35:02..289,,,,
13:35:02..327,8.28989847,-0.001217,-0.0000079,0.0005904,0.00045635,-0.0001394,0.00077543,0.00003942,-0.00002308,-0.00002066,13:35:02..335,,,,
13:35:02..424,8.31058443,-0.001217,-0.00000786,0.00059033,0.00045679,-0.0001391,0.00077536,0.0000395,-0.00002346,-0.00002077,13:35:02..423,,,,
13:35:02..458,8.3260989,-0.00274,-0.00000739,0.00059054,0.00045606,-0.00013985,0.00077495,0.00003948,-0.00002328,-0.00002083,13:35:02..466,,,,
13:35:02..573,8.28989847,-0.00274,-0.00000797,0.00059029,0.00045668,-0.00013987,0.00077574,0.00003987,-0.00002337,-0.00002046,13:35:02..570,,,,
13:35:02..604,8.274384,-0.004419,-0.00000813,0.00059033,0.00045633,-0.00013939,0.00077492,0.00003932,-0.00002327,-0.00002052,13:35:02..613,,,,
13:35:02..729,8.30541294,-0.004419,-0.00000785,0.0005898,0.00045651,-0.00013994,0.0007749,0.00003947,-0.00002326,-0.00002066,13:35:02..727,,,,
13:35:02..762,8.29506996,-0.005725,-0.00000791,0.00058992,0.00045658,-0.00013992,0.00077493,0.00003879,-0.0000235,-0.0000207,13:35:02..769,,,,
13:35:02..876,8.34678486,-0.005725,-0.00000854,0.00058932,0.00045666,-0.00014037,0.00077512,0.00003887,-0.00002305,-0.00002028,13:35:02..873,,,,
13:35:02..908,8.30024145,-0.006842,-0.00000834,0.00058983,0.00045624,-0.00014009,0.00077469,0.00003921,-0.00002355,-0.0000203,13:35:02..916,,,,
13:35:03..038,8.25886953,-0.006842,-0.00000839,0.00058995,0.00045625,-0.00013943,0.00077483,0.00003875,-0.00002326,-0.00002041,13:35:03..035,,,,
13:35:03..070,8.3778138,-0.007854,-0.00000855,0.00058983,0.00045643,-0.00014034,0.00077486,0.00003867,-0.0000235,-0.00002107,13:35:03..079,,,,
13:35:03..206,8.27955549,-0.007854,-0.00000845,0.00059027,0.00045635,-0.00014001,0.00077482,0.00003855,-0.00002339,-0.00002093,13:35:03..203,,,,
13:35:03..237,8.4295287,-0.008314,-0.00000858,0.00058984,0.00045605,-0.00013969,0.00077507,0.00003891,-0.00002339,-0.00002031,13:35:03..248,,,,
13:35:03..352,8.34678486,-0.008314,-0.00000852,0.00058963,0.00045621,-0.00013966,0.00077481,0.00003875,-0.00002341,-0.00001996,13:35:03..349,,,,
13:35:03..384,8.26921251,-0.008462,-0.00000848,0.00058923,0.00045592,-0.00014024,0.00077467,0.00003892,-0.00002347,-0.00002064,13:35:03..392,,,,
13:35:03..484,8.31575592,-0.008462,-0.00000823,0.00058991,0.00045639,-0.00013968,0.00077468,0.00003888,-0.0000231,-0.00002031,13:35:03..482,,,,
13:35:03..516,8.36747082,-0.008508,-0.00000849,0.00058984,0.00045627,-0.00014,0.00077435,0.00003853,-0.00002318,-0.00002048,13:35:03..525,,,,
13:35:03..641,8.30541294,-0.008508,-0.00000815,0.00058911,0.00045593,-0.00014028,0.00077443,0.00003888,-0.00002302,-0.00002047,13:35:03..638,,,,
13:35:03..673,8.35195635,-0.008573,-0.00000866,0.00058948,0.000456,-0.00014021,0.00077451,0.00003858,-0.00002385,-0.0000203,13:35:03..682,,,,
13:35:03..795,8.41918572,-0.008573,-0.00000901,0.00058944,0.00045612,-0.00014033,0.00077451,0.00003832,-0.00002343,-0.00002059,13:35:03..792,,,,
13:35:03..827,8.25886953,-0.008703,-0.00000879,0.00058952,0.00045625,-0.00014018,0.00077409,0.00003863,-0.00002363,-0.00002,13:35:03..836,,,,
13:35:03..952,8.24335506,-0.008703,-0.00000859,0.00058898,0.00045637,-0.00014088,0.00077492,0.00003874,-0.00002359,-0.00002015,13:35:03..949,,,,
13:35:03..985,8.35712784,-0.008714,-0.0000088,0.00058889,0.00045621,-0.00014077,0.00077468,0.00003873,-0.00002333,-0.00002045,13:35:03..992,,,,
13:35:04..104,8.26404102,-0.008714,-0.00000867,0.00058933,0.00045561,-0.00014024,0.00077377,0.00003846,-0.0000237,-0.00002156,13:35:04..101,,,,
13:35:04..137,8.38298529,-0.008602,-0.0000091,0.00058916,0.00045625,-0.00014029,0.00077441,0.00003845,-0.0000233,-0.00002069,13:35:04..148,,,,
13:35:04..241,8.35195635,-0.008602,-0.00000886,0.00058897,0.00045582,-0.00014059,0.00077403,0.00003853,-0.0000232,-0.00002037,13:35:04..237,,,,
13:35:04..274,8.274384,-0.0085,-0.00000865,0.00058883,0.00045656,-0.0001405,0.00077396,0.00003839,-0.00002293,-0.00002059,13:35:04..282,,,,
13:35:04..395,8.28472698,-0.0085,-0.00000871,0.00058901,0.00045572,-0.0001408,0.00077388,0.00003813,-0.00002371,-0.00002068,13:35:04..391,,,,
13:35:04..428,8.38815678,-0.008294,-0.00000884,0.0005889,0.00045586,-0.00014092,0.00077383,0.00003847,-0.00002325,-0.00002048,13:35:04..391,,,,
13:35:04..530,8.26404102,-0.008294,-0.00000867,0.00058887,0.00045596,-0.00014083,0.00077439,0.00003801,-0.0000234,-0.00002057,13:35:04..571,,,,
13:35:04..579,8.31575592,-0.008294,-0.00000819,0.00058896,0.00045662,-0.00014031,0.00077374,0.00003857,-0.00002292,-0.00002057,13:35:04..571,,,,
13:35:04..613,8.36747082,-0.007997,-0.00000905,0.00058891,0.00045584,-0.00014079,0.00077334,0.00003812,-0.0000238,-0.00002099,13:35:04..617,,,,
13:35:04..718,8.39332827,-0.007997,-0.00000917,0.00058896,0.00045603,-0.00014113,0.00077386,0.00003819,-0.00002353,-0.00002076,13:35:04..715,,,,
13:35:04..749,8.30024145,-0.007994,-0.00000896,0.00058855,0.0004558,-0.00014081,0.0007735,0.00003823,-0.00002336,-0.00002095,13:35:04..715,,,,
13:35:04..815,8.35195635,-0.007994,-0.0000086,0.00058883,0.00045569,-0.00014099,0.00077431,0.00003834,-0.00002377,-0.00002044,13:35:04..845,,,,
13:35:04..853,8.28989847,-0.007994,-0.00000854,0.00058901,0.00045611,-0.00014085,0.00077365,0.00003824,-0.00002337,-0.00002027,13:35:04..845,,,,
13:35:04..887,8.29506996,-0.008015,-0.0000087,0.0005888,0.00045577,-0.00014103,0.00077349,0.00003813,-0.00002346,-0.00002091,13:35:04..890,,,,
13:35:05..022,8.33644188,-0.008015,-0.00000848,0.00058867,0.00045589,-0.00014079,0.00077345,0.00003855,-0.00002354,-0.00002056,13:35:05..019,,,,
13:35:05..053,8.35712784,-0.008088,-0.00000925,0.00058848,0.00045577,-0.00014105,0.00077381,0.00003814,-0.00002358,-0.00002069,13:35:05..060,,,,
13:35:05..147,8.37264231,-0.008088,-0.00000845,0.0005884,0.00045602,-0.00014122,0.00077388,0.0000382,-0.00002348,-0.00002053,13:35:05..144,,,,
13:35:05..177,8.30024145,-0.008025,-0.00000925,0.00058881,0.00045588,-0.00014111,0.00077339,0.00003788,-0.00002382,-0.00002038,13:35:05..144,,,,
13:35:05..242,8.31058443,-0.008025,-0.00000928,0.00058846,0.00045566,-0.00014131,0.00077363,0.00003814,-0.00002376,-0.00002068,13:35:05..279,,,,
13:35:05..288,8.34161337,-0.008025,-0.00000906,0.00058879,0.00045618,-0.00014107,0.00077349,0.00003781,-0.00002393,-0.00002047,13:35:05..279,,,,
13:35:05..322,8.34161337,-0.008003,-0.00000889,0.0005887,0.00045597,-0.00014085,0.00077386,0.00003795,-0.00002318,-0.00002114,13:35:05..323,,,,
13:35:05..420,8.31575592,-0.008003,-0.00000904,0.00058775,0.00045583,-0.00014142,0.00077392,0.00003759,-0.00002363,-0.00002078,13:35:05..417,,,,
13:35:05..451,8.31058443,-0.007824,-0.00000874,0.00058862,0.00045562,-0.00014136,0.00077381,0.00003815,-0.00002337,-0.00002057,13:35:05..462,,,,
13:35:05..589,8.28989847,-0.007824,-0.00000896,0.00058873,0.00045579,-0.00014074,0.00077361,0.00003781,-0.00002299,-0.0000208,13:35:05..586,,,,
13:35:05..621,8.34678486,-0.007807,-0.000009,0.00058806,0.00045543,-0.000141,0.00077351,0.00003751,-0.00002351,-0.00002073,13:35:05..630,,,,
13:35:05..740,8.32092741,-0.007807,-0.00000912,0.00058825,0.00045543,-0.00014163,0.00077351,0.00003793,-0.00002349,-0.00002125,13:35:05..739,,,,
13:35:05..772,8.3260989,-0.007597,-0.00000953,0.00058795,0.00045535,-0.00014143,0.00077333,0.0000377,-0.00002356,-0.0000212,13:35:05..781,,,,
13:35:05..901,8.28472698,-0.007597,-0.00000891,0.00058799,0.00045556,-0.00014111,0.00077301,0.00003831,-0.00002317,-0.00002082,13:35:05..898,,,,
13:35:05..932,8.32092741,-0.007384,-0.00000906,0.00058821,0.00045526,-0.00014102,0.00077299,0.00003768,-0.00002352,-0.00002109,13:35:05..941,,,,
13:35:06..039,8.31058443,-0.007384,-0.00000888,0.00058763,0.00045533,-0.00014114,0.00077287,0.0000382,-0.00002339,-0.00002123,13:35:06..036,,,,
13:35:06..071,8.3260989,-0.007345,-0.00000897,0.00058841,0.00045539,-0.00014081,0.00077319,0.00003766,-0.00002375,-0.00002115,13:35:06..036,,,,
13:35:06..142,8.31575592,-0.007345,-0.00000923,0.00058751,0.00045526,-0.00014158,0.00077319,0.00003799,-0.00002355,-0.00002118,13:35:06..189,,,,
13:35:06..224,8.33127039,-0.007345,-0.00000939,0.00058768,0.00045556,-0.00014117,0.00077287,0.00003802,-0.00002352,-0.00002161,13:35:06..189,,,,
13:35:06..258,8.29506996,-0.00723,-0.0000091,0.00058745,0.00045498,-0.00014139,0.00077299,0.00003788,-0.00002346,-0.00002115,13:35:06..275,,,,
13:35:06..387,8.30024145,-0.00723,-0.00000979,0.00058738,0.00045518,-0.00014145,0.00077292,0.00003735,-0.00002436,-0.00002124,13:35:06..384,,,,
13:35:06..419,8.25886953,-0.007179,-0.00000918,0.00058819,0.00045537,-0.00014146,0.00077305,0.00003754,-0.00002369,-0.00002104,13:35:06..429,,,,
13:35:06..554,8.30541294,-0.007179,-0.00000909,0.00058758,0.0004547,-0.00014124,0.00077296,0.00003777,-0.00002346,-0.00002143,13:35:06..551,,,,
13:35:06..586,8.26404102,-0.007084,-0.0000093,0.00058777,0.00045524,-0.00014099,0.00077298,0.00003754,-0.00002397,-0.00002118,13:35:06..595,,,,
13:35:06..701,8.27955549,-0.007084,-0.00000973,0.00058728,0.00045473,-0.00014145,0.00077316,0.00003781,-0.00002377,-0.00002134,13:35:06..697,,,,
13:35:06..734,8.30024145,-0.006977,-0.00000941,0.00058755,0.00045477,-0.00014115,0.00077273,0.0000376,-0.0000239,-0.00002132,13:35:06..741,,,,
13:35:06..860,8.31575592,-0.006977,-0.00000913,0.00058771,0.00045499,-0.00014113,0.00077262,0.00003727,-0.00002408,-0.00002105,13:35:06..857,,,,
13:35:06..892,8.27955549,-0.006753,-0.0000093,0.00058744,0.00045533,-0.00014088,0.0007726,0.00003746,-0.00002399,-0.00002094,13:35:06..900,,,,
13:35:07..009,8.30541294,-0.006753,-0.00000938,0.00058717,0.00045483,-0.00014141,0.00077287,0.00003768,-0.00002354,-0.00002111,13:35:07..006,,,,
13:35:07..040,8.31575592,-0.006563,-0.00000938,0.00058713,0.00045508,-0.00014198,0.00077275,0.00003733,-0.00002395,-0.00002143,13:35:07..006,,,,
13:35:07..107,8.31575592,-0.006563,-0.00000955,0.00058771,0.00045545,-0.0001411,0.00077239,0.00003752,-0.00002447,-0.00002165,13:35:07..154,,,,
13:35:07..163,8.33127039,-0.006563,-0.00000958,0.00058717,0.00045468,-0.00014163,0.0007725,0.00003768,-0.00002393,-0.00002124,13:35:07..154,,,,
13:35:07..197,8.31058443,-0.006455,-0.00000983,0.00058731,0.00045496,-0.00014178,0.00077293,0.00003729,-0.00002398,-0.00002122,13:35:07..199,,,,
13:35:07..317,8.3260989,-0.006455,-0.00000978,0.00058756,0.0004545,-0.00014144,0.00077266,0.00003693,-0.00002397,-0.00002164,13:35:07..313,,,,
13:35:07..348,8.29506996,-0.006093,-0.00000963,0.00058671,0.00045455,-0.00014157,0.00077244,0.00003717,-0.00002407,-0.0000216,13:35:07..357,,,,
13:35:07..473,8.27955549,-0.006093,-0.0000096,0.00058705,0.00045495,-0.00014174,0.00077218,0.00003725,-0.00002421,-0.00002164,13:35:07..470,,,,
13:35:07..505,8.33644188,-0.005831,-0.00000977,0.0005863,0.00045424,-0.00014203,0.00077241,0.00003769,-0.0000241,-0.00002181,13:35:07..514,,,,
13:35:07..629,8.33644188,-0.005831,-0.0000098,0.0005869,0.00045479,-0.00014152,0.00077204,0.0000367,-0.00002445,-0.00002176,13:35:07..626,,,,
13:35:07..661,8.33644188,-0.005578,-0.00001009,0.00058636,0.00045432,-0.00014201,0.00077211,0.00003709,-0.00002432,-0.00002139,13:35:07..671,,,,
13:35:07..772,8.35712784,-0.005578,-0.00000975,0.00058676,0.00045449,-0.00014155,0.000772,0.00003705,-0.00002422,-0.00002181,13:35:07..769,,,,
13:35:07..804,8.274384,-0.005504,-0.00000997,0.00058641,0.00045455,-0.0001418,0.00077219,0.00003712,-0.00002396,-0.00002152,13:35:07..811,,,,
13:35:07..869,8.27955549,-0.005504,-0.00000998,0.00058685,0.00045426,-0.00014131,0.00077205,0.00003717,-0.00002431,-0.0000217,13:35:07..865,,,,
13:35:07..899,8.3260989,-0.005521,-0.00001019,0.0005866,0.00045464,-0.00014188,0.00077196,0.00003695,-0.00002392,-0.00002197,13:35:07..865,,,,
13:35:07..962,8.29506996,-0.005521,-0.0000098,0.00058692,0.00045466,-0.00014166,0.00077235,0.00003719,-0.00002411,-0.00002208,13:35:07..909,,,,
13:35:07..997,8.31058443,-0.00552,-0.00001006,0.00058714,0.00045425,-0.0001415,0.00077214,0.0000365,-0.00002397,-0.000022,13:35:08..015,,,,
13:35:08..109,8.34678486,-0.00552,-0.00000958,0.00058726,0.0004546,-0.00014208,0.0007727,0.00003707,-0.00002417,-0.00002199,13:35:08..106,,,,
13:35:08..142,8.26921251,-0.005513,-0.00001027,0.00058724,0.0004546,-0.00014178,0.00077208,0.00003709,-0.00002461,-0.00002171,13:35:08..151,,,,
13:35:08..265,8.31575592,-0.005513,-0.00000985,0.00058675,0.00045461,-0.00014241,0.00077198,0.00003711,-0.00002388,-0.00002163,13:35:08..262,,,,
13:35:08..297,8.31575592,-0.005482,-0.00001025,0.00058662,0.00045454,-0.00014207,0.00077193,0.00003707,-0.00002396,-0.00002158,13:35:08..304,,,,
13:35:08..372,8.29506996,-0.005457,-0.00000977,0.00058615,0.000454,-0.00014241,0.0007718,0.00003695,-0.00002413,-0.00002213,13:35:08..412,,,,
13:35:08..426,8.29506996,-0.005457,-0.00000995,0.000587,0.00045472,-0.00014212,0.00077153,0.00003716,-0.00002457,-0.00002158,13:35:08..412,,,,
13:35:08..459,8.30024145,-0.005426,-0.00001023,0.00058662,0.0004548,-0.00014214,0.00077126,0.00003652,-0.00002403,-0.00002191,13:35:08..458,,,,
13:35:08..547,8.36229933,-0.005416,-0.0000098,0.00058634,0.00045438,-0.00014227,0.00077198,0.00003731,-0.00002431,-0.00002205,13:35:08..548,,,,
13:35:08..581,8.29506996,-0.005394,-0.00001048,0.00058632,0.00045441,-0.00014236,0.00077143,0.00003666,-0.00002427,-0.00002179,13:35:08..592,,,,
13:35:08..647,8.28472698,-0.005428,-0.00001036,0.00058636,0.00045446,-0.00014272,0.0007715,0.00003691,-0.00002424,-0.00002185,13:35:08..692,,,,
13:35:08..750,8.38815678,-0.005428,-0.00001017,0.00058637,0.00045416,-0.00014192,0.00077184,0.00003706,-0.00002401,-0.00002153,13:35:08..753,,,,
13:35:08..783,8.28472698,-0.005428,-0.00001056,0.00058682,0.00045419,-0.00014181,0.00077148,0.00003671,-0.00002454,-0.00002217,13:35:08..753,,,,
13:35:08..817,8.30024145,-0.005549,-0.00001029,0.00058602,0.00045429,-0.00014246,0.00077148,0.00003651,-0.00002446,-0.00002194,13:35:08..798,,,,
13:35:08..904,8.31575592,-0.005549,-0.0000105,0.00058616,0.00045386,-0.00014211,0.00077146,0.00003646,-0.00002424,-0.0000217,13:35:08..974,,,,
13:35:09..010,8.32092741,-0.005549,-0.00001047,0.00058603,0.00045427,-0.00014233,0.00077206,0.0000369,-0.00002402,-0.00002242,13:35:08..974,,,,
13:35:09..045,8.31575592,-0.005536,-0.00001085,0.00058619,0.00045407,-0.00014279,0.00077146,0.00003671,-0.00002443,-0.00002218,13:35:09..018,,,,
13:35:09..078,8.35195635,-0.005489,-0.0000103,0.00058664,0.00045437,-0.00014209,0.00077165,0.00003648,-0.00002452,-0.00002215,13:35:09..121,,,,
13:35:09..190,8.31058443,-0.005489,-0.0000104,0.00058632,0.00045431,-0.00014267,0.00077138,0.00003666,-0.00002462,-0.00002229,13:35:09..189,,,,
13:35:09..223,8.31058443,-0.005512,-0.00001063,0.00058656,0.00045416,-0.0001421,0.00077116,0.00003677,-0.00002433,-0.00002258,13:35:09..233,,,,
13:35:09..354,8.32092741,-0.005512,-0.00001054,0.0005861,0.00045413,-0.00014254,0.00077161,0.00003674,-0.00002425,-0.00002227,13:35:09..351,,,,
