Time,Pressure,Flow Rate (ml/s),Force 1,Force 2,Force 3,Force 4,Force 5,Force 6,Force 7,Force 8,Flow Meter Time,,,, 
13:46:25..371,4.29750819,-0.002748,-0.00002243,0.00056877,0.00044469,-0.00014953,0.00076565,0.00002802,-0.00003409,-0.00002898,13:46:25..391,,,,
13:46:25..440,4.26130776,-0.002748,-0.00002236,0.00056951,0.00044468,-0.00014869,0.00076448,0.00002776,-0.00003462,-0.00002915,13:46:25..450,,,,
13:46:25..472,4.25613627,-0.002898,-0.00002298,0.00056914,0.00044437,-0.00014968,0.00076461,0.0000274,-0.00003432,-0.00002909,13:46:25..493,,,,
13:46:25..543,4.30267968,-0.002898,-0.00002253,0.00056919,0.00044463,-0.00014909,0.00076452,0.00002799,-0.00003424,-0.00002898,13:46:25..607,,,,
13:46:25..630,4.24579329,-0.002898,-0.00002273,0.00056886,0.00044479,-0.00014925,0.00076477,0.00002779,-0.00003424,-0.0000296,13:46:25..607,,,,
13:46:25..664,4.2923367,-0.002891,-0.00002238,0.00056941,0.00044478,-0.00014947,0.00076433,0.00002775,-0.00003428,-0.00002953,13:46:25..695,,,,
13:46:25..797,4.36990905,-0.002891,-0.00002237,0.00056907,0.00044418,-0.00014985,0.00076491,0.00002804,-0.00003492,-0.00002949,13:46:25..795,,,,
13:46:25..828,4.19924988,-0.002806,-0.00002266,0.00056911,0.00044441,-0.00014977,0.00076468,0.00002753,-0.00003444,-0.00002883,13:46:25..838,,,,
13:46:25..940,4.25613627,-0.002806,-0.00002267,0.00056912,0.00044472,-0.0001493,0.00076453,0.00002779,-0.00003464,-0.00002871,13:46:25..993,,,,
13:46:26..012,4.28716521,-0.002806,-0.00002281,0.00056885,0.00044431,-0.0001499,0.00076481,0.00002777,-0.00003423,-0.00002914,13:46:25..993,,,,
13:46:26..043,4.31819415,-0.002495,-0.00002294,0.00056948,0.00044481,-0.00014912,0.00076493,0.00002763,-0.00003392,-0.00002947,13:46:26..082,,,,
13:46:26..178,4.28716521,-0.002495,-0.00002286,0.00056931,0.00044464,-0.0001494,0.0007648,0.00002757,-0.00003449,-0.00002929,13:46:26..179,,,,
13:46:26..212,4.27682223,-0.002405,-0.00002272,0.00056914,0.00044456,-0.00014923,0.0007647,0.00002765,-0.00003431,-0.00002937,13:46:26..223,,,,
13:46:26..353,4.31302266,-0.002405,-0.00002303,0.00056946,0.0004446,-0.00014906,0.00076413,0.00002774,-0.00003446,-0.0000292,13:46:26..351,,,,
13:46:26..384,4.30785117,-0.002441,-0.00002253,0.00056931,0.00044442,-0.00014941,0.00076428,0.00002757,-0.00003465,-0.0000291,13:46:26..397,,,,
13:46:26..520,4.27682223,-0.002441,-0.00002292,0.0005685,0.00044403,-0.00014958,0.00076527,0.00002747,-0.00003441,-0.00002944,13:46:26..518,,,,
13:46:26..551,4.32853713,-0.002444,-0.00002255,0.00056903,0.00044438,-0.00014959,0.00076439,0.00002761,-0.00003432,-0.00002912,13:46:26..518,,,,
13:46:26..629,4.33370862,-0.002444,-0.00002298,0.00056907,0.00044476,-0.00014943,0.00076447,0.00002792,-0.00003438,-0.00002882,13:46:26..638,,,,
13:46:26..673,4.2406218,-0.002444,-0.00002268,0.00056924,0.00044444,-0.00014903,0.00076471,0.00002747,-0.00003478,-0.00002922,13:46:26..638,,,,
13:46:26..708,4.27682223,-0.00264,-0.00002221,0.0005693,0.00044463,-0.00014924,0.00076469,0.00002786,-0.0000343,-0.00002939,13:46:26..725,,,,
13:46:26..839,4.31819415,-0.00264,-0.00002241,0.00056968,0.00044481,-0.00014912,0.00076479,0.00002824,-0.00003462,-0.00002921,13:46:26..837,,,,
13:46:26..871,4.30267968,-0.003013,-0.00002273,0.00056912,0.00044459,-0.00014942,0.00076476,0.00002776,-0.00003433,-0.00002917,13:46:26..879,,,,
13:46:26..993,4.30785117,-0.003013,-0.00002246,0.00056983,0.00044461,-0.00014949,0.00076427,0.0000275,-0.00003501,-0.00002992,13:46:26..991,,,,
13:46:27..024,4.28199372,-0.00328,-0.00002251,0.00056964,0.00044478,-0.00014934,0.00076421,0.00002779,-0.00003467,-0.00002904,13:46:27..034,,,,
13:46:27..085,4.31302266,-0.003303,-0.00002268,0.00056925,0.00044441,-0.00014931,0.00076432,0.0000274,-0.00003479,-0.00002976,13:46:27..148,,,,
13:46:27..167,4.31819415,-0.003303,-0.00002292,0.0005694,0.00044444,-0.00014918,0.0007645,0.00002794,-0.00003461,-0.0000298,13:46:27..148,,,,
13:46:27..201,4.28199372,-0.003355,-0.00002257,0.00056864,0.0004444,-0.00014945,0.00076502,0.00002765,-0.00003457,-0.00002885,13:46:27..234,,,,
13:46:27..368,4.29750819,-0.003355,-0.0000223,0.00056907,0.00044441,-0.00014886,0.00076459,0.00002821,-0.00003425,-0.0000287,13:46:27..366,,,,
13:46:27..400,4.27682223,-0.003357,-0.00002267,0.00056887,0.0004442,-0.0001498,0.00076451,0.0000276,-0.00003425,-0.00002919,13:46:27..410,,,,
13:46:27..529,4.2923367,-0.003357,-0.00002286,0.00056889,0.00044405,-0.00014956,0.00076459,0.00002764,-0.00003432,-0.00002866,13:46:27..527,,,,
13:46:27..561,4.26647925,-0.0033,-0.00002257,0.00056892,0.00044426,-0.00014929,0.0007645,0.00002778,-0.00003494,-0.00002971,13:46:27..572,,,,
13:46:27..678,4.27165074,-0.0033,-0.00002251,0.00056948,0.00044491,-0.00014901,0.00076444,0.00002791,-0.00003437,-0.00002878,13:46:27..676,,,,
13:46:27..710,4.29750819,-0.003245,-0.00002301,0.00056914,0.00044411,-0.0001497,0.00076492,0.0000278,-0.00003435,-0.00002948,13:46:27..719,,,,
13:46:27..750,4.33888011,-0.003343,-0.00002311,0.00056974,0.00044443,-0.00014943,0.00076416,0.00002803,-0.00003479,-0.00002927,13:46:27..764,,,,
13:46:27..795,4.2923367,-0.003396,-0.00002274,0.00056885,0.00044429,-0.00014986,0.00076481,0.00002733,-0.00003438,-0.00002897,13:46:27..815,,,,
13:46:27..853,4.25096478,-0.003396,-0.00002298,0.00056938,0.00044446,-0.00014909,0.00076431,0.00002767,-0.00003471,-0.00002923,13:46:27..815,,,,
13:46:27..887,4.28716521,-0.003483,-0.00002256,0.00056874,0.00044421,-0.00014954,0.00076466,0.00002744,-0.00003445,-0.00002933,13:46:27..905,,,,
13:46:28..015,4.2923367,-0.003483,-0.00002274,0.00056942,0.00044428,-0.00014911,0.00076487,0.0000279,-0.00003439,-0.00002909,13:46:28..013,,,,
13:46:28..047,4.23027882,-0.003422,-0.00002235,0.00056962,0.00044452,-0.00014922,0.00076443,0.00002762,-0.00003416,-0.00002935,13:46:28..056,,,,
13:46:28..164,4.32336564,-0.003422,-0.00002255,0.00056914,0.00044446,-0.00014988,0.00076476,0.00002819,-0.00003415,-0.00002923,13:46:28..162,,,,
13:46:28..196,4.22510733,-0.00298,-0.00002272,0.00056973,0.00044472,-0.00014935,0.00076461,0.00002773,-0.00003463,-0.00002969,13:46:28..205,,,,
13:46:28..334,4.27165074,-0.00298,-0.00002261,0.00056929,0.00044479,-0.00014938,0.00076533,0.00002776,-0.00003426,-0.00002893,13:46:28..332,,,,
13:46:28..366,19.5999471,-0.000659,-0.00002203,0.00057086,0.00044381,-0.00014965,0.000764,0.00002672,-0.00003459,-0.00002664,13:46:28..375,,,,
13:46:28..451,17.34000597,-0.000659,-0.00002249,0.00057046,0.00044363,-0.00014994,0.00076433,0.00002665,-0.0000338,-0.00002687,13:46:28..508,,,,
13:46:28..525,18.44670483,-0.000659,-0.00002244,0.00057044,0.00044399,-0.00014941,0.00076435,0.00002707,-0.0000347,-0.0000268,13:46:28..508,,,,
13:46:28..558,18.79319466,0.029863,-0.00002238,0.00057717,0.00044431,-0.00014814,0.00076594,0.00002863,-0.00003401,-0.0000244,13:46:28..595,,,,
13:46:28..740,19.73440584,0.029863,-0.00002198,0.00057659,0.00044475,-0.00014763,0.00076686,0.00002862,-0.00003424,-0.00002436,13:46:28..595,,,,
13:46:28..772,15.63858576,0.075607,-0.00002113,0.00058098,0.00044578,-0.00014688,0.00076816,0.00002791,-0.00003486,-0.00002264,13:46:28..785,,,,
13:46:28..881,15.73684407,0.075607,-0.0000209,0.00058159,0.00044565,-0.00014673,0.00076782,0.00002807,-0.00003472,-0.00002223,13:46:28..924,,,,
13:46:28..934,15.5661849,0.075607,-0.00002086,0.00058123,0.00044581,-0.00014679,0.00076822,0.00002796,-0.00003518,-0.00002228,13:46:28..924,,,,
13:46:28..968,16.63668333,0.113902,-0.00001956,0.00058363,0.00044506,-0.00014656,0.00076973,0.00002759,-0.00003572,-0.00001995,13:46:28..969,,,,
13:46:29..091,15.62824278,0.162139,-0.00001942,0.00058373,0.00044585,-0.0001464,0.00076965,0.00002782,-0.00003525,-0.00002005,13:46:29..137,,,,
13:46:29..193,15.7213296,0.162139,-0.00001992,0.00058373,0.00044565,-0.00014638,0.00076967,0.00002751,-0.00003582,-0.00001996,13:46:29..195,,,,
13:46:29..227,16.07299092,0.183669,-0.00001939,0.00058488,0.00044537,-0.00014533,0.00077055,0.0000276,-0.00003587,-0.00001956,13:46:29..195,,,,
13:46:29..296,16.41948075,0.203183,-0.00001961,0.00058438,0.00044563,-0.00014533,0.00077056,0.00002827,-0.00003666,-0.00001966,13:46:29..342,,,,
13:46:29..390,15.91784622,0.203183,-0.00001923,0.00058439,0.00044499,-0.0001453,0.00077069,0.00002771,-0.00003629,-0.00001965,13:46:29..390,,,,
13:46:29..424,16.10919135,0.220834,-0.00001775,0.00058751,0.00044573,-0.00014473,0.00077231,0.00002778,-0.00003595,-0.00001788,13:46:29..433,,,,
13:46:29..518,16.12470582,0.220834,-0.00001781,0.00058745,0.00044533,-0.00014493,0.00077254,0.00002784,-0.00003655,-0.00001707,13:46:29..574,,,,
13:46:29..608,16.10401986,0.220834,-0.00001783,0.00058661,0.00044523,-0.00014455,0.00077248,0.00002781,-0.00003653,-0.00001744,13:46:29..574,,,,
13:46:29..642,16.17642072,0.250091,-0.00001611,0.0005887,0.00044464,-0.00014458,0.00077448,0.00002962,-0.00003634,-0.00001547,13:46:29..662,,,,
13:46:29..767,15.96956112,0.250091,-0.00001637,0.00058794,0.00044433,-0.00014485,0.00077396,0.0000293,-0.00003614,-0.00001503,13:46:29..767,,,,
13:46:29..801,16.35225138,0.267344,-0.000015,0.00058985,0.00044406,-0.00014473,0.00077509,0.00003045,-0.00003626,-0.00001497,13:46:29..810,,,,
13:46:29..886,16.06781943,0.267344,-0.00001508,0.00058855,0.0004436,-0.0001459,0.00077535,0.00002995,-0.00003588,-0.00001465,13:46:29..937,,,,
13:46:29..945,16.09367688,0.267344,-0.00001519,0.00058935,0.00044365,-0.0001451,0.00077492,0.00003003,-0.00003662,-0.00001489,13:46:29..937,,,,
13:46:29..980,16.31087946,0.285161,-0.00001383,0.00059011,0.00044364,-0.00014533,0.00077535,0.0000308,-0.00003563,-0.00001305,13:46:29..981,,,,
13:46:30..107,16.3936233,0.285161,-0.00001389,0.00059026,0.00044316,-0.00014491,0.00077543,0.00003027,-0.00003588,-0.000013,13:46:29..981,,,,
13:46:30..140,16.23330711,0.295267,-0.00001309,0.00059081,0.00044295,-0.00014478,0.00077652,0.00003082,-0.00003565,-0.00001293,13:46:30..152,,,,
13:46:30..212,15.97473261,0.295267,-0.00001335,0.00059085,0.00044352,-0.00014437,0.00077632,0.00003091,-0.00003609,-0.00001241,13:46:30..254,,,,
13:46:30..269,16.35742287,0.295267,-0.00001293,0.00059083,0.0004434,-0.00014466,0.00077648,0.00003104,-0.00003549,-0.00001264,13:46:30..254,,,,
13:46:30..303,16.81251399,0.304912,-0.00001274,0.00059148,0.00044327,-0.00014476,0.0007773,0.00003217,-0.00003558,-0.00001174,13:46:30..342,,,,
13:46:30..429,16.29536499,0.304912,-0.00001319,0.000591,0.00044266,-0.00014515,0.00077799,0.00003175,-0.00003579,-0.00001203,13:46:30..428,,,,
13:46:30..461,16.69874121,0.309826,-0.0000118,0.0005929,0.00044283,-0.00014442,0.00077831,0.00003223,-0.00003511,-0.00001253,13:46:30..470,,,,
13:46:30..578,16.6004829,0.309826,-0.00001188,0.00059265,0.0004427,-0.00014467,0.00077808,0.00003214,-0.00003567,-0.00001168,13:46:30..576,,,,
13:46:30..612,16.63151184,0.313398,-0.00001143,0.00059364,0.00044294,-0.0001442,0.00077911,0.00003233,-0.00003529,-0.00001104,13:46:30..619,,,,
13:46:30..678,16.83837144,0.313398,-0.00001139,0.00059357,0.00044274,-0.00014406,0.00077847,0.00003223,-0.00003535,-0.00001098,13:46:30..733,,,,
13:46:30..742,16.70908419,0.313398,-0.00001151,0.00059325,0.00044215,-0.0001447,0.00077878,0.00003191,-0.00003508,-0.00001107,13:46:30..733,,,,
13:46:30..775,16.83319995,0.316034,-0.00001091,0.00059472,0.0004429,-0.00014376,0.00078009,0.00003368,-0.0000351,-0.00000952,13:46:30..777,,,,
13:46:30..868,17.14866084,0.316034,-0.00001079,0.0005952,0.00044285,-0.00014287,0.00078,0.00003366,-0.00003542,-0.0000096,13:46:30..925,,,,
13:46:30..936,16.84354293,0.316034,-0.0000106,0.00059479,0.00044247,-0.00014417,0.00078029,0.00003367,-0.00003477,-0.00000961,13:46:30..925,,,,
13:46:30..969,17.07108849,0.318466,-0.00000967,0.00059634,0.000442,-0.00014377,0.00078073,0.00003426,-0.00003523,-0.00000927,13:46:31..010,,,,
13:46:31..110,17.48997918,0.318466,-0.00000975,0.0005967,0.0004421,-0.00014397,0.00078146,0.00003444,-0.00003459,-0.0000089,13:46:31..108,,,,
13:46:31..141,17.31932001,0.319579,-0.00000793,0.00059874,0.0004426,-0.00014256,0.00078253,0.00003535,-0.00003478,-0.00000822,13:46:31..153,,,,
13:46:31..278,17.83129752,0.319579,-0.00000793,0.00059836,0.00044214,-0.00014298,0.00078232,0.0000356,-0.00003485,-0.00000844,13:46:31..276,,,,
13:46:31..310,18.07952904,0.319386,-0.00000734,0.00059985,0.00044209,-0.00014263,0.00078292,0.00003632,-0.00003441,-0.00000838,13:46:31..276,,,,
13:46:31..366,17.90369838,0.31937,-0.0000072,0.00059973,0.00044166,-0.00014297,0.00078304,0.00003671,-0.0000348,-0.00000876,13:46:31..418,,,,
13:46:31..478,17.82095454,0.31937,-0.00000691,0.00059994,0.00044148,-0.00014298,0.00078305,0.00003626,-0.0000348,-0.00000855,13:46:31..478,,,,
13:46:31..510,17.77441113,0.319552,-0.00000548,0.00060209,0.00044153,-0.00014198,0.00078401,0.0000375,-0.0000347,-0.00000764,13:46:31..478,,,,
13:46:31..594,18.14158692,0.319552,-0.00000595,0.00060177,0.0004421,-0.00014237,0.00078496,0.00003772,-0.00003402,-0.00000779,13:46:31..644,,,,
13:46:31..653,18.4105044,0.319552,-0.00000538,0.00060186,0.0004419,-0.00014243,0.00078405,0.0000376,-0.00003397,-0.0000069,13:46:31..644,,,,
13:46:31..686,18.16227288,0.319774,-0.00000411,0.00060342,0.00044155,-0.00014343,0.00078557,0.00003912,-0.00003417,-0.00000694,13:46:31..687,,,,
13:46:31..788,18.32776056,0.320094,-0.0000042,0.00060408,0.0004413,-0.00014291,0.00078542,0.00003942,-0.00003432,-0.00000701,13:46:31..821,,,,
13:46:31..882,18.92248191,0.320094,-0.00000427,0.00060337,0.0004412,-0.00014303,0.00078519,0.00003868,-0.00003421,-0.00000668,13:46:31..883,,,,
13:46:31..915,18.72596529,0.32013,-0.00000268,0.00060633,0.00043971,-0.0001429,0.00078719,0.00004069,-0.00003404,-0.00000697,13:46:31..927,,,,
13:46:32..045,18.68459337,0.32013,-0.00000264,0.00060666,0.00044007,-0.00014275,0.00078699,0.00004016,-0.00003451,-0.0000067,13:46:31..927,,,,
13:46:32..080,19.31034366,0.319624,-0.00000052,0.00060935,0.00043962,-0.0001426,0.00078908,0.00004237,-0.00003382,-0.00000591,13:46:32..051,,,,
13:46:32..152,19.35171558,0.319624,-0.00000101,0.00060914,0.00043939,-0.00014221,0.00078847,0.00004202,-0.000034,-0.00000632,13:46:32..213,,,,
13:46:32..221,19.95160842,0.319624,-0.00000092,0.00060929,0.00043966,-0.00014235,0.00078908,0.0000425,-0.00003367,-0.00000615,13:46:32..213,,,,
13:46:32..254,19.5999471,0.31882,0.00000172,0.00061235,0.00043959,-0.00014237,0.0007906,0.00004454,-0.00003379,-0.00000523,13:46:32..257,,,,
13:46:32..377,20.02918077,0.31882,0.00000165,0.00061198,0.00043896,-0.00014281,0.00079072,0.00004466,-0.00003363,-0.00000541,13:46:32..419,,,,
13:46:32..432,20.40152805,0.31882,0.00000145,0.00061233,0.00043918,-0.00014278,0.00079033,0.00004434,-0.00003388,-0.00000581,13:46:32..419,,,,
13:46:32..466,20.63941659,0.318095,0.00000375,0.00061589,0.00043834,-0.00014181,0.0007931,0.00004718,-0.00003371,-0.00000609,13:46:32..508,,,,
13:46:32..595,20.88764811,0.318095,0.00000376,0.00061583,0.00043854,-0.00014187,0.00079199,0.00004722,-0.00003369,-0.00000627,13:46:32..594,,,,
13:46:32..629,21.21345198,0.317366,0.00000574,0.00061872,0.00043859,-0.0001417,0.00079395,0.00004924,-0.00003442,-0.00000671,13:46:32..637,,,,
13:46:32..751,21.53408436,0.317366,0.00000586,0.0006184,0.00043859,-0.00014151,0.00079443,0.00004962,-0.00003393,-0.00000729,13:46:32..750,,,,
13:46:32..784,21.93746058,0.316115,0.00000822,0.00062167,0.00043852,-0.00014215,0.00079633,0.00005216,-0.00003355,-0.00000668,13:46:32..793,,,,
13:46:32..867,21.85471674,0.316115,0.00000852,0.00062203,0.00043886,-0.00014169,0.00079709,0.00005268,-0.00003343,-0.00000648,13:46:32..915,,,,
13:46:32..923,22.74421302,0.316115,0.00000842,0.00062168,0.00043846,-0.00014191,0.00079661,0.00005217,-0.00003375,-0.00000651,13:46:32..915,,,,
13:46:32..957,22.71835557,0.314628,0.00001087,0.00062559,0.00043857,-0.00014145,0.00079828,0.00005496,-0.00003371,-0.00000714,13:46:32..960,,,,
13:46:33..094,23.12690328,0.314628,0.0000111,0.0006253,0.00043833,-0.00014175,0.00079855,0.00005472,-0.00003335,-0.00000693,13:46:33..092,,,,
13:46:33..127,23.59233738,0.314562,0.00001385,0.00062992,0.00043856,-0.00014151,0.00080109,0.00005824,-0.00003342,-0.00000773,13:46:33..136,,,,
13:46:33..205,23.52510801,0.314562,0.0000142,0.00063029,0.00043832,-0.00014117,0.00080103,0.00005793,-0.00003399,-0.00000778,13:46:33..254,,,,
13:46:33..262,24.36288939,0.314562,0.00001424,0.00062967,0.00043864,-0.00014154,0.00080114,0.00005826,-0.00003328,-0.00000783,13:46:33..254,,,,
13:46:33..296,24.41977578,0.313875,0.00001692,0.00063346,0.00043802,-0.00014089,0.00080364,0.00006136,-0.00003375,-0.00000809,13:46:33..299,,,,
13:46:33..371,24.60077793,0.312962,0.00001739,0.0006328,0.00043767,-0.00014143,0.00080391,0.00006131,-0.0000333,-0.00000773,13:46:33..405,,,,
13:46:33..450,25.03518309,0.312962,0.00001652,0.00063346,0.00043821,-0.00014154,0.00080331,0.00006187,-0.00003352,-0.00000784,13:46:33..449,,,,
13:46:33..483,25.85745,0.311974,0.0000203,0.0006382,0.00043902,-0.0001409,0.00080663,0.00006577,-0.00003361,-0.0000095,13:46:33..494,,,,
13:46:33..569,25.83676404,0.311974,0.00002044,0.00063805,0.00043909,-0.00013993,0.00080664,0.0000662,-0.00003342,-0.00000945,13:46:33..629,,,,
13:46:33..651,26.46768582,0.311974,0.00002064,0.00063802,0.00043867,-0.00014091,0.00080748,0.00006578,-0.00003324,-0.00000925,13:46:33..629,,,,
13:46:33..685,26.8400331,0.309036,0.00002451,0.00064417,0.00043956,-0.00014002,0.00080947,0.00007161,-0.00003358,-0.00001093,13:46:33..716,,,,
13:46:33..833,27.21238038,0.309036,0.00002443,0.00064373,0.00043953,-0.0001408,0.0008098,0.00007163,-0.00003291,-0.00001052,13:46:33..831,,,,
13:46:33..865,27.8743311,0.307321,0.00002955,0.00064994,0.00044011,-0.00013952,0.00081345,0.00007666,-0.00003324,-0.00001272,13:46:33..876,,,,
13:46:33..952,28.27770732,0.307321,0.00002937,0.00065001,0.00043922,-0.0001394,0.00081344,0.0000766,-0.00003268,-0.00001273,13:46:33..983,,,,
13:46:33..996,28.81554228,0.307321,0.00002915,0.00064968,0.00043913,-0.00013914,0.00081297,0.00007588,-0.000033,-0.00001207,13:46:33..983,,,,
13:46:34..031,29.02240188,0.305181,0.00003321,0.00065571,0.00043963,-0.00013938,0.00081759,0.00008194,-0.00003289,-0.00001379,13:46:34..070,,,,
13:46:34..145,29.41026363,0.305181,0.00003359,0.00065629,0.00043992,-0.00013858,0.00081743,0.00008236,-0.00003317,-0.00001365,13:46:34..144,,,,
13:46:34..178,30.05669988,0.304157,0.00003717,0.00066024,0.0004399,-0.00013853,0.00082013,0.00008712,-0.000033,-0.00001484,13:46:34..144,,,,
13:46:34..254,30.61004931,0.304157,0.00003721,0.00065969,0.0004398,-0.00013888,0.00082065,0.00008725,-0.00003262,-0.00001498,13:46:34..346,,,,
13:46:34..354,30.93585318,0.304157,0.00003692,0.00065964,0.0004403,-0.00013817,0.00082055,0.00008725,-0.00003282,-0.00001422,13:46:34..346,,,,
13:46:34..390,31.67537625,0.300578,0.00004255,0.00066652,0.00044036,-0.00013876,0.0008243,0.00009446,-0.00003293,-0.00001782,13:46:34..470,,,,
13:46:34..527,31.1840847,0.300578,0.0000421,0.00066633,0.00044076,-0.00013918,0.000824,0.00009409,-0.00003224,-0.00001798,13:46:34..540,,,,
13:46:34..559,32.08392396,0.299975,0.00004361,0.00066673,0.00044032,-0.00013929,0.00082655,0.0000974,-0.00003222,-0.00001744,13:46:34..540,,,,
13:46:34..619,31.84086393,0.299281,0.00004422,0.00066815,0.00044073,-0.00013815,0.00082679,0.0000972,-0.00003228,-0.00001774,13:46:34..668,,,,
13:46:34..683,33.19062282,0.299281,0.00004482,0.00066838,0.00044091,-0.00013826,0.00082672,0.0000975,-0.00003225,-0.00001798,13:46:34..668,,,,
13:46:34..715,36.01942785,0.295995,0.00004883,0.00067365,0.00044145,-0.00013889,0.0008307,0.00010373,-0.00003283,-0.00002098,13:46:34..756,,,,
13:46:34..861,35.66259504,0.295995,0.00004899,0.00067385,0.00044109,-0.00013861,0.00082977,0.00010369,-0.0000325,-0.0000207,13:46:34..860,,,,
13:46:34..894,35.38850607,0.293402,0.00005194,0.0006777,0.00044134,-0.00013864,0.00083317,0.00010891,-0.00003229,-0.0000226,13:46:34..860,,,,
13:46:34..992,36.44866152,0.293402,0.00005164,0.00067733,0.00044122,-0.00013944,0.00083349,0.00010819,-0.00003216,-0.00002273,13:46:35..034,,,,
13:46:35..041,34.79895621,0.293402,0.0000517,0.00067727,0.0004415,-0.00013883,0.00083331,0.00010882,-0.00003271,-0.00002229,13:46:35..034,,,,
13:46:35..075,36.22111596,0.290683,0.00005517,0.0006806,0.00044208,-0.00013863,0.00083524,0.00011384,-0.00003228,-0.00002449,13:46:35..077,,,,
13:46:35..200,36.36074619,0.290683,0.00005527,0.00068073,0.00044207,-0.00013969,0.00083648,0.00011408,-0.00003242,-0.00002448,13:46:35..198,,,,
13:46:35..231,36.92961009,0.288244,0.00005802,0.00068225,0.00044195,-0.00013948,0.00083625,0.00011645,-0.00003248,-0.0000255,13:46:35..198,,,,
13:46:35..349,36.13837212,0.288244,0.00005792,0.00068162,0.0004419,-0.00014015,0.00083696,0.00011661,-0.00003179,-0.00002542,13:46:35..391,,,,
13:46:35..399,37.68464763,0.288244,0.00005748,0.00068271,0.00044201,-0.00014002,0.00083644,0.00011677,-0.00003186,-0.00002556,13:46:35..391,,,,
13:46:35..432,37.51398846,0.285125,0.00005998,0.00068449,0.00044173,-0.00014009,0.0008386,0.00012068,-0.00003194,-0.0000273,13:46:35..435,,,,
13:46:35..553,36.67103559,0.285125,0.00006012,0.00068428,0.00044221,-0.00013947,0.00083768,0.00012118,-0.00003232,-0.00002735,13:46:35..551,,,,
13:46:35..585,37.73119104,0.282691,0.00006131,0.00068609,0.00044285,-0.00014084,0.00084003,0.0001231,-0.00003222,-0.00002874,13:46:35..594,,,,
13:46:35..647,37.96390809,0.281943,0.00006101,0.00068585,0.00044265,-0.00014059,0.00084024,0.00012313,-0.00003226,-0.000029,13:46:35..689,,,,
13:46:35..696,37.74153402,0.281943,0.00006067,0.00068603,0.00044279,-0.00014043,0.00083973,0.00012312,-0.00003229,-0.0000289,13:46:35..689,,,,
13:46:35..730,37.77256296,0.280518,0.00006163,0.00068628,0.00044215,-0.00014037,0.00083996,0.00012487,-0.00003253,-0.00002865,13:46:35..732,,,,
13:46:35..862,37.30195737,0.280518,0.00006255,0.00068664,0.00044247,-0.00014012,0.00083989,0.00012462,-0.00003249,-0.00002904,13:46:35..859,,,,
13:46:35..896,38.53277199,0.277621,0.00006341,0.00068824,0.00044306,-0.0001409,0.00084109,0.0001265,-0.00003177,-0.00003031,13:46:35..904,,,,
13:46:36..022,37.93805064,0.277621,0.00006336,0.00068808,0.00044314,-0.00014076,0.00084123,0.00012613,-0.00003247,-0.00003048,13:46:36..021,,,,
13:46:36..056,38.6827452,0.275486,0.0000641,0.00068953,0.00044351,-0.00014024,0.00084161,0.00012848,-0.00003204,-0.00003125,13:46:36..066,,,,
13:46:36..158,38.90511927,0.273929,0.00006378,0.00068885,0.00044347,-0.00014051,0.00084228,0.00012857,-0.00003231,-0.00003153,13:46:36..196,,,,
13:46:36..243,38.70343116,0.273929,0.00006353,0.00068914,0.00044337,-0.00014056,0.00084206,0.00012788,-0.00003227,-0.0000314,13:46:36..242,,,,
13:46:36..277,38.24316855,0.273466,0.00006425,0.00068929,0.00044253,-0.00014171,0.00084215,0.00012905,-0.00003246,-0.00003224,13:46:36..242,,,,
13:46:36..357,38.28971196,0.273466,0.00006458,0.00068849,0.0004422,-0.00014152,0.00084222,0.00012933,-0.00003151,-0.00003197,13:46:36..405,,,,
13:46:36..414,38.71377414,0.273466,0.00006402,0.00068914,0.00044333,-0.00014089,0.0008417,0.00013038,-0.00003216,-0.00003198,13:46:36..405,,,,
13:46:36..447,38.45519964,0.271568,0.00006495,0.00068952,0.00044308,-0.00014199,0.00084255,0.00012998,-0.00003218,-0.00003286,13:46:36..451,,,,
13:46:36..581,38.75514606,0.271568,0.00006471,0.00068921,0.00044346,-0.00014165,0.00084255,0.00013051,-0.00003235,-0.0000324,13:46:36..578,,,,
13:46:36..612,38.81203245,0.270367,0.00006592,0.00068998,0.00044336,-0.00014155,0.00084357,0.00013078,-0.00003222,-0.00003353,13:46:36..621,,,,
13:46:36..761,38.93097672,0.270367,0.00006573,0.00069092,0.00044339,-0.00014153,0.00084375,0.00013163,-0.00003192,-0.00003378,13:46:36..759,,,,
13:46:36..793,39.24126612,0.268872,0.0000674,0.00069099,0.00044279,-0.00014208,0.00084358,0.00013258,-0.00003178,-0.00003334,13:46:36..802,,,,
13:46:36..915,38.79651798,0.268872,0.00006684,0.00069054,0.00044294,-0.00014173,0.00084259,0.00013302,-0.00003154,-0.00003365,13:46:36..913,,,,
13:46:36..947,39.38089635,0.267589,0.00006651,0.00069139,0.00044367,-0.00014136,0.00084349,0.0001336,-0.00003167,-0.00003426,13:46:36..913,,,,
13:46:37..026,39.28263804,0.267589,0.0000673,0.00069169,0.00044344,-0.00014113,0.00084338,0.0001331,-0.00003199,-0.00003408,13:46:37..067,,,,
13:46:37..084,38.77066053,0.267589,0.00006723,0.00069131,0.00044317,-0.00014128,0.00084325,0.00013335,-0.00003194,-0.00003399,13:46:37..067,,,,
13:46:37..117,38.60517285,0.26661,0.00006691,0.00069136,0.00044371,-0.00014126,0.0008432,0.00013419,-0.00003168,-0.00003508,13:46:37..153,,,,
13:46:37..247,38.73963159,0.26661,0.0000669,0.00069056,0.00044365,-0.00014138,0.00084337,0.00013375,-0.0000315,-0.00003481,13:46:37..245,,,,
13:46:37..278,38.84823288,0.266246,0.00006681,0.00069176,0.00044398,-0.00014028,0.00084345,0.00013429,-0.00003194,-0.00003508,13:46:37..289,,,,
13:46:37..401,39.01372056,0.266246,0.00006723,0.00069101,0.00044384,-0.0001406,0.00084426,0.00013434,-0.00003189,-0.00003507,13:46:37..401,,,,
13:46:37..434,38.95166268,0.265955,0.00006706,0.0006917,0.0004432,-0.00014155,0.00084392,0.00013505,-0.00003204,-0.00003593,13:46:37..401,,,,
13:46:37..526,39.11197887,0.265955,0.0000667,0.00069125,0.00044348,-0.00014176,0.00084378,0.00013437,-0.00003207,-0.00003617,13:46:37..567,,,,
13:46:37..614,38.90511927,0.265684,0.00006775,0.00069135,0.00044287,-0.00014172,0.0008444,0.00013492,-0.00003188,-0.00003579,13:46:37..614,,,,
13:46:37..649,39.09129291,0.265552,0.00006781,0.00069143,0.00044257,-0.00014276,0.00084425,0.00013444,-0.00003229,-0.00003575,13:46:37..659,,,,
13:46:37..773,38.84823288,0.265552,0.00006804,0.00069203,0.00044333,-0.00014179,0.00084429,0.00013537,-0.00003174,-0.00003549,13:46:37..771,,,,
13:46:37..805,39.29815251,0.265558,0.00006757,0.00069178,0.00044349,-0.0001411,0.00084375,0.00013598,-0.00003148,-0.00003602,13:46:37..814,,,,
13:46:37..932,38.84306139,0.265558,0.00006715,0.00069144,0.00044332,-0.00014164,0.000844,0.00013604,-0.00003143,-0.00003612,13:46:37..930,,,,
13:46:37..964,38.95166268,0.265637,0.00006817,0.00069226,0.00044359,-0.00014073,0.00084305,0.00013556,-0.00003174,-0.00003605,13:46:37..972,,,,
13:46:38..081,39.28780953,0.265637,0.0000686,0.00069249,0.00044367,-0.00014072,0.0008435,0.00013536,-0.00003181,-0.00003564,13:46:38..078,,,,
13:46:38..113,39.01889205,0.265152,0.00006822,0.0006919,0.00044351,-0.00014263,0.0008451,0.00013569,-0.00003197,-0.00003676,13:46:38..121,,,,
13:46:38..217,38.85340437,0.265152,0.00006807,0.00069201,0.00044364,-0.00014251,0.0008439,0.00013644,-0.00003185,-0.00003654,13:46:38..215,,,,
13:46:38..248,38.69308818,0.264447,0.00006803,0.00069257,0.00044398,-0.00014233,0.00084437,0.00013657,-0.0000315,-0.00003711,13:46:38..259,,,,
13:46:38..376,38.72928861,0.264447,0.00006902,0.00069291,0.00044426,-0.00014211,0.00084339,0.00013666,-0.00003276,-0.00003706,13:46:38..374,,,,
13:46:38..408,38.80686096,0.264138,0.0000681,0.00069182,0.00044429,-0.00014107,0.00084322,0.00013652,-0.00003168,-0.00003638,13:46:38..417,,,,
13:46:38..513,38.6310303,0.264138,0.00006821,0.00069165,0.00044401,-0.00014172,0.00084318,0.00013697,-0.00003224,-0.00003666,13:46:38..512,,,,
13:46:38..545,38.60000136,0.264241,0.00006838,0.00069143,0.00044433,-0.00014121,0.00084331,0.00013698,-0.00003176,-0.00003664,13:46:38..554,,,,
13:46:38..648,38.95683417,0.264241,0.0000678,0.00069143,0.00044432,-0.00014115,0.00084297,0.00013665,-0.00003192,-0.00003704,13:46:38..647,,,,
13:46:38..682,38.70343116,0.264561,0.00006837,0.0006917,0.00044413,-0.00014132,0.00084277,0.00013685,-0.00003222,-0.00003765,13:46:38..691,,,,
13:46:38..781,38.92580523,0.264561,0.00006827,0.00069209,0.0004445,-0.00014152,0.00084299,0.00013677,-0.00003215,-0.00003754,13:46:38..778,,,,
13:46:38..814,39.21023718,0.26495,0.00006845,0.00069164,0.00044454,-0.00014157,0.00084312,0.00013644,-0.00003209,-0.00003709,13:46:38..822,,,,
13:46:38..882,39.27746655,0.265112,0.00006793,0.00069121,0.00044487,-0.00014176,0.00084382,0.00013674,-0.0000326,-0.00003716,13:46:38..923,,,,
13:46:38..929,38.59482987,0.265112,0.00006794,0.00069204,0.00044501,-0.00014206,0.00084333,0.00013676,-0.00003207,-0.00003758,13:46:38..923,,,,
13:46:38..963,39.0447495,0.265122,0.00006819,0.00069248,0.00044438,-0.00014206,0.00084301,0.00013684,-0.00003196,-0.00003812,13:46:38..966,,,,
13:46:39..068,39.11715036,0.265122,0.00006828,0.00069219,0.00044465,-0.000143,0.00084378,0.00013703,-0.00003216,-0.00003819,13:46:39..066,,,,
13:46:39..101,38.92580523,0.264894,0.00006761,0.00069206,0.00044504,-0.00014146,0.00084179,0.00013715,-0.00003203,-0.00003737,13:46:39..110,,,,
13:46:39..211,38.88443331,0.264894,0.00006757,0.00069217,0.00044493,-0.00014177,0.00084237,0.00013761,-0.00003153,-0.00003721,13:46:39..208,,,,
13:46:39..243,39.00337758,0.264906,0.00006757,0.00069115,0.00044464,-0.00014279,0.00084297,0.00013692,-0.00003175,-0.00003755,13:46:39..252,,,,
13:46:39..355,39.04992099,0.264906,0.00006837,0.00069137,0.00044469,-0.00014243,0.00084154,0.00013706,-0.00003203,-0.00003756,13:46:39..353,,,,
13:46:39..386,39.32918145,0.264916,0.00006827,0.00069169,0.00044499,-0.00014193,0.00084248,0.00013775,-0.00003233,-0.00003759,13:46:39..353,,,,
13:46:39..461,39.05509248,0.264916,0.0000685,0.00069184,0.00044468,-0.00014225,0.00084219,0.00013738,-0.00003199,-0.00003765,13:46:39..499,,,,
13:46:39..533,38.92063374,0.264916,0.00006833,0.00069207,0.00044467,-0.00014116,0.00084223,0.00013767,-0.00003212,-0.00003744,13:46:39..499,,,,
13:46:39..567,39.00854907,0.264945,0.00006908,0.00069159,0.00044505,-0.00014101,0.0008432,0.00013781,-0.00003187,-0.00003729,13:46:39..543,,,,
13:46:39..602,39.08094993,0.26514,0.00006819,0.00069173,0.00044496,-0.00014085,0.00084331,0.00013792,-0.00003158,-0.00003809,13:46:39..659,,,,
13:46:39..724,38.82754692,0.26514,0.00006813,0.0006918,0.00044512,-0.00014081,0.00084303,0.00013811,-0.00003238,-0.0000379,13:46:39..743,,,,
13:46:39..755,38.87409033,0.26514,0.00006844,0.0006925,0.00044498,-0.00014095,0.00084298,0.00013761,-0.00003213,-0.00003836,13:46:39..743,,,,
13:46:39..790,38.89994778,0.265068,0.00006832,0.00069063,0.00044447,-0.00014154,0.00084344,0.00013798,-0.00003189,-0.00003737,13:46:39..862,,,,
13:46:39..921,38.99820609,0.265068,0.00006836,0.00069176,0.00044464,-0.00014049,0.00084266,0.00013718,-0.00003219,-0.0000378,13:46:39..920,,,,
13:46:39..951,38.49140007,0.265068,0.00006846,0.00069184,0.00044529,-0.00014087,0.00084216,0.00013723,-0.00003199,-0.00003828,13:46:39..920,,,,
13:46:39..985,38.9413197,0.264784,0.00006818,0.00069218,0.00044517,-0.00014118,0.00084223,0.00013767,-0.00003226,-0.0000381,13:46:40..036,,,,
13:46:40..101,39.37055337,0.264784,0.00006771,0.00069114,0.00044492,-0.00014162,0.00084235,0.00013722,-0.00003219,-0.00003905,13:46:40..036,,,,
13:46:40..132,38.86374735,0.26463,0.00006849,0.00069217,0.00044502,-0.00014113,0.00084236,0.0001369,-0.00003177,-0.00003846,13:46:40..148,,,,
13:46:40..249,38.80168947,0.26463,0.00006904,0.00069203,0.00044508,-0.00014167,0.00084234,0.00013742,-0.00003241,-0.00003805,13:46:40..247,,,,
13:46:40..282,38.89477629,0.264639,0.00006822,0.00069194,0.00044526,-0.00014062,0.0008428,0.00013735,-0.00003194,-0.00003846,13:46:40..292,,,,
13:46:40..400,38.68791669,0.264639,0.00006864,0.00069158,0.00044535,-0.00014022,0.00084325,0.00013701,-0.00003204,-0.00003809,13:46:40..397,,,,
13:46:40..432,38.87926182,0.2647,0.00006836,0.00069208,0.00044511,-0.00014177,0.00084119,0.00013697,-0.00003266,-0.0000386,13:46:40..441,,,,
13:46:40..548,38.76548904,0.2647,0.00006807,0.00069141,0.00044522,-0.00014109,0.00084214,0.00013717,-0.00003267,-0.00003909,13:46:40..545,,,,
13:46:40..579,38.56380093,0.264916,0.00006881,0.00069175,0.0004456,-0.00014064,0.00084172,0.00013706,-0.00003203,-0.00003861,13:46:40..588,,,,
13:46:40..666,38.58448689,0.264916,0.00006829,0.00069236,0.00044566,-0.00014169,0.00084261,0.00013721,-0.0000321,-0.00003882,13:46:40..664,,,,
13:46:40..698,39.22058016,0.265038,0.00006893,0.0006917,0.00044595,-0.00014061,0.00084269,0.00013715,-0.00003217,-0.00003915,13:46:40..664,,,,
13:46:40..778,39.23609463,0.265038,0.00006876,0.00069201,0.00044589,-0.0001402,0.00084283,0.0001369,-0.00003253,-0.00003919,13:46:40..813,,,,
13:46:40..848,39.11197887,0.265038,0.00006778,0.00069119,0.00044598,-0.00014082,0.00084335,0.00013661,-0.00003197,-0.000039,13:46:40..813,,,,
13:46:40..882,38.85340437,0.265144,0.00006821,0.00069227,0.00044568,-0.00014253,0.00084272,0.00013715,-0.00003201,-0.00003939,13:46:40..856,,,,
13:46:40..917,38.83271841,0.26547,0.00006837,0.00069119,0.00044539,-0.0001416,0.00084195,0.00013744,-0.00003218,-0.00003923,13:46:40..982,,,,
13:46:41..037,38.84823288,0.26547,0.00006785,0.00069178,0.0004456,-0.00014093,0.00084187,0.00013718,-0.00003211,-0.00003934,13:46:41..036,,,,
13:46:41..070,39.01372056,0.265519,0.00006855,0.00069161,0.00044537,-0.00014106,0.00084379,0.00013715,-0.00003241,-0.0000395,13:46:41..079,,,,
13:46:41..116,38.56380093,0.265614,0.00006867,0.00069205,0.00044539,-0.00014065,0.00084301,0.00013748,-0.00003252,-0.00003959,13:46:41..124,,,,
13:46:41..177,38.6827452,0.265614,0.00006807,0.00069107,0.0004455,-0.00014089,0.00084359,0.00013751,-0.00003232,-0.00003949,13:46:41..124,,,,
13:46:41..210,39.23609463,0.26569,0.00006861,0.00069126,0.00044599,-0.00014061,0.00084399,0.00013788,-0.00003245,-0.00003891,13:46:41..228,,,,
13:46:41..273,39.12232185,0.265985,0.00006835,0.00069157,0.00044606,-0.00014045,0.00084299,0.0001381,-0.0000319,-0.00003933,13:46:41..343,,,,
13:46:41..396,38.79134649,0.265985,0.00006793,0.00069182,0.00044589,-0.00014038,0.00084346,0.00013754,-0.00003219,-0.00003972,13:46:41..395,,,,
13:46:41..431,39.06026397,0.265883,0.00006813,0.00069257,0.00044585,-0.00014164,0.00084446,0.00013786,-0.00003225,-0.00004006,13:46:41..438,,,,
13:46:41..539,39.00854907,0.265883,0.00006848,0.00069227,0.0004459,-0.00014056,0.00084339,0.00013778,-0.00003273,-0.00004032,13:46:41..537,,,,
13:46:41..571,38.66205924,0.265981,0.00006826,0.00069187,0.00044597,-0.00014009,0.00084268,0.00013796,-0.00003214,-0.00003907,13:46:41..581,,,,
13:46:41..678,38.88443331,0.265981,0.00006876,0.00069124,0.00044583,-0.00014067,0.00084364,0.00013834,-0.00003225,-0.00003922,13:46:41..675,,,,
13:46:41..709,38.94649119,0.266071,0.00006856,0.00069236,0.00044515,-0.00014116,0.00084232,0.00013783,-0.0000323,-0.00004057,13:46:41..675,,,,
13:46:41..782,38.80168947,0.266071,0.00006794,0.00069162,0.00044549,-0.00014186,0.00084243,0.00013797,-0.00003228,-0.00003981,13:46:41..818,,,,
13:46:41..830,38.85857586,0.266071,0.00006796,0.00069135,0.00044554,-0.00014116,0.00084221,0.00013814,-0.00003238,-0.0000402,13:46:41..818,,,,
13:46:41..864,39.07577844,0.265585,0.00006878,0.00069121,0.00044629,-0.00014083,0.00084297,0.00013688,-0.00003224,-0.00003971,13:46:41..930,,,,
13:46:42..003,38.73963159,0.265585,0.00006835,0.00069176,0.00044661,-0.00013994,0.00084264,0.00013734,-0.00003203,-0.00003958,13:46:42..003,,,,
13:46:42..037,38.91029076,0.265508,0.00006816,0.00069104,0.00044528,-0.00014147,0.0008423,0.00013746,-0.00003262,-0.0000403,13:46:42..047,,,,
13:46:42..120,38.77583202,0.265508,0.00006806,0.00069163,0.00044585,-0.00014132,0.00084239,0.00013778,-0.00003245,-0.00004031,13:46:42..120,,,,
13:46:42..155,38.70860265,0.265357,0.00006792,0.0006917,0.00044659,-0.00014075,0.00084268,0.00013801,-0.00003225,-0.00003987,13:46:42..163,,,,
13:46:42..268,38.80168947,0.265357,0.00006759,0.00069168,0.00044672,-0.00014062,0.00084346,0.00013773,-0.00003263,-0.00003956,13:46:42..265,,,,
13:46:42..301,38.92063374,0.265148,0.00006858,0.0006927,0.00044664,-0.00014025,0.00084285,0.00013706,-0.00003248,-0.00003959,13:46:42..265,,,,
13:46:42..379,38.76031755,0.265148,0.00006912,0.0006924,0.0004466,-0.00013992,0.00084326,0.00013719,-0.00003297,-0.00003955,13:46:42..422,,,,
13:46:42..450,38.93097672,0.265148,0.00006892,0.00069196,0.0004466,-0.00014059,0.00084329,0.00013735,-0.00003234,-0.00003993,13:46:42..422,,,,
13:46:42..483,38.72411712,0.265028,0.00006923,0.00069236,0.00044708,-0.00013985,0.00084354,0.00013786,-0.00003215,-0.00003933,13:46:42..509,,,,
13:46:42..521,39.07060695,0.265103,0.00006892,0.00069247,0.00044716,-0.00013946,0.00084309,0.00013798,-0.00003242,-0.00004031,13:46:42..553,,,,
13:46:42..580,38.95683417,0.265103,0.00006909,0.00069219,0.00044673,-0.00014002,0.00084312,0.00013762,-0.00003274,-0.00003961,13:46:42..553,,,,
13:46:42..613,39.02923503,0.265187,0.00006762,0.00069145,0.00044622,-0.00013986,0.00084295,0.00013784,-0.00003245,-0.00004039,13:46:42..639,,,,
13:46:42..742,39.19472271,0.265187,0.00006853,0.0006919,0.00044638,-0.00014017,0.00084264,0.00013807,-0.00003242,-0.00004048,13:46:42..740,,,,
13:46:42..774,38.92580523,0.265328,0.00006827,0.0006916,0.00044712,-0.00014016,0.00084283,0.00013775,-0.00003228,-0.00003954,13:46:42..784,,,,
13:46:42..887,38.68791669,0.265328,0.00006855,0.00069233,0.0004473,-0.00013959,0.00084308,0.00013864,-0.0000329,-0.00004001,13:46:42..885,,,,
13:46:42..920,39.10680738,0.265281,0.00006795,0.00069067,0.00044642,-0.00013935,0.00084306,0.00013782,-0.00003199,-0.00003997,13:46:42..929,,,,
13:46:42..971,38.77583202,0.265369,0.00006818,0.00069193,0.00044711,-0.00013974,0.00084278,0.00013881,-0.00003243,-0.00003977,13:46:42..972,,,,
13:46:43..027,38.66205924,0.265369,0.0000684,0.00069144,0.00044648,-0.00014085,0.00084327,0.00013837,-0.00003264,-0.00004015,13:46:43..047,,,,
13:46:43..081,38.86374735,0.265369,0.00006869,0.00069138,0.0004463,-0.00014025,0.00084219,0.00013794,-0.0000324,-0.00004014,13:46:43..047,,,,
13:46:43..118,38.91029076,0.265572,0.0000679,0.00069109,0.00044582,-0.00014093,0.000843,0.00013788,-0.00003252,-0.00004107,13:46:43..090,,,,
13:46:43..195,39.01889205,0.265572,0.00006778,0.00069165,0.00044583,-0.00014096,0.00084233,0.00013805,-0.00003267,-0.00004056,13:46:43..239,,,,
13:46:43..249,39.03440652,0.265572,0.00006825,0.00069111,0.00044599,-0.00014122,0.00084279,0.00013762,-0.00003248,-0.00004051,13:46:43..239,,,,
13:46:43..281,38.4758856,0.265775,0.00006797,0.00069157,0.00044703,-0.00013824,0.00084201,0.0001375,-0.00003233,-0.00004071,13:46:43..284,,,,
13:46:43..395,38.58448689,0.265775,0.00006807,0.00069118,0.00044665,-0.0001392,0.00084188,0.00013719,-0.0000328,-0.00004054,13:46:43..392,,,,
13:46:43..426,38.6310303,0.26529,0.00006818,0.0006911,0.00044633,-0.00013962,0.00084247,0.00013793,-0.00003208,-0.00004048,13:46:43..434,,,,
13:46:43..546,38.76031755,0.26529,0.00006823,0.00069125,0.0004471,-0.00013984,0.00084218,0.00013732,-0.00003211,-0.00004137,13:46:43..543,,,,
13:46:43..577,38.81203245,0.265183,0.00006816,0.00069085,0.00044667,-0.00013823,0.00084228,0.00013807,-0.0000323,-0.00004024,13:46:43..587,,,,
13:46:43..700,39.10680738,0.265183,0.00006826,0.0006908,0.00044634,-0.00013874,0.00084251,0.00013768,-0.00003251,-0.00004008,13:46:43..698,,,,
13:46:43..731,38.87409033,0.265183,0.00006821,0.00069232,0.00044631,-0.00014025,0.00084205,0.00013733,-0.00003242,-0.00004121,13:46:43..698,,,,
13:46:43..764,38.74480308,0.265109,0.00006746,0.00069132,0.00044688,-0.00014037,0.00084285,0.00013782,-0.00003258,-0.00004048,13:46:43..813,,,,
13:46:43..870,38.74997457,0.265109,0.00006817,0.0006911,0.00044735,-0.00014002,0.00084248,0.00013767,-0.00003252,-0.00004058,13:46:43..813,,,,
13:46:43..903,38.95166268,0.264983,0.00006819,0.00069211,0.0004463,-0.00014035,0.00084262,0.00013797,-0.00003249,-0.00004071,13:46:43..914,,,,
13:46:44..037,38.80168947,0.264983,0.00006857,0.00069122,0.00044652,-0.00014039,0.00084247,0.0001378,-0.00003229,-0.00004066,13:46:44..035,,,,
13:46:44..068,38.82754692,0.264616,0.00006843,0.00069105,0.00044786,-0.00013982,0.00084288,0.00013863,-0.00003212,-0.00004077,13:46:44..080,,,,
13:46:44..144,38.98269162,0.26433,0.00006786,0.0006908,0.00044689,-0.00014014,0.00084291,0.00013745,-0.00003299,-0.00004104,13:46:44..187,,,,
13:46:44..234,38.67240222,0.26433,0.00006789,0.00069112,0.00044703,-0.00013979,0.00084275,0.0001373,-0.00003234,-0.00004098,13:46:44..233,,,,
13:46:44..268,38.93614821,0.264326,0.00006786,0.00069169,0.00044659,-0.00013946,0.00084249,0.00013716,-0.00003269,-0.00004136,13:46:44..278,,,,
13:46:44..427,38.78100351,0.264326,0.00006802,0.00069192,0.00044672,-0.00013948,0.00084207,0.00013758,-0.00003285,-0.00004108,13:46:44..424,,,,
13:46:44..459,38.93097672,0.264546,0.00006773,0.00069139,0.00044665,-0.0001405,0.00084285,0.00013717,-0.00003262,-0.00004137,13:46:44..467,,,,
13:46:44..591,38.8896048,0.264546,0.00006778,0.00069142,0.00044673,-0.00014013,0.00084246,0.00013753,-0.00003264,-0.0000411,13:46:44..588,,,,
13:46:44..624,38.63620179,0.264631,0.00006816,0.00069175,0.00044721,-0.00013931,0.00084113,0.00013795,-0.00003296,-0.00004059,13:46:44..588,,,,
13:46:44..696,38.76548904,0.264631,0.00006856,0.00069179,0.00044693,-0.00013992,0.00084212,0.0001377,-0.00003266,-0.00004105,13:46:44..738,,,,
13:46:44..755,38.78100351,0.264631,0.00006836,0.00069184,0.00044723,-0.0001394,0.00084174,0.00013814,-0.00003248,-0.00004187,13:46:44..738,,,,
13:46:44..788,38.786175,0.264441,0.0000677,0.00069179,0.00044666,-0.00013876,0.00084332,0.00013835,-0.00003235,-0.00004117,13:46:44..825,,,,
13:46:44..917,38.81720394,0.264441,0.00006831,0.00069104,0.0004472,-0.00013865,0.00084264,0.0001382,-0.00003237,-0.00004088,13:46:44..915,,,,
13:46:44..949,38.76548904,0.264481,0.00006742,0.00069062,0.00044596,-0.00013998,0.00084302,0.00013828,-0.00003253,-0.00004131,13:46:44..960,,,,
13:46:45..063,38.89477629,0.264481,0.00006749,0.00069102,0.00044632,-0.00014013,0.00084345,0.00013864,-0.00003253,-0.00004119,13:46:45..060,,,,
13:46:45..095,38.90511927,0.264708,0.00006874,0.00069197,0.00044774,-0.0001396,0.00084284,0.00013791,-0.00003242,-0.00004072,13:46:45..105,,,,
13:46:45..228,38.6827452,0.264708,0.00006855,0.00069087,0.00044761,-0.00013964,0.00084257,0.00013813,-0.00003225,-0.0000411,13:46:45..226,,,,
13:46:45..261,38.6827452,0.2645,0.00006708,0.00069094,0.00044677,-0.00014044,0.00084158,0.00013791,-0.00003264,-0.0000412,13:46:45..269,,,,
13:46:45..400,38.70343116,0.2645,0.00006757,0.00069094,0.0004473,-0.0001394,0.00084258,0.00013842,-0.00003183,-0.00004094,13:46:45..398,,,,
13:46:45..432,39.11197887,0.264622,0.00006739,0.00069093,0.00044776,-0.00013934,0.00084215,0.00013819,-0.00003238,-0.00004225,13:46:45..442,,,,
13:46:45..544,39.02406354,0.264622,0.00006681,0.0006904,0.0004475,-0.00014029,0.00084272,0.00013814,-0.00003264,-0.00004153,13:46:45..542,,,,
13:46:45..577,38.80686096,0.264643,0.00006836,0.00069163,0.0004469,-0.00014031,0.00084173,0.00013779,-0.00003242,-0.00004145,13:46:45..587,,,,
13:46:45..654,38.93614821,0.264555,0.00006778,0.00069116,0.00044655,-0.00014026,0.00084163,0.00013797,-0.00003268,-0.0000418,13:46:45..703,,,,
13:46:45..712,38.82754692,0.264555,0.00006793,0.00069095,0.00044703,-0.00013999,0.00084102,0.00013742,-0.0000326,-0.00004211,13:46:45..703,,,,
13:46:45..747,38.72411712,0.264054,0.00006791,0.0006922,0.00044784,-0.00013932,0.00084179,0.0001373,-0.00003259,-0.00004187,13:46:45..749,,,,
13:46:45..812,38.96717715,0.26337,0.00006739,0.00069132,0.00044762,-0.0001403,0.00084238,0.00013711,-0.00003288,-0.00004192,13:46:45..857,,,,
13:46:45..916,38.48622858,0.26337,0.00006738,0.00069128,0.00044758,-0.00013986,0.00084182,0.00013723,-0.00003263,-0.00004251,13:46:45..916,,,,
13:46:45..950,38.74997457,0.263264,0.00006731,0.00069054,0.00044754,-0.00013905,0.00084122,0.00013791,-0.00003231,-0.00004128,13:46:45..959,,,,
13:46:46..050,38.75514606,0.263264,0.00006762,0.00069039,0.00044782,-0.00013871,0.00084269,0.00013848,-0.00003228,-0.00004126,13:46:46..050,,,,
13:46:46..084,38.85857586,0.263099,0.00006771,0.00068997,0.00044699,-0.00013847,0.00084226,0.00013703,-0.00003254,-0.00004197,13:46:46..093,,,,
13:46:46..142,38.82237543,0.263045,0.00006755,0.00069022,0.00044727,-0.00013864,0.00084174,0.00013798,-0.00003283,-0.00004143,13:46:46..191,,,,
13:46:46..243,38.69825967,0.263045,0.00006755,0.00068994,0.00044716,-0.00013889,0.00084202,0.00013713,-0.00003253,-0.00004195,13:46:46..242,,,,
13:46:46..276,38.76031755,0.263037,0.00006686,0.00069018,0.00044691,-0.00013939,0.00084178,0.00013811,-0.0000326,-0.00004245,13:46:46..284,,,,
13:46:46..401,38.43968517,0.263037,0.00006728,0.00069086,0.00044691,-0.0001398,0.00084221,0.00013863,-0.00003268,-0.00004233,13:46:46..398,,,,
13:46:46..432,38.77583202,0.262759,0.00006798,0.00069029,0.00044768,-0.00013909,0.00084188,0.00013763,-0.00003229,-0.0000411,13:46:46..444,,,,
13:46:46..482,38.74480308,0.262622,0.0000676,0.00069179,0.00044777,-0.00013843,0.00084197,0.00013828,-0.00003282,-0.00004102,13:46:46..486,,,,
13:46:46..539,38.89994778,0.262622,0.000068,0.00069056,0.00044729,-0.00013884,0.00084271,0.0001375,-0.00003234,-0.00004121,13:46:46..486,,,,
13:46:46..572,38.83271841,0.262358,0.00006787,0.00069141,0.00044775,-0.00013867,0.00084282,0.00013802,-0.00003237,-0.00004175,13:46:46..592,,,,
13:46:46..683,38.70860265,0.262358,0.00006742,0.00069061,0.00044764,-0.00013981,0.00084324,0.00013786,-0.00003237,-0.0000421,13:46:46..681,,,,
13:46:46..716,38.84306139,0.262261,0.0000684,0.0006911,0.00044738,-0.00013973,0.00084312,0.000138,-0.00003262,-0.00004134,13:46:46..723,,,,
13:46:46..834,38.8378899,0.262261,0.00006813,0.00069082,0.00044699,-0.0001398,0.00084279,0.00013819,-0.00003234,-0.0000417,13:46:46..831,,,,
13:46:46..866,38.54828646,0.262465,0.00006739,0.00069115,0.00044795,-0.00013974,0.00084088,0.00013748,-0.00003294,-0.00004156,13:46:46..875,,,,
13:46:46..934,38.59482987,0.262614,0.00006805,0.00069053,0.00044726,-0.0001402,0.00084131,0.00013749,-0.00003269,-0.00004159,13:46:46..982,,,,
13:46:46..997,38.75514606,0.262614,0.00006763,0.00069033,0.00044757,-0.00013969,0.00084135,0.00013711,-0.00003308,-0.00004183,13:46:46..982,,,,
13:46:47..030,38.73963159,0.26338,0.00006728,0.00069054,0.00044756,-0.00014003,0.00084007,0.00013721,-0.00003239,-0.00004207,13:46:47..069,,,,
13:46:47..160,38.70343116,0.26338,0.00006726,0.00069071,0.00044726,-0.00014017,0.00084085,0.00013718,-0.00003269,-0.00004279,13:46:47..157,,,,
13:46:47..191,38.786175,0.264035,0.00006727,0.00069086,0.00044741,-0.00013943,0.00084203,0.0001379,-0.00003256,-0.00004151,13:46:47..199,,,,
13:46:47..302,38.40865623,0.264035,0.00006698,0.00069013,0.0004468,-0.00014028,0.00084222,0.0001378,-0.00003233,-0.00004109,13:46:47..301,,,,
13:46:47..336,38.6310303,0.264803,0.00006714,0.00069127,0.0004478,-0.00014024,0.00084137,0.00013765,-0.00003242,-0.0000417,13:46:47..346,,,,
13:46:47..445,38.60000136,0.264803,0.00006782,0.00069114,0.00044845,-0.00014005,0.00084146,0.00013738,-0.00003242,-0.00004182,13:46:47..443,,,,
13:46:47..477,38.30522643,0.265173,0.00006816,0.00069093,0.00044772,-0.00013988,0.0008419,0.00013777,-0.00003267,-0.00004166,13:46:47..443,,,,
13:46:47..546,38.83271841,0.265173,0.00006746,0.00068934,0.00044758,-0.00013996,0.00084133,0.00013802,-0.00003265,-0.00004177,13:46:47..587,,,,
13:46:47..596,38.91546225,0.265173,0.0000667,0.00068961,0.00044823,-0.00013925,0.00084173,0.00013771,-0.00003329,-0.00004188,13:46:47..587,,,,
13:46:47..628,38.58965838,0.265373,0.0000676,0.00069114,0.00044789,-0.00013888,0.0008403,0.00013714,-0.00003227,-0.00004191,13:46:47..632,,,,
13:46:47..754,38.80168947,0.265373,0.00006825,0.00069083,0.00044756,-0.00013962,0.00084097,0.00013793,-0.00003222,-0.00004204,13:46:47..752,,,,
13:46:47..786,38.72411712,0.265583,0.00006806,0.00069112,0.00044796,-0.0001384,0.0008414,0.00013823,-0.00003266,-0.00004144,13:46:47..795,,,,
13:46:47..901,38.65171626,0.265583,0.00006772,0.00068977,0.00044778,-0.00013955,0.00084159,0.00013771,-0.00003242,-0.0000411,13:46:47..898,,,,
13:46:47..932,38.67757371,0.265952,0.00006725,0.00069014,0.00044748,-0.0001393,0.00084067,0.00013753,-0.00003279,-0.00004191,13:46:47..942,,,,
13:46:47..995,38.80168947,0.266233,0.00006739,0.00068957,0.00044723,-0.00014007,0.00084066,0.00013677,-0.00003203,-0.00004127,13:46:48..055,,,,
13:46:48..112,38.5276005,0.266233,0.00006708,0.00069062,0.00044755,-0.00013946,0.00084016,0.00013716,-0.00003246,-0.00004146,13:46:48..111,,,,
13:46:48..145,38.85340437,0.266141,0.00006705,0.00069029,0.00044726,-0.00013991,0.00084138,0.00013651,-0.00003259,-0.00004151,13:46:48..154,,,,
13:46:48..209,38.61034434,0.266032,0.00006709,0.00069074,0.0004477,-0.00013906,0.00084085,0.00013692,-0.00003299,-0.00004135,13:46:48..287,,,,
13:46:48..349,39.02406354,0.266032,0.00006767,0.00069045,0.00044802,-0.00013913,0.00084145,0.00013745,-0.00003275,-0.00004143,13:46:48..347,,,,
13:46:48..380,38.86891884,0.266032,0.00006719,0.00068996,0.00044738,-0.0001399,0.00084169,0.00013811,-0.00003225,-0.0000421,13:46:48..347,,,,
13:46:48..414,38.76548904,0.265877,0.00006841,0.00069115,0.00044813,-0.00013844,0.00084173,0.00013852,-0.0000325,-0.00004149,13:46:48..440,,,,
13:46:48..501,38.90511927,0.265877,0.00006773,0.00069168,0.00044868,-0.00013864,0.00084195,0.00013788,-0.00003227,-0.00004212,13:46:48..440,,,,
13:46:48..534,38.45002815,0.265623,0.00006782,0.00069019,0.00044789,-0.00013973,0.00084277,0.00013855,-0.00003212,-0.00004142,13:46:48..543,,,,
13:46:48..649,38.51725752,0.265623,0.00006711,0.00069074,0.00044844,-0.0001391,0.00084177,0.00013872,-0.00003252,-0.00004164,13:46:48..646,,,,
13:46:48..682,38.71894563,0.265367,0.00006736,0.00069062,0.00044713,-0.00014025,0.00084207,0.00013686,-0.00003273,-0.00004214,13:46:48..691,,,,
13:46:48..819,38.89477629,0.265367,0.00006769,0.00069122,0.00044752,-0.00014028,0.00084162,0.00013755,-0.00003282,-0.00004161,13:46:48..817,,,,
13:46:48..851,38.80168947,0.265213,0.00006704,0.00068985,0.00044784,-0.00013938,0.00084043,0.00013801,-0.00003271,-0.00004199,13:46:48..817,,,,
13:46:48..908,38.84823288,0.265213,0.000067,0.00068999,0.00044733,-0.00013972,0.00084056,0.00013731,-0.00003222,-0.0000413,13:46:48..948,,,,
13:46:48..964,38.56897242,0.265213,0.0000672,0.00069062,0.00044766,-0.00013922,0.00084142,0.00013815,-0.0000326,-0.00004121,13:46:48..948,,,,
13:46:48..999,38.79134649,0.265121,0.00006709,0.00069097,0.00044806,-0.00013993,0.00084068,0.0001368,-0.00003291,-0.00004145,13:46:49..036,,,,
13:46:49..065,39.00337758,0.265056,0.00006733,0.00069104,0.00044838,-0.00013883,0.00084126,0.00013684,-0.00003205,-0.00004179,13:46:49..080,,,,
13:46:49..113,38.54311497,0.265056,0.00006744,0.00069084,0.00044854,-0.00013874,0.00084084,0.00013659,-0.0000328,-0.0000416,13:46:49..080,,,,
13:46:49..148,38.52242901,0.264787,0.00006694,0.00069007,0.00044739,-0.00013977,0.00084143,0.00013783,-0.00003278,-0.00004217,13:46:49..172,,,,
13:46:49..255,38.66205924,0.264787,0.00006746,0.00069052,0.0004478,-0.00013923,0.00084105,0.00013806,-0.00003242,-0.00004144,13:46:49..252,,,,
13:46:49..287,38.62068732,0.264682,0.00006698,0.00069045,0.00044798,-0.00013969,0.00084102,0.00013745,-0.00003294,-0.00004232,13:46:49..295,,,,
13:46:49..340,38.79651798,0.264308,0.00006673,0.00069037,0.00044788,-0.00014019,0.00084145,0.00013733,-0.00003283,-0.00004205,13:46:49..395,,,,
13:46:49..442,38.57414391,0.264308,0.00006685,0.0006906,0.00044745,-0.00014031,0.0008411,0.00013756,-0.00003251,-0.00004167,13:46:49..441,,,,
13:46:49..476,38.58448689,0.26417,0.00006675,0.00068981,0.00044775,-0.00013947,0.00084192,0.00013678,-0.00003256,-0.0000414,13:46:49..485,,,,
13:46:49..603,38.6827452,0.26417,0.00006701,0.00068972,0.00044793,-0.00013932,0.00084207,0.00013745,-0.00003209,-0.00004156,13:46:49..601,,,,
13:46:49..634,38.66723073,0.264351,0.00006694,0.00069022,0.00044761,-0.00013945,0.00084044,0.00013729,-0.00003245,-0.00004197,13:46:49..645,,,,
13:46:49..772,38.90511927,0.264351,0.00006652,0.00068971,0.00044724,-0.0001398,0.00084113,0.00013713,-0.00003249,-0.00004173,13:46:49..769,,,,
13:46:49..804,38.42934219,0.264545,0.00006646,0.00068948,0.00044813,-0.00014013,0.00083981,0.00013695,-0.00003256,-0.00004186,13:46:49..812,,,,
13:46:49..924,38.69308818,0.264545,0.00006674,0.00068979,0.00044739,-0.0001403,0.00084077,0.00013707,-0.00003232,-0.00004217,13:46:49..921,,,,
13:46:49..956,38.66205924,0.264898,0.0000666,0.00068957,0.00044809,-0.00014027,0.00084107,0.00013673,-0.00003262,-0.00004315,13:46:49..921,,,,
13:46:50..036,38.51208603,0.264898,0.00006649,0.00068922,0.00044756,-0.00014144,0.00084134,0.00013747,-0.00003278,-0.00004255,13:46:50..085,,,,
13:46:50..095,38.64137328,0.264898,0.00006707,0.00068975,0.00044755,-0.00014127,0.00084145,0.00013786,-0.00003272,-0.00004203,13:46:50..085,,,,
13:46:50..128,38.81720394,0.265053,0.00006687,0.00069036,0.00044828,-0.00013917,0.00084139,0.00013671,-0.00003252,-0.00004184,13:46:50..129,,,,
13:46:50..234,38.25351153,0.265053,0.00006685,0.00069016,0.00044845,-0.00013897,0.00084131,0.00013722,-0.00003261,-0.00004179,13:46:50..232,,,,
13:46:50..266,38.94649119,0.26529,0.00006687,0.00069033,0.00044814,-0.00013959,0.00083987,0.00013721,-0.00003299,-0.00004318,13:46:50..276,,,,
13:46:50..387,38.66205924,0.26529,0.00006657,0.00068994,0.00044793,-0.00013986,0.0008404,0.00013732,-0.00003239,-0.00004263,13:46:50..384,,,,
13:46:50..419,38.77066053,0.26529,0.00006747,0.00069005,0.00044759,-0.00013977,0.0008407,0.00013731,-0.00003297,-0.00004152,13:46:50..429,,,,
13:46:50..554,38.72928861,0.26529,0.00006699,0.00068974,0.000448,-0.00013956,0.00084054,0.0001377,-0.00003281,-0.00004151,13:46:50..552,,,,
13:46:50..587,38.8378899,0.265757,0.00006616,0.00068961,0.00044806,-0.00013928,0.00084153,0.00013719,-0.00003324,-0.00004251,13:46:50..596,,,,
13:46:50..695,38.66723073,0.265757,0.00006694,0.00068999,0.00044788,-0.00013974,0.00084141,0.0001373,-0.00003261,-0.00004158,13:46:50..692,,,,
13:46:50..727,38.786175,0.265861,0.00006692,0.00068895,0.00044825,-0.00013946,0.00084039,0.0001367,-0.00003217,-0.00004261,13:46:50..734,,,,
13:46:50..814,38.62068732,0.265861,0.00006707,0.0006902,0.00044796,-0.00013927,0.00084002,0.00013674,-0.00003307,-0.00004256,13:46:50..812,,,,
13:46:50..846,38.66723073,0.265693,0.00006626,0.00068916,0.00044798,-0.00013946,0.00084077,0.0001373,-0.00003232,-0.00004212,13:46:50..857,,,,
13:46:50..946,38.81720394,0.265693,0.00006656,0.00068931,0.0004484,-0.00013952,0.00084105,0.00013702,-0.00003313,-0.00004274,13:46:50..944,,,,
13:46:50..980,38.60000136,0.265566,0.00006651,0.0006889,0.0004473,-0.00014023,0.00084067,0.00013692,-0.00003237,-0.00004248,13:46:50..987,,,,
13:46:51..093,38.82754692,0.265566,0.00006629,0.00069014,0.00044731,-0.00013997,0.00083973,0.00013666,-0.0000327,-0.00004248,13:46:51..092,,,,
13:46:51..127,38.7344601,0.265269,0.00006647,0.00068914,0.00044754,-0.00013923,0.00084011,0.00013738,-0.00003316,-0.00004195,13:46:51..136,,,,
13:46:51..262,38.56897242,0.265269,0.00006641,0.0006887,0.0004478,-0.00013972,0.00084008,0.00013693,-0.00003292,-0.00004201,13:46:51..259,,,,
13:46:51..294,38.68791669,0.264796,0.00006622,0.00068968,0.00044747,-0.00014033,0.00084052,0.00013652,-0.00003307,-0.00004311,13:46:51..301,,,,
13:46:51..396,38.79651798,0.264796,0.00006651,0.00069044,0.00044781,-0.0001404,0.00084068,0.00013649,-0.00003248,-0.00004272,13:46:51..394,,,,
13:46:51..428,38.54828646,0.264927,0.00006648,0.00068945,0.00044747,-0.00014058,0.00083988,0.00013699,-0.000033,-0.0000421,13:46:51..437,,,,
13:46:51..539,38.51208603,0.264927,0.00006646,0.00068974,0.0004469,-0.00014154,0.00083953,0.00013661,-0.00003289,-0.00004203,13:46:51..536,,,,
13:46:51..570,38.80686096,0.264918,0.00006601,0.00068975,0.00044852,-0.00013938,0.0008407,0.00013741,-0.00003289,-0.00004246,13:46:51..579,,,,
13:46:51..683,38.7344601,0.264918,0.00006703,0.00068953,0.00044801,-0.00014029,0.00084104,0.00013702,-0.00003253,-0.00004251,13:46:51..680,,,,
13:46:51..715,38.82237543,0.264583,0.00006678,0.00069006,0.0004477,-0.0001406,0.00084109,0.00013689,-0.00003242,-0.00004357,13:46:51..723,,,,
13:46:51..812,38.82237543,0.264583,0.00006672,0.00068964,0.00044759,-0.00014071,0.00084105,0.00013648,-0.0000328,-0.00004315,13:46:51..810,,,,
13:46:51..844,38.49140007,0.2643,0.0000674,0.0006887,0.00044776,-0.00013904,0.00084108,0.00013757,-0.0000324,-0.00004206,13:46:51..854,,,,
13:46:51..897,38.81720394,0.26412,0.0000669,0.00068924,0.00044783,-0.00013928,0.00084069,0.00013746,-0.00003262,-0.00004203,13:46:51..896,,,,
13:46:51..978,38.97752013,0.26412,0.00006667,0.00068923,0.0004482,-0.00013952,0.00084111,0.00013756,-0.00003261,-0.00004203,13:46:51..939,,,,
13:46:52..009,38.70860265,0.264061,0.00006665,0.00068915,0.00044778,-0.00014061,0.00084086,0.00013707,-0.0000327,-0.00004223,13:46:51..982,,,,
13:46:52..043,38.78100351,0.263868,0.00006724,0.00068951,0.00044831,-0.00013911,0.00083994,0.00013687,-0.0000329,-0.00004228,13:46:52..103,,,,
13:46:52..155,38.62068732,0.263868,0.00006698,0.00068903,0.00044781,-0.00013983,0.00084033,0.00013684,-0.00003237,-0.00004238,13:46:52..154,,,,
13:46:52..188,38.65171626,0.26363,0.00006626,0.00068868,0.00044811,-0.00013965,0.00084105,0.00013687,-0.00003302,-0.00004319,13:46:52..197,,,,
13:46:52..277,38.90511927,0.26363,0.00006656,0.00068896,0.00044844,-0.00013927,0.00084034,0.00013698,-0.00003265,-0.00004286,13:46:52..274,,,,
13:46:52..308,38.62585881,0.263277,0.0000665,0.00068969,0.00044762,-0.0001404,0.00084044,0.00013719,-0.00003287,-0.00004245,13:46:52..378,,,,
13:46:52..427,38.99820609,0.263483,0.00006658,0.00068899,0.00044777,-0.00014023,0.00084068,0.00013726,-0.00003228,-0.0000428,13:46:52..438,,,,
13:46:52..496,38.60000136,0.263483,0.00006698,0.00068977,0.00044839,-0.00013939,0.00084082,0.00013756,-0.00003267,-0.00004271,13:46:52..495,,,,
13:46:52..530,38.65171626,0.263574,0.00006694,0.00068997,0.00044844,-0.00013843,0.00084055,0.00013798,-0.0000325,-0.00004278,13:46:52..538,,,,
13:46:52..657,38.93614821,0.263574,0.00006693,0.00068926,0.00044778,-0.00013932,0.00084051,0.00013755,-0.0000325,-0.00004221,13:46:52..655,,,,
13:46:52..689,38.47071411,0.263983,0.00006731,0.00069002,0.00044835,-0.00013949,0.00083988,0.00013754,-0.00003268,-0.00004237,13:46:52..698,,,,
13:46:52..808,38.75514606,0.263983,0.00006733,0.00068933,0.00044821,-0.00013937,0.00084039,0.00013711,-0.00003225,-0.0000415,13:46:52..806,,,,
13:46:52..840,38.63620179,0.26414,0.00006676,0.00068928,0.00044822,-0.00013936,0.00084003,0.00013746,-0.00003261,-0.00004178,13:46:52..850,,,,
13:46:52..911,38.5793154,0.26414,0.00006598,0.00068881,0.00044778,-0.00013987,0.00084097,0.00013715,-0.00003287,-0.00004185,13:46:52..908,,,,
13:46:52..950,38.92580523,0.26414,0.00006543,0.00068951,0.00044875,-0.00013995,0.00084057,0.00013708,-0.00003227,-0.00004165,13:46:52..908,,,,
13:46:52..984,38.85857586,0.264159,0.00006673,0.00068973,0.00044861,-0.00013958,0.00084043,0.00013657,-0.00003309,-0.00004253,13:46:52..997,,,,
13:46:53..106,38.35176984,0.264159,0.00006721,0.00068997,0.00044854,-0.00014026,0.00084018,0.00013644,-0.00003278,-0.00004244,13:46:53..104,,,,
13:46:53..138,38.83271841,0.264134,0.0000664,0.00068959,0.00044886,-0.00013936,0.00084076,0.00013712,-0.00003241,-0.00004246,13:46:53..146,,,,
13:46:53..259,38.69825967,0.264134,0.00006629,0.00068932,0.00044863,-0.00013984,0.00084071,0.00013706,-0.0000326,-0.00004218,13:46:53..256,,,,
13:46:53..290,38.86891884,0.264362,0.0000664,0.00068962,0.00044855,-0.00014032,0.00083957,0.00013709,-0.00003205,-0.00004222,13:46:53..299,,,,
13:46:53..356,38.35694133,0.264384,0.00006628,0.0006895,0.00044852,-0.00014049,0.00084008,0.00013729,-0.00003228,-0.00004206,13:46:53..407,,,,
13:46:53..417,38.76548904,0.264384,0.0000666,0.00069018,0.00044834,-0.00014051,0.00083963,0.0001372,-0.00003287,-0.00004197,13:46:53..407,,,,
13:46:53..451,38.91029076,0.264337,0.00006589,0.00068889,0.00044845,-0.00013916,0.00084048,0.00013759,-0.00003294,-0.00004246,13:46:53..496,,,,
13:46:53..587,38.7344601,0.264337,0.00006642,0.00068911,0.00044903,-0.00013823,0.00083984,0.00013752,-0.00003238,-0.00004234,13:46:53..584,,,,
13:46:53..618,38.79651798,0.26433,0.00006574,0.00068795,0.00044838,-0.00013902,0.00084038,0.00013713,-0.00003296,-0.00004294,13:46:53..628,,,,
13:46:53..742,38.7344601,0.26433,0.00006548,0.00068816,0.00044837,-0.00013963,0.00084135,0.00013669,-0.00003291,-0.00004278,13:46:53..739,,,,
13:46:53..775,38.84306139,0.263911,0.00006666,0.00068963,0.00044824,-0.0001394,0.00084083,0.00013698,-0.00003263,-0.0000423,13:46:53..781,,,,
13:46:53..886,38.70343116,0.263911,0.00006687,0.0006901,0.00044873,-0.00013968,0.00083924,0.00013726,-0.00003222,-0.00004284,13:46:53..883,,,,
13:46:53..918,38.51725752,0.2636,0.0000668,0.00068897,0.00044878,-0.00014028,0.00083801,0.00013609,-0.00003268,-0.00004309,13:46:53..883,,,,
13:46:54..013,38.99820609,0.2636,0.00006645,0.00068861,0.00044848,-0.00014018,0.00083912,0.00013637,-0.00003241,-0.00004295,13:46:54..054,,,,
13:46:54..062,38.64654477,0.2636,0.00006563,0.00068876,0.00044808,-0.00014019,0.00083872,0.00013645,-0.0000325,-0.00004266,13:46:54..054,,,,
13:46:54..096,38.60000136,0.263146,0.00006598,0.00068903,0.00044795,-0.00014002,0.00083894,0.00013648,-0.00003306,-0.00004222,13:46:54..097,,,,
13:46:54..216,38.12939577,0.263146,0.00006644,0.0006893,0.00044813,-0.0001396,0.00083903,0.00013685,-0.00003284,-0.00004185,13:46:54..214,,,,
13:46:54..248,38.36211282,0.262997,0.0000659,0.00068889,0.00044864,-0.00013921,0.00084031,0.00013665,-0.00003322,-0.00004233,13:46:54..256,,,,
13:46:54..350,38.60000136,0.262997,0.00006608,0.00068932,0.00044863,-0.00013946,0.0008402,0.00013644,-0.00003233,-0.00004201,13:46:54..347,,,,
13:46:54..383,38.72411712,0.263175,0.00006658,0.00068873,0.00044862,-0.00013989,0.00083998,0.00013655,-0.00003274,-0.00004284,13:46:54..392,,,,
13:46:54..499,38.91029076,0.263175,0.00006592,0.00068943,0.00044871,-0.00013892,0.00083945,0.00013649,-0.00003295,-0.00004308,13:46:54..496,,,,
13:46:54..531,38.72928861,0.263517,0.00006619,0.00068919,0.00044828,-0.00013936,0.00084035,0.00013679,-0.00003284,-0.0000427,13:46:54..496,,,,
13:46:54..610,38.28454047,0.263517,0.00006614,0.00068865,0.00044818,-0.00013911,0.00084045,0.00013717,-0.00003248,-0.00004258,13:46:54..648,,,,
13:46:54..657,38.79134649,0.263517,0.00006673,0.0006891,0.00044838,-0.00013859,0.00084009,0.00013662,-0.00003305,-0.00004249,13:46:54..648,,,,
13:46:54..689,38.54828646,0.263959,0.00006591,0.00068897,0.00044817,-0.00013999,0.00083957,0.00013657,-0.00003288,-0.00004307,13:46:54..691,,,,
13:46:54..751,38.55345795,0.264241,0.00006563,0.00068886,0.00044832,-0.00013872,0.00083948,0.00013703,-0.00003246,-0.00004264,13:46:54..810,,,,
13:46:54..871,38.87926182,0.264241,0.00006585,0.00068828,0.0004486,-0.00013874,0.00083949,0.0001369,-0.00003281,-0.00004228,13:46:54..870,,,,
13:46:54..905,38.11905279,0.264435,0.0000656,0.00068864,0.0004483,-0.0001394,0.00084002,0.00013664,-0.00003256,-0.00004276,13:46:54..870,,,,
13:46:55..000,38.76031755,0.264435,0.00006554,0.00068865,0.00044846,-0.00013908,0.00083954,0.00013626,-0.00003331,-0.00004308,13:46:55..033,,,,
13:46:55..042,38.20179663,0.264435,0.00006578,0.00068892,0.00044868,-0.00013934,0.00083967,0.00013669,-0.00003243,-0.0000432,13:46:55..033,,,,
13:46:55..075,38.58448689,0.264615,0.0000653,0.00068873,0.00044779,-0.00014002,0.00083972,0.00013601,-0.0000327,-0.00004209,13:46:55..075,,,,
13:46:55..145,38.97234864,0.264545,0.00006566,0.00068817,0.00044776,-0.00014038,0.00084006,0.00013678,-0.00003267,-0.00004231,13:46:55..186,,,,
13:46:55..211,38.5276005,0.264545,0.00006534,0.00068773,0.000448,-0.00014086,0.00083953,0.00013611,-0.00003239,-0.00004211,13:46:55..186,,,,
13:46:55..245,38.50691454,0.264216,0.00006607,0.00068778,0.00044836,-0.00013952,0.0008393,0.00013583,-0.00003326,-0.00004295,13:46:55..273,,,,
13:46:55..399,38.47071411,0.264216,0.00006617,0.00068883,0.00044837,-0.00013961,0.00083883,0.00013619,-0.00003292,-0.00004235,13:46:55..396,,,,
13:46:55..431,38.46554262,0.264102,0.00006619,0.00068825,0.00044773,-0.00013968,0.0008395,0.00013642,-0.00003312,-0.00004307,13:46:55..439,,,,
13:46:55..529,38.9413197,0.264102,0.00006664,0.00068864,0.00044849,-0.00013944,0.00084037,0.00013632,-0.00003257,-0.00004238,13:46:55..571,,,,
13:46:55..606,38.53277199,0.264102,0.00006655,0.00068816,0.00044838,-0.00013924,0.00083998,0.0001366,-0.00003268,-0.00004247,13:46:55..571,,,,
13:46:55..639,38.81203245,0.263633,0.00006485,0.00068865,0.00044846,-0.00013904,0.00083961,0.00013696,-0.00003302,-0.00004278,13:46:55..614,,,,
13:46:55..733,38.6310303,0.263633,0.00006506,0.00068785,0.00044819,-0.0001396,0.00083961,0.00013678,-0.00003286,-0.00004247,13:46:55..790,,,,
13:46:55..798,38.58448689,0.263633,0.00006511,0.00068766,0.00044802,-0.00013975,0.00083926,0.00013558,-0.00003321,-0.00004257,13:46:55..790,,,,
13:46:55..832,38.50691454,0.263232,0.0000654,0.00068804,0.00044723,-0.00014054,0.00083989,0.00013638,-0.00003276,-0.00004265,13:46:55..834,,,,
13:46:55..946,38.55862944,0.263232,0.00006528,0.00068872,0.0004478,-0.00013967,0.00083942,0.00013669,-0.00003276,-0.00004218,13:46:55..943,,,,
13:46:55..976,38.61551583,0.263402,0.00006478,0.00068824,0.00044822,-0.00013946,0.00083936,0.0001362,-0.00003271,-0.00004271,13:46:55..987,,,,
13:46:56..044,38.64137328,0.263535,0.00006487,0.00068794,0.00044831,-0.00013898,0.00083936,0.00013516,-0.00003271,-0.00004283,13:46:56..090,,,,
13:46:56..138,38.45519964,0.263535,0.00006519,0.00068861,0.00044851,-0.00013899,0.0008396,0.00013564,-0.00003281,-0.00004279,13:46:56..137,,,,
13:46:56..171,38.66723073,0.263519,0.00006573,0.00068863,0.00044871,-0.00013934,0.0008384,0.00013626,-0.00003305,-0.00004327,13:46:56..137,,,,
13:46:56..244,38.6310303,0.263474,0.00006504,0.00068853,0.00044819,-0.00013913,0.0008387,0.00013587,-0.00003297,-0.00004289,13:46:56..287,,,,
13:46:56..355,38.56380093,0.263474,0.00006568,0.00068874,0.00044835,-0.00013904,0.00083881,0.00013624,-0.00003275,-0.00004317,13:46:56..355,,,,
13:46:56..390,38.07250938,0.263474,0.00006607,0.00068839,0.00044826,-0.00013982,0.00083913,0.00013626,-0.00003279,-0.00004225,13:46:56..355,,,,
13:46:56..424,38.67240222,0.263465,0.00006592,0.0006885,0.0004481,-0.00013904,0.00084019,0.00013575,-0.00003217,-0.00004311,13:46:56..470,,,,
13:46:56..525,39.03957801,0.263465,0.00006586,0.00068827,0.00044804,-0.00013905,0.00084024,0.00013574,-0.00003298,-0.00004259,13:46:56..522,,,,
13:46:56..558,38.49657156,0.263482,0.0000661,0.00068824,0.00044801,-0.00013906,0.0008387,0.00013619,-0.00003278,-0.00004281,13:46:56..522,,,,
13:46:56..612,38.8896048,0.26341,0.00006546,0.0006878,0.00044766,-0.00013965,0.00083928,0.00013578,-0.00003278,-0.00004307,13:46:56..653,,,,
13:46:56..701,38.63620179,0.26341,0.00006539,0.00068768,0.00044818,-0.00013998,0.00083927,0.00013663,-0.0000331,-0.00004237,13:46:56..700,,,,
13:46:56..735,38.8378899,0.263238,0.00006567,0.0006887,0.000448,-0.00014082,0.00083947,0.00013643,-0.0000331,-0.00004319,13:46:56..744,,,,
13:46:56..868,38.77066053,0.263238,0.00006536,0.00068873,0.00044777,-0.0001403,0.00083976,0.00013638,-0.00003239,-0.00004257,13:46:56..865,,,,
13:46:56..901,38.66723073,0.263171,0.00006525,0.00068809,0.00044802,-0.00013923,0.00083849,0.00013602,-0.00003287,-0.00004278,13:46:56..865,,,,
13:46:56..975,38.62068732,0.263171,0.00006588,0.00068913,0.00044795,-0.00013982,0.00083868,0.00013613,-0.00003269,-0.00004307,13:46:57..023,,,,
13:46:57..041,38.48622858,0.263171,0.00006615,0.0006886,0.00044774,-0.00014,0.0008392,0.00013544,-0.00003308,-0.00004217,13:46:57..023,,,,
13:46:57..074,38.65688775,0.263231,0.00006568,0.00068836,0.00044818,-0.00013854,0.00083901,0.00013591,-0.00003263,-0.00004295,13:46:57..110,,,,
13:46:57..198,38.73963159,0.263231,0.00006502,0.00068786,0.00044823,-0.00013928,0.00083946,0.00013601,-0.00003275,-0.0000424,13:46:57..196,,,,
13:46:57..230,38.31039792,0.262952,0.00006558,0.00068787,0.00044853,-0.00013873,0.00083882,0.00013634,-0.00003304,-0.00004328,13:46:57..196,,,,
13:46:57..309,38.62068732,0.26286,0.00006501,0.00068691,0.00044821,-0.0001399,0.00084032,0.00013584,-0.00003257,-0.00004307,13:46:57..389,,,,
13:46:57..469,38.53794348,0.26286,0.000065,0.0006874,0.00044843,-0.00013992,0.00083984,0.00013624,-0.00003328,-0.00004353,13:46:57..468,,,,
13:46:57..502,38.86374735,0.263015,0.00006534,0.00068812,0.0004484,-0.00013966,0.00083966,0.00013659,-0.00003233,-0.00004174,13:46:57..513,,,,
13:46:57..620,38.74480308,0.263015,0.00006555,0.00068907,0.00044842,-0.00013916,0.00083887,0.00013625,-0.00003268,-0.00004269,13:46:57..619,,,,
13:46:57..653,38.56897242,0.263071,0.00006551,0.00068822,0.00044896,-0.0001385,0.00083861,0.00013611,-0.00003263,-0.00004278,13:46:57..664,,,,
13:46:57..780,38.65171626,0.263071,0.00006561,0.00068852,0.00044831,-0.00013888,0.00083875,0.00013587,-0.00003312,-0.00004268,13:46:57..779,,,,
13:46:57..815,38.46037113,0.262963,0.00006481,0.00068771,0.00044843,-0.00014008,0.000838,0.00013635,-0.00003258,-0.0000426,13:46:57..822,,,,
13:46:57..916,38.65171626,0.262963,0.00006564,0.00068868,0.00044894,-0.00013923,0.00083754,0.00013641,-0.00003297,-0.00004293,13:46:57..948,,,,
13:46:57..982,38.58448689,0.262963,0.00006585,0.00068766,0.00044911,-0.00013879,0.00083901,0.00013609,-0.00003255,-0.00004304,13:46:57..948,,,,
13:46:58..017,38.89477629,0.26309,0.00006566,0.00068837,0.00044801,-0.00014066,0.00083842,0.00013562,-0.00003279,-0.00004311,13:46:57..993,,,,
13:46:58..051,38.15008173,0.263161,0.00006534,0.00068797,0.00044786,-0.00013919,0.00083996,0.00013602,-0.0000327,-0.00004307,13:46:58..100,,,,
13:46:58..165,38.53794348,0.263161,0.00006515,0.0006882,0.00044832,-0.00013845,0.00083933,0.000136,-0.0000327,-0.00004331,13:46:58..164,,,,
13:46:58..196,38.4241707,0.263293,0.00006498,0.00068742,0.00044807,-0.00013924,0.00084055,0.00013619,-0.00003275,-0.00004321,13:46:58..164,,,,
13:46:58..280,38.82754692,0.263293,0.00006564,0.00068864,0.0004487,-0.00013801,0.00083977,0.00013621,-0.00003273,-0.00004319,13:46:58..335,,,,
13:46:58..343,38.86891884,0.263293,0.00006553,0.00068852,0.00044815,-0.00013893,0.00084059,0.00013592,-0.00003247,-0.0000434,13:46:58..335,,,,
13:46:58..376,38.61034434,0.263042,0.00006598,0.00068771,0.00044779,-0.00014018,0.0008395,0.00013592,-0.00003281,-0.00004287,13:46:58..379,,,,
13:46:58..467,38.79651798,0.263042,0.00006543,0.00068781,0.0004481,-0.00014016,0.00083928,0.00013619,-0.00003258,-0.00004282,13:46:58..465,,,,
13:46:58..499,38.68791669,0.262959,0.00006556,0.00068828,0.00044839,-0.0001394,0.00083898,0.00013615,-0.00003241,-0.00004407,13:46:58..508,,,,
13:46:58..617,38.80168947,0.262959,0.00006518,0.00068866,0.00044837,-0.00013851,0.00083877,0.00013607,-0.00003267,-0.00004339,13:46:58..615,,,,
13:46:58..650,38.77066053,0.263388,0.00006536,0.0006875,0.00044772,-0.00013974,0.00083876,0.00013499,-0.00003326,-0.00004396,13:46:58..615,,,,
13:46:58..723,38.55345795,0.263388,0.00006501,0.0006869,0.00044742,-0.00014065,0.00083891,0.00013507,-0.00003331,-0.00004382,13:46:58..774,,,,
13:46:58..811,38.77066053,0.263388,0.00006562,0.00068813,0.00044788,-0.0001408,0.00083901,0.00013513,-0.00003265,-0.00004359,13:46:58..774,,,,
13:46:58..843,38.64654477,0.263834,0.00006496,0.00068729,0.00044832,-0.00013959,0.00083886,0.00013607,-0.00003278,-0.00004353,13:46:58..818,,,,
13:46:58..920,38.82237543,0.263834,0.00006487,0.0006875,0.00044881,-0.00013887,0.00083916,0.00013617,-0.00003288,-0.00004316,13:46:58..974,,,,
13:46:58..987,38.40865623,0.263834,0.00006508,0.00068765,0.00044822,-0.00013929,0.00083879,0.00013556,-0.00003256,-0.00004283,13:46:58..974,,,,
13:46:59..020,38.85340437,0.263822,0.0000644,0.00068757,0.00044831,-0.00013859,0.00083962,0.00013541,-0.000033,-0.00004351,13:46:59..059,,,,
13:46:59..160,38.65688775,0.263822,0.0000651,0.00068731,0.00044818,-0.000139,0.00084033,0.0001352,-0.00003268,-0.00004361,13:46:59..157,,,,
13:46:59..194,38.68791669,0.263692,0.00006448,0.0006875,0.00044799,-0.00014038,0.00083811,0.00013501,-0.0000326,-0.00004328,13:46:59..199,,,,
13:46:59..272,38.77066053,0.263692,0.00006475,0.00068689,0.00044769,-0.00014084,0.00083832,0.00013513,-0.00003312,-0.00004349,13:46:59..316,,,,
13:46:59..338,38.63620179,0.263692,0.00006528,0.00068767,0.00044859,-0.00014006,0.00083812,0.00013504,-0.00003346,-0.00004357,13:46:59..316,,,,
13:46:59..369,38.5276005,0.263112,0.00006566,0.00068811,0.00044837,-0.00013844,0.00083933,0.00013564,-0.00003294,-0.00004331,13:46:59..403,,,,
13:46:59..498,38.76548904,0.263112,0.00006516,0.00068878,0.0004483,-0.00013897,0.00083896,0.00013562,-0.00003336,-0.00004377,13:46:59..496,,,,
13:46:59..531,38.77066053,0.263163,0.00006585,0.00068749,0.00044801,-0.00014036,0.00083817,0.00013513,-0.0000329,-0.00004279,13:46:59..540,,,,
13:46:59..637,38.69825967,0.263163,0.00006571,0.00068862,0.00044812,-0.00013981,0.00083752,0.00013498,-0.00003299,-0.00004305,13:46:59..690,,,,
13:46:59..698,38.65171626,0.263163,0.00006545,0.00068792,0.00044868,-0.00013934,0.00083851,0.00013513,-0.00003241,-0.000043,13:46:59..690,,,,
13:46:59..732,38.46554262,0.26315,0.00006572,0.00068762,0.00044835,-0.00013983,0.00083844,0.00013483,-0.00003294,-0.00004268,13:46:59..735,,,,
13:46:59..841,38.70860265,0.26315,0.00006543,0.00068707,0.00044826,-0.00013967,0.00083802,0.00013522,-0.00003289,-0.00004255,13:46:59..838,,,,
13:46:59..873,38.98786311,0.263219,0.00006453,0.00068767,0.00044801,-0.00013904,0.00083715,0.00013563,-0.00003282,-0.00004289,13:46:59..881,,,,
13:46:59..955,38.48105709,0.263033,0.00006538,0.0006877,0.00044861,-0.00013965,0.00083757,0.0001357,-0.00003285,-0.00004314,13:47:00..002,,,,
13:47:00..060,38.66723073,0.263033,0.00006494,0.00068759,0.00044788,-0.0001396,0.00083662,0.00013556,-0.00003275,-0.00004277,13:47:00..059,,,,
13:47:00..093,38.97234864,0.262699,0.00006553,0.00068805,0.00044883,-0.00014006,0.00083759,0.00013494,-0.0000324,-0.00004376,13:47:00..102,,,,
13:47:00..179,38.50691454,0.262699,0.00006496,0.00068757,0.00044893,-0.00013952,0.00083778,0.00013461,-0.0000324,-0.00004395,13:47:00..222,,,,
13:47:00..240,38.93097672,0.262699,0.0000645,0.00068727,0.00044842,-0.00014006,0.00083861,0.0001351,-0.00003252,-0.00004321,13:47:00..222,,,,
13:47:00..275,38.54828646,0.262586,0.00006504,0.00068724,0.00044826,-0.00013912,0.00083796,0.0001357,-0.00003275,-0.00004357,13:47:00..308,,,,
13:47:00..426,38.47071411,0.262586,0.00006532,0.00068613,0.00044821,-0.00013954,0.00083804,0.00013492,-0.00003271,-0.00004384,13:47:00..423,,,,
13:47:00..459,38.41899921,0.262566,0.00006459,0.00068735,0.00044789,-0.0001406,0.0008374,0.0001347,-0.00003295,-0.00004327,13:47:00..468,,,,
13:47:00..547,38.53794348,0.262368,0.00006496,0.00068689,0.00044787,-0.00014046,0.00083763,0.00013532,-0.00003255,-0.00004269,13:47:00..598,,,,
13:47:00..657,38.88443331,0.262368,0.00006501,0.00068663,0.00044756,-0.00014092,0.00083724,0.00013516,-0.00003269,-0.00004345,13:47:00..657,,,,
13:47:00..691,38.91029076,0.262039,0.00006541,0.00068783,0.00044864,-0.00013958,0.00083825,0.00013499,-0.00003295,-0.00004274,13:47:00..657,,,,
13:47:00..769,38.49140007,0.262039,0.00006467,0.0006874,0.00044811,-0.00014015,0.00083802,0.00013506,-0.00003261,-0.00004331,13:47:00..821,,,,
13:47:00..838,38.87926182,0.262039,0.00006459,0.00068783,0.00044857,-0.00013883,0.00083824,0.00013525,-0.00003293,-0.0000432,13:47:00..821,,,,
13:47:00..872,38.71894563,0.261732,0.00006435,0.00068716,0.00044855,-0.00013927,0.00083799,0.00013516,-0.00003326,-0.00004358,13:47:00..909,,,,
13:47:01..012,38.45519964,0.261732,0.0000646,0.00068642,0.00044816,-0.00014021,0.00083767,0.00013489,-0.00003303,-0.00004358,13:47:01..010,,,,
13:47:01..044,38.33108388,0.261946,0.00006392,0.00068659,0.00044879,-0.0001395,0.00083778,0.00013444,-0.00003296,-0.00004237,13:47:01..010,,,,
13:47:01..112,38.24316855,0.261946,0.00006414,0.00068616,0.00044854,-0.00013951,0.00083792,0.00013499,-0.00003242,-0.00004261,13:47:01..160,,,,
13:47:01..169,38.3724558,0.261946,0.00006428,0.00068685,0.00044778,-0.00013916,0.0008372,0.00013461,-0.00003242,-0.00004269,13:47:01..160,,,,
13:47:01..204,38.53277199,0.262506,0.00006343,0.00068689,0.00044781,-0.00014015,0.00083742,0.00013322,-0.00003314,-0.00004324,13:47:01..294,,,,
13:47:01..373,38.25351153,0.262506,0.00006368,0.0006869,0.00044872,-0.00013972,0.00083713,0.00013326,-0.0000327,-0.00004294,13:47:01..372,,,,
13:47:01..406,20.81524725,0.261052,0.00005925,0.0006827,0.00044759,-0.00014087,0.00083444,0.0001292,-0.00003261,-0.00004199,13:47:01..415,,,,
13:47:01..519,7.6020903,0.245693,0.00005956,0.00068325,0.00044795,-0.00014024,0.00083424,0.00013,-0.00003291,-0.00004132,13:47:01..576,,,,
13:47:01..647,27.02620674,0.245693,0.00005977,0.0006819,0.00044855,-0.00014002,0.00083421,0.0001287,-0.00003263,-0.00004111,13:47:01..652,,,,
13:47:01..680,28.32425073,0.216601,0.00002852,0.00064997,0.00044788,-0.00014121,0.00080932,0.00009101,-0.00003376,-0.00003278,13:47:01..699,,,,
13:47:01..778,14.98180653,0.216601,0.00002801,0.00065046,0.00044869,-0.00014112,0.00080831,0.00009101,-0.00003361,-0.00003262,13:47:01..826,,,,
13:47:01..835,6.36610419,0.216601,0.00002797,0.00064957,0.00044818,-0.00014143,0.00080847,0.00009001,-0.00003306,-0.00003269,13:47:01..826,,,,
13:47:01..868,16.16607774,0.18562,0.00000508,0.00061794,0.00044801,-0.00014274,0.00078864,0.00005901,-0.0000336,-0.00002601,13:47:01..869,,,,
13:47:02..036,20.46875742,0.18562,0.00000453,0.00061796,0.00044818,-0.00014202,0.0007882,0.00005898,-0.00003394,-0.00002564,13:47:02..086,,,,
13:47:02..120,6.67639359,0.18562,0.00000429,0.00061808,0.0004481,-0.00014201,0.00078852,0.00005886,-0.0000337,-0.00002617,13:47:02..086,,,,
13:47:02..153,8.59501638,0.126311,-0.0000071,0.00059553,0.00044622,-0.00014467,0.00077726,0.00004476,-0.00003346,-0.0000246,13:47:02..174,,,,
13:47:02..282,10.85495751,0.126311,-0.00000734,0.00059581,0.00044634,-0.000144,0.00077731,0.00004482,-0.00003365,-0.0000247,13:47:02..281,,,,
13:47:02..316,9.86720292,0.101811,-0.00001373,0.00058518,0.00044737,-0.00014459,0.0007724,0.0000394,-0.00003344,-0.00002849,13:47:02..281,,,,
13:47:02..421,8.13475377,0.101811,-0.00001371,0.00058508,0.00044755,-0.00014465,0.00077257,0.00003898,-0.00003336,-0.00002827,13:47:02..492,,,,
13:47:02..527,7.18319961,0.101811,-0.00001406,0.00058443,0.00044722,-0.00014505,0.00077224,0.00003874,-0.00003336,-0.00002765,13:47:02..492,,,,
13:47:02..561,9.08630793,0.075155,-0.00001518,0.00057849,0.00044931,-0.0001438,0.00077121,0.00003759,-0.00003196,-0.00002894,13:47:02..538,,,,
13:47:02..595,8.95184919,0.05923,-0.00001545,0.0005781,0.0004489,-0.00014417,0.00077144,0.00003746,-0.00003203,-0.00002819,13:47:02..654,,,,
13:47:02..714,8.48641509,0.05923,-0.00001544,0.00057834,0.00044903,-0.00014369,0.00077148,0.00003754,-0.00003176,-0.00002845,13:47:02..711,,,,
13:47:02..746,7.46763156,0.05459,-0.00001588,0.00057758,0.00044903,-0.00014384,0.00077083,0.00003665,-0.00003225,-0.00002828,13:47:02..711,,,,
13:47:02..781,7.6538052,0.046272,-0.0000154,0.00057754,0.00044895,-0.00014385,0.00077125,0.00003626,-0.00003163,-0.00002826,13:47:02..837,,,,
13:47:02..893,8.05718142,0.046272,-0.00001567,0.00057761,0.00044943,-0.00014375,0.00077072,0.00003668,-0.00003197,-0.00002811,13:47:02..890,,,,
13:47:02..924,8.36747082,0.038877,-0.0000153,0.00057696,0.00044944,-0.00014394,0.00077124,0.00003633,-0.00003204,-0.00002768,13:47:02..932,,,,
13:47:02..997,8.10889632,0.032202,-0.00001569,0.0005774,0.00044938,-0.00014339,0.00077107,0.00003591,-0.00003176,-0.00002742,13:47:02..994,,,,
13:47:03..057,7.94340864,0.032202,-0.00001585,0.00057688,0.00044894,-0.00014452,0.00077114,0.00003572,-0.00003192,-0.00002792,13:47:03..055,,,,
13:47:03..090,7.88135076,0.029153,-0.00001623,0.00057664,0.00044853,-0.00014404,0.00077115,0.00003584,-0.00003189,-0.00002803,13:47:03..097,,,,
13:47:03..123,7.96926609,0.024105,-0.00001619,0.00057729,0.00044917,-0.00014373,0.00077061,0.00003573,-0.00003216,-0.00002744,13:47:03..168,,,,
13:47:03..215,8.07786738,0.021851,-0.00001589,0.0005765,0.00044903,-0.00014406,0.00077082,0.00003546,-0.00003244,-0.00002753,13:47:03..215,,,,
13:47:03..265,8.19681165,0.021851,-0.00001592,0.00057734,0.00044897,-0.00014355,0.00077067,0.00003606,-0.00003247,-0.00002772,13:47:03..258,,,,
13:47:03..298,8.05200993,0.01814,-0.00001601,0.0005762,0.00044879,-0.00014392,0.00077067,0.00003591,-0.0000318,-0.00002719,13:47:03..302,,,,
13:47:03..417,7.99512354,0.01814,-0.00001581,0.00057665,0.00044905,-0.00014368,0.0007707,0.00003542,-0.00003184,-0.00002719,13:47:03..416,,,,
13:47:03..449,8.04683844,0.01814,-0.0000167,0.00057595,0.00044862,-0.00014476,0.00077053,0.00003523,-0.00003162,-0.00002771,13:47:03..416,,,,
13:47:03..482,8.05200993,0.010983,-0.00001615,0.00057661,0.00044886,-0.00014391,0.0007699,0.00003543,-0.00003205,-0.00002736,13:47:03..538,,,,
13:47:03..599,8.1192393,0.010983,-0.00001615,0.00057649,0.00044934,-0.00014361,0.00077075,0.00003532,-0.00003249,-0.00002732,13:47:03..598,,,,
13:47:03..631,8.10889632,0.010983,-0.00001588,0.00057634,0.00044889,-0.00014381,0.00077048,0.00003573,-0.00003179,-0.0000273,13:47:03..598,,,,
13:47:03..665,8.04166695,0.007454,-0.00001634,0.00057572,0.00044901,-0.00014413,0.00076998,0.00003528,-0.00003203,-0.00002712,13:47:03..704,,,,
13:47:03..780,8.08303887,0.007454,-0.00001647,0.00057525,0.00044869,-0.00014393,0.00077048,0.00003525,-0.00003199,-0.00002773,13:47:03..778,,,,
13:47:03..813,8.08821036,0.005842,-0.00001633,0.00057583,0.00044895,-0.00014406,0.00077028,0.00003514,-0.00003176,-0.00002709,13:47:03..778,,,,
13:47:03..887,8.1192393,0.005204,-0.00001647,0.0005752,0.00044862,-0.00014479,0.00077024,0.00003469,-0.00003219,-0.0000269,13:47:03..934,,,,
13:47:03..943,8.10889632,0.005204,-0.00001602,0.00057648,0.00044912,-0.00014359,0.00077034,0.00003583,-0.00003197,-0.00002679,13:47:03..934,,,,
13:47:03..976,8.04683844,0.004533,-0.00001634,0.00057566,0.00044867,-0.00014389,0.00077082,0.00003498,-0.00003138,-0.0000267,13:47:03..977,,,,
13:47:04..011,8.08303887,0.0039,-0.00001623,0.00057595,0.00044881,-0.0001441,0.0007703,0.00003509,-0.00003159,-0.00002716,13:47:04..021,,,,
13:47:04..046,8.14509675,0.003378,-0.00001623,0.00057569,0.00044839,-0.00014397,0.00077016,0.00003449,-0.00003246,-0.00002697,13:47:04..065,,,,
13:47:04..104,8.09855334,0.003378,-0.0000165,0.00057529,0.00044871,-0.00014393,0.0007703,0.00003508,-0.0000318,-0.00002698,13:47:04..065,,,,
13:47:04..139,8.05718142,0.002876,-0.00001675,0.00057549,0.00044845,-0.00014452,0.00077001,0.00003472,-0.00003165,-0.00002685,13:47:04..109,,,,
13:47:04..171,8.07786738,0.001488,-0.00001684,0.00057539,0.00044896,-0.00014423,0.00077034,0.00003499,-0.00003157,-0.0000267,13:47:04..151,,,,
13:47:04..242,8.07786738,0.001488,-0.00001651,0.00057563,0.00044873,-0.00014414,0.00076952,0.00003482,-0.00003226,-0.00002674,13:47:04..247,,,,
13:47:04..274,8.04683844,0.001488,-0.00001705,0.00057496,0.00044845,-0.00014473,0.00076997,0.00003498,-0.00003188,-0.00002726,13:47:04..247,,,,
13:47:04..308,8.0158095,0.000834,-0.00001638,0.00057536,0.00044894,-0.00014405,0.00076913,0.00003496,-0.00003247,-0.00002692,13:47:04..291,,,,
13:47:04..369,8.07786738,0.000834,-0.00001655,0.00057524,0.00044824,-0.00014409,0.00077014,0.00003496,-0.0000317,-0.00002716,13:47:04..365,,,,
13:47:04..401,8.06235291,0.000577,-0.00001668,0.00057526,0.00044855,-0.0001444,0.00077004,0.00003482,-0.00003194,-0.00002696,13:47:04..410,,,,
13:47:04..456,8.09855334,0.00034,-0.00001658,0.0005758,0.00044883,-0.00014374,0.00076997,0.00003501,-0.00003216,-0.00002679,13:47:04..454,,,,
13:47:04..488,8.07786738,-0.000058,-0.00001675,0.00057541,0.00044868,-0.0001443,0.00076899,0.0000347,-0.00003213,-0.00002729,13:47:04..499,,,,
13:47:04..577,8.10889632,-0.000058,-0.00001682,0.00057491,0.00044862,-0.00014468,0.00076982,0.00003482,-0.0000322,-0.000027,13:47:04..661,,,,
13:47:04..669,8.12958228,-0.000532,-0.00001701,0.00057536,0.00044872,-0.0001446,0.00076962,0.00003443,-0.00003161,-0.00002708,13:47:04..718,,,,
13:47:04..726,8.05200993,-0.000798,-0.00001681,0.00057502,0.00044835,-0.00014419,0.00076982,0.00003479,-0.00003203,-0.00002721,13:47:04..790,,,,
13:47:04..840,8.0675244,-0.000798,-0.00001655,0.00057536,0.00044855,-0.00014418,0.0007699,0.00003485,-0.00003218,-0.00002699,13:47:04..836,,,,
13:47:04..871,8.07269589,-0.000798,-0.00001673,0.0005753,0.00044846,-0.00014391,0.00076938,0.00003477,-0.00003221,-0.00002711,13:47:04..836,,,,
13:47:04..905,8.04166695,-0.001363,-0.00001693,0.00057519,0.00044852,-0.00014394,0.00076916,0.00003443,-0.00003205,-0.00002719,13:47:04..959,,,,
13:47:05..011,8.07269589,-0.001363,-0.00001697,0.00057459,0.00044838,-0.00014489,0.00076929,0.00003438,-0.00003191,-0.00002695,13:47:05..010,,,,
13:47:05..043,8.05718142,-0.001363,-0.00001732,0.00057461,0.00044808,-0.00014531,0.00076959,0.00003447,-0.00003174,-0.00002706,13:47:05..010,,,,
13:47:05..078,8.08303887,-0.001905,-0.00001677,0.00057486,0.00044806,-0.00014497,0.00076877,0.00003465,-0.00003196,-0.00002737,13:47:05..133,,,,
13:47:05..203,8.15026824,-0.001905,-0.00001663,0.00057462,0.00044796,-0.00014493,0.00076932,0.00003433,-0.00003157,-0.00002679,13:47:05..201,,,,
13:47:05..235,8.07786738,-0.002244,-0.0000166,0.00057462,0.00044838,-0.0001444,0.00076892,0.00003448,-0.00003186,-0.00002761,13:47:05..245,,,,
13:47:05..315,8.1192393,-0.002397,-0.00001696,0.00057464,0.00044817,-0.00014466,0.00076922,0.00003454,-0.00003171,-0.00002787,13:47:05..382,,,,
13:47:05..397,8.0675244,-0.002397,-0.00001681,0.00057485,0.00044815,-0.00014439,0.00076891,0.00003421,-0.00003199,-0.00002708,13:47:05..382,,,,
13:47:05..430,8.11406781,-0.002787,-0.00001676,0.00057434,0.00044816,-0.00014505,0.00076857,0.00003467,-0.00003155,-0.00002727,13:47:05..425,,,,
13:47:05..465,8.1192393,-0.002953,-0.00001684,0.00057451,0.00044804,-0.000145,0.00076865,0.00003413,-0.00003197,-0.00002715,13:47:05..469,,,,
13:47:05..531,8.04683844,-0.003244,-0.00001646,0.00057495,0.00044832,-0.00014469,0.00076888,0.00003458,-0.00003164,-0.00002716,13:47:05..529,,,,
13:47:05..626,8.11406781,-0.003244,-0.00001704,0.00057443,0.00044826,-0.00014522,0.00076794,0.00003403,-0.00003236,-0.00002768,13:47:05..629,,,,
13:47:05..659,8.06235291,-0.003244,-0.00001693,0.00057466,0.00044814,-0.00014468,0.00076833,0.00003382,-0.00003239,-0.00002711,13:47:05..629,,,,
13:47:05..692,8.02615248,-0.003397,-0.00001756,0.00057405,0.00044763,-0.00014508,0.00076819,0.00003387,-0.00003198,-0.00002717,13:47:05..748,,,,
13:47:05..766,8.05200993,-0.003205,-0.00001689,0.00057426,0.00044777,-0.00014448,0.00076808,0.00003385,-0.00003224,-0.00002703,13:47:05..832,,,,
13:47:05..851,8.12958228,-0.003205,-0.00001707,0.00057411,0.00044771,-0.00014524,0.0007687,0.00003399,-0.00003164,-0.00002703,13:47:05..832,,,,
13:47:05..885,8.03649546,-0.003181,-0.00001724,0.00057474,0.00044773,-0.00014455,0.00076808,0.00003411,-0.00003174,-0.00002715,13:47:05..918,,,,
13:47:05..971,8.08303887,-0.002953,-0.00001717,0.00057433,0.00044752,-0.00014527,0.00076807,0.00003354,-0.00003232,-0.00002746,13:47:06..011,,,,
13:47:06..069,8.09855334,-0.002953,-0.00001731,0.00057433,0.00044788,-0.0001449,0.0007686,0.000034,-0.00003228,-0.00002743,13:47:06..068,,,,
13:47:06..102,8.12441079,-0.002832,-0.0000175,0.00057468,0.00044723,-0.00014503,0.00076829,0.00003427,-0.0000323,-0.00002745,13:47:06..111,,,,
13:47:06..186,8.1192393,-0.002919,-0.00001743,0.00057438,0.0004473,-0.00014508,0.00076768,0.00003372,-0.00003237,-0.00002812,13:47:06..248,,,,
13:47:06..273,8.05200993,-0.002919,-0.00001788,0.00057399,0.00044767,-0.00014529,0.0007674,0.00003393,-0.00003181,-0.00002741,13:47:06..248,,,,
13:47:06..307,8.10372483,-0.002976,-0.00001739,0.00057364,0.00044752,-0.00014541,0.00076807,0.000034,-0.00003211,-0.00002734,13:47:06..292,,,,
13:47:06..397,8.09855334,-0.002976,-0.00001737,0.00057387,0.00044761,-0.00014521,0.00076768,0.00003369,-0.00003227,-0.00002776,13:47:06..438,,,,
13:47:06..453,8.03649546,-0.002976,-0.00001786,0.00057392,0.00044734,-0.00014609,0.00076786,0.00003318,-0.00003184,-0.00002738,13:47:06..438,,,,
13:47:06..488,8.10372483,-0.002715,-0.00001745,0.00057396,0.00044737,-0.0001459,0.00076748,0.00003286,-0.00003261,-0.00002738,13:47:06..564,,,,
13:47:06..627,8.08821036,-0.002715,-0.00001751,0.00057376,0.00044773,-0.00014566,0.00076753,0.00003324,-0.0000318,-0.00002764,13:47:06..638,,,,
13:47:06..672,8.07786738,-0.002715,-0.00001782,0.0005741,0.00044761,-0.00014529,0.00076737,0.00003343,-0.00003176,-0.00002736,13:47:06..638,,,,
13:47:06..706,8.07269589,-0.002713,-0.00001769,0.00057395,0.00044703,-0.00014595,0.00076751,0.00003303,-0.00003214,-0.00002749,13:47:06..727,,,,
13:47:06..782,8.04683844,-0.002713,-0.00001753,0.00057441,0.00044746,-0.00014563,0.00076773,0.00003307,-0.0000323,-0.00002723,13:47:06..826,,,,
13:47:06..835,8.12958228,-0.002713,-0.00001778,0.00057414,0.00044684,-0.00014553,0.00076706,0.00003305,-0.00003203,-0.00002744,13:47:06..826,,,,
13:47:06..868,8.04683844,-0.002642,-0.0000176,0.00057392,0.00044729,-0.0001459,0.00076719,0.00003317,-0.00003197,-0.00002714,13:47:06..869,,,,
13:47:06..917,8.08303887,-0.002642,-0.00001753,0.00057365,0.00044771,-0.00014528,0.00076756,0.00003315,-0.00003205,-0.00002748,13:47:06..963,,,,
13:47:06..972,8.1192393,-0.002642,-0.00001768,0.0005739,0.00044745,-0.00014537,0.00076691,0.00003322,-0.00003232,-0.00002762,13:47:06..963,,,,
13:47:07..007,8.0675244,-0.002543,-0.0000177,0.00057408,0.00044719,-0.00014533,0.00076714,0.00003295,-0.00003202,-0.00002719,13:47:07..058,,,,
13:47:07..110,8.07786738,-0.002543,-0.00001795,0.00057334,0.00044714,-0.00014604,0.00076713,0.00003276,-0.00003252,-0.00002767,13:47:07..109,,,,
13:47:07..142,8.09338185,-0.002511,-0.00001785,0.00057353,0.00044706,-0.00014574,0.00076659,0.00003261,-0.00003235,-0.0000278,13:47:07..109,,,,
13:47:07..202,8.08303887,-0.002414,-0.00001753,0.00057382,0.00044691,-0.00014635,0.00076725,0.00003304,-0.00003229,-0.00002741,13:47:07..243,,,,
13:47:07..289,8.03649546,-0.002414,-0.0000178,0.00057424,0.00044732,-0.00014561,0.00076667,0.00003295,-0.0000326,-0.00002729,13:47:07..243,,,,
13:47:07..323,8.10889632,-0.002414,-0.00001774,0.00057354,0.00044714,-0.00014594,0.00076718,0.00003343,-0.00003248,-0.0000278,13:47:07..290,,,,
13:47:07..357,8.07786738,-0.002544,-0.00001799,0.00057317,0.00044712,-0.00014608,0.00076699,0.00003285,-0.00003268,-0.00002772,13:47:07..409,,,,
13:47:07..473,8.10372483,-0.002544,-0.00001785,0.0005741,0.00044698,-0.00014568,0.00076605,0.00003298,-0.00003229,-0.00002816,13:47:07..409,,,,
13:47:07..506,8.18646867,-0.002495,-0.00001809,0.00057342,0.00044678,-0.00014631,0.00076677,0.0000324,-0.00003267,-0.00002772,13:47:07..516,,,,
13:47:07..632,8.13992526,-0.002495,-0.00001774,0.00057385,0.00044713,-0.00014616,0.00076631,0.00003262,-0.00003253,-0.00002772,13:47:07..629,,,,
13:47:07..664,8.1709542,-0.002611,-0.00001789,0.00057322,0.0004466,-0.00014643,0.00076611,0.00003225,-0.00003231,-0.00002775,13:47:07..671,,,,
13:47:07..769,8.12441079,-0.002611,-0.000018,0.00057341,0.00044672,-0.00014631,0.00076662,0.00003293,-0.00003222,-0.00002764,13:47:07..766,,,,
13:47:07..802,8.09338185,-0.002682,-0.00001787,0.00057306,0.00044677,-0.00014639,0.00076619,0.00003233,-0.00003242,-0.00002777,13:47:07..809,,,,
13:47:07..910,8.10372483,-0.002682,-0.00001783,0.00057321,0.00044685,-0.00014624,0.00076627,0.00003277,-0.00003267,-0.00002824,13:47:07..907,,,,
13:47:07..942,8.03649546,-0.00271,-0.0000185,0.00057322,0.00044617,-0.00014642,0.0007661,0.00003222,-0.00003242,-0.00002824,13:47:07..951,,,,
13:47:08..052,8.07269589,-0.00271,-0.00001782,0.00057335,0.00044678,-0.00014585,0.00076638,0.00003216,-0.00003255,-0.00002734,13:47:08..049,,,,
13:47:08..084,8.05200993,-0.002754,-0.00001826,0.0005736,0.0004467,-0.00014642,0.00076611,0.00003257,-0.00003291,-0.00002788,13:47:08..091,,,,
13:47:08..159,8.02615248,-0.002754,-0.0000178,0.00057295,0.00044683,-0.00014629,0.00076621,0.0000322,-0.00003272,-0.00002746,13:47:08..188,,,,
13:47:08..196,8.15543973,-0.002754,-0.00001833,0.00057307,0.00044646,-0.00014593,0.00076554,0.00003179,-0.00003321,-0.00002862,13:47:08..188,,,,
13:47:08..230,8.10889632,-0.0028,-0.00001818,0.00057303,0.00044608,-0.00014667,0.00076617,0.00003243,-0.0000329,-0.00002782,13:47:08..284,,,,
13:47:08..352,8.04166695,-0.0028,-0.00001808,0.00057308,0.00044666,-0.00014588,0.00076625,0.0000326,-0.00003276,-0.00002757,13:47:08..350,,,,
13:47:08..385,8.05718142,-0.002664,-0.00001809,0.00057299,0.00044673,-0.00014639,0.00076645,0.00003242,-0.00003222,-0.00002787,13:47:08..393,,,,
13:47:08..499,8.05200993,-0.002664,-0.00001794,0.00057337,0.00044674,-0.0001459,0.00076565,0.00003212,-0.00003321,-0.00002767,13:47:08..496,,,,
13:47:08..532,8.09338185,-0.002474,-0.00001848,0.00057289,0.00044635,-0.0001465,0.00076598,0.00003187,-0.00003248,-0.00002791,13:47:08..540,,,,
13:47:08..641,8.04683844,-0.002474,-0.00001804,0.00057287,0.00044691,-0.00014687,0.00076581,0.00003191,-0.00003264,-0.0000278,13:47:08..638,,,,
13:47:08..674,8.09855334,-0.002824,-0.00001848,0.00057301,0.00044612,-0.00014637,0.00076592,0.00003183,-0.00003246,-0.0000278,13:47:08..680,,,,
13:47:08..776,8.08821036,-0.002824,-0.0000186,0.00057249,0.00044623,-0.00014669,0.00076573,0.00003182,-0.00003302,-0.00002793,13:47:08..773,,,,
13:47:08..808,8.08821036,-0.003373,-0.00001829,0.00057322,0.00044668,-0.00014644,0.00076553,0.0000316,-0.00003302,-0.00002811,13:47:08..818,,,,
13:47:08..908,8.1192393,-0.003373,-0.0000187,0.00057219,0.00044639,-0.00014649,0.00076585,0.00003212,-0.00003303,-0.00002814,13:47:08..905,,,,
13:47:08..939,8.07786738,-0.003514,-0.00001814,0.00057271,0.00044639,-0.00014657,0.00076592,0.00003217,-0.00003237,-0.00002814,13:47:08..951,,,,
13:47:09..057,8.07786738,-0.003514,-0.00001847,0.00057268,0.00044621,-0.00014651,0.00076552,0.00003146,-0.00003281,-0.00002819,13:47:09..054,,,,
13:47:09..089,8.09855334,-0.003501,-0.00001835,0.00057261,0.00044618,-0.00014666,0.00076552,0.00003166,-0.00003319,-0.00002772,13:47:09..098,,,,
13:47:09..187,8.12441079,-0.003501,-0.00001859,0.0005721,0.0004463,-0.00014711,0.00076558,0.00003188,-0.00003292,-0.00002837,13:47:09..185,,,,
13:47:09..220,8.0675244,-0.003548,-0.0000186,0.00057211,0.00044636,-0.00014659,0.00076534,0.00003114,-0.00003298,-0.0000286,13:47:09..229,,,,
13:47:09..328,8.0675244,-0.003548,-0.00001869,0.00057265,0.00044627,-0.00014635,0.00076514,0.00003115,-0.00003324,-0.00002838,13:47:09..326,,,,
13:47:09..359,8.08303887,-0.003782,-0.00001875,0.00057259,0.00044591,-0.00014645,0.00076535,0.00003172,-0.00003336,-0.00002825,13:47:09..326,,,,
13:47:09..436,8.09338185,-0.003782,-0.00001842,0.00057205,0.00044587,-0.0001471,0.0007655,0.00003135,-0.00003253,-0.00002795,13:47:09..467,,,,
13:47:09..487,8.11406781,-0.003782,-0.00001834,0.00057224,0.000446,-0.00014687,0.00076533,0.0000317,-0.00003336,-0.00002776,13:47:09..467,,,,
13:47:09..521,8.10889632,-0.003992,-0.00001847,0.00057275,0.00044625,-0.00014675,0.00076508,0.0000312,-0.00003304,-0.00002818,13:47:09..555,,,,
13:47:09..657,8.02098099,-0.003992,-0.00001831,0.00057242,0.00044598,-0.00014733,0.00076533,0.0000316,-0.00003285,-0.00002822,13:47:09..654,,,,
13:47:09..689,8.07786738,-0.003678,-0.00001801,0.00057217,0.00044623,-0.00014738,0.00076541,0.00003144,-0.00003277,-0.00002741,13:47:09..697,,,,
13:47:09..810,8.0675244,-0.003678,-0.00001848,0.00057262,0.00044572,-0.00014682,0.00076474,0.00003168,-0.00003328,-0.00002827,13:47:09..807,,,,
13:47:09..842,8.10372483,-0.003397,-0.00001876,0.00057186,0.00044629,-0.00014746,0.0007654,0.00003089,-0.00003336,-0.00002821,13:47:09..851,,,,
13:47:09..961,8.14509675,-0.003397,-0.00001875,0.00057213,0.00044631,-0.00014659,0.00076517,0.00003114,-0.00003292,-0.00002844,13:47:09..958,,,,
13:47:09..993,8.08821036,-0.003239,-0.00001876,0.00057236,0.00044618,-0.00014692,0.00076492,0.00003096,-0.00003328,-0.00002855,13:47:10..002,,,,
13:47:10..117,8.13475377,-0.003239,-0.000019,0.00057209,0.00044568,-0.00014751,0.00076474,0.00003083,-0.00003294,-0.00002855,13:47:10..113,,,,
13:47:10..147,8.04683844,-0.003104,-0.00001898,0.00057163,0.00044581,-0.00014725,0.00076482,0.00003099,-0.00003315,-0.00002821,13:47:10..156,,,,
13:47:10..272,8.07786738,-0.003104,-0.00001871,0.00057131,0.00044599,-0.00014706,0.00076514,0.00003109,-0.00003282,-0.00002818,13:47:10..269,,,,
13:47:10..304,8.08303887,-0.002753,-0.00001884,0.00057235,0.0004465,-0.00014699,0.00076463,0.0000308,-0.00003316,-0.00002876,13:47:10..311,,,,
13:47:10..443,8.07269589,-0.002753,-0.00001907,0.00057163,0.00044582,-0.00014761,0.00076441,0.00003049,-0.00003281,-0.00002842,13:47:10..440,,,,
13:47:10..476,8.04683844,-0.002453,-0.00001885,0.00057163,0.00044622,-0.00014733,0.00076473,0.00003068,-0.00003331,-0.00002888,13:47:10..483,,,,
13:47:10..603,8.08303887,-0.002453,-0.00001887,0.00057133,0.00044578,-0.00014729,0.00076423,0.00003098,-0.00003319,-0.00002856,13:47:10..600,,,,
13:47:10..635,8.09338185,-0.002407,-0.00001869,0.00057169,0.00044619,-0.00014759,0.00076464,0.00003096,-0.00003328,-0.00002828,13:47:10..644,,,,
13:47:10..763,8.08821036,-0.002407,-0.00001894,0.00057141,0.00044618,-0.00014726,0.00076506,0.00003049,-0.00003342,-0.00002814,13:47:10..760,,,,
13:47:10..796,8.1192393,-0.002218,-0.00001924,0.00057171,0.00044584,-0.00014703,0.00076439,0.00003047,-0.00003335,-0.00002855,13:47:10..805,,,,
13:47:10..871,8.0675244,-0.002218,-0.00001892,0.000571,0.00044597,-0.00014749,0.00076495,0.00003074,-0.00003317,-0.00002796,13:47:10..916,,,,
13:47:10..938,8.07269589,-0.002218,-0.00001882,0.00057163,0.00044596,-0.00014705,0.00076401,0.00003109,-0.00003348,-0.00002847,13:47:10..916,,,,
13:47:10..971,8.12441079,-0.002202,-0.00001919,0.00057167,0.00044594,-0.00014742,0.00076431,0.00003059,-0.00003359,-0.00002849,13:47:10..960,,,,
13:47:11..004,8.02098099,-0.002205,-0.00001906,0.0005716,0.00044544,-0.00014719,0.00076465,0.00003041,-0.00003307,-0.00002839,13:47:11..062,,,,
13:47:11..074,8.04166695,-0.002237,-0.00001894,0.00057146,0.00044576,-0.00014737,0.00076451,0.00003066,-0.00003341,-0.00002825,13:47:11..116,,,,
13:47:11..127,8.13992526,-0.002237,-0.00001884,0.00057131,0.00044599,-0.00014742,0.00076458,0.00003075,-0.00003347,-0.00002866,13:47:11..116,,,,
13:47:11..161,8.05718142,-0.002283,-0.00001937,0.00057187,0.00044567,-0.00014722,0.00076448,0.00003066,-0.00003342,-0.00002812,13:47:11..161,,,,
13:47:11..195,8.02098099,-0.002372,-0.0000194,0.00057069,0.00044523,-0.00014808,0.0007645,0.00003039,-0.00003294,-0.00002887,13:47:11..205,,,,
13:47:11..320,8.09338185,-0.002372,-0.00001906,0.00057175,0.00044579,-0.00014703,0.00076414,0.00003065,-0.00003338,-0.00002872,13:47:11..317,,,,
13:47:11..353,8.02098099,-0.002684,-0.0000187,0.00057116,0.00044558,-0.00014732,0.00076476,0.00003105,-0.00003315,-0.00002811,13:47:11..360,,,,
13:47:11..387,8.10889632,-0.002755,-0.00001914,0.00057154,0.00044577,-0.00014709,0.00076458,0.00003063,-0.00003293,-0.00002816,13:47:11..435,,,,
13:47:11..446,8.15026824,-0.002821,-0.00001931,0.00057159,0.00044567,-0.00014755,0.00076398,0.00002996,-0.00003373,-0.00002834,13:47:11..495,,,,
13:47:11..514,7.97960907,-0.002758,-0.00001951,0.00057068,0.00044565,-0.00014757,0.00076444,0.00003053,-0.00003296,-0.00002806,13:47:11..539,,,,
13:47:11..547,8.0675244,-0.002758,-0.00001921,0.00057155,0.00044531,-0.00014687,0.00076494,0.00003063,-0.00003323,-0.0000283,13:47:11..539,,,,
13:47:11..581,8.10889632,-0.002678,-0.00001909,0.00057163,0.00044544,-0.00014778,0.0007644,0.00003022,-0.00003316,-0.00002815,13:47:11..581,,,,
13:47:11..615,8.15026824,-0.002525,-0.00001947,0.00057084,0.00044551,-0.00014734,0.00076458,0.00002992,-0.00003333,-0.00002882,13:47:11..626,,,,
13:47:11..691,8.10372483,-0.002412,-0.00001918,0.00057167,0.00044581,-0.00014736,0.00076416,0.0000302,-0.00003345,-0.0000285,13:47:11..741,,,,
13:47:11..800,8.08303887,-0.002412,-0.00001939,0.00057168,0.00044581,-0.00014746,0.0007642,0.00003031,-0.0000336,-0.00002881,13:47:11..799,,,,
13:47:11..834,8.05718142,-0.002205,-0.00001916,0.00057126,0.00044587,-0.00014768,0.00076428,0.00002995,-0.00003314,-0.00002861,13:47:11..846,,,,
13:47:11..920,8.07269589,-0.002205,-0.00001959,0.00057154,0.0004453,-0.00014809,0.00076424,0.00003028,-0.0000332,-0.00002876,13:47:11..967,,,,
13:47:11..973,8.03649546,-0.002205,-0.00001912,0.00057174,0.00044544,-0.00014779,0.0007645,0.00002995,-0.00003337,-0.00002832,13:47:11..967,,,,
13:47:12..008,8.0675244,-0.00225,-0.00001916,0.00057143,0.00044588,-0.0001474,0.0007643,0.00003031,-0.00003332,-0.00002816,13:47:12..012,,,,
13:47:12..041,8.13992526,-0.002405,-0.00001927,0.00057129,0.00044569,-0.00014729,0.00076415,0.00002986,-0.00003372,-0.00002881,13:47:12..056,,,,
13:47:12..115,8.09855334,-0.002505,-0.00002,0.0005708,0.00044531,-0.00014796,0.00076424,0.00002973,-0.00003296,-0.00002859,13:47:12..168,,,,
13:47:12..188,8.08821036,-0.002505,-0.00001949,0.00057118,0.00044568,-0.00014759,0.00076402,0.00002984,-0.00003357,-0.00002862,13:47:12..168,,,,
13:47:12..222,8.06235291,-0.002665,-0.00001946,0.0005712,0.00044506,-0.00014781,0.00076426,0.00002983,-0.00003357,-0.00002888,13:47:12..211,,,,
13:47:12..256,8.13475377,-0.002859,-0.00001985,0.00057115,0.00044606,-0.00014825,0.00076365,0.00003004,-0.00003336,-0.00002871,13:47:12..297,,,,
13:47:12..307,8.16578271,-0.002859,-0.00001943,0.00057128,0.0004456,-0.00014732,0.00076457,0.00002997,-0.00003334,-0.00002827,13:47:12..382,,,,
13:47:12..402,8.04166695,-0.002859,-0.00001958,0.00057167,0.0004457,-0.00014757,0.00076434,0.00002994,-0.00003308,-0.00002853,13:47:12..382,,,,
13:47:12..435,8.12958228,-0.002861,-0.00001962,0.00057089,0.0004455,-0.00014756,0.00076419,0.0000304,-0.00003355,-0.0000285,13:47:12..427,,,,
13:47:12..468,8.07786738,-0.003146,-0.00001916,0.00057122,0.00044504,-0.00014776,0.00076392,0.00003012,-0.00003351,-0.00002869,13:47:12..471,,,,
13:47:12..525,8.03649546,-0.003264,-0.00001922,0.00057136,0.00044527,-0.00014798,0.00076459,0.00002982,-0.00003306,-0.00002839,13:47:12..568,,,,
13:47:12..602,8.04683844,-0.003264,-0.00001963,0.00057154,0.00044571,-0.00014763,0.00076371,0.00003024,-0.00003391,-0.0000284,13:47:12..568,,,,
13:47:12..638,8.10372483,-0.00335,-0.00001951,0.0005712,0.00044569,-0.00014751,0.00076377,0.00002999,-0.00003359,-0.00002841,13:47:12..611,,,,
13:47:12..669,8.09855334,-0.003388,-0.00001949,0.00057113,0.00044539,-0.00014796,0.00076403,0.00002997,-0.00003344,-0.00002872,13:47:12..733,,,,
13:47:12..743,8.06235291,-0.00334,-0.00001948,0.00057153,0.00044551,-0.00014744,0.0007635,0.00002963,-0.00003359,-0.00002873,13:47:12..776,,,,
13:47:12..831,8.14509675,-0.00334,-0.00001966,0.00057065,0.00044567,-0.00014819,0.00076415,0.00002947,-0.00003327,-0.0000284,13:47:12..776,,,,
13:47:12..866,8.07269589,-0.00334,-0.00001934,0.00057159,0.00044555,-0.00014748,0.00076397,0.0000298,-0.00003335,-0.00002852,13:47:12..838,,,,
13:47:12..899,8.05200993,-0.003295,-0.00001969,0.00057138,0.00044552,-0.00014805,0.00076383,0.00003033,-0.00003387,-0.00002846,13:47:12..955,,,,
13:47:12..966,8.11406781,-0.003284,-0.00001945,0.00057083,0.00044534,-0.00014805,0.00076427,0.00002972,-0.00003321,-0.00002801,13:47:13..023,,,,
13:47:13..043,8.1192393,-0.003284,-0.0000198,0.00057177,0.00044518,-0.00014792,0.00076362,0.00002992,-0.00003401,-0.00002862,13:47:13..023,,,,
13:47:13..077,8.10372483,-0.003243,-0.00001976,0.00057081,0.00044549,-0.00014782,0.00076362,0.00002986,-0.00003367,-0.00002857,13:47:13..068,,,,
13:47:13..112,8.11406781,-0.003316,-0.00001989,0.00057065,0.00044554,-0.00014834,0.00076413,0.00002977,-0.00003357,-0.0000288,13:47:13..173,,,,
13:47:13..238,8.14509675,-0.003316,-0.00001997,0.00057114,0.0004454,-0.00014811,0.00076387,0.00002989,-0.00003364,-0.00002878,13:47:13..236,,,,
13:47:13..270,8.06235291,-0.003316,-0.00002009,0.00057187,0.00044528,-0.00014766,0.00076339,0.0000297,-0.00003397,-0.00002908,13:47:13..236,,,,
13:47:13..303,8.12441079,-0.003497,-0.00002011,0.00057078,0.00044516,-0.00014783,0.00076392,0.00002998,-0.00003384,-0.00002826,13:47:13..348,,,,
13:47:13..416,8.0675244,-0.003497,-0.0000201,0.00057155,0.00044541,-0.00014795,0.00076389,0.00002964,-0.00003423,-0.00002884,13:47:13..417,,,,
13:47:13..452,8.07269589,-0.003639,-0.0000199,0.00057114,0.00044513,-0.00014821,0.00076389,0.00002929,-0.00003328,-0.00002889,13:47:13..462,,,,
13:47:13..505,8.12441079,-0.003584,-0.00001971,0.00057152,0.00044562,-0.00014785,0.00076351,0.00002966,-0.00003382,-0.00002898,13:47:13..562,,,,
13:47:13..570,8.08821036,-0.003584,-0.00002015,0.00057055,0.00044499,-0.00014816,0.0007641,0.00002943,-0.00003394,-0.00002887,13:47:13..562,,,,
13:47:13..603,8.04683844,-0.003487,-0.00001993,0.00057096,0.00044523,-0.00014814,0.00076322,0.00002946,-0.00003433,-0.0000289,13:47:13..606,,,,
13:47:13..719,8.10889632,-0.003487,-0.0000203,0.000571,0.00044551,-0.00014781,0.00076409,0.00002955,-0.00003383,-0.00002842,13:47:13..716,,,,
13:47:13..752,8.07269589,-0.003404,-0.00002016,0.0005709,0.00044536,-0.00014782,0.00076368,0.00002939,-0.00003345,-0.0000286,13:47:13..761,,,,
13:47:13..794,8.09855334,-0.003404,-0.00001995,0.00057078,0.00044487,-0.00014819,0.00076402,0.0000296,-0.00003377,-0.0000286,13:47:13..761,,,,
13:47:13..829,8.05718142,-0.003281,-0.00002042,0.00057062,0.00044517,-0.00014864,0.00076373,0.00002969,-0.00003331,-0.00002869,13:47:13..850,,,,
13:47:13..918,8.09855334,-0.003281,-0.00002019,0.00057041,0.00044484,-0.00014843,0.00076344,0.0000294,-0.0000337,-0.00002854,13:47:13..917,,,,
13:47:13..952,8.05718142,-0.003238,-0.00002014,0.00057104,0.0004454,-0.00014823,0.00076369,0.00002923,-0.00003378,-0.00002881,13:47:13..961,,,,
13:47:14..017,8.08821036,-0.003238,-0.00002062,0.00057118,0.00044495,-0.00014843,0.0007634,0.00002907,-0.00003416,-0.00002899,13:47:14..014,,,,
13:47:14..050,8.12958228,-0.003245,-0.00002009,0.00057083,0.00044537,-0.0001481,0.00076368,0.00002946,-0.00003402,-0.00002886,13:47:14..058,,,,
13:47:14..164,8.1192393,-0.003245,-0.00002006,0.00057086,0.00044498,-0.00014841,0.00076413,0.00002884,-0.00003423,-0.00002894,13:47:14..161,,,,
13:47:14..195,8.06235291,-0.003337,-0.00002023,0.00057086,0.0004448,-0.00014861,0.0007643,0.00002952,-0.00003333,-0.00002822,13:47:14..204,,,,
13:47:14..332,8.13475377,-0.003337,-0.00001993,0.00057054,0.00044476,-0.00014873,0.00076388,0.0000297,-0.00003383,-0.00002855,13:47:14..204,,,,
