Time,Pressure,Flow Rate (ml/s),Force 1,Force 2,Force 3,Force 4,Force 5,Force 6,Force 7,Force 8,Flow Meter Time,,,, 
16:00:02..994,4.16304945,0.014713,-0.00063333,0.00049806,0.00036706,-0.00019133,0.00074361,-0.00004379,-0.00011317,-0.00007615,16:00:03..059,,,,
16:00:03..113,4.17339243,0.014713,-0.00063388,0.00049865,0.00036703,-0.00019092,0.00074274,-0.00004443,-0.00011343,-0.00007658,16:00:03..111,,,,
16:00:03..144,4.17856392,0.014797,-0.00063339,0.00049879,0.00036679,-0.0001908,0.00074237,-0.0000441,-0.00011323,-0.00007686,16:00:03..156,,,,
16:00:03..254,4.15787796,0.014797,-0.00063334,0.00049748,0.00036685,-0.00019103,0.00074316,-0.00004427,-0.00011313,-0.00007628,16:00:03..253,,,,
16:00:03..285,4.17339243,0.014917,-0.00063337,0.00049929,0.00036649,-0.00019093,0.0007423,-0.00004434,-0.00011326,-0.0000769,16:00:03..297,,,,
16:00:03..414,4.15787796,0.014917,-0.00063378,0.00049769,0.00036669,-0.00019178,0.00074335,-0.00004452,-0.00011329,-0.00007664,16:00:03..413,,,,
16:00:03..446,4.19407839,0.015013,-0.00063374,0.00049886,0.00036698,-0.00019134,0.00074246,-0.00004446,-0.00011333,-0.00007655,16:00:03..457,,,,
16:00:03..574,4.19407839,0.015013,-0.00063394,0.00049842,0.00036707,-0.00019128,0.0007432,-0.00004432,-0.00011314,-0.0000763,16:00:03..572,,,,
16:00:03..606,4.21993584,0.014872,-0.0006337,0.00049819,0.0003667,-0.00019141,0.00074287,-0.00004423,-0.00011289,-0.00007659,16:00:03..619,,,,
16:00:03..727,4.14753498,0.014872,-0.00063353,0.00049801,0.00036682,-0.00019139,0.00074268,-0.00004417,-0.00011267,-0.00007617,16:00:03..619,,,,
16:00:03..761,4.1889069,0.014872,-0.00063334,0.00049883,0.00036705,-0.00019099,0.00074273,-0.0000445,-0.00011318,-0.00007654,16:00:03..728,,,,
16:00:03..795,4.17856392,0.014559,-0.00063348,0.00049863,0.00036706,-0.00019105,0.00074294,-0.00004459,-0.00011324,-0.00007643,16:00:03..873,,,,
16:00:03..938,4.15787796,0.014559,-0.00063348,0.00049783,0.00036675,-0.00019126,0.00074365,-0.00004399,-0.00011288,-0.00007662,16:00:03..937,,,,
16:00:03..970,4.16304945,0.014559,-0.00063373,0.00049848,0.00036703,-0.0001913,0.00074337,-0.00004425,-0.00011289,-0.00007642,16:00:03..937,,,,
16:00:04..004,4.19407839,0.014253,-0.0006338,0.00049777,0.00036677,-0.00019114,0.00074305,-0.00004416,-0.00011301,-0.0000761,16:00:04..048,,,,
16:00:04..113,4.20959286,0.014253,-0.00063382,0.00049866,0.00036658,-0.00019103,0.00074249,-0.00004444,-0.00011336,-0.00007673,16:00:04..111,,,,
16:00:04..145,4.14753498,0.013992,-0.00063409,0.0004978,0.00036703,-0.00019138,0.00074363,-0.00004401,-0.00011331,-0.00007624,16:00:04..111,,,,
16:00:04..206,4.17856392,0.013992,-0.00063359,0.00049868,0.00036655,-0.00019124,0.00074222,-0.00004466,-0.00011332,-0.00007677,16:00:04..242,,,,
16:00:04..271,4.15787796,0.013992,-0.00063354,0.00049819,0.00036693,-0.00019124,0.0007436,-0.00004394,-0.00011312,-0.00007655,16:00:04..242,,,,
16:00:04..305,4.14753498,0.013754,-0.00063395,0.00049837,0.0003669,-0.00019144,0.00074267,-0.00004476,-0.00011264,-0.00007679,16:00:04..329,,,,
16:00:04..357,4.21476435,0.013754,-0.00063389,0.0004973,0.00036652,-0.00019164,0.00074338,-0.00004403,-0.00011332,-0.00007631,16:00:04..373,,,,
16:00:04..413,4.23027882,0.013718,-0.00063364,0.0004981,0.0003667,-0.00019139,0.00074241,-0.00004475,-0.00011335,-0.00007669,16:00:04..446,,,,
16:00:04..460,4.11133455,0.013718,-0.00063373,0.00049797,0.00036699,-0.00019143,0.00074357,-0.00004421,-0.00011284,-0.00007599,16:00:04..446,,,,
16:00:04..493,4.16822094,0.013461,-0.00063405,0.00049869,0.00036655,-0.00019135,0.00074284,-0.00004462,-0.00011294,-0.00007699,16:00:04..536,,,,
16:00:04..615,4.2406218,0.013461,-0.00063366,0.00049801,0.00036659,-0.000191,0.00074347,-0.00004398,-0.00011334,-0.00007694,16:00:04..619,,,,
16:00:04..647,4.18373541,0.013461,-0.00063376,0.00049888,0.00036718,-0.00019138,0.00074305,-0.00004464,-0.00011323,-0.00007685,16:00:04..619,,,,
16:00:04..681,4.16304945,0.013513,-0.00063353,0.00049884,0.00036677,-0.00019068,0.00074275,-0.00004404,-0.00011343,-0.00007634,16:00:04..708,,,,
16:00:04..811,4.16304945,0.013513,-0.00063364,0.00049841,0.00036737,-0.00019145,0.00074314,-0.00004413,-0.00011335,-0.00007653,16:00:04..809,,,,
16:00:04..843,4.14753498,0.013676,-0.00063393,0.00049816,0.00036721,-0.00019159,0.00074286,-0.00004458,-0.00011367,-0.00007672,16:00:04..852,,,,
16:00:04..961,4.14236349,0.013676,-0.00063358,0.00049871,0.00036695,-0.00019091,0.00074298,-0.00004446,-0.00011296,-0.00007648,16:00:04..959,,,,
16:00:04..993,4.27165074,0.013741,-0.00063393,0.00049854,0.00036696,-0.00019144,0.00074259,-0.000045,-0.00011377,-0.00007692,16:00:05..004,,,,
16:00:05..101,4.16304945,0.013741,-0.00063393,0.00049806,0.00036718,-0.00019139,0.00074351,-0.00004408,-0.00011293,-0.00007659,16:00:05..100,,,,
16:00:05..133,4.17856392,0.013911,-0.00063383,0.00049758,0.00036655,-0.00019153,0.00074343,-0.00004418,-0.00011375,-0.00007656,16:00:05..144,,,,
16:00:05..199,4.22510733,0.013911,-0.00063362,0.0004985,0.00036706,-0.00019123,0.00074258,-0.00004428,-0.00011373,-0.00007672,16:00:05..197,,,,
16:00:05..239,4.21993584,0.013972,-0.00063343,0.00049799,0.00036668,-0.00019134,0.00074334,-0.00004408,-0.00011288,-0.00007667,16:00:05..239,,,,
16:00:05..272,4.14236349,0.014141,-0.00063336,0.00049771,0.00036674,-0.00019165,0.0007433,-0.00004428,-0.00011327,-0.00007629,16:00:05..283,,,,
16:00:05..395,4.12167753,0.014141,-0.00063348,0.00049851,0.00036655,-0.00019132,0.00074249,-0.00004452,-0.00011306,-0.00007619,16:00:05..393,,,,
16:00:05..426,4.06479114,0.014339,-0.00063386,0.00049848,0.00036714,-0.00019147,0.00074283,-0.0000448,-0.00011311,-0.00007628,16:00:05..437,,,,
16:00:05..548,4.06996263,0.014339,-0.00063356,0.00049789,0.00036719,-0.00019187,0.00074344,-0.0000442,-0.00011289,-0.00007673,16:00:05..546,,,,
16:00:05..581,3.91998942,0.014435,-0.00063372,0.00049804,0.00036701,-0.00019154,0.0007431,-0.00004426,-0.00011318,-0.00007651,16:00:05..590,,,,
16:00:05..657,4.02341922,0.014356,-0.00063405,0.00049885,0.00036684,-0.00019133,0.00074308,-0.00004411,-0.00011307,-0.00007678,16:00:05..700,,,,
16:00:05..750,4.42679544,0.014356,-0.00063352,0.00049797,0.00036721,-0.00019154,0.0007431,-0.00004411,-0.00011338,-0.000076,16:00:05..750,,,,
16:00:05..783,3.91998942,0.014172,-0.00063379,0.00049743,0.00036673,-0.00019146,0.00074312,-0.00004364,-0.0001131,-0.00007621,16:00:05..792,,,,
16:00:05..894,4.64399802,0.014172,-0.00063375,0.00049816,0.00036697,-0.000191,0.0007421,-0.00004421,-0.00011284,-0.00007636,16:00:05..894,,,,
16:00:05..929,4.14753498,0.014113,-0.00063399,0.0004976,0.00036711,-0.00019151,0.00074291,-0.00004424,-0.00011326,-0.00007669,16:00:05..938,,,,
16:00:05..977,4.69571292,0.01398,-0.00063369,0.00049823,0.00036694,-0.00019098,0.00074265,-0.00004426,-0.00011354,-0.00007669,16:00:05..981,,,,
16:00:06..032,4.11133455,0.01398,-0.00063383,0.00049775,0.00036692,-0.00019113,0.00074365,-0.00004419,-0.00011284,-0.00007634,16:00:05..981,,,,
16:00:06..065,3.74933025,0.014005,-0.00063404,0.00049796,0.00036668,-0.00019143,0.00074307,-0.00004413,-0.00011336,-0.00007636,16:00:06..086,,,,
16:00:06..176,4.36473756,0.014005,-0.00063373,0.00049757,0.0003669,-0.00019146,0.00074375,-0.00004387,-0.00011291,-0.00007649,16:00:06..175,,,,
16:00:06..208,4.04927667,0.013888,-0.00063383,0.00049824,0.00036643,-0.00019127,0.00074266,-0.0000442,-0.00011317,-0.00007661,16:00:06..217,,,,
16:00:06..326,4.10099157,0.013888,-0.00063409,0.00049834,0.00036701,-0.00019121,0.00074285,-0.00004414,-0.000113,-0.00007658,16:00:06..324,,,,
16:00:06..357,3.91481793,0.013677,-0.00063369,0.00049766,0.00036647,-0.00019158,0.00074306,-0.00004424,-0.00011301,-0.00007645,16:00:06..367,,,,
16:00:06..495,3.83207409,0.013677,-0.00063358,0.00049848,0.00036697,-0.00019111,0.00074264,-0.00004426,-0.00011262,-0.00007665,16:00:06..493,,,,
16:00:06..528,3.66658641,0.013886,-0.00063339,0.00049785,0.00036683,-0.00019144,0.00074345,-0.00004361,-0.00011288,-0.00007623,16:00:06..536,,,,
16:00:06..671,3.90964644,0.013886,-0.00063367,0.00049898,0.00036735,-0.00019096,0.00074254,-0.00004418,-0.00011333,-0.00007621,16:00:06..669,,,,
16:00:06..704,3.92516091,0.014179,-0.00063356,0.00049813,0.00036668,-0.00019146,0.00074303,-0.00004413,-0.00011303,-0.00007648,16:00:06..713,,,,
16:00:06..830,4.09582008,0.014179,-0.00063391,0.00049802,0.00036662,-0.00019157,0.00074303,-0.0000438,-0.00011295,-0.00007644,16:00:06..828,,,,
16:00:06..862,3.75450174,0.014618,-0.00063374,0.00049868,0.00036668,-0.00019122,0.00074276,-0.00004453,-0.00011333,-0.00007642,16:00:06..873,,,,
16:00:07..003,3.89413197,0.014618,-0.00063364,0.00049771,0.00036653,-0.00019083,0.00074378,-0.00004435,-0.00011298,-0.00007649,16:00:06..873,,,,
16:00:07..035,3.86310303,0.014758,-0.00063358,0.00049922,0.00036743,-0.00019082,0.00074267,-0.00004401,-0.00011345,-0.00007691,16:00:07..047,,,,
16:00:07..096,3.9303324,0.014578,-0.00063332,0.00049804,0.00036714,-0.00019135,0.00074346,-0.00004395,-0.00011288,-0.00007618,16:00:07..149,,,,
16:00:07..199,4.62331206,0.014578,-0.00063343,0.00049891,0.00036709,-0.0001915,0.00074245,-0.00004445,-0.00011341,-0.00007689,16:00:07..199,,,,
16:00:07..234,3.60970002,0.014503,-0.00063355,0.00049804,0.00036735,-0.00019164,0.00074288,-0.00004434,-0.00011311,-0.00007689,16:00:07..243,,,,
16:00:07..328,4.33370862,0.014503,-0.00063393,0.00049741,0.00036624,-0.00019229,0.00074313,-0.00004422,-0.00011314,-0.00007646,16:00:07..328,,,,
16:00:07..360,3.9303324,0.014386,-0.00063287,0.0004992,0.00036763,-0.00019096,0.00074224,-0.00004443,-0.00011326,-0.00007664,16:00:07..374,,,,
16:00:07..436,3.73381578,0.014354,-0.0006337,0.00049794,0.00036724,-0.00019157,0.00074304,-0.00004416,-0.00011285,-0.00007633,16:00:07..483,,,,
16:00:07..498,4.74742782,0.014354,-0.00063335,0.00049906,0.00036684,-0.00019136,0.00074231,-0.00004443,-0.00011334,-0.00007657,16:00:07..483,,,,
16:00:07..531,3.80104515,0.014414,-0.00063358,0.00049903,0.0003667,-0.00019147,0.00074225,-0.00004435,-0.00011306,-0.00007667,16:00:07..570,,,,
16:00:07..675,3.69761535,0.014414,-0.00063376,0.00049757,0.00036634,-0.00019125,0.00074386,-0.00004424,-0.00011314,-0.00007609,16:00:07..673,,,,
16:00:07..707,3.78553068,0.014313,-0.0006336,0.00049842,0.00036662,-0.00019154,0.00074247,-0.00004451,-0.00011295,-0.00007612,16:00:07..673,,,,
16:00:07..787,3.73381578,0.014313,-0.00063377,0.00049874,0.0003669,-0.00019134,0.0007432,-0.00004448,-0.00011331,-0.00007667,16:00:07..829,,,,
16:00:07..874,4.76811378,0.014208,-0.00063377,0.00049833,0.00036667,-0.00019187,0.00074295,-0.00004377,-0.00011317,-0.00007606,16:00:07..874,,,,
16:00:07..908,3.64072896,0.014208,-0.00063436,0.00049829,0.00036685,-0.0001914,0.00074284,-0.00004439,-0.00011325,-0.00007666,16:00:07..874,,,,
16:00:07..943,4.35956607,0.014083,-0.00063365,0.00049804,0.00036685,-0.00019136,0.00074299,-0.00004447,-0.00011318,-0.00007661,16:00:07..999,,,,
16:00:08..053,4.68019845,0.014083,-0.00063362,0.00049824,0.00036683,-0.00019149,0.00074302,-0.00004412,-0.00011336,-0.00007662,16:00:07..999,,,,
16:00:08..085,3.71312982,0.014021,-0.00063414,0.0004977,0.00036676,-0.00019096,0.00074296,-0.00004381,-0.00011284,-0.00007708,16:00:08..096,,,,
16:00:08..212,4.40093799,0.014021,-0.00063354,0.00049737,0.00036712,-0.00019195,0.0007431,-0.00004393,-0.00011326,-0.00007652,16:00:08..210,,,,
16:00:08..245,3.42352638,0.013949,-0.00063398,0.00049805,0.00036683,-0.00019155,0.00074266,-0.00004438,-0.0001131,-0.00007621,16:00:08..254,,,,
16:00:08..382,4.23545031,0.013949,-0.00063387,0.00049759,0.0003664,-0.00019198,0.00074381,-0.00004414,-0.00011293,-0.00007663,16:00:08..380,,,,
16:00:08..413,3.34078254,0.013791,-0.00063342,0.00049755,0.00036692,-0.00019182,0.00074325,-0.00004399,-0.00011277,-0.00007655,16:00:08..423,,,,
16:00:08..562,4.26647925,0.013791,-0.00063313,0.00049899,0.00036696,-0.00019129,0.00074259,-0.00004422,-0.00011326,-0.00007646,16:00:08..560,,,,
16:00:08..593,3.78035919,0.013719,-0.00063427,0.00049752,0.00036696,-0.00019132,0.00074319,-0.00004451,-0.00011293,-0.00007676,16:00:08..603,,,,
16:00:08..724,4.4474814,0.013719,-0.00063371,0.00049786,0.00036694,-0.00019128,0.00074285,-0.00004441,-0.00011285,-0.00007639,16:00:08..722,,,,
16:00:08..756,3.65624343,0.013817,-0.00063357,0.0004974,0.00036672,-0.00019163,0.00074353,-0.00004432,-0.00011285,-0.0000766,16:00:08..767,,,,
16:00:08..886,4.38025203,0.013817,-0.00063389,0.00049828,0.00036686,-0.00019136,0.00074246,-0.00004422,-0.00011324,-0.00007681,16:00:08..883,,,,
16:00:08..917,3.60452853,0.014031,-0.00063387,0.00049789,0.00036654,-0.00019158,0.00074329,-0.00004413,-0.00011291,-0.00007673,16:00:08..928,,,,
16:00:09..032,4.19924988,0.014031,-0.00063396,0.00049867,0.00036724,-0.00019109,0.00074319,-0.000044,-0.00011244,-0.00007617,16:00:09..030,,,,
16:00:09..065,3.68727237,0.014186,-0.000634,0.00049834,0.00036688,-0.00019141,0.00074268,-0.00004414,-0.00011295,-0.00007647,16:00:09..074,,,,
16:00:09..163,3.73381578,0.014186,-0.0006339,0.00049745,0.00036645,-0.00019165,0.00074259,-0.0000446,-0.00011311,-0.0000763,16:00:09..161,,,,
16:00:09..196,4.33888011,0.014216,-0.00063384,0.00049928,0.0003671,-0.00019135,0.00074284,-0.00004439,-0.00011325,-0.00007651,16:00:09..204,,,,
16:00:09..274,3.65624343,0.014216,-0.00063377,0.00049899,0.0003667,-0.00019129,0.00074291,-0.00004464,-0.00011358,-0.00007686,16:00:09..272,,,,
16:00:09..305,4.68536994,0.014216,-0.00063369,0.00049828,0.00036677,-0.00019146,0.00074286,-0.00004454,-0.00011372,-0.00007657,16:00:09..272,,,,
16:00:09..338,4.36990905,0.014104,-0.00063332,0.00049875,0.00036701,-0.00019155,0.00074317,-0.0000443,-0.00011287,-0.00007645,16:00:09..383,,,,
16:00:09..442,4.30785117,0.014104,-0.00063299,0.00049834,0.00036674,-0.00019133,0.00074382,-0.00004433,-0.00011282,-0.00007637,16:00:09..453,,,,
16:00:09..473,4.06479114,0.014104,-0.00063391,0.00049754,0.00036651,-0.00019165,0.00074309,-0.00004472,-0.00011331,-0.00007681,16:00:09..453,,,,
16:00:09..507,4.47851034,0.013877,-0.00063356,0.00049871,0.00036631,-0.00019141,0.00074262,-0.00004455,-0.0001132,-0.00007665,16:00:09..555,,,,
16:00:09..615,4.11133455,0.013877,-0.00063383,0.00049752,0.00036714,-0.00019189,0.00074346,-0.00004456,-0.0001132,-0.00007677,16:00:09..555,,,,
16:00:09..647,4.09064859,0.013707,-0.00063376,0.00049755,0.00036687,-0.00019166,0.00074361,-0.0000445,-0.00011331,-0.00007705,16:00:09..664,,,,
16:00:09..720,4.31819415,0.013707,-0.00063424,0.00049836,0.00036681,-0.00019164,0.00074267,-0.0000449,-0.00011381,-0.00007695,16:00:09..789,,,,
16:00:09..804,4.12684902,0.013707,-0.00063384,0.00049735,0.00036701,-0.00019169,0.00074347,-0.00004426,-0.00011316,-0.00007661,16:00:09..789,,,,
16:00:09..837,4.11133455,0.013383,-0.00063406,0.00049759,0.00036656,-0.00019186,0.00074333,-0.00004418,-0.00011292,-0.00007674,16:00:09..903,,,,
16:00:09..952,4.11133455,0.013383,-0.00063368,0.000498,0.00036677,-0.00019164,0.00074261,-0.00004456,-0.00011324,-0.00007692,16:00:09..983,,,,
16:00:09..991,3.75450174,0.013383,-0.00063375,0.00049768,0.00036669,-0.0001919,0.00074353,-0.00004381,-0.000113,-0.0000762,16:00:09..983,,,,
16:00:10..026,4.19924988,0.013071,-0.000634,0.00049728,0.00036628,-0.00019186,0.00074344,-0.00004403,-0.00011309,-0.00007711,16:00:10..029,,,,
16:00:10..143,4.32853713,0.013071,-0.00063381,0.00049785,0.00036672,-0.00019127,0.00074272,-0.00004446,-0.00011364,-0.00007686,16:00:10..141,,,,
16:00:10..176,3.97687581,0.012972,-0.0006345,0.00049765,0.00036672,-0.00019174,0.00074227,-0.00004466,-0.00011343,-0.00007702,16:00:10..184,,,,
16:00:10..290,4.38542352,0.012972,-0.00063384,0.00049796,0.00036648,-0.00019178,0.00074305,-0.00004442,-0.00011307,-0.00007697,16:00:10..287,,,,
16:00:10..321,3.84758856,0.013179,-0.00063419,0.00049801,0.000367,-0.00019176,0.00074313,-0.00004454,-0.00011352,-0.0000769,16:00:10..331,,,,
16:00:10..441,4.32336564,0.013179,-0.00063421,0.00049816,0.0003665,-0.00019168,0.00074254,-0.00004423,-0.00011335,-0.00007697,16:00:10..439,,,,
16:00:10..472,4.11133455,0.013207,-0.00063419,0.00049748,0.00036638,-0.00019184,0.00074334,-0.00004399,-0.00011342,-0.00007673,16:00:10..482,,,,
16:00:10..579,4.04927667,0.013207,-0.00063399,0.00049863,0.00036674,-0.00019166,0.0007424,-0.00004437,-0.00011358,-0.00007677,16:00:10..577,,,,
16:00:10..611,4.24579329,0.013422,-0.00063415,0.00049786,0.00036664,-0.00019199,0.00074347,-0.00004422,-0.0001131,-0.0000767,16:00:10..620,,,,
16:00:10..725,4.03893369,0.013422,-0.00063389,0.00049882,0.00036735,-0.00019151,0.00074261,-0.00004454,-0.00011367,-0.00007702,16:00:10..723,,,,
16:00:10..758,4.36990905,0.013562,-0.00063388,0.00049732,0.00036656,-0.0001918,0.0007435,-0.00004446,-0.00011326,-0.00007669,16:00:10..765,,,,
16:00:10..866,4.14236349,0.013562,-0.00063365,0.000499,0.00036716,-0.00019126,0.00074308,-0.0000446,-0.00011289,-0.00007659,16:00:10..864,,,,
16:00:10..898,4.27682223,0.013674,-0.00063375,0.00049911,0.00036733,-0.00019186,0.00074259,-0.0000447,-0.00011331,-0.00007666,16:00:10..908,,,,
16:00:10..999,4.23027882,0.013674,-0.00063399,0.00049761,0.00036629,-0.00019175,0.00074317,-0.00004393,-0.0001133,-0.00007656,16:00:10..998,,,,
16:00:11..031,4.21476435,0.013921,-0.00063412,0.0004984,0.00036686,-0.00019226,0.00074265,-0.0000445,-0.00011328,-0.00007672,16:00:11..042,,,,
16:00:11..135,4.32336564,0.013921,-0.00063446,0.00049751,0.00036623,-0.00019238,0.00074311,-0.00004475,-0.00011334,-0.00007671,16:00:11..135,,,,
16:00:11..171,4.11133455,0.013776,-0.00063417,0.00049845,0.00036688,-0.00019161,0.00074265,-0.00004445,-0.00011305,-0.00007699,16:00:11..179,,,,
16:00:11..298,4.27165074,0.013776,-0.00063421,0.00049766,0.00036652,-0.00019202,0.00074316,-0.00004435,-0.00011341,-0.00007654,16:00:11..297,,,,
16:00:11..331,4.12167753,0.013729,-0.00063403,0.00049812,0.00036681,-0.00019203,0.00074344,-0.00004416,-0.00011426,-0.00007667,16:00:11..341,,,,
16:00:11..442,4.19924988,0.013729,-0.00063371,0.00049863,0.00036709,-0.00019165,0.00074344,-0.00004434,-0.00011321,-0.00007628,16:00:11..440,,,,
16:00:11..475,4.08030561,0.013622,-0.00063427,0.00049879,0.00036669,-0.00019169,0.00074251,-0.00004438,-0.00011384,-0.00007725,16:00:11..485,,,,
16:00:11..599,4.137192,0.013622,-0.00063406,0.00049758,0.00036638,-0.00019216,0.00074329,-0.0000446,-0.0001135,-0.00007659,16:00:11..597,,,,
16:00:11..631,4.0854771,0.013628,-0.000634,0.00049741,0.00036658,-0.00019169,0.0007437,-0.00004413,-0.00011357,-0.00007668,16:00:11..641,,,,
16:00:11..674,4.21476435,0.013702,-0.00063337,0.00049863,0.00036752,-0.00019118,0.00074222,-0.00004405,-0.00011309,-0.00007694,16:00:11..685,,,,
16:00:11..718,4.2406218,0.013702,-0.00063399,0.00049767,0.00036691,-0.00019182,0.00074308,-0.00004384,-0.0001132,-0.00007656,16:00:11..685,,,,
16:00:11..753,4.20959286,0.014273,-0.00063412,0.00049844,0.00036668,-0.00019128,0.00074252,-0.00004458,-0.00011329,-0.00007662,16:00:11..772,,,,
16:00:11..871,4.12167753,0.014273,-0.00063397,0.00049762,0.00036669,-0.00019144,0.00074372,-0.00004435,-0.00011331,-0.00007658,16:00:11..869,,,,
16:00:11..903,3.93550389,0.014894,-0.00063389,0.00049775,0.00036651,-0.00019191,0.00074329,-0.00004433,-0.00011334,-0.00007658,16:00:11..914,,,,
16:00:11..971,4.14236349,0.015286,-0.00063389,0.00049836,0.00036681,-0.00019183,0.00074293,-0.00004436,-0.00011334,-0.00007671,16:00:12..013,,,,
16:00:12..075,4.07513412,0.015286,-0.00063421,0.00049772,0.00036639,-0.00019168,0.00074305,-0.00004483,-0.00011349,-0.00007657,16:00:12..076,,,,
16:00:12..109,4.02341922,0.015395,-0.00063367,0.00049873,0.00036696,-0.00019126,0.00074242,-0.00004421,-0.00011375,-0.00007631,16:00:12..119,,,,
16:00:12..142,5.84895519,0.015478,-0.00063438,0.00049635,0.00036653,-0.0001923,0.00074322,-0.00004367,-0.00011322,-0.00007706,16:00:12..162,,,,
16:00:12..189,4.20959286,0.015546,-0.00063434,0.00049732,0.00036672,-0.00019199,0.00074305,-0.00004388,-0.00011348,-0.00007761,16:00:12..162,,,,
16:00:12..264,3.12875145,0.015546,-0.0006349,0.00049595,0.00036665,-0.00019189,0.00074339,-0.00004406,-0.00011356,-0.00007667,16:00:12..271,,,,
16:00:12..298,3.57349959,0.015423,-0.0006348,0.00049495,0.00036645,-0.00019289,0.00074348,-0.00004507,-0.00011389,-0.00007672,16:00:12..314,,,,
16:00:12..381,3.91998942,0.015423,-0.00063526,0.00049598,0.00036665,-0.00019198,0.00074269,-0.00004503,-0.00011381,-0.00007725,16:00:12..381,,,,
16:00:12..414,4.43713842,0.015284,-0.00063468,0.00049676,0.00036679,-0.00019156,0.0007431,-0.00004438,-0.00011328,-0.00007739,16:00:12..423,,,,
16:00:12..492,4.18373541,0.015284,-0.00063467,0.00049638,0.00036649,-0.00019185,0.00074327,-0.00004404,-0.00011343,-0.00007699,16:00:12..543,,,,
16:00:12..549,4.23545031,0.015284,-0.00063472,0.00049715,0.00036668,-0.00019177,0.00074276,-0.00004497,-0.00011337,-0.00007679,16:00:12..543,,,,
16:00:12..582,3.6717579,0.015156,-0.00063494,0.00049565,0.00036633,-0.00019216,0.00074322,-0.00004446,-0.00011325,-0.00007675,16:00:12..543,,,,
16:00:12..642,4.00790475,0.015156,-0.00063506,0.00049648,0.00036642,-0.00019182,0.0007422,-0.00004501,-0.00011371,-0.00007694,16:00:12..689,,,,
16:00:12..698,4.40093799,0.015156,-0.00063474,0.00049558,0.00036618,-0.00019184,0.00074326,-0.00004471,-0.00011309,-0.00007745,16:00:12..689,,,,
16:00:12..731,4.28199372,0.01503,-0.00063451,0.00049571,0.00036617,-0.00019181,0.00074379,-0.00004429,-0.00011318,-0.00007725,16:00:12..689,,,,
16:00:12..799,4.16822094,0.01503,-0.00063505,0.00049681,0.00036649,-0.00019167,0.00074234,-0.00004429,-0.00011395,-0.00007717,16:00:12..849,,,,
16:00:12..864,4.20959286,0.01503,-0.00063492,0.00049551,0.00036614,-0.00019197,0.00074325,-0.00004441,-0.00011325,-0.00007672,16:00:12..849,,,,
16:00:12..896,4.12167753,0.014791,-0.00063472,0.00049729,0.00036722,-0.00019202,0.00074281,-0.00004473,-0.00011378,-0.00007686,16:00:12..934,,,,
16:00:13..027,4.01307624,0.014791,-0.00063472,0.00049654,0.00036678,-0.00019205,0.00074363,-0.00004425,-0.00011308,-0.00007665,16:00:13..025,,,,
16:00:13..059,4.23545031,0.014655,-0.00063554,0.0004964,0.00036686,-0.00019257,0.00074304,-0.00004474,-0.00011429,-0.00007746,16:00:13..069,,,,
16:00:13..148,4.10616306,0.014655,-0.00063477,0.00049647,0.00036673,-0.00019192,0.00074315,-0.00004485,-0.00011374,-0.00007719,16:00:13..147,,,,
16:00:13..180,4.2923367,0.014429,-0.00063448,0.00049677,0.00036662,-0.00019192,0.00074344,-0.00004449,-0.00011387,-0.00007702,16:00:13..191,,,,
16:00:13..250,4.27165074,0.014162,-0.00063456,0.00049636,0.00036684,-0.00019206,0.00074283,-0.00004428,-0.00011375,-0.00007723,16:00:13..303,,,,
16:00:13..352,4.00273326,0.014162,-0.00063432,0.00049696,0.00036634,-0.00019206,0.00074346,-0.00004392,-0.00011388,-0.00007678,16:00:13..351,,,,
16:00:13..385,4.19924988,0.014047,-0.00063472,0.00049638,0.00036684,-0.00019189,0.00074334,-0.00004435,-0.00011354,-0.00007654,16:00:13..397,,,,
16:00:13..506,4.03893369,0.014047,-0.00063459,0.00049711,0.00036675,-0.00019156,0.0007428,-0.00004435,-0.00011332,-0.00007692,16:00:13..505,,,,
16:00:13..539,4.28716521,0.013831,-0.00063432,0.00049696,0.0003668,-0.00019191,0.00074323,-0.00004487,-0.00011371,-0.00007739,16:00:13..548,,,,
16:00:13..662,4.14753498,0.013831,-0.00063437,0.00049637,0.00036648,-0.00019206,0.00074339,-0.00004474,-0.00011315,-0.00007709,16:00:13..660,,,,
16:00:13..694,4.21476435,0.013664,-0.00063445,0.00049596,0.00036608,-0.00019219,0.00074331,-0.00004424,-0.00011352,-0.00007703,16:00:13..702,,,,
16:00:13..815,4.17856392,0.013664,-0.00063472,0.00049708,0.00036711,-0.00019168,0.00074354,-0.0000447,-0.00011363,-0.00007735,16:00:13..813,,,,
16:00:13..848,4.17856392,0.013511,-0.00063439,0.00049607,0.00036655,-0.00019214,0.00074346,-0.00004431,-0.00011302,-0.00007719,16:00:13..855,,,,
16:00:13..971,4.11650604,0.013511,-0.00063435,0.00049716,0.00036627,-0.00019213,0.00074267,-0.00004493,-0.00011372,-0.00007705,16:00:13..968,,,,
16:00:14..003,4.1889069,0.013502,-0.00063466,0.0004971,0.00036683,-0.00019196,0.00074314,-0.00004528,-0.00011369,-0.00007706,16:00:14..015,,,,
16:00:14..112,4.16822094,0.013502,-0.00063477,0.00049588,0.00036605,-0.00019236,0.00074352,-0.00004462,-0.0001136,-0.00007706,16:00:14..110,,,,
16:00:14..143,4.12684902,0.013429,-0.00063489,0.00049579,0.00036666,-0.00019248,0.00074319,-0.00004468,-0.00011342,-0.00007726,16:00:14..154,,,,
16:00:14..250,4.15270647,0.013429,-0.00063486,0.00049661,0.00036649,-0.00019235,0.00074293,-0.0000446,-0.00011358,-0.00007761,16:00:14..248,,,,
16:00:14..282,4.17339243,0.013444,-0.00063462,0.0004964,0.00036641,-0.00019243,0.00074336,-0.0000449,-0.00011318,-0.0000768,16:00:14..293,,,,
16:00:14..415,4.05444816,0.013444,-0.00063459,0.00049673,0.00036661,-0.00019237,0.0007425,-0.00004463,-0.00011415,-0.00007717,16:00:14..412,,,,
16:00:14..447,4.21993584,0.013566,-0.00063474,0.00049698,0.00036681,-0.00019198,0.00074311,-0.00004504,-0.0001138,-0.00007674,16:00:14..456,,,,
16:00:14..597,4.12167753,0.013566,-0.00063466,0.00049655,0.00036665,-0.00019201,0.00074389,-0.00004487,-0.00011386,-0.00007685,16:00:14..595,,,,
16:00:14..630,4.137192,0.013685,-0.00063493,0.00049745,0.00036667,-0.00019201,0.00074222,-0.00004518,-0.00011387,-0.00007696,16:00:14..639,,,,
16:00:14..704,4.20959286,0.013853,-0.00063464,0.0004964,0.00036651,-0.00019224,0.00074336,-0.00004424,-0.0001139,-0.00007731,16:00:14..750,,,,
16:00:14..774,4.19924988,0.013853,-0.00063463,0.00049667,0.0003666,-0.00019203,0.00074257,-0.0000451,-0.00011384,-0.00007718,16:00:14..750,,,,
16:00:14..809,4.06479114,0.013916,-0.00063479,0.00049646,0.00036666,-0.00019217,0.00074306,-0.00004483,-0.00011324,-0.00007697,16:00:14..839,,,,
16:00:14..868,4.19924988,0.013916,-0.0006348,0.00049631,0.00036639,-0.00019226,0.00074318,-0.00004422,-0.00011351,-0.00007699,16:00:14..882,,,,
16:00:14..928,4.27682223,0.014014,-0.00063495,0.00049717,0.00036657,-0.00019267,0.00074244,-0.00004453,-0.00011373,-0.00007752,16:00:14..882,,,,
16:00:14..961,4.12167753,0.014062,-0.00063436,0.00049683,0.00036693,-0.00019197,0.00074297,-0.00004499,-0.0001136,-0.00007689,16:00:14..974,,,,
16:00:15..031,4.14753498,0.01401,-0.00063479,0.00049623,0.00036616,-0.00019211,0.00074341,-0.00004442,-0.00011299,-0.00007664,16:00:15..080,,,,
16:00:15..096,4.24579329,0.01401,-0.00063436,0.00049734,0.0003667,-0.00019203,0.00074304,-0.000045,-0.00011427,-0.0000777,16:00:15..080,,,,
16:00:15..129,4.21476435,0.013935,-0.00063454,0.0004964,0.00036695,-0.00019201,0.00074407,-0.00004431,-0.00011364,-0.00007714,16:00:15..168,,,,
16:00:15..265,4.2406218,0.013935,-0.00063484,0.00049695,0.00036674,-0.00019193,0.00074308,-0.00004479,-0.0001139,-0.00007699,16:00:15..263,,,,
16:00:15..297,4.15270647,0.013863,-0.000635,0.00049679,0.00036619,-0.00019187,0.00074324,-0.00004514,-0.00011374,-0.00007717,16:00:15..306,,,,
16:00:15..354,4.1889069,0.013777,-0.00063454,0.00049652,0.00036661,-0.00019167,0.00074353,-0.00004465,-0.00011339,-0.00007717,16:00:15..397,,,,
16:00:15..457,4.18373541,0.013777,-0.00063463,0.00049623,0.00036663,-0.00019216,0.0007434,-0.00004469,-0.00011359,-0.00007728,16:00:15..456,,,,
16:00:15..488,4.21476435,0.013851,-0.00063496,0.00049692,0.00036693,-0.00019198,0.00074261,-0.00004487,-0.00011375,-0.00007723,16:00:15..501,,,,
16:00:15..613,4.17339243,0.013851,-0.00063476,0.00049624,0.00036602,-0.00019238,0.00074357,-0.0000442,-0.00011344,-0.00007739,16:00:15..611,,,,
16:00:15..645,3.98721879,0.014115,-0.00063463,0.00049653,0.00036671,-0.00019251,0.00074329,-0.00004451,-0.00011387,-0.00007716,16:00:15..654,,,,
16:00:15..765,4.2406218,0.014115,-0.00063486,0.00049706,0.00036711,-0.00019183,0.00074288,-0.00004406,-0.00011329,-0.00007665,16:00:15..762,,,,
16:00:15..798,4.26647925,0.014051,-0.00063497,0.00049698,0.00036664,-0.00019172,0.00074301,-0.00004497,-0.00011409,-0.00007723,16:00:15..804,,,,
16:00:15..952,3.9820473,0.014051,-0.00063466,0.0004966,0.00036689,-0.00019243,0.00074289,-0.00004519,-0.00011374,-0.00007726,16:00:15..950,,,,
16:00:15..987,4.00790475,0.014342,-0.00063475,0.00049616,0.00036604,-0.00019215,0.0007433,-0.00004408,-0.00011351,-0.00007681,16:00:15..994,,,,
16:00:16..119,4.11650604,0.014342,-0.00063492,0.00049672,0.00036618,-0.00019155,0.00074243,-0.00004432,-0.00011405,-0.00007745,16:00:16..118,,,,
16:00:16..152,3.74415876,0.0144,-0.00063502,0.00049646,0.00036632,-0.0001921,0.00074325,-0.00004481,-0.00011347,-0.00007714,16:00:16..161,,,,
16:00:16..276,4.02859071,0.0144,-0.00063509,0.00049635,0.00036629,-0.00019215,0.00074316,-0.00004488,-0.00011371,-0.00007689,16:00:16..274,,,,
16:00:16..308,3.74415876,0.014345,-0.0006349,0.00049609,0.00036659,-0.00019225,0.00074313,-0.00004442,-0.00011352,-0.00007701,16:00:16..317,,,,
16:00:16..383,3.96136134,0.01421,-0.00063524,0.00049716,0.00036631,-0.00019188,0.00074249,-0.00004414,-0.00011345,-0.00007662,16:00:16..428,,,,
16:00:16..478,4.35956607,0.01421,-0.00063472,0.00049619,0.00036646,-0.00019219,0.00074364,-0.00004442,-0.00011321,-0.00007678,16:00:16..477,,,,
16:00:16..512,4.11133455,0.014096,-0.00063479,0.0004961,0.00036624,-0.00019197,0.00074382,-0.00004471,-0.00011343,-0.00007728,16:00:16..522,,,,
16:00:16..627,4.43713842,0.014096,-0.00063465,0.00049679,0.00036691,-0.00019189,0.00074307,-0.00004462,-0.00011341,-0.00007738,16:00:16..625,,,,
16:00:16..658,3.91998942,0.014154,-0.00063476,0.00049647,0.00036642,-0.000192,0.00074327,-0.00004436,-0.00011323,-0.00007736,16:00:16..670,,,,
16:00:16..819,4.22510733,0.014154,-0.00063511,0.0004964,0.00036622,-0.00019229,0.00074357,-0.00004435,-0.00011356,-0.0000772,16:00:16..817,,,,
16:00:16..852,4.11650604,0.01437,-0.00063516,0.00049594,0.00036602,-0.00019246,0.00074347,-0.00004437,-0.00011377,-0.0000772,16:00:16..862,,,,
16:00:16..996,4.4474814,0.01437,-0.00063461,0.00049694,0.00036666,-0.00019176,0.0007427,-0.00004473,-0.00011386,-0.00007721,16:00:16..993,,,,
16:00:17..028,4.137192,0.01447,-0.0006351,0.00049631,0.00036681,-0.00019217,0.00074311,-0.00004422,-0.00011329,-0.00007722,16:00:17..037,,,,
16:00:17..151,4.50953928,0.01447,-0.00063485,0.00049689,0.00036683,-0.000192,0.00074322,-0.00004424,-0.00011355,-0.00007741,16:00:17..149,,,,
16:00:17..184,4.05444816,0.01462,-0.00063474,0.00049579,0.00036638,-0.00019229,0.00074312,-0.00004484,-0.00011351,-0.00007755,16:00:17..193,,,,
16:00:17..271,4.4474814,0.01462,-0.00063497,0.0004964,0.00036641,-0.00019199,0.00074283,-0.00004479,-0.00011361,-0.00007732,16:00:17..269,,,,
16:00:17..302,3.96136134,0.014651,-0.0006351,0.00049616,0.00036638,-0.00019232,0.00074351,-0.00004463,-0.00011347,-0.00007702,16:00:17..313,,,,
16:00:17..438,3.9820473,0.014651,-0.00063469,0.0004967,0.00036684,-0.00019211,0.00074296,-0.00004463,-0.0001138,-0.0000767,16:00:17..435,,,,
16:00:17..470,3.9820473,0.01438,-0.00063458,0.00049732,0.00036673,-0.00019195,0.00074238,-0.00004522,-0.00011393,-0.00007752,16:00:17..477,,,,
16:00:17..610,4.02341922,0.01438,-0.00063437,0.00049598,0.00036608,-0.00019205,0.0007437,-0.00004423,-0.00011326,-0.000077,16:00:17..608,,,,
16:00:17..643,4.12684902,0.014096,-0.00063471,0.00049606,0.00036651,-0.00019221,0.00074397,-0.00004492,-0.00011334,-0.00007669,16:00:17..650,,,,
16:00:17..781,4.09064859,0.014096,-0.0006351,0.00049664,0.00036642,-0.00019239,0.00074306,-0.00004492,-0.00011367,-0.00007705,16:00:17..779,,,,
16:00:17..813,4.07513412,0.014118,-0.00063476,0.00049729,0.00036665,-0.00019196,0.00074238,-0.00004477,-0.00011385,-0.00007697,16:00:17..822,,,,
16:00:17..889,4.11650604,0.014362,-0.00063505,0.00049594,0.00036649,-0.00019218,0.00074322,-0.00004484,-0.00011366,-0.00007681,16:00:17..945,,,,
16:00:17..997,4.14236349,0.014362,-0.00063486,0.00049683,0.0003666,-0.00019228,0.00074251,-0.00004494,-0.00011385,-0.00007729,16:00:17..997,,,,
16:00:18..031,4.20959286,0.014355,-0.00063476,0.00049641,0.00036654,-0.00019198,0.00074331,-0.00004474,-0.00011349,-0.00007702,16:00:18..041,,,,
16:00:18..138,4.09582008,0.014355,-0.00063505,0.00049694,0.00036686,-0.0001923,0.00074361,-0.00004467,-0.0001139,-0.00007701,16:00:18..204,,,,
16:00:18..226,4.23545031,0.014355,-0.00063506,0.00049652,0.00036646,-0.00019176,0.00074322,-0.00004474,-0.00011376,-0.00007716,16:00:18..204,,,,
16:00:18..259,4.13202051,0.01424,-0.00063494,0.00049626,0.00036638,-0.00019242,0.00074327,-0.00004454,-0.0001138,-0.00007746,16:00:18..248,,,,
16:00:18..293,4.12167753,0.014081,-0.0006348,0.00049637,0.00036632,-0.00019237,0.00074381,-0.00004456,-0.0001137,-0.00007735,16:00:18..401,,,,
16:00:18..523,4.12167753,0.014081,-0.00063505,0.0004968,0.00036664,-0.00019174,0.00074324,-0.0000444,-0.00011351,-0.00007764,16:00:18..401,,,,
16:00:18..556,4.34922309,0.013913,-0.00063444,0.00049706,0.00036638,-0.00019176,0.00074285,-0.00004514,-0.00011368,-0.00007745,16:00:18..570,,,,
16:00:18..628,4.17339243,0.013836,-0.00063454,0.0004964,0.00036641,-0.00019209,0.00074361,-0.00004473,-0.00011344,-0.00007702,16:00:18..626,,,,
16:00:18..687,3.99239028,0.013836,-0.00063506,0.00049704,0.00036625,-0.00019229,0.00074273,-0.00004456,-0.00011398,-0.00007717,16:00:18..686,,,,
16:00:18..721,4.48368183,0.013662,-0.00063507,0.00049694,0.00036686,-0.00019171,0.0007429,-0.00004506,-0.00011397,-0.00007707,16:00:18..730,,,,
16:00:18..789,4.16822094,0.013662,-0.00063499,0.00049607,0.00036651,-0.00019246,0.00074364,-0.00004434,-0.00011346,-0.00007685,16:00:18..844,,,,
16:00:18..853,4.04927667,0.013662,-0.00063481,0.00049716,0.00036713,-0.0001921,0.00074289,-0.00004478,-0.00011385,-0.00007711,16:00:18..844,,,,
16:00:18..886,4.44230991,0.013865,-0.00063513,0.00049661,0.00036657,-0.00019237,0.00074265,-0.00004494,-0.00011392,-0.00007774,16:00:18..889,,,,
16:00:19..017,4.16304945,0.013865,-0.00063486,0.00049629,0.00036629,-0.00019199,0.00074333,-0.00004526,-0.00011366,-0.00007699,16:00:19..014,,,,
16:00:19..049,4.30785117,0.013946,-0.00063492,0.00049607,0.00036613,-0.00019209,0.00074338,-0.00004444,-0.00011405,-0.00007728,16:00:19..059,,,,
16:00:19..176,4.4474814,0.013946,-0.00063504,0.00049689,0.00036674,-0.00019189,0.00074251,-0.00004459,-0.00011391,-0.00007757,16:00:19..173,,,,
16:00:19..209,4.51471077,0.013782,-0.00063482,0.00049697,0.00036682,-0.00019174,0.00074277,-0.00004516,-0.00011383,-0.00007749,16:00:19..218,,,,
16:00:19..349,4.40093799,0.013782,-0.00063504,0.00049564,0.00036637,-0.00019233,0.00074343,-0.00004501,-0.00011368,-0.00007745,16:00:19..346,,,,
16:00:19..381,4.37508054,0.013665,-0.00063487,0.00049687,0.00036637,-0.00019208,0.00074276,-0.00004508,-0.0001138,-0.00007721,16:00:19..391,,,,
16:00:19..527,4.31819415,0.013665,-0.000635,0.0004962,0.00036633,-0.00019238,0.00074323,-0.00004508,-0.00011396,-0.00007746,16:00:19..527,,,,
16:00:19..562,4.48368183,0.013382,-0.000635,0.00049647,0.0003667,-0.00019192,0.00074333,-0.00004511,-0.00011382,-0.0000778,16:00:19..573,,,,
16:00:19..694,4.26130776,0.013382,-0.00063498,0.00049728,0.0003668,-0.00019179,0.00074234,-0.00004518,-0.00011431,-0.00007752,16:00:19..691,,,,
16:00:19..727,4.31819415,0.01323,-0.00063497,0.00049682,0.00036656,-0.00019269,0.00074408,-0.0000448,-0.00011384,-0.00007765,16:00:19..733,,,,
16:00:19..789,4.26130776,0.013162,-0.00063471,0.00049721,0.00036681,-0.00019201,0.00074297,-0.00004518,-0.00011406,-0.00007769,16:00:19..834,,,,
16:00:19..850,4.05961965,0.013162,-0.00063521,0.00049603,0.00036654,-0.00019257,0.00074291,-0.00004499,-0.00011407,-0.00007779,16:00:19..834,,,,
16:00:19..885,4.3440516,0.013143,-0.00063521,0.00049656,0.00036631,-0.00019206,0.00074305,-0.00004509,-0.00011399,-0.0000769,16:00:19..919,,,,
16:00:20..036,4.23545031,0.013143,-0.00063504,0.00049639,0.00036675,-0.00019202,0.0007433,-0.00004457,-0.0001137,-0.00007761,16:00:20..034,,,,
16:00:20..068,4.2406218,0.013247,-0.00063495,0.00049591,0.00036617,-0.0001924,0.00074315,-0.00004524,-0.00011403,-0.00007723,16:00:20..079,,,,
16:00:20..218,4.15270647,0.013247,-0.00063497,0.00049686,0.00036643,-0.00019176,0.00074258,-0.00004528,-0.00011381,-0.00007711,16:00:20..216,,,,
16:00:20..250,4.28199372,0.013402,-0.0006349,0.00049619,0.00036639,-0.00019211,0.00074303,-0.00004473,-0.00011389,-0.00007699,16:00:20..216,,,,
16:00:20..335,4.09582008,0.013436,-0.00063473,0.00049689,0.000367,-0.00019184,0.00074312,-0.00004457,-0.00011363,-0.00007716,16:00:20..363,,,,
16:00:20..422,4.2923367,0.013436,-0.00063492,0.00049623,0.00036676,-0.00019198,0.00074333,-0.0000448,-0.00011374,-0.00007713,16:00:20..422,,,,
16:00:20..455,4.12167753,0.013461,-0.00063482,0.00049598,0.00036653,-0.00019204,0.00074395,-0.00004425,-0.0001134,-0.00007723,16:00:20..465,,,,
16:00:20..611,4.15787796,0.013461,-0.00063524,0.00049731,0.00036684,-0.00019175,0.00074282,-0.00004502,-0.0001142,-0.00007745,16:00:20..608,,,,
16:00:20..643,3.9820473,0.013326,-0.00063506,0.00049668,0.00036667,-0.00019195,0.00074298,-0.00004471,-0.00011405,-0.00007733,16:00:20..654,,,,
16:00:20..747,4.22510733,0.013326,-0.00063515,0.00049676,0.00036628,-0.00019222,0.00074288,-0.00004505,-0.0001138,-0.00007789,16:00:20..802,,,,
16:00:20..839,4.03893369,0.013326,-0.00063483,0.00049721,0.00036688,-0.00019172,0.00074323,-0.00004485,-0.000114,-0.00007714,16:00:20..802,,,,
16:00:20..874,4.27165074,0.013269,-0.00063494,0.00049623,0.00036659,-0.00019238,0.0007436,-0.00004471,-0.00011402,-0.00007738,16:00:20..846,,,,
16:00:20..908,4.26130776,0.013483,-0.00063478,0.00049664,0.00036665,-0.00019195,0.0007431,-0.00004498,-0.00011385,-0.00007755,16:00:20..985,,,,
16:00:21..049,4.11650604,0.013483,-0.00063505,0.00049615,0.00036668,-0.00019185,0.00074331,-0.00004476,-0.00011397,-0.0000772,16:00:21..049,,,,
16:00:21..081,4.16822094,0.013587,-0.00063477,0.00049643,0.00036642,-0.00019236,0.00074327,-0.0000445,-0.00011441,-0.00007748,16:00:21..093,,,,
16:00:21..115,3.95618985,0.013587,-0.0006351,0.00049721,0.00036679,-0.00019179,0.00074258,-0.00004457,-0.0001142,-0.00007689,16:00:21..093,,,,
16:00:21..152,4.12167753,0.013761,-0.00063503,0.00049661,0.00036651,-0.00019203,0.0007431,-0.00004483,-0.00011367,-0.00007753,16:00:21..187,,,,
16:00:21..284,4.2923367,0.013761,-0.00063512,0.00049637,0.00036658,-0.00019254,0.00074325,-0.00004474,-0.00011394,-0.00007741,16:00:21..187,,,,
16:00:21..318,4.09064859,0.013669,-0.00063471,0.00049739,0.00036699,-0.00019209,0.00074257,-0.00004491,-0.00011382,-0.0000772,16:00:21..330,,,,
16:00:21..436,4.25613627,0.013669,-0.00063499,0.00049532,0.00036594,-0.00019248,0.00074354,-0.00004493,-0.00011417,-0.00007726,16:00:21..434,,,,
16:00:21..468,4.06996263,0.01367,-0.00063496,0.00049617,0.00036635,-0.00019191,0.00074353,-0.0000448,-0.00011406,-0.00007725,16:00:21..478,,,,
16:00:21..580,4.04410518,0.01367,-0.00063467,0.00049668,0.00036682,-0.00019175,0.00074301,-0.00004486,-0.00011368,-0.00007706,16:00:21..577,,,,
16:00:21..612,4.16822094,0.013896,-0.00063485,0.00049663,0.00036661,-0.00019221,0.00074367,-0.00004498,-0.00011396,-0.00007704,16:00:21..620,,,,
16:00:21..727,4.10616306,0.013896,-0.00063572,0.00049695,0.00036663,-0.0001921,0.00074301,-0.00004493,-0.00011412,-0.00007732,16:00:21..772,,,,
16:00:21..797,4.2923367,0.013896,-0.00063486,0.00049641,0.0003668,-0.00019244,0.00074343,-0.00004472,-0.000114,-0.00007702,16:00:21..772,,,,
16:00:21..829,4.01824773,0.014218,-0.00063512,0.00049729,0.0003666,-0.0001917,0.00074286,-0.00004481,-0.00011435,-0.00007763,16:00:21..862,,,,
16:00:21..993,4.16822094,0.014218,-0.00063505,0.00049616,0.00036651,-0.000192,0.00074373,-0.0000446,-0.00011416,-0.0000774,16:00:21..993,,,,
16:00:22..026,4.25096478,0.014629,-0.00063485,0.00049667,0.0003668,-0.00019172,0.00074331,-0.00004458,-0.00011378,-0.0000777,16:00:22..037,,,,
16:00:22..159,4.30267968,0.014629,-0.00063538,0.00049537,0.000366,-0.00019215,0.00074298,-0.00004539,-0.0001144,-0.00007765,16:00:22..158,,,,
16:00:22..193,4.0854771,0.015201,-0.00063514,0.00049684,0.00036643,-0.00019233,0.00074337,-0.00004476,-0.00011375,-0.0000773,16:00:22..203,,,,
16:00:22..341,4.21476435,0.015201,-0.00063463,0.00049781,0.00036709,-0.00019159,0.00074262,-0.00004467,-0.00011392,-0.00007755,16:00:22..338,,,,
16:00:22..374,4.1889069,0.015215,-0.00063544,0.00049678,0.00036668,-0.00019196,0.00074295,-0.00004499,-0.00011408,-0.0000775,16:00:22..338,,,,
16:00:22..462,4.16822094,0.015215,-0.00063507,0.0004965,0.00036705,-0.00019241,0.00074304,-0.00004476,-0.00011395,-0.00007748,16:00:22..494,,,,
16:00:22..502,4.17856392,0.015215,-0.00063492,0.00049681,0.00036666,-0.00019183,0.00074317,-0.0000449,-0.0001139,-0.00007712,16:00:22..494,,,,
16:00:22..536,4.16822094,0.015183,-0.00063491,0.00049595,0.0003667,-0.00019203,0.00074364,-0.00004489,-0.00011365,-0.00007697,16:00:22..537,,,,
16:00:22..652,4.19924988,0.015183,-0.00063541,0.00049665,0.0003667,-0.00019211,0.00074261,-0.00004513,-0.00011454,-0.00007731,16:00:22..649,,,,
16:00:22..685,4.10616306,0.014921,-0.00063534,0.00049626,0.00036628,-0.0001921,0.00074391,-0.00004433,-0.00011385,-0.00007676,16:00:22..649,,,,
16:00:22..763,4.20959286,0.014555,-0.00063517,0.00049712,0.00036674,-0.00019176,0.00074282,-0.00004484,-0.000114,-0.00007735,16:00:22..782,,,,
16:00:22..841,4.18373541,0.014555,-0.00063502,0.00049607,0.00036622,-0.00019239,0.00074366,-0.00004474,-0.0001135,-0.00007696,16:00:22..840,,,,
16:00:22..875,4.09582008,0.014389,-0.00063522,0.00049674,0.00036622,-0.00019232,0.00074324,-0.00004483,-0.00011374,-0.00007748,16:00:22..887,,,,
16:00:23..044,4.18373541,0.014389,-0.00063485,0.00049703,0.00036624,-0.00019201,0.00074317,-0.00004476,-0.00011413,-0.00007716,16:00:23..042,,,,
16:00:23..076,4.15270647,0.014537,-0.00063539,0.00049606,0.00036657,-0.00019234,0.00074344,-0.00004486,-0.00011364,-0.00007716,16:00:23..086,,,,
16:00:23..225,4.24579329,0.014537,-0.0006351,0.00049722,0.00036688,-0.00019171,0.00074252,-0.00004495,-0.00011424,-0.00007754,16:00:23..223,,,,
16:00:23..256,4.24579329,0.014354,-0.00063504,0.00049623,0.00036615,-0.00019216,0.00074323,-0.00004504,-0.0001137,-0.00007734,16:00:23..223,,,,
16:00:23..334,4.25613627,0.014354,-0.00063526,0.00049655,0.00036606,-0.00019155,0.00074307,-0.00004497,-0.00011354,-0.00007752,16:00:23..378,,,,
16:00:23..395,4.05444816,0.014354,-0.00063509,0.00049634,0.00036637,-0.0001921,0.00074309,-0.00004497,-0.00011375,-0.00007731,16:00:23..378,,,,
16:00:23..427,4.2406218,0.014344,-0.00063529,0.00049753,0.00036689,-0.00019152,0.00074247,-0.00004482,-0.00011412,-0.00007731,16:00:23..464,,,,
16:00:23..618,4.26647925,0.014344,-0.00063526,0.00049617,0.00036645,-0.00019199,0.0007438,-0.00004465,-0.00011396,-0.0000774,16:00:23..616,,,,
16:00:23..649,4.20442137,0.014344,-0.00063535,0.00049597,0.00036611,-0.00019213,0.00074355,-0.00004488,-0.00011378,-0.00007739,16:00:23..616,,,,
16:00:23..684,4.14236349,0.014035,-0.00063511,0.00049593,0.00036649,-0.00019197,0.00074323,-0.00004508,-0.00011413,-0.00007688,16:00:23..749,,,,
16:00:23..815,4.12167753,0.014035,-0.00063516,0.00049682,0.00036694,-0.00019212,0.00074239,-0.00004485,-0.00011421,-0.00007742,16:00:23..814,,,,
16:00:23..847,4.16822094,0.013884,-0.00063529,0.00049723,0.00036634,-0.00019203,0.00074275,-0.00004551,-0.00011466,-0.0000776,16:00:23..814,,,,
16:00:23..934,4.19407839,0.013884,-0.00063516,0.00049623,0.00036639,-0.00019213,0.00074379,-0.00004487,-0.00011378,-0.00007714,16:00:23..977,,,,
16:00:23..985,4.20442137,0.013884,-0.00063501,0.00049661,0.00036657,-0.0001919,0.00074325,-0.00004481,-0.00011368,-0.00007699,16:00:23..977,,,,
16:00:24..018,4.17339243,0.013813,-0.00063502,0.00049702,0.00036636,-0.00019219,0.00074252,-0.00004518,-0.00011401,-0.00007732,16:00:24..020,,,,
16:00:24..125,4.17856392,0.013813,-0.0006349,0.0004962,0.00036634,-0.00019221,0.00074305,-0.00004488,-0.00011385,-0.00007711,16:00:24..122,,,,
16:00:24..157,4.16304945,0.013845,-0.00063491,0.00049682,0.00036658,-0.00019175,0.0007425,-0.00004514,-0.00011404,-0.00007693,16:00:24..168,,,,
16:00:24..266,4.17339243,0.013845,-0.00063485,0.00049623,0.0003662,-0.00019178,0.00074336,-0.00004483,-0.0001138,-0.00007698,16:00:24..263,,,,
16:00:24..298,4.17856392,0.013921,-0.0006353,0.00049605,0.00036632,-0.00019222,0.00074397,-0.00004487,-0.00011352,-0.00007736,16:00:24..263,,,,
16:00:24..384,4.1889069,0.014153,-0.00063535,0.00049728,0.00036666,-0.00019175,0.00074258,-0.00004492,-0.00011406,-0.00007727,16:00:24..429,,,,
16:00:24..491,4.16822094,0.014153,-0.00063486,0.00049651,0.00036603,-0.00019203,0.00074402,-0.00004416,-0.00011345,-0.00007689,16:00:24..492,,,,
16:00:24..525,4.1889069,0.014293,-0.00063498,0.00049685,0.00036659,-0.0001922,0.00074296,-0.00004521,-0.00011422,-0.00007779,16:00:24..538,,,,
16:00:24..650,4.15270647,0.014293,-0.00063532,0.00049642,0.00036642,-0.00019219,0.00074299,-0.000045,-0.00011416,-0.00007806,16:00:24..649,,,,
16:00:24..683,4.1889069,0.014433,-0.00063506,0.00049685,0.0003666,-0.00019168,0.00074249,-0.00004506,-0.00011414,-0.00007704,16:00:24..691,,,,
16:00:24..817,4.14236349,0.014433,-0.00063534,0.00049568,0.00036608,-0.00019199,0.00074353,-0.00004483,-0.00011372,-0.00007766,16:00:24..816,,,,
16:00:24..849,4.14753498,0.014336,-0.00063508,0.00049668,0.00036638,-0.00019213,0.00074265,-0.00004537,-0.00011431,-0.0000776,16:00:24..861,,,,
16:00:24..934,4.15270647,0.014336,-0.0006349,0.00049649,0.00036665,-0.0001914,0.00074378,-0.00004454,-0.00011357,-0.00007726,16:00:24..977,,,,
16:00:24..985,4.1889069,0.014336,-0.00063505,0.00049687,0.00036581,-0.00019212,0.00074263,-0.00004541,-0.0001145,-0.00007758,16:00:24..977,,,,
16:00:25..022,4.16304945,0.013604,-0.00063522,0.00049618,0.00036658,-0.00019185,0.00074372,-0.00004527,-0.00011405,-0.0000772,16:00:25..082,,,,
16:00:25..141,4.14236349,0.013337,-0.0006354,0.00049693,0.00036659,-0.00019207,0.00074275,-0.00004563,-0.00011399,-0.00007766,16:00:25..154,,,,
16:00:25..206,4.20959286,0.013337,-0.00063532,0.00049608,0.00036635,-0.00019209,0.00074371,-0.00004488,-0.00011358,-0.0000772,16:00:25..205,,,,
16:00:25..238,4.20442137,0.013278,-0.00063496,0.00049626,0.0003664,-0.00019209,0.00074312,-0.00004508,-0.00011415,-0.00007754,16:00:25..205,,,,
16:00:25..315,4.137192,0.013358,-0.00063539,0.00049698,0.00036702,-0.00019209,0.00074354,-0.00004501,-0.00011399,-0.00007753,16:00:25..360,,,,
16:00:25..409,4.21993584,0.013358,-0.00063516,0.00049688,0.00036659,-0.00019157,0.0007437,-0.00004465,-0.00011402,-0.00007707,16:00:25..408,,,,
16:00:25..441,4.12167753,0.013358,-0.00063543,0.0004967,0.00036612,-0.00019187,0.00074243,-0.00004511,-0.00011418,-0.00007736,16:00:25..408,,,,
16:00:25..475,4.17339243,0.013334,-0.00063482,0.00049639,0.00036651,-0.00019175,0.0007435,-0.00004449,-0.00011393,-0.00007796,16:00:25..493,,,,
16:00:25..621,4.16822094,0.013334,-0.00063531,0.00049683,0.00036637,-0.00019206,0.00074322,-0.00004531,-0.0001143,-0.00007755,16:00:25..618,,,,
16:00:25..651,4.20959286,0.013251,-0.00063504,0.00049577,0.00036632,-0.00019205,0.00074348,-0.00004478,-0.00011406,-0.00007692,16:00:25..664,,,,
16:00:25..713,4.16304945,0.013314,-0.00063527,0.00049704,0.00036594,-0.0001918,0.00074297,-0.00004471,-0.00011416,-0.00007746,16:00:25..760,,,,
16:00:25..803,4.137192,0.013349,-0.00063505,0.00049619,0.00036651,-0.00019218,0.00074388,-0.00004473,-0.00011425,-0.00007742,16:00:25..803,,,,
16:00:25..836,4.16822094,0.013349,-0.00063519,0.0004964,0.00036625,-0.00019178,0.00074278,-0.00004539,-0.00011405,-0.00007717,16:00:25..803,,,,
16:00:25..870,4.1889069,0.013603,-0.00063519,0.00049657,0.00036626,-0.00019215,0.00074315,-0.00004499,-0.00011435,-0.00007685,16:00:25..928,,,,
16:00:26..010,4.17339243,0.013603,-0.0006351,0.00049679,0.00036673,-0.0001919,0.00074303,-0.00004476,-0.00011404,-0.00007683,16:00:26..009,,,,
16:00:26..041,4.1889069,0.013835,-0.00063499,0.00049716,0.00036642,-0.00019134,0.00074294,-0.0000452,-0.0001142,-0.00007775,16:00:26..055,,,,
16:00:26..165,4.17856392,0.013835,-0.00063537,0.00049606,0.00036626,-0.00019185,0.0007435,-0.00004494,-0.00011404,-0.00007728,16:00:26..163,,,,
16:00:26..197,4.20442137,0.013835,-0.00063509,0.00049648,0.00036646,-0.00019172,0.00074373,-0.00004504,-0.00011392,-0.0000774,16:00:26..163,,,,
16:00:26..230,4.17339243,0.014368,-0.00063541,0.0004965,0.00036618,-0.00019181,0.00074309,-0.00004514,-0.00011406,-0.00007755,16:00:26..295,,,,
16:00:26..345,4.19407839,0.014368,-0.00063518,0.00049632,0.00036649,-0.00019185,0.00074356,-0.00004498,-0.00011394,-0.00007698,16:00:26..295,,,,
16:00:26..378,4.14753498,0.014505,-0.00063525,0.00049646,0.00036652,-0.00019181,0.00074339,-0.00004507,-0.00011401,-0.00007786,16:00:26..388,,,,
16:00:26..511,4.137192,0.014505,-0.00063509,0.00049667,0.00036663,-0.0001917,0.000743,-0.00004458,-0.00011397,-0.00007729,16:00:26..509,,,,
16:00:26..542,4.18373541,0.014358,-0.00063514,0.0004962,0.00036628,-0.00019164,0.00074401,-0.00004445,-0.00011393,-0.0000776,16:00:26..551,,,,
16:00:26..680,4.18373541,0.014358,-0.000635,0.00049739,0.00036678,-0.00019165,0.00074276,-0.00004587,-0.00011392,-0.00007727,16:00:26..677,,,,
16:00:26..712,4.20959286,0.014314,-0.00063508,0.00049694,0.00036704,-0.0001917,0.0007426,-0.00004511,-0.00011422,-0.00007748,16:00:26..721,,,,
16:00:26..855,4.18373541,0.014314,-0.00063514,0.00049659,0.00036661,-0.00019181,0.00074326,-0.00004482,-0.00011427,-0.00007749,16:00:26..852,,,,
16:00:26..888,4.16304945,0.014176,-0.00063495,0.00049622,0.00036641,-0.00019196,0.00074377,-0.00004474,-0.0001137,-0.00007706,16:00:26..894,,,,
16:00:26..967,4.15787796,0.014176,-0.00063516,0.00049719,0.00036675,-0.00019155,0.00074272,-0.00004546,-0.00011401,-0.00007747,16:00:27..010,,,,
16:00:27..034,4.20442137,0.014176,-0.00063484,0.00049626,0.00036638,-0.00019196,0.00074314,-0.00004451,-0.00011394,-0.00007741,16:00:27..010,,,,
16:00:27..068,4.14236349,0.013804,-0.00063474,0.00049593,0.00036612,-0.00019162,0.00074369,-0.00004488,-0.00011359,-0.00007714,16:00:27..097,,,,
16:00:27..199,4.15270647,0.013804,-0.00063492,0.0004968,0.00036658,-0.00019149,0.00074333,-0.00004531,-0.00011382,-0.00007744,16:00:27..197,,,,
16:00:27..232,4.16822094,0.013583,-0.00063496,0.00049657,0.00036668,-0.00019135,0.00074323,-0.00004541,-0.00011394,-0.00007751,16:00:27..240,,,,
16:00:27..383,4.12167753,0.013583,-0.0006351,0.00049676,0.00036653,-0.00019155,0.00074316,-0.00004495,-0.00011407,-0.0000773,16:00:27..381,,,,
16:00:27..416,4.12167753,0.013203,-0.00063496,0.00049707,0.00036668,-0.00019118,0.00074275,-0.0000453,-0.00011411,-0.00007663,16:00:27..381,,,,
16:00:27..504,4.15270647,0.013203,-0.00063462,0.00049613,0.00036626,-0.00019169,0.00074372,-0.00004472,-0.0001144,-0.00007716,16:00:27..563,,,,
16:00:27..573,4.19924988,0.013203,-0.00063547,0.00049686,0.00036649,-0.00019157,0.00074273,-0.00004546,-0.00011421,-0.00007737,16:00:27..563,,,,
16:00:27..606,4.17339243,0.013006,-0.00063507,0.00049639,0.00036679,-0.00019161,0.00074319,-0.00004515,-0.00011394,-0.00007765,16:00:27..606,,,,
16:00:27..640,4.18373541,0.013006,-0.00063515,0.00049703,0.00036631,-0.00019169,0.00074303,-0.00004534,-0.0001141,-0.00007757,16:00:27..606,,,,
16:00:27..675,4.23027882,0.012832,-0.00063517,0.00049587,0.00036663,-0.00019195,0.00074374,-0.00004458,-0.00011418,-0.00007698,16:00:27..714,,,,
16:00:27..780,4.19924988,0.012832,-0.00063481,0.00049747,0.00036698,-0.00019136,0.00074276,-0.00004532,-0.00011411,-0.00007749,16:00:27..778,,,,
16:00:27..812,4.16304945,0.012899,-0.00063521,0.00049609,0.00036659,-0.00019229,0.00074351,-0.00004454,-0.00011356,-0.0000772,16:00:27..821,,,,
16:00:27..931,4.137192,0.012899,-0.00063498,0.00049715,0.00036635,-0.00019168,0.00074266,-0.00004538,-0.00011387,-0.00007723,16:00:27..929,,,,
16:00:27..962,4.19924988,0.01269,-0.00063531,0.00049685,0.0003669,-0.00019159,0.00074292,-0.00004494,-0.00011401,-0.0000774,16:00:27..971,,,,
16:00:28..094,4.17856392,0.01269,-0.00063524,0.00049673,0.00036606,-0.00019146,0.00074323,-0.00004464,-0.00011361,-0.00007726,16:00:28..091,,,,
16:00:28..127,4.21993584,0.012692,-0.00063524,0.00049726,0.00036651,-0.00019197,0.00074323,-0.00004531,-0.00011418,-0.0000778,16:00:28..135,,,,
16:00:28..258,4.18373541,0.012692,-0.0006353,0.00049594,0.00036707,-0.00019211,0.00074398,-0.00004532,-0.00011411,-0.00007756,16:00:28..255,,,,
16:00:28..289,4.15787796,0.012692,-0.00063514,0.00049713,0.00036659,-0.00019174,0.0007429,-0.00004525,-0.0001142,-0.00007758,16:00:28..299,,,,
16:00:28..410,4.19924988,0.012692,-0.00063503,0.00049564,0.00036623,-0.00019206,0.00074347,-0.00004501,-0.00011388,-0.00007745,16:00:28..407,,,,
16:00:28..443,4.16822094,0.012659,-0.00063529,0.00049729,0.00036674,-0.00019177,0.00074268,-0.00004535,-0.00011372,-0.00007756,16:00:28..451,,,,
16:00:28..560,4.15270647,0.012659,-0.00063535,0.00049607,0.0003665,-0.00019178,0.00074387,-0.00004529,-0.00011428,-0.00007776,16:00:28..557,,,,
16:00:28..592,4.20442137,0.012679,-0.00063542,0.00049709,0.00036636,-0.00019185,0.00074303,-0.00004524,-0.00011425,-0.00007746,16:00:28..600,,,,
16:00:28..703,4.1889069,0.012679,-0.00063542,0.00049673,0.00036655,-0.0001917,0.00074303,-0.00004547,-0.00011442,-0.00007795,16:00:28..700,,,,
16:00:28..735,4.19407839,0.012678,-0.00063487,0.00049656,0.00036654,-0.0001917,0.00074297,-0.00004511,-0.00011425,-0.00007796,16:00:28..744,,,,
16:00:28..859,4.19924988,0.012678,-0.00063451,0.00049651,0.00036639,-0.00019166,0.00074323,-0.00004492,-0.00011406,-0.00007742,16:00:28..856,,,,
16:00:28..891,4.20959286,0.012686,-0.00063511,0.0004972,0.0003665,-0.00019196,0.00074308,-0.00004551,-0.00011404,-0.00007721,16:00:28..900,,,,
16:00:29..008,4.19924988,0.012686,-0.00063508,0.0004963,0.00036661,-0.00019175,0.00074366,-0.00004471,-0.00011401,-0.00007722,16:00:29..005,,,,
16:00:29..040,4.14753498,0.01295,-0.0006352,0.00049575,0.00036604,-0.00019213,0.00074391,-0.00004468,-0.00011416,-0.000077,16:00:29..049,,,,
16:00:29..180,4.18373541,0.01295,-0.0006353,0.00049737,0.00036696,-0.00019118,0.00074286,-0.00004566,-0.00011475,-0.0000775,16:00:29..177,,,,
16:00:29..212,4.18373541,0.01305,-0.00063534,0.00049689,0.00036703,-0.00019104,0.00074295,-0.00004508,-0.00011424,-0.00007706,16:00:29..222,,,,
16:00:29..267,4.16304945,0.013063,-0.0006353,0.00049629,0.00036654,-0.00019183,0.00074322,-0.00004486,-0.00011405,-0.00007785,16:00:29..315,,,,
16:00:29..389,4.20442137,0.013063,-0.00063532,0.00049643,0.00036642,-0.00019167,0.00074289,-0.00004511,-0.00011418,-0.00007744,16:00:29..388,,,,
16:00:29..422,4.15787796,0.013075,-0.00063474,0.00049611,0.00036593,-0.00019196,0.00074373,-0.0000452,-0.00011365,-0.00007753,16:00:29..388,,,,
16:00:29..506,4.13202051,0.013075,-0.00063515,0.0004971,0.00036653,-0.00019148,0.00074296,-0.00004519,-0.00011446,-0.00007755,16:00:29..550,,,,
16:00:29..560,3.93550389,0.013075,-0.00063512,0.00049589,0.00036625,-0.00019222,0.00074303,-0.00004494,-0.00011406,-0.00007733,16:00:29..550,,,,
16:00:29..592,4.47333885,0.012823,-0.00063492,0.0004983,0.0003668,-0.00019146,0.00074324,-0.00004465,-0.00011353,-0.00007779,16:00:29..550,,,,
16:00:29..655,4.03893369,0.012823,-0.00063433,0.00049819,0.00036659,-0.00019084,0.00074275,-0.00004489,-0.00011375,-0.00007778,16:00:29..705,,,,
16:00:29..740,4.20442137,0.012823,-0.00063474,0.00049818,0.00036701,-0.00019152,0.00074292,-0.00004514,-0.00011324,-0.00007759,16:00:29..705,,,,
16:00:29..774,4.0854771,0.012837,-0.00063455,0.00049763,0.00036639,-0.00019169,0.00074331,-0.00004519,-0.00011446,-0.00007768,16:00:29..793,,,,
16:00:29..833,4.38542352,0.013012,-0.00063463,0.00049909,0.00036686,-0.00019103,0.00074281,-0.00004573,-0.00011429,-0.00007783,16:00:29..835,,,,
16:00:29..896,3.84758856,0.013012,-0.00063436,0.00049766,0.00036621,-0.00019199,0.00074331,-0.00004517,-0.00011402,-0.00007771,16:00:29..936,,,,
16:00:29..944,4.54056822,0.013012,-0.00063439,0.00049875,0.00036693,-0.00019089,0.0007429,-0.00004584,-0.00011414,-0.00007751,16:00:29..936,,,,
16:00:29..978,4.12684902,0.013068,-0.00063317,0.00050251,0.00036744,-0.0001908,0.00074306,-0.00004404,-0.00011357,-0.0000782,16:00:29..979,,,,
16:00:30..112,3.83724558,0.013068,-0.00063296,0.00050278,0.00036715,-0.00019067,0.00074317,-0.00004385,-0.00011357,-0.00007794,16:00:30..109,,,,
16:00:30..147,4.09064859,0.012955,-0.00063395,0.00049887,0.00036617,-0.00019119,0.00074339,-0.00004484,-0.00011352,-0.00007758,16:00:30..151,,,,
16:00:30..273,4.25613627,0.012955,-0.00063448,0.0004998,0.00036689,-0.00019112,0.00074259,-0.00004497,-0.00011386,-0.00007735,16:00:30..272,,,,
16:00:30..307,4.16304945,0.012803,-0.00063384,0.00049977,0.00036728,-0.00019082,0.00074343,-0.00004479,-0.00011375,-0.00007699,16:00:30..316,,,,
16:00:30..410,4.27165074,0.012803,-0.00063401,0.00049907,0.00036689,-0.00019122,0.00074357,-0.00004464,-0.00011411,-0.00007766,16:00:30..408,,,,
16:00:30..442,4.32853713,0.012603,-0.00063448,0.00049817,0.00036715,-0.00019165,0.00074339,-0.00004487,-0.00011406,-0.00007757,16:00:30..408,,,,
16:00:30..528,4.14236349,0.012603,-0.00063535,0.00049711,0.00036636,-0.00019198,0.00074378,-0.00004504,-0.00011398,-0.00007739,16:00:30..567,,,,
16:00:30..593,4.05444816,0.012603,-0.00063439,0.00049778,0.00036665,-0.00019161,0.00074298,-0.00004469,-0.00011373,-0.00007729,16:00:30..567,,,,
16:00:30..627,4.24579329,0.012303,-0.00063473,0.0004977,0.00036677,-0.0001913,0.00074321,-0.00004512,-0.00011405,-0.00007755,16:00:30..653,,,,
16:00:30..760,4.35439458,0.012303,-0.00063495,0.00049679,0.00036594,-0.00019156,0.00074379,-0.00004528,-0.00011388,-0.00007742,16:00:30..757,,,,
16:00:30..791,4.17339243,0.012359,-0.000635,0.00049768,0.0003668,-0.00019122,0.00074295,-0.00004521,-0.00011443,-0.0000776,16:00:30..803,,,,
16:00:30..934,4.23027882,0.012359,-0.0006352,0.00049742,0.00036629,-0.00019138,0.0007437,-0.00004501,-0.00011432,-0.00007765,16:00:30..932,,,,
16:00:30..966,4.30785117,0.012471,-0.00063533,0.00049651,0.00036643,-0.00019155,0.00074349,-0.00004565,-0.00011422,-0.00007713,16:00:30..977,,,,
16:00:31..097,4.28716521,0.012471,-0.00063466,0.00049663,0.00036618,-0.00019154,0.00074289,-0.00004503,-0.0001139,-0.00007718,16:00:31..094,,,,
16:00:31..128,4.34922309,0.013095,-0.00063509,0.00049646,0.00036622,-0.00019133,0.00074389,-0.00004527,-0.00011424,-0.00007758,16:00:31..136,,,,
16:00:31..264,4.25613627,0.013095,-0.00063435,0.00049746,0.0003668,-0.00019167,0.00074303,-0.00004548,-0.00011403,-0.00007736,16:00:31..262,,,,
16:00:31..297,4.23027882,0.013423,-0.00063509,0.00049733,0.00036643,-0.00019129,0.00074261,-0.00004519,-0.00011402,-0.00007753,16:00:31..306,,,,
16:00:31..420,4.1889069,0.013423,-0.00063502,0.00049613,0.00036635,-0.00019182,0.00074378,-0.0000453,-0.00011392,-0.00007766,16:00:31..417,,,,
16:00:31..452,4.26130776,0.013575,-0.0006352,0.00049669,0.0003665,-0.00019129,0.0007431,-0.00004533,-0.00011407,-0.00007774,16:00:31..459,,,,
16:00:31..584,4.26130776,0.013575,-0.00063499,0.00049697,0.00036643,-0.00019156,0.00074368,-0.00004492,-0.00011416,-0.00007789,16:00:31..582,,,,
16:00:31..617,4.27682223,0.013634,-0.00063492,0.000496,0.0003664,-0.00019144,0.00074365,-0.00004519,-0.00011411,-0.00007729,16:00:31..624,,,,
16:00:31..751,4.05444816,0.013634,-0.000635,0.00049716,0.00036686,-0.00019139,0.00074268,-0.00004576,-0.00011447,-0.00007778,16:00:31..748,,,,
16:00:31..785,4.27165074,0.013638,-0.00063564,0.00049561,0.00036728,-0.00019101,0.0007429,-0.00004517,-0.00011435,-0.00007714,16:00:31..792,,,,
16:00:31..857,4.13202051,0.013655,-0.00063556,0.00049469,0.00036702,-0.00019089,0.00074403,-0.00004531,-0.00011412,-0.00007702,16:00:31..909,,,,
16:00:31..952,4.16822094,0.013655,-0.00063548,0.00049581,0.00036721,-0.00019124,0.00074339,-0.00004571,-0.00011379,-0.00007754,16:00:31..909,,,,
16:00:31..986,4.00273326,0.013519,-0.00063521,0.00049723,0.00036636,-0.0001912,0.00074375,-0.0000447,-0.00011405,-0.00007736,16:00:31..996,,,,
16:00:32..105,4.16304945,0.013519,-0.00063555,0.00049727,0.00036641,-0.00019123,0.00074304,-0.00004512,-0.00011446,-0.00007747,16:00:32..104,,,,
16:00:32..139,4.07513412,0.013506,-0.00063524,0.00049646,0.00036748,-0.00019117,0.00074385,-0.00004515,-0.00011404,-0.00007745,16:00:32..147,,,,
16:00:32..244,4.10616306,0.013506,-0.00063499,0.00049773,0.00036755,-0.00019076,0.00074274,-0.00004538,-0.00011445,-0.00007773,16:00:32..241,,,,
16:00:32..276,4.20442137,0.013513,-0.00063479,0.00049736,0.00036832,-0.0001922,0.00074146,-0.00004499,-0.00011384,-0.00007684,16:00:32..288,,,,
16:00:32..360,3.88896048,0.013529,-0.00063454,0.00049863,0.00036831,-0.00019145,0.00074069,-0.00004489,-0.00011401,-0.00007682,16:00:32..391,,,,
16:00:32..461,4.40093799,0.013529,-0.00063478,0.00049755,0.00036825,-0.00019215,0.00074174,-0.00004509,-0.00011373,-0.0000769,16:00:32..460,,,,
16:00:32..494,4.02341922,0.013409,-0.00063284,0.00048584,0.00037065,-0.0001874,0.00074328,-0.00004495,-0.00011386,-0.00007533,16:00:32..502,,,,
16:00:32..612,4.19924988,0.013409,-0.00063283,0.00048426,0.00036974,-0.00018822,0.00074354,-0.00004507,-0.00011354,-0.00007562,16:00:32..667,,,,
16:00:32..679,3.97687581,0.013409,-0.00063265,0.00048499,0.00037027,-0.00018729,0.00074284,-0.0000453,-0.00011373,-0.00007573,16:00:32..667,,,,
16:00:32..711,4.26130776,0.013212,-0.00063365,0.00048457,0.00036963,-0.00018755,0.00074358,-0.0000453,-0.00011422,-0.00007546,16:00:32..755,,,,
16:00:32..860,4.35439458,0.013212,-0.00063357,0.00048576,0.00036984,-0.00018726,0.00074366,-0.00004475,-0.00011436,-0.00007524,16:00:32..859,,,,
16:00:32..892,4.30785117,0.013289,-0.00063217,0.00048821,0.00037499,-0.00018755,0.00074295,-0.00004619,-0.00011413,-0.00007382,16:00:32..903,,,,
16:00:32..991,4.33888011,0.013577,-0.00063231,0.00048649,0.00037439,-0.00018742,0.00074372,-0.00004596,-0.00011374,-0.00007409,16:00:33..039,,,,
16:00:33..088,4.05961965,0.013577,-0.00063229,0.00048741,0.00037459,-0.00018813,0.00074284,-0.00004657,-0.00011409,-0.0000743,16:00:33..087,,,,
16:00:33..124,4.27165074,0.01352,-0.00063073,0.00046632,0.00037113,-0.00018245,0.00074523,-0.00004469,-0.00011361,-0.00007292,16:00:33..131,,,,
16:00:33..203,4.10616306,0.01352,-0.00063057,0.00046725,0.00037093,-0.00018201,0.00074481,-0.00004506,-0.00011418,-0.00007267,16:00:33..250,,,,
16:00:33..261,4.22510733,0.01352,-0.00063068,0.00046577,0.00037127,-0.00018261,0.00074487,-0.00004438,-0.00011371,-0.0000729,16:00:33..250,,,,
16:00:33..294,4.47333885,0.013496,-0.00063292,0.00047932,0.00036947,-0.00018362,0.0007462,-0.00004456,-0.00011314,-0.00007395,16:00:33..295,,,,
16:00:33..398,3.93550389,0.013557,-0.00063332,0.00048044,0.00036916,-0.00018376,0.00074557,-0.00004469,-0.00011373,-0.00007448,16:00:33..432,,,,
16:00:33..480,4.51471077,0.013557,-0.00063365,0.00047916,0.00036913,-0.00018411,0.00074625,-0.00004424,-0.00011345,-0.0000746,16:00:33..481,,,,
16:00:33..513,3.94584687,0.013584,-0.00063296,0.00048105,0.00036565,-0.0001853,0.00074577,-0.00004432,-0.00011336,-0.00007402,16:00:33..525,,,,
16:00:33..661,4.00790475,0.013584,-0.00063349,0.00048156,0.0003661,-0.00018494,0.00074533,-0.00004476,-0.00011355,-0.00007441,16:00:33..660,,,,
16:00:33..694,3.88896048,0.013702,-0.00063386,0.00048283,0.00036196,-0.00018788,0.00074309,-0.00004457,-0.00011419,-0.00007549,16:00:33..660,,,,
16:00:33..781,4.09064859,0.013702,-0.00063405,0.00048307,0.00036131,-0.00018816,0.00074296,-0.00004499,-0.00011438,-0.00007524,16:00:33..832,,,,
16:00:33..841,4.32336564,0.013702,-0.00063406,0.00048274,0.00036155,-0.00018809,0.00074263,-0.00004485,-0.00011394,-0.00007467,16:00:33..832,,,,
16:00:33..876,4.0337622,0.013933,-0.00063219,0.00049362,0.00037634,-0.00018438,0.00074684,-0.00004467,-0.00011346,-0.00007408,16:00:33..876,,,,
16:00:33..921,4.0337622,0.014078,-0.00063244,0.00049272,0.00037593,-0.00018533,0.00074718,-0.00004463,-0.00011326,-0.00007422,16:00:33..962,,,,
16:00:33..979,4.2923367,0.014078,-0.00063232,0.00049372,0.0003761,-0.0001846,0.00074632,-0.00004521,-0.00011403,-0.00007455,16:00:34..019,,,,
16:00:34..035,4.15270647,0.014078,-0.00063259,0.00049295,0.0003759,-0.00018512,0.00074691,-0.00004489,-0.00011354,-0.00007443,16:00:34..019,,,,
16:00:34..067,4.08030561,0.014416,-0.00063096,0.00050901,0.00038185,-0.00018521,0.00075375,-0.00004366,-0.00011295,-0.00006297,16:00:34..104,,,,
16:00:34..198,4.21476435,0.014416,-0.0006306,0.00050936,0.00038238,-0.00018496,0.0007536,-0.00004329,-0.00011297,-0.00006253,16:00:34..195,,,,
16:00:34..230,3.99239028,0.014636,-0.00063184,0.00051054,0.00038301,-0.00018527,0.00075058,-0.00004422,-0.00011349,-0.0000704,16:00:34..195,,,,
16:00:34..326,4.20442137,0.014636,-0.00063204,0.0005118,0.00038309,-0.00018452,0.00075007,-0.00004442,-0.00011324,-0.00007066,16:00:34..372,,,,
16:00:34..381,4.137192,0.014636,-0.00063199,0.00051043,0.00038278,-0.00018551,0.0007507,-0.00004415,-0.00011263,-0.00007078,16:00:34..372,,,,
16:00:34..416,4.07513412,0.014633,-0.00063514,0.00049245,0.00036635,-0.00018518,0.00074896,-0.00004433,-0.00011312,-0.00007445,16:00:34..460,,,,
16:00:34..490,4.33370862,0.014633,-0.00063501,0.00049149,0.00036605,-0.0001857,0.00074896,-0.00004428,-0.00011241,-0.00007471,16:00:34..460,,,,
16:00:34..522,4.10616306,0.014595,-0.00063541,0.00048978,0.00036475,-0.0001832,0.00075866,-0.00004254,-0.00011192,-0.00006789,16:00:34..549,,,,
16:00:34..577,4.0854771,0.014599,-0.00063551,0.00049067,0.0003652,-0.00018275,0.00075765,-0.00004302,-0.00011232,-0.00006809,16:00:34..593,,,,
16:00:34..636,4.23027882,0.014696,-0.00063516,0.00049014,0.00036544,-0.00018345,0.00075893,-0.00004267,-0.00011181,-0.00006763,16:00:34..593,,,,
16:00:34..671,4.23027882,0.014818,-0.0006348,0.00048574,0.00036995,-0.00018024,0.00075315,-0.00004425,-0.00011258,-0.00007229,16:00:34..643,,,,
16:00:34..740,4.06479114,0.014818,-0.00063481,0.00048659,0.00037034,-0.00017967,0.00075245,-0.00004441,-0.00011248,-0.00007225,16:00:34..789,,,,
16:00:34..798,4.20442137,0.014818,-0.00063452,0.00048602,0.00037066,-0.00017986,0.00075345,-0.00004428,-0.00011231,-0.000072,16:00:34..789,,,,
16:00:34..832,4.23545031,0.01509,-0.00063198,0.00048198,0.0003729,-0.00017767,0.00075008,-0.00004477,-0.00011283,-0.00006992,16:00:34..833,,,,
16:00:34..929,4.13202051,0.01509,-0.00063233,0.00048227,0.00037331,-0.00017771,0.00075027,-0.00004462,-0.00011288,-0.00007003,16:00:34..932,,,,
16:00:34..961,4.20959286,0.01509,-0.00063219,0.00048474,0.00037829,-0.00017713,0.00074854,-0.00004431,-0.00011236,-0.00007089,16:00:34..932,,,,
16:00:34..995,4.20959286,0.015492,-0.00063269,0.00048532,0.00037985,-0.00017564,0.00074638,-0.00004407,-0.00011315,-0.00007176,16:00:35..020,,,,
16:00:35..129,4.2406218,0.015492,-0.00063272,0.00048435,0.00037905,-0.00017634,0.00074705,-0.00004381,-0.0001131,-0.00007216,16:00:35..126,,,,
16:00:35..160,4.29750819,0.015492,-0.0006353,0.00048696,0.00037272,-0.00017971,0.00074489,-0.00004404,-0.00011333,-0.00007404,16:00:35..126,,,,
16:00:35..194,4.22510733,0.015579,-0.00063512,0.00048424,0.00036666,-0.00017873,0.00074488,-0.00004572,-0.00011313,-0.00007265,16:00:35..257,,,,
16:00:35..308,4.11650604,0.015579,-0.00063561,0.00048468,0.00036615,-0.00017852,0.00074435,-0.00004586,-0.00011362,-0.00007306,16:00:35..319,,,,
16:00:35..340,4.32853713,0.015579,-0.00063623,0.00048025,0.00035977,-0.00017685,0.00074712,-0.00004518,-0.00011287,-0.00007166,16:00:35..319,,,,
16:00:35..374,4.28199372,0.015538,-0.00063621,0.00047823,0.00036265,-0.00017455,0.00074856,-0.00004607,-0.00011362,-0.00007088,16:00:35..422,,,,
16:00:35..501,3.98721879,0.015538,-0.00063554,0.00047715,0.00036232,-0.00017456,0.00074937,-0.00004502,-0.00011322,-0.00007099,16:00:35..498,,,,
16:00:35..533,4.12684902,0.015597,-0.00063363,0.00048162,0.00037723,-0.00017642,0.0007482,-0.00004486,-0.00011327,-0.00006585,16:00:35..541,,,,
16:00:35..664,4.04927667,0.015597,-0.00063331,0.00048236,0.00037744,-0.00017602,0.00074771,-0.00004483,-0.00011279,-0.00006604,16:00:35..661,,,,
16:00:35..695,4.24579329,0.015678,-0.00063223,0.00048762,0.00037897,-0.00017655,0.00076317,-0.00004151,-0.00011285,-0.00005834,16:00:35..704,,,,
16:00:35..817,4.10099157,0.015678,-0.00063238,0.00048781,0.00037949,-0.00017641,0.00076297,-0.00004131,-0.00011238,-0.00005831,16:00:35..814,,,,
16:00:35..849,4.30267968,0.015632,-0.00063479,0.00048968,0.00038444,-0.00017711,0.00075885,-0.00004127,-0.00011239,-0.00006211,16:00:35..858,,,,
16:00:35..948,4.07513412,0.015431,-0.00063469,0.00049034,0.00038476,-0.00017693,0.00075874,-0.00004121,-0.00011229,-0.00006249,16:00:35..998,,,,
16:00:36..054,4.21993584,0.015431,-0.00063447,0.00048954,0.00038455,-0.00017764,0.00075946,-0.00004144,-0.00011242,-0.00006212,16:00:36..054,,,,
16:00:36..087,4.14236349,0.015431,-0.00063544,0.00049474,0.00037342,-0.00018057,0.00074861,-0.00004318,-0.0001119,-0.00007521,16:00:36..054,,,,
16:00:36..121,4.1889069,0.015054,-0.00063678,0.00049014,0.00037113,-0.00018116,0.00074756,-0.00004286,-0.00011192,-0.00007505,16:00:36..172,,,,
16:00:36..228,4.28199372,0.015054,-0.0006368,0.00049131,0.0003717,-0.00018094,0.00074644,-0.00004315,-0.00011278,-0.00007494,16:00:36..238,,,,
16:00:36..261,4.12684902,0.015054,-0.00063846,0.000486,0.00036792,-0.00017921,0.00074941,-0.0000424,-0.00011224,-0.00007533,16:00:36..238,,,,
16:00:36..296,4.16304945,0.014874,-0.0006375,0.00048556,0.0003661,-0.00018083,0.00074866,-0.00004258,-0.00011264,-0.0000743,16:00:36..354,,,,
16:00:36..422,4.1889069,0.014874,-0.00063756,0.00048573,0.00036651,-0.00018042,0.00074856,-0.00004223,-0.00011286,-0.00007391,16:00:36..419,,,,
16:00:36..454,4.21476435,0.01475,-0.00063705,0.00048967,0.00036891,-0.00018233,0.00074941,-0.00004147,-0.00011156,-0.0000725,16:00:36..464,,,,
16:00:36..560,4.19924988,0.01475,-0.00063674,0.00049041,0.00036926,-0.00018174,0.00074836,-0.00004184,-0.00011151,-0.00007257,16:00:36..557,,,,
16:00:36..593,4.19924988,0.014668,-0.00063574,0.00049328,0.00037386,-0.00018393,0.00074875,-0.00004368,-0.00011403,-0.00007479,16:00:36..602,,,,
16:00:36..726,4.13202051,0.014668,-0.0006356,0.00049403,0.00037385,-0.00018386,0.00074825,-0.00004393,-0.00011407,-0.00007533,16:00:36..723,,,,
16:00:36..757,4.137192,0.014373,-0.00063569,0.00050113,0.00037203,-0.00018291,0.00074755,-0.00004233,-0.00011169,-0.00007498,16:00:36..765,,,,
16:00:36..888,4.14753498,0.014373,-0.00063585,0.00050044,0.00037191,-0.00018311,0.00074828,-0.00004199,-0.00011132,-0.00007474,16:00:36..885,,,,
16:00:36..921,4.137192,0.014288,-0.00063532,0.00050414,0.00037151,-0.00018365,0.00074822,-0.00004369,-0.00011393,-0.00007698,16:00:36..929,,,,
16:00:36..995,3.99239028,0.014278,-0.00063514,0.00050404,0.00037112,-0.00018328,0.00074834,-0.00004371,-0.00011432,-0.00007675,16:00:36..992,,,,
16:00:37..038,4.06479114,0.014278,-0.00063509,0.00050383,0.0003712,-0.00018344,0.00074857,-0.00004374,-0.00011407,-0.00007704,16:00:37..035,,,,
16:00:37..072,4.18373541,0.014095,-0.00063535,0.00049478,0.00036999,-0.00018664,0.00074885,-0.00004463,-0.00011323,-0.00007568,16:00:37..079,,,,
16:00:37..178,4.21476435,0.014095,-0.00063528,0.0004953,0.00037004,-0.00018679,0.00074835,-0.00004476,-0.0001134,-0.00007586,16:00:37..175,,,,
16:00:37..211,4.33888011,0.01403,-0.00063637,0.00049392,0.00036732,-0.00018551,0.00074881,-0.0000425,-0.00011201,-0.00007414,16:00:37..219,,,,
16:00:37..320,4.14236349,0.01403,-0.00063629,0.00049321,0.00036709,-0.00018561,0.00075001,-0.00004203,-0.00011216,-0.00007357,16:00:37..318,,,,
16:00:37..352,4.09064859,0.014152,-0.00063718,0.00049157,0.00036715,-0.00018549,0.00075676,-0.00004348,-0.00011206,-0.0000674,16:00:37..361,,,,
16:00:37..459,4.12684902,0.014152,-0.00063709,0.00049066,0.00036674,-0.00018576,0.0007578,-0.00004328,-0.00011175,-0.00006743,16:00:37..456,,,,
16:00:37..491,4.15270647,0.014257,-0.00063553,0.00049533,0.00036807,-0.00018486,0.0007546,-0.0000429,-0.00011258,-0.00007184,16:00:37..500,,,,
16:00:37..604,4.32336564,0.014257,-0.0006358,0.00049416,0.0003675,-0.0001852,0.00075548,-0.00004247,-0.00011156,-0.00007168,16:00:37..601,,,,
16:00:37..637,4.11650604,0.014239,-0.00063702,0.0004919,0.0003658,-0.0001831,0.00075345,-0.00004268,-0.00011288,-0.00007475,16:00:37..646,,,,
16:00:37..727,4.12684902,0.014239,-0.0006366,0.00049302,0.00036624,-0.00018295,0.00075319,-0.00004258,-0.0001121,-0.00007405,16:00:37..724,,,,
16:00:37..758,4.10616306,0.014009,-0.00063735,0.00049083,0.00036512,-0.00018475,0.00075232,-0.00004274,-0.00011217,-0.00007374,16:00:37..767,,,,
16:00:37..868,4.10616306,0.014009,-0.0006373,0.00049228,0.0003651,-0.00018427,0.00075204,-0.00004319,-0.0001124,-0.00007369,16:00:37..865,,,,
16:00:37..900,4.17339243,0.013835,-0.00063632,0.00049375,0.00036742,-0.0001864,0.00075647,-0.00004287,-0.00011189,-0.00007105,16:00:37..909,,,,
16:00:38..019,4.17856392,0.013835,-0.00063621,0.00049354,0.00036732,-0.00018621,0.0007572,-0.00004213,-0.00011145,-0.00007082,16:00:38..016,,,,
16:00:38..052,4.26647925,0.01385,-0.00063516,0.00049486,0.0003695,-0.0001873,0.00074913,-0.00004593,-0.00011392,-0.00007768,16:00:38..059,,,,
16:00:38..162,4.09582008,0.01385,-0.00063476,0.00049485,0.00036992,-0.00018772,0.00074985,-0.00004582,-0.00011378,-0.00007747,16:00:38..159,,,,
16:00:38..194,4.29750819,0.013922,-0.00063506,0.00049262,0.0003687,-0.00018728,0.00074631,-0.00004344,-0.00011274,-0.00007316,16:00:38..203,,,,
16:00:38..315,4.24579329,0.013922,-0.00063519,0.00049377,0.00036878,-0.00018755,0.00074577,-0.00004315,-0.00011244,-0.00007295,16:00:38..312,,,,
16:00:38..346,4.16304945,0.014046,-0.00063565,0.00049342,0.00037086,-0.0001867,0.00074749,-0.00005015,-0.00011284,-0.00007149,16:00:38..312,,,,
16:00:38..444,4.03893369,0.014046,-0.00063558,0.00049222,0.00037011,-0.00018712,0.00074854,-0.00004987,-0.00011304,-0.00007137,16:00:38..485,,,,
16:00:38..505,4.2923367,0.014046,-0.00063595,0.00049364,0.00037063,-0.00018683,0.00074726,-0.00005054,-0.00011306,-0.00007151,16:00:38..485,,,,
16:00:38..537,4.00273326,0.014157,-0.00063577,0.00049318,0.00036976,-0.00018748,0.0007442,-0.00004472,-0.0001127,-0.00007268,16:00:38..571,,,,
16:00:38..681,4.16822094,0.014157,-0.00063537,0.00049312,0.0003695,-0.00018757,0.00074494,-0.00004444,-0.00011202,-0.00007291,16:00:38..678,,,,
16:00:38..713,4.06996263,0.014249,-0.0006354,0.00049311,0.00036971,-0.00018842,0.00074904,-0.00004835,-0.00011365,-0.00006891,16:00:38..723,,,,
16:00:38..836,4.17856392,0.014249,-0.00063591,0.00049148,0.00036939,-0.00018921,0.00074971,-0.00004823,-0.00011263,-0.00006875,16:00:38..833,,,,
16:00:38..868,4.35439458,0.014056,-0.00063498,0.00049359,0.00036992,-0.00018786,0.00074566,-0.00004614,-0.00011289,-0.00007115,16:00:38..876,,,,
16:00:38..987,4.10616306,0.014056,-0.00063552,0.00049214,0.00036937,-0.00018844,0.00074682,-0.00004607,-0.0001125,-0.00007078,16:00:38..984,,,,
16:00:39..019,4.3440516,0.014017,-0.0006357,0.00049226,0.00036987,-0.00018661,0.00075069,-0.00004901,-0.00011279,-0.00006962,16:00:39..028,,,,
16:00:39..127,4.31302266,0.014017,-0.00063563,0.00049137,0.0003694,-0.00018655,0.00075115,-0.00004936,-0.00011243,-0.00006947,16:00:39..124,,,,
16:00:39..160,4.11650604,0.014064,-0.00063591,0.00049124,0.00036919,-0.00018757,0.00074493,-0.0000449,-0.00011394,-0.00007521,16:00:39..167,,,,
16:00:39..290,3.96136134,0.014064,-0.00063642,0.00049089,0.00036948,-0.0001878,0.0007449,-0.00004491,-0.00011367,-0.00007474,16:00:39..287,,,,
16:00:39..321,4.60779759,0.013968,-0.00063719,0.000489,0.00036895,-0.00018709,0.00074495,-0.0000438,-0.00011325,-0.00007567,16:00:39..332,,,,
16:00:39..457,4.3957665,0.013968,-0.00063717,0.00049059,0.00036907,-0.00018695,0.00074427,-0.00004496,-0.00011387,-0.0000762,16:00:39..454,,,,
16:00:39..488,3.49075575,0.013951,-0.00063751,0.00048727,0.00036878,-0.0001872,0.00075028,-0.00004717,-0.00011252,-0.00007491,16:00:39..497,,,,
16:00:39..634,2.34785646,0.013951,-0.00063762,0.00048866,0.0003693,-0.00018676,0.00074937,-0.00004786,-0.00011309,-0.00007482,16:00:39..630,,,,
16:00:39..666,4.80431421,0.013909,-0.00063544,0.00049286,0.00036953,-0.00018609,0.00075263,-0.00004549,-0.00011213,-0.0000714,16:00:39..630,,,,
16:00:39..755,5.07323169,0.013909,-0.00063568,0.00049307,0.00036931,-0.00018596,0.00075232,-0.00004519,-0.00011312,-0.00007202,16:00:39..787,,,,
16:00:39..807,3.35629701,0.013909,-0.00063601,0.00049313,0.00036928,-0.00018675,0.00075218,-0.00004555,-0.00011346,-0.00007232,16:00:39..787,,,,
16:00:39..841,3.70278684,0.013845,-0.00063489,0.00049099,0.00036879,-0.00018549,0.00076902,-0.00003836,-0.00011317,-0.00006236,16:00:39..874,,,,
16:00:39..990,3.63555747,0.013845,-0.00063518,0.00049204,0.00036891,-0.0001854,0.00076858,-0.00003907,-0.00011319,-0.00006168,16:00:39..986,,,,
16:00:40..022,4.05444816,0.014053,-0.00063776,0.00048885,0.00036844,-0.00018662,0.00074749,-0.00004483,-0.00011404,-0.0000776,16:00:40..031,,,,
16:00:40..110,4.21476435,0.014136,-0.00063739,0.00048939,0.00036866,-0.00018651,0.00074688,-0.00004494,-0.00011391,-0.00007757,16:00:40..169,,,,
16:00:40..228,3.91481793,0.014136,-0.00063745,0.00048838,0.00036825,-0.00018663,0.00074743,-0.00004449,-0.00011414,-0.00007796,16:00:40..227,,,,
16:00:40..261,4.14236349,0.014236,-0.00063708,0.00048962,0.00036833,-0.0001868,0.00074845,-0.00004492,-0.00011283,-0.00007684,16:00:40..272,,,,
16:00:40..386,3.84758856,0.014236,-0.00063624,0.0004904,0.00036845,-0.0001868,0.00074789,-0.00004474,-0.00011279,-0.00007724,16:00:40..385,,,,
16:00:40..421,3.64072896,0.014328,-0.00063964,0.00048771,0.00036889,-0.0001874,0.00074472,-0.00004532,-0.00011326,-0.00007698,16:00:40..429,,,,
16:00:40..539,4.0337622,0.014328,-0.00064051,0.00048769,0.00036798,-0.00018827,0.00074381,-0.00004664,-0.00011361,-0.00007668,16:00:40..540,,,,
16:00:40..571,4.25613627,0.014433,-0.00063677,0.0004908,0.00036871,-0.00018933,0.00074368,-0.00004403,-0.00011168,-0.00007519,16:00:40..540,,,,
16:00:40..633,4.32853713,0.014433,-0.00063641,0.00049164,0.0003688,-0.00018878,0.00074315,-0.00004383,-0.00011231,-0.00007567,16:00:40..668,,,,
16:00:40..678,4.0337622,0.014433,-0.00063671,0.00049143,0.00036899,-0.00018957,0.00074409,-0.0000436,-0.00011217,-0.00007579,16:00:40..668,,,,
16:00:40..710,4.11133455,0.014545,-0.00063738,0.00049316,0.00036895,-0.00018999,0.00074687,-0.00004293,-0.00011225,-0.00007316,16:00:40..711,,,,
16:00:40..867,4.23545031,0.014545,-0.00063658,0.00049436,0.0003694,-0.00018949,0.00074589,-0.00004324,-0.00011212,-0.00007326,16:00:40..867,,,,
16:00:40..899,-1.01878353,0.014885,-0.00063614,0.00049377,0.00036885,-0.00019097,0.00074468,-0.00004378,-0.00011289,-0.00007615,16:00:40..867,,,,
16:00:40..987,-0.78089499,0.014885,-0.00063627,0.00049447,0.00036858,-0.0001904,0.00074485,-0.00004364,-0.00011308,-0.00007668,16:00:41..041,,,,
16:00:41..078,15.35415381,0.014885,-0.00063635,0.00049435,0.00036917,-0.00019012,0.00074527,-0.00004338,-0.00011318,-0.00007635,16:00:41..041,,,,
16:00:41..112,0.97224012,0.015172,-0.00063541,0.00049461,0.00036857,-0.00018675,0.00074918,-0.00004327,-0.00011146,-0.00007699,16:00:41..083,,,,
16:00:41..215,6.80568084,0.015172,-0.00063548,0.00049564,0.00036833,-0.00018653,0.0007484,-0.00004373,-0.00011165,-0.0000767,16:00:41..265,,,,
16:00:41..274,4.30785117,0.015172,-0.0006353,0.00049424,0.00036817,-0.00018728,0.00074959,-0.00004315,-0.00011144,-0.00007693,16:00:41..265,,,,
16:00:41..308,5.04737424,0.015204,-0.00063594,0.00049432,0.00036783,-0.00018566,0.00074722,-0.00004198,-0.00011131,-0.00007746,16:00:41..310,,,,
16:00:41..343,3.02015016,0.015307,-0.00063578,0.0004931,0.00036817,-0.00018616,0.00074616,-0.00004262,-0.00011112,-0.00007633,16:00:41..354,,,,
16:00:41..443,3.37698297,0.015307,-0.00063582,0.0004944,0.00036835,-0.00018604,0.00074566,-0.00004265,-0.00011128,-0.00007618,16:00:41..440,,,,
16:00:41..476,4.04927667,0.015368,-0.00063548,0.00049374,0.0003685,-0.0001859,0.00074934,-0.00004507,-0.0001132,-0.00007835,16:00:41..483,,,,
16:00:41..606,4.54573971,0.015368,-0.00063548,0.00049416,0.00036853,-0.00018607,0.0007482,-0.00004537,-0.00011334,-0.00007873,16:00:41..603,,,,
16:00:41..637,4.40610948,0.015369,-0.00063574,0.00049396,0.0003679,-0.00018612,0.00074977,-0.00004346,-0.00011291,-0.00007483,16:00:41..646,,,,
16:00:41..761,4.80431421,0.015369,-0.00063535,0.00049421,0.00036815,-0.00018548,0.00074906,-0.00004343,-0.00011233,-0.00007501,16:00:41..758,,,,
16:00:41..792,4.43196693,0.015327,-0.00063538,0.0004933,0.00036734,-0.00018615,0.00075656,-0.00004174,-0.00011146,-0.00006515,16:00:41..802,,,,
16:00:41..919,4.59745461,0.015327,-0.00063533,0.00049263,0.00036742,-0.0001861,0.00075734,-0.00004173,-0.00011155,-0.00006459,16:00:41..916,,,,
16:00:41..951,4.654341,0.015298,-0.00063586,0.00049238,0.00036748,-0.00018606,0.00076238,-0.00004207,-0.00011091,-0.00005854,16:00:41..960,,,,
16:00:42..072,4.42679544,0.015298,-0.00063607,0.00049108,0.00036684,-0.00018665,0.0007629,-0.00004172,-0.00011069,-0.0000584,16:00:42..069,,,,
16:00:42..104,4.25613627,0.015329,-0.0006363,0.00049321,0.00036734,-0.00018542,0.00076849,-0.00004074,-0.0001114,-0.00006286,16:00:42..113,,,,
16:00:42..236,4.20959286,0.015329,-0.00063606,0.00049176,0.00036676,-0.0001857,0.00076923,-0.00004034,-0.00011125,-0.00006334,16:00:42..232,,,,
16:00:42..267,4.74225633,0.015351,-0.00063658,0.00049219,0.00036724,-0.00018516,0.00075254,-0.00004168,-0.0001111,-0.00007264,16:00:42..276,,,,
16:00:42..392,4.66468398,0.015351,-0.00063669,0.0004923,0.00036693,-0.00018555,0.00075278,-0.00004186,-0.0001109,-0.00007279,16:00:42..389,,,,
16:00:42..424,4.43196693,0.015415,-0.00063592,0.00049298,0.00036769,-0.00018648,0.00074779,-0.00004356,-0.00011226,-0.00007622,16:00:42..433,,,,
16:00:42..548,4.55608269,0.015415,-0.00063593,0.00049333,0.00036793,-0.000186,0.00074711,-0.00004366,-0.00011228,-0.00007627,16:00:42..545,,,,
16:00:42..580,4.73708484,0.015484,-0.00063507,0.00049414,0.00036867,-0.00020752,0.00074399,-0.00004329,-0.0001129,-0.000076,16:00:42..545,,,,
16:00:42..649,4.6026261,0.015484,-0.00063547,0.00049218,0.0003679,-0.00020796,0.00074452,-0.00004304,-0.00011302,-0.00007617,16:00:42..686,,,,
16:00:42..696,4.38542352,0.015484,-0.00063541,0.0004934,0.00036803,-0.00020863,0.00074371,-0.00004394,-0.00011317,-0.00007591,16:00:42..686,,,,
16:00:42..729,4.56125418,0.015543,-0.00063535,0.00049261,0.00036929,-0.00019469,0.00074191,-0.00004511,-0.00011293,-0.00007465,16:00:42..731,,,,
16:00:42..837,4.26130776,0.015543,-0.00063553,0.00049164,0.00036897,-0.00019465,0.00074288,-0.00004459,-0.00011262,-0.00007484,16:00:42..834,,,,
16:00:42..870,4.88705805,0.015571,-0.00063565,0.00049239,0.00036779,-0.00019595,0.00074618,-0.00004378,-0.00011259,-0.0000763,16:00:42..877,,,,
16:00:42..971,4.85085762,0.015571,-0.00063508,0.00049168,0.00036781,-0.00019639,0.00074658,-0.00004304,-0.00011276,-0.00007598,16:00:42..968,,,,
16:00:43..003,4.28199372,0.015582,-0.00063612,0.00049102,0.00036835,-0.00020014,0.00074401,-0.00004375,-0.00011303,-0.00007504,16:00:43..012,,,,
16:00:43..113,4.25096478,0.015582,-0.00063585,0.00049018,0.00036837,-0.00020053,0.00074468,-0.00004368,-0.00011283,-0.00007455,16:00:43..110,,,,
16:00:43..146,4.77328527,0.015446,-0.00063577,0.00049099,0.00036733,-0.00020406,0.0007451,-0.00004366,-0.00011244,-0.00007502,16:00:43..153,,,,
16:00:43..257,4.83534315,0.015446,-0.00063568,0.00049094,0.00036736,-0.00020535,0.0007449,-0.00004341,-0.00011218,-0.00007458,16:00:43..254,,,,
16:00:43..290,4.47333885,0.015098,-0.00063615,0.00049102,0.00036738,-0.00019603,0.00074723,-0.0000434,-0.00011283,-0.00007565,16:00:43..254,,,,
16:00:43..381,4.25096478,0.014872,-0.00063573,0.00049044,0.00036696,-0.0001967,0.00074813,-0.00004314,-0.00011302,-0.00007579,16:00:43..422,,,,
16:00:43..471,4.41645246,0.014872,-0.00063594,0.00049103,0.00036707,-0.0001965,0.00074761,-0.00004343,-0.00011238,-0.0000756,16:00:43..469,,,,
16:00:43..506,4.71639888,0.014658,-0.00063616,0.00049013,0.00036544,-0.00024149,0.00074758,-0.00004284,-0.00011227,-0.00007548,16:00:43..511,,,,
16:00:43..631,4.68536994,0.014658,-0.0006362,0.00048988,0.00036563,-0.00024098,0.00074826,-0.00004247,-0.00011203,-0.00007507,16:00:43..629,,,,
16:00:43..665,4.49402481,0.014544,-0.00063583,0.00048955,0.00036538,-0.00020469,0.00074761,-0.00004281,-0.00011301,-0.00007519,16:00:43..672,,,,
16:00:43..789,4.59745461,0.014544,-0.00063553,0.00048924,0.00036491,-0.00020519,0.00074775,-0.00004332,-0.00011278,-0.00007568,16:00:43..786,,,,
16:00:43..821,4.5509112,0.01457,-0.00063601,0.00049002,0.00036473,-0.00019296,0.00074934,-0.00004291,-0.00011268,-0.00007563,16:00:43..831,,,,
16:00:43..942,4.57676865,0.01457,-0.00063603,0.00049131,0.00036547,-0.00019275,0.00074776,-0.00004376,-0.00011268,-0.00007616,16:00:43..939,,,,
16:00:43..974,4.56125418,0.014659,-0.00063631,0.00049037,0.00036541,-0.00019061,0.00074844,-0.00004344,-0.00011299,-0.00007531,16:00:43..985,,,,
16:00:44..034,4.5509112,0.014682,-0.00063594,0.00048975,0.00036547,-0.00019087,0.00074905,-0.00004367,-0.00011255,-0.00007546,16:00:44..091,,,,
16:00:44..119,4.58711163,0.014682,-0.00063599,0.00049002,0.0003657,-0.00019083,0.00074811,-0.00004336,-0.00011272,-0.00007599,16:00:44..091,,,,
16:00:44..152,4.51988226,0.014683,-0.00063659,0.00049005,0.00036648,-0.00018755,0.00074869,-0.00004466,-0.00011315,-0.00007618,16:00:44..178,,,,
16:00:44..279,4.47851034,0.014683,-0.00063645,0.00049063,0.00036694,-0.000187,0.00074908,-0.00004463,-0.00011325,-0.00007611,16:00:44..276,,,,
16:00:44..310,4.48885332,0.014615,-0.00063662,0.00049043,0.00036772,-0.00019129,0.00074779,-0.00004498,-0.00011339,-0.00007549,16:00:44..317,,,,
16:00:44..434,4.56125418,0.014615,-0.00063652,0.00048938,0.00036705,-0.00019129,0.00074886,-0.00004422,-0.00011302,-0.00007536,16:00:44..431,,,,
16:00:44..466,4.03893369,0.014581,-0.00063748,0.00048781,0.00036893,-0.00019479,0.00074759,-0.00004609,-0.00011239,-0.00007437,16:00:44..475,,,,
16:00:44..603,4.37508054,0.014581,-0.00063687,0.00048939,0.00036921,-0.00019461,0.00074654,-0.00004598,-0.00011283,-0.00007452,16:00:44..599,,,,
16:00:44..635,5.13011808,0.014533,-0.0006366,0.00049062,0.00036742,-0.00019245,0.00074967,-0.00004343,-0.00011251,-0.00007658,16:00:44..645,,,,
16:00:44..728,4.72157037,0.014533,-0.00063679,0.00049055,0.00036749,-0.00019262,0.00074916,-0.00004394,-0.00011231,-0.00007654,16:00:44..725,,,,
16:00:44..758,3.99239028,0.014626,-0.00063646,0.00049071,0.00036762,-0.00018658,0.00074892,-0.00004457,-0.0001123,-0.00007592,16:00:44..769,,,,
16:00:44..863,4.10616306,0.014626,-0.00063653,0.00049092,0.00036773,-0.00018624,0.00074878,-0.00004451,-0.00011221,-0.00007525,16:00:44..860,,,,
16:00:44..895,4.88188656,0.014674,-0.00063666,0.00049102,0.00036754,-0.00018608,0.0007476,-0.00004249,-0.00011179,-0.00007558,16:00:44..904,,,,
16:00:45..026,4.83534315,0.014674,-0.00063691,0.00049041,0.00036691,-0.00018667,0.00074754,-0.00004246,-0.00011175,-0.00007602,16:00:45..023,,,,
16:00:45..061,4.16822094,0.014319,-0.00063785,0.00048892,0.00036693,-0.00018658,0.00074694,-0.0000426,-0.00011227,-0.00007529,16:00:45..068,,,,
16:00:45..190,4.28716521,0.014319,-0.0006378,0.00048826,0.00036661,-0.00018629,0.00074765,-0.00004291,-0.00011193,-0.00007529,16:00:45..189,,,,
16:00:45..224,4.85602911,0.014315,-0.00063715,0.00048878,0.00036696,-0.00018703,0.00074776,-0.00004477,-0.0001121,-0.00007557,16:00:45..232,,,,
16:00:45..349,4.68019845,0.014315,-0.00063673,0.00048944,0.00036691,-0.00018642,0.00074706,-0.00004456,-0.0001124,-0.00007546,16:00:45..346,,,,
16:00:45..382,4.72157037,0.014355,-0.000637,0.00048962,0.00036628,-0.00018598,0.00074802,-0.000043,-0.00011217,-0.00007634,16:00:45..346,,,,
16:00:45..470,4.66468398,0.014355,-0.00063698,0.00048992,0.00036598,-0.00018612,0.0007478,-0.00004327,-0.00011257,-0.0000767,16:00:45..501,,,,
16:00:45..538,4.85085762,0.014355,-0.00063699,0.00048977,0.00036608,-0.0001857,0.00074775,-0.00004295,-0.00011248,-0.00007662,16:00:45..501,,,,
16:00:45..573,4.48368183,0.014315,-0.00063751,0.00048899,0.00036361,-0.00018609,0.00074789,-0.00004147,-0.0001118,-0.00007624,16:00:45..588,,,,
16:00:45..690,4.38542352,0.014315,-0.00063717,0.00048941,0.00036362,-0.00018605,0.00074711,-0.00004185,-0.000112,-0.0000765,16:00:45..687,,,,
16:00:45..723,4.35439458,0.01433,-0.0006374,0.00048944,0.00036359,-0.00018607,0.00074685,-0.00004168,-0.00011213,-0.00007642,16:00:45..730,,,,
16:00:45..841,4.68536994,0.01433,-0.00063771,0.00048816,0.00036346,-0.00018649,0.00074791,-0.0000419,-0.00011184,-0.0000767,16:00:45..838,,,,
16:00:45..874,4.68536994,0.014216,-0.00063724,0.00048946,0.00036413,-0.00021904,0.00074673,-0.00004291,-0.00011285,-0.00007709,16:00:45..882,,,,
16:00:45..999,4.53539673,0.014216,-0.00063725,0.00048934,0.00036417,-0.00021912,0.00074665,-0.00004209,-0.00011263,-0.00007637,16:00:45..996,,,,
16:00:46..032,4.53539673,0.014197,-0.00063665,0.00048703,0.00036622,-0.00019313,0.0007442,-0.00004244,-0.00011306,-0.0000766,16:00:46..039,,,,
16:00:46..179,4.53539673,0.014197,-0.00063699,0.00048613,0.00036608,-0.0001937,0.00074428,-0.00004288,-0.00011286,-0.00007588,16:00:46..176,,,,
16:00:46..212,4.50953928,0.014383,-0.00063825,0.00048039,0.00036572,-0.0001865,0.00074645,-0.00004382,-0.00011293,-0.00007659,16:00:46..220,,,,
16:00:46..284,4.38542352,0.014383,-0.00063817,0.00048079,0.00036548,-0.00018628,0.00074594,-0.00004424,-0.00011267,-0.00007676,16:00:46..342,,,,
16:00:46..351,4.54573971,0.014383,-0.00063735,0.00048041,0.00036532,-0.00018579,0.00074714,-0.00004381,-0.0001127,-0.0000764,16:00:46..342,,,,
16:00:46..385,4.61814057,0.014514,-0.00063697,0.00048444,0.00036723,-0.00018731,0.00073521,-0.00004514,-0.0001135,-0.00007555,16:00:46..386,,,,
16:00:46..495,4.72674186,0.014514,-0.00063714,0.0004842,0.00036694,-0.00018687,0.00073556,-0.00004471,-0.00011361,-0.00007539,16:00:46..492,,,,
16:00:46..528,4.56642567,0.014632,-0.00063699,0.00048954,0.00036906,-0.00018638,0.00073063,-0.00004452,-0.00011302,-0.00007409,16:00:46..535,,,,
16:00:46..649,4.57159716,0.014632,-0.00063718,0.00048865,0.00036851,-0.00018678,0.00073155,-0.0000445,-0.0001131,-0.00007405,16:00:46..646,,,,
16:00:46..682,4.60779759,0.014753,-0.00063745,0.00048665,0.00036593,-0.00018805,0.00074667,-0.0000447,-0.0001136,-0.00007693,16:00:46..688,,,,
16:00:46..793,4.41645246,0.014753,-0.00063734,0.0004872,0.00036547,-0.00018752,0.00074573,-0.00004484,-0.00011399,-0.00007652,16:00:46..790,,,,
16:00:46..824,4.53539673,0.014942,-0.00063746,0.00048858,0.00036593,-0.00018608,0.0007489,-0.00004501,-0.00011374,-0.00007781,16:00:46..833,,,,
16:00:46..953,4.47851034,0.014942,-0.00063728,0.00048794,0.00036523,-0.00018659,0.00074951,-0.00004484,-0.00011354,-0.00007744,16:00:46..949,,,,
16:00:46..985,4.32336564,0.014803,-0.00063839,0.00048954,0.00036588,-0.00018543,0.00075236,-0.00004555,-0.00011453,-0.00008111,16:00:46..993,,,,
16:00:47..104,4.36990905,0.014803,-0.00063819,0.00048926,0.00036563,-0.00018566,0.00075265,-0.00004525,-0.00011483,-0.00008105,16:00:47..100,,,,
16:00:47..136,4.73708484,0.014609,-0.00063775,0.00049137,0.0003664,-0.00018445,0.00074975,-0.00004351,-0.0001136,-0.00007993,16:00:47..143,,,,
16:00:47..264,4.7577708,0.014609,-0.00063766,0.00049187,0.00036662,-0.00018439,0.00074964,-0.00004377,-0.00011385,-0.0000801,16:00:47..261,,,,
16:00:47..297,4.56125418,0.014538,-0.00063732,0.00049172,0.00036625,-0.00018495,0.00075046,-0.00004402,-0.00011354,-0.00007931,16:00:47..261,,,,
16:00:47..365,4.66985547,0.014538,-0.0006372,0.00049298,0.00036626,-0.00018466,0.0007497,-0.00004444,-0.00011364,-0.00007902,16:00:47..400,,,,
16:00:47..409,4.58711163,0.014538,-0.00063676,0.00049168,0.00036632,-0.00018489,0.00075054,-0.00004354,-0.0001134,-0.00007934,16:00:47..400,,,,
16:00:47..442,4.654341,0.014499,-0.00063745,0.00049034,0.00036693,-0.00018519,0.00074805,-0.00004387,-0.00011343,-0.0000772,16:00:47..444,,,,
16:00:47..479,4.42679544,0.014499,-0.00063729,0.00049169,0.00036706,-0.0001842,0.0007466,-0.00004435,-0.00011351,-0.00007677,16:00:47..444,,,,
16:00:47..511,4.42679544,0.014298,-0.00063704,0.00049088,0.00036724,-0.00018621,0.00074553,-0.00004336,-0.00011361,-0.00007513,16:00:47..544,,,,
16:00:47..618,4.54573971,0.014298,-0.00063741,0.00049088,0.00036732,-0.00018635,0.00074413,-0.0000437,-0.00011272,-0.00007562,16:00:47..615,,,,
16:00:47..650,4.74225633,0.014266,-0.00063654,0.00049068,0.00036781,-0.0001874,0.00074382,-0.00004347,-0.00011288,-0.00007406,16:00:47..658,,,,
16:00:47..717,4.67502696,0.014207,-0.00063677,0.00049097,0.00036825,-0.00018685,0.00074287,-0.00004338,-0.00011309,-0.00007368,16:00:47..758,,,,
16:00:47..762,4.6026261,0.014207,-0.00063709,0.00049044,0.00036762,-0.00018771,0.00074359,-0.00004336,-0.00011277,-0.00007346,16:00:47..758,,,,
16:00:47..796,4.47333885,0.014203,-0.00063759,0.00049059,0.00036694,-0.00018748,0.00074342,-0.0000411,-0.00011186,-0.00007091,16:00:47..801,,,,
16:00:47..914,4.24579329,0.014203,-0.00063766,0.00049096,0.0003673,-0.00018764,0.00074283,-0.00004142,-0.00011232,-0.0000711,16:00:47..911,,,,
16:00:47..946,4.69571292,0.014343,-0.00063757,0.0004898,0.00036682,-0.00018701,0.00074554,-0.00004186,-0.00011137,-0.0000746,16:00:47..955,,,,
16:00:48..082,4.63882653,0.014343,-0.00063755,0.00049046,0.00036703,-0.00018684,0.00074413,-0.00004238,-0.00011174,-0.00007463,16:00:48..079,,,,
16:00:48..114,4.6026261,0.014512,-0.00063735,0.00049008,0.00036672,-0.00018878,0.00074285,-0.00004264,-0.00011214,-0.00007396,16:00:48..122,,,,
16:00:48..229,4.4991963,0.014512,-0.00063744,0.00048955,0.00036681,-0.0001888,0.00074276,-0.00004258,-0.00011208,-0.00007464,16:00:48..226,,,,
16:00:48..261,4.20959286,0.014529,-0.0006371,0.00049227,0.00036893,-0.00019023,0.00074496,-0.00004604,-0.00011427,-0.00007741,16:00:48..273,,,,
16:00:48..403,4.58711163,0.014529,-0.00063705,0.00049179,0.00036896,-0.00019059,0.0007452,-0.00004541,-0.00011359,-0.00007745,16:00:48..400,,,,
16:00:48..434,4.52505375,0.014369,-0.00063711,0.0004897,0.00036752,-0.00019162,0.00074559,-0.00004415,-0.00011263,-0.0000755,16:00:48..444,,,,
16:00:48..562,4.3957665,0.014369,-0.00063718,0.00049118,0.0003681,-0.00019167,0.00074463,-0.000044,-0.00011334,-0.00007548,16:00:48..559,,,,
16:00:48..595,4.27682223,0.014069,-0.00063705,0.00048884,0.00036782,-0.00019114,0.00074645,-0.00004546,-0.00011357,-0.00007574,16:00:48..604,,,,
16:00:48..661,4.31819415,0.013949,-0.00063769,0.00048926,0.00036747,-0.00019043,0.0007456,-0.0000452,-0.00011404,-0.00007533,16:00:48..709,,,,
16:00:48..736,4.68536994,0.013949,-0.00063759,0.00048891,0.00036801,-0.0001909,0.00074667,-0.00004486,-0.00011345,-0.00007513,16:00:48..709,,,,
16:00:48..770,4.68536994,0.014019,-0.00063737,0.00049107,0.00036788,-0.00018946,0.00074371,-0.00004342,-0.00011225,-0.00007622,16:00:48..795,,,,
16:00:48..896,4.58711163,0.014019,-0.00063778,0.00049085,0.00036768,-0.0001901,0.00074474,-0.00004343,-0.00011234,-0.00007542,16:00:48..894,,,,
16:00:48..929,4.62331206,0.014241,-0.00063654,0.0004921,0.00036734,-0.00018931,0.00074694,-0.00004415,-0.00011268,-0.0000761,16:00:48..938,,,,
16:00:48..992,4.58711163,0.014326,-0.00063631,0.00049287,0.00036745,-0.0001894,0.00074555,-0.00004415,-0.0001128,-0.00007597,16:00:49..034,,,,
16:00:49..051,4.59228312,0.014326,-0.00063677,0.00049258,0.00036682,-0.00018968,0.00074665,-0.00004447,-0.00011252,-0.00007611,16:00:49..034,,,,
16:00:49..084,4.43713842,0.014362,-0.0006371,0.00049214,0.00036748,-0.00018885,0.00074719,-0.00004555,-0.00011319,-0.00007614,16:00:49..120,,,,
16:00:49..213,4.41128097,0.014362,-0.00063669,0.0004916,0.00036708,-0.00018894,0.00074757,-0.00004502,-0.00011299,-0.00007625,16:00:49..210,,,,
16:00:49..246,4.77328527,0.014451,-0.00063681,0.000492,0.00036749,-0.00018825,0.00075027,-0.00004516,-0.00011343,-0.00007708,16:00:49..253,,,,
16:00:49..373,4.74742782,0.014451,-0.0006371,0.00049199,0.00036707,-0.0001884,0.00075038,-0.00004523,-0.0001138,-0.00007729,16:00:49..370,,,,
16:00:49..404,4.27682223,0.014603,-0.00063797,0.00049054,0.00036732,-0.00018999,0.00074643,-0.00004546,-0.00011374,-0.00007702,16:00:49..413,,,,
16:00:49..537,4.20959286,0.014603,-0.0006381,0.00048915,0.00036659,-0.0001902,0.00074752,-0.00004532,-0.00011318,-0.00007711,16:00:49..533,,,,
16:00:49..568,4.90774401,0.014845,-0.00063759,0.0004903,0.00036784,-0.0001879,0.00074849,-0.00004609,-0.00011343,-0.00007673,16:00:49..574,,,,
16:00:49..701,4.71122739,0.014845,-0.00063835,0.00049084,0.00036795,-0.00018755,0.00074804,-0.00004674,-0.00011395,-0.00007703,16:00:49..698,,,,
16:00:49..734,4.14753498,0.01482,-0.00063799,0.00049015,0.00036716,-0.00018647,0.00075115,-0.00004673,-0.00011351,-0.00007672,16:00:49..742,,,,
16:00:49..855,4.30785117,0.01482,-0.00063758,0.00049045,0.00036742,-0.0001864,0.00075084,-0.0000466,-0.00011352,-0.00007672,16:00:49..851,,,,
16:00:49..888,4.70088441,0.014938,-0.00063801,0.00049034,0.00036697,-0.00018657,0.00074966,-0.00004452,-0.00011285,-0.000076,16:00:49..894,,,,
16:00:50..003,4.73191335,0.014938,-0.00063803,0.00049099,0.00036762,-0.00018586,0.00074947,-0.00004481,-0.0001129,-0.00007581,16:00:50..000,,,,
16:00:50..036,4.33888011,0.015021,-0.00063722,0.00049192,0.00036749,-0.00018602,0.00074698,-0.00004537,-0.00011362,-0.00007534,16:00:50..043,,,,
16:00:50..121,4.41128097,0.015021,-0.00063726,0.00049112,0.00036735,-0.00018603,0.00074767,-0.00004482,-0.00011324,-0.00007577,16:00:50..163,,,,
16:00:50..180,4.47851034,0.015021,-0.00063725,0.00049192,0.0003679,-0.00018627,0.0007467,-0.00004521,-0.00011341,-0.00007528,16:00:50..163,,,,
16:00:50..214,4.68019845,0.014795,-0.00063804,0.00049083,0.00036687,-0.0001859,0.00074688,-0.00004361,-0.00011278,-0.00007548,16:00:50..249,,,,
16:00:50..255,4.57676865,0.014719,-0.00063771,0.00049112,0.00036686,-0.00018598,0.00074699,-0.00004382,-0.00011264,-0.00007538,16:00:50..329,,,,
16:00:50..350,4.53539673,0.014701,-0.00063755,0.00049045,0.00036658,-0.00018575,0.00074716,-0.00004398,-0.00011268,-0.00007537,16:00:50..373,,,,
16:00:50..404,4.41128097,0.014629,-0.00063793,0.00049026,0.00036692,-0.00018622,0.00074716,-0.00004384,-0.00011297,-0.00007504,16:00:50..418,,,,
16:00:50..437,4.58194014,0.014511,-0.00063783,0.00048712,0.00036706,-0.00018577,0.00074661,-0.00004282,-0.00011219,-0.00007457,16:00:50..463,,,,
16:00:50..547,4.6026261,0.014511,-0.00063759,0.00048708,0.00036672,-0.00018635,0.00074668,-0.00004314,-0.00011281,-0.00007423,16:00:50..463,,,,
16:00:50..581,4.4991963,0.014511,-0.00063731,0.00048681,0.00036689,-0.0001869,0.00073896,-0.00004721,-0.00011249,-0.00007226,16:00:50..547,,,,
16:00:50..614,4.47333885,0.01416,-0.00063699,0.00048929,0.00036749,-0.00018677,0.00073939,-0.00004728,-0.00011221,-0.00006976,16:00:50..678,,,,
16:00:50..750,4.67502696,0.01416,-0.00063667,0.00048926,0.00036735,-0.00018644,0.00073918,-0.00004712,-0.00011233,-0.00006949,16:00:50..747,,,,
16:00:50..782,4.46816736,0.014029,-0.00063654,0.00048982,0.00036808,-0.00018707,0.00073401,-0.00004887,-0.00011304,-0.00006591,16:00:50..790,,,,
16:00:50..816,4.42162395,0.013939,-0.00063711,0.00048948,0.0003677,-0.00018673,0.00073372,-0.00004902,-0.00011255,-0.00006491,16:00:50..882,,,,
16:00:50..905,4.51988226,0.013873,-0.00063679,0.00048882,0.00036761,-0.00018704,0.00073452,-0.0000489,-0.00011249,-0.00006491,16:00:50..928,,,,
16:00:50..994,4.64916951,0.013873,-0.00063687,0.00048922,0.00036803,-0.00018676,0.00073377,-0.00004891,-0.00011242,-0.00006513,16:00:51..010,,,,
16:00:51..027,4.62848355,0.013873,-0.00063681,0.0004898,0.00036718,-0.00018645,0.00073609,-0.0000488,-0.00011251,-0.0000654,16:00:51..010,,,,
16:00:51..060,4.63882653,0.013811,-0.00063589,0.00049134,0.00036789,-0.00018587,0.00073059,-0.00005009,-0.00011261,-0.00006263,16:00:51..053,,,,
16:00:51..109,4.61296908,0.013876,-0.00063616,0.00049086,0.00036738,-0.00018601,0.00073139,-0.00004966,-0.00011265,-0.00006322,16:00:51..152,,,,
16:00:51..193,4.50436779,0.013876,-0.00063605,0.00049101,0.00036806,-0.00018606,0.00073101,-0.00004997,-0.00011269,-0.00006288,16:00:51..152,,,,
16:00:51..228,4.36473756,0.013768,-0.00063576,0.00049184,0.00036772,-0.00018646,0.00073641,-0.0000505,-0.00011318,-0.00006665,16:00:51..240,,,,
16:00:51..405,4.45265289,0.013768,-0.00063557,0.00049069,0.0003679,-0.00018665,0.0007362,-0.00005057,-0.0001135,-0.00006657,16:00:51..403,,,,
16:00:51..438,4.64399802,0.014096,-0.00063602,0.00049269,0.00036911,-0.00018639,0.0007397,-0.00004989,-0.00011364,-0.00006966,16:00:51..446,,,,
16:00:51..519,4.36473756,0.014096,-0.00063571,0.00049242,0.00036897,-0.00018662,0.00074053,-0.00004904,-0.00011296,-0.00006927,16:00:51..573,,,,
16:00:51..580,4.30785117,0.014096,-0.0006354,0.0004927,0.00036965,-0.00018684,0.00074036,-0.0000497,-0.00011371,-0.00006903,16:00:51..573,,,,
16:00:51..614,4.35439458,0.014091,-0.00063631,0.00049271,0.00036866,-0.00018692,0.00073874,-0.00004876,-0.00011361,-0.00006926,16:00:51..616,,,,
16:00:51..685,4.7060559,0.014082,-0.00063591,0.00049274,0.00036876,-0.00018713,0.00073923,-0.00004917,-0.00011371,-0.00006913,16:00:51..730,,,,
16:00:51..757,4.75259931,0.01407,-0.00063584,0.00049289,0.0003685,-0.00018695,0.00073878,-0.00004947,-0.00011342,-0.00006919,16:00:51..818,,,,
16:00:51..834,4.7060559,0.01407,-0.00063594,0.00049236,0.0003683,-0.00018665,0.00073885,-0.00004927,-0.00011388,-0.00006895,16:00:51..818,,,,
16:00:51..868,4.43196693,0.01411,-0.00063509,0.00049497,0.00036875,-0.00018675,0.00073536,-0.0000477,-0.00011361,-0.00006834,16:00:51..862,,,,
16:00:51..902,4.41128097,0.014242,-0.00063562,0.00049394,0.00036821,-0.00018652,0.00074,-0.00004777,-0.00011348,-0.00007008,16:00:51..907,,,,
16:00:51..978,4.46816736,0.014375,-0.00063578,0.00049496,0.00036922,-0.00018626,0.0007396,-0.00004778,-0.0001137,-0.00007045,16:00:51..975,,,,
16:00:52..042,4.654341,0.014375,-0.00063571,0.0004944,0.00036863,-0.00018686,0.00074032,-0.00004748,-0.00011361,-0.00007065,16:00:52..040,,,,
16:00:52..075,4.53022524,0.01456,-0.00063603,0.00049389,0.00036844,-0.00018659,0.0007365,-0.00004816,-0.00011365,-0.00006988,16:00:52..083,,,,
16:00:52..152,4.45782438,0.014745,-0.00063622,0.00049319,0.00036828,-0.00018729,0.00073764,-0.00004748,-0.00011325,-0.00006957,16:00:52..151,,,,
16:00:52..224,4.25096478,0.014745,-0.00063592,0.00049419,0.00036892,-0.00018649,0.000737,-0.00004789,-0.00011359,-0.00006974,16:00:52..222,,,,
16:00:52..257,4.86637209,0.014865,-0.00063552,0.00049395,0.00036851,-0.00018569,0.00073942,-0.00004848,-0.00011347,-0.00007062,16:00:52..265,,,,
16:00:52..297,4.53022524,0.014973,-0.00063598,0.00049327,0.00036841,-0.00018587,0.00073943,-0.00004805,-0.00011355,-0.00007063,16:00:52..307,,,,
16:00:52..398,4.54056822,0.014973,-0.00063589,0.000494,0.00036871,-0.00018623,0.0007396,-0.00004863,-0.0001133,-0.00007104,16:00:52..415,,,,
16:00:52..430,4.33370862,0.014973,-0.0006361,0.00049418,0.00036884,-0.00018593,0.00074003,-0.00004879,-0.00011347,-0.00007079,16:00:52..415,,,,
16:00:52..465,4.50953928,0.014961,-0.00063611,0.00049346,0.0003679,-0.0001864,0.00074276,-0.0000462,-0.0001133,-0.00007208,16:00:52..459,,,,
16:00:52..502,4.69571292,0.014983,-0.00063644,0.0004934,0.00036765,-0.00018659,0.00074251,-0.00004663,-0.00011282,-0.00007212,16:00:52..503,,,,
16:00:52..598,4.50953928,0.014983,-0.00063591,0.00049371,0.00036791,-0.00018635,0.00074215,-0.00004645,-0.00011345,-0.00007191,16:00:52..503,,,,
16:00:52..631,4.56642567,0.014815,-0.00063569,0.0004925,0.00036851,-0.00018554,0.00074238,-0.0000498,-0.00011315,-0.00006944,16:00:52..647,,,,
16:00:52..665,4.46299587,0.01462,-0.00063645,0.00049133,0.00036863,-0.0001861,0.00074324,-0.00004953,-0.00011404,-0.00007124,16:00:52..692,,,,
16:00:52..742,4.44230991,0.01462,-0.00063596,0.00049111,0.00036844,-0.00018603,0.00074449,-0.00004898,-0.00011395,-0.00007056,16:00:52..784,,,,
16:00:52..795,4.44230991,0.01462,-0.000636,0.00049165,0.00036865,-0.00018599,0.000744,-0.00004932,-0.000114,-0.00007071,16:00:52..784,,,,
16:00:52..829,4.43196693,0.014571,-0.00063631,0.00049162,0.00036866,-0.00018506,0.00074659,-0.00005106,-0.00011417,-0.00007057,16:00:52..900,,,,
16:00:52..966,4.48885332,0.014571,-0.00063642,0.00049157,0.00036853,-0.00018544,0.00074651,-0.00005152,-0.00011479,-0.00007104,16:00:52..964,,,,
16:00:52..998,4.72157037,0.014571,-0.00063591,0.00049342,0.00036835,-0.00018582,0.00074506,-0.00004858,-0.00011449,-0.00007286,16:00:52..964,,,,
16:00:53..031,4.69571292,0.014528,-0.00063592,0.00049176,0.00036824,-0.0001861,0.00074697,-0.00005013,-0.00011355,-0.00007236,16:00:53..100,,,,
16:00:53..184,4.51471077,0.014528,-0.00063627,0.00049299,0.00036851,-0.0001857,0.00074591,-0.00004965,-0.00011413,-0.00007231,16:00:53..183,,,,
16:00:53..217,4.47851034,0.014421,-0.00063648,0.00049175,0.00036787,-0.00018676,0.00074719,-0.00004805,-0.0001149,-0.00007376,16:00:53..226,,,,
16:00:53..343,4.68019845,0.014421,-0.00063689,0.00049205,0.00036834,-0.0001865,0.00074693,-0.00004806,-0.0001142,-0.00007365,16:00:53..339,,,,
16:00:53..375,4.43196693,0.014326,-0.00063676,0.00049167,0.00036748,-0.0001853,0.00074603,-0.00004582,-0.00011372,-0.00007583,16:00:53..385,,,,
16:00:53..451,4.53022524,0.014348,-0.0006366,0.00049115,0.00036718,-0.00018552,0.00074645,-0.00004542,-0.00011351,-0.00007576,16:00:53..505,,,,
16:00:53..560,4.54573971,0.014348,-0.00063686,0.00049192,0.00036734,-0.00018547,0.00074537,-0.00004575,-0.00011417,-0.00007579,16:00:53..558,,,,
16:00:53..593,4.52505375,0.014301,-0.00063581,0.00049319,0.00036953,-0.00018699,0.00072805,-0.0000479,-0.00011379,-0.00006161,16:00:53..601,,,,
16:00:53..743,4.48368183,0.014301,-0.00063573,0.00049343,0.00036972,-0.00018695,0.00072817,-0.00004749,-0.0001142,-0.00006176,16:00:53..741,,,,
16:00:53..778,4.56125418,0.014039,-0.00063611,0.00049301,0.000369,-0.00018766,0.00074264,-0.0000442,-0.00011349,-0.00005297,16:00:53..785,,,,
16:00:53..912,4.52505375,0.014039,-0.00063631,0.00049403,0.0003697,-0.0001874,0.00074165,-0.00004488,-0.00011305,-0.00005311,16:00:53..908,,,,
16:00:53..943,4.72157037,0.013959,-0.00063565,0.00049319,0.00036906,-0.00018915,0.00074408,-0.00004446,-0.00011273,-0.00006027,16:00:53..952,,,,
16:00:54..051,4.58194014,0.013959,-0.00063578,0.00049255,0.00036978,-0.00018875,0.00074487,-0.00004434,-0.00011243,-0.00005998,16:00:54..048,,,,
16:00:54..082,4.24579329,0.013917,-0.00063569,0.00049187,0.00037031,-0.00018772,0.00074429,-0.0000462,-0.00011299,-0.0000611,16:00:54..089,,,,
16:00:54..133,4.26130776,0.013904,-0.0006361,0.00049191,0.00037067,-0.00018779,0.00074406,-0.00004655,-0.0001127,-0.00006132,16:00:54..186,,,,
16:00:54..203,4.57159716,0.013904,-0.00063583,0.000492,0.00037064,-0.00018803,0.0007445,-0.00004708,-0.00011312,-0.00006108,16:00:54..186,,,,
16:00:54..238,4.7577708,0.014005,-0.00063612,0.00049251,0.00036992,-0.00018835,0.00074431,-0.00004466,-0.00011312,-0.00005992,16:00:54..229,,,,
16:00:54..349,4.80431421,0.014005,-0.000636,0.00049188,0.00037001,-0.0001884,0.00074535,-0.00004401,-0.00011216,-0.00005964,16:00:54..346,,,,
16:00:54..382,4.40610948,0.013794,-0.00063608,0.00049139,0.00036971,-0.0001883,0.00074702,-0.00004813,-0.00011288,-0.00006189,16:00:54..391,,,,
16:00:54..458,4.26130776,0.013723,-0.00063617,0.00049011,0.00036919,-0.00018905,0.00074787,-0.00004796,-0.00011255,-0.0000614,16:00:54..535,,,,
16:00:54..588,4.76811378,0.013723,-0.00063595,0.00049114,0.00036976,-0.00018866,0.00074721,-0.00004838,-0.00011297,-0.00006204,16:00:54..588,,,,
16:00:54..622,4.54056822,0.013737,-0.00063682,0.00049033,0.00036954,-0.00019057,0.00074517,-0.00004749,-0.00011296,-0.00006497,16:00:54..631,,,,
16:00:54..757,4.54056822,0.013737,-0.0006369,0.00048917,0.00036957,-0.00019049,0.00074616,-0.0000474,-0.00011297,-0.0000654,16:00:54..755,,,,
16:00:54..793,4.54573971,0.013621,-0.00063507,0.00049254,0.00037261,-0.00018981,0.00074137,-0.00005157,-0.00011418,-0.00006266,16:00:54..797,,,,
16:00:54..927,4.40610948,0.013621,-0.0006353,0.00049155,0.000372,-0.00018988,0.00074178,-0.00005134,-0.00011377,-0.00006284,16:00:54..925,,,,
16:00:54..960,4.52505375,0.013859,-0.00063651,0.00048988,0.00037104,-0.00019035,0.00073721,-0.00004685,-0.00011153,-0.00005978,16:00:54..925,,,,
16:00:55..040,4.62848355,0.013859,-0.00063645,0.00049022,0.0003714,-0.00019048,0.00073726,-0.0000469,-0.00011177,-0.00005985,16:00:55..082,,,,
16:00:55..091,4.61814057,0.013859,-0.00063665,0.00048975,0.00037089,-0.0001909,0.00073732,-0.00004691,-0.00011207,-0.00006009,16:00:55..082,,,,
16:00:55..124,4.43713842,0.014108,-0.00063588,0.00048928,0.00037241,-0.00019125,0.00073611,-0.00004983,-0.00011362,-0.00005899,16:00:55..125,,,,
16:00:55..241,4.54056822,0.014108,-0.00063577,0.00049045,0.00037267,-0.00019098,0.00073506,-0.00005053,-0.00011406,-0.00005875,16:00:55..237,,,,
16:00:55..272,4.4474814,0.014257,-0.00063611,0.00049015,0.00037304,-0.00019075,0.00074322,-0.0000507,-0.00011324,-0.00005864,16:00:55..237,,,,
16:00:55..368,4.5509112,0.014358,-0.00063667,0.00048828,0.00037202,-0.00019142,0.000744,-0.00005006,-0.00011312,-0.00005782,16:00:55..398,,,,
16:00:55..459,4.35439458,0.014358,-0.00063635,0.00048999,0.00037179,-0.00019123,0.00074277,-0.00005096,-0.00011333,-0.00005858,16:00:55..457,,,,
16:00:55..494,4.46816736,0.014366,-0.00063781,0.0004884,0.00036798,-0.00018835,0.00075302,-0.00004754,-0.0001139,-0.00007058,16:00:55..499,,,,
16:00:55..571,4.5509112,0.014366,-0.00063725,0.0004881,0.00036766,-0.00018794,0.00075415,-0.00004694,-0.00011369,-0.00007095,16:00:55..658,,,,
16:00:55..681,4.45782438,0.014366,-0.000637,0.00048926,0.00036771,-0.00018788,0.0007527,-0.00004725,-0.00011349,-0.00007122,16:00:55..658,,,,
16:00:55..714,4.43713842,0.014418,-0.00063747,0.00048863,0.00036693,-0.00018739,0.00075311,-0.00004662,-0.00011378,-0.00007199,16:00:55..767,,,,
16:00:55..857,4.53539673,0.014418,-0.0006374,0.00048911,0.0003673,-0.00018725,0.00075283,-0.0000468,-0.00011457,-0.00007211,16:00:55..854,,,,
16:00:55..890,4.33888011,0.014442,-0.00063704,0.00048992,0.00036734,-0.00018663,0.00075293,-0.00004656,-0.00011423,-0.00007344,16:00:55..899,,,,
16:00:56..015,4.49402481,0.014442,-0.00063678,0.00049117,0.00036838,-0.0001863,0.00075218,-0.00004728,-0.00011467,-0.00007324,16:00:56..012,,,,
16:00:56..047,4.75259931,0.014395,-0.00063639,0.00048998,0.00036779,-0.00018757,0.00075093,-0.00004594,-0.00011407,-0.00007229,16:00:56..058,,,,
16:00:56..103,4.60779759,0.014302,-0.00063673,0.00049078,0.0003677,-0.00018745,0.00075045,-0.00004616,-0.00011379,-0.00007232,16:00:56..161,,,,
16:00:56..172,4.58711163,0.014302,-0.00063667,0.00049023,0.00036747,-0.00018763,0.00075115,-0.00004622,-0.00011395,-0.00007214,16:00:56..161,,,,
16:00:56..207,4.3957665,0.014085,-0.0006365,0.00049093,0.00036774,-0.00018881,0.00075008,-0.00004589,-0.00011414,-0.00007234,16:00:56..249,,,,
16:00:56..336,4.47851034,0.014085,-0.00063682,0.00049089,0.0003673,-0.00018895,0.00075009,-0.00004561,-0.00011439,-0.00007315,16:00:56..335,,,,
16:00:56..368,4.63365504,0.013956,-0.0006366,0.00049063,0.00036755,-0.00018805,0.0007514,-0.00004724,-0.00011393,-0.00007199,16:00:56..379,,,,
16:00:56..432,4.68536994,0.013956,-0.00063647,0.00049127,0.00036827,-0.00018758,0.00075033,-0.00004746,-0.00011434,-0.00007178,16:00:56..521,,,,
16:00:56..540,4.43196693,0.013956,-0.00063655,0.00049088,0.00036773,-0.00018761,0.00075164,-0.00004773,-0.00011384,-0.00007138,16:00:56..521,,,,
16:00:56..572,4.3957665,0.013811,-0.00063618,0.0004923,0.00036776,-0.00018721,0.00074975,-0.00004637,-0.00011415,-0.00007216,16:00:56..637,,,,
16:00:56..708,4.60779759,0.013811,-0.00063581,0.00049229,0.00036793,-0.0001868,0.00074958,-0.00004596,-0.00011462,-0.00007219,16:00:56..706,,,,
16:00:56..740,4.43196693,0.013747,-0.00063629,0.00049174,0.00036674,-0.00018854,0.00074898,-0.00004336,-0.00011356,-0.00007317,16:00:56..750,,,,
16:00:56..808,4.47851034,0.013747,-0.00063643,0.00049219,0.00036691,-0.00018844,0.00074796,-0.00004361,-0.00011373,-0.00007291,16:00:56..886,,,,
16:00:56..893,4.35439458,0.013747,-0.00063616,0.00049194,0.00036708,-0.00018866,0.00074886,-0.00004363,-0.00011331,-0.00007279,16:00:56..886,,,,
16:00:56..928,4.88188656,0.01399,-0.00063675,0.00049278,0.00036663,-0.00018631,0.00075072,-0.00004479,-0.0001129,-0.00007423,16:00:56..932,,,,
16:00:57..026,4.74742782,0.01399,-0.00063625,0.00049247,0.00036639,-0.00018706,0.00075084,-0.00004462,-0.00011317,-0.00007366,16:00:57..073,,,,
16:00:57..084,4.2923367,0.01399,-0.00063656,0.00049227,0.00036655,-0.00018671,0.00075046,-0.00004501,-0.0001139,-0.00007429,16:00:57..073,,,,
16:00:57..116,4.42679544,0.014447,-0.00063649,0.0004929,0.00036701,-0.00018641,0.00074889,-0.00004354,-0.00011399,-0.0000739,16:00:57..160,,,,
16:00:57..273,4.4991963,0.014447,-0.00063695,0.00049193,0.00036667,-0.00018645,0.00074996,-0.00004308,-0.00011345,-0.00007393,16:00:57..270,,,,
16:00:57..305,5.09391765,0.01453,-0.00063666,0.00049145,0.00036663,-0.00018623,0.00074891,-0.00004404,-0.00011387,-0.00007277,16:00:57..317,,,,
16:00:57..421,5.14563255,0.01453,-0.00063677,0.00049087,0.00036674,-0.00018593,0.00074884,-0.00004391,-0.00011429,-0.00007317,16:00:57..417,,,,
16:00:57..453,4.3440516,0.014783,-0.0006367,0.00049113,0.00036597,-0.00018618,0.00074748,-0.00004497,-0.00011337,-0.0000722,16:00:57..460,,,,
16:00:57..615,4.13202051,0.014783,-0.00063643,0.00049011,0.00036622,-0.00018618,0.00074845,-0.00004474,-0.00011307,-0.00007207,16:00:57..611,,,,
16:00:57..647,4.61814057,0.014427,-0.00063507,0.00049532,0.00036743,-0.00018524,0.00074728,-0.00004349,-0.00011416,-0.00007255,16:00:57..653,,,,
16:00:57..773,4.22510733,0.014427,-0.00063505,0.00049404,0.00036667,-0.00018589,0.00074845,-0.00004296,-0.00011368,-0.00007241,16:00:57..769,,,,
16:00:57..805,4.4991963,0.014018,-0.00063465,0.0004955,0.00036655,-0.00018482,0.00074914,-0.00004531,-0.00011329,-0.00007159,16:00:57..814,,,,
16:00:57..950,4.83534315,0.014018,-0.00063433,0.00049584,0.00036728,-0.00018486,0.00074925,-0.00004506,-0.00011298,-0.00007156,16:00:57..946,,,,
16:00:57..983,4.50436779,0.013717,-0.00063411,0.00049686,0.00036686,-0.00018544,0.00074747,-0.00004119,-0.00011237,-0.00007039,16:00:57..991,,,,
16:00:58..120,4.27165074,0.013717,-0.00063448,0.00049818,0.00036717,-0.00018488,0.0007468,-0.00004165,-0.00011286,-0.00007106,16:00:58..117,,,,
16:00:58..152,4.63365504,0.013684,-0.00063401,0.00049734,0.00036691,-0.00018489,0.0007517,-0.00004272,-0.00011318,-0.00007284,16:00:58..161,,,,
16:00:58..271,4.62331206,0.013684,-0.00063383,0.00049821,0.0003673,-0.00018439,0.00075166,-0.00004307,-0.00011356,-0.0000723,16:00:58..267,,,,
16:00:58..303,4.4991963,0.013814,-0.00063392,0.000498,0.00036625,-0.0001853,0.00074854,-0.00003996,-0.0001134,-0.00006827,16:00:58..311,,,,
16:00:58..447,4.46816736,0.013814,-0.00063413,0.00049774,0.0003666,-0.00018543,0.00074797,-0.00003981,-0.00011334,-0.00006809,16:00:58..443,,,,
16:00:58..480,4.47851034,0.013912,-0.00063403,0.00049732,0.0003666,-0.00018482,0.00075005,-0.00004426,-0.0001132,-0.00007286,16:00:58..487,,,,
16:00:58..595,4.40610948,0.013912,-0.00063419,0.00049616,0.00036632,-0.00018516,0.00075127,-0.00004386,-0.00011311,-0.00007301,16:00:58..591,,,,
16:00:58..627,4.56125418,0.0139,-0.00063331,0.0004976,0.00036611,-0.00018579,0.00074923,-0.00004396,-0.00011332,-0.00007315,16:00:58..634,,,,
16:00:58..742,4.53539673,0.0139,-0.00063345,0.00049876,0.00036646,-0.00018501,0.00074801,-0.00004423,-0.00011347,-0.00007311,16:00:58..739,,,,
16:00:58..773,4.6026261,0.013969,-0.00063339,0.00049769,0.00036725,-0.0001838,0.00075211,-0.00004921,-0.00011327,-0.00007323,16:00:58..782,,,,
16:00:58..906,4.654341,0.013969,-0.00063341,0.00049712,0.0003667,-0.00018426,0.00075282,-0.00004903,-0.00011342,-0.00007267,16:00:58..902,,,,
16:00:58..937,4.69054143,0.014123,-0.00063353,0.00049818,0.00036715,-0.00018457,0.00075044,-0.00004332,-0.00011225,-0.00007162,16:00:58..947,,,,
16:00:59..047,4.56642567,0.014123,-0.00063417,0.00049848,0.00036728,-0.00018433,0.00074952,-0.0000439,-0.00011354,-0.00007221,16:00:59..043,,,,
16:00:59..079,4.51988226,0.014201,-0.00063365,0.00049699,0.00036658,-0.00018512,0.00075374,-0.00004385,-0.0001136,-0.00007247,16:00:59..088,,,,
16:00:59..203,4.57676865,0.014201,-0.00063439,0.00049812,0.00036716,-0.00018442,0.00075318,-0.00004418,-0.00011353,-0.00007202,16:00:59..199,,,,
16:00:59..236,4.61296908,0.014321,-0.0006342,0.00049948,0.00036694,-0.00018459,0.00074995,-0.00004119,-0.0001135,-0.00007172,16:00:59..245,,,,
16:00:59..385,4.65951249,0.014321,-0.00063418,0.0004983,0.00036609,-0.00018475,0.00075057,-0.00004057,-0.0001139,-0.00007185,16:00:59..245,,,,
16:00:59..418,4.54573971,0.014392,-0.00063418,0.00049803,0.00036663,-0.00018466,0.00075251,-0.00004378,-0.00011322,-0.00007324,16:00:59..388,,,,
16:00:59..521,4.61296908,0.014321,-0.00063391,0.00049806,0.00036693,-0.00018447,0.00075282,-0.00004314,-0.00011351,-0.00007342,16:00:59..609,,,,
16:00:59..682,4.44230991,0.014321,-0.00063439,0.00049785,0.0003667,-0.00018522,0.00075293,-0.00004322,-0.00011355,-0.00007339,16:00:59..693,,,,
16:00:59..715,4.60779759,0.014321,-0.00063397,0.00049776,0.00036648,-0.00018489,0.00075188,-0.00004327,-0.00011355,-0.00007358,16:00:59..693,,,,
16:00:59..749,4.61296908,0.014091,-0.00063167,0.00050716,0.00036935,-0.00018459,0.00075382,-0.00004333,-0.00011742,-0.00006664,16:00:59..780,,,,
16:00:59..962,4.69054143,0.014091,-0.00063081,0.00050663,0.00036906,-0.00018441,0.00075479,-0.00004335,-0.00011725,-0.00006656,16:00:59..976,,,,
16:00:59..996,4.56642567,0.013808,-0.00063088,0.00050619,0.00036854,-0.00018506,0.0007536,-0.00004223,-0.00011663,-0.00006803,16:00:59..976,,,,
16:01:00..030,4.54573971,0.013606,-0.00063113,0.00050457,0.00036866,-0.00018522,0.00075257,-0.00004643,-0.00011624,-0.00007347,16:01:00..091,,,,
16:01:00..162,4.49402481,0.013606,-0.00063113,0.00050579,0.00036885,-0.00018514,0.00075149,-0.00004688,-0.00011619,-0.00007293,16:01:00..160,,,,
16:01:00..195,4.65951249,0.013478,-0.00063114,0.00050078,0.00036817,-0.00018482,0.00077065,-0.00004755,-0.00011569,-0.00005546,16:01:00..205,,,,
16:01:00..311,4.63365504,0.013478,-0.00063133,0.00050198,0.00036804,-0.00018494,0.00076958,-0.00004745,-0.0001161,-0.00005496,16:01:00..311,,,,
16:01:00..345,4.66985547,0.013342,-0.00063328,0.000504,0.00036778,-0.00018367,0.00074479,-0.00004486,-0.00011325,-0.00007689,16:01:00..355,,,,
16:01:00..507,4.33888011,0.013342,-0.00063329,0.00050301,0.0003673,-0.00018433,0.00074509,-0.0000444,-0.00011348,-0.00007678,16:01:00..505,,,,
16:01:00..541,4.73191335,0.013364,-0.00063517,0.00050033,0.00036721,-0.00018029,0.00074582,-0.00004572,-0.00011501,-0.00007419,16:01:00..550,,,,
16:01:00..647,4.33370862,0.013364,-0.00063547,0.00050012,0.0003671,-0.00018067,0.00074571,-0.00004611,-0.00011539,-0.00007427,16:01:00..644,,,,
16:01:00..680,4.46299587,0.013433,-0.00063432,0.00049794,0.00036695,-0.00018357,0.00074653,-0.00004435,-0.0001137,-0.00007587,16:01:00..687,,,,
16:01:00..752,4.43196693,0.013433,-0.00063403,0.0004981,0.00036697,-0.00018368,0.00074658,-0.00004464,-0.0001139,-0.00007608,16:01:00..809,,,,
16:01:00..855,4.44230991,0.013652,-0.00063415,0.00049815,0.00036654,-0.00018368,0.00074694,-0.00004459,-0.00011341,-0.0000757,16:01:00..854,,,,
16:01:00..890,4.63365504,0.013757,-0.00063345,0.00050029,0.00036838,-0.0001839,0.00074824,-0.00004668,-0.00011586,-0.0000742,16:01:00..898,,,,
16:01:01..033,4.51471077,0.013757,-0.00063345,0.00050064,0.00036895,-0.00018386,0.00074711,-0.00004668,-0.00011638,-0.00007453,16:01:01..031,,,,
16:01:01..065,4.49402481,0.013776,-0.00063365,0.00050089,0.00036917,-0.00018438,0.00074731,-0.00004575,-0.00011459,-0.00007232,16:01:01..031,,,,
16:01:01..135,4.74225633,0.013776,-0.0006334,0.00050143,0.00036964,-0.00018379,0.0007469,-0.0000462,-0.00011495,-0.00007239,16:01:01..186,,,,
16:01:01..207,4.4991963,0.013776,-0.0006337,0.00050061,0.00036957,-0.00018376,0.00074763,-0.00004655,-0.00011483,-0.00007208,16:01:01..186,,,,
16:01:01..242,4.40093799,0.013767,-0.0006328,0.00050631,0.0003708,-0.0001833,0.00074714,-0.00004629,-0.00011568,-0.00007441,16:01:01..277,,,,
16:01:01..359,4.42162395,0.013767,-0.00063222,0.00050493,0.00037034,-0.00018395,0.0007482,-0.0000458,-0.00011547,-0.0000737,16:01:01..356,,,,
16:01:01..391,4.51471077,0.013645,-0.0006332,0.00049829,0.00036696,-0.00018566,0.00074819,-0.00004404,-0.00011369,-0.00007573,16:01:01..400,,,,
16:01:01..534,4.36990905,0.013645,-0.00063352,0.0004991,0.00036747,-0.00018517,0.00074798,-0.00004416,-0.00011377,-0.00007537,16:01:01..531,,,,
16:01:01..567,4.56125418,0.013595,-0.00063351,0.00049772,0.00036675,-0.00018563,0.00074764,-0.00004524,-0.00011422,-0.00007593,16:01:01..574,,,,
16:01:01..631,4.73708484,0.013595,-0.00063397,0.0004981,0.00036647,-0.0001852,0.00074708,-0.00004549,-0.00011449,-0.00007601,16:01:01..712,,,,
16:01:01..729,4.57676865,0.013595,-0.00063386,0.00049725,0.00036654,-0.00018596,0.00074836,-0.00004513,-0.00011464,-0.0000761,16:01:01..712,,,,
16:01:01..763,4.33888011,0.013461,-0.00063385,0.00049837,0.00036721,-0.00018534,0.00074653,-0.00004613,-0.00011536,-0.00007692,16:01:01..829,,,,
16:01:01..903,4.50436779,0.013461,-0.00063379,0.00049775,0.00036684,-0.00018497,0.00074754,-0.00004606,-0.00011505,-0.00007692,16:01:01..902,,,,
16:01:01..935,4.57676865,0.013581,-0.000633,0.00049822,0.00036684,-0.00018501,0.0007474,-0.00004498,-0.00011388,-0.0000752,16:01:01..944,,,,
16:01:02..050,4.4991963,0.013581,-0.00063322,0.0004982,0.00036651,-0.00018517,0.00074842,-0.00004468,-0.00011381,-0.0000754,16:01:02..046,,,,
16:01:02..081,4.41645246,0.01381,-0.00063217,0.00049899,0.00036621,-0.00018598,0.00074759,-0.00004541,-0.00011431,-0.00007598,16:01:02..088,,,,
16:01:02..203,4.66985547,0.01381,-0.00063216,0.00049986,0.00036651,-0.00018538,0.00074685,-0.00004602,-0.00011482,-0.00007618,16:01:02..200,,,,
16:01:02..235,4.73708484,0.013933,-0.00063143,0.00049998,0.00036649,-0.0001874,0.00074791,-0.00004521,-0.00011435,-0.00007493,16:01:02..243,,,,
16:01:02..393,4.54573971,0.013933,-0.00063166,0.00050124,0.00036661,-0.00018712,0.00074726,-0.0000455,-0.00011441,-0.00007489,16:01:02..391,,,,
16:01:02..427,4.137192,0.013944,-0.00063249,0.0004993,0.00036408,-0.0001861,0.00074833,-0.00004372,-0.0001133,-0.00007685,16:01:02..434,,,,
16:01:02..594,4.69054143,0.013944,-0.00063241,0.00049968,0.00036437,-0.00018563,0.0007479,-0.00004362,-0.0001139,-0.00007663,16:01:02..586,,,,
16:01:02..625,4.66468398,0.013599,-0.00063288,0.00049518,0.00036173,-0.00018498,0.00074993,-0.00004395,-0.00011445,-0.00007489,16:01:02..629,,,,
16:01:02..846,4.24579329,0.013599,-0.00063242,0.00049634,0.00036208,-0.00018454,0.00074912,-0.0000446,-0.00011475,-0.00007534,16:01:02..844,,,,
16:01:02..881,4.6026261,0.01279,-0.00063192,0.00049832,0.00036263,-0.00018518,0.00074876,-0.00004372,-0.00011421,-0.00007639,16:01:02..888,,,,
16:01:03..105,4.46816736,0.01279,-0.00063209,0.00049776,0.00036209,-0.0001856,0.00074959,-0.00004283,-0.00011346,-0.00007645,16:01:03..105,,,,
16:01:03..139,4.46816736,0.012906,-0.00062949,0.00050472,0.00036683,-0.00018687,0.00074862,-0.00004371,-0.00011359,-0.00007603,16:01:03..149,,,,
16:01:03..314,4.3957665,0.012906,-0.00062978,0.00050497,0.00036659,-0.00018725,0.00074831,-0.00004395,-0.00011408,-0.00007599,16:01:03..312,,,,
16:01:03..345,4.71122739,0.01305,-0.00063185,0.00049796,0.00036729,-0.00018494,0.00074951,-0.00004744,-0.00011541,-0.00007436,16:01:03..358,,,,
16:01:03..492,4.71639888,0.01305,-0.00063182,0.00049729,0.00036706,-0.00018562,0.00075108,-0.00004691,-0.00011523,-0.00007407,16:01:03..488,,,,
16:01:03..524,4.39059501,0.01316,-0.00063266,0.00049275,0.00036472,-0.00018472,0.00074868,-0.00004447,-0.00011332,-0.00007456,16:01:03..532,,,,
16:01:03..637,4.42679544,0.01316,-0.00063282,0.0004931,0.00036513,-0.00018441,0.00074912,-0.0000437,-0.00011297,-0.0000739,16:01:03..633,,,,
16:01:03..670,4.58194014,0.013342,-0.00063206,0.00049683,0.00036693,-0.00018507,0.00074913,-0.00004495,-0.00011451,-0.00007527,16:01:03..677,,,,
16:01:03..780,4.53022524,0.013342,-0.00063293,0.00049686,0.00036682,-0.00018466,0.00074833,-0.00004509,-0.00011457,-0.00007594,16:01:03..776,,,,
16:01:03..812,4.48368183,0.013417,-0.00063125,0.00049634,0.00036666,-0.00018472,0.00075235,-0.0000473,-0.00011465,-0.00007143,16:01:03..821,,,,
16:01:03..964,4.54056822,0.013417,-0.00063139,0.00049527,0.0003665,-0.00018515,0.00075349,-0.000047,-0.00011438,-0.00007071,16:01:03..961,,,,
16:01:03..996,4.52505375,0.01394,-0.00063108,0.00049659,0.00036744,-0.00018425,0.00075836,-0.00004896,-0.00011602,-0.00007061,16:01:04..003,,,,
16:01:04..134,4.58194014,0.01394,-0.00063074,0.00049642,0.0003673,-0.00018404,0.00075918,-0.00004963,-0.00011604,-0.00007065,16:01:04..131,,,,
16:01:04..167,4.46299587,0.014629,-0.00063017,0.00049886,0.00036849,-0.00018355,0.00076262,-0.00005026,-0.00011568,-0.00006668,16:01:04..174,,,,
16:01:04..284,4.66985547,0.014629,-0.00063029,0.00049861,0.00036826,-0.00018433,0.0007634,-0.00005057,-0.00011553,-0.00006672,16:01:04..280,,,,
16:01:04..316,4.52505375,0.015033,-0.00063067,0.00049809,0.00036787,-0.00018393,0.00076062,-0.00004968,-0.00011642,-0.00006887,16:01:04..324,,,,
16:01:04..429,4.46816736,0.015033,-0.00063053,0.00049756,0.00036747,-0.00018406,0.00076189,-0.00004935,-0.0001165,-0.00006861,16:01:04..425,,,,
16:01:04..462,4.52505375,0.015256,-0.00062939,0.00049573,0.00036736,-0.00018267,0.00076905,-0.00004859,-0.00011577,-0.00006118,16:01:04..468,,,,
16:01:04..599,4.62331206,0.015256,-0.00062957,0.00049731,0.00036759,-0.0001825,0.00076774,-0.00004898,-0.00011639,-0.00006129,16:01:04..594,,,,
16:01:04..631,4.7060559,0.015305,-0.00063027,0.00049913,0.00036896,-0.00018415,0.00076408,-0.00005162,-0.00011777,-0.00006519,16:01:04..594,,,,
16:01:04..703,4.4474814,0.015305,-0.00063105,0.0004985,0.00036892,-0.00018382,0.00076447,-0.00005114,-0.00011719,-0.00006517,16:01:04..733,,,,
16:01:04..770,4.74225633,0.015305,-0.00063042,0.0004989,0.00036926,-0.00018388,0.00076407,-0.00005157,-0.00011735,-0.00006583,16:01:04..733,,,,
16:01:04..803,4.51988226,0.015132,-0.00063017,0.00049475,0.00036724,-0.00018373,0.00075907,-0.00004521,-0.0001156,-0.00006394,16:01:04..821,,,,
16:01:04..944,4.61296908,0.015132,-0.00063075,0.0004958,0.00036701,-0.00018342,0.00075811,-0.0000456,-0.00011581,-0.00006457,16:01:04..940,,,,
16:01:04..976,4.57676865,0.015096,-0.00063256,0.00048991,0.00036477,-0.00018361,0.0007541,-0.0000432,-0.00011473,-0.00006737,16:01:04..983,,,,
16:01:05..102,4.47851034,0.015096,-0.0006325,0.00049136,0.00036503,-0.00018315,0.00075288,-0.00004312,-0.00011432,-0.0000674,16:01:05..098,,,,
16:01:05..133,4.53022524,0.014812,-0.00063256,0.00049373,0.00036679,-0.00018547,0.00074849,-0.00004634,-0.00011579,-0.00007257,16:01:05..142,,,,
16:01:05..270,4.67502696,0.014812,-0.00063284,0.00049353,0.00036667,-0.0001852,0.0007482,-0.00004649,-0.00011595,-0.00007289,16:01:05..266,,,,
16:01:05..303,4.18373541,0.014573,-0.00063324,0.0004938,0.00036748,-0.00018607,0.00074591,-0.00004625,-0.00011529,-0.00007345,16:01:05..308,,,,
16:01:05..471,4.43713842,0.014573,-0.00063367,0.00049311,0.00036701,-0.00018637,0.00074645,-0.00004636,-0.00011547,-0.00007347,16:01:05..467,,,,
16:01:05..503,4.54056822,0.014481,-0.00063267,0.0004935,0.00036686,-0.00018566,0.00074805,-0.00004466,-0.00011449,-0.00007013,16:01:05..510,,,,
16:01:05..630,4.39059501,0.014481,-0.0006324,0.00049318,0.00036681,-0.00018544,0.000748,-0.0000442,-0.00011495,-0.00007023,16:01:05..627,,,,
16:01:05..662,4.47851034,0.014314,-0.00063244,0.00049566,0.00036658,-0.0001853,0.0007429,-0.00004451,-0.00011509,-0.00007476,16:01:05..669,,,,
16:01:05..790,4.62331206,0.014314,-0.00063229,0.00049639,0.00036681,-0.00018512,0.00074229,-0.00004486,-0.00011509,-0.00007511,16:01:05..786,,,,
16:01:05..822,4.48885332,0.01403,-0.00063146,0.00049925,0.00036853,-0.00018491,0.0007446,-0.00004669,-0.00011494,-0.00007314,16:01:05..786,,,,
16:01:05..897,4.3957665,0.01403,-0.0006318,0.00049804,0.00036852,-0.00018529,0.00074575,-0.00004589,-0.00011418,-0.00007276,16:01:05..926,,,,
16:01:05..962,4.47333885,0.01403,-0.0006317,0.00049951,0.00036836,-0.00018531,0.00074488,-0.00004613,-0.00011473,-0.00007314,16:01:05..926,,,,
16:01:05..997,4.63882653,0.013771,-0.00063245,0.00049846,0.000368,-0.00018536,0.00074427,-0.00004466,-0.00011485,-0.00007505,16:01:06..013,,,,
16:01:06..113,4.68536994,0.013771,-0.00063252,0.00049862,0.0003684,-0.00018538,0.00074384,-0.00004451,-0.0001142,-0.00007566,16:01:06..109,,,,
16:01:06..146,4.46299587,0.013782,-0.00063216,0.00049777,0.00036724,-0.00018538,0.0007442,-0.00004409,-0.0001151,-0.00007434,16:01:06..152,,,,
16:01:06..266,4.42679544,0.013782,-0.00063205,0.00049786,0.00036797,-0.00018535,0.00074369,-0.00004438,-0.00011426,-0.0000746,16:01:06..262,,,,
16:01:06..298,4.654341,0.013907,-0.00063399,0.00049495,0.00036589,-0.00018405,0.00074445,-0.00004398,-0.00011439,-0.00007621,16:01:06..304,,,,
16:01:06..425,4.6026261,0.013907,-0.00063405,0.00049448,0.00036604,-0.00018429,0.00074495,-0.00004359,-0.00011411,-0.00007642,16:01:06..421,,,,
16:01:06..458,4.40610948,0.014006,-0.00063364,0.0004952,0.00036617,-0.00018496,0.00074439,-0.00004429,-0.00011419,-0.00007621,16:01:06..465,,,,
16:01:06..574,4.57159716,0.014006,-0.00063357,0.00049396,0.00036557,-0.00018554,0.00074513,-0.00004389,-0.00011415,-0.00007625,16:01:06..570,,,,
16:01:06..605,4.60779759,0.014019,-0.00063171,0.00048802,0.00036077,-0.00018415,0.00074728,-0.00004309,-0.00011487,-0.00007675,16:01:06..613,,,,
16:01:06..788,4.55608269,0.014019,-0.00063106,0.00048866,0.00036114,-0.00018417,0.00074723,-0.00004357,-0.00011508,-0.00007741,16:01:06..784,,,,
16:01:06..819,4.32853713,0.014152,-0.00063443,0.00049256,0.00036569,-0.00018359,0.00074541,-0.0000451,-0.00011506,-0.0000773,16:01:06..828,,,,
16:01:06..914,4.37508054,0.014152,-0.0006344,0.00049165,0.00036535,-0.00018357,0.00074596,-0.00004468,-0.00011513,-0.00007708,16:01:06..913,,,,
16:01:06..949,4.56125418,0.014383,-0.00063393,0.00048911,0.0003628,-0.00018422,0.00074618,-0.00004353,-0.00011411,-0.00007708,16:01:06..958,,,,
16:01:07..046,4.74225633,0.014383,-0.00063406,0.00049025,0.00036324,-0.0001837,0.0007449,-0.0000437,-0.00011441,-0.00007752,16:01:07..044,,,,
16:01:07..081,4.50953928,0.014532,-0.00063523,0.00049165,0.00036582,-0.00018562,0.00074459,-0.00004493,-0.00011489,-0.00007711,16:01:07..090,,,,
16:01:07..229,4.41128097,0.014532,-0.00063472,0.00049103,0.00036552,-0.00018544,0.00074588,-0.00004459,-0.00011445,-0.00007712,16:01:07..225,,,,
16:01:07..262,4.69571292,0.014659,-0.00063394,0.00049054,0.00036403,-0.00018561,0.00074534,-0.0000441,-0.00011455,-0.00007659,16:01:07..269,,,,
16:01:07..421,4.74742782,0.014659,-0.0006339,0.00049063,0.00036399,-0.00018583,0.00074545,-0.00004384,-0.00011474,-0.00007681,16:01:07..417,,,,
16:01:07..453,4.35439458,0.014704,-0.00063355,0.00049285,0.00036523,-0.00018547,0.00074534,-0.00004526,-0.00011554,-0.00007804,16:01:07..459,,,,
16:01:07..574,4.40610948,0.014704,-0.00063374,0.00049198,0.00036493,-0.00018587,0.00074573,-0.00004511,-0.00011575,-0.00007786,16:01:07..570,,,,
16:01:07..608,4.58194014,0.014679,-0.00063359,0.00049082,0.0003638,-0.00018584,0.00074542,-0.00004464,-0.00011454,-0.00007721,16:01:07..614,,,,
16:01:07..660,4.62331206,0.014679,-0.00063321,0.00049146,0.00036434,-0.00018585,0.00074546,-0.00004484,-0.00011476,-0.00007703,16:01:07..710,,,,
16:01:07..722,4.64916951,0.014679,-0.00063355,0.00049184,0.00036389,-0.00018602,0.00074581,-0.00004428,-0.00011423,-0.000077,16:01:07..710,,,,
16:01:07..753,4.57676865,0.014719,-0.00063297,0.00049216,0.00036467,-0.00018557,0.0007455,-0.0000441,-0.00011436,-0.00007705,16:01:07..753,,,,
16:01:07..787,4.50436779,0.014629,-0.00063356,0.00049187,0.00036553,-0.00018588,0.00074583,-0.00004508,-0.00011528,-0.00007694,16:01:07..799,,,,
16:01:07..894,4.3440516,0.014629,-0.00063342,0.00049302,0.00036566,-0.00018578,0.0007452,-0.00004499,-0.00011551,-0.00007655,16:01:07..891,,,,
16:01:07..925,4.66985547,0.014619,-0.00063366,0.00049109,0.00036495,-0.00018533,0.00074535,-0.00004419,-0.00011528,-0.00007652,16:01:07..934,,,,
16:01:08..023,4.57159716,0.014619,-0.00063339,0.00049037,0.00036508,-0.0001861,0.00074641,-0.00004406,-0.00011468,-0.00007666,16:01:08..080,,,,
16:01:08..102,4.53539673,0.014619,-0.00063375,0.00049162,0.00036481,-0.00018518,0.0007459,-0.00004455,-0.00011504,-0.00007686,16:01:08..080,,,,
16:01:08..136,4.42679544,0.014318,-0.00063377,0.00049233,0.00036538,-0.00018582,0.00074613,-0.00004516,-0.00011536,-0.00007735,16:01:08..183,,,,
16:01:08..247,4.41128097,0.014318,-0.00063372,0.00049254,0.00036551,-0.00018551,0.00074529,-0.0000455,-0.00011529,-0.00007724,16:01:08..243,,,,
16:01:08..279,4.66985547,0.014152,-0.00063433,0.00048911,0.00036388,-0.00018491,0.00074647,-0.00004417,-0.00011482,-0.00007678,16:01:08..288,,,,
16:01:08..419,4.61814057,0.014152,-0.0006343,0.00048845,0.0003637,-0.00018508,0.00074722,-0.00004387,-0.00011495,-0.00007669,16:01:08..416,,,,
16:01:08..452,4.46816736,0.013899,-0.00063465,0.00048892,0.00036433,-0.0001857,0.00074651,-0.00004471,-0.0001157,-0.00007714,16:01:08..459,,,,
16:01:08..613,4.4991963,0.013899,-0.00063458,0.00048994,0.00036482,-0.00018533,0.00074576,-0.00004485,-0.00011519,-0.00007724,16:01:08..610,,,,
16:01:08..645,4.5509112,0.013528,-0.00063471,0.00048918,0.000364,-0.00018539,0.00074579,-0.0000445,-0.00011538,-0.00007719,16:01:08..610,,,,
16:01:08..738,4.63365504,0.013528,-0.00063432,0.00048865,0.00036414,-0.00018542,0.00074622,-0.00004435,-0.00011491,-0.00007738,16:01:08..788,,,,
16:01:08..800,4.4991963,0.013528,-0.00063422,0.00048899,0.00036406,-0.0001854,0.00074594,-0.00004448,-0.00011502,-0.00007737,16:01:08..788,,,,
16:01:08..833,4.47851034,0.01326,-0.00063569,0.00048986,0.00036511,-0.00018584,0.00074512,-0.0000446,-0.00011468,-0.00007782,16:01:08..877,,,,
16:01:08..945,4.47333885,0.01326,-0.0006356,0.00049075,0.00036494,-0.00018551,0.0007446,-0.0000452,-0.0001153,-0.00007761,16:01:08..941,,,,
16:01:08..977,4.42162395,0.013126,-0.00063549,0.00049172,0.00036608,-0.00018594,0.00074448,-0.00004437,-0.00011458,-0.00007709,16:01:08..983,,,,
16:01:09..107,4.51471077,0.013126,-0.0006355,0.00049084,0.00036551,-0.00018661,0.00074489,-0.00004508,-0.00011446,-0.00007737,16:01:09..102,,,,
16:01:09..139,4.654341,0.013094,-0.00063501,0.00048967,0.00036517,-0.00018555,0.00074505,-0.00004586,-0.00011587,-0.00007694,16:01:09..146,,,,
16:01:09..280,4.62848355,0.013094,-0.00063513,0.00048917,0.00036446,-0.00018587,0.00074493,-0.00004517,-0.00011557,-0.00007757,16:01:09..276,,,,
16:01:09..313,4.52505375,0.013208,-0.00063527,0.00049196,0.00036612,-0.00018704,0.00074473,-0.0000445,-0.00011461,-0.00007707,16:01:09..319,,,,
16:01:09..360,4.56125418,0.013208,-0.00063527,0.00049247,0.00036681,-0.00018699,0.00074392,-0.00004489,-0.00011502,-0.00007709,16:01:09..430,,,,
16:01:09..446,4.51471077,0.013208,-0.00063476,0.00049184,0.00036654,-0.00018712,0.00074534,-0.00004423,-0.00011464,-0.00007745,16:01:09..430,,,,
16:01:09..481,4.57159716,0.01379,-0.00063462,0.00049329,0.000367,-0.00018703,0.00074404,-0.0000454,-0.00011571,-0.00007754,16:01:09..517,,,,
16:01:09..622,4.54056822,0.01379,-0.00063502,0.00049297,0.00036681,-0.00018694,0.00074517,-0.00004504,-0.00011503,-0.00007732,16:01:09..619,,,,
16:01:09..653,4.63882653,0.014157,-0.00063458,0.00049389,0.00036683,-0.00018703,0.00074366,-0.00004558,-0.00011589,-0.00007491,16:01:09..663,,,,
16:01:09..798,4.64399802,0.014157,-0.00063397,0.00049333,0.0003671,-0.00018715,0.00074455,-0.00004543,-0.0001153,-0.00007497,16:01:09..794,,,,
16:01:09..830,4.42679544,0.014051,-0.00063416,0.00049261,0.0003664,-0.00018704,0.00074339,-0.00004537,-0.00011527,-0.00007548,16:01:09..838,,,,
16:01:09..977,4.45782438,0.014051,-0.0006347,0.00049231,0.00036646,-0.00018735,0.00074403,-0.00004499,-0.00011517,-0.00007569,16:01:09..973,,,,
16:01:10..010,4.50436779,0.014012,-0.00063472,0.00049162,0.00036546,-0.0001866,0.00074369,-0.00004505,-0.00011497,-0.00007694,16:01:10..018,,,,
16:01:10..132,4.60779759,0.014012,-0.00063494,0.00049116,0.00036537,-0.00018731,0.00074388,-0.00004491,-0.00011528,-0.00007676,16:01:10..129,,,,
16:01:10..165,4.53539673,0.013843,-0.00063448,0.00049412,0.00036707,-0.00018673,0.0007449,-0.00004596,-0.00011527,-0.00007735,16:01:10..173,,,,
16:01:10..287,4.44230991,0.013843,-0.00063469,0.00049316,0.00036696,-0.00018682,0.00074591,-0.00004575,-0.00011537,-0.00007731,16:01:10..283,,,,
16:01:10..319,4.48368183,0.013805,-0.00063499,0.00049192,0.00036595,-0.00018739,0.00074384,-0.00004535,-0.00011461,-0.00007631,16:01:10..327,,,,
16:01:10..443,4.49402481,0.013805,-0.00063458,0.00049251,0.00036633,-0.00018732,0.00074298,-0.00004522,-0.0001155,-0.00007663,16:01:10..438,,,,
16:01:10..475,4.57676865,0.01391,-0.00063473,0.00049041,0.0003656,-0.0001873,0.00074387,-0.00004513,-0.00011532,-0.00007624,16:01:10..482,,,,
16:01:10..603,4.43713842,0.01391,-0.00063523,0.00048971,0.00036579,-0.00018784,0.00074417,-0.00004531,-0.00011561,-0.00007649,16:01:10..599,,,,
16:01:10..635,4.54056822,0.014142,-0.00063496,0.00048952,0.00036613,-0.00018761,0.00074401,-0.00004535,-0.00011546,-0.00007575,16:01:10..643,,,,
16:01:10..759,4.50953928,0.014142,-0.00063473,0.000489,0.00036623,-0.00018809,0.00074419,-0.00004477,-0.00011499,-0.0000753,16:01:10..755,,,,
16:01:10..791,4.67502696,0.014374,-0.00063588,0.00048795,0.00036452,-0.00018573,0.00074501,-0.00004515,-0.00011578,-0.00007669,16:01:10..755,,,,
16:01:10..908,4.58711163,0.014374,-0.00063605,0.00048924,0.00036468,-0.0001856,0.00074371,-0.00004599,-0.00011571,-0.00007689,16:01:10..948,,,,
16:01:10..958,4.48885332,0.014374,-0.00063644,0.00048815,0.00036417,-0.00018581,0.00074469,-0.00004536,-0.00011567,-0.00007691,16:01:10..948,,,,
16:01:10..993,4.30785117,0.01466,-0.00063584,0.00048876,0.00036604,-0.00018851,0.00074407,-0.00004591,-0.00011609,-0.00007733,16:01:11..095,,,,
16:01:11..191,4.32336564,0.01466,-0.00063599,0.00048921,0.00036588,-0.00018888,0.00074426,-0.00004633,-0.00011596,-0.00007745,16:01:11..189,,,,
16:01:11..224,4.71639888,0.014767,-0.00063657,0.00048918,0.00036605,-0.00018755,0.00074391,-0.00004563,-0.00011501,-0.00007656,16:01:11..233,,,,
16:01:11..357,4.56125418,0.014767,-0.00063606,0.00048866,0.00036588,-0.00018715,0.00074414,-0.00004538,-0.00011513,-0.00007633,16:01:11..355,,,,
16:01:11..391,4.48368183,0.014916,-0.000637,0.00048844,0.00036571,-0.00018707,0.00074423,-0.00004544,-0.00011585,-0.0000772,16:01:11..398,,,,
16:01:11..511,4.76811378,0.014916,-0.00063741,0.00048772,0.00036547,-0.00018734,0.00074463,-0.00004537,-0.00011577,-0.00007695,16:01:11..507,,,,
16:01:11..543,4.44230991,0.01517,-0.00063689,0.00048606,0.00036581,-0.00018584,0.00074429,-0.00004472,-0.00011517,-0.00007691,16:01:11..550,,,,
16:01:11..677,4.40610948,0.01517,-0.00063623,0.00048738,0.00036616,-0.00018589,0.00074366,-0.00004498,-0.00011584,-0.00007694,16:01:11..673,,,,
16:01:11..708,4.5509112,0.015207,-0.0006363,0.00048909,0.0003667,-0.000187,0.00074433,-0.00004544,-0.00011556,-0.00007659,16:01:11..716,,,,
16:01:11..817,4.70088441,0.015207,-0.00063602,0.00049,0.00036718,-0.00018674,0.00074382,-0.00004583,-0.00011558,-0.00007681,16:01:11..813,,,,
16:01:11..849,4.56642567,0.01534,-0.00063687,0.00048789,0.00036681,-0.0001878,0.00074464,-0.0000457,-0.00011592,-0.00007696,16:01:11..854,,,,
16:01:11..977,4.46816736,0.01534,-0.00063657,0.00048812,0.0003664,-0.00018822,0.00074453,-0.00004609,-0.00011611,-0.00007689,16:01:11..973,,,,
16:01:12..010,4.45782438,0.015288,-0.00063808,0.00048481,0.00036638,-0.0001883,0.0007436,-0.00004605,-0.00011636,-0.00007742,16:01:12..017,,,,
16:01:12..144,4.30785117,0.015288,-0.000638,0.00048395,0.00036612,-0.00018846,0.00074449,-0.00004575,-0.00011586,-0.00007678,16:01:12..140,,,,
16:01:12..177,4.33888011,0.015075,-0.00063677,0.00049041,0.00036735,-0.00018808,0.00074348,-0.00004722,-0.00011692,-0.0000804,16:01:12..184,,,,
16:01:12..315,4.53539673,0.015075,-0.00063666,0.00048955,0.00036775,-0.00018818,0.00074523,-0.00004699,-0.00011652,-0.00008069,16:01:12..311,,,,
16:01:12..347,4.52505375,0.014919,-0.00063646,0.00048825,0.0003673,-0.00018817,0.00074432,-0.00004758,-0.00011671,-0.00007835,16:01:12..356,,,,
16:01:12..468,4.26130776,0.014919,-0.00063676,0.00048833,0.00036773,-0.00018784,0.00074435,-0.00004717,-0.00011713,-0.00007813,16:01:12..464,,,,
16:01:12..499,4.54573971,0.014956,-0.00063487,0.0004945,0.00036834,-0.00018812,0.00074584,-0.00004679,-0.00011803,-0.0000805,16:01:12..507,,,,
16:01:12..620,4.58194014,0.014956,-0.00063485,0.00049503,0.00036844,-0.00018754,0.00074534,-0.0000465,-0.00011781,-0.00008026,16:01:12..616,,,,
16:01:12..654,4.61296908,0.015207,-0.00063411,0.00049447,0.00036888,-0.00018884,0.00074702,-0.00004755,-0.00011741,-0.00007384,16:01:12..659,,,,
16:01:12..769,4.49402481,0.015207,-0.00063435,0.0004953,0.00036941,-0.00018858,0.00074565,-0.0000481,-0.00011801,-0.00007389,16:01:12..766,,,,
16:01:12..804,5.00083083,0.015165,-0.00063373,0.00049918,0.0003696,-0.00018745,0.00074483,-0.00004769,-0.0001186,-0.00007996,16:01:12..766,,,,
16:01:12..888,4.55608269,0.015165,-0.00063408,0.00049834,0.00036891,-0.00018781,0.0007459,-0.00004778,-0.00011815,-0.00007912,16:01:12..930,,,,
16:01:12..948,4.92842997,0.015165,-0.00063403,0.00049882,0.00036943,-0.00018765,0.0007451,-0.00004838,-0.00011798,-0.00007952,16:01:12..930,,,,
16:01:12..981,4.35439458,0.01517,-0.00063111,0.00049929,0.00036898,-0.00018747,0.00074703,-0.00004585,-0.00011823,-0.00007612,16:01:13..016,,,,
16:01:13..164,4.59228312,0.01517,-0.00063078,0.00049973,0.00036953,-0.00018721,0.00074728,-0.00004624,-0.00011876,-0.00007589,16:01:13..160,,,,
16:01:13..197,4.7060559,0.014956,-0.00063465,0.00049417,0.00036717,-0.0001879,0.00074469,-0.00004523,-0.00011642,-0.00008318,16:01:13..204,,,,
16:01:13..334,4.46299587,0.014956,-0.00063452,0.00049438,0.00036739,-0.00018752,0.0007443,-0.00004582,-0.00011624,-0.00008338,16:01:13..331,,,,
16:01:13..368,4.50436779,0.015022,-0.00063448,0.00050406,0.00036906,-0.000186,0.00074457,-0.00004704,-0.00011844,-0.00008105,16:01:13..376,,,,
16:01:13..505,4.38542352,0.015022,-0.00063444,0.0005032,0.0003691,-0.00018658,0.00074438,-0.00004718,-0.00011818,-0.00008102,16:01:13..503,,,,
16:01:13..539,4.48885332,0.015416,-0.00066456,0.00049247,0.00036773,-0.00018637,0.00074359,-0.00004415,-0.00011474,-0.00007657,16:01:13..547,,,,
16:01:13..696,4.26130776,0.015416,-0.00066492,0.00049378,0.0003677,-0.00018577,0.00074195,-0.00004448,-0.00011448,-0.00007627,16:01:13..694,,,,
16:01:13..729,4.58194014,0.015417,-0.00063016,0.00049912,0.00036945,-0.0001873,0.00074654,-0.0000472,-0.00011802,-0.00007608,16:01:13..737,,,,
16:01:13..860,4.58194014,0.015417,-0.00063039,0.00049926,0.00036972,-0.00018735,0.00074646,-0.00004723,-0.00011807,-0.00007584,16:01:13..856,,,,
16:01:13..891,4.15270647,0.015304,-0.00063012,0.00049724,0.00036767,-0.00018757,0.0007435,-0.00004554,-0.00011607,-0.00007517,16:01:13..856,,,,
16:01:13..967,4.36473756,0.015304,-0.00063064,0.00049652,0.00036787,-0.00018774,0.00074455,-0.00004531,-0.000116,-0.00007459,16:01:13..996,,,,
16:01:14..005,4.62848355,0.015304,-0.00063064,0.00049728,0.0003683,-0.00018729,0.00074367,-0.00004581,-0.00011627,-0.00007521,16:01:13..996,,,,
16:01:14..039,4.54056822,0.015046,-0.00063372,0.00049461,0.00036799,-0.00018757,0.00074431,-0.00004637,-0.00011606,-0.00007697,16:01:14..087,,,,
16:01:14..148,4.72157037,0.015046,-0.00063356,0.00049512,0.00036857,-0.0001864,0.00074318,-0.00004694,-0.0001158,-0.00007731,16:01:14..144,,,,
16:01:14..181,4.56642567,0.014997,-0.00065851,0.00050948,0.00036953,-0.00018567,0.00074379,-0.00004671,-0.00011769,-0.00008231,16:01:14..186,,,,
16:01:14..274,4.15787796,0.014997,-0.00065858,0.00050871,0.00036953,-0.00018589,0.00074475,-0.00004661,-0.00011758,-0.0000823,16:01:14..271,,,,
16:01:14..306,4.32336564,0.014812,-0.0006405,0.00049883,0.00036822,-0.00018592,0.00074333,-0.00004535,-0.00011561,-0.00008273,16:01:14..314,,,,
16:01:14..410,4.74225633,0.014812,-0.00064337,0.00049793,0.00036731,-0.00018636,0.00074437,-0.00004489,-0.0001161,-0.00008284,16:01:14..406,,,,
16:01:14..442,4.63365504,0.014607,-0.00063445,0.00049369,0.00036672,-0.00018588,0.00074314,-0.00004408,-0.00011515,-0.0000825,16:01:14..450,,,,
16:01:14..542,4.56125418,0.014607,-0.0006349,0.0004926,0.00036614,-0.00018607,0.00074387,-0.00004419,-0.00011531,-0.00008253,16:01:14..540,,,,
16:01:14..575,4.11650604,0.014475,-0.00063276,0.0004947,0.00036778,-0.00018717,0.00074419,-0.00004574,-0.00011476,-0.00007709,16:01:14..584,,,,
16:01:14..731,4.71639888,0.014475,-0.00063267,0.00049553,0.00036785,-0.00018691,0.00074347,-0.00004542,-0.00011519,-0.00007715,16:01:14..727,,,,
16:01:14..763,4.51471077,0.014484,-0.00063351,0.00049102,0.0003658,-0.00018626,0.00074379,-0.00004559,-0.00011585,-0.00007698,16:01:14..772,,,,
16:01:14..877,4.34922309,0.014484,-0.00063369,0.00049139,0.00036592,-0.00018565,0.00074336,-0.00004639,-0.00011607,-0.0000771,16:01:14..873,,,,
16:01:14..910,4.45265289,0.014924,-0.00063235,0.00049397,0.00036696,-0.0001869,0.00074419,-0.00004575,-0.0001149,-0.00007671,16:01:14..873,,,,
16:01:14..990,4.57159716,0.014924,-0.0006327,0.00049442,0.00036745,-0.00018714,0.00074257,-0.00004574,-0.00011522,-0.0000768,16:01:15..037,,,,
16:01:15..073,4.61296908,0.014924,-0.00063288,0.00049325,0.00036673,-0.00018745,0.00074386,-0.00004565,-0.00011517,-0.00007679,16:01:15..037,,,,
16:01:15..106,4.2923367,0.015417,-0.00063591,0.0004873,0.00036471,-0.00018266,0.00074408,-0.00004488,-0.00011548,-0.00007775,16:01:15..126,,,,
16:01:15..222,4.46299587,0.015417,-0.00063554,0.00048717,0.00036485,-0.00018236,0.0007438,-0.00004493,-0.00011506,-0.00007781,16:01:15..219,,,,
16:01:15..254,4.68019845,0.015568,-0.00063543,0.0004926,0.00036623,-0.00018756,0.00074315,-0.00004554,-0.00011566,-0.00007759,16:01:15..261,,,,
16:01:15..369,4.46299587,0.015568,-0.0006348,0.00049139,0.00036604,-0.00018815,0.00074427,-0.00004568,-0.00011561,-0.00007802,16:01:15..366,,,,
16:01:15..402,4.41128097,0.015753,-0.00063317,0.0004933,0.00036731,-0.00018819,0.00074421,-0.00004518,-0.00011502,-0.00007745,16:01:15..410,,,,
16:01:15..534,4.45782438,0.015753,-0.00063315,0.00049405,0.00036704,-0.00018762,0.00074265,-0.00004547,-0.00011527,-0.00007699,16:01:15..532,,,,
16:01:15..568,4.53022524,0.015883,-0.00063284,0.0004935,0.00036735,-0.00018811,0.00074356,-0.00004599,-0.00011628,-0.00007686,16:01:15..576,,,,
16:01:15..691,4.4474814,0.015883,-0.00063311,0.0004932,0.00036652,-0.00018828,0.0007439,-0.00004627,-0.00011589,-0.00007729,16:01:15..687,,,,
16:01:15..723,4.63365504,0.015925,-0.00063236,0.00049258,0.00036681,-0.00018937,0.00074365,-0.00004519,-0.00011528,-0.00007648,16:01:15..730,,,,
16:01:15..842,4.58711163,0.015925,-0.00063289,0.00049304,0.00036676,-0.00018904,0.00074348,-0.00004544,-0.00011543,-0.00007641,16:01:15..838,,,,
16:01:15..874,4.60779759,0.015869,-0.00063348,0.00049221,0.00036771,-0.00018862,0.00074304,-0.00004566,-0.00011516,-0.0000769,16:01:15..883,,,,
16:01:15..997,4.4991963,0.015869,-0.00063381,0.00049241,0.00036748,-0.00018854,0.00074298,-0.0000464,-0.0001157,-0.00007685,16:01:15..993,,,,
16:01:16..029,4.5509112,0.01606,-0.00063211,0.00049387,0.00036638,-0.00018944,0.00074439,-0.00004505,-0.00011525,-0.00007725,16:01:16..039,,,,
16:01:16..154,4.63882653,0.01606,-0.0006328,0.00049493,0.00036673,-0.0001894,0.0007433,-0.00004588,-0.00011596,-0.00007802,16:01:16..150,,,,
16:01:16..187,4.60779759,0.01619,-0.00063287,0.00049483,0.00036781,-0.00018877,0.00074327,-0.00004562,-0.00011546,-0.00007759,16:01:16..192,,,,
16:01:16..308,4.53539673,0.01619,-0.00063263,0.00049384,0.00036724,-0.00018861,0.00074393,-0.00004548,-0.00011555,-0.00007739,16:01:16..304,,,,
16:01:16..341,4.46816736,0.0163,-0.0006331,0.00049469,0.0003682,-0.00018856,0.00074341,-0.00004558,-0.00011502,-0.00007691,16:01:16..346,,,,
16:01:16..459,4.58194014,0.0163,-0.00063297,0.00049439,0.00036827,-0.00018826,0.00074358,-0.00004541,-0.00011497,-0.00007737,16:01:16..456,,,,
16:01:16..490,4.63882653,0.016315,-0.00063341,0.00049493,0.00036702,-0.00018744,0.00074458,-0.00004659,-0.00011538,-0.00007831,16:01:16..500,,,,
16:01:16..602,4.654341,0.016315,-0.00063306,0.00049446,0.00036755,-0.00018766,0.00074603,-0.00004601,-0.00011509,-0.00007831,16:01:16..598,,,,
16:01:16..635,4.41128097,0.016286,-0.00063285,0.00049491,0.00036843,-0.00018748,0.00074428,-0.00004608,-0.00011525,-0.0000777,16:01:16..641,,,,
16:01:16..736,4.56642567,0.016286,-0.00063291,0.00049415,0.00036793,-0.00018808,0.00074506,-0.00004596,-0.00011475,-0.00007743,16:01:16..733,,,,
16:01:16..767,4.64916951,0.015881,-0.00063437,0.00049173,0.0003669,-0.0001862,0.00074446,-0.00004566,-0.00011574,-0.00007728,16:01:16..776,,,,
16:01:16..904,4.54573971,0.015881,-0.00063426,0.00049285,0.00036694,-0.00018616,0.00074292,-0.00004623,-0.00011564,-0.00007769,16:01:16..899,,,,
16:01:16..936,4.41128097,0.015419,-0.00063422,0.00049284,0.00036788,-0.00018667,0.00074385,-0.00004465,-0.00011471,-0.0000782,16:01:16..940,,,,
16:01:17..066,4.42162395,0.015419,-0.00063451,0.00049302,0.00036785,-0.00018612,0.0007435,-0.00004507,-0.00011457,-0.0000788,16:01:17..062,,,,
16:01:17..099,4.57676865,0.015103,-0.00063384,0.00049435,0.00036891,-0.00018765,0.00074335,-0.00004579,-0.00011508,-0.00007798,16:01:17..104,,,,
16:01:17..219,4.53539673,0.015103,-0.00063388,0.00049387,0.00036893,-0.0001882,0.00074356,-0.00004585,-0.00011531,-0.00007777,16:01:17..215,,,,
16:01:17..251,4.77845676,0.01495,-0.00063359,0.00049378,0.00036868,-0.00018779,0.00074455,-0.0000456,-0.00011539,-0.00007836,16:01:17..258,,,,
16:01:17..368,4.51988226,0.01495,-0.00063341,0.00049458,0.00036873,-0.00018822,0.00074304,-0.00004578,-0.00011575,-0.0000783,16:01:17..364,,,,
16:01:17..399,4.45265289,0.014835,-0.00063503,0.00048879,0.00036761,-0.00018851,0.00074321,-0.00004682,-0.00011586,-0.00007689,16:01:17..406,,,,
16:01:17..520,4.49402481,0.014835,-0.00063489,0.00048804,0.0003672,-0.00018874,0.00074433,-0.0000465,-0.00011585,-0.00007661,16:01:17..516,,,,
16:01:17..552,4.72157037,0.014855,-0.00063414,0.00049124,0.00036857,-0.00018833,0.00074345,-0.00004612,-0.00011611,-0.0000774,16:01:17..560,,,,
16:01:17..700,4.45782438,0.014855,-0.00063453,0.00049053,0.00036856,-0.00018876,0.00074397,-0.00004613,-0.00011598,-0.00007737,16:01:17..697,,,,
16:01:17..733,4.59745461,0.015094,-0.00063412,0.00049055,0.00036783,-0.00018888,0.00074412,-0.00004586,-0.00011479,-0.00007656,16:01:17..740,,,,
16:01:17..875,4.7060559,0.015094,-0.00063338,0.00049116,0.000368,-0.00018876,0.00074307,-0.00004554,-0.00011524,-0.00007662,16:01:17..871,,,,
16:01:17..907,4.12684902,0.015456,-0.00063441,0.00049077,0.00036865,-0.00018863,0.0007435,-0.00004625,-0.00011543,-0.00007732,16:01:17..912,,,,
16:01:18..010,4.16304945,0.015456,-0.00063414,0.00049063,0.00036842,-0.0001888,0.00074451,-0.0000458,-0.0001159,-0.00007705,16:01:18..006,,,,
16:01:18..042,4.26647925,0.015587,-0.00063535,0.00048989,0.00036857,-0.00018849,0.00074357,-0.00004596,-0.00011581,-0.00007766,16:01:18..049,,,,
16:01:18..163,4.01307624,0.015587,-0.00063537,0.00048921,0.00036802,-0.00018914,0.00074407,-0.0000465,-0.00011544,-0.00007738,16:01:18..159,,,,
16:01:18..196,4.33888011,0.015634,-0.00063322,0.00049386,0.00036895,-0.00018818,0.00074335,-0.00004596,-0.00011565,-0.00007765,16:01:18..159,,,,
16:01:18..287,5.14563255,0.015638,-0.00063328,0.00049402,0.00036881,-0.0001882,0.00074357,-0.00004567,-0.00011546,-0.00007772,16:01:18..319,,,,
16:01:18..416,4.26130776,0.015638,-0.00063349,0.00049434,0.00036852,-0.00018796,0.00074413,-0.00004536,-0.00011487,-0.00007724,16:01:18..433,,,,
16:01:18..449,4.20442137,0.015638,-0.0006332,0.00049467,0.00036861,-0.00018823,0.00074263,-0.00004599,-0.00011512,-0.00007762,16:01:18..433,,,,
16:01:18..484,4.93877295,0.015243,-0.00063355,0.00049273,0.00036862,-0.00018789,0.00074419,-0.00004565,-0.0001145,-0.00007703,16:01:18..549,,,,
16:01:18..639,4.77845676,0.015243,-0.00063382,0.00049336,0.00036894,-0.00018791,0.00074292,-0.00004586,-0.000115,-0.00007759,16:01:18..549,,,,
16:01:18..672,4.25096478,0.015012,-0.00063406,0.00049251,0.00036901,-0.00018746,0.00074315,-0.00004479,-0.0001146,-0.00007648,16:01:18..639,,,,
16:01:18..754,4.51471077,0.015012,-0.00063377,0.00049163,0.00036843,-0.00018721,0.00074394,-0.00004473,-0.00011439,-0.00007655,16:01:18..800,,,,
16:01:18..810,4.17339243,0.015012,-0.00063424,0.00049178,0.00036835,-0.00018764,0.00074336,-0.00004605,-0.00011502,-0.00007683,16:01:18..800,,,,
16:01:18..845,4.87671507,0.014757,-0.00063291,0.00049264,0.00036804,-0.00018884,0.00074429,-0.00004656,-0.00011608,-0.00007732,16:01:18..888,,,,
16:01:18..955,4.63882653,0.014757,-0.00063259,0.00049378,0.00036898,-0.00018872,0.00074442,-0.00004572,-0.00011611,-0.00007717,16:01:18..952,,,,
16:01:18..988,4.65951249,0.014864,-0.00063386,0.00049158,0.00036862,-0.00018819,0.00074343,-0.00004605,-0.00011536,-0.00007657,16:01:18..996,,,,
16:01:19..122,4.46816736,0.014864,-0.0006341,0.00049034,0.00036783,-0.00018846,0.00074418,-0.00004568,-0.00011514,-0.00007607,16:01:19..118,,,,
16:01:19..153,4.57676865,0.014942,-0.00063311,0.00049258,0.0003672,-0.000188,0.00074441,-0.00004623,-0.00011596,-0.00007779,16:01:19..162,,,,
16:01:19..323,4.5509112,0.014942,-0.00063354,0.00049169,0.00036655,-0.0001886,0.00074517,-0.00004587,-0.00011596,-0.00007785,16:01:19..318,,,,
16:01:19..356,4.61296908,0.014763,-0.00063343,0.00048718,0.00036627,-0.00018386,0.00074416,-0.00004554,-0.00011547,-0.00007728,16:01:19..360,,,,
16:01:19..513,4.61296908,0.014763,-0.00063408,0.00048643,0.0003655,-0.00018424,0.00074514,-0.00004541,-0.0001157,-0.00007747,16:01:19..509,,,,
16:01:19..546,4.35956607,0.014399,-0.00063425,0.00049009,0.00036898,-0.0001867,0.00074678,-0.00004599,-0.00011612,-0.00007808,16:01:19..552,,,,
16:01:19..698,4.6026261,0.014399,-0.00063416,0.00048962,0.00036917,-0.00018656,0.00074697,-0.00004556,-0.00011591,-0.00007804,16:01:19..694,,,,
16:01:19..731,4.46816736,0.014111,-0.0006343,0.00048964,0.00036915,-0.00018687,0.00074717,-0.00004814,-0.00011634,-0.00007576,16:01:19..738,,,,
16:01:19..882,4.41128097,0.014111,-0.00063404,0.00048875,0.00036907,-0.00018706,0.00074818,-0.00004765,-0.00011591,-0.00007478,16:01:19..878,,,,
16:01:19..914,4.53539673,0.014192,-0.00063388,0.00049252,0.00036987,-0.00018778,0.00074765,-0.00004618,-0.00011569,-0.00007723,16:01:19..921,,,,
16:01:20..071,4.66985547,0.014192,-0.00063419,0.00049294,0.00036935,-0.0001874,0.00074681,-0.00004668,-0.00011631,-0.00007754,16:01:20..067,,,,
16:01:20..104,4.54056822,0.014201,-0.00063287,0.00049395,0.00036895,-0.00018738,0.00075762,-0.00004537,-0.0001158,-0.00007123,16:01:20..110,,,,
16:01:20..265,4.48368183,0.014201,-0.00063268,0.00049531,0.00036862,-0.00018767,0.00075696,-0.00004561,-0.00011562,-0.00007085,16:01:20..261,,,,
16:01:20..296,4.61296908,0.014295,-0.00063348,0.0004936,0.0003693,-0.00018725,0.00074243,-0.00004863,-0.0001155,-0.00007187,16:01:20..261,,,,
16:01:20..406,4.53539673,0.014295,-0.00063327,0.00049269,0.0003688,-0.00018725,0.00074299,-0.0000487,-0.00011543,-0.00007171,16:01:20..458,,,,
16:01:20..493,4.56642567,0.014295,-0.00063374,0.00049322,0.00036908,-0.00018773,0.00074275,-0.00004883,-0.00011585,-0.00007175,16:01:20..458,,,,
16:01:20..527,4.57159716,0.014215,-0.00063202,0.00049638,0.00037014,-0.00018704,0.00075015,-0.00004939,-0.00011659,-0.00007221,16:01:20..501,,,,
16:01:20..620,4.54056822,0.014215,-0.0006322,0.00049693,0.0003702,-0.00018744,0.00074939,-0.00004926,-0.00011681,-0.00007218,16:01:20..678,,,,
16:01:20..700,4.54056822,0.014215,-0.00063199,0.0004964,0.00037022,-0.00018748,0.00075041,-0.00004928,-0.00011607,-0.00007227,16:01:20..678,,,,
16:01:20..733,4.64399802,0.014158,-0.00063322,0.00049293,0.00036767,-0.00018669,0.00074676,-0.00005029,-0.00011536,-0.00007378,16:01:20..837,,,,
16:01:20..906,4.57159716,0.014158,-0.00063304,0.00049391,0.00036852,-0.0001864,0.00074582,-0.00004981,-0.00011594,-0.00007414,16:01:20..902,,,,
16:01:20..938,4.21476435,0.014206,-0.00063303,0.00049765,0.00036912,-0.00018739,0.00074562,-0.00004531,-0.00011545,-0.00008109,16:01:20..945,,,,
16:01:20..992,4.74225633,0.014301,-0.00063304,0.00049715,0.0003693,-0.00018739,0.00074558,-0.00004496,-0.00011551,-0.00008085,16:01:21..042,,,,
16:01:21..060,4.60779759,0.014301,-0.00063293,0.00049752,0.00036914,-0.00018711,0.00074534,-0.00004485,-0.00011526,-0.00008113,16:01:21..042,,,,
16:01:21..093,5.05254573,0.013736,-0.0006335,0.00049482,0.00036899,-0.00018684,0.00074563,-0.00004582,-0.00011606,-0.00007816,16:01:21..132,,,,
16:01:21..224,4.56642567,0.013736,-0.0006337,0.0004941,0.00036857,-0.00018687,0.00074628,-0.00004579,-0.00011575,-0.00007757,16:01:21..220,,,,
16:01:21..255,4.10099157,0.013578,-0.00063315,0.00049606,0.00036928,-0.00018706,0.00074602,-0.00004531,-0.00011607,-0.00007891,16:01:21..263,,,,
16:01:21..364,4.19924988,0.013578,-0.0006335,0.00049697,0.00036945,-0.00018693,0.00074541,-0.00004576,-0.00011634,-0.00007959,16:01:21..360,,,,
16:01:21..396,4.99565934,0.013679,-0.00063269,0.00049815,0.00036998,-0.00018599,0.0007451,-0.00004558,-0.0001151,-0.00008188,16:01:21..404,,,,
16:01:21..530,4.7060559,0.013679,-0.00063275,0.00049729,0.00036959,-0.00018621,0.00074614,-0.00004549,-0.00011572,-0.00008182,16:01:21..526,,,,
16:01:21..562,4.34922309,0.013958,-0.0006329,0.00049761,0.00036955,-0.00018623,0.0007555,-0.00004501,-0.00011662,-0.00008392,16:01:21..569,,,,
16:01:21..674,4.57159716,0.013958,-0.00063283,0.00049775,0.00036964,-0.00018549,0.00075571,-0.00004494,-0.00011707,-0.00008359,16:01:21..670,,,,
16:01:21..707,4.52505375,0.013955,-0.00063331,0.0004965,0.00036877,-0.00018652,0.00075277,-0.00004399,-0.00011529,-0.00008273,16:01:21..714,,,,
16:01:21..764,4.51471077,0.013955,-0.00063315,0.00049712,0.00036972,-0.00018682,0.00075258,-0.00004412,-0.00011545,-0.00008268,16:01:21..834,,,,
16:01:21..850,4.30785117,0.013955,-0.00063311,0.00049621,0.00036906,-0.00018619,0.00075309,-0.00004386,-0.00011556,-0.00008244,16:01:21..834,,,,
16:01:21..883,4.53539673,0.014187,-0.0006331,0.00049799,0.00036975,-0.00018571,0.000743,-0.00004537,-0.00011585,-0.00007938,16:01:21..960,,,,
16:01:22..029,4.53022524,0.014187,-0.00063275,0.0004974,0.00036935,-0.00018596,0.00074426,-0.0000454,-0.00011507,-0.00007979,16:01:21..960,,,,
16:01:22..061,4.46299587,0.014416,-0.00063105,0.00049613,0.00036954,-0.00018561,0.00075489,-0.00005071,-0.00011794,-0.00008195,16:01:22..076,,,,
16:01:22..247,4.45782438,0.014416,-0.00063051,0.0004964,0.00036947,-0.00018522,0.00075559,-0.00005033,-0.00011741,-0.00008243,16:01:22..244,,,,
16:01:22..280,4.58711163,0.014792,-0.00063371,0.00049594,0.00036982,-0.00018563,0.00074521,-0.00004545,-0.00011587,-0.00007912,16:01:22..287,,,,
16:01:22..426,4.50953928,0.014792,-0.000634,0.00049497,0.00036943,-0.00018615,0.0007458,-0.00004579,-0.00011556,-0.00007906,16:01:22..423,,,,
16:01:22..459,4.51471077,0.01477,-0.00063296,0.00049843,0.00036998,-0.00018525,0.00074485,-0.00004515,-0.00011555,-0.00007984,16:01:22..466,,,,
16:01:22..609,4.51471077,0.01477,-0.00063208,0.00049765,0.00036925,-0.00018583,0.000746,-0.00004438,-0.00011498,-0.00007927,16:01:22..605,,,,
16:01:22..642,4.58711163,0.014859,-0.0006327,0.00049738,0.0003692,-0.00018492,0.00074509,-0.00004419,-0.000115,-0.00007808,16:01:22..651,,,,
16:01:22..755,4.57159716,0.014859,-0.00063273,0.00049789,0.00036947,-0.00018539,0.00074435,-0.00004438,-0.00011504,-0.00007805,16:01:22..751,,,,
16:01:22..787,4.42162395,0.014654,-0.00063248,0.00049915,0.00037006,-0.00018491,0.00074499,-0.00004499,-0.00011425,-0.00007728,16:01:22..795,,,,
16:01:22..904,4.55608269,0.014654,-0.00063221,0.00049985,0.00036964,-0.00018522,0.00074462,-0.00004474,-0.00011449,-0.00007746,16:01:22..900,,,,
16:01:22..937,4.57159716,0.014642,-0.00063277,0.00049868,0.0003698,-0.00018488,0.00074503,-0.0000442,-0.00011496,-0.00007691,16:01:22..942,,,,
16:01:23..090,4.4991963,0.014642,-0.00063246,0.00049874,0.0003694,-0.00018493,0.00074506,-0.00004456,-0.00011449,-0.00007723,16:01:23..087,,,,
16:01:23..125,4.73191335,0.014287,-0.00063202,0.00049946,0.0003706,-0.00018525,0.00074302,-0.00004445,-0.00011408,-0.0000752,16:01:23..132,,,,
16:01:23..243,4.68019845,0.014287,-0.0006326,0.00050042,0.00036994,-0.00018564,0.00074242,-0.00004484,-0.00011432,-0.00007587,16:01:23..242,,,,
16:01:23..277,4.41128097,0.014151,-0.00063212,0.00049927,0.00037016,-0.00018488,0.00074567,-0.000045,-0.00011466,-0.00007623,16:01:23..286,,,,
16:01:23..329,4.41128097,0.014015,-0.00063216,0.00049974,0.0003705,-0.00018494,0.00074598,-0.00004526,-0.00011461,-0.0000763,16:01:23..392,,,,
16:01:23..418,4.62331206,0.014015,-0.00063198,0.00049925,0.00037016,-0.00018451,0.00074641,-0.00004483,-0.00011447,-0.00007617,16:01:23..392,,,,
16:01:23..452,4.50953928,0.013736,-0.00063198,0.00049782,0.00036929,-0.00018723,0.00074488,-0.00004493,-0.00011444,-0.00007418,16:01:23..479,,,,
16:01:23..606,4.51471077,0.013736,-0.00063242,0.00049842,0.00036963,-0.0001869,0.00074456,-0.00004499,-0.00011438,-0.00007409,16:01:23..602,,,,
16:01:23..640,4.47851034,0.013762,-0.00063297,0.00049821,0.00036976,-0.00018656,0.00074165,-0.00004436,-0.0001139,-0.00007499,16:01:23..646,,,,
16:01:23..767,4.59228312,0.013762,-0.00063234,0.00049783,0.00036993,-0.00018668,0.00074269,-0.00004391,-0.00011343,-0.000075,16:01:23..764,,,,
16:01:23..801,4.54573971,0.013796,-0.00063296,0.00049861,0.00036995,-0.00018568,0.00074091,-0.00004556,-0.00011419,-0.00007538,16:01:23..764,,,,
16:01:23..874,4.48368183,0.013796,-0.00063283,0.00049794,0.00037034,-0.00018569,0.00074097,-0.00004543,-0.00011397,-0.00007533,16:01:23..916,,,,
16:01:23..926,4.63365504,0.013796,-0.00063283,0.00049827,0.00036982,-0.0001856,0.00074097,-0.00004602,-0.0001144,-0.00007568,16:01:23..916,,,,
16:01:23..959,4.55608269,0.013947,-0.00063252,0.00049811,0.00036972,-0.00018435,0.00074673,-0.00004448,-0.00011406,-0.00007646,16:01:23..960,,,,
16:01:24..001,4.47851034,0.013947,-0.00063222,0.00049971,0.00036991,-0.000184,0.00074562,-0.00004462,-0.00011376,-0.00007595,16:01:24..062,,,,
16:01:24..103,4.54056822,0.013947,-0.00063262,0.00049844,0.00036941,-0.00018436,0.0007463,-0.00004435,-0.00011378,-0.00007642,16:01:24..062,,,,
16:01:24..136,4.50953928,0.013714,-0.00063234,0.00050007,0.00036964,-0.00018436,0.00074447,-0.00004595,-0.00011496,-0.00007873,16:01:24..149,,,,
16:01:24..274,4.61814057,0.013714,-0.00063246,0.00049913,0.00036959,-0.00018464,0.00074538,-0.00004564,-0.00011453,-0.00007821,16:01:24..270,,,,
16:01:24..307,4.45782438,0.013762,-0.0006322,0.0004993,0.00037076,-0.00018373,0.00074196,-0.00004417,-0.00011382,-0.00007646,16:01:24..314,,,,
16:01:24..428,4.4991963,0.013762,-0.00063201,0.00049922,0.00037036,-0.00018462,0.00074186,-0.00004407,-0.00011337,-0.00007626,16:01:24..424,,,,
16:01:24..461,4.57159716,0.01363,-0.00063396,0.00049729,0.00036898,-0.00018367,0.00074871,-0.00004092,-0.00011368,-0.00007729,16:01:24..469,,,,
16:01:24..598,4.64916951,0.01363,-0.00063369,0.00049802,0.00036906,-0.00018376,0.00074808,-0.00004144,-0.00011384,-0.0000781,16:01:24..593,,,,
16:01:24..629,4.38542352,0.013473,-0.00063296,0.00050085,0.00036952,-0.00018506,0.00074596,-0.00004293,-0.00011464,-0.00007827,16:01:24..635,,,,
16:01:24..749,4.48368183,0.013473,-0.00063289,0.0005,0.00036929,-0.00018579,0.00074705,-0.00004282,-0.00011459,-0.00007827,16:01:24..745,,,,
16:01:24..782,4.41645246,0.013503,-0.00063262,0.00050057,0.00036926,-0.00018574,0.00074477,-0.00004187,-0.00011383,-0.0000801,16:01:24..790,,,,
16:01:24..933,4.4991963,0.013503,-0.00063328,0.00050038,0.00036944,-0.0001866,0.00074441,-0.00004218,-0.0001143,-0.0000808,16:01:24..928,,,,
16:01:24..964,4.53539673,0.013444,-0.00063272,0.00049907,0.00037025,-0.00019017,0.00073295,-0.00003942,-0.00011296,-0.00007351,16:01:24..928,,,,
16:01:25..049,4.52505375,0.013444,-0.0006329,0.0004993,0.00037029,-0.00018978,0.00073213,-0.00003983,-0.00011329,-0.00007364,16:01:25..078,,,,
16:01:25..087,4.57676865,0.013444,-0.00063249,0.00049909,0.00037062,-0.00019011,0.00073311,-0.00003954,-0.0001124,-0.00007345,16:01:25..078,,,,
16:01:25..122,4.48885332,0.013391,-0.00063417,0.00049863,0.00036934,-0.00018932,0.00073888,-0.00004003,-0.0001133,-0.00007588,16:01:25..195,,,,
16:01:25..257,4.45265289,0.013391,-0.00063427,0.00049797,0.00036881,-0.00018987,0.00074001,-0.00003998,-0.00011282,-0.00007553,16:01:25..276,,,,
16:01:25..298,4.58711163,0.013391,-0.00063437,0.00049883,0.00036916,-0.00018931,0.00073893,-0.00004024,-0.00011314,-0.00007524,16:01:25..276,,,,
16:01:25..330,4.61296908,0.013215,-0.00063419,0.00049708,0.00036984,-0.00018863,0.00073424,-0.0000367,-0.00011305,-0.00006797,16:01:25..365,,,,
16:01:25..498,4.6026261,0.013215,-0.00063418,0.00049796,0.00037008,-0.00018856,0.0007336,-0.00003723,-0.00011271,-0.0000685,16:01:25..492,,,,
16:01:25..528,4.59745461,0.013247,-0.00063278,0.00049786,0.00037127,-0.00019031,0.00072713,-0.00003343,-0.00011201,-0.00006272,16:01:25..538,,,,
16:01:25..653,4.58194014,0.013247,-0.00063278,0.00049845,0.00037079,-0.00019015,0.00072744,-0.0000335,-0.00011237,-0.00006219,16:01:25..650,,,,
16:01:25..686,4.63365504,0.013465,-0.00063367,0.0004964,0.00037041,-0.00019054,0.00072715,-0.00004227,-0.00011291,-0.00007003,16:01:25..650,,,,
16:01:25..776,4.46299587,0.013465,-0.00063377,0.00049607,0.00037023,-0.00019063,0.00072791,-0.0000413,-0.00011222,-0.00006966,16:01:25..809,,,,
16:01:25..820,4.50436779,0.013465,-0.00063375,0.0004963,0.00037049,-0.00019028,0.00072699,-0.0000413,-0.00011282,-0.00007002,16:01:25..809,,,,
16:01:25..853,4.32336564,0.013766,-0.00063378,0.00049772,0.00036891,-0.00019093,0.00073554,-0.0000409,-0.0001127,-0.00007134,16:01:25..852,,,,
16:01:25..952,4.62848355,0.013766,-0.00063398,0.00049666,0.00036942,-0.00019141,0.00073722,-0.00004029,-0.000112,-0.00007149,16:01:25..949,,,,
16:01:25..984,4.59228312,0.013944,-0.00063409,0.000498,0.00036941,-0.00019035,0.00073635,-0.00003797,-0.00011144,-0.00006926,16:01:25..993,,,,
16:01:26..128,4.72157037,0.013944,-0.00063472,0.00049683,0.00036878,-0.0001908,0.00073665,-0.00003797,-0.00011125,-0.00006936,16:01:26..124,,,,
16:01:26..159,4.41645246,0.014146,-0.00063392,0.00049767,0.00036961,-0.00019067,0.00073529,-0.00003983,-0.0001122,-0.0000704,16:01:26..124,,,,
16:01:26..246,4.69054143,0.014146,-0.0006336,0.00049775,0.00036967,-0.00019021,0.00073513,-0.00003951,-0.0001119,-0.00006944,16:01:26..286,,,,
16:01:26..296,4.56642567,0.014146,-0.000634,0.00049816,0.00037004,-0.00019042,0.00073548,-0.00003974,-0.00011217,-0.0000695,16:01:26..286,,,,
16:01:26..330,4.63882653,0.014037,-0.0006343,0.00049798,0.0003704,-0.00019071,0.00073426,-0.00003576,-0.00011187,-0.00006555,16:01:26..373,,,,
16:01:26..455,4.36990905,0.014037,-0.00063433,0.00049709,0.00036963,-0.00019166,0.00073499,-0.00003616,-0.00011151,-0.00006564,16:01:26..453,,,,
16:01:26..489,4.48885332,0.013831,-0.00063438,0.00049571,0.00036984,-0.00019211,0.00072931,-0.00003666,-0.00011188,-0.00006407,16:01:26..453,,,,
16:01:26..571,4.5509112,0.013831,-0.00063462,0.00049433,0.00036969,-0.00019284,0.00073035,-0.00003678,-0.00011129,-0.00006444,16:01:26..603,,,,
16:01:26..611,4.6026261,0.013831,-0.00063423,0.00049587,0.00037015,-0.00019244,0.00072933,-0.00003637,-0.00011151,-0.00006402,16:01:26..603,,,,
16:01:26..645,4.4474814,0.013554,-0.0006344,0.00049468,0.00036818,-0.00019321,0.00073801,-0.00003833,-0.00011099,-0.00006371,16:01:26..648,,,,
16:01:26..753,4.62331206,0.013554,-0.00063377,0.00049405,0.00036839,-0.00019309,0.00073796,-0.00003875,-0.00011098,-0.00006372,16:01:26..749,,,,
16:01:26..785,4.47333885,0.013349,-0.0006346,0.00049329,0.00036841,-0.0001943,0.00073896,-0.00003718,-0.00011173,-0.00006224,16:01:26..794,,,,
16:01:26..902,4.54056822,0.013349,-0.00063471,0.00049285,0.00036804,-0.00019442,0.0007393,-0.00003681,-0.00011145,-0.00006216,16:01:26..898,,,,
16:01:26..934,4.48885332,0.013334,-0.00063517,0.00049307,0.00036835,-0.00018828,0.0007459,-0.00004349,-0.00011235,-0.00007254,16:01:26..943,,,,
16:01:27..078,4.43713842,0.013334,-0.00063529,0.00049243,0.00036878,-0.00018848,0.00074686,-0.00004284,-0.00011162,-0.00007199,16:01:27..072,,,,
16:01:27..111,4.58711163,0.013289,-0.00063436,0.00049185,0.0003681,-0.00018933,0.00074322,-0.00004518,-0.00011203,-0.00007405,16:01:27..117,,,,
16:01:27..271,4.58711163,0.013289,-0.0006351,0.00049131,0.00036783,-0.00018968,0.00074379,-0.00004553,-0.00011192,-0.0000736,16:01:27..268,,,,
16:01:27..306,4.40610948,0.013413,-0.00063473,0.00049269,0.00036835,-0.00018767,0.00074067,-0.00004525,-0.00011255,-0.00007426,16:01:27..311,,,,
16:01:27..421,4.48368183,0.013413,-0.00063498,0.00049141,0.00036882,-0.00018808,0.0007416,-0.00004529,-0.00011241,-0.00007428,16:01:27..418,,,,
16:01:27..454,4.56125418,0.01381,-0.00063577,0.0004922,0.00036861,-0.00019006,0.00073645,-0.00003751,-0.0001114,-0.00007035,16:01:27..463,,,,
16:01:27..588,4.46816736,0.01381,-0.00063567,0.0004917,0.0003685,-0.0001902,0.0007377,-0.00003716,-0.00011057,-0.00006995,16:01:27..583,,,,
16:01:27..620,4.38542352,0.014091,-0.0006349,0.00049241,0.00036985,-0.00018885,0.00073663,-0.00003935,-0.00011215,-0.00006611,16:01:27..627,,,,
16:01:27..751,4.79914272,0.014091,-0.00063522,0.0004925,0.00036954,-0.00018913,0.00073611,-0.00003938,-0.000112,-0.00006631,16:01:27..747,,,,
16:01:27..783,4.59745461,0.014161,-0.00063351,0.0004965,0.00037132,-0.0001901,0.00072877,-0.0000393,-0.00011096,-0.00006509,16:01:27..791,,,,
16:01:27..958,4.35956607,0.014161,-0.00063385,0.0004962,0.00037114,-0.00019032,0.00072912,-0.00003937,-0.0001111,-0.00006505,16:01:27..955,,,,
16:01:27..990,4.36990905,0.014463,-0.00063351,0.00049582,0.00037062,-0.0001933,0.00073451,-0.0000389,-0.0001111,-0.00006456,16:01:27..999,,,,
16:01:28..127,4.44230991,0.014463,-0.00063378,0.00049524,0.00037079,-0.00019327,0.00073526,-0.000039,-0.00011099,-0.0000649,16:01:28..125,,,,
16:01:28..161,4.59745461,0.014453,-0.00063367,0.00049687,0.00036878,-0.00019261,0.00075222,-0.00004348,-0.00011172,-0.00007151,16:01:28..168,,,,
16:01:28..286,4.654341,0.014453,-0.00063384,0.00049642,0.00036883,-0.00019247,0.00075313,-0.00004296,-0.00011183,-0.00007102,16:01:28..281,,,,
16:01:28..319,4.55608269,0.014432,-0.00063255,0.00049699,0.00036915,-0.00019388,0.00074863,-0.00004098,-0.00011088,-0.00006981,16:01:28..323,,,,
16:01:28..415,4.71639888,0.014432,-0.00063238,0.00049837,0.00036915,-0.00019347,0.00074793,-0.00004114,-0.00011108,-0.00007007,16:01:28..455,,,,
16:01:28..502,4.57676865,0.014421,-0.00063282,0.00049726,0.00036912,-0.00019428,0.00074851,-0.00004081,-0.00011126,-0.00006986,16:01:28..499,,,,
16:01:28..535,4.37508054,0.014421,-0.00063311,0.00049618,0.00036964,-0.00019556,0.00074327,-0.00004179,-0.00011112,-0.00006775,16:01:28..499,,,,
16:01:28..569,4.52505375,0.014344,-0.00063222,0.00049795,0.00037093,-0.00019428,0.00074137,-0.00004125,-0.00011098,-0.00006797,16:01:28..628,,,,
16:01:28..700,4.51471077,0.014344,-0.00063271,0.00049634,0.00037046,-0.00019504,0.00074202,-0.00004135,-0.00011079,-0.00006781,16:01:28..698,,,,
16:01:28..732,4.63882653,0.014151,-0.00063342,0.00049628,0.00036994,-0.00019309,0.00074519,-0.00004261,-0.0001111,-0.00006925,16:01:28..743,,,,
16:01:28..846,4.40093799,0.014151,-0.0006335,0.00049709,0.00037035,-0.00019247,0.00074445,-0.00004252,-0.00011128,-0.00006925,16:01:28..841,,,,
16:01:28..878,4.51988226,0.013909,-0.00063376,0.00049681,0.00036733,-0.00019009,0.0007543,-0.00004327,-0.00011119,-0.00007265,16:01:28..885,,,,
16:01:29..001,4.62331206,0.013909,-0.00063342,0.00049603,0.00036686,-0.00019098,0.00075411,-0.00004351,-0.00011175,-0.00007235,16:01:28..996,,,,
16:01:29..033,4.74225633,0.01402,-0.00063355,0.0004984,0.00036827,-0.0001878,0.00075517,-0.00004626,-0.00011283,-0.00007468,16:01:29..040,,,,
16:01:29..165,4.64916951,0.01402,-0.00063393,0.00049854,0.00036834,-0.00018807,0.00075545,-0.0000458,-0.00011247,-0.00007488,16:01:29..163,,,,
16:01:29..199,4.4474814,0.014308,-0.00063421,0.00049671,0.00036821,-0.00018734,0.00075539,-0.00004504,-0.00011232,-0.0000747,16:01:29..207,,,,
16:01:29..329,4.56125418,0.014308,-0.00063389,0.00049754,0.00036857,-0.00018735,0.00075454,-0.0000454,-0.00011243,-0.00007467,16:01:29..325,,,,
16:01:29..362,4.61296908,0.01456,-0.00063439,0.00049566,0.00036781,-0.00018725,0.00075546,-0.00004535,-0.00011283,-0.00007492,16:01:29..368,,,,
16:01:29..484,4.47333885,0.01456,-0.0006343,0.0004963,0.00036833,-0.00018769,0.00075484,-0.00004535,-0.00011303,-0.00007514,16:01:29..480,,,,
16:01:29..516,4.35439458,0.014766,-0.00063333,0.00049795,0.00036986,-0.00018929,0.00074887,-0.00004526,-0.00011259,-0.00007442,16:01:29..525,,,,
16:01:29..650,4.69054143,0.014766,-0.00063359,0.00049709,0.00036933,-0.00018946,0.00074952,-0.00004545,-0.00011244,-0.00007406,16:01:29..646,,,,
16:01:29..683,4.56125418,0.015006,-0.00063303,0.00049791,0.00036961,-0.00018839,0.00075314,-0.00004792,-0.000115,-0.00007254,16:01:29..646,,,,
16:01:29..745,4.26130776,0.015006,-0.00063267,0.00049874,0.00036912,-0.00018824,0.00075187,-0.00004815,-0.00011529,-0.00007322,16:01:29..785,,,,
16:01:29..796,3.84758856,0.015006,-0.00063281,0.00049734,0.00036986,-0.00018885,0.00075304,-0.0000481,-0.00011509,-0.00007338,16:01:29..785,,,,
16:01:29..830,4.49402481,0.015232,-0.00063295,0.00050066,0.0003706,-0.00018894,0.00074717,-0.00004551,-0.00011258,-0.00007368,16:01:29..873,,,,
16:01:29..976,4.88188656,0.015232,-0.00063301,0.00050133,0.00037065,-0.00018866,0.00074677,-0.00004599,-0.00011306,-0.00007369,16:01:29..972,,,,
16:01:30..008,4.45782438,0.015318,-0.00063407,0.00049852,0.00036795,-0.00019264,0.00075094,-0.00004475,-0.00011293,-0.00007497,16:01:30..016,,,,
16:01:30..146,4.13202051,0.015318,-0.00063398,0.00049898,0.00036778,-0.00019205,0.00075016,-0.00004436,-0.000113,-0.00007482,16:01:30..142,,,,
16:01:30..178,4.5509112,0.015251,-0.00063345,0.00049866,0.000368,-0.00019104,0.00075446,-0.00004362,-0.00011213,-0.0000744,16:01:30..184,,,,
16:01:30..326,4.78362825,0.015251,-0.00063357,0.00049939,0.00036826,-0.00019058,0.0007531,-0.00004397,-0.00011217,-0.00007514,16:01:30..322,,,,
16:01:30..358,4.45265289,0.015142,-0.00063386,0.00049586,0.00036729,-0.00018787,0.00075473,-0.00004451,-0.00011313,-0.00007443,16:01:30..369,,,,
16:01:30..496,4.42162395,0.015142,-0.00063408,0.00049622,0.00036763,-0.00018768,0.00075464,-0.00004538,-0.0001133,-0.00007461,16:01:30..492,,,,
16:01:30..528,4.59228312,0.015403,-0.00063378,0.00049647,0.00036798,-0.00018765,0.00075389,-0.00004391,-0.00011157,-0.00007413,16:01:30..536,,,,
16:01:30..671,4.6026261,0.015403,-0.00063441,0.00049581,0.0003674,-0.00018801,0.00075447,-0.00004452,-0.00011184,-0.00007472,16:01:30..667,,,,
16:01:30..704,4.59228312,0.015658,-0.00063396,0.00049417,0.00036597,-0.0001879,0.00075525,-0.00004445,-0.00011245,-0.00007272,16:01:30..709,,,,
16:01:30..849,4.66468398,0.015658,-0.00063391,0.0004953,0.0003667,-0.00018696,0.00075442,-0.00004421,-0.00011245,-0.00007323,16:01:30..844,,,,
16:01:30..882,3.95618985,0.01581,-0.00063479,0.00049342,0.00036685,-0.00018801,0.00075467,-0.00004446,-0.00011292,-0.00007435,16:01:30..888,,,,
16:01:31..015,4.23027882,0.01581,-0.00063444,0.00049326,0.00036711,-0.00018794,0.00075452,-0.00004512,-0.00011319,-0.00007392,16:01:31..011,,,,
16:01:31..047,3.40801191,0.015914,-0.00063296,0.00049667,0.00036713,-0.00018676,0.00075417,-0.00004512,-0.00011334,-0.00007306,16:01:31..053,,,,
16:01:31..179,5.40420705,0.015914,-0.0006329,0.00049535,0.00036694,-0.00018663,0.00075539,-0.00004488,-0.00011268,-0.00007244,16:01:31..175,,,,
16:01:31..211,4.66985547,0.015798,-0.00063024,0.00050634,0.00036947,-0.00018621,0.0007533,-0.00004228,-0.00010996,-0.00007224,16:01:31..175,,,,
16:01:31..296,4.4991963,0.015798,-0.00063029,0.00050559,0.0003692,-0.00018645,0.00075407,-0.00004214,-0.00011015,-0.00007231,16:01:31..336,,,,
16:01:31..346,3.93550389,0.015798,-0.00063,0.00050651,0.00036934,-0.00018639,0.00075359,-0.00004206,-0.00010999,-0.00007249,16:01:31..336,,,,
16:01:31..380,4.57159716,0.015864,-0.00062917,0.00050669,0.00036703,-0.00018636,0.00075521,-0.00004453,-0.00011274,-0.00007219,16:01:31..440,,,,
16:01:31..519,4.74225633,0.015864,-0.00062907,0.00050597,0.00036701,-0.0001865,0.00075477,-0.00004447,-0.00011321,-0.00007252,16:01:31..516,,,,
16:01:31..551,4.40093799,0.015978,-0.00062984,0.00050544,0.00036739,-0.0001864,0.00075387,-0.00004378,-0.00011079,-0.0000718,16:01:31..559,,,,
16:01:31..736,4.29750819,0.015978,-0.00062989,0.00050415,0.00036714,-0.00018697,0.00075496,-0.00004345,-0.00011058,-0.00007162,16:01:31..732,,,,
16:01:31..768,4.71639888,0.016088,-0.00063079,0.00050284,0.00036615,-0.00018528,0.00075458,-0.00004212,-0.0001105,-0.00007146,16:01:31..776,,,,
16:01:31..873,4.6026261,0.016088,-0.00063052,0.00050316,0.00036665,-0.00018563,0.00075363,-0.00004203,-0.00011037,-0.00007154,16:01:31..870,,,,
16:01:31..906,4.36473756,0.016048,-0.00062982,0.0005051,0.00036679,-0.0001853,0.0007558,-0.00004304,-0.00011163,-0.00007235,16:01:31..913,,,,
16:01:32..011,4.4991963,0.016048,-0.00062955,0.00050445,0.00036621,-0.0001859,0.00075666,-0.00004283,-0.00011137,-0.00007248,16:01:32..007,,,,
16:01:32..042,4.50953928,0.015917,-0.00062828,0.00050589,0.00036625,-0.00018473,0.00076509,-0.00004586,-0.00011242,-0.0000713,16:01:32..051,,,,
16:01:32..150,4.66985547,0.015917,-0.00062809,0.00050658,0.00036689,-0.00018412,0.00076385,-0.0000458,-0.00011273,-0.00007065,16:01:32..145,,,,
16:01:32..181,4.50436779,0.015654,-0.00062857,0.00050563,0.00036678,-0.00018407,0.00076332,-0.00004602,-0.00011211,-0.00007024,16:01:32..190,,,,
16:01:32..314,4.50953928,0.015654,-0.0006282,0.00050542,0.0003668,-0.00018392,0.00076425,-0.00004557,-0.00011217,-0.00007042,16:01:32..310,,,,
16:01:32..346,4.50953928,0.015439,-0.00062964,0.00050326,0.00036385,-0.00018368,0.00075641,-0.00004285,-0.00011139,-0.0000724,16:01:32..352,,,,
16:01:32..457,4.51471077,0.015439,-0.00062981,0.00050368,0.00036371,-0.00018358,0.00075618,-0.00004271,-0.00011176,-0.00007191,16:01:32..453,,,,
16:01:32..488,4.62331206,0.015431,-0.00062854,0.00050605,0.00036818,-0.0001839,0.0007563,-0.00004439,-0.0001122,-0.00006958,16:01:32..498,,,,
16:01:32..630,4.53539673,0.015431,-0.00062909,0.00050628,0.00036803,-0.00018336,0.00075566,-0.00004434,-0.00011218,-0.00006981,16:01:32..626,,,,
16:01:32..663,4.55608269,0.015476,-0.0006295,0.00050701,0.00036802,-0.00018633,0.00075538,-0.00004236,-0.00011153,-0.00007362,16:01:32..670,,,,
16:01:32..799,4.53022524,0.015476,-0.00062927,0.00050728,0.00036821,-0.00018631,0.00075458,-0.0000427,-0.00011244,-0.00007352,16:01:32..795,,,,
16:01:32..830,4.56642567,0.015777,-0.00062919,0.00050526,0.00036495,-0.00018379,0.00076387,-0.00003899,-0.00011234,-0.00007515,16:01:32..838,,,,
16:01:32..961,4.55608269,0.015777,-0.00062927,0.00050576,0.00036543,-0.00018356,0.00076314,-0.00003958,-0.00011234,-0.00007537,16:01:32..955,,,,
16:01:32..993,4.44230991,0.015775,-0.00062968,0.0005066,0.00036785,-0.00018342,0.00076055,-0.00004001,-0.00011191,-0.00007588,16:01:32..999,,,,
16:01:33..148,4.56642567,0.015775,-0.00062992,0.00050649,0.00036822,-0.00018362,0.00076053,-0.00003985,-0.00011178,-0.00007562,16:01:33..144,,,,
16:01:33..181,4.54573971,0.015257,-0.00062891,0.00050836,0.00036854,-0.00018507,0.00075895,-0.00003976,-0.00011181,-0.00007632,16:01:33..144,,,,
16:01:33..266,4.58711163,0.015257,-0.000629,0.00050977,0.00036903,-0.00018466,0.00075775,-0.00004008,-0.00011157,-0.00007636,16:01:33..307,,,,
16:01:33..317,4.46299587,0.015257,-0.00062891,0.0005079,0.00036871,-0.00018478,0.0007587,-0.00003946,-0.0001118,-0.00007656,16:01:33..307,,,,
16:01:33..350,4.51988226,0.015197,-0.0006294,0.0005106,0.00036977,-0.00018514,0.00076083,-0.00004183,-0.00011409,-0.00007904,16:01:33..416,,,,
16:01:33..489,4.54056822,0.015197,-0.0006292,0.00051058,0.00036951,-0.00018524,0.00076028,-0.0000417,-0.00011359,-0.00007884,16:01:33..487,,,,
16:01:33..522,4.49402481,0.015114,-0.00062828,0.00051029,0.00036978,-0.00018533,0.00075627,-0.00004075,-0.00011274,-0.00007805,16:01:33..533,,,,
16:01:33..661,4.53022524,0.015114,-0.00062826,0.0005109,0.00036971,-0.00018524,0.00075628,-0.00004008,-0.00011243,-0.00007796,16:01:33..657,,,,
16:01:33..693,4.56125418,0.015286,-0.00062754,0.00050974,0.00037028,-0.00018443,0.00078465,-0.00004126,-0.0001131,-0.00007128,16:01:33..701,,,,
16:01:33..809,4.60779759,0.015286,-0.00062777,0.00050859,0.00036957,-0.00018441,0.00078585,-0.00004109,-0.00011306,-0.00007083,16:01:33..804,,,,
16:01:33..841,4.62848355,0.015357,-0.00062517,0.00051277,0.00036991,-0.00018453,0.000755,-0.00004058,-0.00011309,-0.00007906,16:01:33..804,,,,
16:01:33..923,4.56125418,0.015357,-0.00062549,0.00051219,0.00037029,-0.0001846,0.0007553,-0.00004054,-0.00011317,-0.0000795,16:01:33..963,,,,
16:01:33..986,4.37508054,0.015357,-0.00062495,0.00051313,0.00037011,-0.00018474,0.00075506,-0.00004052,-0.00011347,-0.00007956,16:01:33..963,,,,
16:01:34..019,4.52505375,0.015269,-0.0006249,0.00051212,0.00037042,-0.00018467,0.00075679,-0.00004071,-0.00011236,-0.00007657,16:01:34..050,,,,
16:01:34..160,4.68536994,0.015269,-0.00062538,0.00051123,0.00037015,-0.00018462,0.00075794,-0.0000398,-0.00011183,-0.00007643,16:01:34..156,,,,
16:01:34..193,4.45782438,0.015118,-0.00062428,0.00051206,0.00037031,-0.00018436,0.00076829,-0.00004194,-0.00011274,-0.00007274,16:01:34..199,,,,
16:01:34..368,4.35956607,0.015118,-0.00062465,0.00051137,0.00037003,-0.00018516,0.00076907,-0.00004187,-0.00011262,-0.00007202,16:01:34..363,,,,
16:01:34..400,4.57676865,0.015022,-0.00062301,0.00051151,0.0003701,-0.00018416,0.00077794,-0.00004777,-0.0001132,-0.00006074,16:01:34..363,,,,
16:01:34..500,4.57159716,0.015022,-0.00062346,0.0005105,0.00036963,-0.00018505,0.00077877,-0.00004768,-0.00011326,-0.00006077,16:01:34..550,,,,
16:01:34..561,4.57676865,0.015022,-0.00062349,0.00051142,0.00036987,-0.00018411,0.00077828,-0.00004727,-0.0001132,-0.00006103,16:01:34..550,,,,
16:01:34..596,4.63365504,0.014819,-0.00062859,0.00051117,0.00037044,-0.00018459,0.0007681,-0.00004184,-0.00011216,-0.00007342,16:01:34..675,,,,
16:01:34..735,4.61814057,0.014819,-0.00062804,0.00051087,0.00036971,-0.00018485,0.00076797,-0.00004163,-0.00011277,-0.00007363,16:01:34..746,,,,
16:01:34..769,4.62848355,0.014696,-0.00062387,0.00051209,0.00036996,-0.00018471,0.00076751,-0.00003967,-0.00011189,-0.00007069,16:01:34..746,,,,
16:01:34..851,4.58194014,0.014696,-0.00062375,0.00051219,0.00037012,-0.00018473,0.00076776,-0.0000406,-0.00011219,-0.00007062,16:01:34..851,,,,
16:01:34..885,4.48885332,0.014632,-0.00062639,0.00051148,0.00037037,-0.00018374,0.00077898,-0.00004191,-0.00011189,-0.00006837,16:01:34..851,,,,
16:01:34..936,4.54056822,0.01451,-0.00062643,0.00051119,0.00037022,-0.00018429,0.00077789,-0.00004183,-0.00011235,-0.00006905,16:01:34..938,,,,
16:01:35..002,4.61296908,0.01451,-0.00062641,0.00051154,0.00037059,-0.00018415,0.00077625,-0.00004161,-0.0001122,-0.00007004,16:01:35..054,,,,
16:01:35..093,4.46299587,0.01451,-0.00062669,0.00051153,0.00037014,-0.0001845,0.00077462,-0.00004156,-0.00011252,-0.0000704,16:01:35..054,,,,
16:01:35..127,4.6026261,0.014254,-0.00062853,0.00051253,0.00037,-0.00018429,0.00078082,-0.00003528,-0.00011183,-0.00007828,16:01:35..141,,,,
16:01:35..255,4.56125418,0.014254,-0.00062875,0.00051239,0.0003703,-0.00018437,0.00078041,-0.00003561,-0.00011177,-0.0000781,16:01:35..251,,,,
16:01:35..288,4.56125418,0.013905,-0.00062743,0.00051119,0.00037043,-0.00018509,0.00075384,-0.00004015,-0.00011146,-0.00007444,16:01:35..295,,,,
16:01:35..449,4.47851034,0.013905,-0.00062691,0.0005101,0.00036991,-0.00018532,0.00075541,-0.00004049,-0.00011125,-0.00007473,16:01:35..444,,,,
16:01:35..484,4.53022524,0.013652,-0.00062004,0.00051582,0.0003712,-0.000184,0.00077832,-0.00004195,-0.00011368,-0.00006775,16:01:35..488,,,,
16:01:35..662,4.54056822,0.013652,-0.00062038,0.00051509,0.00037075,-0.00018404,0.00077798,-0.0000426,-0.00011301,-0.00006713,16:01:35..661,,,,
16:01:35..695,4.47851034,0.013116,-0.00062106,0.00051468,0.00037139,-0.00018401,0.00077602,-0.00004608,-0.00011305,-0.00006147,16:01:35..704,,,,
16:01:35..834,4.56125418,0.013116,-0.00062131,0.00051484,0.00037111,-0.00018455,0.00077646,-0.00004639,-0.00011304,-0.00006172,16:01:35..829,,,,
16:01:35..866,4.46816736,0.013024,-0.00062688,0.0005133,0.00037124,-0.00018481,0.00076938,-0.00004821,-0.00011249,-0.00006755,16:01:35..874,,,,
16:01:35..993,4.55608269,0.013024,-0.00062713,0.00051276,0.00037097,-0.00018483,0.00076984,-0.00004792,-0.00011233,-0.00006749,16:01:35..990,,,,
16:01:36..024,4.58194014,0.013056,-0.00062914,0.00051113,0.00037042,-0.00018528,0.0007593,-0.00004083,-0.00011227,-0.00007021,16:01:36..034,,,,
16:01:36..108,4.47851034,0.013056,-0.0006292,0.00050993,0.0003703,-0.00018538,0.00076046,-0.00004116,-0.00011194,-0.00007021,16:01:36..164,,,,
16:01:36..172,4.58711163,0.013056,-0.00062941,0.00051109,0.00037061,-0.00018452,0.00076025,-0.00004108,-0.00011265,-0.00007097,16:01:36..164,,,,
16:01:36..207,4.51988226,0.012958,-0.00062843,0.00051241,0.00037019,-0.00018569,0.00075457,-0.00004087,-0.00011094,-0.0000717,16:01:36..262,,,,
16:01:36..337,4.51471077,0.012958,-0.00062836,0.00051295,0.00037044,-0.0001852,0.0007548,-0.00004069,-0.00011091,-0.0000719,16:01:36..332,,,,
16:01:36..370,4.56642567,0.012814,-0.0006285,0.00051085,0.00037025,-0.00018486,0.00075186,-0.00004894,-0.00011127,-0.0000615,16:01:36..375,,,,
16:01:36..488,4.51471077,0.012814,-0.00062857,0.00051068,0.00037006,-0.00018507,0.00075302,-0.00004952,-0.00011104,-0.00006066,16:01:36..483,,,,
16:01:36..520,4.50436779,0.012946,-0.00062704,0.00051141,0.00037105,-0.00018501,0.00077362,-0.00005089,-0.00011122,-0.0000548,16:01:36..603,,,,
16:01:36..672,4.53539673,0.012946,-0.00062696,0.00051249,0.00037121,-0.00018448,0.00077321,-0.00005074,-0.00011171,-0.00005538,16:01:36..671,,,,
16:01:36..704,4.53539673,0.013022,-0.00062232,0.0005135,0.00037277,-0.00018481,0.00078604,-0.0000599,-0.00011139,-0.00001897,16:01:36..714,,,,
16:01:36..804,4.48368183,0.013022,-0.00062243,0.00051373,0.00037296,-0.00018493,0.00078592,-0.00006023,-0.00011179,-0.00001891,16:01:36..845,,,,
16:01:36..855,4.46816736,0.013022,-0.00062223,0.00051342,0.00037281,-0.00018473,0.00078582,-0.00006038,-0.00011163,-0.00001911,16:01:36..845,,,,
16:01:36..889,4.57676865,0.012995,-0.00062074,0.00051341,0.00037408,-0.00018473,0.00079017,-0.00006378,-0.00011038,0.00000439,16:01:36..949,,,,
16:01:37..036,4.62331206,0.012995,-0.00062037,0.00051275,0.00037391,-0.00018494,0.00079064,-0.00006325,-0.00011078,0.00000426,16:01:37..034,,,,
16:01:37..068,4.46299587,0.013327,-0.00062114,0.00051305,0.00037361,-0.00018537,0.0007802,-0.00006081,-0.00010856,0.00000981,16:01:37..077,,,,
16:01:37..208,4.55608269,0.013327,-0.000621,0.00051392,0.00037378,-0.00018563,0.00078036,-0.0000608,-0.00010868,0.00000963,16:01:37..205,,,,
16:01:37..240,4.54573971,0.013303,-0.00061912,0.00051455,0.00037202,-0.00018438,0.00079271,-0.00006081,-0.00011138,-0.00000235,16:01:37..248,,,,
16:01:37..361,4.61296908,0.013303,-0.00061931,0.00051443,0.00037221,-0.00018472,0.00079339,-0.00006097,-0.00011083,-0.00000202,16:01:37..357,,,,
16:01:37..394,4.58711163,0.013364,-0.00061947,0.00051362,0.00037347,-0.00018439,0.0007946,-0.00006074,-0.00011008,-0.00000056,16:01:37..403,,,,
16:01:37..509,4.4991963,0.013364,-0.00061936,0.00051535,0.00037413,-0.00018366,0.00079332,-0.0000604,-0.00011032,-0.00000072,16:01:37..505,,,,
16:01:37..541,4.48885332,0.013368,-0.0006183,0.00051518,0.00037477,-0.00018398,0.00079864,-0.00006277,-0.00011215,0.00000512,16:01:37..547,,,,
16:01:37..687,4.44230991,0.013368,-0.00061808,0.00051451,0.00037458,-0.00018392,0.00079937,-0.00006223,-0.00011125,0.00000478,16:01:37..683,,,,
16:01:37..719,4.56125418,0.013084,-0.00061961,0.00051393,0.00037422,-0.00018419,0.00078922,-0.00006054,-0.00010991,-0.00000268,16:01:37..730,,,,
16:01:37..948,4.4991963,0.013084,-0.00061974,0.00051419,0.0003739,-0.00018387,0.00078833,-0.00006077,-0.00010995,-0.00000291,16:01:37..943,,,,
16:01:37..979,4.53022524,0.012988,-0.00062394,0.00051322,0.00037318,-0.00018642,0.00075831,-0.00005252,-0.00010825,-0.00002314,16:01:37..987,,,,
16:01:38..129,4.53539673,0.012988,-0.00062353,0.00051319,0.00037267,-0.0001869,0.00075905,-0.00005227,-0.00010791,-0.00002321,16:01:38..126,,,,
16:01:38..161,4.51471077,0.013411,-0.00062086,0.00051315,0.00037264,-0.00018392,0.00079492,-0.00006042,-0.00011095,-0.00002113,16:01:38..170,,,,
16:01:38..326,4.52505375,0.013411,-0.00062062,0.00051373,0.00037309,-0.00018327,0.0007937,-0.00006068,-0.00011057,-0.00002155,16:01:38..323,,,,
16:01:38..360,4.52505375,0.013497,-0.00062411,0.00051332,0.00037246,-0.00018754,0.00075055,-0.00004955,-0.0001087,-0.00003372,16:01:38..366,,,,
16:01:38..509,4.5509112,0.013497,-0.00062329,0.00051352,0.00037257,-0.0001874,0.00074922,-0.00004948,-0.00010825,-0.00003403,16:01:38..505,,,,
16:01:38..542,4.49402481,0.013597,-0.00062641,0.00051078,0.0003708,-0.00018884,0.00074223,-0.00003743,-0.00010707,-0.00004738,16:01:38..548,,,,
16:01:38..708,4.46816736,0.013597,-0.00062692,0.0005096,0.00037023,-0.00018947,0.00074283,-0.000038,-0.0001071,-0.00004721,16:01:38..704,,,,
16:01:38..740,4.53539673,0.013638,-0.00062732,0.00051091,0.00037051,-0.00018714,0.00074753,-0.00003824,-0.00010854,-0.00005659,16:01:38..704,,,,
16:01:38..843,4.4991963,0.013504,-0.00062711,0.00051078,0.00037032,-0.0001873,0.00074841,-0.0000376,-0.00010877,-0.00005667,16:01:38..892,,,,
16:01:38..948,4.59745461,0.013504,-0.00062688,0.00051113,0.00037019,-0.00018697,0.00074734,-0.00003827,-0.00010912,-0.00005685,16:01:38..948,,,,
16:01:38..983,4.53539673,0.013278,-0.00062769,0.0005106,0.0003704,-0.000187,0.0007463,-0.00003606,-0.00010852,-0.00005925,16:01:38..991,,,,
16:01:39..102,4.53539673,0.013278,-0.00062742,0.00050994,0.00036997,-0.00018724,0.00074617,-0.00003631,-0.00010777,-0.00005953,16:01:39..099,,,,
16:01:39..135,4.42679544,0.013066,-0.0006268,0.00051161,0.00037033,-0.00018658,0.00074573,-0.00003751,-0.0001092,-0.00006019,16:01:39..144,,,,
16:01:39..259,4.5509112,0.013066,-0.00062719,0.00051038,0.00036982,-0.00018663,0.00074646,-0.00003811,-0.00010914,-0.00005984,16:01:39..254,,,,
16:01:39..291,4.55608269,0.012917,-0.00062397,0.0005114,0.00037153,-0.00018658,0.00077735,-0.00005468,-0.00010917,-0.00003726,16:01:39..298,,,,
16:01:39..408,4.46816736,0.012917,-0.00062408,0.00051214,0.00037197,-0.00018595,0.00077727,-0.00005447,-0.0001093,-0.00003656,16:01:39..404,,,,
16:01:39..441,4.47333885,0.012992,-0.00062229,0.0005126,0.00037208,-0.00018668,0.00078098,-0.00005494,-0.00010919,-0.00002233,16:01:39..449,,,,
16:01:39..553,4.50953928,0.012992,-0.00062252,0.00051284,0.00037249,-0.00018638,0.00078054,-0.00005603,-0.00010916,-0.00002235,16:01:39..548,,,,
16:01:39..586,4.58194014,0.013369,-0.00062163,0.00051149,0.0003721,-0.00018651,0.00078733,-0.00005715,-0.0001088,-0.00001264,16:01:39..592,,,,
16:01:39..719,4.4991963,0.013369,-0.0006219,0.00051187,0.00037267,-0.00018566,0.00078751,-0.00005689,-0.00010832,-0.00001259,16:01:39..715,,,,
16:01:39..750,4.57676865,0.013569,-0.00061992,0.00051297,0.00037354,-0.00018523,0.00080108,-0.00006001,-0.00010958,-0.00000631,16:01:39..715,,,,
16:01:39..823,4.50436779,0.013569,-0.00061972,0.00051424,0.00037409,-0.00018464,0.00080055,-0.00005982,-0.00010982,-0.00000641,16:01:39..888,,,,
16:01:39..899,4.58194014,0.013569,-0.00062014,0.0005131,0.00037378,-0.00018481,0.00080116,-0.00006011,-0.00011004,-0.00000647,16:01:39..888,,,,
16:01:39..933,4.51988226,0.013513,-0.00062414,0.00051163,0.00037143,-0.00018573,0.00076903,-0.00005091,-0.00011067,-0.00005591,16:01:39..985,,,,
16:01:40..050,4.54573971,0.013513,-0.00062446,0.00051126,0.00037155,-0.00018553,0.00076921,-0.00005088,-0.00011073,-0.00005627,16:01:40..046,,,,
16:01:40..082,4.56642567,0.013456,-0.00062508,0.00051198,0.00037074,-0.00018665,0.0007524,-0.0000443,-0.00011049,-0.00006552,16:01:40..090,,,,
16:01:40..224,4.46299587,0.013456,-0.00062484,0.00051242,0.00037071,-0.00018633,0.00075152,-0.00004456,-0.00011009,-0.00006583,16:01:40..219,,,,
16:01:40..257,4.56125418,0.013437,-0.0006255,0.00051086,0.00037128,-0.00018713,0.00075859,-0.00004996,-0.00011105,-0.00005888,16:01:40..261,,,,
16:01:40..408,4.40610948,0.013437,-0.00062513,0.00051171,0.00037152,-0.00018604,0.00075764,-0.00005029,-0.00011048,-0.00005845,16:01:40..403,,,,
16:01:40..441,4.58711163,0.013224,-0.0006256,0.00051148,0.00037042,-0.00018655,0.00076364,-0.00004879,-0.00011061,-0.00006165,16:01:40..449,,,,
16:01:40..562,4.57159716,0.013224,-0.00062523,0.00051128,0.00037094,-0.00018655,0.00076349,-0.00004891,-0.0001108,-0.00006174,16:01:40..557,,,,
16:01:40..595,4.51988226,0.012813,-0.00062574,0.00051171,0.00037062,-0.0001863,0.00074825,-0.00003991,-0.00011045,-0.00007058,16:01:40..601,,,,
16:01:40..765,4.43196693,0.012813,-0.00062598,0.00051074,0.00037038,-0.00018687,0.00074829,-0.00004045,-0.00011049,-0.00007146,16:01:40..760,,,,
16:01:40..799,4.54573971,0.012679,-0.00062613,0.00051077,0.00037021,-0.00018696,0.00074283,-0.00004041,-0.00011058,-0.00007245,16:01:40..804,,,,
16:01:40..928,4.60779759,0.012679,-0.00062616,0.00051097,0.00036968,-0.00018666,0.00074073,-0.00004052,-0.00011123,-0.0000735,16:01:40..927,,,,
16:01:40..961,4.45782438,0.01256,-0.00062681,0.00050911,0.00036964,-0.00018605,0.00074966,-0.00004224,-0.00011102,-0.00007081,16:01:40..927,,,,
16:01:41..038,4.41645246,0.01256,-0.00062689,0.00050986,0.00036998,-0.00018582,0.00074925,-0.00004233,-0.00011115,-0.00007098,16:01:41..084,,,,
16:01:41..119,4.53539673,0.01256,-0.00062688,0.00050994,0.00036968,-0.00018633,0.00074947,-0.00004257,-0.00011139,-0.00007111,16:01:41..084,,,,
16:01:41..152,4.55608269,0.012594,-0.00062725,0.00050934,0.0003695,-0.00018661,0.0007482,-0.00003993,-0.00011012,-0.00007426,16:01:41..173,,,,
16:01:41..275,4.61814057,0.012594,-0.0006272,0.00051005,0.00036962,-0.00018564,0.00074798,-0.00004038,-0.00011043,-0.00007458,16:01:41..270,,,,
16:01:41..306,4.57159716,0.012697,-0.00062742,0.00051049,0.00036958,-0.00018635,0.00074664,-0.00004012,-0.00011074,-0.00007413,16:01:41..315,,,,
16:01:41..434,4.54056822,0.012697,-0.00062684,0.00051039,0.00036969,-0.00018631,0.00074691,-0.00004007,-0.00011025,-0.0000738,16:01:41..429,,,,
16:01:41..466,4.42162395,0.013084,-0.00062593,0.00051035,0.00037022,-0.00018568,0.00075668,-0.00004802,-0.00011134,-0.00006615,16:01:41..473,,,,
16:01:41..596,4.52505375,0.013084,-0.00062561,0.00051086,0.00036991,-0.000186,0.00075634,-0.00004783,-0.00011194,-0.0000659,16:01:41..591,,,,
16:01:41..630,4.54056822,0.013557,-0.00062662,0.00051006,0.00036982,-0.00018612,0.00075456,-0.00004846,-0.00011078,-0.00006781,16:01:41..635,,,,
16:01:41..798,4.48368183,0.013557,-0.00062619,0.00051129,0.00036986,-0.00018567,0.0007536,-0.00004861,-0.00011115,-0.00006758,16:01:41..795,,,,
16:01:41..831,4.53022524,0.013806,-0.00062562,0.00051068,0.00037011,-0.00018533,0.00075585,-0.00005069,-0.00011165,-0.00006386,16:01:41..838,,,,
16:01:41..965,4.54056822,0.013806,-0.0006259,0.00051006,0.00036987,-0.00018554,0.00075548,-0.0000508,-0.00011184,-0.00006395,16:01:41..960,,,,
16:01:41..996,4.6026261,0.013985,-0.00062559,0.00051165,0.00036996,-0.00018494,0.00075795,-0.00005156,-0.000112,-0.00006268,16:01:42..004,,,,
16:01:42..139,4.60779759,0.013985,-0.00062577,0.00051023,0.00037025,-0.00018511,0.00075852,-0.00005092,-0.00011194,-0.000063,16:01:42..134,,,,
16:01:42..171,4.50953928,0.01414,-0.00062551,0.00051076,0.00037031,-0.00018546,0.00075819,-0.00005144,-0.00011153,-0.00006336,16:01:42..177,,,,
16:01:42..298,4.55608269,0.01414,-0.00062584,0.00051123,0.00037001,-0.00018502,0.00075789,-0.00005172,-0.00011129,-0.00006294,16:01:42..295,,,,
16:01:42..331,4.57676865,0.014071,-0.00062551,0.00051075,0.00037024,-0.00018479,0.00075265,-0.00005108,-0.00011135,-0.00006167,16:01:42..338,,,,
16:01:42..479,4.54573971,0.014071,-0.00062582,0.00051044,0.00037006,-0.00018553,0.00075279,-0.00005155,-0.0001112,-0.00006181,16:01:42..475,,,,
16:01:42..511,4.57159716,0.013989,-0.00062646,0.00050895,0.00036927,-0.00018577,0.00075182,-0.00004809,-0.0001108,-0.00006465,16:01:42..518,,,,
16:01:42..659,4.48368183,0.013989,-0.00062684,0.00050963,0.0003697,-0.00018555,0.00075087,-0.00004814,-0.00011082,-0.00006548,16:01:42..655,,,,
16:01:42..691,4.50953928,0.013795,-0.00062696,0.00051142,0.00036988,-0.00018602,0.00074907,-0.00004423,-0.00011109,-0.00007172,16:01:42..699,,,,
16:01:42..813,4.59228312,0.013795,-0.00062696,0.00051114,0.00037008,-0.00018639,0.00074896,-0.00004414,-0.00011129,-0.0000718,16:01:42..808,,,,
16:01:42..846,4.43713842,0.013726,-0.00062684,0.00050943,0.00036918,-0.00018663,0.00075061,-0.00004434,-0.00011083,-0.00006987,16:01:42..851,,,,
16:01:42..961,4.49402481,0.013726,-0.0006269,0.00050994,0.00036923,-0.00018588,0.00074972,-0.00004369,-0.0001112,-0.00006991,16:01:42..957,,,,
16:01:42..993,4.47851034,0.01367,-0.00062526,0.00051035,0.00036994,-0.0001862,0.00074867,-0.00004974,-0.00011198,-0.00005864,16:01:43..000,,,,
16:01:43..122,4.48368183,0.01367,-0.00062526,0.00051124,0.00037012,-0.00018548,0.00074723,-0.00004977,-0.00011223,-0.00005923,16:01:43..116,,,,
16:01:43..154,4.48885332,0.013535,-0.00062085,0.00051151,0.00037062,-0.00018529,0.00076233,-0.00005441,-0.00011375,-0.00004269,16:01:43..160,,,,
16:01:43..298,4.59745461,0.013535,-0.00062097,0.00051198,0.00037042,-0.00018549,0.00076163,-0.00005487,-0.00011399,-0.00004269,16:01:43..293,,,,
16:01:43..331,4.52505375,0.013715,-0.00062427,0.00051184,0.00037002,-0.00018559,0.00075237,-0.0000474,-0.00011212,-0.00006176,16:01:43..337,,,,
16:01:43..460,4.55608269,0.013715,-0.00062441,0.00051167,0.00036995,-0.00018582,0.00075371,-0.00004752,-0.00011184,-0.00006184,16:01:43..455,,,,
16:01:43..492,4.5509112,0.013904,-0.00062534,0.00051146,0.00036974,-0.00018573,0.00074805,-0.00004653,-0.00011203,-0.00006168,16:01:43..498,,,,
16:01:43..616,4.52505375,0.013904,-0.00062571,0.00051065,0.00036945,-0.00018581,0.00074958,-0.00004613,-0.00011175,-0.00006126,16:01:43..612,,,,
16:01:43..649,4.48368183,0.014081,-0.0006247,0.00051099,0.00036973,-0.00018628,0.00075285,-0.00004903,-0.00011216,-0.00005352,16:01:43..657,,,,
16:01:43..782,4.55608269,0.014081,-0.00062455,0.00051046,0.00036983,-0.00018602,0.00075362,-0.00004921,-0.00011192,-0.00005414,16:01:43..777,,,,
16:01:43..814,4.53022524,0.013794,-0.00062728,0.00051015,0.00036935,-0.00018641,0.00074683,-0.00004035,-0.00011105,-0.00007316,16:01:43..877,,,,
16:01:43..948,4.54056822,0.013794,-0.00062691,0.0005103,0.00036929,-0.00018652,0.00074593,-0.00004019,-0.00011128,-0.00007363,16:01:43..943,,,,
16:01:43..978,4.51988226,0.013862,-0.00062731,0.00050997,0.00036981,-0.00018653,0.00074764,-0.00004247,-0.000111,-0.00007297,16:01:43..987,,,,
16:01:44..117,4.48368183,0.013862,-0.00062691,0.00051099,0.00036999,-0.00018605,0.00074677,-0.00004265,-0.00011146,-0.00007361,16:01:44..112,,,,
16:01:44..148,4.54056822,0.01397,-0.00062687,0.00051048,0.00036981,-0.00018577,0.00074776,-0.00004321,-0.00011047,-0.00007214,16:01:44..155,,,,
16:01:44..260,4.5509112,0.01397,-0.00062692,0.00051082,0.00036959,-0.00018574,0.00074657,-0.00004328,-0.00011087,-0.00007277,16:01:44..255,,,,
16:01:44..293,4.4991963,0.014088,-0.00062717,0.00051054,0.00036904,-0.00018585,0.00074902,-0.00004179,-0.00011194,-0.00007345,16:01:44..298,,,,
16:01:44..420,4.48885332,0.014088,-0.00062721,0.00051076,0.00036959,-0.00018616,0.00074873,-0.00004247,-0.00011184,-0.00007384,16:01:44..415,,,,
16:01:44..451,4.60779759,0.014022,-0.00062715,0.00051103,0.00036913,-0.00018642,0.00074777,-0.00004022,-0.0001116,-0.00007344,16:01:44..415,,,,
16:01:44..558,4.50953928,0.014022,-0.00062743,0.00051143,0.00037002,-0.00018598,0.00074694,-0.00003992,-0.00011168,-0.00007278,16:01:44..600,,,,
16:01:44..636,4.53539673,0.014022,-0.00062687,0.00051088,0.00036975,-0.00018618,0.00074818,-0.00004017,-0.00011124,-0.00007272,16:01:44..600,,,,
16:01:44..668,4.57159716,0.013735,-0.00062637,0.00051155,0.00037049,-0.00018562,0.00075195,-0.00004485,-0.00011233,-0.00007372,16:01:44..688,,,,
16:01:44..822,4.56642567,0.013735,-0.00062612,0.00051115,0.00036981,-0.0001855,0.00075227,-0.0000444,-0.00011258,-0.00007393,16:01:44..819,,,,
16:01:44..858,4.44230991,0.013648,-0.00062641,0.00051278,0.00037078,-0.00018447,0.0007547,-0.00004552,-0.00011303,-0.00007493,16:01:44..863,,,,
16:01:44..967,4.52505375,0.013648,-0.00062619,0.00051234,0.0003703,-0.00018459,0.00075604,-0.0000451,-0.00011292,-0.00007372,16:01:44..964,,,,
16:01:45..001,4.58711163,0.013858,-0.00062717,0.00051086,0.0003694,-0.00018624,0.00075013,-0.00004248,-0.00011206,-0.0000738,16:01:45..008,,,,
16:01:45..115,4.58711163,0.013858,-0.00062746,0.00051224,0.00036956,-0.00018539,0.00074935,-0.00004191,-0.00011154,-0.00007364,16:01:45..111,,,,
16:01:45..147,4.56125418,0.013848,-0.00062792,0.0005104,0.00036919,-0.00018589,0.00074963,-0.00004092,-0.00011163,-0.00007411,16:01:45..154,,,,
16:01:45..280,4.38542352,0.013848,-0.00062791,0.00050984,0.00036921,-0.0001859,0.00074998,-0.0000406,-0.000111,-0.00007405,16:01:45..276,,,,
16:01:45..313,4.56642567,0.014,-0.0006282,0.00051062,0.00036894,-0.00018622,0.00074756,-0.00003945,-0.00011182,-0.00007347,16:01:45..322,,,,
16:01:45..381,4.4991963,0.014,-0.00062819,0.00051072,0.00036928,-0.0001867,0.00074725,-0.00003963,-0.00011138,-0.00007366,16:01:45..472,,,,
16:01:45..482,4.58711163,0.014,-0.00062742,0.00051075,0.00036881,-0.00018603,0.00074739,-0.00003955,-0.00011136,-0.00007336,16:01:45..472,,,,
16:01:45..515,4.45265289,0.013976,-0.00062758,0.00051078,0.00036923,-0.00018636,0.00074646,-0.00003843,-0.00011126,-0.000073,16:01:45..559,,,,
16:01:45..618,4.4474814,0.013976,-0.00062764,0.00051138,0.00036934,-0.00018628,0.00074614,-0.00003853,-0.0001113,-0.00007301,16:01:45..617,,,,
16:01:45..650,4.51988226,0.013994,-0.00062737,0.00051118,0.00036895,-0.00018646,0.00074723,-0.00004109,-0.00011098,-0.000074,16:01:45..663,,,,
16:01:45..848,4.57159716,0.013994,-0.00062752,0.00051124,0.00036934,-0.00018599,0.00074769,-0.00004093,-0.00011116,-0.00007364,16:01:45..845,,,,
16:01:45..881,4.53022524,0.013828,-0.0006271,0.00051141,0.00036932,-0.00018583,0.0007501,-0.00004223,-0.00011194,-0.00007525,16:01:45..888,,,,
16:01:46..053,4.45265289,0.013828,-0.0006276,0.00051071,0.000369,-0.00018638,0.00075083,-0.00004173,-0.00011179,-0.0000749,16:01:46..048,,,,
16:01:46..085,4.54573971,0.013605,-0.0006258,0.00051417,0.00037003,-0.00018562,0.00075202,-0.00004347,-0.000114,-0.00007336,16:01:46..091,,,,
16:01:46..176,4.46816736,0.013433,-0.00062572,0.00051386,0.0003701,-0.00018587,0.00075311,-0.00004305,-0.00011381,-0.0000731,16:01:46..250,,,,
16:01:46..329,4.53539673,0.013433,-0.00062562,0.00051455,0.00037049,-0.00018542,0.00075185,-0.00004302,-0.00011407,-0.00007322,16:01:46..329,,,,
16:01:46..360,4.58194014,0.013228,-0.00062714,0.00051317,0.00036976,-0.000186,0.00074975,-0.00004046,-0.00011313,-0.0000728,16:01:46..373,,,,
16:01:46..547,4.72674186,0.013228,-0.0006271,0.00051286,0.00036949,-0.00018642,0.00075032,-0.00004042,-0.00011255,-0.00007258,16:01:46..544,,,,
16:01:46..583,4.64916951,0.013109,-0.00062716,0.00051248,0.00036993,-0.00018581,0.00075566,-0.00003699,-0.00011187,-0.00007088,16:01:46..588,,,,
16:01:46..738,4.61296908,0.013109,-0.00062703,0.00051244,0.00036991,-0.00018575,0.00075516,-0.00003684,-0.00011198,-0.00007014,16:01:46..734,,,,
16:01:46..771,4.52505375,0.012931,-0.00062783,0.00051156,0.00036888,-0.0001861,0.00076022,-0.0000295,-0.00011064,-0.00006253,16:01:46..777,,,,
16:01:46..817,4.72674186,0.012917,-0.00062787,0.00051145,0.00036959,-0.00018549,0.00075921,-0.00002973,-0.00011073,-0.00006264,16:01:46..864,,,,
16:01:46..906,4.47333885,0.012917,-0.00062777,0.00051145,0.00036931,-0.00018553,0.00075875,-0.00003002,-0.00011041,-0.00006236,16:01:46..864,,,,
16:01:46..940,4.42162395,0.012855,-0.00062749,0.00051142,0.00036922,-0.00018636,0.00075168,-0.00004083,-0.00011233,-0.0000714,16:01:46..950,,,,
16:01:47..076,4.36990905,0.012855,-0.00062789,0.0005113,0.00036909,-0.00018631,0.00075292,-0.00004066,-0.00011169,-0.00007101,16:01:47..071,,,,
16:01:47..109,4.51988226,0.012977,-0.00062788,0.00051076,0.00036895,-0.00018645,0.00075047,-0.00004154,-0.00011165,-0.00007417,16:01:47..116,,,,
16:01:47..186,4.61296908,0.012977,-0.00062785,0.00051011,0.00036852,-0.00018712,0.00075162,-0.00004124,-0.00011147,-0.00007424,16:01:47..246,,,,
16:01:47..257,4.4474814,0.012977,-0.00062802,0.00051116,0.00036869,-0.00018666,0.00075038,-0.00004118,-0.00011185,-0.00007431,16:01:47..246,,,,
16:01:47..290,4.64399802,0.012863,-0.00062824,0.00051029,0.00036887,-0.00018717,0.00074963,-0.00004076,-0.0001117,-0.00007254,16:01:47..291,,,,
16:01:47..344,4.53539673,0.012863,-0.00062782,0.00051019,0.00036887,-0.00018682,0.0007492,-0.00004079,-0.00011177,-0.00007237,16:01:47..407,,,,
16:01:47..418,4.46816736,0.012863,-0.00062823,0.00050983,0.0003685,-0.00018703,0.00074963,-0.00004073,-0.00011178,-0.00007225,16:01:47..407,,,,
16:01:47..452,4.48885332,0.012868,-0.00062807,0.00051024,0.00036842,-0.00018678,0.00074978,-0.00004122,-0.0001119,-0.0000739,16:01:47..451,,,,
16:01:47..584,4.51471077,0.012868,-0.00062767,0.00050983,0.00036823,-0.0001869,0.00075041,-0.00004099,-0.00011151,-0.00007386,16:01:47..580,,,,
16:01:47..615,4.50436779,0.013142,-0.00062774,0.00051051,0.00036875,-0.00018763,0.00074709,-0.00003913,-0.00011163,-0.00006848,16:01:47..625,,,,
16:01:47..761,4.66468398,0.013142,-0.00062777,0.00051008,0.00036827,-0.00018773,0.00074798,-0.00003906,-0.00011167,-0.00006819,16:01:47..757,,,,
16:01:47..793,4.68536994,0.013509,-0.00062814,0.00050862,0.00036865,-0.00018801,0.00074769,-0.00003798,-0.00011082,-0.00006354,16:01:47..757,,,,
16:01:47..888,4.42679544,0.013509,-0.0006284,0.00050883,0.00036858,-0.00018768,0.00074724,-0.00003799,-0.00011107,-0.00006357,16:01:47..947,,,,
16:01:47..961,4.5509112,0.013509,-0.00062796,0.00050902,0.00036885,-0.00018717,0.00074791,-0.00003774,-0.00011063,-0.0000632,16:01:47..947,,,,
16:01:47..993,4.56125418,0.014016,-0.00062846,0.00051071,0.00036894,-0.00018726,0.00074845,-0.00004152,-0.0001118,-0.00007276,16:01:48..079,,,,
16:01:48..152,4.54573971,0.014016,-0.00062817,0.00050968,0.00036831,-0.00018782,0.00074882,-0.0000417,-0.00011248,-0.00007273,16:01:48..152,,,,
16:01:48..186,4.47851034,0.01415,-0.00062796,0.00050957,0.00036904,-0.00018714,0.00074897,-0.00004297,-0.00011201,-0.00006906,16:01:48..198,,,,
16:01:48..316,4.54056822,0.01415,-0.00062768,0.00050892,0.00036888,-0.0001872,0.00074952,-0.00004221,-0.000111,-0.00006861,16:01:48..311,,,,
16:01:48..348,4.4991963,0.014383,-0.00062819,0.00050826,0.00036837,-0.00018748,0.00074952,-0.00004275,-0.00011127,-0.00006706,16:01:48..356,,,,
16:01:48..470,4.59228312,0.014383,-0.00062822,0.00050861,0.00036895,-0.00018732,0.0007483,-0.0000425,-0.00011117,-0.00006755,16:01:48..465,,,,
16:01:48..502,4.43713842,0.014673,-0.00062875,0.00050938,0.00036873,-0.00018735,0.00074987,-0.00004226,-0.00011248,-0.00007538,16:01:48..509,,,,
16:01:48..654,4.4474814,0.014673,-0.00062898,0.00050891,0.00036815,-0.00018728,0.00075011,-0.00004168,-0.00011233,-0.00007501,16:01:48..649,,,,
16:01:48..686,4.58711163,0.014783,-0.00062802,0.00050766,0.0003673,-0.00018901,0.00074976,-0.00003947,-0.00011058,-0.00006141,16:01:48..692,,,,
16:01:48..740,4.65951249,0.014758,-0.00062818,0.00050693,0.00036729,-0.00018919,0.0007508,-0.00003969,-0.00011043,-0.00006115,16:01:48..791,,,,
16:01:48..837,4.51471077,0.014678,-0.00062797,0.00050763,0.00036717,-0.0001888,0.00074943,-0.00003968,-0.00011086,-0.00006207,16:01:48..835,,,,
16:01:48..872,4.40093799,0.01458,-0.00062833,0.00050679,0.00036854,-0.00018843,0.00074661,-0.00004304,-0.00011225,-0.00007085,16:01:48..879,,,,
16:01:48..985,4.64399802,0.01458,-0.00062892,0.00050708,0.00036841,-0.00018802,0.00074617,-0.0000434,-0.00011213,-0.00007108,16:01:48..981,,,,
16:01:49..017,4.60779759,0.014478,-0.00062884,0.00050886,0.00036913,-0.00018714,0.00075168,-0.0000424,-0.00011229,-0.0000759,16:01:49..025,,,,
16:01:49..146,4.58711163,0.014478,-0.00062843,0.00050941,0.00036888,-0.00018728,0.00075142,-0.00004247,-0.00011287,-0.00007631,16:01:49..141,,,,
16:01:49..178,4.4474814,0.014196,-0.00062966,0.00050785,0.00036866,-0.00018706,0.00074838,-0.00004117,-0.00011194,-0.00007592,16:01:49..186,,,,
16:01:49..321,4.71639888,0.014196,-0.00062939,0.00050707,0.00036788,-0.00018751,0.00074957,-0.00004129,-0.00011217,-0.00007574,16:01:49..317,,,,
16:01:49..354,4.51471077,0.013562,-0.00062886,0.00050873,0.00036881,-0.00018734,0.00074866,-0.00004226,-0.00011266,-0.00007508,16:01:49..362,,,,
16:01:49..412,4.55608269,0.013562,-0.00062882,0.00050816,0.00036825,-0.00018764,0.00074952,-0.0000414,-0.00011192,-0.00007495,16:01:49..471,,,,
16:01:49..486,4.54056822,0.013562,-0.00062885,0.00050887,0.00036919,-0.0001878,0.00074861,-0.00004175,-0.0001124,-0.00007481,16:01:49..471,,,,
16:01:49..517,4.5509112,0.012784,-0.00062935,0.00050823,0.00036834,-0.00018817,0.00074971,-0.00004272,-0.00011244,-0.00007566,16:01:49..597,,,,
16:01:49..655,4.50953928,0.012784,-0.000629,0.00050824,0.00036837,-0.00018813,0.00074968,-0.0000424,-0.00011263,-0.0000761,16:01:49..597,,,,
16:01:49..687,4.40093799,0.012704,-0.00062908,0.00050608,0.00036745,-0.0001876,0.00074918,-0.00004144,-0.00011216,-0.00007582,16:01:49..708,,,,
16:01:49..786,4.59228312,0.012704,-0.00062907,0.00050527,0.00036683,-0.0001878,0.00075015,-0.00004124,-0.000112,-0.00007548,16:01:49..783,,,,
16:01:49..819,4.44230991,0.012558,-0.00062881,0.00050827,0.00036849,-0.00018687,0.00074889,-0.00004186,-0.00011257,-0.00007526,16:01:49..868,,,,
16:01:49..936,4.50436779,0.012558,-0.00062872,0.00050791,0.00036795,-0.00018753,0.00074978,-0.00004175,-0.00011215,-0.00007486,16:01:49..868,,,,
16:01:49..969,4.51988226,0.012494,-0.00062844,0.00050893,0.00036847,-0.00018768,0.0007498,-0.00004145,-0.00011181,-0.00007584,16:01:49..981,,,,
16:01:50..112,4.46299587,0.012494,-0.00062891,0.00050905,0.00036863,-0.00018768,0.00074859,-0.00004176,-0.00011204,-0.00007629,16:01:50..107,,,,
16:01:50..145,4.61296908,0.012398,-0.00062959,0.00050322,0.00036582,-0.00018776,0.00074958,-0.00004165,-0.00011211,-0.00007498,16:01:50..150,,,,
16:01:50..218,4.4474814,0.012398,-0.00062901,0.00050375,0.00036597,-0.00018768,0.00074959,-0.00004147,-0.00011198,-0.00007491,16:01:50..270,,,,
16:01:50..318,4.68536994,0.012181,-0.00062955,0.0005034,0.00036622,-0.00018776,0.00074981,-0.0000417,-0.00011199,-0.00007494,16:01:50..316,,,,
16:01:50..355,4.43713842,0.012268,-0.00062902,0.0005053,0.00036757,-0.00018745,0.00074996,-0.00004159,-0.00011184,-0.00007567,16:01:50..362,,,,
16:01:50..475,4.52505375,0.012268,-0.00062911,0.00050581,0.00036808,-0.00018705,0.00074928,-0.0000416,-0.00011236,-0.00007572,16:01:50..472,,,,
16:01:50..509,4.49402481,0.012192,-0.00062812,0.00050241,0.00036551,-0.00018608,0.00075107,-0.00004088,-0.00011268,-0.0000763,16:01:50..516,,,,
16:01:50..636,4.54056822,0.012192,-0.00062795,0.0005018,0.00036518,-0.00018554,0.0007511,-0.00004069,-0.00011208,-0.00007632,16:01:50..631,,,,
16:01:50..669,4.7060559,0.012354,-0.00063042,0.00048284,0.0003642,-0.0001725,0.00076009,-0.00003309,-0.00011272,-0.00006936,16:01:50..631,,,,
16:01:50..756,4.72674186,0.012354,-0.00063031,0.00048285,0.0003644,-0.00017222,0.00075918,-0.00003278,-0.00011324,-0.00006989,16:01:50..806,,,,
16:01:50..817,4.14753498,0.012354,-0.00063016,0.00048249,0.0003646,-0.0001719,0.00076043,-0.00003304,-0.00011276,-0.0000696,16:01:50..806,,,,
16:01:50..851,4.04410518,0.012204,-0.00062906,0.00049546,0.00036416,-0.00018796,0.00074558,-0.00004721,-0.00011516,-0.00007093,16:01:50..918,,,,
16:01:50..985,4.5509112,0.012204,-0.00062942,0.00049501,0.00036426,-0.00018783,0.00074635,-0.00004743,-0.00011557,-0.00007129,16:01:50..980,,,,
16:01:51..018,4.81465719,0.012426,-0.0006265,0.00050542,0.00036231,-0.00017862,0.00075061,-0.00003591,-0.00011001,-0.00007137,16:01:51..025,,,,
16:01:51..158,4.57159716,0.012426,-0.00062622,0.00050528,0.00036297,-0.00017859,0.00075087,-0.0000353,-0.00010946,-0.00007113,16:01:51..153,,,,
16:01:51..189,4.10099157,0.012753,-0.00063035,0.00049888,0.00036686,-0.00018657,0.00075166,-0.0000443,-0.00011439,-0.00007222,16:01:51..195,,,,
16:01:51..315,4.20442137,0.012753,-0.00063046,0.0004997,0.00036726,-0.00018669,0.00075061,-0.00004433,-0.00011486,-0.00007294,16:01:51..309,,,,
16:01:51..346,4.79914272,0.012919,-0.00062702,0.00050397,0.00036789,-0.00018747,0.00075064,-0.00004064,-0.00011149,-0.00007545,16:01:51..352,,,,
16:01:51..491,4.89740103,0.012919,-0.00062734,0.00050404,0.00036818,-0.00018735,0.0007507,-0.00004065,-0.00011189,-0.00007549,16:01:51..486,,,,
16:01:51..523,4.20442137,0.012993,-0.00062671,0.00050168,0.00036677,-0.00019354,0.00074918,-0.00004413,-0.00011357,-0.00007238,16:01:51..530,,,,
16:01:51..575,4.49402481,0.012939,-0.00062707,0.0005016,0.00036656,-0.0001935,0.00074975,-0.00004394,-0.00011368,-0.00007288,16:01:51..645,,,,
16:01:51..663,4.51471077,0.012939,-0.00062701,0.00050192,0.00036638,-0.00019362,0.00074934,-0.00004422,-0.00011372,-0.00007278,16:01:51..645,,,,
16:01:51..696,4.66468398,0.012888,-0.00062698,0.00050724,0.00036898,-0.00019089,0.0007493,-0.00004343,-0.00011129,-0.00007404,16:01:51..751,,,,
16:01:51..807,4.61296908,0.012888,-0.00062712,0.00050681,0.00036916,-0.00019089,0.00075026,-0.00004299,-0.00011109,-0.00007359,16:01:51..802,,,,
16:01:51..843,4.50436779,0.013192,-0.00062714,0.00050726,0.00036968,-0.0001909,0.00074901,-0.00004321,-0.00011145,-0.00007363,16:01:51..846,,,,
16:01:51..879,4.31302266,0.013274,-0.00062944,0.00050202,0.0003687,-0.00018848,0.00075149,-0.00004348,-0.00011466,-0.00007562,16:01:51..888,,,,
16:01:52..001,4.31819415,0.013274,-0.0006292,0.0005026,0.00036909,-0.00018836,0.00075148,-0.00004256,-0.0001138,-0.00007559,16:01:51..998,,,,
16:01:52..034,4.63365504,0.01325,-0.00062755,0.00050772,0.00037065,-0.00018773,0.00075174,-0.00004335,-0.00011373,-0.00007712,16:01:52..041,,,,
16:01:52..187,4.81982868,0.01325,-0.00062751,0.000508,0.000371,-0.00018722,0.00075088,-0.00004367,-0.00011371,-0.00007719,16:01:52..182,,,,
16:01:52..220,4.34922309,0.012964,-0.000627,0.0005079,0.00037071,-0.00018745,0.00075259,-0.0000444,-0.00011553,-0.00007837,16:01:52..226,,,,
16:01:52..351,4.45782438,0.012964,-0.00062664,0.00050874,0.00037105,-0.00018726,0.00075157,-0.00004436,-0.00011563,-0.00007812,16:01:52..348,,,,
16:01:52..385,4.69571292,0.013183,-0.00062849,0.0005013,0.00036755,-0.0001856,0.0007492,-0.00004137,-0.00011266,-0.00007597,16:01:52..391,,,,
16:01:52..520,4.69054143,0.013183,-0.00062875,0.00050109,0.00036771,-0.00018562,0.00074985,-0.00004151,-0.00011205,-0.00007617,16:01:52..515,,,,
16:01:52..553,4.38025203,0.013493,-0.00062865,0.00048488,0.00036316,-0.00018479,0.00074945,-0.00004173,-0.00011275,-0.00007576,16:01:52..558,,,,
16:01:52..719,4.33888011,0.013493,-0.00062865,0.00048364,0.00036264,-0.00018516,0.00075045,-0.00004151,-0.00011256,-0.00007589,16:01:52..714,,,,
16:01:52..752,4.65951249,0.013402,-0.00062834,0.00050133,0.00036773,-0.00018621,0.00075007,-0.000042,-0.00011276,-0.00007628,16:01:52..759,,,,
16:01:52..823,4.65951249,0.013402,-0.0006289,0.00050134,0.00036777,-0.00018638,0.00074997,-0.00004237,-0.00011307,-0.00007649,16:01:52..867,,,,
16:01:52..885,4.33370862,0.013402,-0.00062882,0.00050133,0.00036816,-0.00018641,0.00075013,-0.00004242,-0.00011307,-0.00007671,16:01:52..867,,,,
16:01:52..919,4.61296908,0.013486,-0.0006285,0.00050378,0.00036865,-0.00018747,0.00075029,-0.0000421,-0.00011233,-0.00007533,16:01:52..955,,,,
16:01:53..074,4.2406218,0.013486,-0.00062864,0.0005041,0.00036899,-0.00018692,0.00074927,-0.00004209,-0.00011306,-0.00007574,16:01:53..070,,,,
16:01:53..107,4.66985547,0.013684,-0.00062984,0.00050176,0.0003682,-0.00018597,0.00074943,-0.00004314,-0.00011365,-0.00007644,16:01:53..113,,,,
16:01:53..239,4.81982868,0.013684,-0.00063001,0.00050143,0.00036805,-0.000186,0.00074981,-0.00004322,-0.00011392,-0.00007677,16:01:53..234,,,,
16:01:53..271,4.59745461,0.0139,-0.0006292,0.00049421,0.0003669,-0.00018372,0.00074985,-0.00004202,-0.00011275,-0.00007627,16:01:53..277,,,,
16:01:53..408,4.78879974,0.0139,-0.00062976,0.00049339,0.00036599,-0.00018376,0.00075075,-0.00004172,-0.00011307,-0.00007576,16:01:53..403,,,,
16:01:53..440,4.48885332,0.014064,-0.00062832,0.00050021,0.0003664,-0.00019042,0.00074863,-0.00004264,-0.00011297,-0.00007461,16:01:53..448,,,,
16:01:53..577,4.26130776,0.014064,-0.00062832,0.00049968,0.00036673,-0.00019056,0.00074923,-0.0000426,-0.00011256,-0.00007467,16:01:53..573,,,,
16:01:53..608,4.71122739,0.014267,-0.00062879,0.00050051,0.00036749,-0.00018663,0.00075011,-0.00004332,-0.00011395,-0.0000753,16:01:53..616,,,,
16:01:53..731,4.654341,0.014267,-0.00062868,0.00050075,0.00036711,-0.00018669,0.00075018,-0.00004337,-0.000114,-0.00007544,16:01:53..726,,,,
16:01:53..763,4.37508054,0.014423,-0.0006295,0.00050265,0.00036838,-0.00018675,0.00074895,-0.000043,-0.00011323,-0.00007624,16:01:53..770,,,,
16:01:53..895,4.49402481,0.014423,-0.00062983,0.00050223,0.0003683,-0.00018699,0.00074928,-0.00004274,-0.00011271,-0.00007618,16:01:53..890,,,,
16:01:53..927,4.50953928,0.01438,-0.00062963,0.00050244,0.00036887,-0.00018692,0.00074847,-0.00004316,-0.00011278,-0.00007576,16:01:53..934,,,,
16:01:54..097,4.45265289,0.01438,-0.00062958,0.00050201,0.00036815,-0.0001872,0.00074946,-0.00004303,-0.00011322,-0.00007598,16:01:54..092,,,,
16:01:54..129,4.58711163,0.013977,-0.00062961,0.00050103,0.00036751,-0.00018694,0.00074977,-0.00004284,-0.00011322,-0.00007617,16:01:54..136,,,,
16:01:54..265,4.61296908,0.013977,-0.00062953,0.00050175,0.00036856,-0.00018621,0.00074921,-0.00004274,-0.00011325,-0.00007596,16:01:54..261,,,,
16:01:54..297,4.58194014,0.013747,-0.00062963,0.00050245,0.00036852,-0.00018612,0.00074886,-0.00004345,-0.00011324,-0.00007628,16:01:54..305,,,,
16:01:54..452,4.6026261,0.013747,-0.00062982,0.0005019,0.00036847,-0.00018682,0.00075005,-0.00004271,-0.00011327,-0.00007625,16:01:54..448,,,,
16:01:54..487,4.63365504,0.013762,-0.00062861,0.00050469,0.00036934,-0.00018711,0.00074977,-0.000043,-0.00011331,-0.00007662,16:01:54..491,,,,
16:01:54..611,4.6026261,0.013762,-0.00062885,0.00050476,0.00036921,-0.0001862,0.00074934,-0.00004268,-0.00011363,-0.00007665,16:01:54..608,,,,
16:01:54..646,4.48368183,0.013884,-0.00062912,0.00050361,0.00036886,-0.00018596,0.00074834,-0.0000434,-0.00011367,-0.00007582,16:01:54..652,,,,
16:01:54..773,4.47851034,0.013884,-0.00062916,0.00050348,0.00036862,-0.00018646,0.00074979,-0.00004256,-0.00011366,-0.00007583,16:01:54..768,,,,
16:01:54..806,4.64399802,0.013804,-0.00062841,0.00050512,0.00036853,-0.00018625,0.0007495,-0.00004249,-0.00011302,-0.00007661,16:01:54..814,,,,
16:01:54..956,4.59745461,0.013804,-0.00062825,0.00050582,0.00036914,-0.00018591,0.00074856,-0.00004257,-0.00011302,-0.00007651,16:01:54..951,,,,
16:01:54..988,4.60779759,0.013659,-0.00062832,0.00050515,0.00036942,-0.00018602,0.00074969,-0.00004317,-0.00011356,-0.00007677,16:01:54..994,,,,
16:01:55..033,4.52505375,0.013616,-0.00062847,0.00050464,0.00036886,-0.00018628,0.0007493,-0.00004341,-0.00011342,-0.0000763,16:01:55..091,,,,
16:01:55..127,4.47333885,0.013616,-0.00062857,0.00050477,0.00036921,-0.00018627,0.000749,-0.00004314,-0.00011327,-0.00007658,16:01:55..091,,,,
16:01:55..160,4.64399802,0.013603,-0.00062983,0.00049954,0.00036734,-0.00018643,0.00075028,-0.00004294,-0.00011313,-0.00007662,16:01:55..135,,,,
16:01:55..195,4.48885332,0.013435,-0.00063006,0.00050032,0.00036744,-0.00018615,0.0007496,-0.00004281,-0.0001134,-0.00007619,16:01:55..255,,,,
16:01:55..326,4.35956607,0.013435,-0.00062993,0.00050103,0.00036788,-0.00018622,0.00074918,-0.00004301,-0.00011395,-0.00007661,16:01:55..337,,,,
16:01:55..358,4.62331206,0.013435,-0.00062969,0.00050049,0.0003683,-0.00018588,0.00075019,-0.00004327,-0.00011359,-0.00007608,16:01:55..337,,,,
16:01:55..392,4.64399802,0.013341,-0.00062922,0.00050035,0.00036802,-0.00018591,0.00074907,-0.00004331,-0.00011386,-0.00007615,16:01:55..458,,,,
16:01:55..554,4.55608269,0.013341,-0.00062949,0.00049965,0.00036727,-0.00018644,0.00074973,-0.00004335,-0.00011386,-0.00007658,16:01:55..549,,,,
16:01:55..587,4.15270647,0.01337,-0.00062857,0.00050487,0.00036968,-0.00018635,0.00075005,-0.00004304,-0.00011389,-0.00007688,16:01:55..593,,,,
16:01:55..738,4.40093799,0.01337,-0.00062863,0.00050445,0.00036944,-0.00018642,0.00075014,-0.00004319,-0.00011343,-0.00007658,16:01:55..733,,,,
16:01:55..770,4.67502696,0.013225,-0.00062949,0.00049918,0.00036704,-0.00018662,0.00075026,-0.00004274,-0.00011332,-0.00007617,16:01:55..779,,,,
16:01:55..929,4.48885332,0.013225,-0.00062968,0.00049958,0.00036756,-0.00018646,0.00074905,-0.00004296,-0.00011362,-0.00007547,16:01:55..924,,,,
16:01:55..961,4.58194014,0.013136,-0.00062918,0.0005008,0.00036754,-0.00018694,0.00074943,-0.00004319,-0.0001142,-0.0000763,16:01:55..969,,,,
16:01:56..028,4.63882653,0.013136,-0.00062952,0.00050109,0.00036742,-0.00018658,0.00074927,-0.00004321,-0.00011364,-0.0000764,16:01:56..106,,,,
16:01:56..122,4.62848355,0.013136,-0.00062963,0.00050082,0.0003675,-0.00018716,0.00074948,-0.00004341,-0.00011429,-0.00007634,16:01:56..106,,,,
16:01:56..157,4.58711163,0.012877,-0.0006297,0.00050232,0.00036859,-0.00018628,0.0007493,-0.00004308,-0.00011347,-0.00007658,16:01:56..198,,,,
16:01:56..290,4.38542352,0.012877,-0.00062982,0.0005011,0.00036816,-0.00018645,0.0007503,-0.00004302,-0.00011303,-0.00007657,16:01:56..285,,,,
16:01:56..322,4.61814057,0.012973,-0.00063052,0.00050134,0.00036808,-0.00018606,0.00075015,-0.00004349,-0.000114,-0.00007685,16:01:56..328,,,,
16:01:56..418,4.56642567,0.012973,-0.00063031,0.00050195,0.00036875,-0.00018616,0.00074908,-0.00004358,-0.00011357,-0.00007656,16:01:56..413,,,,
16:01:56..450,4.50953928,0.013041,-0.00063003,0.00050247,0.00036899,-0.00018608,0.00074902,-0.00004301,-0.0001139,-0.00007707,16:01:56..458,,,,
16:01:56..600,4.42162395,0.013041,-0.00062941,0.00050255,0.00036904,-0.00018609,0.00074967,-0.00004298,-0.00011365,-0.00007614,16:01:56..595,,,,
16:01:56..632,4.43713842,0.013185,-0.00062953,0.00050217,0.00036905,-0.00018616,0.00075023,-0.000043,-0.00011366,-0.00007597,16:01:56..638,,,,
16:01:56..801,4.51471077,0.013185,-0.00062943,0.00050251,0.00036901,-0.00018584,0.00074955,-0.00004336,-0.00011414,-0.00007667,16:01:56..798,,,,
16:01:56..835,4.76811378,0.012966,-0.00062939,0.00050388,0.00036873,-0.00018593,0.00074946,-0.00004323,-0.00011384,-0.00007728,16:01:56..842,,,,
16:01:56..925,4.5509112,0.012966,-0.00062909,0.00050386,0.00036886,-0.00018586,0.00074976,-0.00004337,-0.0001138,-0.00007686,16:01:56..979,,,,
16:01:56..989,4.63882653,0.012966,-0.00062941,0.00050396,0.00036927,-0.00018618,0.00074963,-0.00004343,-0.00011385,-0.00007666,16:01:56..979,,,,
16:01:57..022,4.54573971,0.012927,-0.00062934,0.00050293,0.00036877,-0.00018592,0.00075018,-0.00004308,-0.00011368,-0.00007647,16:01:57..024,,,,
16:01:57..105,4.58194014,0.012927,-0.00062933,0.00050362,0.00036852,-0.00018568,0.00074904,-0.00004301,-0.00011357,-0.00007699,16:01:57..159,,,,
16:01:57..170,4.24579329,0.012927,-0.00062911,0.00050261,0.00036826,-0.00018547,0.00075025,-0.00004293,-0.00011353,-0.0000768,16:01:57..159,,,,
16:01:57..204,4.5509112,0.012816,-0.00062826,0.00050667,0.00036949,-0.00018562,0.00074969,-0.00004288,-0.00011388,-0.00007682,16:01:57..247,,,,
16:01:57..311,4.39059501,0.012816,-0.00062807,0.00050617,0.00036953,-0.00018563,0.00075006,-0.00004331,-0.00011369,-0.00007692,16:01:57..307,,,,
16:01:57..344,4.77328527,0.012709,-0.00062812,0.00050792,0.00036942,-0.00018519,0.00074951,-0.00004301,-0.0001134,-0.00007647,16:01:57..349,,,,
16:01:57..488,4.53539673,0.012709,-0.00062769,0.00050766,0.00036942,-0.00018515,0.00074989,-0.00004316,-0.0001135,-0.00007654,16:01:57..485,,,,
16:01:57..521,4.50953928,0.012943,-0.0006275,0.00050757,0.00036827,-0.00018485,0.00074939,-0.00004279,-0.00011359,-0.00007698,16:01:57..528,,,,
16:01:57..567,4.63365504,0.01302,-0.00062694,0.00050666,0.0003683,-0.00018529,0.00075027,-0.00004272,-0.00011339,-0.0000771,16:01:57..634,,,,
16:01:57..677,4.57159716,0.012991,-0.00062729,0.00050761,0.00036846,-0.00018451,0.0007496,-0.00004262,-0.00011414,-0.00007697,16:01:57..677,,,,
16:01:57..710,4.65951249,0.012991,-0.00062776,0.00050531,0.00036767,-0.00018468,0.00074949,-0.00004325,-0.00011369,-0.00007703,16:01:57..719,,,,
16:01:57..768,4.45265289,0.013021,-0.00062764,0.00050529,0.00036786,-0.00018471,0.00074946,-0.00004261,-0.00011382,-0.00007717,16:01:57..816,,,,
16:01:57..836,4.47333885,0.013021,-0.00062777,0.00050548,0.00036811,-0.00018469,0.00074954,-0.00004259,-0.00011363,-0.00007653,16:01:57..816,,,,
16:01:57..869,4.70088441,0.013196,-0.00062766,0.00050883,0.00036967,-0.00018497,0.00074967,-0.00004245,-0.00011359,-0.00007733,16:01:57..907,,,,
16:01:57..977,4.63365504,0.013196,-0.00062775,0.00050933,0.00037008,-0.00018496,0.00074931,-0.00004279,-0.00011362,-0.000078,16:01:57..973,,,,
16:01:58..010,4.54056822,0.013326,-0.00062799,0.00050755,0.00036947,-0.00018534,0.00075033,-0.00004369,-0.00011387,-0.00007723,16:01:58..017,,,,
16:01:58..124,4.33888011,0.013326,-0.00062816,0.0005081,0.00036978,-0.00018513,0.00074928,-0.00004404,-0.00011424,-0.00007791,16:01:58..119,,,,
16:01:58..158,4.47333885,0.013376,-0.00062882,0.000506,0.00036915,-0.00018521,0.00075062,-0.000043,-0.00011353,-0.00007968,16:01:58..164,,,,
16:01:58..328,4.52505375,0.013376,-0.00062863,0.00050653,0.00036937,-0.00018472,0.00074994,-0.00004281,-0.00011419,-0.00007985,16:01:58..324,,,,
16:01:58..360,4.46299587,0.01357,-0.00062947,0.00050427,0.00036845,-0.00018511,0.00075029,-0.0000431,-0.00011384,-0.00007988,16:01:58..368,,,,
16:01:58..475,4.58194014,0.01357,-0.00062933,0.00050405,0.00036826,-0.00018513,0.00075113,-0.00004293,-0.0001138,-0.00007953,16:01:58..472,,,,
16:01:58..508,4.49402481,0.013491,-0.00062862,0.00050526,0.00036887,-0.00018553,0.0007514,-0.00004439,-0.00011412,-0.00007972,16:01:58..518,,,,
16:01:58..684,4.59745461,0.013491,-0.00062887,0.00050545,0.00036894,-0.00018503,0.0007509,-0.0000442,-0.00011456,-0.00007997,16:01:58..679,,,,
16:01:58..716,4.43713842,0.013558,-0.00062912,0.00050575,0.00036935,-0.00018632,0.00075152,-0.00004464,-0.00011532,-0.0000795,16:01:58..725,,,,
16:01:58..884,4.46816736,0.013558,-0.00062856,0.00050555,0.00036933,-0.0001855,0.00075103,-0.00004499,-0.00011528,-0.00007981,16:01:58..879,,,,
16:01:58..916,4.53539673,0.013679,-0.00062982,0.00050463,0.00036923,-0.00018542,0.00074939,-0.00004391,-0.0001148,-0.00007845,16:01:58..923,,,,
16:01:59..045,4.51988226,0.013679,-0.0006299,0.00050448,0.00036896,-0.00018578,0.0007501,-0.00004381,-0.00011435,-0.00007845,16:01:59..040,,,,
16:01:59..078,4.71639888,0.013895,-0.00062957,0.00050323,0.00036908,-0.0001862,0.00074923,-0.00004361,-0.00011365,-0.00007641,16:01:59..040,,,,
16:01:59..154,4.71639888,0.013895,-0.00062949,0.00050359,0.00036878,-0.00018579,0.00074949,-0.00004365,-0.00011368,-0.00007633,16:01:59..192,,,,
16:01:59..203,4.53022524,0.013895,-0.00062909,0.0005036,0.0003692,-0.00018629,0.0007496,-0.00004344,-0.00011357,-0.00007644,16:01:59..192,,,,
16:01:59..237,4.46299587,0.013917,-0.00062956,0.00050392,0.00036875,-0.00018648,0.00074979,-0.0000442,-0.00011483,-0.00007736,16:01:59..301,,,,
16:01:59..357,4.36990905,0.013917,-0.00062993,0.00050398,0.00036931,-0.00018599,0.0007491,-0.00004446,-0.00011513,-0.00007755,16:01:59..366,,,,
16:01:59..414,4.56125418,0.013789,-0.00062971,0.00050348,0.00036921,-0.00018627,0.0007502,-0.00004386,-0.00011489,-0.00007713,16:01:59..412,,,,
16:01:59..446,4.55608269,0.013562,-0.00063157,0.00049793,0.00036786,-0.00018656,0.00075005,-0.00004376,-0.00011431,-0.00007646,16:01:59..412,,,,
16:01:59..524,4.52505375,0.013562,-0.0006314,0.00049826,0.00036817,-0.00018653,0.00074944,-0.00004325,-0.00011413,-0.00007621,16:01:59..563,,,,
16:01:59..572,4.45265289,0.013562,-0.00063153,0.00049793,0.00036791,-0.00018651,0.00074959,-0.00004342,-0.00011391,-0.0000764,16:01:59..563,,,,
16:01:59..606,4.56642567,0.013481,-0.00063075,0.0004945,0.00036766,-0.00018675,0.00075005,-0.00004415,-0.0001144,-0.00007652,16:01:59..607,,,,
16:01:59..693,4.56125418,0.013481,-0.0006311,0.00049446,0.00036789,-0.00018688,0.0007493,-0.00004431,-0.00011471,-0.00007622,16:01:59..754,,,,
16:01:59..764,4.55608269,0.013481,-0.0006313,0.00049445,0.00036731,-0.00018674,0.00074986,-0.00004468,-0.00011465,-0.00007612,16:01:59..754,,,,
16:01:59..797,4.57159716,0.013191,-0.00063212,0.00049485,0.00036653,-0.0001856,0.00075004,-0.00004348,-0.00011404,-0.00007652,16:01:59..840,,,,
16:01:59..931,4.4474814,0.013191,-0.00063206,0.00049511,0.000367,-0.00018587,0.00074924,-0.0000435,-0.00011438,-0.00007619,16:01:59..926,,,,
16:01:59..963,4.45265289,0.01292,-0.00063057,0.00049783,0.00036827,-0.00018635,0.00074997,-0.00004309,-0.00011428,-0.00007663,16:01:59..970,,,,
16:02:00..089,4.48368183,0.01292,-0.00063128,0.00049768,0.00036792,-0.00018686,0.00075004,-0.00004364,-0.00011438,-0.00007664,16:02:00..084,,,,
16:02:00..122,4.57676865,0.012711,-0.0006317,0.00049809,0.00036699,-0.00018629,0.00074925,-0.00004376,-0.00011437,-0.00007622,16:02:00..129,,,,
16:02:00..181,4.61296908,0.012546,-0.00063122,0.00049739,0.00036634,-0.00018631,0.00075033,-0.00004354,-0.00011395,-0.00007668,16:02:00..223,,,,
16:02:00..284,4.5509112,0.012546,-0.00063157,0.00049794,0.0003669,-0.00018609,0.000749,-0.00004414,-0.00011457,-0.00007676,16:02:00..280,,,,
16:02:00..317,4.51471077,0.012478,-0.0006317,0.00049506,0.00036572,-0.00018577,0.00074934,-0.00004429,-0.00011508,-0.00007707,16:02:00..324,,,,
16:02:00..442,4.47333885,0.012478,-0.00063179,0.00049462,0.00036557,-0.00018617,0.00074959,-0.0000441,-0.00011476,-0.0000765,16:02:00..438,,,,
16:02:00..476,4.54573971,0.012383,-0.00063214,0.00049634,0.00036812,-0.0001857,0.00074978,-0.00004293,-0.00011364,-0.00007693,16:02:00..482,,,,
16:02:00..594,4.49402481,0.012383,-0.00063248,0.00049679,0.00036815,-0.00018561,0.00074938,-0.00004371,-0.00011412,-0.00007666,16:02:00..589,,,,
16:02:00..625,4.46299587,0.01242,-0.00063205,0.00049692,0.00036784,-0.00018649,0.00074978,-0.00004403,-0.0001144,-0.00007658,16:02:00..632,,,,
16:02:00..782,4.48368183,0.01242,-0.00063159,0.00049746,0.00036777,-0.00018648,0.00074905,-0.00004397,-0.00011469,-0.00007664,16:02:00..777,,,,
16:02:00..814,4.72674186,0.012472,-0.00063086,0.00050064,0.00036841,-0.000187,0.00074994,-0.00004426,-0.00011476,-0.00007701,16:02:00..821,,,,
16:02:00..945,4.4474814,0.012472,-0.00063108,0.0005005,0.00036783,-0.00018658,0.0007497,-0.00004449,-0.00011474,-0.00007732,16:02:00..940,,,,
16:02:00..977,4.58194014,0.012587,-0.0006313,0.00049894,0.00036773,-0.00018653,0.0007495,-0.00004397,-0.00011393,-0.00007656,16:02:00..984,,,,
16:02:01..050,4.53022524,0.012587,-0.0006314,0.00049949,0.00036766,-0.00018629,0.00074919,-0.00004405,-0.00011432,-0.00007697,16:02:01..103,,,,
16:02:01..120,4.43713842,0.012587,-0.00063131,0.00049936,0.00036735,-0.00018622,0.00074975,-0.00004364,-0.00011436,-0.00007661,16:02:01..103,,,,
16:02:01..154,4.40610948,0.012487,-0.00062891,0.0005054,0.00037007,-0.00018621,0.00075219,-0.00004537,-0.00011715,-0.00007714,16:02:01..187,,,,
16:02:01..269,4.42679544,0.012487,-0.00062907,0.00050427,0.00036959,-0.00018639,0.00075274,-0.00004501,-0.00011681,-0.00007741,16:02:01..265,,,,
16:02:01..301,4.64916951,0.012405,-0.00062926,0.00050446,0.0003688,-0.00018646,0.0007506,-0.00004241,-0.00011442,-0.00007766,16:02:01..308,,,,
16:02:01..416,4.654341,0.012405,-0.00062899,0.00050475,0.00036874,-0.00018567,0.00074996,-0.00004275,-0.00011446,-0.00007703,16:02:01..411,,,,
16:02:01..447,4.41128097,0.012359,-0.00063022,0.00050292,0.00036915,-0.00018684,0.00074971,-0.00004489,-0.00011561,-0.00007806,16:02:01..457,,,,
16:02:01..596,4.3957665,0.012359,-0.00063035,0.00050368,0.00036916,-0.0001864,0.00074941,-0.00004458,-0.00011501,-0.00007755,16:02:01..591,,,,
16:02:01..629,4.60779759,0.012657,-0.00062996,0.0005045,0.00036864,-0.00018607,0.00074996,-0.00004343,-0.00011405,-0.00007677,16:02:01..634,,,,
16:02:01..703,4.58194014,0.012657,-0.00062975,0.00050507,0.00036937,-0.00018603,0.00074937,-0.00004283,-0.00011373,-0.00007721,16:02:01..755,,,,
16:02:01..765,4.39059501,0.012657,-0.00062943,0.00050443,0.0003689,-0.00018538,0.00074989,-0.0000429,-0.00011357,-0.00007687,16:02:01..755,,,,
16:02:01..800,4.48885332,0.013064,-0.00063017,0.00050362,0.00036827,-0.00018607,0.00074966,-0.00004346,-0.00011427,-0.00007743,16:02:01..844,,,,
16:02:01..892,4.4991963,0.013138,-0.00063002,0.00050359,0.00036846,-0.00018582,0.00074955,-0.00004339,-0.00011425,-0.00007772,16:02:01..890,,,,
16:02:01..924,4.4991963,0.013435,-0.00063027,0.00050198,0.00036735,-0.00018546,0.00075022,-0.00004294,-0.00011406,-0.00007734,16:02:01..933,,,,
16:02:02..071,4.4991963,0.013435,-0.00062983,0.0005025,0.00036733,-0.00018496,0.00074994,-0.00004282,-0.00011359,-0.00007697,16:02:02..066,,,,
16:02:02..103,4.57676865,0.013759,-0.00063026,0.00050014,0.00036534,-0.00018401,0.00074957,-0.00004242,-0.00011436,-0.00007624,16:02:02..066,,,,
16:02:02..194,4.50953928,0.013759,-0.0006297,0.00049997,0.00036553,-0.00018379,0.0007506,-0.00004235,-0.00011397,-0.00007633,16:02:02..268,,,,
16:02:02..277,4.47333885,0.013759,-0.00063035,0.00050034,0.00036585,-0.0001839,0.00075022,-0.00004232,-0.00011399,-0.00007646,16:02:02..268,,,,
16:02:02..310,4.50953928,0.01382,-0.00063069,0.00049978,0.00036592,-0.00018342,0.00074963,-0.00004282,-0.00011378,-0.00007675,16:02:02..313,,,,
16:02:02..459,4.43713842,0.01382,-0.00063073,0.00050007,0.00036575,-0.00018371,0.00075019,-0.00004279,-0.00011328,-0.00007719,16:02:02..453,,,,
16:02:02..490,4.62848355,0.014006,-0.00063042,0.00050065,0.00036605,-0.00018359,0.00074978,-0.00004282,-0.00011436,-0.00007752,16:02:02..496,,,,
16:02:02..642,4.62331206,0.014006,-0.00063047,0.00050009,0.00036504,-0.00018392,0.00075065,-0.00004287,-0.00011374,-0.00007766,16:02:02..637,,,,
16:02:02..674,4.33370862,0.013964,-0.00063105,0.00049986,0.00036657,-0.00018437,0.00074959,-0.00004327,-0.00011456,-0.00007749,16:02:02..681,,,,
16:02:02..804,4.43713842,0.013964,-0.0006311,0.0004996,0.00036659,-0.00018432,0.00074999,-0.00004289,-0.00011437,-0.00007745,16:02:02..799,,,,
16:02:02..837,4.71122739,0.013849,-0.0006327,0.00049574,0.00036403,-0.00018319,0.00075096,-0.00004189,-0.00011433,-0.00007711,16:02:02..844,,,,
16:02:03..016,4.56125418,0.013849,-0.00063261,0.00049578,0.0003639,-0.00018306,0.00075015,-0.00004232,-0.00011408,-0.00007784,16:02:03..013,,,,
16:02:03..050,4.50436779,0.013619,-0.00063188,0.00049672,0.00036901,-0.00018595,0.00074993,-0.00004384,-0.00011464,-0.00007683,16:02:03..056,,,,
16:02:03..202,4.42162395,0.013619,-0.00063208,0.00049631,0.00036834,-0.00018631,0.00074975,-0.00004341,-0.00011449,-0.0000765,16:02:03..199,,,,
16:02:03..236,4.61814057,0.013364,-0.00063101,0.00047584,0.00036658,-0.00018551,0.00074855,-0.0000439,-0.00011471,-0.00007355,16:02:03..242,,,,
16:02:03..412,4.54573971,0.013364,-0.00063097,0.00047564,0.00036673,-0.00018616,0.00075017,-0.00004349,-0.00011427,-0.00007339,16:02:03..408,,,,
16:02:03..443,4.58711163,0.013275,-0.00062978,0.00048905,0.0003668,-0.00018554,0.00074965,-0.00004376,-0.00011447,-0.00007377,16:02:03..452,,,,
16:02:03..517,4.56642567,0.013275,-0.00063014,0.00048884,0.00036695,-0.00018573,0.00074989,-0.00004321,-0.00011468,-0.00007377,16:02:03..557,,,,
16:02:03..584,4.50953928,0.013275,-0.00062987,0.00048861,0.00036697,-0.00018528,0.00074963,-0.00004388,-0.00011429,-0.00007379,16:02:03..557,,,,
16:02:03..619,4.48368183,0.013642,-0.00063235,0.00048093,0.000367,-0.00018566,0.00074887,-0.00004354,-0.00011471,-0.00007399,16:02:03..645,,,,
16:02:03..752,4.48368183,0.013642,-0.0006324,0.00048061,0.00036681,-0.00018634,0.00075024,-0.00004355,-0.00011416,-0.00007368,16:02:03..748,,,,
16:02:03..784,4.56642567,0.013714,-0.00063441,0.00047201,0.00036686,-0.00018584,0.00074978,-0.00004338,-0.00011443,-0.00007438,16:02:03..792,,,,
16:02:03..894,4.5509112,0.013714,-0.00063428,0.00047218,0.00036715,-0.00018599,0.00074954,-0.00004378,-0.00011442,-0.00007412,16:02:03..889,,,,
16:02:03..926,4.50436779,0.013922,-0.00063367,0.00048164,0.00036663,-0.00018489,0.00074982,-0.00004303,-0.00011368,-0.00007218,16:02:03..932,,,,
16:02:03..965,4.45782438,0.014017,-0.00063328,0.000482,0.00036681,-0.00018564,0.00074926,-0.00004317,-0.00011415,-0.00007244,16:02:04..012,,,,
16:02:04..030,4.55608269,0.014017,-0.00063376,0.000482,0.00036669,-0.00018533,0.00074899,-0.0000434,-0.00011386,-0.00007246,16:02:04..012,,,,
16:02:04..064,4.47333885,0.01433,-0.00063107,0.00049005,0.00036522,-0.00018392,0.00074974,-0.00004331,-0.00011431,-0.0000703,16:02:04..102,,,,
16:02:04..201,4.54056822,0.01433,-0.00063096,0.00048991,0.00036509,-0.00018419,0.00075029,-0.00004335,-0.00011425,-0.00007038,16:02:04..198,,,,
16:02:04..232,4.60779759,0.014649,-0.00063068,0.00049171,0.00036509,-0.00018347,0.00074973,-0.00004307,-0.00011391,-0.00006935,16:02:04..241,,,,
16:02:04..357,4.66468398,0.014649,-0.00063054,0.00049139,0.00036477,-0.00018356,0.00075085,-0.00004338,-0.00011388,-0.00006968,16:02:04..351,,,,
16:02:04..389,4.45782438,0.014866,-0.00063223,0.00049416,0.00036621,-0.00018402,0.00075114,-0.00004272,-0.00011421,-0.00007231,16:02:04..395,,,,
16:02:04..525,4.41645246,0.014866,-0.00063241,0.00049426,0.00036641,-0.00018401,0.00074993,-0.00004327,-0.00011487,-0.00007251,16:02:04..520,,,,
16:02:04..558,4.52505375,0.014749,-0.00063343,0.00049216,0.00036674,-0.00018501,0.00075019,-0.0000437,-0.00011402,-0.00007372,16:02:04..562,,,,
16:02:04..685,4.56125418,0.014749,-0.00063419,0.00049246,0.0003661,-0.00018486,0.00074985,-0.00004371,-0.00011498,-0.00007434,16:02:04..680,,,,
16:02:04..718,4.56125418,0.014775,-0.00063489,0.00049668,0.00036793,-0.00018544,0.00075023,-0.00004362,-0.00011512,-0.00007562,16:02:04..725,,,,
16:02:04..768,4.50953928,0.014692,-0.00063519,0.00049715,0.00036779,-0.0001855,0.00074973,-0.0000438,-0.00011541,-0.00007647,16:02:04..813,,,,
16:02:04..822,4.45782438,0.014692,-0.00063473,0.00049678,0.00036742,-0.00018601,0.00075047,-0.00004398,-0.0001153,-0.00007582,16:02:04..813,,,,
16:02:04..855,4.49402481,0.014672,-0.00063551,0.00049245,0.00036775,-0.0001855,0.00074986,-0.00004314,-0.00011463,-0.00007602,16:02:04..857,,,,
16:02:04..898,4.5509112,0.01464,-0.00063508,0.00049303,0.00036832,-0.00018542,0.00074913,-0.0000431,-0.00011432,-0.00007594,16:02:04..941,,,,
16:02:04..976,4.71122739,0.01464,-0.00063527,0.0004923,0.00036747,-0.00018568,0.00075004,-0.00004267,-0.00011406,-0.00007601,16:02:04..941,,,,
16:02:05..011,4.42162395,0.014898,-0.00063392,0.00049068,0.00036768,-0.00018658,0.0007497,-0.00004334,-0.00011396,-0.00007628,16:02:04..984,,,,
16:02:05..087,4.59745461,0.014898,-0.00063442,0.00049172,0.00036804,-0.00018575,0.00074907,-0.00004306,-0.00011407,-0.00007579,16:02:05..124,,,,
16:02:05..134,4.3957665,0.014898,-0.00063394,0.00049088,0.00036749,-0.00018659,0.0007493,-0.00004311,-0.00011406,-0.00007669,16:02:05..124,,,,
16:02:05..169,4.63882653,0.014955,-0.00063304,0.00049595,0.00036784,-0.00018579,0.00074993,-0.00004389,-0.00011536,-0.00007578,16:02:05..249,,,,
16:02:05..299,4.57159716,0.014955,-0.00063313,0.00049576,0.00036748,-0.0001862,0.00074986,-0.00004415,-0.00011528,-0.00007563,16:02:05..308,,,,
16:02:05..331,4.32853713,0.014955,-0.00063186,0.00049618,0.00036823,-0.00018696,0.00074991,-0.00004381,-0.00011487,-0.00007621,16:02:05..308,,,,
16:02:05..364,4.33888011,0.014883,-0.00063285,0.00049278,0.00036747,-0.00018617,0.00074871,-0.00004359,-0.00011458,-0.00007543,16:02:05..406,,,,
16:02:05..461,4.63882653,0.014883,-0.00063334,0.00049223,0.000367,-0.00018642,0.00074986,-0.00004321,-0.00011415,-0.00007507,16:02:05..460,,,,
16:02:05..494,4.64916951,0.014788,-0.00062856,0.00048195,0.00036194,-0.00018656,0.00074941,-0.00004387,-0.00011456,-0.00007495,16:02:05..503,,,,
16:02:05..676,4.47851034,0.014788,-0.0006286,0.0004816,0.00036191,-0.00018665,0.00075076,-0.0000433,-0.00011453,-0.00007416,16:02:05..671,,,,
16:02:05..708,4.66985547,0.014724,-0.00063052,0.00048974,0.00036374,-0.00018739,0.00074909,-0.00004355,-0.00011448,-0.00007452,16:02:05..716,,,,
16:02:05..764,4.48368183,0.014618,-0.00063117,0.00048925,0.00036347,-0.00018786,0.00074998,-0.00004309,-0.00011414,-0.00007444,16:02:05..807,,,,
16:02:05..829,4.43196693,0.014618,-0.00063103,0.00048996,0.00036422,-0.00018732,0.00074868,-0.00004386,-0.00011463,-0.00007488,16:02:05..807,,,,
16:02:05..863,4.52505375,0.014526,-0.00063289,0.00049578,0.00036737,-0.00018733,0.00075007,-0.00004358,-0.00011456,-0.0000766,16:02:05..895,,,,
16:02:06..047,4.59745461,0.014526,-0.00063297,0.00049662,0.00036733,-0.00018742,0.00074894,-0.00004385,-0.00011512,-0.00007685,16:02:06..042,,,,
16:02:06..080,4.42162395,0.014496,-0.00063253,0.00049695,0.00036773,-0.00018721,0.00074881,-0.00004396,-0.0001148,-0.00007674,16:02:06..042,,,,
16:02:06..158,4.38025203,0.014496,-0.00063297,0.00049615,0.00036766,-0.00018765,0.0007495,-0.00004377,-0.00011461,-0.00007657,16:02:06..204,,,,
16:02:06..216,4.61296908,0.014496,-0.00063245,0.00049671,0.00036796,-0.0001873,0.00074883,-0.00004415,-0.00011478,-0.00007706,16:02:06..204,,,,
16:02:06..249,4.55608269,0.014324,-0.00063274,0.00049226,0.00036483,-0.00018621,0.00074966,-0.00004323,-0.00011479,-0.00007719,16:02:06..357,,,,
16:02:06..422,4.74225633,0.014324,-0.00063271,0.0004919,0.0003645,-0.0001865,0.00075066,-0.00004301,-0.0001147,-0.0000773,16:02:06..416,,,,
16:02:06..453,4.42679544,0.014068,-0.00063267,0.00049582,0.00036718,-0.00018702,0.00075006,-0.00004389,-0.00011482,-0.00007763,16:02:06..458,,,,
16:02:06..588,4.42679544,0.014068,-0.00063244,0.00049616,0.00036798,-0.00018671,0.00074973,-0.00004346,-0.0001152,-0.00007777,16:02:06..582,,,,
16:02:06..620,4.66468398,0.013495,-0.00063314,0.00049686,0.0003683,-0.00018761,0.00074892,-0.0000442,-0.00011533,-0.00007715,16:02:06..627,,,,
16:02:06..773,4.65951249,0.013495,-0.00063277,0.00049571,0.0003685,-0.00018754,0.00074971,-0.00004376,-0.00011471,-0.00007632,16:02:06..768,,,,
16:02:06..804,4.47333885,0.013003,-0.00063276,0.00049748,0.0003682,-0.00018734,0.00074921,-0.00004439,-0.00011544,-0.00007758,16:02:06..812,,,,
16:02:06..949,4.46816736,0.013003,-0.00063289,0.00049813,0.00036811,-0.00018697,0.00074897,-0.00004422,-0.00011528,-0.00007747,16:02:06..944,,,,
16:02:06..982,4.56125418,0.013181,-0.00063198,0.00049956,0.00036808,-0.00018675,0.00074925,-0.00004373,-0.0001146,-0.00007813,16:02:06..991,,,,
16:02:07..135,4.4474814,0.013181,-0.00063206,0.00050062,0.00036895,-0.00018662,0.00074878,-0.00004399,-0.00011473,-0.00007796,16:02:07..130,,,,
16:02:07..167,4.50953928,0.013202,-0.00063294,0.00049756,0.00036841,-0.00018712,0.00074943,-0.0000441,-0.00011501,-0.00007738,16:02:07..174,,,,
16:02:07..210,4.4474814,0.013256,-0.00063319,0.00049743,0.00036836,-0.00018687,0.00074917,-0.00004409,-0.00011521,-0.00007782,16:02:07..256,,,,
16:02:07..268,4.51471077,0.013256,-0.00063268,0.00049777,0.00036844,-0.00018676,0.0007491,-0.00004399,-0.00011548,-0.00007728,16:02:07..256,,,,
16:02:07..301,4.4474814,0.013174,-0.00063208,0.00049855,0.00036885,-0.00018745,0.00074907,-0.00004432,-0.00011597,-0.00007778,16:02:07..377,,,,
16:02:07..454,4.55608269,0.013174,-0.00063215,0.00049825,0.00036859,-0.00018722,0.00074985,-0.0000442,-0.0001153,-0.00007753,16:02:07..454,,,,
16:02:07..487,4.60779759,0.012886,-0.00063178,0.0004981,0.00036784,-0.00018684,0.00074914,-0.00004363,-0.00011479,-0.00007681,16:02:07..454,,,,
16:02:07..568,4.57676865,0.012748,-0.00063182,0.00049969,0.00036845,-0.00018646,0.00074885,-0.00004376,-0.0001147,-0.00007681,16:02:07..630,,,,
16:02:07..706,4.64399802,0.012748,-0.0006319,0.00049829,0.00036821,-0.00018724,0.00074947,-0.00004385,-0.0001151,-0.00007643,16:02:07..718,,,,
16:02:07..738,4.46816736,0.012748,-0.00063178,0.00049788,0.00036782,-0.00018595,0.00074911,-0.00004418,-0.00011484,-0.00007712,16:02:07..718,,,,
16:02:07..773,4.45782438,0.012212,-0.00063292,0.00049566,0.00036673,-0.00018575,0.00074977,-0.00004348,-0.00011472,-0.00007656,16:02:07..846,,,,
16:02:07..951,4.5509112,0.012212,-0.0006321,0.0004956,0.00036675,-0.00018596,0.00074938,-0.0000434,-0.00011493,-0.0000763,16:02:07..948,,,,
16:02:07..983,4.37508054,0.012221,-0.00063255,0.00049583,0.00036716,-0.00018732,0.00074926,-0.0000438,-0.00011524,-0.0000769,16:02:07..990,,,,
16:02:08..108,4.62848355,0.012221,-0.00063213,0.00049697,0.0003675,-0.0001868,0.00074881,-0.00004374,-0.00011533,-0.00007708,16:02:08..104,,,,
16:02:08..140,4.63882653,0.012517,-0.00063143,0.00048385,0.00036159,-0.00018842,0.00074986,-0.00004397,-0.00011489,-0.00007411,16:02:08..147,,,,
16:02:08..271,4.59745461,0.012517,-0.00063169,0.00048426,0.00036184,-0.00018836,0.0007489,-0.00004418,-0.00011504,-0.00007355,16:02:08..266,,,,
16:02:08..303,4.32853713,0.012515,-0.00063332,0.00049444,0.0003669,-0.00018624,0.00074986,-0.00004296,-0.00011379,-0.00007644,16:02:08..312,,,,
16:02:08..408,4.29750819,0.012515,-0.00063306,0.00049499,0.00036707,-0.00018607,0.00074894,-0.00004286,-0.00011447,-0.00007659,16:02:08..457,,,,
16:02:08..465,4.22510733,0.012515,-0.0006331,0.0004946,0.00036611,-0.00018634,0.0007494,-0.00004324,-0.000114,-0.00007663,16:02:08..457,,,,
16:02:08..498,4.58194014,0.012608,-0.00063235,0.00049687,0.00036739,-0.00018577,0.00074882,-0.00004403,-0.00011498,-0.00007618,16:02:08..501,,,,
16:02:08..606,4.46816736,0.012608,-0.00063237,0.00049657,0.00036701,-0.00018593,0.00074942,-0.00004382,-0.0001149,-0.00007635,16:02:08..601,,,,
16:02:08..639,4.49402481,0.012713,-0.00063217,0.00049416,0.00036525,-0.00018525,0.00074991,-0.00004361,-0.00011468,-0.00007556,16:02:08..645,,,,
16:02:08..801,4.40610948,0.012713,-0.0006327,0.00049378,0.00036446,-0.00018474,0.00074972,-0.00004351,-0.00011468,-0.00007609,16:02:08..796,,,,
16:02:08..836,4.47851034,0.013035,-0.00063202,0.0004877,0.00036024,-0.00018241,0.00075063,-0.00004288,-0.00011443,-0.0000761,16:02:08..838,,,,
16:02:08..994,4.51471077,0.013035,-0.00063148,0.00048862,0.00036054,-0.0001818,0.00074989,-0.00004276,-0.0001142,-0.00007575,16:02:08..990,,,,
16:02:09..026,4.49402481,0.013091,-0.00063412,0.00048259,0.00035989,-0.0001816,0.00074996,-0.00004138,-0.00011326,-0.00007491,16:02:09..034,,,,
16:02:09..151,4.52505375,0.013091,-0.00063427,0.00048236,0.00035985,-0.0001819,0.00074952,-0.000042,-0.00011377,-0.00007511,16:02:09..146,,,,
16:02:09..184,4.50953928,0.012924,-0.0006335,0.00048538,0.00036163,-0.0001815,0.00075034,-0.00004356,-0.00011525,-0.00007535,16:02:09..190,,,,
16:02:09..364,4.56125418,0.012924,-0.00063363,0.00048457,0.00036113,-0.00018196,0.00075088,-0.00004321,-0.00011491,-0.00007529,16:02:09..360,,,,
16:02:09..397,4.66468398,0.013072,-0.00063307,0.00048883,0.0003633,-0.00018177,0.00074961,-0.00004287,-0.00011389,-0.00007491,16:02:09..406,,,,
16:02:09..571,4.62848355,0.013072,-0.00063353,0.00048858,0.00036331,-0.00018195,0.00074938,-0.00004308,-0.00011387,-0.00007521,16:02:09..565,,,,
16:02:09..604,4.48885332,0.013241,-0.00063319,0.00048785,0.00036214,-0.00018302,0.00075079,-0.0000434,-0.00011442,-0.00007527,16:02:09..611,,,,
16:02:09..741,4.47333885,0.013241,-0.000633,0.00048905,0.00036311,-0.00018284,0.00074976,-0.00004359,-0.00011473,-0.00007522,16:02:09..738,,,,
16:02:09..775,4.56125418,0.013253,-0.00063258,0.00049124,0.00036399,-0.00018288,0.00075025,-0.00004431,-0.00011495,-0.00007573,16:02:09..782,,,,
16:02:09..906,4.50953928,0.013253,-0.000633,0.00049091,0.00036354,-0.00018336,0.00075047,-0.00004442,-0.00011508,-0.00007632,16:02:09..900,,,,
16:02:09..940,4.56125418,0.013341,-0.00063305,0.00049217,0.00036405,-0.00018123,0.00075486,-0.00004437,-0.00011484,-0.00007587,16:02:09..945,,,,
16:02:10..119,4.55608269,0.013341,-0.00063319,0.0004909,0.00036359,-0.00018175,0.00075572,-0.00004431,-0.00011521,-0.00007603,16:02:10..114,,,,
16:02:10..151,4.42679544,0.013375,-0.00063179,0.00049312,0.00036406,-0.00018211,0.00075706,-0.0000437,-0.00011458,-0.00007221,16:02:10..155,,,,
16:02:10..220,4.46816736,0.013375,-0.00063184,0.00049344,0.00036405,-0.00018215,0.00075723,-0.00004349,-0.00011459,-0.0000727,16:02:10..275,,,,
16:02:10..312,4.50953928,0.013375,-0.00063216,0.0004931,0.00036356,-0.00018227,0.0007576,-0.0000436,-0.0001144,-0.00007281,16:02:10..275,,,,
16:02:10..345,4.54056822,0.013541,-0.00063064,0.00049974,0.00036676,-0.00018616,0.00077096,-0.00004524,-0.00011505,-0.00006912,16:02:10..318,,,,
16:02:10..433,4.56642567,0.013541,-0.00063066,0.00049965,0.00036642,-0.00018632,0.00077169,-0.0000448,-0.0001148,-0.00006927,16:02:10..480,,,,
16:02:10..501,4.63882653,0.013541,-0.00063032,0.00049934,0.00036684,-0.00018603,0.00077084,-0.00004532,-0.00011488,-0.000069,16:02:10..480,,,,
16:02:10..536,4.70088441,0.01382,-0.00063098,0.00049869,0.00036684,-0.00018397,0.00076031,-0.00004662,-0.00011501,-0.00007046,16:02:10..567,,,,
16:02:10..662,4.64916951,0.01382,-0.00063117,0.00049805,0.0003668,-0.00018412,0.00076118,-0.00004656,-0.00011474,-0.00007085,16:02:10..657,,,,
16:02:10..697,4.41645246,0.013812,-0.00062782,0.00050092,0.00036624,-0.00018621,0.00077818,-0.00004553,-0.00011571,-0.00006325,16:02:10..701,,,,
16:02:10..803,4.47333885,0.013812,-0.00062734,0.00050186,0.00036714,-0.00018581,0.00077733,-0.00004569,-0.00011571,-0.00006384,16:02:10..800,,,,
16:02:10..838,4.64916951,0.013939,-0.00062745,0.00050214,0.00036846,-0.00018579,0.00077759,-0.00004751,-0.00011634,-0.00006144,16:02:10..843,,,,
16:02:10..950,4.6026261,0.013939,-0.00062677,0.00050294,0.00036848,-0.00018549,0.00077639,-0.00004826,-0.00011616,-0.00006186,16:02:10..945,,,,
16:02:10..983,4.48368183,0.013933,-0.00062502,0.00050149,0.0003658,-0.00018236,0.00077753,-0.00004382,-0.00011625,-0.0000685,16:02:10..945,,,,
16:02:11..061,4.45265289,0.013933,-0.00062488,0.00050084,0.00036638,-0.00018224,0.00077847,-0.00004341,-0.00011661,-0.00006872,16:02:11..102,,,,
16:02:11..120,4.58711163,0.013933,-0.00062473,0.00050177,0.00036604,-0.00018219,0.00077799,-0.00004349,-0.00011617,-0.00006818,16:02:11..102,,,,
16:02:11..153,4.56125418,0.013816,-0.00062872,0.00050044,0.00036757,-0.00018499,0.00075384,-0.00004415,-0.00011518,-0.00007849,16:02:11..217,,,,
16:02:11..296,4.50436779,0.013816,-0.00062911,0.00050031,0.00036691,-0.00018538,0.00075422,-0.0000446,-0.00011547,-0.00007879,16:02:11..294,,,,
16:02:11..329,4.63882653,0.013864,-0.00062868,0.00050111,0.00036704,-0.00018475,0.00075949,-0.00004746,-0.00011547,-0.00007159,16:02:11..338,,,,
16:02:11..492,4.74742782,0.013864,-0.00062905,0.00049998,0.00036701,-0.00018465,0.0007612,-0.00004707,-0.000115,-0.00007056,16:02:11..487,,,,
16:02:11..524,4.22510733,0.014044,-0.00062833,0.00050158,0.00036888,-0.00018616,0.00077223,-0.00004925,-0.0001168,-0.00006755,16:02:11..532,,,,
16:02:11..651,4.48368183,0.014044,-0.00062835,0.00050266,0.00036901,-0.00018561,0.00077181,-0.0000493,-0.00011708,-0.00006721,16:02:11..645,,,,
16:02:11..683,4.81465719,0.014089,-0.00062866,0.00050425,0.0003696,-0.0001856,0.00076328,-0.0000475,-0.00011694,-0.00007321,16:02:11..690,,,,
16:02:11..789,4.63882653,0.014089,-0.00062825,0.00050361,0.00036983,-0.0001858,0.00076479,-0.00004657,-0.00011605,-0.00007173,16:02:11..785,,,,
16:02:11..823,4.4991963,0.014058,-0.00062729,0.00050399,0.00036915,-0.00018539,0.00076581,-0.00004654,-0.00011545,-0.00007034,16:02:11..828,,,,
16:02:11..909,4.47851034,0.014058,-0.00062785,0.00050303,0.0003692,-0.00018603,0.0007668,-0.00004622,-0.00011589,-0.00007018,16:02:11..955,,,,
16:02:11..992,4.69054143,0.014058,-0.00062774,0.00050408,0.00036956,-0.00018512,0.00076583,-0.0000464,-0.00011612,-0.00007022,16:02:11..955,,,,
16:02:12..027,4.47333885,0.01411,-0.0006279,0.0005031,0.00036894,-0.00018609,0.00076169,-0.00004673,-0.00011519,-0.00007195,16:02:12..042,,,,
16:02:12..161,4.47333885,0.01411,-0.00062756,0.00050307,0.00036899,-0.00018601,0.00076256,-0.00004657,-0.00011532,-0.0000717,16:02:12..155,,,,
16:02:12..196,4.62848355,0.014086,-0.00062959,0.00050301,0.0003695,-0.00018581,0.00075553,-0.00004655,-0.00011558,-0.00007385,16:02:12..199,,,,
16:02:12..349,4.50436779,0.014086,-0.00062988,0.00050196,0.00036917,-0.00018648,0.00075632,-0.00004601,-0.00011525,-0.00007409,16:02:12..347,,,,
16:02:12..385,4.50436779,0.014286,-0.00063216,0.00050206,0.00036835,-0.00018574,0.00074638,-0.00004437,-0.00011452,-0.00007794,16:02:12..390,,,,
16:02:12..513,4.57159716,0.014286,-0.00063225,0.00050157,0.00036836,-0.00018623,0.00074573,-0.00004435,-0.00011456,-0.00007839,16:02:12..509,,,,
16:02:12..548,4.47333885,0.014122,-0.00063194,0.00050163,0.00036893,-0.00018648,0.00074618,-0.00004476,-0.0001148,-0.00007849,16:02:12..553,,,,
16:02:12..676,4.39059501,0.014122,-0.00063158,0.00050252,0.00036912,-0.00018598,0.0007457,-0.00004451,-0.00011481,-0.00007912,16:02:12..670,,,,
16:02:12..708,4.61296908,0.014037,-0.00063193,0.00050109,0.0003695,-0.00018639,0.00074598,-0.0000451,-0.00011531,-0.00007712,16:02:12..714,,,,
16:02:12..832,4.63882653,0.014037,-0.00063166,0.00050054,0.00036902,-0.00018656,0.00074688,-0.00004562,-0.0001149,-0.00007728,16:02:12..826,,,,
16:02:12..864,4.3957665,0.013806,-0.00063038,0.00050232,0.00037037,-0.00018692,0.00075252,-0.00005211,-0.00011543,-0.00006102,16:02:12..869,,,,
16:02:12..968,4.46816736,0.013806,-0.00063048,0.00050203,0.00037028,-0.0001872,0.0007527,-0.00005224,-0.00011569,-0.00006112,16:02:13..049,,,,
16:02:13..060,4.66468398,0.013806,-0.00063074,0.00050263,0.0003703,-0.00018744,0.00075243,-0.00005259,-0.0001155,-0.00006222,16:02:13..049,,,,
16:02:13..094,4.51988226,0.013531,-0.00062664,0.00050116,0.000371,-0.0001866,0.00079223,-0.00006103,-0.00011555,-0.00001659,16:02:13..095,,,,
16:02:13..276,4.40610948,0.013531,-0.0006269,0.00050169,0.00037096,-0.00018665,0.00079157,-0.00006148,-0.00011521,-0.00001733,16:02:13..272,,,,
16:02:13..309,4.5509112,0.012926,-0.00062806,0.00050108,0.00037103,-0.00018663,0.00078477,-0.000059,-0.00011523,-0.00002842,16:02:13..272,,,,
16:02:13..414,4.53022524,0.012926,-0.00062776,0.00050048,0.00037159,-0.0001867,0.00078626,-0.00005912,-0.00011467,-0.00002829,16:02:13..520,,,,
16:02:13..543,4.46816736,0.012926,-0.00062771,0.0005007,0.00037115,-0.00018643,0.00078542,-0.00005904,-0.00011508,-0.00002816,16:02:13..520,,,,
16:02:13..576,4.62848355,0.012879,-0.00062555,0.00050008,0.00037031,-0.00018697,0.00080194,-0.00006371,-0.00011451,-0.00000943,16:02:13..610,,,,
16:02:13..760,4.61296908,0.012879,-0.00062583,0.00049955,0.00036976,-0.00018729,0.0008034,-0.00006335,-0.00011416,-0.00000976,16:02:13..757,,,,
16:02:13..794,4.654341,0.012992,-0.00062546,0.00049979,0.00037241,-0.00018561,0.00080978,-0.00006309,-0.00011381,-0.00000315,16:02:13..800,,,,
16:02:13..897,4.64916951,0.012875,-0.00062522,0.00050052,0.00037261,-0.00018541,0.00080897,-0.00006298,-0.00011474,-0.00000332,16:02:13..952,,,,
16:02:14..012,4.23545031,0.012875,-0.00062561,0.00049934,0.00037233,-0.00018612,0.00080934,-0.00006272,-0.00011504,-0.00000297,16:02:14..009,,,,
16:02:14..046,4.80431421,0.012835,-0.00062422,0.00050424,0.00037388,-0.00018518,0.00080968,-0.00006292,-0.00011481,-0.00000562,16:02:14..053,,,,
16:02:14..170,4.79397123,0.012835,-0.00062451,0.00050335,0.0003733,-0.00018556,0.00080996,-0.00006312,-0.00011457,-0.00000504,16:02:14..165,,,,
16:02:14..204,4.3957665,0.01277,-0.00062578,0.00050291,0.00037321,-0.00018553,0.00079926,-0.0000611,-0.00011402,-0.00001187,16:02:14..209,,,,
16:02:14..329,4.41128097,0.01277,-0.00062555,0.00050219,0.00037347,-0.00018587,0.00079966,-0.00006052,-0.00011428,-0.00001168,16:02:14..324,,,,
16:02:14..361,4.67502696,0.012965,-0.00062698,0.00050252,0.00037205,-0.00018648,0.00078804,-0.00005877,-0.00011465,-0.00003327,16:02:14..369,,,,
16:02:14..527,4.74742782,0.012965,-0.00062705,0.00050249,0.00037214,-0.00018651,0.00078728,-0.00005829,-0.00011462,-0.00003354,16:02:14..521,,,,
16:02:14..559,4.43196693,0.013337,-0.00063013,0.00049996,0.0003707,-0.0001884,0.00075207,-0.00004803,-0.00011312,-0.00005543,16:02:14..566,,,,
16:02:14..693,4.53022524,0.013337,-0.00063004,0.00050112,0.00037076,-0.00018816,0.00075109,-0.00004814,-0.00011313,-0.00005572,16:02:14..689,,,,
16:02:14..727,4.54056822,0.013381,-0.00063049,0.00050095,0.00037107,-0.00018887,0.00074651,-0.00004575,-0.00011387,-0.00005917,16:02:14..733,,,,
16:02:14..774,4.46816736,0.013472,-0.00063062,0.00050135,0.00037151,-0.00018887,0.00074608,-0.00004579,-0.00011401,-0.00005898,16:02:14..826,,,,
16:02:14..845,4.34922309,0.013472,-0.00063043,0.00050107,0.00037132,-0.00018896,0.00074669,-0.00004598,-0.00011388,-0.00005925,16:02:14..826,,,,
16:02:14..878,4.64399802,0.013674,-0.00063005,0.00050118,0.00037178,-0.00018861,0.00074454,-0.00004525,-0.00011428,-0.00005852,16:02:14..912,,,,
16:02:15..022,4.76811378,0.013674,-0.00063015,0.00050115,0.0003716,-0.00018898,0.00074472,-0.00004501,-0.00011383,-0.00005909,16:02:15..016,,,,
16:02:15..054,4.44230991,0.013912,-0.00063169,0.00050013,0.00037209,-0.00018912,0.00074626,-0.00004457,-0.00011323,-0.00006426,16:02:15..061,,,,
16:02:15..181,4.3440516,0.013912,-0.00063166,0.00050063,0.00037173,-0.00018891,0.00074501,-0.00004474,-0.00011401,-0.00006475,16:02:15..176,,,,
16:02:15..214,4.43713842,0.014344,-0.00063,0.00050233,0.00037371,-0.00018775,0.00076935,-0.00005667,-0.0001145,-0.00004358,16:02:15..221,,,,
16:02:15..357,4.69571292,0.014344,-0.00063016,0.00050167,0.00037429,-0.00018739,0.00077014,-0.00005638,-0.00011481,-0.00004347,16:02:15..351,,,,
16:02:15..390,4.68536994,0.014537,-0.00062997,0.00050011,0.00037362,-0.00018789,0.00076189,-0.00005051,-0.00011443,-0.00004471,16:02:15..394,,,,
16:02:15..510,4.42679544,0.014537,-0.00063002,0.00049946,0.00037291,-0.00018904,0.00076206,-0.00005074,-0.00011447,-0.00004474,16:02:15..504,,,,
16:02:15..543,4.41645246,0.014768,-0.00063161,0.00049962,0.0003717,-0.0001874,0.00076206,-0.00005201,-0.00011493,-0.00005968,16:02:15..548,,,,
16:02:15..612,4.61814057,0.014768,-0.00063187,0.000499,0.00037165,-0.00018728,0.0007624,-0.00005174,-0.00011433,-0.00005966,16:02:15..657,,,,
16:02:15..667,4.50953928,0.014768,-0.00063148,0.0004998,0.00037179,-0.00018772,0.0007615,-0.00005177,-0.00011492,-0.00006055,16:02:15..657,,,,
16:02:15..702,4.40610948,0.015026,-0.00063263,0.00050002,0.00036866,-0.00018801,0.0007466,-0.00004707,-0.00011771,-0.00007852,16:02:15..778,,,,
16:02:15..843,4.47851034,0.015026,-0.00063265,0.0004993,0.00036849,-0.00018832,0.0007472,-0.00004732,-0.00011763,-0.00007851,16:02:15..840,,,,
16:02:15..876,4.57676865,0.01477,-0.00063086,0.00050187,0.00036838,-0.00018695,0.0007508,-0.00004464,-0.00011664,-0.0000822,16:02:15..885,,,,
16:02:16..011,4.48885332,0.01477,-0.00063123,0.00050198,0.00036885,-0.00018664,0.00075053,-0.00004433,-0.0001167,-0.00008194,16:02:16..005,,,,
16:02:16..044,4.57159716,0.014698,-0.00063369,0.00049691,0.00036695,-0.00018895,0.00074745,-0.00004213,-0.00011533,-0.0000783,16:02:16..048,,,,
16:02:16..178,4.47851034,0.014698,-0.00063311,0.00049756,0.0003673,-0.00018841,0.00074618,-0.00004264,-0.00011577,-0.00007793,16:02:16..173,,,,
16:02:16..210,4.28716521,0.014576,-0.00063292,0.00049834,0.0003678,-0.00018691,0.00074504,-0.0000423,-0.00011532,-0.00007849,16:02:16..216,,,,
16:02:16..357,4.47333885,0.014576,-0.00063303,0.00049797,0.00036801,-0.00018729,0.00074476,-0.00004239,-0.0001154,-0.00007847,16:02:16..351,,,,
16:02:16..389,4.52505375,0.014597,-0.00063303,0.00049744,0.0003679,-0.00018767,0.00074542,-0.00004251,-0.00011553,-0.00007826,16:02:16..395,,,,
16:02:16..535,4.54573971,0.014597,-0.00063318,0.00049872,0.00036822,-0.00018703,0.00074485,-0.00004293,-0.00011596,-0.00007887,16:02:16..529,,,,
16:02:16..567,4.50436779,0.014342,-0.00063273,0.00049587,0.00036381,-0.00018678,0.00074506,-0.00004241,-0.00011525,-0.00007798,16:02:16..572,,,,
16:02:16..782,4.59228312,0.014342,-0.00063253,0.00049506,0.00036357,-0.00018662,0.00074613,-0.00004218,-0.00011497,-0.00007759,16:02:16..777,,,,
16:02:16..814,4.59228312,0.014347,-0.00063315,0.00049217,0.00036414,-0.00018582,0.00074682,-0.00004293,-0.00011574,-0.00007808,16:02:16..821,,,,
16:02:16..940,4.45782438,0.014347,-0.00063372,0.00049291,0.0003642,-0.00018553,0.00074566,-0.00004293,-0.00011565,-0.00007825,16:02:16..935,,,,
16:02:16..972,4.66468398,0.014345,-0.00063309,0.00049397,0.0003642,-0.00018738,0.00074592,-0.00004171,-0.00011477,-0.0000778,16:02:16..935,,,,
16:02:17..077,4.58711163,0.014345,-0.00063318,0.00049325,0.00036387,-0.00018698,0.00074594,-0.00004155,-0.00011507,-0.00007794,16:02:17..134,,,,
16:02:17..147,4.63882653,0.014345,-0.00063318,0.00049375,0.00036377,-0.00018707,0.00074602,-0.00004211,-0.00011493,-0.00007773,16:02:17..134,,,,
16:02:17..182,4.47333885,0.014079,-0.00063353,0.00049619,0.0003679,-0.00018706,0.00075038,-0.000043,-0.00011613,-0.0000801,16:02:17..276,,,,
16:02:17..346,4.26130776,0.014079,-0.00063317,0.00049503,0.00036762,-0.00018715,0.00075138,-0.00004292,-0.00011579,-0.00008,16:02:17..343,,,,
16:02:17..378,4.6026261,0.014056,-0.00063297,0.00049698,0.00036819,-0.00018646,0.00076485,-0.00004276,-0.00011714,-0.00007993,16:02:17..385,,,,
16:02:17..547,4.64399802,0.014056,-0.00063314,0.00049638,0.00036782,-0.00018683,0.0007651,-0.00004311,-0.00011696,-0.00007989,16:02:17..542,,,,
16:02:17..579,4.61814057,0.013791,-0.00063303,0.00049791,0.00036855,-0.00018724,0.00075118,-0.00004297,-0.00011618,-0.00008017,16:02:17..585,,,,
16:02:17..642,4.54056822,0.013791,-0.00063301,0.00049831,0.0003682,-0.00018729,0.00075143,-0.00004287,-0.00011614,-0.00008013,16:02:17..713,,,,
16:02:17..756,4.57159716,0.013654,-0.00063318,0.00049769,0.00036887,-0.00018752,0.00075069,-0.00004276,-0.00011631,-0.00007992,16:02:17..756,,,,
16:02:17..789,4.58711163,0.013652,-0.00063141,0.00049659,0.00036805,-0.00018769,0.00075796,-0.00004362,-0.00011607,-0.00007582,16:02:17..798,,,,
16:02:17..921,4.5509112,0.013652,-0.00063144,0.00049735,0.00036809,-0.00018704,0.00075748,-0.00004381,-0.00011668,-0.00007581,16:02:17..917,,,,
16:02:17..955,4.51471077,0.01342,-0.00063126,0.00049926,0.00036882,-0.00018739,0.00076627,-0.00004652,-0.00011875,-0.00007658,16:02:17..962,,,,
16:02:18..108,4.50953928,0.01342,-0.00063123,0.0004995,0.00036915,-0.00018735,0.00076585,-0.00004592,-0.00011907,-0.00007752,16:02:18..102,,,,
16:02:18..142,4.41645246,0.013153,-0.00063202,0.0004985,0.00036788,-0.00018749,0.00076005,-0.00004369,-0.00011749,-0.00008243,16:02:18..145,,,,
16:02:18..264,4.5509112,0.013153,-0.00063187,0.00049938,0.00036872,-0.00018741,0.00075878,-0.0000441,-0.00011788,-0.00008229,16:02:18..260,,,,
16:02:18..296,4.63882653,0.01327,-0.00063308,0.00049823,0.00036811,-0.00018757,0.00075826,-0.0000448,-0.00011696,-0.00008273,16:02:18..304,,,,
16:02:18..467,4.68019845,0.01327,-0.00063296,0.00049882,0.00036853,-0.00018731,0.00075728,-0.0000451,-0.00011754,-0.00008328,16:02:18..463,,,,
16:02:18..498,4.54056822,0.013511,-0.00063292,0.00049869,0.00036774,-0.00018741,0.00077259,-0.00004106,-0.0001167,-0.00008389,16:02:18..506,,,,
16:02:18..583,4.52505375,0.013511,-0.00063318,0.00049944,0.00036753,-0.00018678,0.00077246,-0.00004079,-0.00011702,-0.00008408,16:02:18..578,,,,
16:02:18..615,4.39059501,0.013805,-0.00063295,0.00049921,0.00036857,-0.00018738,0.00076609,-0.00004301,-0.00011784,-0.00008363,16:02:18..623,,,,
16:02:18..725,4.42162395,0.013805,-0.00063264,0.00049956,0.00036845,-0.00018691,0.00076517,-0.00004338,-0.00011832,-0.0000835,16:02:18..780,,,,
16:02:18..792,4.74742782,0.013805,-0.00063332,0.00049943,0.00036844,-0.00018718,0.00076626,-0.00004248,-0.00011771,-0.00008348,16:02:18..780,,,,
16:02:18..826,4.51988226,0.013844,-0.00063177,0.00049845,0.00036833,-0.00018743,0.00077128,-0.00004422,-0.00011913,-0.00008059,16:02:18..882,,,,
16:02:18..961,4.44230991,0.013844,-0.00063164,0.00049889,0.00036887,-0.00018707,0.00077158,-0.00004457,-0.00011951,-0.00008075,16:02:18..956,,,,
16:02:18..993,4.56125418,0.01392,-0.00063172,0.00049906,0.00036932,-0.00018673,0.00077185,-0.0000469,-0.00012017,-0.00007803,16:02:19..001,,,,
16:02:19..119,4.48368183,0.01392,-0.00063167,0.00049851,0.00036878,-0.00018737,0.00077316,-0.00004647,-0.00012002,-0.00007786,16:02:19..111,,,,
16:02:19..150,4.64399802,0.013976,-0.00063064,0.00050094,0.00036948,-0.00018699,0.0007827,-0.0000453,-0.00012095,-0.00007961,16:02:19..154,,,,
16:02:19..320,4.66985547,0.013976,-0.00063046,0.00050025,0.00036928,-0.00018716,0.0007837,-0.00004494,-0.00012068,-0.00007928,16:02:19..314,,,,
16:02:19..352,4.51988226,0.014191,-0.00063086,0.0004987,0.0003691,-0.00018723,0.00078861,-0.00004559,-0.00012083,-0.00007984,16:02:19..359,,,,
16:02:19..416,4.63365504,0.014191,-0.00063085,0.00049867,0.00036919,-0.00018733,0.00078937,-0.0000449,-0.00012108,-0.00008025,16:02:19..467,,,,
16:02:19..479,4.48368183,0.014191,-0.00063066,0.00049948,0.00036928,-0.00018686,0.0007887,-0.00004499,-0.00012095,-0.0000803,16:02:19..467,,,,
16:02:19..512,4.4474814,0.01435,-0.00063255,0.00049573,0.00036828,-0.0001872,0.00079361,-0.0000417,-0.0001191,-0.00008028,16:02:19..554,,,,
16:02:19..626,4.41128097,0.01435,-0.00063262,0.00049636,0.0003687,-0.00018668,0.00079288,-0.00004138,-0.00011967,-0.00008045,16:02:19..621,,,,
16:02:19..660,4.78879974,0.014306,-0.00062544,0.00049516,0.00036757,-0.00018746,0.00078451,-0.00003981,-0.00011835,-0.00007262,16:02:19..663,,,,
16:02:19..740,4.63365504,0.014306,-0.00062538,0.0004948,0.00036724,-0.00018745,0.00078496,-0.00003972,-0.00011783,-0.00007249,16:02:19..735,,,,
16:02:19..772,4.42679544,0.014155,-0.00062357,0.00049698,0.00036814,-0.00018734,0.00078903,-0.00004237,-0.00011898,-0.00006752,16:02:19..780,,,,
16:02:19..906,4.34922309,0.014155,-0.0006233,0.00049782,0.00036853,-0.00018698,0.00078845,-0.00004195,-0.00011938,-0.00006824,16:02:19..900,,,,
16:02:19..937,4.68536994,0.013968,-0.00063017,0.00049526,0.00036782,-0.00018768,0.00076231,-0.00004493,-0.00011692,-0.00007511,16:02:19..944,,,,
16:02:20..083,4.66468398,0.013968,-0.0006304,0.00049519,0.00036722,-0.00018798,0.00076177,-0.00004568,-0.00011692,-0.00007534,16:02:20..077,,,,
16:02:20..116,4.3957665,0.013738,-0.00063398,0.00049413,0.00036749,-0.00018771,0.000757,-0.00004542,-0.00011696,-0.00007849,16:02:20..120,,,,
16:02:20..266,4.53022524,0.013738,-0.00063377,0.00049356,0.00036734,-0.00018782,0.00075738,-0.00004558,-0.00011631,-0.00007829,16:02:20..260,,,,
16:02:20..299,4.64399802,0.013783,-0.00063431,0.00049379,0.00036731,-0.00018834,0.00074599,-0.00004575,-0.00011589,-0.00007858,16:02:20..306,,,,
16:02:20..398,4.65951249,0.013783,-0.00063405,0.00049391,0.00036705,-0.00018856,0.00074576,-0.00004572,-0.00011572,-0.00007846,16:02:20..393,,,,
16:02:20..431,4.35439458,0.013469,-0.00063348,0.00049485,0.00036861,-0.00018889,0.00075666,-0.00005212,-0.00011669,-0.00006916,16:02:20..438,,,,
16:02:20..576,4.48885332,0.013469,-0.00063295,0.00049526,0.00036834,-0.00018904,0.00075632,-0.00005198,-0.00011678,-0.00006937,16:02:20..571,,,,
16:02:20..608,4.61814057,0.013338,-0.00063328,0.00049353,0.00036796,-0.00018868,0.00076215,-0.00005078,-0.00011577,-0.0000638,16:02:20..614,,,,
16:02:20..721,4.66468398,0.013338,-0.00063267,0.00049443,0.00036835,-0.00018862,0.00076092,-0.00005161,-0.00011622,-0.0000638,16:02:20..715,,,,
16:02:20..754,4.40093799,0.013309,-0.00063186,0.00049378,0.00036919,-0.00018873,0.00076866,-0.00005647,-0.00011636,-0.00005399,16:02:20..759,,,,
16:02:20..829,4.50436779,0.013309,-0.00063189,0.00049452,0.00036927,-0.00018849,0.00076761,-0.00005667,-0.00011655,-0.00005355,16:02:20..886,,,,
16:02:20..898,4.63365504,0.013309,-0.00063207,0.0004941,0.00036899,-0.00018882,0.00076886,-0.00005593,-0.00011596,-0.0000538,16:02:20..886,,,,
16:02:20..932,4.53539673,0.013751,-0.0006315,0.00049519,0.00036925,-0.0001888,0.00076801,-0.00005468,-0.00011607,-0.00005409,16:02:20..982,,,,
16:02:21..054,4.56642567,0.013751,-0.00063175,0.00049498,0.00036937,-0.00018922,0.00076778,-0.00005495,-0.00011603,-0.00005358,16:02:21..049,,,,
16:02:21..086,4.42679544,0.013916,-0.00063081,0.00049542,0.00037019,-0.00018827,0.00077266,-0.00005636,-0.0001164,-0.00004951,16:02:21..094,,,,
16:02:21..216,4.54056822,0.013916,-0.00063085,0.00049554,0.00037002,-0.00018896,0.00077305,-0.00005609,-0.00011623,-0.00004998,16:02:21..210,,,,
16:02:21..249,4.56125418,0.014075,-0.00063088,0.00049534,0.00036954,-0.00018818,0.00077709,-0.00005755,-0.00011566,-0.00004237,16:02:21..253,,,,
16:02:21..436,4.55608269,0.014075,-0.00063064,0.00049485,0.00036984,-0.00018834,0.00077846,-0.00005712,-0.00011551,-0.00004211,16:02:21..430,,,,
16:02:21..469,4.65951249,0.014012,-0.00063037,0.00049478,0.00036948,-0.00018864,0.00078024,-0.00005827,-0.00011526,-0.00004639,16:02:21..472,,,,
16:02:21..593,4.51988226,0.014012,-0.00063025,0.00049487,0.00036941,-0.00018846,0.00077961,-0.00005864,-0.00011526,-0.00004576,16:02:21..590,,,,
16:02:21..628,4.58711163,0.013907,-0.00063156,0.00049618,0.00036861,-0.0001893,0.00075009,-0.00005114,-0.000117,-0.00006471,16:02:21..635,,,,
16:02:21..769,4.65951249,0.013907,-0.00063129,0.00049596,0.00036858,-0.00018925,0.0007506,-0.00005077,-0.00011653,-0.00006446,16:02:21..764,,,,
16:02:21..801,4.4991963,0.013789,-0.00063213,0.0004952,0.00036777,-0.00018895,0.00074936,-0.00004633,-0.00011655,-0.00007261,16:02:21..809,,,,
16:02:21..966,4.57676865,0.013789,-0.00063196,0.00049526,0.00036756,-0.00018896,0.00074993,-0.00004636,-0.00011633,-0.00007276,16:02:21..961,,,,
16:02:21..999,4.48368183,0.013769,-0.00063246,0.00049478,0.00036747,-0.00018851,0.00074627,-0.00004402,-0.00011588,-0.00007895,16:02:22..004,,,,
16:02:22..086,4.57159716,0.013769,-0.00063291,0.00049521,0.000367,-0.00018853,0.00074532,-0.00004446,-0.00011652,-0.00007883,16:02:22..131,,,,
16:02:22..167,4.68536994,0.013769,-0.00063274,0.00049452,0.00036703,-0.00018888,0.00074633,-0.00004411,-0.00011637,-0.00007833,16:02:22..131,,,,
16:02:22..200,4.44230991,0.01394,-0.0006333,0.00049516,0.00036691,-0.0001888,0.00074708,-0.00004369,-0.0001158,-0.00008055,16:02:22..219,,,,
16:02:22..383,4.48368183,0.01394,-0.00063331,0.00049475,0.00036714,-0.00018876,0.00074673,-0.00004371,-0.00011552,-0.00008064,16:02:22..378,,,,
16:02:22..417,4.92325848,0.013863,-0.00063317,0.00049369,0.00036711,-0.00018896,0.00074647,-0.00004396,-0.00011544,-0.00007815,16:02:22..422,,,,
16:02:22..586,4.89222954,0.013863,-0.00063336,0.00049323,0.00036667,-0.00018934,0.00074703,-0.00004402,-0.00011495,-0.00007788,16:02:22..582,,,,
16:02:22..621,4.14753498,0.013338,-0.00063441,0.00049104,0.00036565,-0.00018922,0.00074711,-0.00004521,-0.00011407,-0.00007383,16:02:22..628,,,,
16:02:22..816,4.79914272,0.013338,-0.00063454,0.00049021,0.00036564,-0.00018928,0.00074762,-0.00004495,-0.00011461,-0.00007383,16:02:22..812,,,,
16:02:22..849,4.26130776,0.013004,-0.0006307,0.00049725,0.0003649,-0.00019017,0.00075381,-0.00003834,-0.00011107,-0.0000564,16:02:22..855,,,,
16:02:23..016,4.35956607,0.013004,-0.00063074,0.00049751,0.00036522,-0.00018979,0.00075314,-0.00003937,-0.00011147,-0.00005692,16:02:23..012,,,,
16:02:23..050,4.69571292,0.013347,-0.00062931,0.00050208,0.00036755,-0.00018703,0.00074941,-0.00004599,-0.00011426,-0.00007017,16:02:23..012,,,,
16:02:23..164,4.64916951,0.013347,-0.00062942,0.00050271,0.00036772,-0.00018707,0.000749,-0.00004651,-0.00011447,-0.00007024,16:02:23..222,,,,
16:02:23..235,4.64916951,0.013347,-0.00062925,0.00050249,0.0003681,-0.00018696,0.00074958,-0.00004642,-0.0001144,-0.00007043,16:02:23..222,,,,
16:02:23..269,4.3440516,0.013982,-0.00063177,0.00049997,0.00036723,-0.000188,0.00074194,-0.00003551,-0.0001121,-0.00006771,16:02:23..346,,,,
16:02:23..448,4.64916951,0.013982,-0.00063153,0.00049928,0.00036667,-0.00018809,0.00074277,-0.00003573,-0.00011195,-0.00006774,16:02:23..346,,,,
16:02:23..480,4.42679544,0.013944,-0.00063116,0.00050023,0.00036577,-0.00018791,0.00074394,-0.00003323,-0.0001134,-0.0000659,16:02:23..449,,,,
16:02:23..562,4.48885332,0.013944,-0.00063093,0.00050019,0.00036542,-0.00018843,0.00074456,-0.00003348,-0.00011283,-0.00006619,16:02:23..603,,,,
16:02:23..618,4.48368183,0.013944,-0.00063071,0.00049998,0.00036565,-0.00018819,0.00074401,-0.00003364,-0.00011292,-0.00006654,16:02:23..603,,,,
16:02:23..651,4.59228312,0.013694,-0.00063011,0.00050021,0.00036609,-0.0001881,0.00074563,-0.00003909,-0.00011282,-0.00006894,16:02:23..765,,,,
16:02:23..840,4.64916951,0.013694,-0.00063008,0.00050092,0.00036648,-0.00018822,0.00074509,-0.00003928,-0.00011294,-0.00006899,16:02:23..837,,,,
16:02:23..872,4.52505375,0.013471,-0.00063038,0.00050111,0.00036722,-0.00018875,0.00074453,-0.00003687,-0.00011346,-0.00006984,16:02:23..880,,,,
16:02:23..943,4.6026261,0.013471,-0.00063009,0.00050233,0.00036728,-0.00018833,0.00074349,-0.00003751,-0.0001134,-0.00006874,16:02:24..031,,,,
16:02:24..056,4.60779759,0.013471,-0.00063009,0.00050121,0.00036735,-0.00018806,0.00074461,-0.00003666,-0.00011276,-0.00006887,16:02:24..031,,,,
16:02:24..091,4.4991963,0.01298,-0.00062972,0.00050287,0.00036771,-0.00018772,0.00075036,-0.00002698,-0.00011504,-0.00004924,16:02:24..120,,,,
16:02:24..216,4.41128097,0.01298,-0.00062924,0.00050409,0.00036817,-0.00018748,0.00074966,-0.00002675,-0.00011439,-0.00004931,16:02:24..212,,,,
16:02:24..246,4.55608269,0.012666,-0.0006299,0.00050126,0.00036764,-0.00018867,0.00074734,-0.00004356,-0.0001131,-0.00007266,16:02:24..254,,,,
16:02:24..403,4.50436779,0.012666,-0.0006304,0.0005016,0.00036787,-0.00018808,0.00074621,-0.00004415,-0.0001131,-0.00007322,16:02:24..397,,,,
16:02:24..436,4.56125418,0.012994,-0.00063075,0.00050221,0.00036766,-0.00018794,0.00074655,-0.00002698,-0.0001136,-0.00005277,16:02:24..441,,,,
16:02:24..583,4.56642567,0.012994,-0.0006308,0.00050234,0.00036788,-0.00018785,0.00074597,-0.00002791,-0.0001137,-0.00005349,16:02:24..579,,,,
16:02:24..617,4.52505375,0.013219,-0.00063026,0.00050099,0.00036705,-0.0001883,0.00074808,-0.00001456,-0.00011303,-0.00003923,16:02:24..624,,,,
16:02:24..800,4.57159716,0.013219,-0.00063053,0.00050189,0.00036762,-0.00018766,0.00074771,-0.00001488,-0.00011315,-0.00003973,16:02:24..796,,,,
16:02:24..833,4.51988226,0.013389,-0.00062996,0.00049982,0.00036734,-0.00018873,0.0007468,-0.00003491,-0.00011358,-0.00004966,16:02:24..841,,,,
16:02:24..984,4.34922309,0.013389,-0.00063004,0.00050036,0.00036764,-0.00018879,0.00074643,-0.00003532,-0.00011365,-0.00004945,16:02:24..977,,,,
16:02:25..016,4.55608269,0.01369,-0.00063161,0.00049587,0.0003669,-0.00018889,0.0007481,-0.00002934,-0.00011461,-0.0000478,16:02:25..020,,,,
16:02:25..078,4.46299587,0.01369,-0.00063185,0.00049633,0.00036693,-0.00018914,0.00074739,-0.00002927,-0.00011388,-0.00004738,16:02:25..129,,,,
16:02:25..140,4.23545031,0.01369,-0.00063178,0.00049583,0.00036658,-0.00018912,0.00074774,-0.00002916,-0.00011421,-0.00004725,16:02:25..129,,,,
16:02:25..173,4.52505375,0.013549,-0.00063192,0.00049974,0.00036679,-0.00018748,0.00074513,-0.00002547,-0.00011305,-0.00005271,16:02:25..174,,,,
16:02:25..288,4.80431421,0.013549,-0.00063151,0.00050026,0.00036688,-0.00018773,0.00074565,-0.00002628,-0.00011206,-0.00005281,16:02:25..282,,,,
16:02:25..320,4.7060559,0.013517,-0.0006305,0.00050673,0.00036815,-0.00018682,0.00075008,-0.00002865,-0.00011269,-0.00006149,16:02:25..326,,,,
16:02:25..432,4.49402481,0.013517,-0.00063028,0.00050684,0.00036816,-0.00018678,0.0007493,-0.00002951,-0.00011322,-0.00006204,16:02:25..427,,,,
16:02:25..465,4.66985547,0.013533,-0.0006305,0.00050232,0.00036749,-0.00018806,0.00074673,-0.00003211,-0.0001131,-0.00006255,16:02:25..470,,,,
16:02:25..593,4.5509112,0.013533,-0.00063094,0.0005016,0.00036693,-0.00018871,0.00074748,-0.00003205,-0.0001133,-0.00006216,16:02:25..587,,,,
16:02:25..625,4.60779759,0.013703,-0.00063196,0.00049973,0.00036612,-0.00018838,0.00074738,-0.00003586,-0.00011388,-0.00006861,16:02:25..631,,,,
16:02:25..816,4.35439458,0.013703,-0.00063188,0.00050045,0.00036624,-0.00018846,0.0007463,-0.00003587,-0.00011373,-0.00006854,16:02:25..810,,,,
16:02:25..848,4.74742782,0.013979,-0.00063161,0.00050649,0.00036761,-0.00018685,0.00075041,-0.00002198,-0.00011427,-0.00005772,16:02:25..853,,,,
16:02:25..982,4.58711163,0.013979,-0.00063135,0.00050559,0.00036748,-0.00018671,0.00075184,-0.00002161,-0.00011385,-0.00005761,16:02:25..976,,,,
16:02:26..015,4.59745461,0.014442,-0.00063022,0.00050465,0.00036734,-0.0001879,0.0007474,-0.00004116,-0.00011346,-0.00007075,16:02:26..019,,,,
16:02:26..164,4.48885332,0.014442,-0.00063081,0.00050381,0.00036722,-0.00018827,0.00074802,-0.00004086,-0.00011365,-0.00007131,16:02:26..159,,,,
16:02:26..196,4.51988226,0.014436,-0.00063002,0.0005051,0.00036743,-0.00018812,0.00074845,-0.00004571,-0.00011455,-0.00007567,16:02:26..205,,,,
16:02:26..322,4.52505375,0.014436,-0.00062967,0.00050547,0.00036809,-0.00018782,0.00074788,-0.00004598,-0.0001147,-0.00007556,16:02:26..317,,,,
16:02:26..354,4.5509112,0.014287,-0.00062979,0.0005052,0.00036798,-0.00018745,0.00074759,-0.00004625,-0.00011364,-0.00007724,16:02:26..359,,,,
16:02:26..406,4.64399802,0.014287,-0.00063,0.00050415,0.00036764,-0.00018818,0.00074855,-0.00004554,-0.00011329,-0.00007727,16:02:26..488,,,,
16:02:26..520,4.47333885,0.014287,-0.00062986,0.0005052,0.00036772,-0.00018804,0.00074744,-0.00004621,-0.00011324,-0.00007724,16:02:26..488,,,,
16:02:26..553,4.5509112,0.013829,-0.00062956,0.00050513,0.00036786,-0.00018752,0.00075447,-0.00004445,-0.00011426,-0.00007279,16:02:26..575,,,,
16:02:26..713,4.53022524,0.013829,-0.00062999,0.00050573,0.00036825,-0.00018731,0.00075464,-0.00004458,-0.00011414,-0.00007274,16:02:26..709,,,,
16:02:26..745,4.47851034,0.01407,-0.00062879,0.00050699,0.00036848,-0.00018655,0.00076733,-0.00002789,-0.00011528,-0.00004479,16:02:26..750,,,,
16:02:26..890,4.48368183,0.01407,-0.00062878,0.00050716,0.00036894,-0.00018618,0.00076672,-0.0000282,-0.00011553,-0.00004403,16:02:26..885,,,,
16:02:26..924,4.50436779,0.0145,-0.00062981,0.00050385,0.00036721,-0.00018792,0.00074668,-0.00004468,-0.00011315,-0.00007555,16:02:26..928,,,,
16:02:27..068,4.48885332,0.0145,-0.00062971,0.0005046,0.00036768,-0.00018795,0.00074643,-0.0000448,-0.00011395,-0.00007579,16:02:27..062,,,,
16:02:27..102,4.56125418,0.014789,-0.00062996,0.00050476,0.00036718,-0.00018783,0.0007498,-0.00004504,-0.00011456,-0.00007533,16:02:27..106,,,,
16:02:27..287,4.51988226,0.014789,-0.00062942,0.00050599,0.00036773,-0.00018739,0.00074831,-0.00004487,-0.00011476,-0.00007516,16:02:27..283,,,,
16:02:27..322,4.51988226,0.014762,-0.00062888,0.0005059,0.00036845,-0.00018649,0.00076053,-0.00004684,-0.00011414,-0.00006787,16:02:27..326,,,,
16:02:27..455,4.53539673,0.014762,-0.00062923,0.00050563,0.00036787,-0.000187,0.00076113,-0.00004659,-0.00011419,-0.00006754,16:02:27..449,,,,
16:02:27..486,4.51471077,0.014723,-0.00062955,0.00050566,0.00036823,-0.00018671,0.00076021,-0.00004302,-0.00011474,-0.00006564,16:02:27..493,,,,
16:02:27..622,4.5509112,0.014723,-0.00062947,0.00050515,0.00036795,-0.00018728,0.00076105,-0.00004308,-0.0001146,-0.00006509,16:02:27..619,,,,
16:02:27..657,4.55608269,0.014754,-0.00062948,0.00050569,0.00036796,-0.00018752,0.0007491,-0.00004654,-0.00011414,-0.00007514,16:02:27..662,,,,
16:02:27..789,4.56125418,0.014754,-0.00062956,0.00050537,0.00036798,-0.0001876,0.00074933,-0.00004616,-0.000114,-0.00007471,16:02:27..784,,,,
16:02:27..820,4.56642567,0.014418,-0.00062976,0.00050485,0.00036767,-0.00018787,0.00075315,-0.00004779,-0.00011344,-0.00007265,16:02:27..828,,,,
16:02:27..978,4.61814057,0.014418,-0.00062954,0.0005052,0.00036802,-0.00018774,0.00075236,-0.00004766,-0.00011395,-0.00007244,16:02:27..972,,,,
16:02:28..011,4.53539673,0.014068,-0.00062981,0.00050589,0.00036748,-0.00018702,0.0007565,-0.00004715,-0.00011446,-0.00007107,16:02:28..016,,,,
16:02:28..179,4.64916951,0.014068,-0.00062987,0.00050564,0.00036814,-0.00018726,0.00075584,-0.00004738,-0.00011465,-0.00007134,16:02:28..174,,,,
16:02:28..212,4.56642567,0.014112,-0.00062907,0.0005069,0.00036788,-0.00018762,0.00075195,-0.00004458,-0.00011382,-0.00007611,16:02:28..221,,,,
16:02:28..342,4.44230991,0.014112,-0.00062896,0.00050737,0.00036851,-0.00018787,0.00075089,-0.00004501,-0.00011419,-0.00007641,16:02:28..338,,,,
16:02:28..378,4.56125418,0.014167,-0.00062948,0.00050568,0.00036775,-0.00018748,0.00075597,-0.00004832,-0.00011411,-0.00007246,16:02:28..383,,,,
16:02:28..497,4.47851034,0.014167,-0.00062919,0.00050559,0.00036739,-0.00018726,0.00075515,-0.00004811,-0.00011406,-0.00007182,16:02:28..494,,,,
16:02:28..531,4.62331206,0.014278,-0.00062902,0.00050721,0.00036788,-0.00018773,0.00074836,-0.00004689,-0.00011488,-0.00007825,16:02:28..539,,,,
16:02:28..734,4.55608269,0.014278,-0.00062865,0.00050717,0.00036797,-0.00018751,0.00074834,-0.00004641,-0.00011462,-0.00007767,16:02:28..728,,,,
16:02:28..767,4.46299587,0.014279,-0.00062842,0.00050871,0.00036852,-0.00018779,0.00074877,-0.00004595,-0.00011475,-0.00007823,16:02:28..773,,,,
16:02:28..942,4.3957665,0.014279,-0.00062855,0.00050889,0.0003683,-0.00018742,0.00074858,-0.00004622,-0.00011447,-0.00007799,16:02:28..938,,,,
16:02:28..975,4.69054143,0.014288,-0.00062771,0.00051116,0.0003689,-0.00018739,0.00074809,-0.00004576,-0.00011512,-0.00007881,16:02:28..981,,,,
16:02:29..173,4.654341,0.014288,-0.00062763,0.00051025,0.0003683,-0.00018733,0.00074886,-0.00004578,-0.00011517,-0.0000785,16:02:29..169,,,,
16:02:29..208,4.6026261,0.014454,-0.00062851,0.00050799,0.00036876,-0.00018727,0.00074859,-0.00004696,-0.00011592,-0.0000776,16:02:29..213,,,,
16:02:29..337,4.69571292,0.014454,-0.00062904,0.00050689,0.00036795,-0.00018764,0.00074887,-0.00004676,-0.00011564,-0.00007775,16:02:29..334,,,,
16:02:29..371,4.58194014,0.014586,-0.00062821,0.00050877,0.00036869,-0.00018771,0.00074971,-0.00004634,-0.00011515,-0.00007891,16:02:29..379,,,,
16:02:29..502,4.57676865,0.014586,-0.00062876,0.00050879,0.00036879,-0.00018773,0.00074871,-0.00004659,-0.00011507,-0.00007854,16:02:29..496,,,,
16:02:29..533,4.6026261,0.014459,-0.0006295,0.00050692,0.00036798,-0.00018884,0.00074899,-0.00004656,-0.00011491,-0.00007931,16:02:29..540,,,,
16:02:29..687,4.59228312,0.014459,-0.0006293,0.00050718,0.00036762,-0.00018793,0.00074891,-0.00004628,-0.00011518,-0.00007943,16:02:29..682,,,,
16:02:29..718,4.41645246,0.01422,-0.00062901,0.00050554,0.00036746,-0.00018781,0.0007489,-0.00004766,-0.00011524,-0.00007831,16:02:29..724,,,,
16:02:29..892,4.50953928,0.01422,-0.00062905,0.00050686,0.00036806,-0.00018774,0.00074908,-0.00004726,-0.0001151,-0.00007778,16:02:29..885,,,,
16:02:29..924,4.56642567,0.013616,-0.00062843,0.00050832,0.00036831,-0.00018778,0.00074832,-0.00004547,-0.00011495,-0.00007888,16:02:29..929,,,,
16:02:30..032,4.42162395,0.013616,-0.0006288,0.00050752,0.00036766,-0.0001885,0.0007489,-0.00004584,-0.00011535,-0.00007832,16:02:30..082,,,,
16:02:30..123,6.27818886,0.013616,-0.00062903,0.00050766,0.00036816,-0.00018834,0.0007478,-0.00004593,-0.0001152,-0.00007917,16:02:30..082,,,,
16:02:30..157,4.91808699,0.013358,-0.00062776,0.00050994,0.00036837,-0.00018762,0.00074889,-0.00004588,-0.00011584,-0.00007909,16:02:30..169,,,,
16:02:30..307,5.02151679,0.013358,-0.00062752,0.00051019,0.00036848,-0.00018739,0.000749,-0.00004629,-0.00011565,-0.00007895,16:02:30..303,,,,
16:02:30..341,4.53022524,0.013701,-0.00062838,0.00050884,0.00036764,-0.00018815,0.0007496,-0.00004601,-0.00011496,-0.00007746,16:02:30..346,,,,
16:02:30..375,4.15787796,0.013813,-0.00062806,0.00051002,0.00036806,-0.00018769,0.00074881,-0.00004684,-0.00011515,-0.00007737,16:02:30..390,,,,
16:02:30..535,4.46816736,0.013813,-0.00062797,0.00050941,0.00036868,-0.00018772,0.00074965,-0.00004613,-0.00011502,-0.00007709,16:02:30..529,,,,
16:02:30..569,4.50436779,0.014071,-0.00062801,0.00051017,0.00036849,-0.00018751,0.00074919,-0.00004707,-0.00011531,-0.0000771,16:02:30..573,,,,
16:02:30..724,4.50436779,0.014071,-0.00062763,0.00050894,0.00036838,-0.00018809,0.00075042,-0.00004702,-0.00011466,-0.00007724,16:02:30..720,,,,
16:02:30..758,4.65951249,0.01418,-0.00062836,0.00050842,0.00036801,-0.00018768,0.00074956,-0.00004623,-0.00011571,-0.00007746,16:02:30..720,,,,
16:02:30..847,4.58194014,0.01418,-0.00062858,0.0005082,0.00036833,-0.00018777,0.00075002,-0.00004609,-0.00011558,-0.00007819,16:02:30..893,,,,
16:02:30..915,4.46299587,0.01418,-0.00062858,0.00050783,0.00036807,-0.00018819,0.00074917,-0.00004667,-0.00011583,-0.00007845,16:02:30..893,,,,
16:02:30..952,4.46299587,0.01425,-0.00062883,0.00050707,0.00036779,-0.00018849,0.00074851,-0.00004658,-0.00011563,-0.00007759,16:02:30..981,,,,
16:02:31..103,4.34922309,0.01425,-0.00062904,0.00050647,0.00036795,-0.00018863,0.00074973,-0.00004652,-0.00011518,-0.00007748,16:02:31..099,,,,
16:02:31..139,4.64916951,0.01408,-0.00062816,0.00050862,0.00036823,-0.00018773,0.00075074,-0.00004684,-0.00011584,-0.0000771,16:02:31..142,,,,
16:02:31..259,4.4991963,0.01408,-0.00062828,0.00050851,0.00036788,-0.0001884,0.00075045,-0.00004716,-0.00011543,-0.00007733,16:02:31..254,,,,
16:02:31..291,4.54573971,0.013727,-0.00062783,0.00050882,0.00036763,-0.00018826,0.00075313,-0.00004636,-0.00011554,-0.00007594,16:02:31..297,,,,
16:02:31..398,4.45782438,0.013727,-0.00062783,0.00050909,0.00036843,-0.00018786,0.00075193,-0.0000465,-0.00011564,-0.00007591,16:02:31..392,,,,
16:02:31..430,4.44230991,0.013517,-0.00062738,0.00050864,0.00036755,-0.00018782,0.00075294,-0.00004595,-0.00011543,-0.00007507,16:02:31..436,,,,
16:02:31..491,4.61814057,0.013517,-0.00062757,0.00050912,0.00036796,-0.00018826,0.00075183,-0.00004628,-0.00011568,-0.00007525,16:02:31..544,,,,
16:02:31..588,4.48885332,0.013431,-0.0006281,0.00050812,0.00036749,-0.00018813,0.0007523,-0.00004667,-0.00011534,-0.00007526,16:02:31..586,,,,
16:02:31..623,4.52505375,0.013535,-0.00062807,0.00050831,0.0003678,-0.00018808,0.00074924,-0.00004623,-0.00011558,-0.00007667,16:02:31..629,,,,
16:02:31..755,4.45782438,0.013535,-0.00062799,0.00050807,0.00036802,-0.00018833,0.00074927,-0.00004633,-0.0001156,-0.00007672,16:02:31..750,,,,
16:02:31..787,4.62331206,0.013235,-0.0006282,0.00050767,0.00036699,-0.00018826,0.00075026,-0.00004569,-0.00011544,-0.00007615,16:02:31..791,,,,
16:02:31..943,4.43713842,0.013235,-0.00062829,0.0005079,0.00036768,-0.00018796,0.00074942,-0.00004566,-0.00011532,-0.00007567,16:02:31..938,,,,
16:02:31..976,4.58194014,0.013317,-0.00062794,0.0005067,0.00036724,-0.00018811,0.00074789,-0.00004508,-0.00011521,-0.00007628,16:02:31..982,,,,
16:02:32..148,4.57159716,0.013317,-0.00062846,0.00050736,0.00036763,-0.00018831,0.00074719,-0.00004501,-0.0001154,-0.00007663,16:02:32..141,,,,
16:02:32..180,4.36473756,0.013492,-0.00062778,0.00050807,0.00036756,-0.00018803,0.00074956,-0.00004486,-0.00011477,-0.00007369,16:02:32..184,,,,
16:02:32..288,4.61814057,0.013492,-0.00062794,0.00050862,0.00036792,-0.00018767,0.00074908,-0.00004537,-0.00011469,-0.00007423,16:02:32..283,,,,
16:02:32..320,4.72674186,0.0136,-0.00062824,0.00050785,0.00036758,-0.00018828,0.00074674,-0.00004503,-0.00011522,-0.00007554,16:02:32..328,,,,
16:02:32..464,4.64916951,0.0136,-0.00062792,0.00050678,0.00036713,-0.00018823,0.00074753,-0.00004483,-0.00011529,-0.00007565,16:02:32..458,,,,
16:02:32..496,4.50436779,0.013586,-0.00062758,0.00050806,0.0003679,-0.00018773,0.00074709,-0.00004512,-0.00011487,-0.00007704,16:02:32..502,,,,
16:02:32..667,4.50436779,0.013586,-0.0006277,0.00050767,0.00036775,-0.00018856,0.00074659,-0.00004499,-0.00011514,-0.00007708,16:02:32..661,,,,
16:02:32..698,4.48885332,0.013639,-0.00062787,0.00050772,0.00036746,-0.00018838,0.00074909,-0.00004618,-0.00011551,-0.00007456,16:02:32..704,,,,
16:02:32..849,4.51471077,0.013639,-0.00062706,0.00050854,0.000368,-0.00018789,0.00074824,-0.00004566,-0.00011537,-0.00007424,16:02:32..844,,,,
16:02:32..882,4.4991963,0.013953,-0.00062791,0.00050751,0.00036737,-0.00018838,0.00075111,-0.00004435,-0.0001146,-0.00007168,16:02:32..887,,,,
16:02:32..917,4.50436779,0.014117,-0.00062785,0.00050746,0.00036729,-0.0001884,0.00075168,-0.00004471,-0.00011441,-0.00007179,16:02:32..978,,,,
16:02:33..039,4.6026261,0.014117,-0.00062771,0.00050787,0.00036752,-0.00018879,0.00075168,-0.00004455,-0.00011474,-0.00007216,16:02:33..037,,,,
16:02:33..073,4.52505375,0.014392,-0.00062781,0.00050758,0.00036778,-0.00018784,0.00074709,-0.0000456,-0.00011568,-0.00007535,16:02:33..081,,,,
16:02:33..224,4.52505375,0.014392,-0.00062761,0.00050691,0.0003677,-0.00018818,0.00074763,-0.00004563,-0.00011475,-0.00007555,16:02:33..218,,,,
16:02:33..255,4.50953928,0.014377,-0.00062702,0.00050864,0.00036845,-0.00018735,0.00074987,-0.0000474,-0.00011607,-0.00007603,16:02:33..262,,,,
16:02:33..383,4.61814057,0.014202,-0.00062711,0.00050852,0.00036798,-0.00018751,0.00075046,-0.0000468,-0.00011568,-0.00007554,16:02:33..444,,,,
16:02:33..510,4.59228312,0.014202,-0.00062723,0.00050871,0.00036831,-0.00018775,0.00074956,-0.00004713,-0.000116,-0.00007566,16:02:33..507,,,,
16:02:33..544,4.56642567,0.014211,-0.00062692,0.00050927,0.00036847,-0.00018797,0.00074861,-0.00004519,-0.00011609,-0.00007736,16:02:33..549,,,,
16:02:33..663,4.42679544,0.014211,-0.00062703,0.00050959,0.00036839,-0.00018765,0.00074829,-0.0000458,-0.00011678,-0.00007716,16:02:33..658,,,,
16:02:33..696,4.47851034,0.014445,-0.0006267,0.00050963,0.00036894,-0.00018762,0.00075482,-0.00004907,-0.00011672,-0.00007517,16:02:33..703,,,,
16:02:33..856,4.49402481,0.014445,-0.00062687,0.00051048,0.00036924,-0.0001872,0.00075381,-0.00004961,-0.00011692,-0.0000759,16:02:33..852,,,,
16:02:33..889,4.46816736,0.01445,-0.00062585,0.00051252,0.00036945,-0.00018739,0.0007515,-0.0000484,-0.00011703,-0.0000758,16:02:33..895,,,,
16:02:34..014,4.45782438,0.01445,-0.00062584,0.00051304,0.0003699,-0.00018714,0.00075109,-0.00004802,-0.00011668,-0.00007594,16:02:34..010,,,,
16:02:34..048,4.56125418,0.014414,-0.00062421,0.00051351,0.00037091,-0.00018512,0.0007756,-0.00004009,-0.00012035,-0.00005654,16:02:34..054,,,,
16:02:34..091,4.4474814,0.014283,-0.00062434,0.00051424,0.00037126,-0.00018515,0.00077413,-0.0000411,-0.00012067,-0.00005664,16:02:34..158,,,,
16:02:34..181,4.46299587,0.014283,-0.00062403,0.00051342,0.00037122,-0.00018536,0.00077527,-0.00004003,-0.00012056,-0.00005686,16:02:34..158,,,,
16:02:34..215,4.47333885,0.01438,-0.00062225,0.00051635,0.00037098,-0.00018448,0.00078721,-0.00003116,-0.0001188,-0.00004916,16:02:34..244,,,,
16:02:34..372,4.49402481,0.01438,-0.00062201,0.00051663,0.00037175,-0.00018425,0.00078711,-0.00003129,-0.00011888,-0.00004889,16:02:34..366,,,,
16:02:34..407,4.54573971,0.014364,-0.00062389,0.00051416,0.00037104,-0.00018488,0.00078531,-0.00002896,-0.0001207,-0.00005369,16:02:34..410,,,,
16:02:34..616,4.56125418,0.014364,-0.00062355,0.00051501,0.00037104,-0.00018446,0.00078505,-0.00002947,-0.00012119,-0.0000541,16:02:34..611,,,,
16:02:34..650,4.57676865,0.013873,-0.00062396,0.0005146,0.00037051,-0.00018587,0.00076742,-0.00003105,-0.00011797,-0.00005571,16:02:34..653,,,,
16:02:34..732,4.63365504,0.013873,-0.00062443,0.00051383,0.00037002,-0.00018648,0.00076909,-0.00003068,-0.00011814,-0.00005509,16:02:34..814,,,,
16:02:34..827,4.44230991,0.013873,-0.00062395,0.00051495,0.00037097,-0.00018589,0.00076833,-0.00003038,-0.00011768,-0.00005492,16:02:34..814,,,,
16:02:34..862,4.51988226,0.013681,-0.00062526,0.00051364,0.00036977,-0.00018731,0.00075261,-0.00004747,-0.00011882,-0.00006584,16:02:34..918,,,,
16:02:34..972,4.58194014,0.013681,-0.00062527,0.00051333,0.00037022,-0.00018764,0.0007518,-0.00004758,-0.00011931,-0.00006681,16:02:34..968,,,,
16:02:35..003,4.55608269,0.013726,-0.00062812,0.00050694,0.00036695,-0.00018751,0.000745,-0.00004242,-0.00011379,-0.00007607,16:02:35..012,,,,
16:02:35..084,4.51988226,0.013726,-0.00062856,0.00050706,0.00036687,-0.00018777,0.0007452,-0.00004216,-0.0001139,-0.00007654,16:02:35..133,,,,
16:02:35..179,4.27165074,0.013806,-0.00062823,0.00050739,0.00036763,-0.0001873,0.00074496,-0.00004224,-0.00011354,-0.00007588,16:02:35..176,,,,
16:02:35..213,4.66468398,0.013877,-0.00062636,0.00051003,0.00036854,-0.00018732,0.00075377,-0.00004392,-0.0001155,-0.00006296,16:02:35..176,,,,
16:02:35..310,4.66985547,0.013877,-0.00062661,0.00050992,0.00036845,-0.00018712,0.0007552,-0.00004389,-0.00011558,-0.00006196,16:02:35..361,,,,
16:02:35..374,4.3957665,0.013877,-0.00062631,0.00051011,0.00036886,-0.00018719,0.00075534,-0.00004397,-0.00011528,-0.00006127,16:02:35..361,,,,
16:02:35..406,4.53022524,0.01424,-0.00062717,0.00050823,0.00036764,-0.00018821,0.00074696,-0.00004257,-0.00011511,-0.00006926,16:02:35..407,,,,
16:02:35..557,4.5509112,0.01424,-0.00062712,0.00050903,0.00036814,-0.00018786,0.00074626,-0.00004289,-0.00011564,-0.00006986,16:02:35..552,,,,
16:02:35..589,4.46816736,0.014341,-0.00062674,0.00051107,0.00036871,-0.00018713,0.00075882,-0.00002947,-0.00011914,-0.00004086,16:02:35..595,,,,
16:02:35..732,4.36990905,0.014341,-0.00062586,0.00051103,0.00036889,-0.00018686,0.00075913,-0.00002995,-0.00011786,-0.00004125,16:02:35..726,,,,
16:02:35..767,4.47333885,0.014425,-0.0006291,0.00050577,0.00036564,-0.00018771,0.00074407,-0.00003988,-0.00011249,-0.00006962,16:02:35..770,,,,
16:02:35..882,4.4991963,0.014425,-0.00062924,0.00050518,0.00036554,-0.00018761,0.00074496,-0.00003967,-0.00011204,-0.00006938,16:02:35..877,,,,
16:02:35..915,4.53539673,0.014904,-0.00062878,0.00050649,0.00036577,-0.00018793,0.00074563,-0.00004618,-0.00011513,-0.0000783,16:02:35..920,,,,
16:02:36..039,4.63365504,0.014904,-0.00062898,0.00050561,0.00036582,-0.00018822,0.00074597,-0.000046,-0.00011463,-0.00007849,16:02:36..033,,,,
16:02:36..071,4.50436779,0.015293,-0.00062775,0.00050903,0.00036789,-0.00018809,0.00074764,-0.00004653,-0.00011534,-0.00007946,16:02:36..078,,,,
16:02:36..208,4.39059501,0.015293,-0.00062826,0.00050891,0.00036773,-0.00018809,0.00074806,-0.00004678,-0.00011524,-0.00007978,16:02:36..202,,,,
16:02:36..239,4.53022524,0.015261,-0.00062751,0.00051005,0.00036636,-0.00018679,0.00075089,-0.0000471,-0.00011666,-0.00008353,16:02:36..247,,,,
16:02:36..396,4.57159716,0.015261,-0.00062736,0.00050995,0.00036686,-0.00018668,0.00075138,-0.00004699,-0.00011662,-0.00008349,16:02:36..391,,,,
16:02:36..427,4.6026261,0.015162,-0.00062748,0.00050936,0.00036631,-0.00018809,0.00074875,-0.00004648,-0.00011619,-0.00008213,16:02:36..435,,,,
16:02:36..565,4.44230991,0.015162,-0.00062725,0.00050832,0.00036635,-0.00018808,0.00075023,-0.00004662,-0.00011595,-0.00008161,16:02:36..560,,,,
16:02:36..597,4.51471077,0.015113,-0.00062328,0.00050779,0.00036613,-0.000188,0.0007493,-0.00004714,-0.00011577,-0.00008008,16:02:36..603,,,,
16:02:36..761,4.48368183,0.015113,-0.00062305,0.00050778,0.00036613,-0.000188,0.00074933,-0.00004685,-0.00011606,-0.00008007,16:02:36..755,,,,
16:02:36..794,4.58711163,0.014954,-0.00062134,0.00052059,0.0003698,-0.00018504,0.00075463,-0.00005,-0.00011897,-0.00008216,16:02:36..800,,,,
16:02:36..852,4.54056822,0.014797,-0.00062114,0.0005202,0.00036973,-0.00018546,0.00075558,-0.00005008,-0.00011951,-0.00008239,16:02:36..925,,,,
16:02:36..991,4.48368183,0.014797,-0.00062149,0.00052095,0.00037008,-0.00018555,0.00075454,-0.00005029,-0.00011929,-0.00008236,16:02:36..988,,,,
16:02:37..026,4.58194014,0.014582,-0.00061724,0.00052102,0.00036928,-0.00018555,0.00075331,-0.00005142,-0.00011791,-0.00007562,16:02:37..031,,,,
16:02:37..143,4.63882653,0.014582,-0.00061728,0.00052167,0.00036989,-0.00018538,0.00075243,-0.00005132,-0.000119,-0.00007549,16:02:37..136,,,,
16:02:37..176,4.57159716,0.014316,-0.00062377,0.00051798,0.00037227,-0.00018493,0.00076679,-0.00004473,-0.00011985,-0.00006442,16:02:37..180,,,,
16:02:37..294,4.53539673,0.014316,-0.00062411,0.00051874,0.00037287,-0.00018464,0.00076519,-0.0000451,-0.00012023,-0.00006509,16:02:37..289,,,,
16:02:37..327,4.62331206,0.014421,-0.00062804,0.00050835,0.00036702,-0.00018716,0.00074531,-0.00004071,-0.00011443,-0.00007729,16:02:37..333,,,,
16:02:37..475,4.63365504,0.014421,-0.00062851,0.00050822,0.00036677,-0.00018723,0.00074513,-0.00004107,-0.00011453,-0.0000771,16:02:37..469,,,,
16:02:37..506,4.56125418,0.014538,-0.00062901,0.00050765,0.00036785,-0.00018743,0.00074569,-0.00004246,-0.00011568,-0.00007472,16:02:37..513,,,,
16:02:37..634,4.61814057,0.014538,-0.00062918,0.00050699,0.00036776,-0.00018762,0.00074664,-0.00004222,-0.00011577,-0.00007457,16:02:37..631,,,,
16:02:37..669,4.45265289,0.014522,-0.00062898,0.0005075,0.00036586,-0.00018769,0.00074753,-0.00004366,-0.00011507,-0.00007962,16:02:37..673,,,,
16:02:37..823,4.38542352,0.014522,-0.00062922,0.00050848,0.00036626,-0.00018758,0.00074641,-0.00004359,-0.00011558,-0.00007982,16:02:37..817,,,,
16:02:37..855,4.7577708,0.014541,-0.00062882,0.00051185,0.00036743,-0.00018673,0.00074762,-0.00004299,-0.00011643,-0.00008072,16:02:37..859,,,,
16:02:38..006,4.69054143,0.014541,-0.00062903,0.00051181,0.0003671,-0.00018723,0.00074728,-0.00004276,-0.00011684,-0.00008065,16:02:38..000,,,,
16:02:38..037,4.41128097,0.014394,-0.00063051,0.00050735,0.00036607,-0.00018657,0.00074561,-0.00004006,-0.00011423,-0.00007767,16:02:38..045,,,,
16:02:38..167,4.41128097,0.014394,-0.00063064,0.00050707,0.00036557,-0.00018652,0.00074656,-0.00004038,-0.00011416,-0.00007789,16:02:38..161,,,,
16:02:38..200,4.59228312,0.014329,-0.00062862,0.00051326,0.00036723,-0.0001863,0.00074992,-0.00004573,-0.00011628,-0.00008532,16:02:38..205,,,,
16:02:38..310,4.58711163,0.014329,-0.00062871,0.00051349,0.00036734,-0.00018634,0.00074943,-0.00004572,-0.00011626,-0.00008567,16:02:38..305,,,,
16:02:38..341,4.50953928,0.014306,-0.00062652,0.00050781,0.00036581,-0.00018645,0.00074925,-0.00004524,-0.00011479,-0.0000818,16:02:38..348,,,,
16:02:38..483,4.63882653,0.014306,-0.00062615,0.00050754,0.00036608,-0.00018627,0.00074934,-0.00004508,-0.00011476,-0.00008178,16:02:38..477,,,,
16:02:38..515,4.49402481,0.014746,-0.00061489,0.00052331,0.00036937,-0.00018497,0.00075768,-0.0000563,-0.00012201,-0.00007774,16:02:38..522,,,,
16:02:38..667,4.51988226,0.014746,-0.0006153,0.00052235,0.00036932,-0.0001855,0.0007588,-0.00005633,-0.0001213,-0.00007805,16:02:38..661,,,,
16:02:38..699,4.54573971,0.014992,-0.00060691,0.00052049,0.00036896,-0.00018172,0.00076082,-0.00004975,-0.00011917,-0.0000722,16:02:38..704,,,,
16:02:38..807,4.59228312,0.014992,-0.00060668,0.00052104,0.0003685,-0.00018091,0.00076019,-0.00004939,-0.00011968,-0.00007189,16:02:38..871,,,,
16:02:38..891,4.4474814,0.014992,-0.0006064,0.00052049,0.00036838,-0.00018123,0.00076075,-0.00004972,-0.00011937,-0.00007193,16:02:38..871,,,,
16:02:38..923,4.56125418,0.015149,-0.00062231,0.00050854,0.00036785,-0.0001881,0.00074963,-0.00004417,-0.00011695,-0.00007808,16:02:38..961,,,,
16:02:39..106,4.53539673,0.015149,-0.00062217,0.00050889,0.00036805,-0.0001878,0.00074867,-0.0000444,-0.00011672,-0.0000786,16:02:39..102,,,,
16:02:39..139,4.3440516,0.015133,-0.00061985,0.00050028,0.00036588,-0.00018757,0.00074831,-0.00004419,-0.00011606,-0.00007583,16:02:39..147,,,,
16:02:39..290,4.40610948,0.015133,-0.00062008,0.00049914,0.00036556,-0.00018783,0.00074888,-0.00004424,-0.00011582,-0.00007578,16:02:39..286,,,,
16:02:39..326,4.60779759,0.015314,-0.00061579,0.00051146,0.00036759,-0.00018548,0.00075585,-0.00004789,-0.00011876,-0.00008031,16:02:39..330,,,,
16:02:39..453,4.64916951,0.015314,-0.000616,0.00051182,0.00036825,-0.00018513,0.0007555,-0.00004775,-0.00011909,-0.00008023,16:02:39..449,,,,
16:02:39..487,4.54056822,0.015469,-0.00062445,0.00050635,0.00036598,-0.00018728,0.00075104,-0.00004359,-0.00011628,-0.00008027,16:02:39..492,,,,
16:02:39..613,4.57159716,0.015469,-0.00062431,0.00050719,0.00036645,-0.00018694,0.00075078,-0.00004399,-0.00011619,-0.00008005,16:02:39..609,,,,
16:02:39..645,4.57676865,0.015342,-0.00062838,0.00050778,0.0003673,-0.00018741,0.00075131,-0.00004582,-0.00011748,-0.00007973,16:02:39..651,,,,
16:02:39..825,4.57159716,0.015342,-0.00062875,0.00050837,0.00036819,-0.00018703,0.00075017,-0.0000465,-0.00011696,-0.00007975,16:02:39..818,,,,
16:02:39..857,4.59745461,0.015179,-0.00062306,0.00050767,0.00036773,-0.00018713,0.00075072,-0.0000477,-0.00011532,-0.00007325,16:02:39..863,,,,
16:02:39..920,4.66985547,0.015179,-0.00062302,0.00050791,0.00036773,-0.00018721,0.00075036,-0.00004867,-0.0001153,-0.00007372,16:02:39..983,,,,
16:02:39..998,4.46299587,0.015179,-0.00062326,0.00050746,0.00036717,-0.00018712,0.00075057,-0.00004854,-0.00011543,-0.0000735,16:02:39..983,,,,
16:02:40..030,4.50436779,0.014947,-0.00060723,0.00050486,0.00036594,-0.00018262,0.00075512,-0.00005008,-0.00011837,-0.00007542,16:02:40..081,,,,
16:02:40..168,4.48885332,0.014947,-0.00060652,0.00050412,0.00036635,-0.00018315,0.00075674,-0.00004981,-0.00011836,-0.00007532,16:02:40..163,,,,
16:02:40..200,4.50953928,0.014624,-0.00061171,0.00051173,0.00036761,-0.00017994,0.00076049,-0.00005055,-0.00012046,-0.0000781,16:02:40..205,,,,
16:02:40..337,4.45782438,0.014624,-0.00061204,0.00051118,0.00036736,-0.00017977,0.00076076,-0.00005053,-0.0001197,-0.00007763,16:02:40..330,,,,
16:02:40..370,4.54573971,0.014034,-0.00062212,0.00050626,0.00036613,-0.00017897,0.00075927,-0.00004307,-0.00011889,-0.0000823,16:02:40..330,,,,
16:02:40..463,4.54573971,0.014034,-0.00062197,0.00050691,0.00036648,-0.0001787,0.00075873,-0.00004333,-0.00011871,-0.00008217,16:02:40..504,,,,
16:02:40..517,4.41645246,0.014034,-0.00062209,0.00050673,0.0003662,-0.00017892,0.0007591,-0.00004307,-0.00011911,-0.0000823,16:02:40..504,,,,
16:02:40..550,4.51988226,0.013387,-0.0006154,0.00050806,0.00036442,-0.00018383,0.00075856,-0.00004283,-0.00011681,-0.00008215,16:02:40..644,,,,
16:02:40..744,4.58711163,0.013387,-0.00061499,0.00050845,0.00036442,-0.00018299,0.00075826,-0.0000429,-0.00011654,-0.00008248,16:02:40..741,,,,
16:02:40..776,4.42679544,0.013347,-0.00059833,0.00053536,0.00036422,-0.0001822,0.00076034,-0.00004506,-0.00011917,-0.00008248,16:02:40..785,,,,
16:02:40..954,4.45782438,0.013347,-0.00059759,0.00053618,0.00036468,-0.0001823,0.00075929,-0.00004562,-0.00011919,-0.00008285,16:02:40..949,,,,
16:02:40..987,4.6026261,0.013233,-0.00060068,0.00054148,0.00036478,-0.00018209,0.00076106,-0.00004534,-0.00011842,-0.00008246,16:02:40..996,,,,
16:02:41..144,4.50953928,0.013233,-0.00060072,0.00054247,0.00036518,-0.0001816,0.00076034,-0.00004554,-0.00011859,-0.00008245,16:02:41..141,,,,
16:02:41..178,4.48885332,0.013412,-0.00061507,0.00051766,0.00036598,-0.0001865,0.00075444,-0.00004366,-0.0001164,-0.00008127,16:02:41..141,,,,
16:02:41..262,4.6026261,0.013412,-0.00061478,0.00051795,0.00036584,-0.00018636,0.00075411,-0.00004375,-0.00011626,-0.00008131,16:02:41..333,,,,
16:02:41..346,4.69054143,0.013412,-0.00061517,0.00051777,0.00036561,-0.00018656,0.00075463,-0.00004369,-0.0001165,-0.00008139,16:02:41..333,,,,
16:02:41..379,4.45265289,0.013403,-0.00061594,0.00050864,0.00036473,-0.00018402,0.00075886,-0.00004375,-0.00011717,-0.00008113,16:02:41..462,,,,
16:02:41..523,4.42162395,0.013403,-0.00061633,0.00050889,0.00036497,-0.00018349,0.00075803,-0.00004429,-0.00011734,-0.00008113,16:02:41..521,,,,
16:02:41..557,4.61814057,0.013629,-0.00062641,0.00050731,0.00036619,-0.00018804,0.00075148,-0.00004437,-0.00011645,-0.00008131,16:02:41..567,,,,
16:02:41..675,4.52505375,0.013629,-0.00062622,0.00050818,0.00036638,-0.00018809,0.00075168,-0.00004407,-0.00011643,-0.00008058,16:02:41..672,,,,
16:02:41..707,4.40093799,0.014097,-0.00062222,0.0005084,0.00036524,-0.00018684,0.00075354,-0.00004371,-0.00011599,-0.0000814,16:02:41..714,,,,
16:02:41..873,4.55608269,0.014097,-0.00062217,0.00050831,0.00036571,-0.00018683,0.00075329,-0.00004296,-0.00011591,-0.00008091,16:02:41..866,,,,
16:02:41..906,4.56125418,0.014698,-0.00061696,0.00051507,0.00036616,-0.0001865,0.00075645,-0.0000447,-0.00011735,-0.00008288,16:02:41..866,,,,
16:02:42..016,4.57159716,0.014698,-0.00061709,0.00051609,0.0003659,-0.00018632,0.0007556,-0.00004489,-0.00011787,-0.00008254,16:02:42..057,,,,
16:02:42..078,4.58711163,0.014698,-0.00061626,0.00051598,0.00036615,-0.00018598,0.00075672,-0.00004459,-0.00011718,-0.0000823,16:02:42..057,,,,
16:02:42..109,4.47851034,0.014929,-0.00061708,0.00051355,0.00036552,-0.00018608,0.00075654,-0.00004436,-0.00011702,-0.00008218,16:02:42..145,,,,
16:02:42..271,4.45782438,0.014929,-0.00061721,0.00051408,0.00036553,-0.00018618,0.00075529,-0.00004441,-0.00011727,-0.00008262,16:02:42..266,,,,
16:02:42..304,4.58711163,0.014348,-0.00060937,0.00052523,0.00036542,-0.00018217,0.00076272,-0.00004596,-0.00011901,-0.0000839,16:02:42..312,,,,
16:02:42..440,4.53539673,0.014348,-0.00060934,0.00052582,0.00036561,-0.00018191,0.00076209,-0.00004618,-0.00011881,-0.00008414,16:02:42..435,,,,
16:02:42..471,4.41128097,0.014047,-0.0006127,0.00052527,0.00036622,-0.00018401,0.00075907,-0.00004526,-0.00011815,-0.00008384,16:02:42..478,,,,
16:02:42..623,4.38025203,0.014047,-0.00061269,0.0005251,0.00036576,-0.00018382,0.00076006,-0.00004506,-0.00011781,-0.00008384,16:02:42..617,,,,
16:02:42..654,4.6026261,0.01369,-0.00061659,0.00052094,0.00036545,-0.00018423,0.00076044,-0.00004529,-0.00011852,-0.00008465,16:02:42..660,,,,
16:02:42..775,4.42679544,0.01369,-0.00061638,0.00052171,0.00036569,-0.0001833,0.00075993,-0.00004506,-0.00011892,-0.00008394,16:02:42..769,,,,
16:02:42..806,4.50436779,0.013288,-0.00062506,0.00051949,0.00036765,-0.00018686,0.00075697,-0.00004433,-0.00011823,-0.00008609,16:02:42..811,,,,
16:02:42..990,4.56125418,0.013288,-0.00062471,0.00051964,0.00036728,-0.00018651,0.00075631,-0.00004476,-0.00011832,-0.00008624,16:02:42..984,,,,
16:02:43..022,4.42679544,0.013441,-0.00062566,0.00051921,0.00036731,-0.00018535,0.00075898,-0.00004579,-0.00011975,-0.00008838,16:02:43..027,,,,
16:02:43..149,4.48885332,0.013441,-0.00062558,0.00051955,0.00036716,-0.00018508,0.00075856,-0.00004572,-0.00011934,-0.00008845,16:02:43..145,,,,
16:02:43..183,4.59228312,0.013286,-0.00062582,0.00051315,0.00036618,-0.00018449,0.00075855,-0.00004312,-0.00011786,-0.00008705,16:02:43..188,,,,
16:02:43..256,4.62331206,0.013286,-0.00062585,0.00051345,0.00036636,-0.0001844,0.00075809,-0.0000432,-0.00011768,-0.0000864,16:02:43..317,,,,
16:02:43..330,4.53539673,0.013286,-0.00062544,0.00051328,0.00036633,-0.00018432,0.00075844,-0.00004313,-0.00011797,-0.00008623,16:02:43..317,,,,
16:02:43..364,4.37508054,0.013088,-0.00062623,0.00051464,0.00036665,-0.00018495,0.0007564,-0.00004485,-0.00011835,-0.00008729,16:02:43..449,,,,
16:02:43..534,4.4474814,0.013088,-0.00062639,0.00051396,0.0003663,-0.00018541,0.00075765,-0.00004397,-0.00011838,-0.00008699,16:02:43..529,,,,
16:02:43..567,4.59228312,0.013084,-0.00060049,0.00051505,0.00036567,-0.00017998,0.00076519,-0.00004545,-0.00011899,-0.00008152,16:02:43..573,,,,
16:02:43..775,4.68019845,0.013084,-0.00060051,0.00051578,0.00036557,-0.00017979,0.00076542,-0.00004523,-0.00011941,-0.0000812,16:02:43..769,,,,
16:02:43..806,4.57676865,0.013559,-0.00060647,0.00052578,0.0003659,-0.00018567,0.00075777,-0.00004529,-0.00011877,-0.00008323,16:02:43..815,,,,
16:02:44..022,4.56642567,0.013559,-0.00060636,0.00052664,0.00036657,-0.00018548,0.00075721,-0.00004496,-0.00011868,-0.00008285,16:02:44..018,,,,
16:02:44..054,4.4474814,0.013678,-0.00059896,0.00050587,0.00036482,-0.00018493,0.00075642,-0.00004416,-0.00011688,-0.0000771,16:02:44..059,,,,
16:02:44..236,4.45782438,0.013678,-0.00059908,0.00050549,0.00036431,-0.00018448,0.00075656,-0.00004362,-0.00011678,-0.0000769,16:02:44..231,,,,
16:02:44..270,4.58711163,0.013735,-0.00058981,0.0005419,0.000366,-0.00017993,0.00076498,-0.0000479,-0.0001199,-0.00007663,16:02:44..274,,,,
16:02:44..441,4.58194014,0.013735,-0.00058931,0.00054307,0.0003666,-0.00017976,0.00076455,-0.0000477,-0.00011988,-0.00007663,16:02:44..435,,,,
16:02:44..473,4.53539673,0.013769,-0.00058475,0.00055916,0.00036671,-0.00017562,0.00077068,-0.00004801,-0.00012225,-0.00007654,16:02:44..481,,,,
16:02:44..704,4.49402481,0.013769,-0.00058465,0.00055956,0.00036725,-0.00017562,0.00076991,-0.00004822,-0.00012217,-0.00007642,16:02:44..697,,,,
16:02:44..736,4.45265289,0.014174,-0.00061021,0.00053913,0.00036905,-0.00018424,0.00076173,-0.0000488,-0.00012048,-0.00008488,16:02:44..741,,,,
16:02:44..890,4.4991963,0.014174,-0.00061006,0.00053795,0.00036861,-0.00018415,0.00076237,-0.00004913,-0.00012027,-0.00008462,16:02:44..885,,,,
16:02:44..924,4.57159716,0.014718,-0.00060894,0.00051813,0.00036776,-0.00018527,0.00075771,-0.00004675,-0.00011944,-0.00008193,16:02:44..931,,,,
16:02:45..063,4.52505375,0.014718,-0.00060842,0.00051863,0.00036759,-0.00018521,0.0007577,-0.00004662,-0.00011914,-0.00008145,16:02:45..058,,,,
16:02:45..095,4.57159716,0.014871,-0.00061544,0.00052438,0.00036923,-0.00018508,0.00076057,-0.0000555,-0.00011963,-0.0000802,16:02:45..058,,,,
16:02:45..191,4.64916951,0.014871,-0.00061587,0.00052477,0.0003692,-0.00018527,0.0007602,-0.00005668,-0.00012016,-0.00008034,16:02:45..236,,,,
16:02:45..261,4.47851034,0.014871,-0.00061569,0.00052424,0.00036927,-0.00018547,0.00076142,-0.00005675,-0.00012029,-0.0000797,16:02:45..236,,,,
16:02:45..295,4.53022524,0.014308,-0.00061282,0.00051756,0.00036878,-0.00018324,0.00075868,-0.00005326,-0.00012049,-0.0000771,16:02:45..321,,,,
16:02:45..435,4.61296908,0.014308,-0.00061292,0.00051715,0.00036855,-0.00018365,0.00075888,-0.00005255,-0.00012033,-0.0000771,16:02:45..432,,,,
16:02:45..468,4.43713842,0.013992,-0.00060825,0.00053901,0.00037037,-0.00018058,0.00077222,-0.00006798,-0.00012262,-0.00007622,16:02:45..475,,,,
16:02:45..618,4.50953928,0.013992,-0.0006082,0.00053998,0.00037093,-0.0001804,0.00077118,-0.00006832,-0.00012237,-0.0000766,16:02:45..614,,,,
16:02:45..654,4.68019845,0.01375,-0.00061276,0.00052529,0.00036965,-0.00018415,0.00075804,-0.00005991,-0.00012058,-0.00007113,16:02:45..657,,,,
16:02:45..731,4.56642567,0.01375,-0.0006122,0.00052476,0.00036937,-0.0001844,0.00075862,-0.00006009,-0.00012057,-0.00007123,16:02:45..796,,,,
16:02:45..808,4.62848355,0.01375,-0.00061287,0.00052526,0.0003695,-0.00018445,0.0007579,-0.0000597,-0.00012036,-0.0000712,16:02:45..796,,,,
16:02:45..842,4.46299587,0.013639,-0.00061872,0.00051818,0.00037107,-0.00018464,0.00076363,-0.00006407,-0.00012139,-0.0000628,16:02:45..884,,,,
16:02:46..014,4.4474814,0.013639,-0.00061896,0.00051698,0.00037087,-0.00018502,0.00076436,-0.0000638,-0.00012125,-0.00006327,16:02:46..014,,,,
16:02:46..045,4.59745461,0.013531,-0.000624,0.00050144,0.00036615,-0.00018778,0.00074756,-0.00004232,-0.00011508,-0.00007584,16:02:46..014,,,,
16:02:46..080,4.62848355,0.013388,-0.00062575,0.00049967,0.00036528,-0.00018812,0.00074881,-0.00004255,-0.00011532,-0.00007738,16:02:46..102,,,,
16:02:46..158,4.44230991,0.013396,-0.00062576,0.00049952,0.00036532,-0.00018793,0.00074791,-0.00004317,-0.00011563,-0.00007715,16:02:46..208,,,,
16:02:46..262,4.37508054,0.013396,-0.00062564,0.00049925,0.00036451,-0.00018776,0.00074951,-0.00004301,-0.000116,-0.00007741,16:02:46..259,,,,
16:02:46..296,4.61814057,0.013337,-0.00062507,0.00050164,0.0003653,-0.0001854,0.00075402,-0.00004338,-0.00011626,-0.00008109,16:02:46..302,,,,
16:02:46..415,4.654341,0.013337,-0.00062508,0.00050205,0.00036541,-0.00018533,0.00075362,-0.0000435,-0.00011647,-0.00008096,16:02:46..409,,,,
16:02:46..447,4.41128097,0.013321,-0.0006249,0.00050037,0.00036485,-0.0001868,0.00075178,-0.00004401,-0.00011686,-0.00008018,16:02:46..453,,,,
16:02:46..589,4.52505375,0.013321,-0.00062483,0.00050028,0.00036487,-0.00018681,0.00075221,-0.00004353,-0.00011627,-0.00007986,16:02:46..583,,,,
16:02:46..622,4.49402481,0.013289,-0.00062596,0.00049927,0.00036413,-0.00018643,0.00075198,-0.00004347,-0.00011693,-0.00007983,16:02:46..625,,,,
16:02:46..728,4.48885332,0.013289,-0.00062624,0.00049895,0.00036428,-0.00018653,0.00075295,-0.00004348,-0.00011655,-0.00007966,16:02:46..722,,,,
16:02:46..761,4.48368183,0.013438,-0.000617,0.00050276,0.00036638,-0.00018519,0.00075738,-0.00004935,-0.00011851,-0.00008032,16:02:46..766,,,,
16:02:46..901,4.66468398,0.013438,-0.00061691,0.00050192,0.00036613,-0.00018568,0.00075737,-0.00004974,-0.00011867,-0.00008026,16:02:46..896,,,,
16:02:46..934,4.4991963,0.013719,-0.0006082,0.00049709,0.00036576,-0.00017802,0.00076133,-0.00004492,-0.00011987,-0.00007429,16:02:46..941,,,,
16:02:47..068,4.35956607,0.013719,-0.00060821,0.00049656,0.00036488,-0.00017803,0.00076134,-0.00004388,-0.00012015,-0.0000742,16:02:47..062,,,,
16:02:47..100,4.66985547,0.014034,-0.00062589,0.0004985,0.00036416,-0.0001865,0.00075211,-0.00004349,-0.00011728,-0.00008015,16:02:47..104,,,,
16:02:47..206,4.71122739,0.014034,-0.00062575,0.00049811,0.00036377,-0.00018658,0.00075246,-0.00004328,-0.00011698,-0.00007978,16:02:47..200,,,,
16:02:47..239,4.56125418,0.014255,-0.00062733,0.00049877,0.00036374,-0.00018673,0.00075043,-0.00004146,-0.00011575,-0.00008044,16:02:47..242,,,,
16:02:47..374,4.48885332,0.014255,-0.00062707,0.00049803,0.00036304,-0.00018755,0.00075156,-0.00004144,-0.00011522,-0.00008006,16:02:47..367,,,,
16:02:47..406,4.46299587,0.014281,-0.00062638,0.00049834,0.00036479,-0.00018622,0.00075282,-0.00004393,-0.0001177,-0.00008042,16:02:47..410,,,,
16:02:47..440,4.4991963,0.014166,-0.00062659,0.00049929,0.00036491,-0.00018665,0.00075317,-0.00004437,-0.00011728,-0.00008006,16:02:47..509,,,,
16:02:47..575,4.56642567,0.014166,-0.00062627,0.00049939,0.00036492,-0.00018639,0.00075322,-0.00004472,-0.00011728,-0.00008028,16:02:47..571,,,,
16:02:47..608,4.54573971,0.014113,-0.00062715,0.0005019,0.00036399,-0.00018743,0.00075086,-0.00004214,-0.00011577,-0.0000813,16:02:47..614,,,,
16:02:47..778,4.59745461,0.014113,-0.00062779,0.00050088,0.00036347,-0.0001878,0.0007518,-0.00004227,-0.00011601,-0.00008125,16:02:47..774,,,,
16:02:47..810,4.46299587,0.014068,-0.00062942,0.0005009,0.00036504,-0.00018748,0.00075137,-0.00004356,-0.00011576,-0.0000797,16:02:47..818,,,,
16:02:47..948,4.46299587,0.014068,-0.00062999,0.00050092,0.00036509,-0.00018757,0.00075044,-0.00004375,-0.00011644,-0.00007996,16:02:47..942,,,,
16:02:47..983,4.64399802,0.013955,-0.00063136,0.00050213,0.00036644,-0.00018833,0.00074968,-0.00004305,-0.00011538,-0.00007883,16:02:47..986,,,,
16:02:48..116,4.58194014,0.013955,-0.00063086,0.00050323,0.00036696,-0.00018764,0.00074832,-0.00004308,-0.00011533,-0.0000793,16:02:48..113,,,,
16:02:48..150,4.23545031,0.014051,-0.0006292,0.00050579,0.00036595,-0.00018643,0.00074837,-0.00004151,-0.00011465,-0.00007744,16:02:48..157,,,,
16:02:48..202,4.93360146,0.014134,-0.00062909,0.00050587,0.00036613,-0.00018637,0.00074782,-0.00004177,-0.00011486,-0.00007836,16:02:48..253,,,,
16:02:48..273,4.17339243,0.014134,-0.0006295,0.00050581,0.00036588,-0.00018658,0.00074805,-0.00004206,-0.0001146,-0.00007859,16:02:48..253,,,,
16:02:48..306,4.64916951,0.013746,-0.00063086,0.0005025,0.0003654,-0.00018762,0.00074858,-0.00004311,-0.00011544,-0.0000788,16:02:48..357,,,,
16:02:48..442,4.25096478,0.013746,-0.00063128,0.00050248,0.00036557,-0.00018724,0.00074944,-0.00004326,-0.00011501,-0.00007896,16:02:48..439,,,,
16:02:48..474,4.62848355,0.013706,-0.00063119,0.00050102,0.00036437,-0.00018737,0.0007511,-0.00004286,-0.00011423,-0.00007905,16:02:48..482,,,,
16:02:48..513,4.53022524,0.013662,-0.00063121,0.00050138,0.00036479,-0.00018713,0.0007501,-0.00004331,-0.00011535,-0.00007916,16:02:48..579,,,,
16:02:48..592,4.53022524,0.013662,-0.00063126,0.00050132,0.00036457,-0.00018712,0.00075094,-0.0000429,-0.00011452,-0.00007827,16:02:48..579,,,,
16:02:48..627,4.46816736,0.013584,-0.00062953,0.0005022,0.00036515,-0.00018673,0.00075207,-0.00004384,-0.00011554,-0.00007936,16:02:48..689,,,,
16:02:48..779,4.50953928,0.013584,-0.0006299,0.00050133,0.0003645,-0.00018687,0.00075297,-0.00004419,-0.00011567,-0.00007899,16:02:48..775,,,,
16:02:48..811,4.55608269,0.013649,-0.00063069,0.00050396,0.00036641,-0.00018758,0.00075071,-0.00004444,-0.00011605,-0.00008051,16:02:48..775,,,,
16:02:48..896,4.51471077,0.013649,-0.00063102,0.00050425,0.00036603,-0.00018741,0.00075027,-0.00004438,-0.00011664,-0.0000804,16:02:48..948,,,,
16:02:48..968,4.51988226,0.013649,-0.00063116,0.00050386,0.00036634,-0.0001879,0.00075097,-0.00004441,-0.00011592,-0.00008055,16:02:48..948,,,,
16:02:49..002,4.54056822,0.013419,-0.00063118,0.000503,0.00036583,-0.00018679,0.00074994,-0.0000437,-0.00011544,-0.00008127,16:02:49..039,,,,
16:02:49..114,4.57676865,0.013419,-0.00063145,0.00050264,0.00036537,-0.00018733,0.00075048,-0.00004359,-0.00011515,-0.00008105,16:02:49..110,,,,
16:02:49..148,4.56125418,0.013216,-0.00063059,0.00050313,0.00036487,-0.00018667,0.00075151,-0.00004342,-0.0001157,-0.00008127,16:02:49..157,,,,
16:02:49..298,4.53022524,0.013216,-0.00063089,0.00050288,0.00036514,-0.00018658,0.00075206,-0.00004367,-0.00011562,-0.00008137,16:02:49..292,,,,
16:02:49..329,4.54056822,0.013303,-0.00063002,0.00050302,0.00036527,-0.00018752,0.00075134,-0.00004373,-0.0001161,-0.00008118,16:02:49..292,,,,
16:02:49..442,4.5509112,0.013303,-0.00063036,0.00050347,0.00036558,-0.00018692,0.00075088,-0.00004423,-0.00011652,-0.00008137,16:02:49..519,,,,
16:02:49..535,4.50953928,0.013303,-0.00063066,0.00050294,0.00036521,-0.00018737,0.00075188,-0.00004405,-0.00011565,-0.00008137,16:02:49..519,,,,
16:02:49..569,4.51988226,0.01392,-0.00063055,0.00050372,0.00036605,-0.00018747,0.00075166,-0.00004462,-0.00011591,-0.00008068,16:02:49..641,,,,
16:02:49..706,4.53022524,0.01392,-0.00063062,0.00050378,0.00036561,-0.00018706,0.00075123,-0.00004449,-0.00011624,-0.00008142,16:02:49..704,,,,
16:02:49..740,4.57676865,0.013949,-0.00063096,0.00050633,0.00036586,-0.00018722,0.00074924,-0.00004377,-0.00011586,-0.00008175,16:02:49..748,,,,
16:02:49..812,4.63882653,0.013949,-0.0006308,0.00050515,0.00036581,-0.00018714,0.00075038,-0.00004338,-0.00011565,-0.00008154,16:02:49..901,,,,
16:02:49..919,4.4991963,0.013949,-0.0006305,0.00050599,0.000366,-0.00018694,0.00074964,-0.00004372,-0.00011528,-0.00008147,16:02:49..901,,,,
16:02:49..951,4.44230991,0.013898,-0.00062976,0.00050192,0.00036429,-0.0001848,0.00075539,-0.00004345,-0.00011601,-0.00007753,16:02:49..989,,,,
16:02:50..131,4.51471077,0.013898,-0.00062984,0.00050124,0.00036356,-0.00018548,0.00075586,-0.0000432,-0.00011601,-0.00007723,16:02:50..127,,,,
16:02:50..165,4.4991963,0.013991,-0.00063005,0.00050208,0.00036387,-0.00018584,0.0007534,-0.0000436,-0.00011595,-0.00007921,16:02:50..172,,,,
16:02:50..314,4.47333885,0.013991,-0.0006306,0.00050239,0.00036388,-0.00018614,0.00075404,-0.0000435,-0.00011556,-0.00007911,16:02:50..309,,,,
16:02:50..347,4.59745461,0.014046,-0.00063104,0.00050365,0.00036546,-0.00018707,0.00075008,-0.00004391,-0.0001157,-0.00008149,16:02:50..352,,,,
16:02:50..420,4.61296908,0.014046,-0.00063142,0.00050271,0.00036526,-0.00018707,0.00075109,-0.00004415,-0.00011547,-0.00008155,16:02:50..416,,,,
16:02:50..454,4.6026261,0.014189,-0.00063114,0.00050456,0.00036618,-0.00018742,0.00075062,-0.00004471,-0.00011567,-0.00008137,16:02:50..459,,,,
16:02:50..615,4.53539673,0.014189,-0.00063133,0.00050511,0.00036684,-0.00018714,0.0007491,-0.00004474,-0.00011571,-0.00008163,16:02:50..609,,,,
16:02:50..648,4.48368183,0.014149,-0.00063166,0.00050333,0.00036467,-0.00018703,0.0007506,-0.00004453,-0.00011538,-0.00008167,16:02:50..652,,,,
16:02:50..784,4.62331206,0.014149,-0.00063132,0.00050366,0.00036523,-0.00018667,0.0007506,-0.00004437,-0.00011593,-0.0000817,16:02:50..778,,,,
16:02:50..815,4.50953928,0.013844,-0.00062976,0.0005067,0.0003667,-0.00018666,0.0007534,-0.00004567,-0.00011711,-0.00008285,16:02:50..821,,,,
16:02:50..865,4.43196693,0.01367,-0.00062976,0.00050752,0.00036679,-0.00018658,0.00075211,-0.00004593,-0.00011773,-0.00008256,16:02:50..930,,,,
16:02:51..005,4.59745461,0.01367,-0.00062971,0.00050669,0.00036634,-0.00018719,0.00075291,-0.00004613,-0.00011775,-0.00008302,16:02:51..002,,,,
16:02:51..037,4.58711163,0.013515,-0.00063209,0.0005038,0.00036423,-0.00018571,0.00075343,-0.00004178,-0.00011382,-0.00007818,16:02:51..046,,,,
16:02:51..104,4.42679544,0.013515,-0.00063223,0.00050342,0.00036419,-0.00018554,0.0007532,-0.00004211,-0.00011433,-0.00007814,16:02:51..148,,,,
16:02:51..170,4.55608269,0.013515,-0.00063232,0.00050319,0.00036444,-0.00018557,0.00075298,-0.00004211,-0.00011429,-0.00007816,16:02:51..148,,,,
16:02:51..204,4.40093799,0.013277,-0.00063094,0.00050216,0.00036318,-0.00018234,0.00076138,-0.00003985,-0.00011389,-0.00006952,16:02:51..234,,,,
16:02:51..362,4.64916951,0.013277,-0.00063112,0.00050351,0.00036427,-0.00018146,0.00076086,-0.0000397,-0.00011337,-0.00006993,16:02:51..357,,,,
16:02:51..393,4.40093799,0.013306,-0.00062619,0.00049576,0.0003644,-0.00017574,0.00078105,-0.00004357,-0.00011777,-0.00005981,16:02:51..400,,,,
16:02:51..533,4.30267968,0.013306,-0.0006262,0.00049503,0.0003644,-0.00017606,0.00078054,-0.00004302,-0.00011824,-0.00006035,16:02:51..529,,,,
16:02:51..569,4.63882653,0.013476,-0.00062708,0.0005008,0.0003645,-0.00017876,0.00077012,-0.0000437,-0.00011762,-0.00006926,16:02:51..574,,,,
16:02:51..657,4.67502696,0.013476,-0.00062769,0.00050017,0.0003637,-0.00018006,0.00077071,-0.00004349,-0.00011777,-0.00006932,16:02:51..728,,,,
16:02:51..754,4.45782438,0.013476,-0.00062738,0.00050072,0.00036437,-0.00017953,0.00077018,-0.00004339,-0.00011748,-0.00006861,16:02:51..728,,,,
16:02:51..785,4.33370862,0.013515,-0.00063177,0.00050108,0.00036386,-0.0001838,0.00075673,-0.00004415,-0.00011547,-0.00008124,16:02:51..817,,,,
16:02:51..978,4.49402481,0.013515,-0.0006321,0.00050088,0.00036395,-0.0001833,0.00075616,-0.00004402,-0.00011586,-0.00008159,16:02:51..973,,,,
16:02:52..012,4.26647925,0.013756,-0.00063421,0.00049869,0.00036293,-0.00018115,0.0007547,-0.00003711,-0.00011083,-0.00007343,16:02:52..016,,,,
16:02:52..172,4.5509112,0.013756,-0.00063391,0.00049825,0.0003628,-0.00018138,0.00075496,-0.00003757,-0.00011105,-0.00007342,16:02:52..166,,,,
16:02:52..205,4.57676865,0.01378,-0.00062339,0.00050088,0.00036563,-0.0001851,0.00076096,-0.00004946,-0.00011806,-0.00006806,16:02:52..210,,,,
16:02:52..348,4.73708484,0.01378,-0.00062327,0.00050018,0.0003655,-0.0001857,0.00076262,-0.00004939,-0.00011775,-0.00006762,16:02:52..342,,,,
16:02:52..379,4.32853713,0.014178,-0.00062534,0.00049869,0.00036396,-0.00018547,0.00075412,-0.00004183,-0.00011531,-0.00007103,16:02:52..385,,,,
16:02:52..437,4.62331206,0.014178,-0.00062517,0.00049787,0.00036393,-0.00018489,0.00075468,-0.00004187,-0.00011505,-0.00007106,16:02:52..503,,,,
16:02:52..519,4.3440516,0.014178,-0.00062503,0.00049836,0.00036359,-0.00018511,0.00075443,-0.00004195,-0.0001147,-0.00006995,16:02:52..503,,,,
16:02:52..553,4.56642567,0.014272,-0.00063148,0.00050309,0.00036338,-0.00018298,0.00075673,-0.00004056,-0.00011421,-0.00007231,16:02:52..627,,,,
16:02:52..717,4.49402481,0.014272,-0.00063121,0.00050291,0.00036359,-0.00018322,0.00075738,-0.00004029,-0.00011398,-0.00007249,16:02:52..712,,,,
16:02:52..750,4.51988226,0.01436,-0.00061174,0.00048796,0.00036271,-0.00018285,0.00077084,-0.0000387,-0.00011646,-0.00004577,16:02:52..755,,,,
16:02:52..806,4.58711163,0.01436,-0.00061155,0.00048747,0.00036265,-0.00018259,0.00076952,-0.0000392,-0.00011597,-0.00004619,16:02:52..886,,,,
16:02:52..913,4.137192,0.01436,-0.00061219,0.00048711,0.00036214,-0.00018306,0.00076969,-0.00003877,-0.00011563,-0.00004631,16:02:52..886,,,,
16:02:52..946,4.47851034,0.014136,-0.00059458,0.00049456,0.00036363,-0.00018575,0.00075518,-0.00004256,-0.00011552,-0.00005756,16:02:52..975,,,,
16:02:53..046,4.79914272,0.014136,-0.00059405,0.00049589,0.00036341,-0.00018504,0.00075449,-0.00004255,-0.00011593,-0.00005741,16:02:53..041,,,,
16:02:53..078,4.57159716,0.014171,-0.00060519,0.00049001,0.00036336,-0.00017563,0.00077392,-0.00003597,-0.00011479,-0.00005115,16:02:53..085,,,,
16:02:53..135,4.49402481,0.014,-0.00060537,0.00048884,0.00036296,-0.00017602,0.00077456,-0.00003532,-0.00011447,-0.00005065,16:02:53..204,,,,
16:02:53..266,4.2923367,0.014,-0.000605,0.00048931,0.00036291,-0.00017614,0.00077318,-0.00003552,-0.00011469,-0.00005094,16:02:53..262,,,,
16:02:53..299,4.49402481,0.013981,-0.00062816,0.00048885,0.00036208,-0.00017743,0.0007638,-0.00002955,-0.00010898,-0.00005167,16:02:53..305,,,,
16:02:53..433,4.73191335,0.013981,-0.00062781,0.00048948,0.00036204,-0.00017622,0.00076389,-0.00002983,-0.0001086,-0.0000518,16:02:53..430,,,,
16:02:53..467,4.60779759,0.013873,-0.00059235,0.00049257,0.00036373,-0.00017081,0.00076952,-0.00003882,-0.00011493,-0.0000647,16:02:53..430,,,,
16:02:53..567,4.27165074,0.01389,-0.00059197,0.00049134,0.00036383,-0.00017096,0.00077025,-0.00003877,-0.00011486,-0.00006411,16:02:53..615,,,,
16:02:53..712,4.48368183,0.01389,-0.00059133,0.00049265,0.00036396,-0.000171,0.00076904,-0.00003936,-0.00011481,-0.00006394,16:02:53..707,,,,
16:02:53..745,4.60779759,0.013648,-0.00059145,0.00050668,0.00036293,-0.00018374,0.00075134,-0.00004342,-0.00011637,-0.00007521,16:02:53..752,,,,
16:02:53..877,4.54573971,0.013648,-0.00059118,0.00050683,0.00036291,-0.00018363,0.00075071,-0.00004336,-0.00011598,-0.00007493,16:02:53..873,,,,
16:02:53..911,4.58194014,0.013524,-0.00062254,0.00049036,0.0003615,-0.00018361,0.00075346,-0.00003346,-0.0001102,-0.00005509,16:02:53..916,,,,
16:02:53..953,4.4991963,0.013544,-0.00062315,0.00048969,0.00036102,-0.00018447,0.00075412,-0.00003309,-0.00011008,-0.00005606,16:02:54..001,,,,
16:02:54..020,4.60779759,0.013544,-0.0006238,0.00049034,0.00036147,-0.0001831,0.00075368,-0.00003304,-0.00010974,-0.00005642,16:02:54..001,,,,
16:02:54..052,4.6026261,0.013624,-0.00061768,0.00048539,0.00036141,-0.00017976,0.00075748,-0.0000248,-0.00010919,-0.00004243,16:02:54..099,,,,
16:02:54..185,4.53539673,0.013624,-0.00061809,0.00048444,0.0003612,-0.00018019,0.00075841,-0.00002459,-0.00010875,-0.00004101,16:02:54..179,,,,
16:02:54..219,4.55608269,0.013789,-0.00060841,0.00048314,0.00036102,-0.00018283,0.00075325,-0.00004011,-0.00011022,-0.00006248,16:02:54..224,,,,
16:02:54..371,4.57676865,0.013789,-0.00060808,0.00048248,0.000361,-0.00018291,0.00075362,-0.00003985,-0.00010983,-0.00006261,16:02:54..366,,,,
16:02:54..405,4.38542352,0.013914,-0.00058788,0.00049558,0.00036294,-0.00017827,0.00076319,-0.00004054,-0.00011522,-0.00006094,16:02:54..410,,,,
16:02:54..492,4.7577708,0.013914,-0.00058821,0.00049532,0.00036248,-0.00017831,0.00076352,-0.00004115,-0.00011448,-0.0000615,16:02:54..535,,,,
16:02:54..558,4.56642567,0.013914,-0.00058847,0.00049578,0.00036288,-0.00017818,0.00076303,-0.00004093,-0.00011512,-0.0000618,16:02:54..535,,,,
16:02:54..592,4.53539673,0.014172,-0.00059192,0.00049052,0.00036149,-0.00018039,0.00076019,-0.00003729,-0.00011319,-0.00005621,16:02:54..624,,,,
16:02:54..774,4.68019845,0.014172,-0.00059151,0.00049014,0.00036208,-0.00018071,0.00076102,-0.00003738,-0.00011287,-0.0000562,16:02:54..768,,,,
16:02:54..806,4.33888011,0.014135,-0.00062242,0.00048894,0.00036316,-0.00016873,0.00076823,-0.00002345,-0.00010952,-0.00005613,16:02:54..814,,,,
16:02:54..935,4.46816736,0.014135,-0.00062277,0.00048804,0.0003627,-0.0001695,0.0007691,-0.00002299,-0.00010922,-0.00005598,16:02:54..928,,,,
16:02:54..968,4.77328527,0.014022,-0.00060512,0.00048648,0.00036267,-0.00017263,0.00076674,-0.00003859,-0.00011333,-0.00005967,16:02:54..972,,,,
16:02:55..002,4.54056822,0.013888,-0.0006006,0.00048674,0.00036321,-0.00017208,0.00076769,-0.00003762,-0.00011287,-0.00006081,16:02:55..065,,,,
16:02:55..144,4.35956607,0.013888,-0.00059972,0.00048621,0.00036297,-0.00017265,0.00076836,-0.00003749,-0.00011306,-0.00006051,16:02:55..065,,,,
16:02:55..179,4.55608269,0.013862,-0.00056924,0.00048574,0.00036107,-0.0001818,0.00075769,-0.00003644,-0.00011153,-0.00004841,16:02:55..188,,,,
16:02:55..374,4.33888011,0.013862,-0.00056944,0.0004847,0.00036074,-0.00018197,0.00075867,-0.00003643,-0.00011152,-0.00004797,16:02:55..367,,,,
16:02:55..407,4.55608269,0.013591,-0.00057291,0.00048898,0.00036166,-0.0001772,0.00076733,-0.00003695,-0.00011299,-0.00004739,16:02:55..411,,,,
16:02:55..509,4.654341,0.013591,-0.00057363,0.00049026,0.00036214,-0.00017657,0.00076634,-0.00003708,-0.00011342,-0.00004767,16:02:55..504,,,,
16:02:55..543,4.40093799,0.013681,-0.00060948,0.00049543,0.00036344,-0.00016884,0.00077317,-0.00003726,-0.00011468,-0.00005899,16:02:55..504,,,,
16:02:55..577,4.64399802,0.013753,-0.0006122,0.00049202,0.00036384,-0.00016681,0.00077576,-0.00003627,-0.00011337,-0.00006264,16:02:55..627,,,,
16:02:55..704,4.57676865,0.013753,-0.0006125,0.00049235,0.00036371,-0.00016611,0.00077495,-0.0000361,-0.00011298,-0.00006234,16:02:55..700,,,,
16:02:55..737,4.24579329,0.013914,-0.00061106,0.00049922,0.00036414,-0.00016908,0.00077036,-0.00003877,-0.00011502,-0.00006513,16:02:55..744,,,,
16:02:55..904,4.59745461,0.013914,-0.00061064,0.00049898,0.00036395,-0.00016877,0.00077093,-0.00003821,-0.00011467,-0.00006527,16:02:55..897,,,,
16:02:55..936,4.56642567,0.014087,-0.00060008,0.0005135,0.00036889,-0.00013879,0.00080175,-0.00003379,-0.00011846,-0.00006406,16:02:55..897,,,,
16:02:56..022,4.35956607,0.014087,-0.00059988,0.0005146,0.00036981,-0.0001383,0.00080085,-0.00003386,-0.00011898,-0.00006456,16:02:56..074,,,,
16:02:56..107,4.01824773,0.014087,-0.00059985,0.00051385,0.00036893,-0.00013851,0.00080127,-0.00003408,-0.00011862,-0.00006531,16:02:56..074,,,,
16:02:56..140,4.57159716,0.013794,-0.00061082,0.00054276,0.00036677,-0.00016945,0.0007652,-0.00004174,-0.00011934,-0.00008904,16:02:56..163,,,,
16:02:56..292,4.42162395,0.013794,-0.00061081,0.00054353,0.00036656,-0.00016874,0.00076503,-0.00004164,-0.00011883,-0.0000894,16:02:56..287,,,,
16:02:56..326,4.43196693,0.013745,-0.00060493,0.00053068,0.00036574,-0.00016755,0.00076812,-0.00004151,-0.00011954,-0.00008328,16:02:56..287,,,,
16:02:56..423,4.36990905,0.013745,-0.00060499,0.00052944,0.00036544,-0.00016756,0.00076951,-0.00004132,-0.00011936,-0.00008289,16:02:56..475,,,,
16:02:56..486,4.6026261,0.013745,-0.00060464,0.00053003,0.00036587,-0.0001674,0.00076848,-0.00004213,-0.00011982,-0.00008279,16:02:56..475,,,,
16:02:56..520,4.49402481,0.014003,-0.00060601,0.0005304,0.00036566,-0.00016913,0.00076531,-0.00004254,-0.00011903,-0.00008269,16:02:56..563,,,,
16:02:56..653,4.61814057,0.014003,-0.00060601,0.00053058,0.00036573,-0.00016826,0.00076446,-0.00004242,-0.00011916,-0.00008265,16:02:56..647,,,,
16:02:56..686,4.45782438,0.014046,-0.00059959,0.00052529,0.00036605,-0.00016211,0.00077538,-0.00003917,-0.00011825,-0.0000764,16:02:56..690,,,,
16:02:56..824,4.5509112,0.014046,-0.0005995,0.00052633,0.00036634,-0.00016209,0.00077391,-0.000039,-0.00011877,-0.0000766,16:02:56..818,,,,
16:02:56..856,4.58711163,0.013967,-0.00060381,0.00052503,0.00036504,-0.0001709,0.00076438,-0.00004137,-0.00011825,-0.00007989,16:02:56..861,,,,
16:02:57..037,4.30785117,0.013967,-0.00060368,0.00052498,0.00036501,-0.00017147,0.00076451,-0.00004134,-0.00011825,-0.00008019,16:02:57..031,,,,
16:02:57..069,4.57159716,0.013743,-0.00060558,0.00052063,0.00036484,-0.00017407,0.00076064,-0.00004189,-0.00011746,-0.00007893,16:02:57..075,,,,
16:02:57..133,4.47851034,0.013743,-0.00060552,0.00051992,0.00036449,-0.00017402,0.00076115,-0.00004166,-0.00011736,-0.00007953,16:02:57..195,,,,
16:02:57..211,4.60779759,0.013743,-0.00060531,0.00052069,0.00036486,-0.00017374,0.00076068,-0.00004132,-0.00011746,-0.00007897,16:02:57..195,,,,
16:02:57..244,4.48368183,0.013664,-0.00060787,0.00051375,0.00036381,-0.0001752,0.00076041,-0.00004085,-0.00011735,-0.00007776,16:02:57..341,,,,
16:02:57..406,4.56125418,0.013664,-0.00060763,0.00051405,0.00036423,-0.00017491,0.0007597,-0.00004151,-0.00011701,-0.00007799,16:02:57..404,,,,
16:02:57..440,4.50953928,0.013616,-0.0006033,0.00050985,0.00036387,-0.00017182,0.00076758,-0.00003979,-0.00011683,-0.00007279,16:02:57..446,,,,
16:02:57..565,4.69571292,0.013616,-0.00060286,0.00051091,0.00036417,-0.0001717,0.00076678,-0.00003958,-0.00011666,-0.00007279,16:02:57..564,,,,
16:02:57..599,4.54573971,0.01361,-0.00060132,0.00050873,0.00036409,-0.00017032,0.00076758,-0.00003938,-0.00011648,-0.00007118,16:02:57..609,,,,
16:02:57..669,4.45782438,0.01361,-0.0006011,0.00050907,0.00036438,-0.00017072,0.00076809,-0.00003899,-0.00011671,-0.00007149,16:02:57..755,,,,
16:02:57..777,4.46816736,0.01361,-0.00060105,0.00050936,0.00036428,-0.00017017,0.00076731,-0.00003946,-0.0001168,-0.00007095,16:02:57..755,,,,
16:02:57..808,4.58194014,0.013543,-0.00060558,0.00050926,0.00036371,-0.00017421,0.00076144,-0.00004091,-0.00011607,-0.00007335,16:02:57..844,,,,
16:02:57..944,4.654341,0.013543,-0.00060584,0.00050858,0.00036371,-0.00017486,0.00076225,-0.00004056,-0.00011595,-0.00007309,16:02:57..938,,,,
16:02:57..978,4.60779759,0.013597,-0.00060404,0.00050566,0.0003639,-0.00017066,0.00076819,-0.00003879,-0.00011618,-0.00006868,16:02:57..980,,,,
16:02:58..107,4.51471077,0.013597,-0.00060404,0.00050498,0.00036408,-0.00017015,0.00076864,-0.00003892,-0.00011586,-0.00006825,16:02:58..102,,,,
16:02:58..141,4.56642567,0.013597,-0.0006084,0.0005088,0.00036359,-0.00017686,0.00075762,-0.00004046,-0.00011599,-0.00007463,16:02:58..102,,,,
16:02:58..175,4.59745461,0.013665,-0.00060745,0.0005085,0.0003634,-0.00017726,0.00075783,-0.00004105,-0.00011597,-0.00007398,16:02:58..235,,,,
16:02:58..387,4.45782438,0.013665,-0.00060767,0.00050752,0.00036313,-0.00017731,0.00075898,-0.00004089,-0.00011589,-0.00007368,16:02:58..385,,,,
16:02:58..422,4.41128097,0.013787,-0.00060143,0.00050837,0.00036301,-0.00017502,0.00076227,-0.00004138,-0.00011712,-0.00007251,16:02:58..429,,,,
16:02:58..549,4.44230991,0.013787,-0.00060131,0.00050988,0.00036382,-0.00017491,0.00076151,-0.00004148,-0.00011674,-0.00007179,16:02:58..543,,,,
16:02:58..584,4.57159716,0.013787,-0.00060097,0.00050858,0.00036348,-0.00017454,0.00076282,-0.00004081,-0.00011646,-0.00007127,16:02:58..543,,,,
16:02:58..614,4.61296908,0.01397,-0.00060149,0.00050638,0.00036361,-0.00017436,0.0007626,-0.00003931,-0.00011521,-0.00007021,16:02:58..631,,,,
16:02:58..793,4.4991963,0.01397,-0.00060097,0.0005068,0.00036375,-0.00017466,0.00076279,-0.00003942,-0.00011513,-0.0000703,16:02:58..789,,,,
16:02:58..827,4.86637209,0.013398,-0.00060695,0.00049689,0.00036214,-0.00018209,0.00075383,-0.00003783,-0.000113,-0.00006494,16:02:58..835,,,,
16:02:59..007,4.50953928,0.013398,-0.00060759,0.00049694,0.00036207,-0.00018185,0.00075227,-0.00003844,-0.00011318,-0.00006497,16:02:59..001,,,,
16:02:59..038,4.53539673,0.013091,-0.0006095,0.00051199,0.00036413,-0.00018309,0.00075077,-0.00004333,-0.0001165,-0.00007733,16:02:59..044,,,,
16:02:59..191,4.40610948,0.013091,-0.00060988,0.00051281,0.00036404,-0.00018277,0.00074936,-0.00004398,-0.00011727,-0.00007771,16:02:59..185,,,,
16:02:59..226,4.78879974,0.013028,-0.00061156,0.00051455,0.00036474,-0.00018722,0.00074043,-0.00003913,-0.00011366,-0.00007457,16:02:59..229,,,,
16:02:59..264,4.56125418,0.01306,-0.00061159,0.00051398,0.00036458,-0.00018781,0.00074026,-0.00003881,-0.00011414,-0.0000747,16:02:59..352,,,,
16:02:59..454,4.42162395,0.01306,-0.00061171,0.00051407,0.00036479,-0.00018832,0.00073957,-0.00003881,-0.00011413,-0.00007423,16:02:59..449,,,,
16:02:59..486,4.69571292,0.013157,-0.00061409,0.00050496,0.00036374,-0.00018448,0.00074836,-0.0000403,-0.00011377,-0.00007384,16:02:59..492,,,,
16:02:59..627,4.63365504,0.013157,-0.00061444,0.00050466,0.00036352,-0.00018462,0.00074864,-0.00004015,-0.000114,-0.00007409,16:02:59..492,,,,
16:02:59..659,4.40093799,0.013673,-0.00060833,0.00050126,0.00036248,-0.00018328,0.00074959,-0.00003759,-0.00011149,-0.00006621,16:02:59..672,,,,
16:02:59..740,4.57159716,0.014055,-0.0006086,0.00050007,0.00036262,-0.00018365,0.00075078,-0.00003708,-0.00011164,-0.00006613,16:02:59..810,,,,
16:02:59..870,4.41128097,0.014055,-0.0006086,0.00050084,0.00036246,-0.00018333,0.00074974,-0.00003758,-0.00011184,-0.00006586,16:02:59..890,,,,
16:02:59..909,4.40610948,0.014055,-0.00060851,0.00049973,0.00036225,-0.00018366,0.00075123,-0.00003733,-0.00011192,-0.00006579,16:02:59..890,,,,
16:02:59..942,4.40610948,0.014219,-0.00060947,0.00049675,0.00036268,-0.00018119,0.00075381,-0.00003392,-0.00011182,-0.00005999,16:02:59..933,,,,
16:02:59..976,4.55608269,0.014269,-0.0006046,0.00050582,0.00036343,-0.00017566,0.00076091,-0.0000413,-0.00011623,-0.00007237,16:02:59..976,,,,
16:03:00..011,4.69571292,0.01427,-0.00060462,0.00050531,0.00036351,-0.00017581,0.00076096,-0.00004132,-0.00011618,-0.00007238,16:03:00..019,,,,
16:03:00..093,4.61814057,0.01427,-0.00060521,0.00050541,0.00036242,-0.00017612,0.00076031,-0.0000409,-0.00011598,-0.00007304,16:03:00..102,,,,
16:03:00..125,4.65951249,0.01427,-0.00060525,0.00050565,0.00036325,-0.00017651,0.00075948,-0.00004077,-0.00011544,-0.00007387,16:03:00..102,,,,
16:03:00..158,4.49402481,0.01426,-0.00061651,0.00049985,0.00036259,-0.00018366,0.00074716,-0.00003555,-0.00011271,-0.00006712,16:03:00..189,,,,
16:03:00..314,4.39059501,0.01426,-0.00061651,0.00050005,0.00036231,-0.00018377,0.0007478,-0.00003495,-0.00011213,-0.0000666,16:03:00..310,,,,
16:03:00..346,4.57676865,0.014345,-0.00060891,0.00051483,0.0003636,-0.00018124,0.000752,-0.00004343,-0.00011551,-0.00007952,16:03:00..352,,,,
16:03:00..380,4.68019845,0.014447,-0.00060771,0.0005137,0.00036296,-0.00018541,0.00074906,-0.00004282,-0.00011417,-0.00007711,16:03:00..395,,,,
16:03:00..432,4.6026261,0.014549,-0.00060832,0.00051481,0.00036345,-0.00018481,0.00074804,-0.00004314,-0.00011491,-0.00007787,16:03:00..439,,,,
16:03:00..515,4.53022524,0.014549,-0.00060835,0.00051386,0.00036336,-0.00018538,0.0007493,-0.00004311,-0.0001148,-0.0000777,16:03:00..511,,,,
16:03:00..547,4.44230991,0.014528,-0.00061131,0.00051236,0.00036324,-0.00018452,0.00074794,-0.00004303,-0.00011536,-0.00007735,16:03:00..553,,,,
16:03:00..582,4.48368183,0.01464,-0.00061699,0.00050785,0.00036324,-0.00018511,0.00074549,-0.00004242,-0.00011474,-0.00007707,16:03:00..597,,,,
16:03:00..669,4.51471077,0.014675,-0.00061636,0.00050772,0.00036337,-0.00018564,0.00074597,-0.00004221,-0.00011465,-0.00007647,16:03:00..666,,,,
16:03:00..758,4.53022524,0.014675,-0.00061727,0.00050802,0.00036331,-0.00018513,0.00074528,-0.00004247,-0.00011508,-0.00007737,16:03:00..752,,,,
16:03:00..792,4.3957665,0.014603,-0.0006081,0.000513,0.00036327,-0.00018527,0.00074758,-0.00004299,-0.00011448,-0.00007719,16:03:00..797,,,,
16:03:00..908,4.48885332,0.014603,-0.00060887,0.00051275,0.00036326,-0.00018573,0.00074797,-0.00004269,-0.0001144,-0.00007731,16:03:00..903,,,,
16:03:00..941,4.45265289,0.014544,-0.00061001,0.00051074,0.00036354,-0.00018435,0.00074905,-0.00004351,-0.0001164,-0.0000759,16:03:00..946,,,,
16:03:00..974,4.52505375,0.014271,-0.00061055,0.00050593,0.00036316,-0.0001841,0.00075051,-0.00004156,-0.00011509,-0.00007297,16:03:00..992,,,,
16:03:01..058,4.54056822,0.014185,-0.00061072,0.00050527,0.00036257,-0.00018441,0.00075057,-0.00004184,-0.00011497,-0.00007346,16:03:01..053,,,,
16:03:01..123,4.59228312,0.014185,-0.00061076,0.00050509,0.00036323,-0.0001841,0.00075017,-0.00004172,-0.0001151,-0.00007345,16:03:01..118,,,,
16:03:01..157,4.48885332,0.014147,-0.00061049,0.00051324,0.00036276,-0.0001843,0.00074979,-0.00004364,-0.00011503,-0.00007842,16:03:01..160,,,,
16:03:01..211,4.45782438,0.014147,-0.00060993,0.00051379,0.00036338,-0.00018388,0.0007494,-0.00004335,-0.00011491,-0.00007865,16:03:01..258,,,,
16:03:01..278,4.57676865,0.014147,-0.00061076,0.00051313,0.00036313,-0.00018428,0.00074984,-0.00004309,-0.00011498,-0.0000788,16:03:01..258,,,,
16:03:01..310,4.52505375,0.014048,-0.00061375,0.00051357,0.0003636,-0.0001855,0.00074672,-0.00004444,-0.00011584,-0.00007912,16:03:01..344,,,,
16:03:01..391,4.61296908,0.013965,-0.00061324,0.00051334,0.00036362,-0.00018569,0.00074756,-0.00004354,-0.00011542,-0.00007861,16:03:01..470,,,,
16:03:01..491,4.45782438,0.013965,-0.00061325,0.00051337,0.00036358,-0.00018507,0.00074752,-0.00004351,-0.00011538,-0.00007881,16:03:01..470,,,,
16:03:01..525,4.55608269,0.013823,-0.00060823,0.00051412,0.00036351,-0.00018595,0.00074446,-0.00004288,-0.00011463,-0.0000763,16:03:01..514,,,,
16:03:01..559,4.54056822,0.013823,-0.00061756,0.00050974,0.00036356,-0.00018481,0.00074654,-0.00004177,-0.00011419,-0.00007778,16:03:01..558,,,,
16:03:01..594,4.55608269,0.013721,-0.0006161,0.00050971,0.00036355,-0.000185,0.00074772,-0.00004252,-0.00011468,-0.00007754,16:03:01..601,,,,
16:03:01..646,4.57159716,0.013584,-0.00061543,0.00050983,0.00036321,-0.00018476,0.0007482,-0.00004244,-0.00011496,-0.00007754,16:03:01..643,,,,
16:03:01..678,4.43713842,0.013439,-0.00061086,0.00051314,0.00036339,-0.00018403,0.00074963,-0.00004306,-0.00011493,-0.00007874,16:03:01..685,,,,
16:03:01..724,4.45782438,0.013308,-0.00061155,0.00051348,0.00036269,-0.0001844,0.00074877,-0.00004359,-0.00011509,-0.00007894,16:03:01..728,,,,
16:03:01..823,4.56125418,0.013308,-0.00061079,0.00051312,0.00036315,-0.00018415,0.0007502,-0.00004302,-0.00011503,-0.00007889,16:03:01..728,,,,
16:03:01..857,4.64399802,0.013165,-0.00060759,0.00050825,0.00036292,-0.00018277,0.00075332,-0.00004225,-0.00011564,-0.00007338,16:03:01..874,,,,
16:03:01..943,4.53539673,0.013193,-0.00060787,0.00050718,0.00036288,-0.00018324,0.00075352,-0.00004259,-0.00011497,-0.00007324,16:03:01..979,,,,
16:03:02..002,4.58711163,0.013334,-0.00060796,0.00050779,0.00036302,-0.00018255,0.00075318,-0.0000422,-0.00011538,-0.00007327,16:03:01..979,,,,
16:03:02..036,4.4474814,0.013383,-0.00060788,0.00050753,0.00036273,-0.00018317,0.00075361,-0.00004236,-0.00011534,-0.00007309,16:03:02..077,,,,
16:03:02..103,4.41645246,0.013383,-0.00060793,0.00050742,0.00036317,-0.00018278,0.00075315,-0.00004219,-0.00011527,-0.00007318,16:03:02..077,,,,
16:03:02..137,4.63882653,0.013371,-0.00061512,0.00050769,0.00036324,-0.00018568,0.00074742,-0.00004128,-0.00011524,-0.00007426,16:03:02..163,,,,
16:03:02..276,4.49402481,0.013371,-0.00061576,0.0005075,0.00036343,-0.00018568,0.00074758,-0.00004086,-0.00011466,-0.00007473,16:03:02..272,,,,
16:03:02..309,4.47851034,0.01358,-0.00061848,0.0005092,0.00036288,-0.00018484,0.00074673,-0.00004243,-0.00011474,-0.00007885,16:03:02..316,,,,
16:03:02..451,4.49402481,0.01358,-0.00061864,0.00050963,0.00036348,-0.00018495,0.00074673,-0.00004275,-0.00011501,-0.0000789,16:03:02..446,,,,
16:03:02..484,4.63882653,0.013736,-0.00060479,0.00051763,0.00036322,-0.00018593,0.00074748,-0.00004357,-0.00011522,-0.00007745,16:03:02..489,,,,
16:03:02..599,4.56642567,0.013736,-0.0006048,0.00051703,0.00036324,-0.00018558,0.0007479,-0.00004333,-0.0001153,-0.00007777,16:03:02..594,,,,
16:03:02..632,4.56125418,0.014058,-0.00061919,0.00051008,0.0003634,-0.00018666,0.00074419,-0.00004158,-0.00011366,-0.0000784,16:03:02..636,,,,
16:03:02..784,4.53022524,0.014058,-0.00061922,0.00051035,0.00036359,-0.00018661,0.00074339,-0.00004219,-0.00011438,-0.0000787,16:03:02..780,,,,
16:03:02..818,4.6026261,0.013983,-0.0006155,0.00051068,0.00036352,-0.00018624,0.00074589,-0.00004297,-0.00011481,-0.00007744,16:03:02..824,,,,
16:03:02..935,4.67502696,0.013983,-0.00061549,0.00051102,0.0003635,-0.00018614,0.00074597,-0.00004253,-0.00011505,-0.00007753,16:03:02..930,,,,
16:03:02..969,4.56125418,0.013771,-0.00061061,0.00051538,0.00036319,-0.00018584,0.00074658,-0.00004358,-0.00011502,-0.00007902,16:03:02..975,,,,
16:03:03..098,4.47851034,0.013771,-0.00061084,0.00051519,0.00036316,-0.00018605,0.00074687,-0.00004402,-0.00011497,-0.00007901,16:03:03..094,,,,
16:03:03..130,4.50436779,0.013197,-0.00061251,0.00051073,0.00036301,-0.0001868,0.00074529,-0.00004259,-0.00011493,-0.00007687,16:03:03..140,,,,
16:03:03..232,4.56125418,0.013197,-0.00061189,0.00051151,0.00036346,-0.00018634,0.00074474,-0.00004311,-0.0001148,-0.00007643,16:03:03..227,,,,
16:03:03..265,4.4991963,0.012706,-0.00061568,0.00051237,0.00036296,-0.00018598,0.00074679,-0.00004363,-0.00011502,-0.00007927,16:03:03..269,,,,
16:03:03..388,4.4991963,0.012706,-0.00061551,0.0005132,0.00036362,-0.00018599,0.00074556,-0.00004375,-0.00011521,-0.00007939,16:03:03..382,,,,
16:03:03..421,4.53022524,0.012739,-0.00061723,0.00051204,0.00036375,-0.00018632,0.00074548,-0.00004231,-0.0001144,-0.00007917,16:03:03..424,,,,
16:03:03..564,4.61296908,0.012739,-0.00061754,0.00051199,0.00036348,-0.00018665,0.00074575,-0.0000421,-0.00011451,-0.00007901,16:03:03..559,,,,
16:03:03..597,4.43196693,0.01307,-0.00061453,0.00051535,0.00036335,-0.00018655,0.00074472,-0.00004367,-0.00011484,-0.00007982,16:03:03..603,,,,
16:03:03..717,4.44230991,0.01307,-0.00061392,0.00051489,0.00036301,-0.00018653,0.00074482,-0.00004415,-0.00011492,-0.00007944,16:03:03..711,,,,
16:03:03..750,4.52505375,0.013248,-0.00060887,0.00051497,0.00036314,-0.0001857,0.00074672,-0.00004328,-0.0001153,-0.00007833,16:03:03..755,,,,
16:03:03..874,4.5509112,0.013248,-0.00060884,0.00051451,0.00036369,-0.00018614,0.00074799,-0.00004341,-0.00011468,-0.00007786,16:03:03..869,,,,
16:03:03..907,4.57676865,0.013183,-0.00061691,0.00051044,0.00036357,-0.00018697,0.0007437,-0.00004139,-0.00011414,-0.00007712,16:03:03..869,,,,
16:03:03..996,4.4474814,0.013183,-0.00061645,0.00051002,0.00036368,-0.00018698,0.00074429,-0.00004135,-0.00011376,-0.00007731,16:03:04..042,,,,
16:03:04..057,14.78011842,0.013183,-0.00061693,0.00051028,0.00036325,-0.000187,0.00074333,-0.00004195,-0.00011432,-0.00007742,16:03:04..042,,,,
16:03:04..091,16.22296413,0.016435,-0.00060915,0.00052046,0.00036339,-0.00018671,0.00074365,-0.00004378,-0.00011515,-0.00007958,16:03:04..130,,,,
16:03:04..244,13.32692973,0.016435,-0.00060918,0.00051979,0.00036336,-0.00018727,0.00074353,-0.00004361,-0.00011523,-0.00007958,16:03:04..240,,,,
16:03:04..277,14.63014521,0.028696,-0.00060755,0.0005137,0.00036174,-0.00018751,0.0007449,-0.00004609,-0.00011595,-0.00007422,16:03:04..284,,,,
16:03:04..409,15.9281892,0.028696,-0.00060764,0.00051439,0.00036153,-0.00018698,0.00074347,-0.00004622,-0.00011607,-0.00007466,16:03:04..404,,,,
16:03:04..443,13.88027916,0.050217,-0.00060135,0.00051222,0.00036115,-0.00018516,0.00075265,-0.00004671,-0.00011968,-0.00007245,16:03:04..449,,,,
16:03:04..569,13.97336598,0.050217,-0.00060128,0.0005122,0.00036097,-0.00018534,0.00075276,-0.00004698,-0.00011967,-0.00007274,16:03:04..566,,,,
16:03:04..603,14.20608303,0.08722,-0.00059509,0.00051169,0.00035984,-0.0001849,0.00075457,-0.00004507,-0.00012269,-0.00006904,16:03:04..612,,,,
16:03:04..738,14.09231025,0.08722,-0.00059489,0.00051092,0.0003598,-0.0001849,0.00075513,-0.00004494,-0.00012207,-0.00006874,16:03:04..729,,,,
16:03:04..770,14.39225667,0.11621,-0.00058284,0.00051671,0.00035873,-0.00018354,0.00075696,-0.00004304,-0.00012539,-0.00006576,16:03:04..772,,,,
16:03:04..900,14.14402515,0.11621,-0.00058315,0.00051597,0.00035867,-0.00018407,0.00075819,-0.00004291,-0.00012528,-0.00006609,16:03:04..893,,,,
16:03:04..932,15.05937888,0.14348,-0.00056803,0.00052255,0.00035833,-0.00018353,0.00075979,-0.00003843,-0.00012795,-0.00006288,16:03:04..936,,,,
16:03:05..014,15.60238533,0.14348,-0.00056757,0.00052261,0.00035828,-0.00018339,0.00075978,-0.00003832,-0.00012786,-0.00006298,16:03:05..062,,,,
16:03:05..086,15.90233175,0.14348,-0.00056767,0.0005226,0.00035817,-0.00018313,0.00075973,-0.0000387,-0.0001279,-0.00006248,16:03:05..062,,,,
16:03:05..119,16.59013992,0.175186,-0.00055814,0.00052426,0.00035731,-0.0001814,0.00076492,-0.00002923,-0.00012865,-0.00006081,16:03:05..147,,,,
16:03:05..243,16.67805525,0.175186,-0.00055834,0.00052457,0.00035749,-0.00018128,0.00076321,-0.00002967,-0.00012931,-0.00006116,16:03:05..239,,,,
16:03:05..276,17.44343577,0.19447,-0.00054811,0.00053104,0.00035697,-0.00018039,0.00077018,-0.00002202,-0.00012979,-0.00006047,16:03:05..239,,,,
16:03:05..352,17.65029537,0.19447,-0.00054807,0.00053102,0.0003573,-0.00017974,0.00076961,-0.00002159,-0.00012964,-0.00006034,16:03:05..410,,,,
16:03:05..425,18.90179595,0.19447,-0.00054803,0.0005308,0.00035693,-0.0001803,0.00077033,-0.00002144,-0.00012972,-0.00006042,16:03:05..410,,,,
16:03:05..458,19.37240154,0.214523,-0.00053412,0.00053674,0.00035685,-0.00017922,0.000777,-0.00001109,-0.0001307,-0.00006092,16:03:05..499,,,,
16:03:05..590,20.0136663,0.214523,-0.00053381,0.0005359,0.00035649,-0.00017918,0.00077719,-0.00001063,-0.00013085,-0.00006048,16:03:05..584,,,,
16:03:05..622,21.17208006,0.225694,-0.00052741,0.00054752,0.00035776,-0.00017604,0.00078766,0.0000007,-0.00013142,-0.00006259,16:03:05..628,,,,
16:03:05..729,21.33756774,0.225694,-0.00052761,0.0005468,0.000357,-0.00017641,0.00078844,0.00000068,-0.0001315,-0.00006239,16:03:05..798,,,,
16:03:05..815,22.30980786,0.225694,-0.00052704,0.00054749,0.00035754,-0.00017666,0.00078778,0.00000055,-0.00013176,-0.00006184,16:03:05..798,,,,
16:03:05..848,23.95951317,0.238036,-0.00051498,0.00055171,0.00035693,-0.00017593,0.00079537,0.00001577,-0.00013241,-0.00006199,16:03:05..885,,,,
16:03:05..989,23.79919698,0.238036,-0.00051468,0.00055099,0.00035678,-0.00017593,0.00079631,0.00001585,-0.00013212,-0.00006163,16:03:05..984,,,,
16:03:06..023,24.90589584,0.241911,-0.00050234,0.00055496,0.00035614,-0.00017619,0.00080449,0.00002488,-0.00013438,-0.00006452,16:03:05..984,,,,
16:03:06..112,25.53164613,0.241911,-0.00050261,0.00055551,0.00035618,-0.00017584,0.00080381,0.00002481,-0.00013464,-0.00006454,16:03:06..152,,,,
16:03:06..164,26.10568152,0.241911,-0.00050249,0.00055515,0.00035599,-0.0001761,0.00080424,0.00002507,-0.00013414,-0.00006434,16:03:06..152,,,,
16:03:06..198,26.84520459,0.244283,-0.00049417,0.0005649,0.00035701,-0.00017609,0.00081351,0.0000388,-0.00013436,-0.00006334,16:03:06..240,,,,
16:03:06..349,26.78314671,0.244283,-0.00049379,0.00056493,0.00035725,-0.00017587,0.00081421,0.00003867,-0.00013452,-0.00006321,16:03:06..342,,,,
16:03:06..383,28.00361835,0.244016,-0.00048539,0.00056428,0.0003574,-0.00017556,0.00082056,0.00004646,-0.00013608,-0.00006372,16:03:06..386,,,,
16:03:06..514,28.56731076,0.244016,-0.00048526,0.00056494,0.00035797,-0.00017543,0.00081949,0.00004644,-0.0001366,-0.00006428,16:03:06..509,,,,
16:03:06..548,29.59126578,0.241644,-0.00047897,0.0005726,0.00035832,-0.00017562,0.00083078,0.00005704,-0.00013682,-0.00006434,16:03:06..553,,,,
16:03:06..657,29.6843526,0.241644,-0.00047842,0.0005727,0.00035818,-0.00017562,0.00083125,0.00005695,-0.00013633,-0.00006398,16:03:06..651,,,,
16:03:06..690,30.24287352,0.239983,-0.00047313,0.00057496,0.00035864,-0.00017567,0.00083635,0.00006202,-0.00013831,-0.00006339,16:03:06..696,,,,
16:03:06..832,30.29458842,0.239983,-0.00047319,0.00057458,0.00035841,-0.00017559,0.00083665,0.00006231,-0.00013813,-0.00006312,16:03:06..826,,,,
16:03:06..866,31.09616937,0.236166,-0.0004655,0.00057757,0.0003579,-0.00017644,0.00083934,0.00006785,-0.00013914,-0.00006412,16:03:06..869,,,,
16:03:07..000,31.63917582,0.236166,-0.00046566,0.00057683,0.000358,-0.00017637,0.00084101,0.00006836,-0.00013857,-0.00006345,16:03:06..996,,,,
16:03:07..034,31.94429373,0.233461,-0.00046085,0.00058036,0.00035777,-0.00017639,0.00084547,0.00007544,-0.00013944,-0.00006223,16:03:06..996,,,,
16:03:07..123,31.99600863,0.233461,-0.00046093,0.00058044,0.00035831,-0.00017565,0.00084566,0.00007495,-0.00013889,-0.00006209,16:03:07..183,,,,
16:03:07..203,32.30629803,0.233461,-0.00046093,0.00058024,0.00035834,-0.00017558,0.00084587,0.00007535,-0.00013908,-0.00006213,16:03:07..183,,,,
16:03:07..235,32.69415978,0.2286,-0.00046019,0.00058219,0.00035875,-0.00017524,0.00085176,0.0000795,-0.00013888,-0.00006438,16:03:07..272,,,,
16:03:07..388,32.50281465,0.2286,-0.00046004,0.00058327,0.000359,-0.00017507,0.00085054,0.00007913,-0.00013924,-0.00006404,16:03:07..382,,,,
16:03:07..422,33.18545133,0.225503,-0.00045282,0.00058411,0.00035877,-0.00017578,0.00085287,0.00008372,-0.0001394,-0.00006279,16:03:07..426,,,,
16:03:07..544,33.22682325,0.225503,-0.00045305,0.00058412,0.00035875,-0.00017615,0.0008529,0.00008348,-0.00013958,-0.00006239,16:03:07..539,,,,
16:03:07..579,33.34059603,0.22238,-0.00045346,0.00058673,0.00035886,-0.00017546,0.00086097,0.00008581,-0.00014022,-0.00006363,16:03:07..584,,,,
16:03:07..713,33.41816838,0.22238,-0.00045373,0.0005859,0.00035924,-0.00017573,0.00086126,0.00008607,-0.00013949,-0.00006326,16:03:07..706,,,,
16:03:07..746,33.68708586,0.218257,-0.00045122,0.0005859,0.00035881,-0.00017628,0.00085576,0.00008972,-0.00013949,-0.00006314,16:03:07..750,,,,
16:03:07..863,33.8732595,0.218257,-0.00045077,0.00058494,0.00035895,-0.00017559,0.00085744,0.00009006,-0.00013901,-0.00006275,16:03:07..856,,,,
16:03:07..897,33.95083185,0.215196,-0.00045119,0.00058658,0.00035857,-0.00017501,0.00086426,0.00009116,-0.00013936,-0.0000621,16:03:07..899,,,,
16:03:08..023,33.71294331,0.215196,-0.0004517,0.00058698,0.00035918,-0.0001754,0.000864,0.00009158,-0.00013915,-0.00006249,16:03:08..018,,,,
16:03:08..057,33.83705907,0.211691,-0.00044847,0.00058765,0.00035952,-0.0001756,0.00085914,0.00008983,-0.00014,-0.00006422,16:03:08..111,,,,
16:03:08..168,34.01288973,0.211691,-0.00044883,0.00058734,0.00035913,-0.00017607,0.0008586,0.00009022,-0.00013974,-0.00006389,16:03:08..161,,,,
16:03:08..201,34.19906337,0.210298,-0.00045053,0.0005853,0.00035879,-0.00017651,0.00086213,0.00009589,-0.00013922,-0.00006238,16:03:08..206,,,,
16:03:08..337,34.12149102,0.210298,-0.00045024,0.00058628,0.00035958,-0.00017571,0.00086161,0.00009624,-0.00013881,-0.00006262,16:03:08..330,,,,
16:03:08..370,34.11114804,0.208636,-0.0004509,0.00059116,0.00036023,-0.00017501,0.00087067,0.00009268,-0.00014012,-0.00006447,16:03:08..375,,,,
16:03:08..486,34.27663572,0.208636,-0.00045063,0.00059049,0.00035962,-0.00017509,0.00087126,0.00009255,-0.00013974,-0.00006447,16:03:08..482,,,,
16:03:08..521,34.2352638,0.207276,-0.00044348,0.00059126,0.00036,-0.00017615,0.00086838,0.00009594,-0.00013928,-0.00006239,16:03:08..526,,,,
16:03:08..639,34.68001194,0.207276,-0.00044344,0.00059203,0.00036015,-0.00017574,0.00086854,0.00009596,-0.00013966,-0.00006242,16:03:08..633,,,,
16:03:08..671,34.7006979,0.206077,-0.00044679,0.00059192,0.00036003,-0.00017527,0.00087121,0.00009783,-0.00013908,-0.00006223,16:03:08..677,,,,
16:03:08..827,34.50418128,0.206077,-0.00044611,0.00059252,0.00036027,-0.00017571,0.00087096,0.00009778,-0.00013902,-0.0000625,16:03:08..821,,,,
16:03:08..858,34.45246638,0.204639,-0.00044575,0.00058981,0.00035976,-0.00017651,0.00086779,0.00009593,-0.00013917,-0.00006433,16:03:08..865,,,,
16:03:09..006,34.65932598,0.204639,-0.00044563,0.00059085,0.00036041,-0.00017571,0.00086744,0.00009583,-0.00013896,-0.000064,16:03:09..001,,,,
16:03:09..041,34.34386509,0.203327,-0.00044458,0.00059421,0.00036079,-0.00017556,0.00086845,0.00009595,-0.00013905,-0.00006273,16:03:09..044,,,,
16:03:09..174,34.37489403,0.203327,-0.0004452,0.00059409,0.00036077,-0.00017579,0.00086794,0.00009548,-0.00013953,-0.00006296,16:03:09..169,,,,
16:03:09..209,34.58175363,0.20258,-0.00044393,0.00059139,0.00036064,-0.00017556,0.00087126,0.00009827,-0.00013853,-0.00006374,16:03:09..212,,,,
16:03:09..335,34.65415449,0.20258,-0.0004436,0.00059207,0.0003606,-0.00017531,0.0008698,0.00009785,-0.00013905,-0.00006368,16:03:09..328,,,,
16:03:09..368,34.71621237,0.20211,-0.00044603,0.00059117,0.00036077,-0.00017578,0.00086926,0.00009923,-0.00013873,-0.00006361,16:03:09..373,,,,
16:03:09..499,34.51969575,0.20211,-0.00044584,0.00059087,0.0003603,-0.0001748,0.00086897,0.00009898,-0.00013886,-0.0000639,16:03:09..492,,,,
16:03:09..532,34.51452426,0.20197,-0.00044403,0.00059175,0.00036013,-0.00017564,0.00086458,0.00009592,-0.00013883,-0.00006289,16:03:09..534,,,,
16:03:09..663,34.39557999,0.20197,-0.00044415,0.0005922,0.00036081,-0.00017545,0.00086467,0.00009546,-0.00013872,-0.00006286,16:03:09..656,,,,
16:03:09..694,34.33352211,0.201618,-0.00044636,0.00058928,0.00035977,-0.0001761,0.00086485,0.00009549,-0.00013922,-0.00006531,16:03:09..702,,,,
16:03:09..819,34.5972681,0.201618,-0.00044653,0.00058821,0.00035966,-0.00017645,0.00086534,0.0000953,-0.00013909,-0.00006495,16:03:09..815,,,,
16:03:09..850,34.60243959,0.201337,-0.00044454,0.00058827,0.00035909,-0.00017718,0.00086226,0.00009751,-0.00013847,-0.00006333,16:03:09..815,,,,
16:03:09..922,34.60243959,0.201337,-0.00044413,0.00058878,0.00035958,-0.00017662,0.00086145,0.00009633,-0.00013846,-0.00006376,16:03:09..974,,,,
16:03:09..986,34.53003873,0.201337,-0.00044451,0.00058815,0.00035933,-0.00017654,0.00086194,0.00009677,-0.00013833,-0.00006389,16:03:09..974,,,,
16:03:10..019,34.52486724,0.200429,-0.00044503,0.00059047,0.00035983,-0.00017592,0.00086943,0.00009944,-0.00013884,-0.00006321,16:03:10..084,,,,
16:03:10..154,34.42660893,0.200429,-0.00044488,0.00059063,0.00036068,-0.00017597,0.00086947,0.00009921,-0.00013868,-0.00006313,16:03:10..150,,,,
16:03:10..186,34.50418128,0.200188,-0.00044461,0.00059033,0.00036011,-0.00017628,0.00086524,0.00009592,-0.00013908,-0.00006451,16:03:10..194,,,,
16:03:10..322,34.79378472,0.200188,-0.00044466,0.00058978,0.00035955,-0.00017646,0.00086608,0.00009655,-0.00013918,-0.00006511,16:03:10..316,,,,
16:03:10..354,34.98512985,0.200228,-0.0004432,0.00058891,0.00035994,-0.00017674,0.00086662,0.00009711,-0.0001376,-0.0000636,16:03:10..360,,,,
16:03:10..471,34.45246638,0.200228,-0.0004432,0.00058969,0.00035995,-0.00017719,0.00086562,0.000098,-0.00013832,-0.00006414,16:03:10..464,,,,
16:03:10..503,34.60761108,0.200111,-0.00044318,0.00058991,0.00035928,-0.00017628,0.00086822,0.00009817,-0.00013731,-0.00006295,16:03:10..509,,,,
16:03:10..623,34.32317913,0.200111,-0.00044346,0.00059068,0.00035955,-0.00017608,0.00086796,0.00009833,-0.00013789,-0.00006273,16:03:10..616,,,,
16:03:10..656,34.17837741,0.200036,-0.00044414,0.00058919,0.00035978,-0.00017654,0.0008665,0.00009548,-0.00013901,-0.00006369,16:03:10..616,,,,
16:03:10..763,34.4938383,0.200036,-0.00044389,0.00058907,0.00035961,-0.00017695,0.00086593,0.00009542,-0.00013938,-0.00006395,16:03:10..803,,,,
16:03:10..815,34.41626595,0.200036,-0.00044426,0.00058939,0.00035944,-0.00017665,0.00086604,0.00009575,-0.00013884,-0.00006375,16:03:10..803,,,,
16:03:10..847,34.71104088,0.200263,-0.00044323,0.00059086,0.00036005,-0.00017688,0.00086472,0.00009574,-0.00013825,-0.00006358,16:03:10..952,,,,
16:03:11..019,34.3904085,0.200263,-0.00044296,0.00059011,0.00035937,-0.00017671,0.00086545,0.00009591,-0.00013778,-0.00006343,16:03:11..015,,,,
16:03:11..051,34.53521022,0.200159,-0.00044441,0.00058954,0.00036002,-0.00017634,0.00086646,0.00009781,-0.00013844,-0.00006385,16:03:11..058,,,,
16:03:11..208,34.41109446,0.200159,-0.00044511,0.00058946,0.00035991,-0.00017626,0.00086544,0.00009741,-0.00013868,-0.00006413,16:03:11..203,,,,
16:03:11..241,34.43178042,0.199651,-0.00044239,0.00058972,0.00035992,-0.00017755,0.00086805,0.00009815,-0.00013808,-0.00006275,16:03:11..246,,,,
16:03:11..368,34.38523701,0.199651,-0.00044253,0.00058998,0.00035957,-0.00017736,0.000867,0.00009814,-0.00013835,-0.00006281,16:03:11..363,,,,
16:03:11..402,34.32317913,0.199591,-0.00044408,0.00058872,0.00035939,-0.00017698,0.00086532,0.0000955,-0.00013862,-0.00006413,16:03:11..407,,,,
16:03:11..524,34.4421234,0.199591,-0.00044414,0.00058865,0.00035935,-0.00017729,0.00086507,0.00009621,-0.0001388,-0.00006446,16:03:11..518,,,,
16:03:11..557,34.34386509,0.1995,-0.00044398,0.00058964,0.00035917,-0.00017777,0.00086794,0.0000977,-0.00013814,-0.00006361,16:03:11..562,,,,
16:03:11..688,34.32835062,0.1995,-0.00044371,0.00058927,0.00035912,-0.00017753,0.00086915,0.00009833,-0.0001377,-0.00006329,16:03:11..682,,,,
16:03:11..722,34.27146423,0.199638,-0.00044156,0.00059046,0.00036016,-0.00017768,0.00086237,0.0000968,-0.00013863,-0.0000626,16:03:11..726,,,,
16:03:11..855,34.4421234,0.199638,-0.00044168,0.00058936,0.00035914,-0.00017785,0.00086289,0.00009672,-0.00013831,-0.00006315,16:03:11..848,,,,
16:03:11..887,34.43178042,0.199997,-0.00044285,0.00058871,0.00035941,-0.00017821,0.00086861,0.00010244,-0.00013797,-0.00006127,16:03:11..891,,,,
16:03:12..031,34.35420807,0.199997,-0.00044268,0.00058851,0.00035945,-0.0001785,0.00086829,0.0001021,-0.0001381,-0.00006192,16:03:12..025,,,,
16:03:12..064,34.2352638,0.200681,-0.00044525,0.00058911,0.00035943,-0.00017774,0.00087042,0.00009713,-0.0001386,-0.00006437,16:03:12..068,,,,
16:03:12..205,34.36455105,0.200681,-0.00044493,0.00059029,0.00035951,-0.00017695,0.00086955,0.00009749,-0.00013832,-0.00006406,16:03:12..198,,,,
16:03:12..237,34.37489403,0.201252,-0.00044298,0.00058889,0.00035968,-0.00017741,0.00086757,0.00009723,-0.00013803,-0.00006315,16:03:12..242,,,,
16:03:12..354,34.40592297,0.201252,-0.00044281,0.00058983,0.00036014,-0.00017709,0.000867,0.00009737,-0.00013843,-0.00006324,16:03:12..347,,,,
16:03:12..387,34.24043529,0.201586,-0.00044462,0.00058852,0.00035979,-0.00017791,0.00087197,0.00009808,-0.00013858,-0.00006406,16:03:12..389,,,,
16:03:12..511,34.39557999,0.201586,-0.00044456,0.00058814,0.00035961,-0.00017746,0.00087166,0.00009784,-0.00013813,-0.00006402,16:03:12..504,,,,
16:03:12..544,34.30766466,0.201442,-0.00044004,0.00058971,0.00036,-0.00017785,0.00086033,0.00009363,-0.00013788,-0.00006203,16:03:12..548,,,,
16:03:12..675,34.07494761,0.201442,-0.00044003,0.00058895,0.00035916,-0.00017845,0.00086136,0.0000943,-0.00013794,-0.00006232,16:03:12..668,,,,
16:03:12..707,34.06977612,0.201465,-0.00044585,0.00058603,0.00035892,-0.00017846,0.00086623,0.00009591,-0.000138,-0.00006418,16:03:12..711,,,,
16:03:12..835,34.06977612,0.201465,-0.00044503,0.00058665,0.00035954,-0.00017771,0.00086475,0.00009594,-0.00013771,-0.00006357,16:03:12..828,,,,
16:03:12..867,34.01806122,0.201685,-0.00044259,0.00058654,0.00035931,-0.00017821,0.0008588,0.00009131,-0.00013797,-0.00006433,16:03:12..828,,,,
16:03:12..945,33.72328629,0.201697,-0.00044267,0.00058629,0.00035889,-0.00017835,0.00085936,0.00009076,-0.00013738,-0.00006404,16:03:12..991,,,,
16:03:13..043,33.94566036,0.201697,-0.00044235,0.00058662,0.00035924,-0.0001782,0.00085899,0.00009137,-0.00013751,-0.00006424,16:03:13..038,,,,
16:03:13..076,33.69742884,0.2017,-0.00044585,0.00058457,0.00035954,-0.0001776,0.00085978,0.00009183,-0.00013764,-0.00006377,16:03:13..038,,,,
16:03:13..147,33.7181148,0.2017,-0.00044626,0.00058377,0.00035848,-0.00017819,0.00086093,0.00009214,-0.0001377,-0.00006375,16:03:13..198,,,,
16:03:13..218,33.43885434,0.2017,-0.00044635,0.00058363,0.00035865,-0.00017792,0.00086025,0.0000915,-0.00013784,-0.00006422,16:03:13..198,,,,
16:03:13..252,33.81637311,0.20214,-0.00044687,0.00058188,0.00035844,-0.00017845,0.00085839,0.00009036,-0.00013667,-0.00006413,16:03:13..286,,,,
16:03:13..395,33.44402583,0.20214,-0.00044675,0.00058163,0.00035876,-0.00017837,0.00085874,0.00009067,-0.00013688,-0.00006399,16:03:13..389,,,,
16:03:13..428,11.02561668,0.200892,-0.00045066,0.00058019,0.00035879,-0.00017848,0.00085636,0.00008449,-0.00013657,-0.00006409,16:03:13..431,,,,
16:03:13..548,6.71776551,0.200892,-0.00045077,0.00058141,0.00035966,-0.00017798,0.00085531,0.0000845,-0.00013685,-0.000064,16:03:13..543,,,,
16:03:13..582,31.31854344,0.187277,-0.00048875,0.00056457,0.00036121,-0.0001798,0.00082648,0.00004853,-0.00013216,-0.00005865,16:03:13..584,,,,
16:03:13..697,24.52320558,0.187277,-0.00048897,0.00056542,0.0003621,-0.00017935,0.00082508,0.00004787,-0.00013205,-0.00005878,16:03:13..691,,,,
16:03:13..729,24.19223022,0.165668,-0.00050944,0.00055959,0.00036353,-0.00018026,0.00080376,0.00002762,-0.00012667,-0.0000572,16:03:13..735,,,,
16:03:13..842,20.76870384,0.165668,-0.00050979,0.00055898,0.00036305,-0.0001807,0.00080409,0.0000279,-0.0001267,-0.00005703,16:03:13..837,,,,
16:03:13..875,14.37157071,0.142804,-0.00052371,0.00055435,0.00036372,-0.00018096,0.00079885,0.00001635,-0.00012605,-0.00005696,16:03:13..881,,,,
16:03:14..008,14.78528991,0.142804,-0.00052369,0.00055436,0.00036385,-0.00018111,0.00079886,0.00001604,-0.00012633,-0.00005736,16:03:14..002,,,,
16:03:14..040,14.54222988,0.121106,-0.0005404,0.00054387,0.00036426,-0.00018165,0.00078656,0.00000703,-0.00012428,-0.00005647,16:03:14..045,,,,
16:03:14..173,14.62497372,0.121106,-0.00053999,0.0005441,0.00036456,-0.00018136,0.0007857,0.00000745,-0.00012465,-0.0000562,16:03:14..166,,,,
16:03:14..206,14.0147379,0.101571,-0.00054639,0.00054879,0.00036554,-0.00018254,0.00078264,0.00000025,-0.00012169,-0.00005576,16:03:14..209,,,,
16:03:14..342,13.50276039,0.101571,-0.00054631,0.00054931,0.00036586,-0.00018218,0.00078212,0.00000004,-0.00012229,-0.00005569,16:03:14..334,,,,
16:03:14..375,11.60482356,0.0801,-0.00056453,0.00054477,0.00036626,-0.00018163,0.00077171,-0.00000643,-0.00012204,-0.00005761,16:03:14..378,,,,
16:03:14..495,11.53759419,0.0801,-0.00056499,0.00054449,0.0003664,-0.00018136,0.00077126,-0.00000636,-0.00012145,-0.00005726,16:03:14..488,,,,
16:03:14..526,10.67912685,0.067121,-0.00056474,0.00054387,0.00036639,-0.00018299,0.00076576,-0.00001188,-0.00012046,-0.00005583,16:03:14..531,,,,
16:03:14..646,10.6015545,0.067121,-0.00056496,0.00054446,0.000367,-0.00018254,0.0007653,-0.00001224,-0.0001205,-0.00005624,16:03:14..639,,,,
16:03:14..679,9.96028974,0.056153,-0.00058316,0.00053745,0.00036716,-0.00018235,0.00075978,-0.00001005,-0.0001193,-0.00005692,16:03:14..683,,,,
16:03:14..818,9.61379991,0.056153,-0.00058345,0.00053793,0.00036686,-0.00018223,0.00075871,-0.00001065,-0.00011929,-0.00005759,16:03:14..812,,,,
16:03:14..849,8.7398181,0.047175,-0.00058654,0.00053897,0.00036705,-0.00018267,0.0007587,-0.00001599,-0.00011834,-0.00005899,16:03:14..855,,,,
16:03:14..986,8.6881032,0.047175,-0.00058669,0.0005391,0.00036674,-0.00018255,0.00075767,-0.00001675,-0.00011899,-0.00005871,16:03:14..978,,,,
16:03:15..018,8.0158095,0.037975,-0.0005895,0.0005321,0.00036661,-0.0001843,0.0007523,-0.00001975,-0.00011627,-0.00005828,16:03:15..021,,,,
16:03:15..137,7.76757798,0.037975,-0.00058948,0.00053184,0.00036703,-0.00018383,0.00075162,-0.00001977,-0.00011693,-0.00005838,16:03:15..131,,,,
16:03:15..169,7.3435158,0.032595,-0.00059343,0.00053898,0.00036716,-0.0001841,0.00075265,-0.00002568,-0.00011628,-0.00006299,16:03:15..174,,,,
16:03:15..287,7.17285663,0.032595,-0.00059373,0.00053838,0.00036704,-0.00018439,0.00075347,-0.00002607,-0.00011647,-0.00006313,16:03:15..280,,,,
16:03:15..319,6.99185448,0.028496,-0.00059393,0.00054476,0.00036802,-0.00018451,0.00075064,-0.00002555,-0.00011522,-0.00006229,16:03:15..326,,,,
16:03:15..445,6.73327998,0.028496,-0.00059359,0.0005456,0.00036756,-0.00018446,0.00075002,-0.00002545,-0.0001159,-0.00006267,16:03:15..438,,,,
16:03:15..476,6.45401952,0.025678,-0.00060421,0.00053344,0.00036761,-0.00018461,0.00075044,-0.00002776,-0.00011402,-0.00006654,16:03:15..482,,,,
16:03:15..604,6.37644717,0.025678,-0.00060414,0.000534,0.00036755,-0.00018402,0.00075006,-0.0000278,-0.00011474,-0.00006626,16:03:15..598,,,,
16:03:15..635,6.06098628,0.023295,-0.00060361,0.00054317,0.00036742,-0.00018525,0.00075239,-0.00003397,-0.00011394,-0.00007064,16:03:15..641,,,,
16:03:15..755,5.93169903,0.023295,-0.00060364,0.00054379,0.00036803,-0.00018536,0.00075174,-0.00003407,-0.00011422,-0.00007046,16:03:15..751,,,,
16:03:15..789,5.78689731,0.021444,-0.00060716,0.00053697,0.00036834,-0.00018509,0.00074943,-0.00003111,-0.00011313,-0.00006965,16:03:15..796,,,,
16:03:15..858,5.78689731,0.020949,-0.00060716,0.00053617,0.00036739,-0.0001857,0.0007504,-0.00003142,-0.00011266,-0.00006962,16:03:15..899,,,,
16:03:15..921,5.61106665,0.020949,-0.00060739,0.0005365,0.00036839,-0.00018516,0.00074932,-0.00003139,-0.00011296,-0.00006957,16:03:15..899,,,,
16:03:15..954,5.5852092,0.019872,-0.00060467,0.00053969,0.0003687,-0.00018504,0.00074799,-0.00003098,-0.00011215,-0.00006829,16:03:15..988,,,,
16:03:16..089,5.55935175,0.019872,-0.00060511,0.00053932,0.00036833,-0.00018543,0.00074876,-0.00003111,-0.00011249,-0.00006852,16:03:16..082,,,,
16:03:16..121,5.42489301,0.019136,-0.00060812,0.0005399,0.00036869,-0.00018512,0.00075068,-0.00003457,-0.00011233,-0.00007223,16:03:16..125,,,,
16:03:16..242,5.35766364,0.019136,-0.00060863,0.00053965,0.00036793,-0.00018498,0.00075007,-0.00003445,-0.00011231,-0.00007215,16:03:16..235,,,,
16:03:16..274,5.36283513,0.018506,-0.0006042,0.00053542,0.00036853,-0.00018519,0.00074966,-0.00003466,-0.00011175,-0.00007047,16:03:16..279,,,,
16:03:16..397,5.41455003,0.018506,-0.00060463,0.00053517,0.0003681,-0.00018534,0.00075042,-0.00003447,-0.00011154,-0.0000703,16:03:16..390,,,,
16:03:16..429,5.36800662,0.017878,-0.00061254,0.00053201,0.00036805,-0.00018488,0.00075242,-0.00003557,-0.0001124,-0.00007395,16:03:16..432,,,,
16:03:16..556,5.37317811,0.017878,-0.00061224,0.00053263,0.00036781,-0.00018447,0.00075165,-0.00003601,-0.00011249,-0.00007413,16:03:16..549,,,,
16:03:16..586,5.23871937,0.016936,-0.00059256,0.00054644,0.00036695,-0.00018545,0.00075308,-0.00003595,-0.00011246,-0.00007018,16:03:16..594,,,,
16:03:16..699,5.3783496,0.016936,-0.00059191,0.000547,0.00036708,-0.00018526,0.00075232,-0.00003628,-0.000112,-0.00007032,16:03:16..693,,,,
16:03:16..732,5.31629172,0.016324,-0.00061158,0.00052496,0.00036754,-0.00018517,0.00075258,-0.00003513,-0.00011225,-0.00007354,16:03:16..738,,,,
16:03:16..872,5.24389086,0.016324,-0.0006109,0.00052462,0.00036743,-0.00018503,0.00075213,-0.00003507,-0.00011202,-0.00007324,16:03:16..865,,,,
16:03:16..904,5.25940533,0.015753,-0.00060775,0.00053394,0.0003673,-0.00018466,0.00075121,-0.00003522,-0.00011127,-0.00007335,16:03:16..908,,,,
16:03:17..036,5.25423384,0.015753,-0.00060791,0.00053323,0.00036668,-0.00018515,0.00075198,-0.00003496,-0.00011193,-0.0000733,16:03:17..029,,,,
16:03:17..069,5.28009129,0.015335,-0.00061093,0.00052347,0.00036752,-0.00018543,0.00075064,-0.00003524,-0.00011252,-0.00007213,16:03:17..073,,,,
16:03:17..184,5.37317811,0.015335,-0.00061057,0.00052309,0.00036758,-0.00018555,0.00075191,-0.00003495,-0.00011204,-0.00007179,16:03:17..177,,,,
16:03:17..216,5.37317811,0.015323,-0.00060019,0.00053813,0.00036706,-0.00018489,0.00075299,-0.00003631,-0.00011244,-0.00007199,16:03:17..220,,,,
16:03:17..333,5.26974831,0.015323,-0.0006,0.00053902,0.00036672,-0.00018485,0.00075238,-0.00003636,-0.00011186,-0.00007183,16:03:17..327,,,,
16:03:17..366,5.2749198,0.015385,-0.00061186,0.00052922,0.00036736,-0.00018373,0.00075439,-0.00003553,-0.00011255,-0.00007581,16:03:17..371,,,,
16:03:17..401,5.21803341,0.015535,-0.00060948,0.00052945,0.00036736,-0.00018495,0.00075246,-0.0000358,-0.00011224,-0.000074,16:03:17..417,,,,
16:03:17..491,5.34732066,0.015542,-0.00060913,0.00052979,0.00036726,-0.00018477,0.0007514,-0.00003604,-0.00011235,-0.0000745,16:03:17..560,,,,
16:03:17..583,5.31112023,0.015542,-0.00060939,0.00052908,0.00036718,-0.00018481,0.00075261,-0.00003578,-0.00011195,-0.00007378,16:03:17..560,,,,
16:03:17..618,5.24389086,0.015539,-0.0006109,0.00053338,0.00036811,-0.00018545,0.00075033,-0.00003649,-0.00011203,-0.00007386,16:03:17..672,,,,
16:03:17..762,5.34214917,0.015539,-0.0006108,0.00053286,0.0003679,-0.00018536,0.00075017,-0.00003613,-0.00011207,-0.00007389,16:03:17..759,,,,
16:03:17..796,5.33180619,0.015335,-0.00061191,0.0005254,0.00036746,-0.00018622,0.00075156,-0.00003562,-0.00011161,-0.00007246,16:03:17..803,,,,
16:03:17..881,5.2749198,0.015231,-0.0006125,0.00052645,0.00036736,-0.00018534,0.00075053,-0.00003615,-0.00011196,-0.00007323,16:03:17..984,,,,
16:03:18..002,5.26974831,0.015116,-0.00061194,0.00052569,0.00036732,-0.00018581,0.00075131,-0.00003538,-0.0001117,-0.00007284,16:03:18..027,,,,
16:03:18..048,5.3266347,0.015116,-0.00061228,0.00052654,0.00036768,-0.00018533,0.00075012,-0.00003632,-0.00011179,-0.00007299,16:03:18..027,,,,
16:03:18..080,5.30077725,0.015058,-0.00061656,0.00053046,0.00036733,-0.00018568,0.00075155,-0.00003623,-0.00011242,-0.00007667,16:03:18..070,,,,
16:03:18..114,5.21286192,0.014919,-0.0006046,0.00054,0.00036803,-0.00018666,0.00074975,-0.0000372,-0.00011252,-0.00007272,16:03:18..165,,,,
16:03:18..232,5.22837639,0.014919,-0.00060464,0.00054072,0.00036821,-0.00018662,0.00074926,-0.00003683,-0.00011263,-0.00007262,16:03:18..165,,,,
16:03:18..264,5.26457682,0.014895,-0.00061636,0.00052387,0.00036707,-0.00018461,0.00075187,-0.00003567,-0.00011196,-0.00007571,16:03:18..283,,,,
16:03:18..338,5.37317811,0.014948,-0.00061602,0.00052496,0.00036759,-0.00018474,0.00075143,-0.00003553,-0.00011174,-0.00007578,16:03:18..331,,,,
16:03:18..389,5.15080404,0.014948,-0.00061598,0.00052452,0.00036694,-0.00018506,0.00075205,-0.00003595,-0.00011196,-0.00007562,16:03:18..383,,,,
16:03:18..424,5.44557897,0.01492,-0.00060396,0.00054183,0.00036683,-0.0001862,0.00075129,-0.00003687,-0.00011214,-0.00007345,16:03:18..428,,,,
16:03:18..464,5.17149,0.01494,-0.00060423,0.00054126,0.0003665,-0.00018683,0.000752,-0.0000371,-0.00011218,-0.00007374,16:03:18..473,,,,
16:03:18..543,5.22837639,0.01494,-0.00060443,0.00054198,0.00036732,-0.00018676,0.00075112,-0.00003731,-0.00011238,-0.00007384,16:03:18..537,,,,
16:03:18..577,5.16114702,0.014984,-0.00060823,0.00053122,0.00036679,-0.00018624,0.00075006,-0.00003695,-0.00011197,-0.00007259,16:03:18..582,,,,
16:03:18..737,5.12494659,0.014984,-0.00060855,0.00053033,0.0003667,-0.00018643,0.00075083,-0.00003662,-0.00011221,-0.00007242,16:03:18..728,,,,
16:03:18..771,5.38352109,0.01516,-0.00060338,0.00052984,0.00036704,-0.00018773,0.00074888,-0.00003681,-0.0001118,-0.00007082,16:03:18..773,,,,
16:03:18..821,5.24906235,0.015325,-0.00060317,0.00053048,0.00036731,-0.00018715,0.0007483,-0.00003666,-0.00011203,-0.00007049,16:03:18..883,,,,
16:03:18..945,5.2232049,0.015325,-0.00060299,0.00052989,0.0003672,-0.00018725,0.00074904,-0.00003695,-0.00011133,-0.00007107,16:03:18..939,,,,
16:03:18..979,5.18183298,0.015392,-0.0006095,0.00053107,0.00036655,-0.00018536,0.00075236,-0.00003811,-0.00011324,-0.00007536,16:03:18..983,,,,
16:03:19..108,5.44557897,0.015392,-0.00060921,0.00053119,0.00036667,-0.00018578,0.00075263,-0.00003789,-0.00011357,-0.00007489,16:03:19..102,,,,
16:03:19..144,5.34214917,0.015377,-0.00061531,0.00056041,0.00036696,-0.00018331,0.00075807,-0.000038,-0.00011418,-0.00008049,16:03:19..146,,,,
16:03:19..190,5.24389086,0.015377,-0.00061547,0.00056048,0.00036717,-0.00018291,0.00075701,-0.00003852,-0.00011439,-0.00008109,16:03:19..190,,,,
16:03:19..226,5.50763685,0.015383,-0.00060388,0.000557,0.0003672,-0.00018592,0.0007548,-0.00003949,-0.00011481,-0.00007704,16:03:19..233,,,,
16:03:19..354,5.17149,0.015383,-0.00060381,0.00055617,0.00036711,-0.00018595,0.00075472,-0.00003986,-0.00011489,-0.00007684,16:03:19..348,,,,
16:03:19..388,5.40420705,0.015329,-0.00060959,0.00052184,0.00036567,-0.00018546,0.00075598,-0.00003754,-0.00011363,-0.00007406,16:03:19..391,,,,
16:03:19..423,5.3266347,0.015183,-0.00061293,0.00051302,0.00036553,-0.00018545,0.00075591,-0.0000356,-0.00011155,-0.00007017,16:03:19..433,,,,
16:03:19..499,5.16631851,0.015183,-0.00061293,0.00051355,0.00036534,-0.00018453,0.00075543,-0.00003571,-0.00011163,-0.00007062,16:03:19..562,,,,
16:03:19..575,5.28526278,0.015183,-0.0006134,0.00051242,0.00036526,-0.00018508,0.00075598,-0.00003529,-0.00011165,-0.00007062,16:03:19..562,,,,
16:03:19..609,5.30077725,0.015153,-0.00061319,0.00051709,0.00036545,-0.00018314,0.00075741,-0.0000383,-0.00011482,-0.00007365,16:03:19..737,,,,
16:03:19..817,5.49212238,0.015153,-0.00061275,0.00051762,0.0003658,-0.00018308,0.0007568,-0.00003793,-0.00011485,-0.0000744,16:03:19..810,,,,
16:03:19..848,5.4300645,0.014856,-0.00060562,0.00050935,0.00036472,-0.0001788,0.00076178,-0.00003244,-0.00011203,-0.00006932,16:03:19..853,,,,
16:03:20..009,5.55935175,0.014856,-0.00060549,0.0005103,0.00036547,-0.00017881,0.00076101,-0.00003306,-0.0001117,-0.00006915,16:03:20..002,,,,
16:03:20..041,5.36283513,0.014596,-0.00060369,0.00051128,0.0003651,-0.00017588,0.0007674,-0.00003403,-0.0001138,-0.00006804,16:03:20..047,,,,
16:03:20..136,5.4300645,0.014596,-0.00060388,0.00051101,0.00036462,-0.00017636,0.00076855,-0.00003441,-0.00011333,-0.00006815,16:03:20..131,,,,
16:03:20..171,5.26974831,0.014597,-0.00060429,0.0005095,0.00036526,-0.00017359,0.00077191,-0.00003304,-0.00011335,-0.00006616,16:03:20..174,,,,
16:03:20..281,5.26974831,0.014597,-0.0006041,0.00050996,0.00036483,-0.00017323,0.00077112,-0.00003332,-0.00011358,-0.00006662,16:03:20..338,,,,
16:03:20..356,4.87671507,0.014597,-0.00060433,0.00050921,0.00036446,-0.00017359,0.0007721,-0.00003306,-0.00011353,-0.00006676,16:03:20..338,,,,
16:03:20..390,5.79724029,0.01481,-0.00060484,0.00052015,0.00036513,-0.00017863,0.0007593,-0.00003561,-0.00011273,-0.00007083,16:03:20..425,,,,
16:03:20..562,5.02668828,0.01481,-0.00060494,0.00052098,0.00036618,-0.00017797,0.00075861,-0.00003561,-0.00011262,-0.00007126,16:03:20..556,,,,
16:03:20..595,4.71122739,0.015159,-0.00060983,0.00051007,0.00036403,-0.00018024,0.00075874,-0.00003592,-0.00011348,-0.00007115,16:03:20..556,,,,
16:03:20..681,5.3266347,0.015159,-0.00060984,0.00051022,0.00036407,-0.00017996,0.00075896,-0.00003574,-0.00011335,-0.00007099,16:03:20..750,,,,
16:03:20..773,5.30594874,0.015159,-0.00060967,0.00051019,0.0003642,-0.00017972,0.00075936,-0.0000362,-0.00011305,-0.00007131,16:03:20..750,,,,
16:03:20..807,5.31112023,0.015367,-0.0006047,0.00050909,0.000365,-0.00017258,0.00077508,-0.00003331,-0.00011376,-0.000063,16:03:20..837,,,,
16:03:20..974,5.24389086,0.015367,-0.00060467,0.00050981,0.00036507,-0.00017204,0.00077501,-0.00003299,-0.00011372,-0.00006334,16:03:20..971,,,,
16:03:21..007,5.42489301,0.015371,-0.00060252,0.00050355,0.00036579,-0.00016661,0.00078208,-0.0000311,-0.00011439,-0.0000581,16:03:21..013,,,,
16:03:21..172,5.36800662,0.015371,-0.00060199,0.00050411,0.00036576,-0.00016705,0.00078066,-0.00003124,-0.0001145,-0.00005861,16:03:21..169,,,,
16:03:21..205,5.3266347,0.015142,-0.00060572,0.00050808,0.00036365,-0.00017906,0.00076159,-0.00003614,-0.0001129,-0.00006995,16:03:21..212,,,,
16:03:21..348,5.38352109,0.015142,-0.00060585,0.00050832,0.00036376,-0.00017854,0.00076186,-0.00003589,-0.00011336,-0.00007018,16:03:21..343,,,,
16:03:21..382,5.09908914,0.015171,-0.00061001,0.00051096,0.00036396,-0.00018083,0.00075446,-0.00003734,-0.00011332,-0.00007541,16:03:21..385,,,,
16:03:21..460,5.30077725,0.015171,-0.00060978,0.00051089,0.00036385,-0.00018128,0.00075612,-0.00003697,-0.00011288,-0.00007513,16:03:21..521,,,,
16:03:21..535,5.34214917,0.015171,-0.00060947,0.00051152,0.00036396,-0.00018114,0.00075465,-0.00003726,-0.00011314,-0.0000754,16:03:21..521,,,,
16:03:21..569,5.18700447,0.015484,-0.00061199,0.00051114,0.00036427,-0.00018147,0.00075696,-0.00003665,-0.00011295,-0.0000755,16:03:21..627,,,,
16:03:21..648,5.24906235,0.015612,-0.00061197,0.00051082,0.00036394,-0.00018147,0.0007573,-0.00003656,-0.00011284,-0.0000755,16:03:21..671,,,,
16:03:21..713,5.3266347,0.015727,-0.00061256,0.00051118,0.00036429,-0.00018141,0.00075633,-0.00003664,-0.00011273,-0.00007534,16:03:21..770,,,,
16:03:21..794,5.25940533,0.015727,-0.00061221,0.00051055,0.00036427,-0.0001816,0.00075711,-0.00003706,-0.00011299,-0.00007493,16:03:21..770,,,,
16:03:21..827,5.31112023,0.016012,-0.0006044,0.00050621,0.00036349,-0.00018342,0.00075938,-0.00003627,-0.00011262,-0.00006841,16:03:21..854,,,,
16:03:22..014,5.25940533,0.016012,-0.00060408,0.00050578,0.00036352,-0.00018294,0.00075974,-0.00003616,-0.00011256,-0.00006833,16:03:22..005,,,,
16:03:22..045,5.04220275,0.015939,-0.00061558,0.00051207,0.00036396,-0.0001878,0.00074661,-0.00003881,-0.00011286,-0.00007784,16:03:22..050,,,,
16:03:22..078,5.16114702,0.015493,-0.00061543,0.00051311,0.00036471,-0.00018789,0.0007458,-0.0000389,-0.00011285,-0.00007785,16:03:22..147,,,,
16:03:22..230,5.29560576,0.015493,-0.00061562,0.00051255,0.0003643,-0.00018757,0.00074617,-0.00003869,-0.00011294,-0.0000774,16:03:22..225,,,,
16:03:22..264,5.2232049,0.015154,-0.00061323,0.00050944,0.0003633,-0.00018614,0.00075202,-0.00003772,-0.0001121,-0.00007348,16:03:22..268,,,,
16:03:22..429,5.36800662,0.015154,-0.00061285,0.00050922,0.00036391,-0.00018557,0.0007513,-0.00003709,-0.0001125,-0.00007329,16:03:22..423,,,,
16:03:22..461,5.28009129,0.014958,-0.00061229,0.00051094,0.00036347,-0.00018517,0.00075149,-0.00003752,-0.00011246,-0.00007571,16:03:22..469,,,,
16:03:22..611,5.32146321,0.014958,-0.00061226,0.00051086,0.00036362,-0.00018533,0.00075069,-0.00003853,-0.00011239,-0.00007511,16:03:22..605,,,,
16:03:22..644,5.38869258,0.015215,-0.00061407,0.00051119,0.00036366,-0.00018554,0.00074972,-0.00003855,-0.00011312,-0.00007618,16:03:22..648,,,,
16:03:22..746,5.28009129,0.015215,-0.000614,0.00051123,0.00036319,-0.00018633,0.00075067,-0.00003845,-0.0001128,-0.00007595,16:03:22..800,,,,
16:03:22..813,5.17149,0.015215,-0.00061389,0.00051178,0.00036339,-0.00018567,0.00075007,-0.00003869,-0.00011301,-0.0000762,16:03:22..800,,,,
16:03:22..846,5.34214917,0.015114,-0.0006155,0.0005117,0.00036366,-0.00018568,0.00075008,-0.00003852,-0.00011273,-0.00007559,16:03:22..889,,,,
16:03:23..008,5.26974831,0.015114,-0.00061563,0.00051139,0.00036354,-0.0001865,0.00075024,-0.00003919,-0.00011333,-0.0000761,16:03:23..003,,,,
16:03:23..042,5.23354788,0.015099,-0.00061094,0.00050762,0.00036382,-0.00018119,0.00075798,-0.00003589,-0.00011269,-0.00006922,16:03:23..123,,,,
16:03:23..219,5.19217596,0.015099,-0.00061088,0.00050702,0.00036305,-0.00018193,0.00075864,-0.00003643,-0.00011239,-0.00006854,16:03:23..214,,,,
16:03:23..251,5.2232049,0.015417,-0.00060937,0.00051846,0.00036336,-0.00018322,0.00075246,-0.00003915,-0.00011376,-0.00007546,16:03:23..259,,,,
16:03:23..399,5.72483943,0.015417,-0.00060953,0.00051788,0.00036374,-0.00018325,0.00075337,-0.00003864,-0.00011344,-0.00007551,16:03:23..396,,,,
16:03:23..435,5.05254573,0.015786,-0.00061105,0.0005068,0.00036255,-0.00018089,0.00075517,-0.00003845,-0.0001134,-0.00007122,16:03:23..442,,,,
16:03:23..485,5.17666149,0.015842,-0.00061114,0.00050669,0.00036232,-0.00018092,0.00075475,-0.00003855,-0.00011296,-0.00007096,16:03:23..545,,,,
16:03:23..560,5.38352109,0.015842,-0.00061123,0.00050684,0.00036285,-0.00018103,0.00075509,-0.00003871,-0.0001135,-0.00007096,16:03:23..545,,,,
16:03:23..596,5.08357467,0.015936,-0.00060749,0.00050679,0.00036299,-0.00018048,0.00075969,-0.0000367,-0.00011332,-0.00007061,16:03:23..632,,,,
16:03:23..755,5.39386407,0.015936,-0.00060766,0.00050616,0.00036276,-0.00018105,0.00076062,-0.00003663,-0.00011312,-0.00007065,16:03:23..750,,,,
16:03:23..788,5.2749198,0.016002,-0.00061112,0.00050544,0.00036242,-0.00018238,0.00075556,-0.00003801,-0.00011351,-0.00007048,16:03:23..795,,,,
16:03:23..918,5.25423384,0.016002,-0.00061107,0.00050456,0.00036248,-0.00018271,0.00075632,-0.00003833,-0.0001131,-0.00007048,16:03:23..912,,,,
16:03:23..950,5.24389086,0.016066,-0.00060621,0.00050537,0.00036247,-0.00018256,0.00075551,-0.00003627,-0.00011151,-0.00006737,16:03:23..957,,,,
16:03:24..101,5.35766364,0.016066,-0.00060641,0.00050488,0.00036237,-0.00018363,0.00075582,-0.00003662,-0.00011184,-0.00006782,16:03:24..095,,,,
16:03:24..133,5.19217596,0.015872,-0.00061029,0.00050227,0.00036173,-0.00018203,0.00075643,-0.00003651,-0.00011233,-0.00006831,16:03:24..139,,,,
16:03:24..247,5.35766364,0.015872,-0.00061035,0.00050288,0.00036221,-0.00018191,0.00075549,-0.00003707,-0.00011236,-0.00006823,16:03:24..243,,,,
16:03:24..282,6.59882124,0.015633,-0.00061533,0.0004931,0.00036115,-0.00018421,0.00075495,-0.00003649,-0.00011122,-0.00006936,16:03:24..286,,,,
16:03:24..335,4.96980189,0.015404,-0.00061535,0.00049211,0.00036062,-0.00018443,0.00075572,-0.00003677,-0.00011152,-0.00006952,16:03:24..385,,,,
16:03:24..405,3.44421234,0.015404,-0.00061491,0.00049221,0.0003614,-0.00018409,0.00075512,-0.00003705,-0.00011164,-0.0000694,16:03:24..385,,,,
16:03:24..438,6.21095949,0.014692,-0.00060976,0.00050029,0.00036135,-0.00018033,0.00076065,-0.00004211,-0.00011822,-0.00007002,16:03:24..519,,,,
16:03:24..598,4.11650604,0.014692,-0.00060957,0.00050031,0.00036144,-0.00018013,0.00076032,-0.00004172,-0.00011781,-0.0000697,16:03:24..519,,,,
16:03:24..630,5.52832281,0.014241,-0.00060836,0.00050633,0.00036237,-0.00018169,0.00075989,-0.00003625,-0.00011273,-0.00006938,16:03:24..646,,,,
16:03:24..697,5.40420705,0.014241,-0.00060835,0.00050672,0.0003625,-0.00018155,0.00075878,-0.00003678,-0.0001126,-0.00006914,16:03:24..756,,,,
16:03:24..767,4.88705805,0.014241,-0.00060837,0.00050626,0.00036267,-0.00018169,0.00076021,-0.00003624,-0.00011277,-0.00006905,16:03:24..756,,,,
16:03:24..800,5.33697768,0.014214,-0.00061277,0.00050014,0.0003617,-0.00018024,0.00075864,-0.00003774,-0.00011269,-0.00006676,16:03:24..801,,,,
16:03:24..920,5.37317811,0.014214,-0.00061261,0.00050089,0.00036155,-0.00017998,0.00075926,-0.00003736,-0.00011289,-0.00006648,16:03:24..914,,,,
16:03:24..952,5.16631851,0.014426,-0.00061297,0.00050035,0.00036216,-0.00017984,0.00076426,-0.00003616,-0.00011255,-0.00006591,16:03:24..959,,,,
16:03:25..109,5.17149,0.014426,-0.00061276,0.00050108,0.00036238,-0.00017948,0.00076311,-0.00003642,-0.00011341,-0.00006579,16:03:25..103,,,,
16:03:25..144,5.31112023,0.014494,-0.0006135,0.0005008,0.00036212,-0.00018042,0.00075944,-0.00003808,-0.00011324,-0.0000686,16:03:25..146,,,,
16:03:25..242,5.34214917,0.014494,-0.0006132,0.00050041,0.00036177,-0.00018046,0.00076045,-0.00003742,-0.00011357,-0.00006839,16:03:25..236,,,,
16:03:25..275,5.26457682,0.01424,-0.00061385,0.00050181,0.00036243,-0.00018122,0.00075721,-0.00003818,-0.00011295,-0.00007076,16:03:25..279,,,,
16:03:25..386,5.3266347,0.01424,-0.00061423,0.000502,0.00036149,-0.0001822,0.00075737,-0.00003832,-0.00011341,-0.0000709,16:03:25..379,,,,
16:03:25..418,5.23871937,0.014211,-0.00061455,0.00050028,0.00036179,-0.00017907,0.00076377,-0.00003571,-0.00011292,-0.00006686,16:03:25..424,,,,
16:03:25..538,5.26457682,0.014211,-0.0006146,0.00050034,0.00036208,-0.00017928,0.00076318,-0.00003575,-0.00011298,-0.00006665,16:03:25..532,,,,
16:03:25..571,5.20251894,0.014159,-0.00060824,0.00050407,0.00036206,-0.000177,0.00076687,-0.00003752,-0.00011466,-0.00006975,16:03:25..576,,,,
16:03:25..624,5.18700447,0.014156,-0.00060836,0.00050391,0.00036208,-0.00017703,0.00076664,-0.00003768,-0.00011454,-0.0000701,16:03:25..677,,,,
16:03:25..697,5.30594874,0.014156,-0.00060876,0.00050445,0.00036199,-0.00017727,0.00076588,-0.00003749,-0.00011426,-0.00007089,16:03:25..677,,,,
16:03:25..729,5.2232049,0.013529,-0.00061642,0.00050873,0.00036249,-0.0001883,0.00074497,-0.00004099,-0.0001131,-0.00007695,16:03:25..773,,,,
16:03:25..857,5.23871937,0.013529,-0.00061692,0.00050734,0.00036228,-0.0001887,0.00074556,-0.00004159,-0.00011352,-0.00007671,16:03:25..851,,,,
16:03:25..889,5.39903556,0.013529,-0.00062145,0.00050235,0.00036215,-0.00017776,0.00076468,-0.00003592,-0.00011344,-0.00007007,16:03:25..851,,,,
16:03:25..923,5.16631851,0.013604,-0.00062101,0.00049956,0.00036149,-0.00017763,0.00076587,-0.00003013,-0.00011078,-0.0000678,16:03:25..978,,,,
16:03:26..048,5.25940533,0.013604,-0.00062103,0.00049913,0.00036197,-0.00017695,0.00076588,-0.0000302,-0.00011064,-0.00006806,16:03:26..042,,,,
16:03:26..080,5.29560576,0.013858,-0.00062932,0.00050356,0.0003621,-0.00018507,0.00074671,-0.00003072,-0.00011073,-0.00007266,16:03:26..042,,,,
16:03:26..162,5.34214917,0.013858,-0.00062922,0.00050361,0.00036222,-0.00018512,0.00074568,-0.00003073,-0.00011148,-0.00007267,16:03:26..215,,,,
16:03:26..229,5.24389086,0.013858,-0.00062914,0.00050286,0.00036216,-0.00018491,0.00074704,-0.00003051,-0.00011056,-0.0000725,16:03:26..215,,,,
16:03:26..262,5.17149,0.01424,-0.00062791,0.00049695,0.00036252,-0.00016943,0.00076762,-0.00002698,-0.00010893,-0.00007028,16:03:26..305,,,,
16:03:26..372,4.98014487,0.01424,-0.00062801,0.00049807,0.00036263,-0.00016884,0.00076609,-0.00002706,-0.00010891,-0.00007096,16:03:26..367,,,,
16:03:26..403,5.18700447,0.014461,-0.00062845,0.00050229,0.00036284,-0.00017291,0.00075928,-0.00003163,-0.00010964,-0.0000745,16:03:26..411,,,,
16:03:26..527,5.31112023,0.014461,-0.00062878,0.00050224,0.00036183,-0.00017304,0.00076032,-0.000032,-0.00010992,-0.0000745,16:03:26..520,,,,
16:03:26..560,5.30594874,0.014429,-0.00062513,0.00050688,0.00036354,-0.00016954,0.00076753,-0.00003192,-0.00011053,-0.00007698,16:03:26..563,,,,
16:03:26..692,5.31629172,0.014429,-0.00062526,0.00050733,0.00036303,-0.00016934,0.00076758,-0.0000316,-0.00011092,-0.00007657,16:03:26..685,,,,
16:03:26..725,5.29043427,0.01445,-0.00062929,0.00049992,0.00036188,-0.00017434,0.00076403,-0.00003339,-0.00011176,-0.00007605,16:03:26..730,,,,
16:03:26..914,5.09908914,0.01445,-0.00062927,0.00049999,0.00036206,-0.0001738,0.00076329,-0.00003341,-0.00011179,-0.00007631,16:03:26..907,,,,
16:03:26..945,5.32146321,0.014524,-0.00062566,0.00050045,0.00036259,-0.00016945,0.00077157,-0.00003018,-0.00011004,-0.00006835,16:03:26..952,,,,
16:03:27..045,5.25940533,0.014524,-0.00062539,0.00050053,0.00036282,-0.00017007,0.00077107,-0.00002988,-0.00011003,-0.00006819,16:03:27..039,,,,
16:03:27..078,5.47143642,0.014413,-0.000621,0.00050537,0.00036354,-0.00016913,0.00077705,-0.00003467,-0.00011522,-0.00007891,16:03:27..084,,,,
16:03:27..195,5.00083083,0.014413,-0.00062071,0.000506,0.00036406,-0.00016902,0.00077603,-0.00003521,-0.0001158,-0.0000788,16:03:27..188,,,,
16:03:27..227,5.31629172,0.014088,-0.00062765,0.00050655,0.0003627,-0.00016875,0.00076659,-0.00002738,-0.00011025,-0.00007387,16:03:27..230,,,,
16:03:27..341,5.3783496,0.014088,-0.00062772,0.00050722,0.00036253,-0.00016821,0.00076613,-0.00002826,-0.00011004,-0.00007432,16:03:27..334,,,,
16:03:27..373,5.26457682,0.013899,-0.00062933,0.00049699,0.00036244,-0.0001667,0.00077219,-0.00003,-0.00011027,-0.00007448,16:03:27..378,,,,
16:03:27..407,5.10426063,0.013658,-0.00062783,0.0004994,0.00036332,-0.00016851,0.00076901,-0.00003182,-0.00011191,-0.00007259,16:03:27..466,,,,
16:03:27..555,5.32146321,0.013658,-0.00062764,0.00049927,0.0003623,-0.00016911,0.00076938,-0.00003191,-0.0001117,-0.00007264,16:03:27..550,,,,
16:03:27..590,5.16114702,0.013651,-0.0006199,0.00049635,0.00036347,-0.00016731,0.00078049,-0.00003078,-0.00011277,-0.00005896,16:03:27..594,,,,
16:03:27..640,5.46109344,0.013638,-0.00062042,0.00049559,0.00036245,-0.00016769,0.00078097,-0.00003085,-0.00011255,-0.00005892,16:03:27..711,,,,
16:03:27..731,5.13528957,0.013638,-0.00062067,0.00049597,0.00036262,-0.00016736,0.00077965,-0.00003135,-0.00011323,-0.00005919,16:03:27..711,,,,
16:03:27..763,5.16114702,0.013478,-0.00062369,0.00049503,0.00036241,-0.00017349,0.00077039,-0.00003544,-0.00011235,-0.0000634,16:03:27..817,,,,
16:03:27..886,5.21286192,0.013478,-0.00062316,0.00049543,0.00036201,-0.00017317,0.00076977,-0.00003499,-0.00011243,-0.00006373,16:03:27..881,,,,
16:03:27..919,5.31112023,0.013231,-0.00062671,0.00049893,0.00036232,-0.00016925,0.00077215,-0.00003269,-0.00011173,-0.00006849,16:03:27..926,,,,
16:03:28..034,5.17149,0.013231,-0.00062653,0.00049921,0.00036237,-0.00016949,0.00077214,-0.00003255,-0.00011201,-0.00006781,16:03:28..027,,,,
16:03:28..066,5.36800662,0.013264,-0.00062545,0.00049116,0.00036245,-0.00016524,0.0007744,-0.00003122,-0.0001093,-0.00005852,16:03:28..071,,,,
16:03:28..205,5.13011808,0.013264,-0.00062545,0.00049156,0.00036253,-0.00016501,0.0007738,-0.00003177,-0.00011014,-0.00005895,16:03:28..198,,,,
16:03:28..238,5.24389086,0.013301,-0.00062717,0.00049615,0.00036221,-0.00017186,0.0007648,-0.00002874,-0.00010972,-0.00006198,16:03:28..243,,,,
16:03:28..372,5.24906235,0.013301,-0.00062662,0.00049554,0.00036138,-0.00017199,0.00076598,-0.00002848,-0.00010959,-0.00006227,16:03:28..365,,,,
16:03:28..404,5.23871937,0.013419,-0.00062232,0.00049841,0.00036375,-0.00016004,0.00078344,-0.00003296,-0.00011308,-0.00006217,16:03:28..408,,,,
16:03:28..529,5.21803341,0.013419,-0.00062234,0.00049858,0.0003643,-0.00015959,0.00078425,-0.00003293,-0.00011282,-0.00006197,16:03:28..523,,,,
16:03:28..562,5.24389086,0.013521,-0.00062291,0.00050074,0.00036335,-0.00016317,0.00077424,-0.00002899,-0.00011096,-0.00005865,16:03:28..569,,,,
16:03:28..696,4.95945891,0.013521,-0.00062262,0.00050117,0.00036379,-0.00016369,0.00077324,-0.0000288,-0.00011133,-0.00005865,16:03:28..689,,,,
16:03:28..730,5.40420705,0.013987,-0.0006208,0.00049387,0.00036509,-0.00015565,0.00078982,-0.00002462,-0.00010984,-0.00004851,16:03:28..731,,,,
16:03:28..853,5.42489301,0.013987,-0.00062127,0.00049448,0.00036482,-0.00015635,0.00078838,-0.00002498,-0.00010984,-0.00004867,16:03:28..851,,,,
16:03:28..887,5.09908914,0.014224,-0.00061928,0.00049292,0.00036435,-0.00015552,0.00078814,-0.00001797,-0.00010757,-0.00003847,16:03:28..892,,,,
16:03:28..972,5.23354788,0.014232,-0.00061918,0.00049301,0.00036474,-0.00015518,0.00078892,-0.00001737,-0.000107,-0.00003821,16:03:29..024,,,,
16:03:29..075,5.21803341,0.014232,-0.00061893,0.00049355,0.00036456,-0.00015522,0.00078833,-0.00001716,-0.00010748,-0.00003816,16:03:29..070,,,,
16:03:29..108,5.10426063,0.014292,-0.0006239,0.00049664,0.00036642,-0.0001482,0.00078709,-0.00000954,-0.00010602,-0.00004647,16:03:29..113,,,,
16:03:29..229,5.01117381,0.014292,-0.00062395,0.00049538,0.00036639,-0.00014809,0.00078783,-0.00000917,-0.00010587,-0.00004636,16:03:29..224,,,,
16:03:29..263,5.40937854,0.014479,-0.00062591,0.0004967,0.00036878,-0.00013494,0.00079664,-0.00001488,-0.00010661,-0.00005144,16:03:29..267,,,,
16:03:29..297,5.31629172,0.014706,-0.00062551,0.00049683,0.00036839,-0.00013523,0.00079698,-0.00001667,-0.00010731,-0.00005132,16:03:29..347,,,,
16:03:29..396,4.99048785,0.014706,-0.00062557,0.00049686,0.00036879,-0.00013514,0.00079681,-0.00001644,-0.00010728,-0.000051,16:03:29..392,,,,
16:03:29..429,5.20251894,0.014885,-0.00063009,0.00049063,0.00037049,-0.00012605,0.00080093,0.00000383,-0.00010193,-0.00004895,16:03:29..436,,,,
16:03:29..611,5.05254573,0.014885,-0.00063039,0.00048991,0.00036997,-0.00012619,0.00080099,0.00000353,-0.00010176,-0.00004886,16:03:29..605,,,,
16:03:29..642,5.4300645,0.01512,-0.00063452,0.00049061,0.00038376,-0.00009101,0.00081935,0.00003059,-0.00010053,-0.00004421,16:03:29..650,,,,
16:03:29..817,5.20251894,0.01512,-0.00063455,0.00049016,0.00038349,-0.00009129,0.00081975,0.00003128,-0.00010008,-0.00004385,16:03:29..816,,,,
16:03:29..852,5.2749198,0.014844,-0.00063448,0.00049445,0.00037138,-0.00012083,0.00080195,0.00000209,-0.00010356,-0.00005303,16:03:29..860,,,,
16:03:29..921,5.0680602,0.014844,-0.0006344,0.00049603,0.00037147,-0.00012035,0.00080174,0.00000165,-0.0001044,-0.00005288,16:03:29..971,,,,
16:03:29..985,5.3783496,0.014844,-0.00063422,0.00049577,0.00037154,-0.00012049,0.00080261,0.00000162,-0.00010422,-0.00005333,16:03:29..971,,,,
16:03:30..019,5.17666149,0.014691,-0.00062675,0.00050167,0.00036607,-0.00015718,0.00079245,-0.00002188,-0.00010869,-0.00005856,16:03:30..080,,,,
16:03:30..136,5.33697768,0.014691,-0.00062687,0.00050115,0.00036571,-0.00015765,0.00079171,-0.00002136,-0.0001086,-0.00005852,16:03:30..080,,,,
16:03:30..167,5.34214917,0.014698,-0.00062854,0.00050293,0.00036166,-0.00017805,0.00077257,-0.00002984,-0.00010939,-0.00006668,16:03:30..186,,,,
16:03:30..223,5.42489301,0.014685,-0.00062864,0.00050275,0.00036132,-0.00017782,0.00077212,-0.00002992,-0.00010874,-0.00006611,16:03:30..290,,,,
16:03:30..314,5.29043427,0.014685,-0.00062851,0.00050258,0.00036211,-0.00017797,0.00077228,-0.00002977,-0.00010925,-0.00006598,16:03:30..290,,,,
16:03:30..348,5.26457682,0.014808,-0.00062637,0.00049258,0.00036026,-0.00018699,0.00075936,-0.00003761,-0.00011077,-0.00005997,16:03:30..377,,,,
16:03:30..501,5.18700447,0.014808,-0.0006267,0.00049326,0.0003606,-0.00018689,0.00075828,-0.0000377,-0.00011071,-0.00005978,16:03:30..495,,,,
16:03:30..533,5.32146321,0.014841,-0.00062845,0.00049561,0.00035958,-0.00019218,0.00075545,-0.00003155,-0.00010807,-0.00005805,16:03:30..537,,,,
16:03:30..715,5.26974831,0.014841,-0.00062847,0.00049555,0.0003599,-0.00019246,0.00075572,-0.00003165,-0.0001084,-0.00005924,16:03:30..708,,,,
16:03:30..748,5.36283513,0.014746,-0.00063179,0.00049846,0.00036003,-0.00019331,0.00074815,-0.00003947,-0.00011357,-0.00007084,16:03:30..750,,,,
16:03:30..890,5.26457682,0.014746,-0.00063145,0.00049936,0.00036082,-0.00019309,0.00074788,-0.00003978,-0.00011353,-0.00007142,16:03:30..884,,,,
16:03:30..924,5.31112023,0.014642,-0.00063205,0.00049857,0.00036079,-0.0001927,0.00074685,-0.00003852,-0.00011145,-0.00007443,16:03:30..929,,,,
16:03:30..963,5.24389086,0.014551,-0.00063228,0.00049797,0.00036034,-0.00019301,0.0007474,-0.00003859,-0.00011071,-0.00007458,16:03:31..012,,,,
16:03:31..032,5.15597553,0.014551,-0.00063196,0.00049841,0.00036041,-0.00019206,0.00074685,-0.00003849,-0.00011163,-0.00007494,16:03:31..012,,,,
16:03:31..066,5.17149,0.014248,-0.0006329,0.00049581,0.00035992,-0.00019227,0.00075235,-0.00004062,-0.00011224,-0.00007386,16:03:31..139,,,,
16:03:31..217,5.14563255,0.014248,-0.00063283,0.0004965,0.00036053,-0.00019143,0.00075138,-0.00004061,-0.0001129,-0.00007451,16:03:31..212,,,,
16:03:31..249,5.36800662,0.014273,-0.00063267,0.00049471,0.00035996,-0.00019253,0.00075328,-0.00003295,-0.00011015,-0.00006371,16:03:31..256,,,,
16:03:31..347,5.34214917,0.014273,-0.00063327,0.00049505,0.00035979,-0.00019272,0.00075269,-0.0000333,-0.00010999,-0.00006419,16:03:31..343,,,,
16:03:31..380,5.32146321,0.014268,-0.00063184,0.00049836,0.00036059,-0.00019322,0.00074862,-0.00003898,-0.00011292,-0.00007233,16:03:31..385,,,,
16:03:31..454,5.23354788,0.014268,-0.00063212,0.00049864,0.0003611,-0.00019295,0.00074828,-0.00003922,-0.00011275,-0.00007239,16:03:31..517,,,,
16:03:31..535,5.30077725,0.014268,-0.00063218,0.00049829,0.00036097,-0.00019339,0.00074883,-0.00003955,-0.00011274,-0.0000725,16:03:31..517,,,,
16:03:31..569,5.24906235,0.014063,-0.00063318,0.00049833,0.00036016,-0.00019191,0.00074708,-0.00003574,-0.00011115,-0.00007295,16:03:31..605,,,,
16:03:31..696,5.34732066,0.014063,-0.00063331,0.00049725,0.00035981,-0.00019219,0.00074795,-0.00003597,-0.00011107,-0.00007301,16:03:31..689,,,,
16:03:31..729,5.34214917,0.014194,-0.0006328,0.00049814,0.00036095,-0.0001911,0.00075192,-0.00003826,-0.00011257,-0.00007597,16:03:31..733,,,,
16:03:31..852,5.14563255,0.014194,-0.00063276,0.00049852,0.00036056,-0.00019156,0.00075053,-0.00003869,-0.00011275,-0.00007623,16:03:31..845,,,,
16:03:31..886,5.30077725,0.014399,-0.0006326,0.00049961,0.00036009,-0.00018701,0.00075867,-0.00003737,-0.00011292,-0.00007684,16:03:31..890,,,,
16:03:31..945,5.20769043,0.014508,-0.00063292,0.0004998,0.00035998,-0.00018701,0.00075825,-0.00003763,-0.00011279,-0.00007617,16:03:32..001,,,,
16:03:32..017,5.23871937,0.014511,-0.00063233,0.00049958,0.00036009,-0.00018704,0.0007586,-0.00003713,-0.0001122,-0.00007564,16:03:32..044,,,,
16:03:32..085,5.41972152,0.014511,-0.00063235,0.00050025,0.00036034,-0.00018685,0.00075864,-0.00003674,-0.00011263,-0.00007652,16:03:32..044,,,,
16:03:32..117,5.28526278,0.014511,-0.00063351,0.00049728,0.0003602,-0.00019051,0.00075196,-0.00003678,-0.00011243,-0.00007236,16:03:32..090,,,,
16:03:32..151,5.20251894,0.01456,-0.0006343,0.00049772,0.00035967,-0.00018864,0.00075298,-0.00003661,-0.00011171,-0.00007586,16:03:32..202,,,,
16:03:32..217,5.14046106,0.014612,-0.00063387,0.00049806,0.00035965,-0.00018916,0.00075314,-0.00003714,-0.00011153,-0.00007579,16:03:32..244,,,,
16:03:32..286,5.36283513,0.014612,-0.00063418,0.00049768,0.00036019,-0.00018903,0.00075356,-0.00003707,-0.00011178,-0.00007608,16:03:32..288,,,,
16:03:32..320,5.35766364,0.014612,-0.00063424,0.00049802,0.00035992,-0.00018843,0.00075291,-0.00003704,-0.00011202,-0.00007628,16:03:32..288,,,,
16:03:32..355,5.33180619,0.014647,-0.00063339,0.00049913,0.00036041,-0.0001885,0.00075283,-0.00003996,-0.00011258,-0.00008031,16:03:32..376,,,,
16:03:32..425,5.13011808,0.014729,-0.00063334,0.00049934,0.00036019,-0.00018858,0.00075114,-0.00004086,-0.00011353,-0.00008091,16:03:32..478,,,,
16:03:32..493,5.25940533,0.014729,-0.00063349,0.0004983,0.00036022,-0.00018887,0.00075276,-0.00004016,-0.00011362,-0.0000809,16:03:32..478,,,,
16:03:32..527,5.35766364,0.014828,-0.00063248,0.00050096,0.0003606,-0.00019067,0.00075165,-0.00004098,-0.00011325,-0.00008,16:03:32..564,,,,
16:03:32..632,5.34214917,0.014828,-0.00063247,0.00050068,0.00036013,-0.00019074,0.00075204,-0.00004073,-0.00011351,-0.00008,16:03:32..628,,,,
16:03:32..666,5.28526278,0.014724,-0.00063213,0.00049915,0.00036048,-0.00019141,0.00075042,-0.00004182,-0.00011423,-0.00008204,16:03:32..673,,,,
16:03:32..740,5.34214917,0.014724,-0.00063239,0.000499,0.00036054,-0.00019186,0.0007512,-0.00004201,-0.0001138,-0.00008187,16:03:32..828,,,,
16:03:32..844,5.25940533,0.014724,-0.00063228,0.00049951,0.00036079,-0.00019153,0.00075034,-0.00004154,-0.0001139,-0.00008138,16:03:32..828,,,,
16:03:32..878,5.23354788,0.014739,-0.00063425,0.00049334,0.00035736,-0.00018718,0.0007535,-0.00003184,-0.00011145,-0.00007245,16:03:32..915,,,,
16:03:33..010,5.21286192,0.014739,-0.00063473,0.00049318,0.00035756,-0.00018731,0.00075327,-0.00003252,-0.00011069,-0.00007249,16:03:33..007,,,,
16:03:33..046,5.33180619,0.014986,-0.00063482,0.00049622,0.00035943,-0.00018912,0.0007494,-0.0000375,-0.00011212,-0.00007758,16:03:33..051,,,,
16:03:33..187,5.3266347,0.014986,-0.00063488,0.00049579,0.00035917,-0.00018962,0.00074981,-0.00003776,-0.0001123,-0.00007752,16:03:33..181,,,,
16:03:33..221,5.07323169,0.015155,-0.00063215,0.00050153,0.00035988,-0.00018804,0.0007598,-0.00003727,-0.00011223,-0.00007661,16:03:33..225,,,,
16:03:33..337,5.35249215,0.015155,-0.0006319,0.00050174,0.00036019,-0.00018818,0.00075922,-0.00003726,-0.00011244,-0.00007594,16:03:33..331,,,,
16:03:33..368,5.3783496,0.015301,-0.00063298,0.00049891,0.00035932,-0.00019064,0.00075504,-0.00003792,-0.0001124,-0.00007517,16:03:33..373,,,,
16:03:33..504,5.39386407,0.015301,-0.0006326,0.00049894,0.00035934,-0.00019015,0.00075509,-0.00003781,-0.00011268,-0.00007555,16:03:33..497,,,,
16:03:33..537,5.19217596,0.015722,-0.00063376,0.00049844,0.00035866,-0.00018579,0.00075796,-0.00003564,-0.00011207,-0.00007626,16:03:33..540,,,,
16:03:33..589,5.23354788,0.016188,-0.00063376,0.00049811,0.00035846,-0.00018576,0.00075862,-0.00003564,-0.00011146,-0.00007656,16:03:33..656,,,,
16:03:33..712,5.26974831,0.016188,-0.00063323,0.00049891,0.00035913,-0.00018552,0.00075778,-0.00003584,-0.00011192,-0.0000761,16:03:33..709,,,,
16:03:33..747,5.15080404,0.016262,-0.00063485,0.0004956,0.00035908,-0.0001868,0.00075245,-0.00003692,-0.00011269,-0.00007815,16:03:33..752,,,,
16:03:33..867,5.16114702,0.016262,-0.00063567,0.00049496,0.00035861,-0.00018677,0.00075199,-0.00003683,-0.00011297,-0.00007866,16:03:33..862,,,,
16:03:33..900,5.24389086,0.016148,-0.00063428,0.00049596,0.00035709,-0.00018579,0.00075569,-0.0000348,-0.00011135,-0.00007623,16:03:33..907,,,,
16:03:34..019,5.19734745,0.016148,-0.00063441,0.00049526,0.00035695,-0.00018571,0.00075638,-0.00003391,-0.00011171,-0.00007561,16:03:34..012,,,,
16:03:34..052,5.37317811,0.015907,-0.00063442,0.00049378,0.00035692,-0.00018298,0.00075834,-0.00003324,-0.00011187,-0.00007527,16:03:34..056,,,,
16:03:34..193,5.23871937,0.015907,-0.00063488,0.00049292,0.00035571,-0.00018405,0.00075894,-0.00003298,-0.00011146,-0.00007511,16:03:34..189,,,,
16:03:34..226,5.36283513,0.015669,-0.00063419,0.00049613,0.00035791,-0.00018713,0.00075505,-0.00003741,-0.00011246,-0.00007673,16:03:34..232,,,,
16:03:34..315,5.20251894,0.015488,-0.00063437,0.00049657,0.00035832,-0.00018749,0.00075461,-0.00003718,-0.0001124,-0.00007646,16:03:34..351,,,,
16:03:34..432,5.31629172,0.015488,-0.00063448,0.00049615,0.00035821,-0.00018787,0.00075488,-0.00003699,-0.0001124,-0.00007622,16:03:34..426,,,,
16:03:34..468,5.29043427,0.015488,-0.00063391,0.00049643,0.00035826,-0.00018691,0.00075502,-0.00003673,-0.00011229,-0.00007593,16:03:34..426,,,,
16:03:34..501,5.33697768,0.015258,-0.0006333,0.00049849,0.00035867,-0.00018788,0.00075819,-0.00003779,-0.00011277,-0.00007557,16:03:34..514,,,,
16:03:34..589,5.28009129,0.015383,-0.00063273,0.00049942,0.00035914,-0.00018764,0.00075722,-0.00003823,-0.00011297,-0.00007539,16:03:34..643,,,,
16:03:34..658,5.18700447,0.015383,-0.00063267,0.00049858,0.0003587,-0.00018788,0.00075833,-0.000038,-0.00011323,-0.00007532,16:03:34..643,,,,
16:03:34..691,5.40937854,0.015469,-0.00063542,0.00049288,0.00035722,-0.00018579,0.00075515,-0.00003438,-0.00011092,-0.0000736,16:03:34..752,,,,
16:03:34..767,5.49729387,0.015439,-0.00063515,0.00049365,0.00035697,-0.0001858,0.00075453,-0.00003437,-0.00011166,-0.00007333,16:03:34..796,,,,
16:03:34..831,5.03185977,0.015439,-0.00063481,0.00049323,0.00035698,-0.000186,0.00075586,-0.00003427,-0.0001113,-0.00007345,16:03:34..796,,,,
16:03:34..863,5.30594874,0.015417,-0.00063421,0.00049563,0.00035807,-0.00018733,0.00075456,-0.0000359,-0.00011117,-0.00007455,16:03:34..840,,,,
16:03:34..897,5.46109344,0.015316,-0.00063367,0.0004951,0.00035771,-0.00018857,0.00075369,-0.00003589,-0.00011185,-0.0000725,16:03:34..884,,,,
16:03:34..961,5.35249215,0.015054,-0.00063382,0.00049545,0.00035774,-0.00018843,0.00075312,-0.00003604,-0.00011201,-0.00007238,16:03:34..997,,,,
16:03:35..057,5.15597553,0.015054,-0.00063416,0.00049466,0.00035817,-0.00018852,0.00075384,-0.00003602,-0.0001119,-0.00007242,16:03:35..054,,,,
16:03:35..091,5.18700447,0.015008,-0.00063196,0.00049787,0.00036082,-0.00019355,0.00074867,-0.00004431,-0.00011392,-0.00007505,16:03:35..097,,,,
16:03:35..175,5.16114702,0.014911,-0.000632,0.00049858,0.00036037,-0.00019366,0.00074827,-0.00004436,-0.0001143,-0.00007521,16:03:35..169,,,,
16:03:35..236,5.31112023,0.014911,-0.00063163,0.00049848,0.00036086,-0.00019342,0.00074928,-0.00004408,-0.00011395,-0.0000746,16:03:35..230,,,,
16:03:35..268,5.22837639,0.014835,-0.00063422,0.00049466,0.00035877,-0.00018679,0.00075286,-0.00003503,-0.00011201,-0.00007049,16:03:35..274,,,,
16:03:35..303,5.04737424,0.014609,-0.00063571,0.00049225,0.00035798,-0.00018638,0.00075002,-0.00003148,-0.00011042,-0.00007104,16:03:35..317,,,,
16:03:35..382,5.3783496,0.014609,-0.0006356,0.00049103,0.00035751,-0.00018658,0.00075086,-0.00003106,-0.00011013,-0.00007083,16:03:35..430,,,,
16:03:35..443,5.28009129,0.014609,-0.00063591,0.00049215,0.00035811,-0.00018627,0.00075016,-0.00003147,-0.00011031,-0.00007063,16:03:35..430,,,,
16:03:35..478,5.05254573,0.014371,-0.00063624,0.00049076,0.00035776,-0.00018502,0.00074661,-0.00002904,-0.00011041,-0.00006783,16:03:35..517,,,,
16:03:35..616,5.24389086,0.014371,-0.00063608,0.00049106,0.00035767,-0.00018588,0.000746,-0.00002889,-0.00011027,-0.00006789,16:03:35..611,,,,
16:03:35..651,5.25423384,0.014414,-0.00063602,0.00049204,0.00035732,-0.00018695,0.00074688,-0.00002945,-0.0001108,-0.00006911,16:03:35..656,,,,
16:03:35..686,5.16114702,0.014476,-0.00063563,0.00049207,0.00035703,-0.00018751,0.00074676,-0.00003011,-0.00011145,-0.00006928,16:03:35..699,,,,
16:03:35..744,5.2232049,0.014597,-0.00063554,0.00049252,0.00035774,-0.00018697,0.00074578,-0.00003029,-0.00011166,-0.00006975,16:03:35..756,,,,
16:03:35..776,5.20769043,0.014597,-0.00063584,0.0004918,0.00035766,-0.00018835,0.00074749,-0.00003267,-0.00011121,-0.00007171,16:03:35..756,,,,
16:03:35..810,5.28009129,0.014776,-0.00063393,0.00049422,0.00035769,-0.00019029,0.00075066,-0.00003852,-0.00011279,-0.00007494,16:03:35..800,,,,
16:03:35..855,5.31629172,0.014777,-0.0006343,0.00049509,0.00035761,-0.00019017,0.00074974,-0.00003819,-0.00011252,-0.00007492,16:03:35..848,,,,
16:03:35..930,5.3266347,0.014791,-0.0006342,0.00049402,0.00035712,-0.0001898,0.0007508,-0.0000385,-0.00011256,-0.00007482,16:03:35..935,,,,
16:03:35..962,5.19734745,0.014737,-0.0006348,0.00049531,0.00035784,-0.00018909,0.00075073,-0.00003785,-0.00011216,-0.00007652,16:03:35..980,,,,
16:03:36..034,5.19217596,0.014737,-0.00063488,0.0004964,0.00035859,-0.00018838,0.00075,-0.00003761,-0.00011236,-0.00007644,16:03:36..083,,,,
16:03:36..106,5.36800662,0.014737,-0.00063491,0.00049547,0.00035818,-0.00018865,0.00075075,-0.00003765,-0.00011224,-0.0000767,16:03:36..083,,,,
16:03:36..138,5.2232049,0.014616,-0.00063494,0.0004981,0.00035984,-0.00018806,0.00074839,-0.00003878,-0.00011268,-0.00008003,16:03:36..167,,,,
16:03:36..280,5.18183298,0.014616,-0.00063533,0.00049831,0.0003593,-0.00018855,0.00074949,-0.00003862,-0.00011321,-0.00008051,16:03:36..272,,,,
16:03:36..313,5.19734745,0.014617,-0.00063436,0.00050024,0.00035969,-0.00018985,0.00074876,-0.0000413,-0.00011363,-0.00008325,16:03:36..316,,,,
16:03:36..427,5.28009129,0.014617,-0.00063454,0.00049916,0.00035965,-0.00019013,0.00074979,-0.00004057,-0.00011347,-0.0000833,16:03:36..419,,,,
16:03:36..459,5.18700447,0.014578,-0.00063432,0.00049809,0.0003588,-0.00018867,0.0007521,-0.0000397,-0.00011325,-0.00008294,16:03:36..464,,,,
16:03:36..524,5.22837639,0.014643,-0.00063447,0.00049837,0.00035883,-0.0001887,0.00075096,-0.00003987,-0.00011345,-0.00008269,16:03:36..571,,,,
16:03:36..654,5.3266347,0.014643,-0.00063433,0.00049783,0.00035828,-0.00018921,0.00075139,-0.0000402,-0.00011311,-0.00008277,16:03:36..649,,,,
16:03:36..687,5.2232049,0.014744,-0.0006338,0.0004998,0.00036014,-0.00019002,0.00074954,-0.00004307,-0.00011398,-0.00008521,16:03:36..692,,,,
16:03:36..758,5.30077725,0.014744,-0.00063406,0.00049984,0.00036054,-0.00018975,0.000749,-0.00004357,-0.00011472,-0.00008594,16:03:36..819,,,,
16:03:36..831,5.28009129,0.014744,-0.00063399,0.0004997,0.00036005,-0.00019038,0.00074985,-0.00004328,-0.00011454,-0.00008563,16:03:36..819,,,,
16:03:36..864,5.26457682,0.014635,-0.00063264,0.00049929,0.00036038,-0.00019102,0.00074794,-0.00004249,-0.00011443,-0.00008183,16:03:36..865,,,,
16:03:36..993,5.24389086,0.014635,-0.00063234,0.00049898,0.00036038,-0.0001915,0.00074775,-0.00004299,-0.00011414,-0.0000821,16:03:36..988,,,,
16:03:37..029,5.17149,0.015103,-0.00063312,0.00049911,0.00036167,-0.00019365,0.00074735,-0.00004404,-0.00011509,-0.00008282,16:03:37..030,,,,
16:03:37..155,5.41455003,0.015103,-0.00063331,0.00049983,0.00036227,-0.00019263,0.00074622,-0.0000441,-0.00011511,-0.00008333,16:03:37..150,,,,
16:03:37..189,5.96272797,0.015137,-0.00063285,0.00049949,0.00036079,-0.00019255,0.00074796,-0.00004312,-0.00011405,-0.00008317,16:03:37..194,,,,
16:03:37..236,5.40937854,0.015065,-0.00063314,0.00049979,0.00036107,-0.00019237,0.0007469,-0.00004394,-0.00011483,-0.00008315,16:03:37..329,,,,
16:03:37..347,4.26130776,0.015065,-0.00063309,0.00049927,0.00036123,-0.00019259,0.00074776,-0.00004322,-0.00011416,-0.00008325,16:03:37..329,,,,
16:03:37..380,4.67502696,0.014742,-0.0006327,0.00049709,0.00035997,-0.00019249,0.00074972,-0.00004383,-0.00011437,-0.00008033,16:03:37..441,,,,
16:03:37..511,5.35249215,0.014742,-0.00063236,0.00049723,0.00036031,-0.00019237,0.00074898,-0.00004371,-0.0001142,-0.00008023,16:03:37..505,,,,
16:03:37..544,5.22837639,0.01452,-0.00063138,0.00050022,0.00036137,-0.00019243,0.00074816,-0.00004567,-0.0001157,-0.00008216,16:03:37..548,,,,
16:03:37..600,5.34214917,0.01452,-0.00063206,0.00049888,0.00036111,-0.00019297,0.00074891,-0.00004565,-0.00011633,-0.00008234,16:03:37..660,,,,
16:03:37..674,5.25423384,0.01452,-0.00063147,0.00049978,0.00036131,-0.00019265,0.00074796,-0.00004548,-0.00011654,-0.00008208,16:03:37..660,,,,
16:03:37..707,5.29560576,0.014047,-0.00063183,0.00049739,0.00036037,-0.00019315,0.00074904,-0.00004443,-0.00011511,-0.00007878,16:03:37..746,,,,
16:03:37..865,5.30594874,0.014047,-0.00063184,0.00049812,0.00036094,-0.0001929,0.00074863,-0.00004473,-0.00011515,-0.00007886,16:03:37..858,,,,
16:03:37..897,5.22837639,0.013849,-0.00063154,0.0004975,0.0003603,-0.00019361,0.00074784,-0.00004421,-0.0001154,-0.0000785,16:03:37..902,,,,
16:03:37..957,5.39386407,0.013843,-0.00063153,0.00049843,0.00036078,-0.00019359,0.00074684,-0.00004379,-0.00011522,-0.000078,16:03:37..999,,,,
16:03:38..011,5.2232049,0.013843,-0.00063137,0.00049749,0.00036014,-0.00019396,0.00074797,-0.00004367,-0.00011538,-0.00007925,16:03:37..999,,,,
16:03:38..045,5.21286192,0.013899,-0.0006325,0.00049895,0.00036165,-0.00019356,0.0007451,-0.00004464,-0.00011484,-0.00008105,16:03:38..087,,,,
16:03:38..147,5.04220275,0.013899,-0.00063212,0.0004984,0.00036107,-0.00019351,0.00074572,-0.00004415,-0.00011471,-0.00008002,16:03:38..140,,,,
16:03:38..178,5.05254573,0.013764,-0.00063193,0.0005004,0.00036189,-0.00019359,0.00074566,-0.00004492,-0.00011481,-0.00008032,16:03:38..183,,,,
16:03:38..345,5.70932496,0.013764,-0.00063112,0.00049962,0.00036216,-0.0001937,0.00074679,-0.00004443,-0.00011432,-0.00008046,16:03:38..338,,,,
16:03:38..376,5.11460361,0.013668,-0.00063314,0.00049838,0.00035979,-0.00019257,0.00075097,-0.00004145,-0.00011431,-0.00007645,16:03:38..383,,,,
16:03:38..428,5.30594874,0.013775,-0.00063266,0.00049801,0.00035975,-0.0001927,0.00075124,-0.00004133,-0.00011404,-0.00007621,16:03:38..480,,,,
16:03:38..495,5.23871937,0.013775,-0.00063311,0.00049828,0.00036029,-0.00019277,0.00075078,-0.00004157,-0.00011462,-0.00007649,16:03:38..480,,,,
16:03:38..527,5.19734745,0.014009,-0.00063325,0.00049659,0.00035935,-0.00019271,0.00075103,-0.0000408,-0.00011322,-0.00007517,16:03:38..621,,,,
16:03:38..709,5.34214917,0.014009,-0.00063308,0.00049728,0.00035999,-0.00019214,0.00075002,-0.00004121,-0.00011334,-0.00007513,16:03:38..621,,,,
16:03:38..741,5.29560576,0.014207,-0.00063,0.00049707,0.00036191,-0.00019372,0.00074452,-0.00004522,-0.00011458,-0.00007944,16:03:38..759,,,,
16:03:38..893,5.33180619,0.014207,-0.00063057,0.00049768,0.00036193,-0.00019328,0.00074433,-0.00004528,-0.0001152,-0.00007892,16:03:38..888,,,,
16:03:38..925,5.26974831,0.014238,-0.00063143,0.00049879,0.00036196,-0.00019414,0.00074539,-0.00004414,-0.0001149,-0.00007914,16:03:38..932,,,,
16:03:38..986,5.22837639,0.014238,-0.00063144,0.00049807,0.00036171,-0.0001943,0.00074572,-0.00004365,-0.00011462,-0.00007942,16:03:39..059,,,,
16:03:39..088,5.20769043,0.014238,-0.00063091,0.00049894,0.00036185,-0.00019387,0.00074466,-0.00004381,-0.00011418,-0.0000793,16:03:39..059,,,,
16:03:39..121,5.35249215,0.013939,-0.00062903,0.00049751,0.00036218,-0.00019362,0.00074564,-0.0000469,-0.00011471,-0.00007786,16:03:39..145,,,,
16:03:39..243,5.21286192,0.013939,-0.00062917,0.00049736,0.00036215,-0.00019406,0.00074527,-0.0000478,-0.00011507,-0.00007789,16:03:39..237,,,,
16:03:39..276,5.37317811,0.013791,-0.00063235,0.00049937,0.00036206,-0.00019329,0.00075072,-0.00004814,-0.00011582,-0.00007992,16:03:39..280,,,,
16:03:39..433,5.30077725,0.013791,-0.00063158,0.00050069,0.00036264,-0.00019266,0.0007503,-0.00004783,-0.00011552,-0.00007937,16:03:39..425,,,,
16:03:39..465,5.26457682,0.013612,-0.00062795,0.00049689,0.00036349,-0.00019109,0.00075683,-0.00005205,-0.00011523,-0.00007352,16:03:39..469,,,,
16:03:39..596,5.25940533,0.013612,-0.00062802,0.00049727,0.00036334,-0.00019098,0.00075701,-0.00005182,-0.00011471,-0.00007412,16:03:39..591,,,,
16:03:39..630,5.3783496,0.013503,-0.00063241,0.00049542,0.00036017,-0.00019133,0.00075642,-0.00003849,-0.00011363,-0.0000664,16:03:39..633,,,,
16:03:39..816,5.26974831,0.013503,-0.00063251,0.00049487,0.00035961,-0.00019161,0.00075674,-0.00003825,-0.0001134,-0.00006653,16:03:39..812,,,,
16:03:39..849,5.24389086,0.013574,-0.000633,0.00049456,0.00035956,-0.00019111,0.00075575,-0.00003838,-0.00011319,-0.00006675,16:03:39..857,,,,
16:03:39..927,5.29560576,0.013574,-0.00063319,0.00049438,0.00035922,-0.00019093,0.00075518,-0.00003811,-0.00011326,-0.00006669,16:03:39..977,,,,
16:03:39..989,5.29043427,0.013574,-0.00063312,0.00049464,0.00035945,-0.000191,0.00075522,-0.00003801,-0.0001131,-0.0000666,16:03:39..977,,,,
16:03:40..022,5.28526278,0.014129,-0.00063401,0.00049752,0.00035872,-0.00018748,0.00075915,-0.00003257,-0.00011228,-0.00006441,16:03:40..099,,,,
16:03:40..183,5.34214917,0.014129,-0.0006343,0.00049729,0.0003585,-0.00018791,0.00076061,-0.00003234,-0.00011206,-0.00006457,16:03:40..178,,,,
16:03:40..216,5.25423384,0.01478,-0.00063718,0.0004939,0.00035682,-0.00018415,0.00075515,-0.00002367,-0.00010829,-0.0000615,16:03:40..222,,,,
16:03:40..368,5.22837639,0.01478,-0.00063666,0.00049409,0.00035708,-0.00018458,0.00075513,-0.00002373,-0.00010811,-0.00006144,16:03:40..360,,,,
16:03:40..400,5.29560576,0.015072,-0.00063479,0.00049298,0.00035767,-0.00019181,0.00074482,-0.00003367,-0.00011034,-0.00006394,16:03:40..403,,,,
16:03:40..531,5.21286192,0.015072,-0.00063554,0.00049245,0.00035741,-0.00019237,0.00074523,-0.00003428,-0.00011002,-0.0000646,16:03:40..524,,,,
16:03:40..564,5.28526278,0.015213,-0.0006279,0.00049524,0.0003612,-0.0001945,0.00073775,-0.00004288,-0.00011418,-0.00006774,16:03:40..568,,,,
16:03:40..652,5.31629172,0.015213,-0.00062765,0.00049503,0.00036124,-0.00019464,0.00073713,-0.0000432,-0.00011411,-0.00006772,16:03:40..696,,,,
16:03:40..723,5.20251894,0.015213,-0.0006277,0.00049443,0.00036115,-0.00019466,0.00073752,-0.00004318,-0.00011393,-0.00006735,16:03:40..696,,,,
16:03:40..757,5.25423384,0.015049,-0.00062877,0.00049727,0.00036483,-0.00018833,0.00073688,-0.00005043,-0.00011523,-0.00007219,16:03:40..781,,,,
16:03:40..916,5.13011808,0.015049,-0.00062905,0.00049681,0.00036436,-0.00018861,0.00073769,-0.00005,-0.00011554,-0.00007213,16:03:40..908,,,,
16:03:40..949,5.2232049,0.014925,-0.00063188,0.00049598,0.00035979,-0.0001933,0.00074741,-0.00003967,-0.00011397,-0.00006996,16:03:40..951,,,,
16:03:41..076,5.25423384,0.014925,-0.00063211,0.00049659,0.00035982,-0.00019289,0.00074728,-0.00003931,-0.00011344,-0.00006977,16:03:41..070,,,,
16:03:41..111,5.19734745,0.01467,-0.00063603,0.00049373,0.00035772,-0.00019122,0.000752,-0.00003032,-0.00011054,-0.00006305,16:03:41..115,,,,
16:03:41..230,5.2232049,0.01467,-0.00063572,0.00049352,0.00035771,-0.0001916,0.0007529,-0.00003033,-0.0001104,-0.00006235,16:03:41..226,,,,
16:03:41..264,5.31112023,0.015001,-0.00063576,0.00049299,0.00035731,-0.00018796,0.00075798,-0.00002755,-0.00010875,-0.00006113,16:03:41..269,,,,
16:03:41..433,5.24389086,0.015001,-0.00063523,0.00049382,0.00035766,-0.00018745,0.00075661,-0.00002812,-0.00010921,-0.0000606,16:03:41..425,,,,
16:03:41..466,5.24906235,0.015496,-0.000635,0.0004981,0.00035856,-0.00018724,0.00075728,-0.00003573,-0.00011177,-0.00007173,16:03:41..470,,,,
16:03:41..619,5.33697768,0.015496,-0.00063501,0.00049874,0.00035912,-0.0001871,0.00075668,-0.00003535,-0.00011173,-0.00007206,16:03:41..611,,,,
16:03:41..651,5.24906235,0.015601,-0.00063482,0.00050026,0.00035915,-0.00018003,0.00076323,-0.0000331,-0.00011257,-0.00007466,16:03:41..654,,,,
16:03:41..832,5.20769043,0.015601,-0.0006347,0.00050117,0.00035981,-0.00017993,0.00076272,-0.00003294,-0.00011326,-0.00007468,16:03:41..825,,,,
16:03:41..866,5.22837639,0.015727,-0.00063543,0.00050192,0.00036014,-0.00018104,0.00075762,-0.00003718,-0.00011296,-0.00008248,16:03:41..869,,,,
16:03:42..009,5.31112023,0.015727,-0.00063499,0.00050176,0.0003599,-0.00018108,0.00075841,-0.00003659,-0.000113,-0.00008193,16:03:42..003,,,,
16:03:42..042,5.31629172,0.015474,-0.00063333,0.0005016,0.00036032,-0.00018649,0.00075298,-0.00004152,-0.00011542,-0.0000831,16:03:42..046,,,,
16:03:42..165,5.23871937,0.015474,-0.00063342,0.00050147,0.00036045,-0.00018699,0.00075368,-0.00004181,-0.0001155,-0.00008258,16:03:42..159,,,,
16:03:42..198,5.33180619,0.015167,-0.00063312,0.00050215,0.00035979,-0.00018248,0.00076058,-0.00003968,-0.00011512,-0.0000801,16:03:42..204,,,,
16:03:42..345,5.17149,0.015167,-0.00063347,0.00050243,0.00035997,-0.00018267,0.0007611,-0.00003985,-0.00011488,-0.0000798,16:03:42..337,,,,
16:03:42..378,5.26974831,0.01463,-0.00063373,0.00050126,0.00036004,-0.0001769,0.00077197,-0.00003366,-0.00011387,-0.00007099,16:03:42..381,,,,
16:03:42..506,5.24389086,0.01463,-0.00063426,0.00050155,0.00036057,-0.00017638,0.00077067,-0.00003345,-0.00011395,-0.00007095,16:03:42..501,,,,
16:03:42..541,5.20251894,0.014505,-0.00063443,0.00049981,0.00036008,-0.00018349,0.00076035,-0.00003653,-0.00011347,-0.00007277,16:03:42..544,,,,
16:03:42..657,5.26974831,0.014505,-0.00063441,0.00049845,0.00035962,-0.00018403,0.00076059,-0.0000368,-0.00011289,-0.00007264,16:03:42..650,,,,
16:03:42..689,5.21803341,0.014551,-0.00063318,0.00050039,0.00035978,-0.00018759,0.00075351,-0.00004009,-0.00011409,-0.00007801,16:03:42..693,,,,
16:03:42..828,5.26974831,0.014551,-0.00063353,0.00050118,0.00036003,-0.00018761,0.00075272,-0.00004044,-0.00011436,-0.00007852,16:03:42..820,,,,
16:03:42..860,5.26457682,0.014726,-0.00063378,0.0004992,0.0003602,-0.00019092,0.00074751,-0.00004277,-0.00011504,-0.00007739,16:03:42..863,,,,
16:03:42..919,5.21803341,0.014726,-0.00063382,0.00049889,0.00035959,-0.00019149,0.00074854,-0.00004335,-0.00011456,-0.00007702,16:03:42..962,,,,
16:03:42..973,5.35249215,0.014726,-0.00063372,0.00049922,0.00035999,-0.00019113,0.00074737,-0.00004276,-0.00011487,-0.00007741,16:03:42..962,,,,
16:03:43..007,5.20769043,0.015266,-0.00063451,0.0004994,0.00036032,-0.00019122,0.00074666,-0.00004113,-0.00011427,-0.00007762,16:03:43..085,,,,
16:03:43..158,5.23354788,0.015266,-0.00063446,0.00049832,0.00036013,-0.00019172,0.0007476,-0.00004105,-0.00011379,-0.00007794,16:03:43..153,,,,
16:03:43..190,5.24906235,0.015434,-0.0006336,0.00049862,0.00036021,-0.00019298,0.00074433,-0.00004397,-0.0001154,-0.00007798,16:03:43..195,,,,
16:03:43..348,5.21803341,0.015434,-0.00063378,0.00049844,0.00036005,-0.0001926,0.00074498,-0.00004366,-0.00011547,-0.00007776,16:03:43..341,,,,
16:03:43..382,5.30077725,0.01566,-0.00063365,0.000498,0.00036104,-0.00019338,0.00074278,-0.00004446,-0.00011501,-0.00008158,16:03:43..383,,,,
16:03:43..462,5.25423384,0.01566,-0.00063395,0.00049866,0.0003615,-0.00019337,0.00074216,-0.00004506,-0.00011488,-0.00008167,16:03:43..504,,,,
16:03:43..518,5.30077725,0.01566,-0.00063367,0.00049817,0.00036123,-0.0001938,0.0007434,-0.00004417,-0.00011488,-0.0000817,16:03:43..504,,,,
16:03:43..550,5.25940533,0.015687,-0.00063343,0.0004977,0.00036161,-0.00019335,0.00074235,-0.0000412,-0.00011429,-0.00007744,16:03:43..593,,,,
16:03:43..706,5.29043427,0.015687,-0.00063336,0.00049829,0.00036177,-0.00019323,0.00074173,-0.00004094,-0.00011514,-0.00007759,16:03:43..699,,,,
16:03:43..737,5.23354788,0.015304,-0.00063379,0.00049815,0.00036178,-0.00019312,0.00074373,-0.00004114,-0.00011434,-0.0000791,16:03:43..744,,,,
16:03:43..902,5.23871937,0.015304,-0.00063391,0.00049734,0.00036154,-0.00019339,0.00074422,-0.00004164,-0.00011442,-0.00007841,16:03:43..895,,,,
16:03:43..933,5.35249215,0.015011,-0.00063344,0.00049745,0.00036157,-0.00019368,0.00074242,-0.00004279,-0.0001145,-0.00007889,16:03:43..938,,,,
16:03:44..068,5.21803341,0.015011,-0.00063345,0.0004972,0.00036173,-0.00019327,0.00074285,-0.00004306,-0.00011433,-0.00007912,16:03:44..062,,,,
16:03:44..102,5.20769043,0.015025,-0.00063244,0.00049725,0.00036099,-0.0001929,0.00074516,-0.00004341,-0.00011552,-0.0000785,16:03:44..108,,,,
16:03:44..238,5.25423384,0.015025,-0.00063203,0.00049665,0.00036053,-0.00019336,0.00074584,-0.00004307,-0.00011544,-0.00007817,16:03:44..231,,,,
16:03:44..270,5.32146321,0.015066,-0.00063367,0.00049743,0.00036149,-0.00019312,0.00074759,-0.00004185,-0.00011423,-0.0000786,16:03:44..274,,,,
16:03:44..419,5.34214917,0.015066,-0.00063347,0.00049799,0.00036169,-0.00019264,0.00074685,-0.00004133,-0.00011437,-0.00007809,16:03:44..411,,,,
16:03:44..451,5.16114702,0.015096,-0.00063274,0.00049587,0.00036081,-0.000193,0.00074536,-0.00004246,-0.00011474,-0.00007888,16:03:44..456,,,,
16:03:44..590,5.2749198,0.015096,-0.00063277,0.00049593,0.00036054,-0.00019308,0.00074602,-0.00004246,-0.00011479,-0.00007963,16:03:44..627,,,,
16:03:44..667,5.21803341,0.015096,-0.00063233,0.00049636,0.00036102,-0.00019304,0.00074558,-0.000042,-0.00011498,-0.00007941,16:03:44..627,,,,
16:03:44..699,5.28009129,0.01466,-0.00063332,0.00049772,0.0003606,-0.00019306,0.00074613,-0.00004381,-0.00011557,-0.00008175,16:03:44..715,,,,
16:03:44..884,5.36283513,0.01466,-0.00063301,0.00049739,0.00036105,-0.00019327,0.00074676,-0.00004356,-0.00011525,-0.00008199,16:03:44..878,,,,
16:03:44..917,5.24906235,0.014649,-0.00063405,0.00049816,0.00036083,-0.00019222,0.00074705,-0.00004302,-0.00011523,-0.0000822,16:03:44..922,,,,
16:03:45..075,5.31112023,0.014649,-0.00063393,0.00049738,0.00036097,-0.00019248,0.00074752,-0.00004301,-0.00011498,-0.00008213,16:03:45..070,,,,
16:03:45..108,5.18700447,0.014877,-0.0006334,0.00049745,0.00036106,-0.00019288,0.00074575,-0.00004242,-0.00011505,-0.00007909,16:03:45..114,,,,
16:03:45..241,5.28526278,0.014877,-0.00063321,0.00049684,0.00036057,-0.00019313,0.00074657,-0.00004236,-0.00011464,-0.00007949,16:03:45..238,,,,
16:03:45..275,5.35249215,0.01482,-0.00063331,0.00049675,0.0003608,-0.000193,0.00074902,-0.00004385,-0.0001158,-0.00008102,16:03:45..238,,,,
16:03:45..364,5.19734745,0.01482,-0.00063364,0.00049643,0.00036166,-0.00019261,0.000748,-0.00004445,-0.00011583,-0.00008127,16:03:45..411,,,,
16:03:45..434,5.26974831,0.01482,-0.00063341,0.00049634,0.00036099,-0.00019314,0.00074881,-0.00004437,-0.0001157,-0.00008162,16:03:45..411,,,,
16:03:45..467,5.34214917,0.015081,-0.00063255,0.00049575,0.00036164,-0.00019314,0.00074697,-0.00004385,-0.00011505,-0.00007992,16:03:45..497,,,,
16:03:45..614,5.26974831,0.015081,-0.00063219,0.00049616,0.00036152,-0.00019309,0.00074604,-0.00004392,-0.00011542,-0.00008024,16:03:45..608,,,,
16:03:45..648,5.22837639,0.015359,-0.00063145,0.00049524,0.00036035,-0.00019129,0.00074869,-0.00004558,-0.00011609,-0.00008286,16:03:45..652,,,,
16:03:45..769,5.29043427,0.015359,-0.00063172,0.0004956,0.00036052,-0.00019149,0.00074906,-0.00004504,-0.00011642,-0.00008294,16:03:45..762,,,,
16:03:45..802,5.30077725,0.0152,-0.0006334,0.00049784,0.00036132,-0.00019313,0.00074842,-0.00004467,-0.00011591,-0.00008153,16:03:45..808,,,,
16:03:45..899,5.2749198,0.0152,-0.00063334,0.00049764,0.00036108,-0.00019285,0.00074817,-0.00004409,-0.00011565,-0.00008122,16:03:45..892,,,,
16:03:45..931,5.30594874,0.015212,-0.00063261,0.00049544,0.00036012,-0.00019199,0.00074674,-0.00004631,-0.00011614,-0.00008096,16:03:45..937,,,,
16:03:46..040,5.18700447,0.015212,-0.00063286,0.00049553,0.00036005,-0.00019202,0.00074688,-0.00004578,-0.00011618,-0.00008114,16:03:46..033,,,,
16:03:46..071,5.24906235,0.015256,-0.000632,0.00049476,0.00036,-0.00019034,0.00074877,-0.00004527,-0.00011677,-0.00008344,16:03:46..078,,,,
16:03:46..185,5.18700447,0.015256,-0.00063194,0.00049494,0.00036081,-0.00019042,0.0007486,-0.00004532,-0.00011665,-0.00008325,16:03:46..178,,,,
16:03:46..217,5.2749198,0.015077,-0.00063337,0.00050004,0.00036189,-0.00019267,0.00075071,-0.00004443,-0.00011653,-0.00008212,16:03:46..220,,,,
16:03:46..331,5.28526278,0.015077,-0.00063369,0.00049906,0.00036185,-0.00019252,0.00075177,-0.00004432,-0.00011654,-0.00008254,16:03:46..324,,,,
16:03:46..363,5.23354788,0.014633,-0.00063389,0.0004994,0.00036183,-0.00019216,0.00074879,-0.00004403,-0.00011571,-0.00008122,16:03:46..366,,,,
16:03:46..470,5.32146321,0.014633,-0.00063378,0.00049896,0.00036161,-0.00019294,0.00074993,-0.00004404,-0.00011499,-0.00008131,16:03:46..463,,,,
16:03:46..502,5.24906235,0.014368,-0.00063367,0.00049804,0.00036135,-0.00019313,0.00074786,-0.00004488,-0.0001164,-0.00008159,16:03:46..507,,,,
16:03:46..589,5.22837639,0.014368,-0.00063405,0.00049862,0.00036199,-0.00019278,0.00074699,-0.00004477,-0.00011641,-0.00008183,16:03:46..583,,,,
16:03:46..622,5.29043427,0.014484,-0.00063363,0.00049934,0.00036225,-0.00019272,0.00074878,-0.00004413,-0.0001153,-0.00008092,16:03:46..627,,,,
16:03:46..740,5.26457682,0.014484,-0.00063407,0.00049826,0.00036221,-0.00019339,0.00074955,-0.0000446,-0.00011559,-0.00008081,16:03:46..732,,,,
16:03:46..772,5.24906235,0.014943,-0.00063475,0.00049841,0.00036249,-0.00019298,0.00075245,-0.00004331,-0.00011561,-0.00008067,16:03:46..777,,,,
16:03:46..888,5.24906235,0.014943,-0.00063375,0.00049855,0.00036226,-0.00019321,0.00075169,-0.00004363,-0.00011653,-0.00008071,16:03:46..881,,,,
16:03:46..920,5.17149,0.015242,-0.00063379,0.00049804,0.00036212,-0.00019334,0.00074554,-0.00004297,-0.00011545,-0.00007953,16:03:46..923,,,,
16:03:47..038,5.25940533,0.015242,-0.00063432,0.00049744,0.00036241,-0.00019342,0.00074559,-0.00004262,-0.00011521,-0.00007923,16:03:47..031,,,,
16:03:47..071,5.30594874,0.015697,-0.00063396,0.00049747,0.00036122,-0.00019249,0.00074585,-0.00004505,-0.00011584,-0.00008126,16:03:47..075,,,,
16:03:47..208,5.20769043,0.015697,-0.00063359,0.00049828,0.0003614,-0.00019236,0.00074536,-0.00004488,-0.00011607,-0.00008181,16:03:47..200,,,,
16:03:47..241,5.44557897,0.016146,-0.00063202,0.00049893,0.00036087,-0.00019265,0.00074544,-0.00004558,-0.00011616,-0.00008209,16:03:47..244,,,,
16:03:47..373,5.36800662,0.016146,-0.0006323,0.00049809,0.00036094,-0.00019285,0.00074612,-0.00004539,-0.00011566,-0.00008202,16:03:47..365,,,,
16:03:47..407,5.46626493,0.016134,-0.00063387,0.00049874,0.00036181,-0.00019327,0.00074346,-0.00004409,-0.00011579,-0.00008067,16:03:47..410,,,,
16:03:47..516,5.28526278,0.016134,-0.00063437,0.0004981,0.0003616,-0.0001934,0.00074397,-0.00004376,-0.00011531,-0.00008088,16:03:47..510,,,,
16:03:47..551,5.26974831,0.016081,-0.0006338,0.00049829,0.00036182,-0.00019338,0.00074449,-0.00004454,-0.00011464,-0.00008229,16:03:47..554,,,,
16:03:47..626,5.13528957,0.016081,-0.00063395,0.00049821,0.00036167,-0.00019343,0.00074394,-0.0000447,-0.00011562,-0.00008179,16:03:47..619,,,,
16:03:47..658,5.25940533,0.016047,-0.00063298,0.00049905,0.0003632,-0.00019302,0.0007522,-0.00004606,-0.00011673,-0.00007993,16:03:47..660,,,,
16:03:47..766,5.39903556,0.016047,-0.00063325,0.00049946,0.00036292,-0.00019266,0.00075216,-0.00004596,-0.00011723,-0.00008031,16:03:47..759,,,,
16:03:47..798,5.39903556,0.015879,-0.00062913,0.00049926,0.0003624,-0.0001932,0.00075613,-0.00004001,-0.00011618,-0.00007287,16:03:47..804,,,,
16:03:47..906,5.34732066,0.015879,-0.00062916,0.00049844,0.0003629,-0.00019307,0.00075596,-0.00004065,-0.00011668,-0.00007278,16:03:47..898,,,,
16:03:47..937,5.30594874,0.015377,-0.00063406,0.00049632,0.00036243,-0.00019372,0.00074496,-0.00004375,-0.00011547,-0.00007857,16:03:47..943,,,,
16:03:48..070,5.16114702,0.015377,-0.00063414,0.00049641,0.00036226,-0.00019404,0.0007456,-0.00004408,-0.00011554,-0.00007856,16:03:48..063,,,,
16:03:48..102,5.26974831,0.014992,-0.00063205,0.00049678,0.0003616,-0.0001936,0.00074481,-0.0000444,-0.00011488,-0.00007638,16:03:48..107,,,,
16:03:48..249,5.26974831,0.014992,-0.00063208,0.00049748,0.00036176,-0.00019327,0.00074386,-0.00004455,-0.00011542,-0.00007646,16:03:48..242,,,,
16:03:48..282,5.24389086,0.014807,-0.00063403,0.00049504,0.0003607,-0.00019287,0.00074324,-0.00004537,-0.0001154,-0.00007888,16:03:48..287,,,,
16:03:48..418,5.13528957,0.014807,-0.00063397,0.00049499,0.0003606,-0.00019318,0.00074371,-0.00004588,-0.00011572,-0.00007963,16:03:48..410,,,,
16:03:48..449,5.12494659,0.014964,-0.00063274,0.0004977,0.0003607,-0.0001935,0.00074633,-0.00004376,-0.00011572,-0.00007846,16:03:48..453,,,,
16:03:48..598,5.24389086,0.014964,-0.00063231,0.00049867,0.0003616,-0.00019304,0.00074552,-0.00004374,-0.00011532,-0.0000787,16:03:48..590,,,,
16:03:48..630,5.34214917,0.014964,-0.00063467,0.0004947,0.00036107,-0.00019399,0.00074418,-0.0000439,-0.00011563,-0.00007907,16:03:48..590,,,,
16:03:48..664,5.15597553,0.014714,-0.00063509,0.00049627,0.00036052,-0.00019274,0.00074543,-0.00004362,-0.00011523,-0.00008146,16:03:48..681,,,,
16:03:48..710,5.09908914,0.014524,-0.00063487,0.00049692,0.00036085,-0.00019319,0.00074522,-0.00004359,-0.0001154,-0.00008114,16:03:48..775,,,,
16:03:48..836,5.26974831,0.014524,-0.00063513,0.00049651,0.00036064,-0.0001931,0.00074497,-0.00004409,-0.00011594,-0.00008181,16:03:48..831,,,,
16:03:48..868,5.33697768,0.014321,-0.00063467,0.00049567,0.00036128,-0.00019413,0.00074373,-0.00004446,-0.00011545,-0.00008011,16:03:48..874,,,,
16:03:48..940,5.24389086,0.014321,-0.00063417,0.00049669,0.00036191,-0.00019409,0.00074247,-0.00004417,-0.00011516,-0.00007963,16:03:48..937,,,,
16:03:48..974,5.25940533,0.014312,-0.00063459,0.00049686,0.00036121,-0.00019344,0.00074326,-0.00004078,-0.00011527,-0.00007946,16:03:48..979,,,,
16:03:49..094,5.18700447,0.014312,-0.00063454,0.00049596,0.00036126,-0.0001938,0.00074381,-0.00004132,-0.00011514,-0.00007893,16:03:49..089,,,,
16:03:49..127,5.24389086,0.014342,-0.00063542,0.00049675,0.00036165,-0.00019327,0.00074475,-0.00004232,-0.00011438,-0.00008283,16:03:49..133,,,,
16:03:49..235,5.3266347,0.014342,-0.00063528,0.00049761,0.00036168,-0.00019264,0.00074386,-0.00004315,-0.00011468,-0.00008291,16:03:49..231,,,,
16:03:49..270,5.33180619,0.014294,-0.00063343,0.00049772,0.00036254,-0.00019385,0.00074489,-0.00004524,-0.00011655,-0.00008001,16:03:49..273,,,,
16:03:49..389,5.2232049,0.014294,-0.00063319,0.00049843,0.00036273,-0.00019407,0.00074463,-0.00004529,-0.00011684,-0.00008018,16:03:49..383,,,,
16:03:49..421,5.33697768,0.014145,-0.00063404,0.0004984,0.00036194,-0.00019331,0.00074392,-0.00004188,-0.00011526,-0.00007847,16:03:49..425,,,,
16:03:49..551,5.24906235,0.014145,-0.00063454,0.00049743,0.00036126,-0.00019353,0.00074381,-0.00004196,-0.00011558,-0.00007827,16:03:49..543,,,,
16:03:49..582,5.20251894,0.014528,-0.00063472,0.00049571,0.0003608,-0.00019379,0.0007434,-0.00004012,-0.00011428,-0.00007586,16:03:49..587,,,,
16:03:49..714,5.20769043,0.014528,-0.00063432,0.00049596,0.00036098,-0.00019354,0.0007425,-0.0000409,-0.00011479,-0.00007588,16:03:49..711,,,,
16:03:49..749,5.23871937,0.014566,-0.00063467,0.00049629,0.00036102,-0.00019326,0.00074294,-0.00003916,-0.00011483,-0.00007451,16:03:49..753,,,,
16:03:49..847,5.30077725,0.014566,-0.0006353,0.00049548,0.00036044,-0.00019326,0.00074347,-0.00003906,-0.00011448,-0.0000744,16:03:49..890,,,,
16:03:49..904,5.24906235,0.014566,-0.00063446,0.0004964,0.00036116,-0.00019282,0.00074279,-0.0000394,-0.00011411,-0.00007446,16:03:49..890,,,,
16:03:49..938,5.23871937,0.014531,-0.00063455,0.00049609,0.00036175,-0.00019313,0.00074662,-0.00003895,-0.00011611,-0.00007644,16:03:49..999,,,,
16:03:50..092,5.21803341,0.014531,-0.00063483,0.00049653,0.00036184,-0.0001928,0.00074566,-0.00003908,-0.00011588,-0.00007689,16:03:50..109,,,,
16:03:50..131,5.30594874,0.014531,-0.00063526,0.00049577,0.00036122,-0.00019339,0.00074642,-0.00003862,-0.00011575,-0.00007659,16:03:50..109,,,,
16:03:50..165,5.31629172,0.014913,-0.00063292,0.00049793,0.00036204,-0.00019392,0.0007417,-0.00004141,-0.00011506,-0.0000752,16:03:50..210,,,,
16:03:50..315,5.26457682,0.014913,-0.00063333,0.00049782,0.00036173,-0.0001935,0.00074215,-0.00004139,-0.00011513,-0.00007587,16:03:50..310,,,,
16:03:50..347,5.25940533,0.015343,-0.00063141,0.00049673,0.00036166,-0.00019426,0.00074543,-0.00004452,-0.00011603,-0.00007765,16:03:50..355,,,,
16:03:50..502,5.26974831,0.015343,-0.00063137,0.00049737,0.00036201,-0.00019389,0.00074458,-0.00004444,-0.00011648,-0.00007694,16:03:50..495,,,,
16:03:50..536,5.26457682,0.015641,-0.00062818,0.00049834,0.00036252,-0.00019345,0.0007455,-0.0000437,-0.00011582,-0.0000769,16:03:50..538,,,,
16:03:50..654,5.28526278,0.015641,-0.00062786,0.00049804,0.00036252,-0.00019371,0.00074572,-0.00004365,-0.00011582,-0.00007721,16:03:50..651,,,,
16:03:50..685,5.31112023,0.015535,-0.00062673,0.00049962,0.0003625,-0.00019337,0.00075137,-0.00004535,-0.00011672,-0.00007779,16:03:50..651,,,,
16:03:50..784,5.25940533,0.015535,-0.00062627,0.00050037,0.00036299,-0.0001932,0.00075112,-0.00004489,-0.00011634,-0.00007795,16:03:50..842,,,,
16:03:50..857,5.3266347,0.015535,-0.00062618,0.00049997,0.00036281,-0.0001934,0.0007514,-0.00004476,-0.0001166,-0.00007808,16:03:50..842,,,,
16:03:50..890,5.23871937,0.015656,-0.0006256,0.00049602,0.00036087,-0.00019336,0.00074728,-0.00003947,-0.00011529,-0.0000723,16:03:50..949,,,,
16:03:51..020,5.33180619,0.015656,-0.00062521,0.00049621,0.00036088,-0.00019365,0.00074766,-0.00003909,-0.00011489,-0.00007228,16:03:51..014,,,,
16:03:51..052,5.2749198,0.015631,-0.00062244,0.00049568,0.00036099,-0.00019424,0.00074398,-0.00004247,-0.00011554,-0.00007535,16:03:51..057,,,,
16:03:51..229,5.21803341,0.015631,-0.00062244,0.00049578,0.00036072,-0.00019413,0.00074463,-0.00004244,-0.00011538,-0.00007537,16:03:51..221,,,,
16:03:51..261,5.18700447,0.015429,-0.00062413,0.00050701,0.0003606,-0.00019325,0.00074207,-0.00004713,-0.00011638,-0.00006633,16:03:51..265,,,,
16:03:51..385,5.29043427,0.015429,-0.00062377,0.00050694,0.00036096,-0.0001931,0.00074224,-0.00004694,-0.00011631,-0.00006591,16:03:51..379,,,,
16:03:51..419,5.30077725,0.015429,-0.00063055,0.00050052,0.00036239,-0.00019393,0.00074398,-0.00004237,-0.00011585,-0.00006396,16:03:51..379,,,,
16:03:51..452,5.28009129,0.014891,-0.00063158,0.00050122,0.00036237,-0.00019303,0.00074511,-0.00004324,-0.00011572,-0.00006885,16:03:51..466,,,,
16:03:51..519,5.2232049,0.014891,-0.0006313,0.00050062,0.00036231,-0.00019342,0.00074627,-0.00004274,-0.00011593,-0.00006899,16:03:51..579,,,,
16:03:51..625,5.34214917,0.015215,-0.00063161,0.0005011,0.00036236,-0.00019323,0.00074506,-0.00004322,-0.00011629,-0.00006963,16:03:51..622,,,,
16:03:51..658,5.21803341,0.015368,-0.00063282,0.00049728,0.00036111,-0.00019398,0.00074331,-0.00004192,-0.00011593,-0.00007233,16:03:51..622,,,,
16:03:51..761,5.25940533,0.015368,-0.00063307,0.00049743,0.00036097,-0.0001937,0.00074305,-0.00004213,-0.00011642,-0.00007328,16:03:51..824,,,,
16:03:51..837,5.17149,0.015368,-0.00063271,0.00049749,0.00036123,-0.00019347,0.00074427,-0.00004173,-0.00011626,-0.00007297,16:03:51..824,,,,
16:03:51..871,5.35249215,0.015699,-0.00063233,0.00049848,0.00036007,-0.00019409,0.00074373,-0.00004077,-0.00011506,-0.00007498,16:03:51..947,,,,
16:03:52..033,5.19217596,0.015905,-0.00063242,0.00049784,0.00035913,-0.00019363,0.00074408,-0.00004086,-0.00011497,-0.00007475,16:03:52..049,,,,
16:03:52..117,5.22837639,0.015815,-0.00063216,0.00049845,0.00035949,-0.00019383,0.00074352,-0.00004105,-0.0001148,-0.00007498,16:03:52..122,,,,
16:03:52..218,5.25940533,0.015815,-0.00063247,0.00049815,0.00035952,-0.00019444,0.00074417,-0.00004091,-0.00011466,-0.00007474,16:03:52..235,,,,
16:03:52..254,5.33697768,0.015815,-0.00063225,0.00049898,0.00035951,-0.00019348,0.00074346,-0.00004103,-0.00011514,-0.00007443,16:03:52..235,,,,
16:03:52..287,5.34214917,0.015738,-0.00063267,0.00049912,0.00035918,-0.00019354,0.00074645,-0.00004097,-0.00011492,-0.00007617,16:03:52..322,,,,
16:03:52..458,5.23871937,0.015738,-0.00063271,0.0004998,0.00035898,-0.00019309,0.00074609,-0.00004108,-0.000115,-0.00007664,16:03:52..451,,,,
16:03:52..492,5.29043427,0.01556,-0.00063353,0.00049699,0.00035888,-0.00019232,0.00074787,-0.00004064,-0.00011515,-0.00007839,16:03:52..494,,,,
16:03:52..594,5.30077725,0.01556,-0.00063389,0.00049778,0.00035884,-0.00019208,0.000747,-0.0000411,-0.00011564,-0.00007857,16:03:52..590,,,,
16:03:52..626,5.22837639,0.0156,-0.0006338,0.00049763,0.00035926,-0.00019177,0.00074844,-0.00004276,-0.00011586,-0.00008231,16:03:52..632,,,,
16:03:52..784,5.25423384,0.0156,-0.00063419,0.00049806,0.00035942,-0.00019179,0.00074744,-0.0000429,-0.00011645,-0.00008198,16:03:52..778,,,,
16:03:52..816,5.14046106,0.0156,-0.00063522,0.00049689,0.00036155,-0.00018939,0.00074713,-0.00004121,-0.00011574,-0.00008154,16:03:52..778,,,,
16:03:52..850,5.24906235,0.015499,-0.00063515,0.00049665,0.00035998,-0.00018984,0.00074612,-0.00004146,-0.00011536,-0.00008187,16:03:52..949,,,,
16:03:53..030,5.31629172,0.015499,-0.00063527,0.0004964,0.00035985,-0.00019024,0.00074759,-0.00004116,-0.0001154,-0.00008169,16:03:53..022,,,,
16:03:53..063,5.16114702,0.015846,-0.0006353,0.00049622,0.00035884,-0.00018994,0.0007467,-0.00004044,-0.00011497,-0.00008065,16:03:53..065,,,,
16:03:53..174,5.35249215,0.015846,-0.00063501,0.00049537,0.00035766,-0.00019059,0.00074736,-0.00004039,-0.00011486,-0.0000809,16:03:53..169,,,,
16:03:53..205,5.2749198,0.016031,-0.00063502,0.00049684,0.00035951,-0.00019135,0.00074725,-0.00004265,-0.00011633,-0.00008168,16:03:53..211,,,,
16:03:53..337,5.24389086,0.016031,-0.00063466,0.00049554,0.00035902,-0.00019161,0.00074797,-0.00004256,-0.00011631,-0.00008197,16:03:53..330,,,,
16:03:53..368,5.18183298,0.016243,-0.00063508,0.00049732,0.00036028,-0.00019096,0.00074692,-0.00004163,-0.00011579,-0.00008278,16:03:53..374,,,,
16:03:53..509,5.43523599,0.016243,-0.00063487,0.00049777,0.0003602,-0.0001907,0.00074651,-0.00004223,-0.00011563,-0.00008286,16:03:53..502,,,,
16:03:53..542,5.30594874,0.016519,-0.00063432,0.00049768,0.00035995,-0.00019105,0.00074745,-0.00004321,-0.00011671,-0.0000835,16:03:53..546,,,,
16:03:53..669,5.21803341,0.016519,-0.00063447,0.00049802,0.00036005,-0.00019132,0.00074644,-0.00004386,-0.00011699,-0.00008348,16:03:53..666,,,,
16:03:53..703,5.19734745,0.016555,-0.00063561,0.00049766,0.00036017,-0.00019044,0.00074786,-0.00004242,-0.00011616,-0.00008476,16:03:53..708,,,,
16:03:53..836,5.16631851,0.016555,-0.00063517,0.00049885,0.00036002,-0.00019026,0.00074723,-0.0000431,-0.00011624,-0.00008499,16:03:53..828,,,,
16:03:53..871,5.24906235,0.016109,-0.00063551,0.00049752,0.00035963,-0.00019135,0.00074719,-0.00004343,-0.00011633,-0.0000844,16:03:53..967,,,,
16:03:54..028,5.32146321,0.016109,-0.00063585,0.00049746,0.00035964,-0.00019116,0.00074757,-0.00004302,-0.00011614,-0.00008399,16:03:53..967,,,,
16:03:54..062,5.35249215,0.015889,-0.00063306,0.00050016,0.00036138,-0.00019155,0.000748,-0.00004599,-0.00011835,-0.00008343,16:03:54..028,,,,
16:03:54..148,5.26457682,0.015499,-0.00063298,0.00049916,0.00036054,-0.00019197,0.00074946,-0.00004585,-0.00011799,-0.00008358,16:03:54..246,,,,
16:03:54..330,5.24389086,0.015499,-0.00063307,0.00049987,0.00036073,-0.00019188,0.00074817,-0.00004589,-0.00011798,-0.00008343,16:03:54..246,,,,
16:03:54..364,4.90257252,0.015499,-0.00063256,0.00050036,0.00036006,-0.0001906,0.00075061,-0.00004712,-0.00011879,-0.00008537,16:03:54..331,,,,
16:03:54..398,5.44040748,0.015045,-0.00063336,0.00049813,0.00036055,-0.00019233,0.00074841,-0.00004529,-0.00011777,-0.00008382,16:03:54..450,,,,
16:03:54..557,5.36283513,0.015045,-0.00063283,0.00049819,0.00036105,-0.00019183,0.0007477,-0.00004477,-0.00011782,-0.00008345,16:03:54..553,,,,
16:03:54..590,5.14046106,0.015095,-0.00063388,0.00049941,0.00036145,-0.00019202,0.00074762,-0.00004586,-0.00011789,-0.00008352,16:03:54..596,,,,
16:03:54..688,5.20769043,0.015095,-0.00063325,0.00049878,0.00036095,-0.00019255,0.00074805,-0.00004626,-0.00011755,-0.00008303,16:03:54..768,,,,
16:03:54..797,5.18183298,0.015095,-0.0006336,0.00049953,0.00036129,-0.00019184,0.0007478,-0.00004625,-0.00011786,-0.00008261,16:03:54..768,,,,
16:03:54..829,5.30077725,0.015086,-0.00063337,0.00049883,0.00036074,-0.00019275,0.00074705,-0.00004516,-0.0001173,-0.00008309,16:03:54..856,,,,
16:03:55..002,5.22837639,0.015086,-0.00063279,0.00049804,0.00036053,-0.00019271,0.00074792,-0.00004503,-0.00011715,-0.00008256,16:03:54..996,,,,
16:03:55..033,5.34732066,0.015008,-0.00063469,0.00049754,0.00036039,-0.00019294,0.00074687,-0.00004505,-0.00011718,-0.0000825,16:03:55..042,,,,
16:03:55..168,5.29043427,0.015008,-0.00063448,0.00049793,0.00036085,-0.0001926,0.00074647,-0.00004519,-0.000117,-0.00008249,16:03:55..230,,,,
16:03:55..280,5.23871937,0.014574,-0.00063421,0.00049762,0.00036044,-0.00019277,0.00074702,-0.00004508,-0.00011713,-0.0000826,16:03:55..276,,,,
16:03:55..314,5.37317811,0.014423,-0.00063343,0.0004962,0.0003594,-0.00019264,0.00074717,-0.00004366,-0.00011709,-0.00008113,16:03:55..320,,,,
16:03:55..373,5.24906235,0.014423,-0.00063363,0.00049676,0.00035928,-0.00019271,0.00074597,-0.00004407,-0.00011727,-0.00008128,16:03:55..439,,,,
16:03:55..451,5.23354788,0.014423,-0.00063373,0.00049611,0.00035946,-0.00019257,0.00074651,-0.00004386,-0.00011705,-0.0000813,16:03:55..439,,,,
16:03:55..485,5.26974831,0.014248,-0.00063254,0.00049674,0.00036044,-0.00019245,0.00074628,-0.00004546,-0.00011699,-0.00008148,16:03:55..547,,,,
16:03:55..611,5.23871937,0.014248,-0.00063324,0.00049723,0.00036044,-0.00019259,0.00074607,-0.00004541,-0.0001169,-0.00008156,16:03:55..606,,,,
16:03:55..642,5.31112023,0.014235,-0.00063313,0.00049563,0.00035973,-0.00019319,0.00074669,-0.00004528,-0.00011733,-0.00008082,16:03:55..650,,,,
16:03:55..776,5.26457682,0.014235,-0.00063298,0.00049636,0.00036002,-0.00019306,0.00074578,-0.00004418,-0.00011763,-0.00008115,16:03:55..768,,,,
16:03:55..808,5.24906235,0.014384,-0.0006303,0.00049895,0.00036079,-0.00019254,0.00074689,-0.00004942,-0.00011753,-0.00007845,16:03:55..811,,,,
16:03:55..943,5.24389086,0.014384,-0.0006299,0.00050021,0.00036071,-0.00019196,0.00074618,-0.00004974,-0.00011769,-0.0000787,16:03:55..935,,,,
16:03:55..976,5.23354788,0.014321,-0.00062687,0.00049908,0.00035952,-0.00019207,0.00074774,-0.00004797,-0.00011789,-0.00007527,16:03:55..979,,,,
16:03:56..015,5.33697768,0.014308,-0.00062633,0.00050005,0.0003603,-0.00019174,0.00074752,-0.00004771,-0.00011786,-0.00007546,16:03:56..060,,,,
16:03:56..080,5.21286192,0.014308,-0.00062663,0.00049959,0.00036007,-0.00019182,0.00074801,-0.00004725,-0.00011753,-0.00007528,16:03:56..060,,,,
16:03:56..112,5.21286192,0.014199,-0.00062616,0.00050618,0.00036086,-0.00019173,0.00074759,-0.00004885,-0.00011775,-0.00007644,16:03:56..178,,,,
16:03:56..252,5.26974831,0.014199,-0.00062629,0.0005057,0.00036079,-0.00019153,0.00074739,-0.00004915,-0.00011759,-0.0000763,16:03:56..252,,,,
16:03:56..284,5.35766364,0.014292,-0.00063299,0.00049951,0.00036179,-0.00019315,0.00074917,-0.0000459,-0.00011834,-0.00007886,16:03:56..295,,,,
16:03:56..474,5.16631851,0.014292,-0.00063301,0.00050003,0.00036252,-0.00019265,0.00074817,-0.00004583,-0.00011794,-0.00007871,16:03:56..466,,,,
16:03:56..506,5.33697768,0.014158,-0.00063294,0.00049595,0.00036068,-0.00019331,0.00074469,-0.00004335,-0.00011676,-0.00007971,16:03:56..509,,,,
16:03:56..667,5.20251894,0.014158,-0.00063359,0.00049542,0.00036005,-0.00019324,0.0007448,-0.00004335,-0.00011674,-0.00007961,16:03:56..662,,,,
16:03:56..703,5.32146321,0.014004,-0.00063248,0.00049552,0.00035882,-0.00019484,0.00074425,-0.00004239,-0.00011614,-0.00007682,16:03:56..704,,,,
16:03:56..857,5.29560576,0.014004,-0.00063146,0.00049526,0.00035866,-0.00019423,0.00074533,-0.00004252,-0.00011599,-0.00007668,16:03:56..853,,,,
16:03:56..891,5.30594874,0.013666,-0.00062949,0.00050056,0.00036113,-0.00019367,0.00074409,-0.0000474,-0.00011686,-0.00007497,16:03:56..897,,,,
16:03:57..040,5.21803341,0.013666,-0.00062949,0.00050121,0.00036153,-0.00019341,0.00074359,-0.00004761,-0.00011743,-0.000075,16:03:57..032,,,,
16:03:57..075,5.20769043,0.013801,-0.00062744,0.00049719,0.00036003,-0.00019548,0.00074077,-0.00004253,-0.00011606,-0.00007041,16:03:57..077,,,,
16:03:57..189,5.31112023,0.013801,-0.00062711,0.00049695,0.0003599,-0.00019507,0.00074136,-0.00004255,-0.00011585,-0.00007043,16:03:57..183,,,,
16:03:57..222,5.28009129,0.014095,-0.00062986,0.00049757,0.00036105,-0.00019415,0.00074277,-0.0000447,-0.00011702,-0.00007446,16:03:57..228,,,,
16:03:57..366,5.17149,0.014095,-0.00063013,0.00049769,0.00036098,-0.00019419,0.00074217,-0.00004487,-0.00011735,-0.00007471,16:03:57..358,,,,
16:03:57..398,5.36283513,0.014751,-0.00063402,0.00049656,0.00036108,-0.00019336,0.00074338,-0.00004033,-0.00011607,-0.00007004,16:03:57..402,,,,
16:03:57..483,5.23871937,0.014751,-0.0006343,0.00049698,0.00036122,-0.0001936,0.00074298,-0.00003974,-0.0001163,-0.00007028,16:03:57..528,,,,
16:03:57..570,5.25423384,0.015187,-0.00063419,0.00049657,0.00036126,-0.00019336,0.00074358,-0.00003983,-0.00011626,-0.00007048,16:03:57..528,,,,
16:03:57..602,5.21803341,0.015187,-0.00063349,0.00049618,0.00035998,-0.00019376,0.00074188,-0.00004026,-0.00011599,-0.00007044,16:03:57..570,,,,
16:03:57..636,5.30077725,0.015434,-0.00063393,0.00049719,0.00036179,-0.00019268,0.00074164,-0.00004041,-0.00011597,-0.00007017,16:03:57..703,,,,
16:03:57..779,5.2749198,0.015454,-0.00063396,0.0004966,0.00036121,-0.00019308,0.00074235,-0.00004077,-0.0001167,-0.00007021,16:03:57..814,,,,
16:03:57..886,5.2749198,0.015454,-0.00063427,0.00049727,0.00036138,-0.00019285,0.00074209,-0.00004056,-0.00011614,-0.00007016,16:03:57..882,,,,
16:03:57..919,5.31112023,0.015376,-0.00063243,0.00049857,0.00036247,-0.00019313,0.00074448,-0.00004487,-0.0001169,-0.00006807,16:03:57..928,,,,
16:03:58..073,5.2749198,0.015376,-0.00063264,0.00049808,0.00036174,-0.0001934,0.00074439,-0.00004552,-0.00011641,-0.00006763,16:03:58..068,,,,
16:03:58..110,5.29560576,0.01513,-0.00063521,0.00049551,0.00036087,-0.0001929,0.00074258,-0.00004059,-0.00011586,-0.00007098,16:03:58..111,,,,
16:03:58..284,5.29043427,0.01513,-0.00063503,0.00049566,0.00036114,-0.00019292,0.00074283,-0.00004021,-0.00011539,-0.00007104,16:03:58..278,,,,
16:03:58..318,5.29560576,0.014747,-0.0006349,0.00049561,0.00036101,-0.00019269,0.00074579,-0.00003932,-0.00011616,-0.00007093,16:03:58..321,,,,
16:03:58..466,5.23354788,0.014747,-0.00063488,0.0004967,0.00036129,-0.00019203,0.00074445,-0.0000399,-0.00011654,-0.00007103,16:03:58..460,,,,
16:03:58..499,5.25423384,0.014031,-0.00063617,0.00049458,0.00035914,-0.00019127,0.00074578,-0.00004023,-0.00011599,-0.00007646,16:03:58..503,,,,
16:03:58..630,5.24906235,0.014031,-0.00063625,0.0004947,0.0003597,-0.00019109,0.0007456,-0.00004022,-0.00011556,-0.0000767,16:03:58..624,,,,
16:03:58..663,5.26974831,0.014041,-0.00063541,0.0004949,0.00035982,-0.00019215,0.00074589,-0.00004176,-0.00011596,-0.00007771,16:03:58..624,,,,
16:03:58..736,5.25423384,0.014041,-0.00063591,0.0004954,0.00035991,-0.00019193,0.00074481,-0.00004195,-0.00011617,-0.00007786,16:03:58..733,,,,
16:03:58..769,5.29043427,0.014125,-0.00063539,0.00049632,0.00036235,-0.00019274,0.00074663,-0.0000448,-0.00011658,-0.00007748,16:03:58..777,,,,
16:03:58..801,5.18700447,0.014159,-0.00063497,0.00049705,0.00036257,-0.00019323,0.0007461,-0.00004523,-0.00011712,-0.00007727,16:03:58..869,,,,
16:03:58..914,5.20769043,0.014265,-0.00063474,0.00049652,0.00036148,-0.0001932,0.00074654,-0.00004455,-0.00011706,-0.00007731,16:03:58..911,,,,
16:03:58..947,5.22837639,0.014265,-0.00063458,0.00049711,0.00036163,-0.00019338,0.00074421,-0.00004329,-0.00011589,-0.00007519,16:03:58..911,,,,
16:03:58..981,5.23354788,0.014146,-0.00063428,0.00049823,0.00036231,-0.00019265,0.00075018,-0.0000457,-0.00011739,-0.00007716,16:03:59..060,,,,
16:03:59..155,5.31112023,0.014146,-0.00063416,0.00049829,0.00036235,-0.00019265,0.00075075,-0.00004511,-0.00011666,-0.00007702,16:03:59..154,,,,
16:03:59..188,5.2232049,0.013884,-0.00063474,0.00049739,0.00036248,-0.00019348,0.00074708,-0.00003957,-0.00011724,-0.00006303,16:03:59..200,,,,
16:03:59..337,5.29560576,0.013884,-0.00063426,0.00049764,0.00036245,-0.00019333,0.00074664,-0.00003989,-0.00011734,-0.00006315,16:03:59..331,,,,
16:03:59..372,5.23871937,0.013912,-0.0006349,0.00049738,0.0003627,-0.00019277,0.00074661,-0.00004414,-0.00011736,-0.00007432,16:03:59..376,,,,
16:03:59..549,5.21286192,0.013912,-0.00063449,0.00049765,0.00036224,-0.00019311,0.00074754,-0.00004398,-0.00011699,-0.00007501,16:03:59..541,,,,
16:03:59..583,5.19734745,0.013853,-0.00063578,0.00049585,0.00036064,-0.00019099,0.00074624,-0.00004178,-0.00011629,-0.00007872,16:03:59..586,,,,
16:03:59..650,5.20251894,0.013853,-0.00063606,0.00049629,0.00036084,-0.00019167,0.00074617,-0.00004196,-0.00011616,-0.00007931,16:03:59..694,,,,
16:03:59..707,5.26457682,0.013853,-0.00063589,0.00049632,0.00036103,-0.00019113,0.00074653,-0.00004201,-0.00011602,-0.00007932,16:03:59..694,,,,
16:03:59..741,5.26457682,0.014447,-0.00063597,0.00049394,0.00035925,-0.00019339,0.00074431,-0.00004133,-0.00011569,-0.00007591,16:03:59..845,,,,
16:03:59..927,5.23871937,0.014447,-0.00063556,0.00049358,0.0003586,-0.00019313,0.00074538,-0.00004111,-0.00011545,-0.0000757,16:03:59..946,,,,
16:03:59..963,5.26457682,0.014447,-0.00063552,0.00049359,0.00035901,-0.00019293,0.00074443,-0.00004139,-0.00011522,-0.00007601,16:03:59..946,,,,
16:03:59..997,5.25423384,0.01466,-0.00063435,0.00049634,0.00036088,-0.00019348,0.00074409,-0.00004372,-0.00011581,-0.00007798,16:04:00..034,,,,
16:04:00..177,5.24906235,0.01466,-0.00063431,0.00049696,0.00036123,-0.00019348,0.00074474,-0.0000431,-0.00011571,-0.00007781,16:04:00..171,,,,
16:04:00..212,5.30077725,0.014798,-0.00063544,0.00049645,0.0003612,-0.00019197,0.00074611,-0.00004335,-0.00011621,-0.00007934,16:04:00..214,,,,
16:04:00..330,5.23871937,0.014798,-0.00063556,0.00049637,0.00036148,-0.00019274,0.0007455,-0.00004343,-0.00011659,-0.00007924,16:04:00..322,,,,
16:04:00..362,5.21803341,0.015251,-0.00063489,0.00049636,0.00036058,-0.00019285,0.0007458,-0.00004381,-0.00011651,-0.00007942,16:04:00..366,,,,
16:04:00..525,5.23871937,0.015251,-0.00063465,0.00049614,0.00036063,-0.00019263,0.00074545,-0.00004341,-0.00011666,-0.00007904,16:04:00..517,,,,
16:04:00..558,5.17666149,0.015888,-0.00063563,0.00049671,0.00036069,-0.00019167,0.00074733,-0.00004347,-0.00011585,-0.00008125,16:04:00..561,,,,
16:04:00..711,5.23354788,0.015888,-0.00063608,0.00049742,0.00036075,-0.00019172,0.00074644,-0.00004375,-0.00011612,-0.00008198,16:04:00..703,,,,
16:04:00..743,5.2749198,0.015774,-0.00063493,0.00049655,0.00036078,-0.00019241,0.00074548,-0.00004451,-0.00011713,-0.00008041,16:04:00..750,,,,
16:04:00..781,5.20769043,0.01577,-0.00063519,0.00049604,0.00036059,-0.00019288,0.00074584,-0.00004414,-0.00011671,-0.00008003,16:04:00..830,,,,
16:04:00..853,5.16114702,0.01577,-0.00063533,0.00049608,0.00036127,-0.00019241,0.00074532,-0.00004413,-0.00011722,-0.00008012,16:04:00..830,,,,
16:04:00..887,5.3783496,0.015093,-0.0006352,0.00049627,0.00036114,-0.00019267,0.00074464,-0.00004432,-0.00011674,-0.00007944,16:04:00..966,,,,
16:04:01..066,5.29560576,0.015093,-0.00063521,0.00049589,0.00036085,-0.00019364,0.00074557,-0.00004387,-0.00011682,-0.00007956,16:04:01..061,,,,
16:04:01..098,5.21803341,0.014648,-0.00063459,0.00049847,0.00036146,-0.0001924,0.0007478,-0.00004529,-0.00011796,-0.00008283,16:04:01..103,,,,
16:04:01..245,5.32146321,0.014648,-0.00063472,0.00049827,0.00036115,-0.00019273,0.00074802,-0.00004575,-0.00011845,-0.000083,16:04:01..238,,,,
16:04:01..279,5.25423384,0.01459,-0.0006355,0.00049658,0.00036075,-0.00019276,0.00074731,-0.00004403,-0.00011697,-0.00008224,16:04:01..282,,,,
16:04:01..391,5.23354788,0.01459,-0.00063529,0.00049723,0.00036121,-0.00019253,0.00074673,-0.00004431,-0.00011751,-0.00008246,16:04:01..386,,,,
16:04:01..422,5.38869258,0.014372,-0.00063498,0.00049833,0.00036141,-0.00019211,0.00075003,-0.00004566,-0.00011805,-0.00008369,16:04:01..430,,,,
16:04:01..539,5.19734745,0.014372,-0.00063463,0.00049915,0.00036143,-0.00019252,0.00074897,-0.00004581,-0.00011818,-0.00008436,16:04:01..534,,,,
16:04:01..572,5.36800662,0.014314,-0.00063598,0.00049662,0.00036119,-0.00019332,0.00074715,-0.00004543,-0.00011757,-0.00008091,16:04:01..577,,,,
16:04:01..655,5.19734745,0.014314,-0.00063536,0.00049704,0.00036127,-0.00019328,0.00074706,-0.00004547,-0.000117,-0.00008099,16:04:01..650,,,,
16:04:01..687,5.31629172,0.013924,-0.00063522,0.00049768,0.000362,-0.00019295,0.00074755,-0.00004641,-0.00011791,-0.00008149,16:04:01..693,,,,
16:04:01..836,5.25940533,0.013924,-0.00063512,0.0004973,0.00036197,-0.0001927,0.0007481,-0.00004586,-0.00011788,-0.00008132,16:04:01..828,,,,
16:04:01..868,5.28526278,0.013565,-0.00063509,0.00049715,0.00036148,-0.00019357,0.00074662,-0.00004485,-0.00011692,-0.00008121,16:04:01..872,,,,
16:04:02..004,5.25940533,0.013565,-0.00063508,0.00049785,0.00036207,-0.00019319,0.00074614,-0.00004553,-0.00011742,-0.00008134,16:04:01..996,,,,
16:04:02..036,5.13011808,0.013223,-0.00063608,0.00049575,0.0003598,-0.00019197,0.00074585,-0.00004433,-0.00011698,-0.00008244,16:04:02..040,,,,
16:04:02..151,5.17666149,0.013223,-0.00063583,0.00049632,0.00035992,-0.0001916,0.00074566,-0.00004476,-0.00011705,-0.00008185,16:04:02..143,,,,
16:04:02..184,5.08874616,0.013358,-0.00063484,0.00049861,0.00036066,-0.00019164,0.00074704,-0.00004467,-0.00011766,-0.00008289,16:04:02..187,,,,
16:04:02..317,5.46626493,0.013358,-0.00063522,0.00049903,0.00036061,-0.00019162,0.00074625,-0.00004503,-0.00011806,-0.00008327,16:04:02..309,,,,
16:04:02..350,5.39903556,0.013374,-0.00063502,0.00049953,0.00036033,-0.00019068,0.00074891,-0.00004499,-0.00011919,-0.00008626,16:04:02..351,,,,
16:04:02..490,5.34732066,0.013374,-0.0006345,0.00049968,0.0003604,-0.00019028,0.00074832,-0.00004492,-0.00011892,-0.00008631,16:04:02..482,,,,
16:04:02..521,5.35249215,0.013351,-0.00063493,0.00049644,0.00036096,-0.00019209,0.00074539,-0.00004553,-0.00011799,-0.00008196,16:04:02..525,,,,
16:04:02..648,5.17149,0.013351,-0.00063485,0.00049617,0.00036021,-0.00019235,0.00074632,-0.00004529,-0.00011766,-0.00008151,16:04:02..640,,,,
16:04:02..682,5.10426063,0.013483,-0.00063451,0.00049555,0.00035929,-0.00019238,0.00074634,-0.00004331,-0.00011653,-0.00007849,16:04:02..684,,,,
16:04:02..838,5.31629172,0.013483,-0.00063435,0.0004953,0.00035942,-0.00019227,0.00074642,-0.00004324,-0.00011666,-0.00007816,16:04:02..834,,,,
16:04:02..872,5.45592195,0.013802,-0.00063278,0.00049617,0.00036081,-0.00019105,0.00074634,-0.00004827,-0.00011931,-0.00007636,16:04:02..878,,,,
16:04:03..031,5.19734745,0.013802,-0.00063247,0.00049531,0.00036022,-0.00019175,0.0007473,-0.00004773,-0.00011915,-0.00007675,16:04:03..023,,,,
16:04:03..063,5.26457682,0.013862,-0.00063452,0.00049767,0.00036016,-0.00019244,0.00074539,-0.00004615,-0.00011832,-0.00008279,16:04:03..068,,,,
16:04:03..232,5.36283513,0.013862,-0.00063474,0.00049762,0.00036075,-0.00019225,0.00074552,-0.00004626,-0.00011871,-0.00008287,16:04:03..225,,,,
16:04:03..264,5.26974831,0.014033,-0.00063455,0.00049807,0.00035992,-0.00019204,0.0007469,-0.00004587,-0.00011841,-0.00008323,16:04:03..268,,,,
16:04:03..367,5.22837639,0.014033,-0.000634,0.00049847,0.00036029,-0.00019172,0.0007456,-0.00004547,-0.0001183,-0.00008309,16:04:03..359,,,,
16:04:03..400,5.25940533,0.014288,-0.00063535,0.00049626,0.0003604,-0.00019302,0.00074188,-0.00004416,-0.00011673,-0.00008024,16:04:03..403,,,,
16:04:03..564,5.29043427,0.014288,-0.00063498,0.00049615,0.00036067,-0.00019362,0.00074245,-0.00004389,-0.00011654,-0.00007966,16:04:03..556,,,,
16:04:03..596,5.11460361,0.014335,-0.00063465,0.00049794,0.0003593,-0.00019236,0.00074789,-0.00004035,-0.00011845,-0.00007109,16:04:03..600,,,,
16:04:03..717,5.18700447,0.014335,-0.00063394,0.0004983,0.00035924,-0.00019246,0.00074703,-0.00004027,-0.00011882,-0.00007009,16:04:03..709,,,,
16:04:03..750,5.20251894,0.014315,-0.00062995,0.0004936,0.00036039,-0.00019397,0.00074797,-0.00004792,-0.00011881,-0.00007019,16:04:03..751,,,,
16:04:03..867,5.39903556,0.014315,-0.00063024,0.00049414,0.00036039,-0.00019351,0.00074667,-0.00004788,-0.00011906,-0.00007079,16:04:03..859,,,,
16:04:03..900,5.30594874,0.014383,-0.00062707,0.00049397,0.00035939,-0.00019613,0.0007451,-0.00004648,-0.00011655,-0.00006095,16:04:03..902,,,,
16:04:04..011,5.24906235,0.014383,-0.00062723,0.00049373,0.00035934,-0.00019639,0.00074718,-0.00004716,-0.00011591,-0.00006116,16:04:04..003,,,,
16:04:04..044,5.21803341,0.014339,-0.00063382,0.00049394,0.00035984,-0.00019317,0.00074441,-0.00004601,-0.00011606,-0.0000763,16:04:04..045,,,,
16:04:04..172,5.21803341,0.014339,-0.00063416,0.00049368,0.00035983,-0.00019348,0.00074514,-0.00004543,-0.00011615,-0.00007666,16:04:04..163,,,,
16:04:04..204,5.19217596,0.014236,-0.00063143,0.00049533,0.00035951,-0.0001944,0.00074695,-0.00004615,-0.00011849,-0.00007769,16:04:04..209,,,,
16:04:04..371,5.28526278,0.014236,-0.00063173,0.0004954,0.00035928,-0.00019425,0.00074689,-0.00004608,-0.00011849,-0.00007758,16:04:04..364,,,,
16:04:04..404,5.44040748,0.014632,-0.00062419,0.00048877,0.00035656,-0.00019942,0.00074567,-0.00004474,-0.00011714,-0.00006464,16:04:04..408,,,,
16:04:04..439,5.13011808,0.014677,-0.00062517,0.00048856,0.00035719,-0.00019922,0.0007456,-0.00004435,-0.00011709,-0.00006513,16:04:04..481,,,,
16:04:04..523,5.13528957,0.014677,-0.00062559,0.00048856,0.00035722,-0.00019924,0.00074679,-0.00004452,-0.00011635,-0.00006518,16:04:04..481,,,,
16:04:04..557,5.32146321,0.014476,-0.00063211,0.00049622,0.00035961,-0.0001934,0.00074475,-0.00004445,-0.00011859,-0.00008123,16:04:04..569,,,,
16:04:04..715,5.31629172,0.014476,-0.00063175,0.00049601,0.00036015,-0.00019411,0.00074523,-0.00004431,-0.00011803,-0.00008046,16:04:04..708,,,,
16:04:04..748,4.97497338,0.014285,-0.00062256,0.00050695,0.00036002,-0.00019249,0.00074867,-0.00005341,-0.00011681,-0.00007612,16:04:04..752,,,,
16:04:04..928,5.04220275,0.014285,-0.00062218,0.00050807,0.00036043,-0.00019198,0.00074768,-0.00005363,-0.00011679,-0.00007636,16:04:04..920,,,,
16:04:04..960,5.35766364,0.01401,-0.00063336,0.00049926,0.00036058,-0.00019174,0.00074952,-0.0000462,-0.00012059,-0.00008547,16:04:04..963,,,,
16:04:05..107,5.1197751,0.01401,-0.00063369,0.00049935,0.00036081,-0.00019206,0.00074936,-0.00004593,-0.00012022,-0.00008538,16:04:05..101,,,,
16:04:05..142,5.23354788,0.0141,-0.00063652,0.00049367,0.00035881,-0.0001919,0.00074302,-0.00004305,-0.00011609,-0.00008096,16:04:05..144,,,,
16:04:05..272,5.21286192,0.0141,-0.0006367,0.00049319,0.00035903,-0.00019251,0.00074502,-0.00004274,-0.00011585,-0.00008089,16:04:05..266,,,,
16:04:05..305,5.09391765,0.014125,-0.00063262,0.00050107,0.00036017,-0.00019038,0.00074945,-0.00004638,-0.00011986,-0.00008858,16:04:05..312,,,,
16:04:05..402,5.52315132,0.014125,-0.00063263,0.0005009,0.00036013,-0.00019103,0.00075004,-0.00004659,-0.00012025,-0.00008867,16:04:05..394,,,,
16:04:05..434,5.35249215,0.01407,-0.00063362,0.00050025,0.00036041,-0.0001911,0.00075036,-0.00004704,-0.00011995,-0.00008711,16:04:05..439,,,,
16:04:05..553,5.33180619,0.01407,-0.00063343,0.00050028,0.00036019,-0.00019087,0.00075038,-0.00004663,-0.00011917,-0.0000866,16:04:05..545,,,,
16:04:05..586,5.26457682,0.014198,-0.00063489,0.00050364,0.00035992,-0.00018684,0.00075369,-0.00004617,-0.00012171,-0.00009382,16:04:05..589,,,,
16:04:05..722,5.19217596,0.014198,-0.00063416,0.00050351,0.00036053,-0.00018689,0.00075404,-0.00004592,-0.00012113,-0.00009347,16:04:05..714,,,,
16:04:05..754,5.37317811,0.014224,-0.00063506,0.000499,0.00035944,-0.00019011,0.00074815,-0.00004437,-0.00011929,-0.0000856,16:04:05..758,,,,
16:04:05..903,5.09391765,0.014224,-0.00063478,0.00049864,0.00035939,-0.00019004,0.00074842,-0.00004417,-0.00011941,-0.00008598,16:04:05..895,,,,
16:04:05..935,5.18183298,0.014278,-0.00063574,0.00049601,0.00035704,-0.00018954,0.00075164,-0.00004249,-0.00011714,-0.00008138,16:04:05..938,,,,
16:04:06..100,5.30594874,0.014278,-0.0006354,0.00049641,0.00035734,-0.00018938,0.00075162,-0.0000422,-0.00011756,-0.00008137,16:04:06..092,,,,
16:04:06..132,5.14046106,0.014293,-0.00063209,0.00050539,0.0003614,-0.00018477,0.00075632,-0.00004635,-0.00012231,-0.00009395,16:04:06..135,,,,
16:04:06..182,5.25940533,0.014353,-0.00063214,0.00050496,0.00036105,-0.00018483,0.00075717,-0.00004661,-0.00012264,-0.00009373,16:04:06..262,,,,
16:04:06..281,5.20251894,0.014353,-0.00063225,0.00050566,0.00036127,-0.00018457,0.00075588,-0.00004667,-0.00012307,-0.00009401,16:04:06..262,,,,
16:04:06..315,5.32146321,0.014708,-0.00063353,0.00050199,0.00036013,-0.00018911,0.00074972,-0.00004619,-0.00011987,-0.00008873,16:04:06..350,,,,
16:04:06..460,5.17666149,0.014708,-0.00063295,0.00050243,0.00036077,-0.00018864,0.00075035,-0.00004549,-0.00012014,-0.00008835,16:04:06..452,,,,
16:04:06..492,5.15597553,0.014953,-0.00063517,0.00049805,0.00035887,-0.00018737,0.00074922,-0.00004341,-0.0001172,-0.00008735,16:04:06..495,,,,
16:04:06..628,5.06288871,0.014953,-0.00063602,0.00049859,0.00035932,-0.00018664,0.00074827,-0.00004345,-0.00011739,-0.00008771,16:04:06..620,,,,
16:04:06..660,5.32146321,0.015049,-0.00063107,0.00050213,0.00035986,-0.00018974,0.00074934,-0.00004727,-0.00012089,-0.00008789,16:04:06..664,,,,
16:04:06..798,5.32146321,0.015049,-0.00063111,0.00050158,0.00035972,-0.00019013,0.00075011,-0.00004762,-0.00012133,-0.00008737,16:04:06..788,,,,
16:04:06..830,5.25423384,0.015103,-0.00062882,0.00050774,0.00035997,-0.00018677,0.0007543,-0.00004518,-0.00011992,-0.00008643,16:04:06..832,,,,
16:04:06..926,5.31112023,0.015103,-0.00062874,0.00050689,0.0003595,-0.00018665,0.00075513,-0.00004503,-0.00011976,-0.00008641,16:04:06..954,,,,
16:04:06..967,5.20251894,0.015103,-0.00062882,0.00050709,0.00035922,-0.00018663,0.00075382,-0.00004538,-0.00011984,-0.00008634,16:04:06..954,,,,
16:04:07..001,5.30594874,0.015376,-0.0006273,0.00050938,0.00035899,-0.00019173,0.00074608,-0.00004649,-0.00011899,-0.00008109,16:04:07..042,,,,
16:04:07..157,5.12494659,0.015376,-0.00062724,0.00050859,0.00035858,-0.00019171,0.00074736,-0.00004605,-0.00011844,-0.00008109,16:04:07..151,,,,
16:04:07..192,5.38869258,0.01543,-0.00063251,0.00049137,0.00035743,-0.0001915,0.00075016,-0.0000397,-0.0001144,-0.00007435,16:04:07..193,,,,
16:04:07..307,5.03185977,0.01543,-0.00063285,0.00049143,0.00035738,-0.0001915,0.00074938,-0.00003986,-0.00011455,-0.00007468,16:04:07..320,,,,
16:04:07..369,5.26457682,0.01563,-0.00063317,0.00049141,0.00035754,-0.00019126,0.00075038,-0.00003903,-0.0001146,-0.00007505,16:04:07..365,,,,
16:04:07..402,5.32146321,0.015858,-0.00062559,0.00053531,0.00035942,-0.00019079,0.00074816,-0.00004607,-0.00011967,-0.000084,16:04:07..409,,,,
16:04:07..549,5.2232049,0.015858,-0.00062559,0.00053488,0.00035986,-0.00019058,0.00074924,-0.00004559,-0.00011939,-0.00008381,16:04:07..543,,,,
16:04:07..585,5.20251894,0.01603,-0.00062979,0.00053649,0.00036024,-0.00019175,0.00074869,-0.00004657,-0.0001188,-0.00008469,16:04:07..585,,,,
16:04:07..718,4.97497338,0.01603,-0.00063028,0.0005356,0.00035971,-0.00019145,0.00074903,-0.00004643,-0.00011918,-0.00008434,16:04:07..585,,,,
16:04:07..752,5.14563255,0.015781,-0.00063194,0.00051157,0.00036065,-0.00018097,0.0007582,-0.00004171,-0.00011804,-0.0000883,16:04:07..768,,,,
16:04:07..889,5.41455003,0.015781,-0.00063212,0.00051111,0.00036017,-0.0001819,0.00075921,-0.00004144,-0.00011796,-0.0000882,16:04:07..885,,,,
16:04:07..923,5.09391765,0.015595,-0.00061027,0.00055729,0.00035938,-0.00019068,0.00075166,-0.00004578,-0.00012117,-0.00007804,16:04:07..928,,,,
16:04:08..077,5.36283513,0.015595,-0.00061104,0.00055589,0.00035876,-0.00019086,0.00075119,-0.00004627,-0.00012156,-0.00007785,16:04:08..069,,,,
16:04:08..110,5.34732066,0.015455,-0.00062712,0.00055427,0.00036005,-0.00019165,0.00074962,-0.00004472,-0.00011885,-0.0000857,16:04:08..114,,,,
16:04:08..245,5.24389086,0.015455,-0.00062695,0.00055429,0.00035991,-0.00019146,0.00075003,-0.00004437,-0.00011871,-0.0000857,16:04:08..237,,,,
16:04:08..277,5.31629172,0.015464,-0.0006284,0.00051722,0.00035871,-0.00019157,0.00074822,-0.00004049,-0.00011558,-0.00007589,16:04:08..279,,,,
16:04:08..394,5.47143642,0.015464,-0.00062817,0.000516,0.00035894,-0.0001919,0.00074881,-0.00004034,-0.00011521,-0.00007602,16:04:08..386,,,,
16:04:08..426,4.93877295,0.015563,-0.00063441,0.00050419,0.00035968,-0.000184,0.0007605,-0.0000394,-0.00011782,-0.00008169,16:04:08..433,,,,
16:04:08..559,5.07323169,0.015563,-0.00063414,0.00050457,0.00035972,-0.00018398,0.00076048,-0.00003912,-0.00011774,-0.00008211,16:04:08..551,,,,
16:04:08..592,5.36283513,0.015514,-0.00061909,0.00053817,0.00035842,-0.00018944,0.00075331,-0.00003991,-0.00011544,-0.00007368,16:04:08..595,,,,
16:04:08..707,5.32146321,0.015514,-0.00061915,0.00053779,0.00035823,-0.00018949,0.00075381,-0.00003956,-0.00011556,-0.00007286,16:04:08..700,,,,
16:04:08..739,5.36800662,0.015599,-0.00062377,0.00055515,0.00035911,-0.00018792,0.00075525,-0.00004167,-0.00011761,-0.00007506,16:04:08..742,,,,
16:04:08..795,5.54383728,0.015599,-0.0006236,0.00055423,0.00035818,-0.00018792,0.00075585,-0.00004121,-0.0001172,-0.00007496,16:04:08..849,,,,
16:04:08..867,5.14563255,0.015599,-0.00062399,0.00055449,0.00035838,-0.00018739,0.0007554,-0.000041,-0.00011695,-0.00007522,16:04:08..849,,,,
16:04:08..900,5.24389086,0.015556,-0.00061959,0.00055012,0.00035767,-0.00018952,0.00075456,-0.00003386,-0.00011305,-0.00006765,16:04:08..934,,,,
16:04:09..069,5.41972152,0.015556,-0.00061968,0.00054957,0.00035772,-0.00018983,0.00075475,-0.00003377,-0.0001131,-0.00006757,16:04:09..061,,,,
16:04:09..102,5.13011808,0.01521,-0.00063146,0.00051895,0.00035907,-0.00018471,0.00075659,-0.00003077,-0.00011277,-0.00007249,16:04:09..103,,,,
16:04:09..254,5.13528957,0.01521,-0.00063133,0.0005176,0.00035916,-0.00018524,0.00075798,-0.00003073,-0.00011262,-0.00007232,16:04:09..246,,,,
16:04:09..287,5.23871937,0.014966,-0.00061975,0.00056544,0.00035958,-0.00018177,0.0007623,-0.00003542,-0.00011539,-0.00007557,16:04:09..288,,,,
16:04:09..408,5.13011808,0.014966,-0.00061987,0.00056648,0.00036005,-0.0001818,0.00076227,-0.00003512,-0.00011551,-0.00007526,16:04:09..400,,,,
16:04:09..440,5.63175261,0.014796,-0.0006126,0.00058602,0.00035851,-0.00018586,0.00075808,-0.00003492,-0.0001144,-0.00006702,16:04:09..443,,,,
16:04:09..559,5.36800662,0.014796,-0.00061274,0.00058589,0.00035861,-0.00018567,0.00075738,-0.0000353,-0.00011442,-0.00006659,16:04:09..551,,,,
16:04:09..591,5.11460361,0.014875,-0.00062729,0.00056599,0.0003597,-0.00018816,0.00075141,-0.00003546,-0.00011494,-0.00008045,16:04:09..594,,,,
16:04:09..699,5.25940533,0.014875,-0.00062726,0.00056678,0.00036025,-0.00018761,0.00075025,-0.00003593,-0.0001145,-0.00008072,16:04:09..691,,,,
16:04:09..730,5.34214917,0.014559,-0.00061626,0.0005799,0.00035849,-0.00018898,0.00075506,-0.00003415,-0.00011509,-0.00007086,16:04:09..734,,,,
16:04:09..792,5.32146321,0.014559,-0.00061615,0.00058094,0.00035931,-0.00018817,0.00075481,-0.00003356,-0.00011491,-0.00007002,16:04:09..857,,,,
16:04:09..895,5.0680602,0.014559,-0.00061598,0.00057982,0.0003588,-0.0001887,0.00075518,-0.00003374,-0.00011486,-0.00006964,16:04:09..857,,,,
16:04:09..928,5.36283513,0.014231,-0.00062448,0.00056084,0.00036126,-0.00017938,0.00076523,-0.00003152,-0.0001146,-0.00007416,16:04:09..947,,,,
16:04:10..061,5.37317811,0.014165,-0.00062424,0.00056112,0.00036147,-0.00017948,0.00076564,-0.00003114,-0.00011439,-0.00007429,16:04:10..142,,,,
16:04:10..203,5.12494659,0.014235,-0.00062391,0.00056138,0.00036097,-0.00017949,0.00076596,-0.00003148,-0.00011439,-0.00007369,16:04:10..198,,,,
16:04:10..279,5.47143642,0.014235,-0.00062392,0.00056166,0.00036144,-0.00017918,0.00076552,-0.0000301,-0.00011449,-0.00007356,16:04:10..240,,,,
16:04:10..313,5.24389086,0.014389,-0.00063285,0.00053723,0.00036221,-0.00017824,0.00076116,-0.00003324,-0.0001155,-0.00008446,16:04:10..283,,,,
16:04:10..420,5.43523599,0.014603,-0.00063242,0.0005387,0.00036216,-0.00017856,0.00076132,-0.00003257,-0.00011499,-0.00008489,16:04:10..464,,,,
16:04:10..517,5.18183298,0.014603,-0.00063199,0.00054048,0.00036279,-0.00017827,0.00076123,-0.00003286,-0.00011544,-0.00008477,16:04:10..512,,,,
16:04:10..550,5.0680602,0.014825,-0.00060863,0.00064658,0.00036143,-0.00017775,0.00076704,-0.0000374,-0.00011522,-0.00006604,16:04:10..554,,,,
16:04:10..691,5.49729387,0.014825,-0.00060834,0.00064688,0.00036208,-0.00017734,0.00076705,-0.00003721,-0.00011565,-0.00006654,16:04:10..686,,,,
16:04:10..724,5.2749198,0.015178,-0.00061625,0.00055982,0.00036147,-0.00017876,0.00076809,-0.00002856,-0.00011285,-0.00006631,16:04:10..728,,,,
16:04:10..868,5.08357467,0.015178,-0.00061657,0.0005601,0.00036203,-0.00017848,0.00076745,-0.00002877,-0.00011297,-0.00006618,16:04:10..862,,,,
16:04:10..901,5.15597553,0.015369,-0.00062837,0.00053773,0.00036178,-0.00019168,0.00074796,-0.00003463,-0.0001159,-0.00008152,16:04:10..904,,,,
16:04:11..048,5.20769043,0.015369,-0.0006284,0.00053806,0.00036187,-0.00019138,0.00074698,-0.00003425,-0.00011613,-0.00008183,16:04:11..041,,,,
16:04:11..080,5.30594874,0.01536,-0.00062571,0.00053746,0.00036188,-0.0001853,0.00075581,-0.00003437,-0.00011458,-0.00007774,16:04:11..087,,,,
16:04:11..202,5.26457682,0.01536,-0.00062561,0.00053731,0.00036115,-0.00018576,0.00075677,-0.00003424,-0.00011478,-0.00007749,16:04:11..196,,,,
16:04:11..237,5.20769043,0.015338,-0.00062318,0.00054592,0.0003608,-0.00019105,0.00074586,-0.00003484,-0.00011423,-0.00007663,16:04:11..241,,,,
16:04:11..333,5.28009129,0.015338,-0.00062322,0.00054537,0.00036068,-0.00019151,0.00074697,-0.00003473,-0.00011432,-0.0000765,16:04:11..325,,,,
16:04:11..366,5.41972152,0.01526,-0.00062823,0.00053938,0.00036126,-0.00019111,0.00074551,-0.00003457,-0.00011481,-0.00008026,16:04:11..368,,,,
16:04:11..490,5.15080404,0.01526,-0.00062815,0.00053885,0.00036121,-0.00019146,0.00074613,-0.00003415,-0.00011466,-0.00007992,16:04:11..484,,,,
16:04:11..524,5.46626493,0.015394,-0.00062566,0.00053032,0.00036326,-0.00019335,0.00077612,-0.00000322,-0.00011411,-0.00006014,16:04:11..528,,,,
16:04:11..629,5.37317811,0.015394,-0.00062593,0.00053179,0.00036369,-0.00019305,0.00077725,-0.00000283,-0.00011421,-0.00005997,16:04:11..624,,,,
16:04:11..660,5.16631851,0.015635,-0.00061499,0.00051921,0.00036142,-0.00019369,0.00074594,-0.00003147,-0.00011549,-0.00006883,16:04:11..667,,,,
16:04:11..811,5.20769043,0.015635,-0.00061511,0.00051947,0.00036136,-0.0001938,0.00074595,-0.00003112,-0.00011493,-0.00006895,16:04:11..803,,,,
16:04:11..843,5.19734745,0.015688,-0.00062715,0.00055501,0.00036665,-0.00019359,0.00076262,-0.00003411,-0.00011739,-0.00007897,16:04:11..847,,,,
16:04:11..915,5.07323169,0.015688,-0.00062687,0.00055668,0.00036718,-0.00019365,0.00076181,-0.00003415,-0.00011718,-0.00007904,16:04:11..980,,,,
16:04:12..025,5.30594874,0.015785,-0.00062704,0.0005561,0.00036726,-0.00019315,0.00076266,-0.00003335,-0.00011721,-0.00007893,16:04:12..023,,,,
16:04:12..059,5.35249215,0.015809,-0.00063146,0.00052227,0.00036435,-0.00019227,0.00076393,-0.00002658,-0.0001159,-0.00007452,16:04:12..065,,,,
16:04:12..138,5.05771722,0.015809,-0.00063103,0.00052311,0.00036416,-0.00019227,0.00076459,-0.00002693,-0.00011527,-0.00007446,16:04:12..191,,,,
16:04:12..208,5.33180619,0.015809,-0.00063103,0.00052433,0.00036478,-0.00019205,0.00076427,-0.00002691,-0.00011556,-0.0000743,16:04:12..191,,,,
16:04:12..239,5.40420705,0.015568,-0.00062866,0.00053867,0.0003661,-0.00019235,0.00076335,-0.00002993,-0.00011601,-0.00007603,16:04:12..312,,,,
16:04:12..370,5.17149,0.015568,-0.00062868,0.00053788,0.00036593,-0.00019267,0.00076393,-0.00003028,-0.00011566,-0.00007632,16:04:12..365,,,,
16:04:12..406,5.18700447,0.015786,-0.0006296,0.0005195,0.00036483,-0.00019209,0.00076285,-0.00002436,-0.00011621,-0.00007344,16:04:12..408,,,,
16:04:12..550,5.37317811,0.015786,-0.00063014,0.00051895,0.00036434,-0.0001928,0.00076343,-0.0000246,-0.00011584,-0.00007329,16:04:12..544,,,,
16:04:12..584,5.13011808,0.016176,-0.00063048,0.00053182,0.00036571,-0.00019118,0.00076571,-0.00003014,-0.00011635,-0.00008024,16:04:12..589,,,,
16:04:12..727,5.25940533,0.016176,-0.00063051,0.00053137,0.00036568,-0.00019202,0.00076776,-0.00002969,-0.00011594,-0.00007946,16:04:12..719,,,,
16:04:12..759,5.15080404,0.016269,-0.00062891,0.00052649,0.00036385,-0.00019306,0.00075699,-0.00002926,-0.00011561,-0.00007461,16:04:12..764,,,,
16:04:12..918,5.23871937,0.016269,-0.00062868,0.00052599,0.00036386,-0.00019268,0.00075724,-0.00002952,-0.00011559,-0.00007425,16:04:12..912,,,,
16:04:12..950,5.16631851,0.0161,-0.00062945,0.0005272,0.00036533,-0.00019277,0.0007699,-0.00002483,-0.0001157,-0.00007337,16:04:12..955,,,,
16:04:13..080,5.24389086,0.0161,-0.00062977,0.00052818,0.00036557,-0.00019205,0.00076895,-0.00002464,-0.00011571,-0.0000735,16:04:13..071,,,,
16:04:13..114,5.24389086,0.015787,-0.00062934,0.00052152,0.00036448,-0.00019204,0.0007592,-0.000026,-0.00011563,-0.00007184,16:04:13..157,,,,
16:04:13..241,5.26974831,0.015787,-0.00062888,0.00052112,0.0003641,-0.00019281,0.0007595,-0.00002572,-0.00011569,-0.00007186,16:04:13..235,,,,
16:04:13..276,5.2749198,0.016008,-0.00063049,0.00052779,0.00036337,-0.00019247,0.00075093,-0.00003989,-0.00011607,-0.00008168,16:04:13..278,,,,
16:04:13..397,5.28526278,0.016008,-0.00062989,0.00052826,0.00036412,-0.00019227,0.00075111,-0.00004013,-0.0001166,-0.00008153,16:04:13..389,,,,
16:04:13..429,5.1197751,0.016165,-0.00063228,0.0005173,0.00036364,-0.00019193,0.00075214,-0.00003461,-0.00011589,-0.00008096,16:04:13..434,,,,
16:04:13..590,5.14563255,0.016165,-0.00063226,0.00051713,0.00036385,-0.00019199,0.00075347,-0.00003472,-0.00011568,-0.00008093,16:04:13..582,,,,
16:04:13..622,5.24906235,0.016437,-0.0006316,0.00052453,0.00036412,-0.00019209,0.00075353,-0.00003637,-0.00011668,-0.00008113,16:04:13..624,,,,
16:04:13..749,5.21803341,0.016437,-0.00063119,0.0005257,0.00036431,-0.00019167,0.00075304,-0.00003635,-0.00011657,-0.00008145,16:04:13..746,,,,
16:04:13..783,5.21286192,0.016314,-0.0006312,0.00051826,0.00036361,-0.00019239,0.0007526,-0.00003478,-0.00011636,-0.00007965,16:04:13..792,,,,
16:04:13..934,5.29043427,0.016314,-0.00063165,0.00051861,0.00036421,-0.00019253,0.0007528,-0.00003516,-0.00011623,-0.00007996,16:04:13..925,,,,
16:04:13..964,5.2232049,0.015819,-0.00063071,0.00053121,0.00036423,-0.00019224,0.00075118,-0.00004022,-0.00011706,-0.00008379,16:04:13..967,,,,
16:04:14..067,5.19734745,0.015819,-0.00063037,0.00053186,0.00036477,-0.00019161,0.0007505,-0.00004042,-0.00011731,-0.00008355,16:04:14..062,,,,
16:04:14..099,5.32146321,0.015544,-0.00063212,0.00052292,0.00036425,-0.0001921,0.00075646,-0.00003333,-0.00011628,-0.00008098,16:04:14..104,,,,
16:04:14..155,5.1197751,0.015544,-0.00063178,0.00052393,0.00036477,-0.00019199,0.00075527,-0.0000336,-0.00011603,-0.00008026,16:04:14..226,,,,
16:04:14..246,5.24389086,0.015411,-0.00063152,0.0005235,0.00036436,-0.00019212,0.00075573,-0.00003391,-0.00011613,-0.00008037,16:04:14..271,,,,
16:04:14..295,5.32146321,0.015411,-0.00063219,0.00052404,0.00036439,-0.00019251,0.00075517,-0.00003372,-0.00011608,-0.00008068,16:04:14..271,,,,
16:04:14..327,5.24389086,0.01535,-0.00063142,0.00052227,0.00036409,-0.00019209,0.00075263,-0.00003654,-0.00011631,-0.000082,16:04:14..313,,,,
16:04:14..455,5.17666149,0.01535,-0.000631,0.00052278,0.00036438,-0.00019216,0.00075186,-0.00003668,-0.00011682,-0.00008209,16:04:14..453,,,,
16:04:14..497,5.18700447,0.015372,-0.00063104,0.00052247,0.0003642,-0.00019196,0.00075256,-0.00003597,-0.00011674,-0.00008127,16:04:14..497,,,,
16:04:14..531,5.38352109,0.015448,-0.00063066,0.00052846,0.00036513,-0.0001926,0.00075916,-0.00002972,-0.00011658,-0.0000769,16:04:14..541,,,,
16:04:14..672,5.24906235,0.015448,-0.00063001,0.00052809,0.00036451,-0.0001927,0.00075955,-0.0000305,-0.00011655,-0.0000774,16:04:14..665,,,,
16:04:14..706,5.13528957,0.015629,-0.00063134,0.00052812,0.00036446,-0.00019273,0.00075506,-0.00003556,-0.00011647,-0.00008044,16:04:14..707,,,,
16:04:14..833,5.29043427,0.015629,-0.00063106,0.00052885,0.00036469,-0.00019226,0.00075424,-0.00003591,-0.0001167,-0.00008054,16:04:14..825,,,,
16:04:14..864,5.21803341,0.015885,-0.00063098,0.00052989,0.00036487,-0.0001921,0.0007543,-0.0000353,-0.0001172,-0.00008082,16:04:14..869,,,,
16:04:15..001,5.38869258,0.015885,-0.00063087,0.00052985,0.00036493,-0.0001925,0.00075555,-0.00003488,-0.00011657,-0.00008081,16:04:14..993,,,,
16:04:15..033,5.28526278,0.015913,-0.00063085,0.00052521,0.00036456,-0.00019322,0.00075804,-0.00002909,-0.0001157,-0.00007565,16:04:15..038,,,,
16:04:15..158,5.23354788,0.015913,-0.00063032,0.00052574,0.00036475,-0.00019332,0.00075802,-0.0000294,-0.00011591,-0.0000761,16:04:15..150,,,,
16:04:15..189,5.15080404,0.015783,-0.00063016,0.00053187,0.00036466,-0.00019277,0.00075423,-0.00003338,-0.00011664,-0.00007805,16:04:15..194,,,,
16:04:15..322,5.64209559,0.015783,-0.00062988,0.00053123,0.00036467,-0.0001931,0.000755,-0.00003319,-0.00011604,-0.00007806,16:04:15..315,,,,
16:04:15..355,15.47309808,0.017318,-0.00062948,0.00052271,0.00036314,-0.00019207,0.00074984,-0.00003877,-0.0001162,-0.00007982,16:04:15..358,,,,
16:04:15..489,16.33156542,0.017318,-0.00062996,0.00052344,0.00036316,-0.00019197,0.00074946,-0.00003897,-0.00011665,-0.00008011,16:04:15..485,,,,
16:04:15..521,15.4627551,0.032697,-0.000626,0.00052602,0.00036137,-0.00019276,0.00074953,-0.0000428,-0.0001178,-0.00007931,16:04:15..485,,,,
16:04:15..617,16.32639393,0.032697,-0.00062611,0.00052601,0.00036195,-0.0001922,0.00074909,-0.00004284,-0.00011762,-0.00007878,16:04:15..657,,,,
16:04:15..701,14.44397157,0.046258,-0.00062649,0.00052594,0.00036139,-0.00019241,0.00074981,-0.00004286,-0.00011762,-0.00007897,16:04:15..700,,,,
16:04:15..733,14.20608303,0.062829,-0.00062205,0.00052563,0.00036168,-0.00019164,0.0007521,-0.00004206,-0.00012154,-0.00007807,16:04:15..700,,,,
16:04:15..847,14.35605624,0.062829,-0.00062238,0.00052576,0.00036172,-0.00019161,0.00075266,-0.00004178,-0.00012161,-0.0000782,16:04:15..893,,,,
16:04:15..908,14.28882687,0.062829,-0.0006226,0.000526,0.00036193,-0.00019144,0.0007517,-0.00004163,-0.00012137,-0.00007787,16:04:15..893,,,,
16:04:15..942,14.29916985,0.118653,-0.00061513,0.00052938,0.00036093,-0.00019019,0.00075703,-0.00003623,-0.00012479,-0.00007396,16:04:16..038,,,,
16:04:16..096,14.23711197,0.118653,-0.00061502,0.00052929,0.00036032,-0.00019007,0.00075804,-0.00003628,-0.00012495,-0.00007376,16:04:16..096,,,,
16:04:16..130,14.94043461,0.136512,-0.00060336,0.00053761,0.00036023,-0.00018949,0.00076227,-0.00002996,-0.00012767,-0.00006905,16:04:16..139,,,,
16:04:16..270,14.99214951,0.136512,-0.00060322,0.00053794,0.00035959,-0.00018887,0.00076251,-0.00003016,-0.00012758,-0.00006911,16:04:16..263,,,,
16:04:16..303,16.07816241,0.161066,-0.00059496,0.00054393,0.00035936,-0.00018789,0.00077128,-0.0000207,-0.00012881,-0.00006807,16:04:16..308,,,,
16:04:16..446,16.07299092,0.161066,-0.00059481,0.00054474,0.00035952,-0.00018739,0.00077025,-0.00002049,-0.00012914,-0.00006791,16:04:16..440,,,,
16:04:16..476,16.67805525,0.188562,-0.00058425,0.00055087,0.00035948,-0.00018667,0.0007793,-0.0000102,-0.00013034,-0.00006584,16:04:16..440,,,,
16:04:16..575,17.00903061,0.188562,-0.00058455,0.00055137,0.00035921,-0.00018634,0.00077874,-0.00000994,-0.00013015,-0.00006549,16:04:16..640,,,,
16:04:16..676,17.73303921,0.188562,-0.00058442,0.00055122,0.00035906,-0.00018641,0.00077978,-0.0000104,-0.00013053,-0.00006586,16:04:16..640,,,,
16:04:16..709,18.8242236,0.21361,-0.00057315,0.00056051,0.00035877,-0.00018544,0.0007927,0.00000296,-0.00013162,-0.00006653,16:04:16..684,,,,
16:04:16..822,19.35171558,0.21361,-0.00057269,0.00056136,0.00035967,-0.00018522,0.00079228,0.00000343,-0.00013204,-0.00006649,16:04:16..860,,,,
16:04:16..879,20.68596,0.21361,-0.00057332,0.00055987,0.00035838,-0.00018558,0.00079254,0.00000297,-0.00013188,-0.00006646,16:04:16..860,,,,
16:04:16..914,21.16173708,0.226579,-0.00055772,0.00057139,0.00035839,-0.00018525,0.00080671,0.00001955,-0.00013317,-0.00006568,16:04:16..948,,,,
16:04:17..069,21.59097075,0.226579,-0.00055752,0.000572,0.00035904,-0.00018475,0.00080614,0.00001934,-0.00013305,-0.000066,16:04:17..063,,,,
16:04:17..103,23.40099225,0.233514,-0.00054394,0.000582,0.00035844,-0.00018413,0.00082017,0.0000384,-0.0001341,-0.00006509,16:04:17..106,,,,
16:04:17..246,24.08880042,0.233514,-0.00054358,0.00058221,0.00035869,-0.00018368,0.00081963,0.00003837,-0.00013415,-0.00006494,16:04:17..240,,,,
16:04:17..279,25.65576189,0.239377,-0.00052951,0.00059171,0.00035826,-0.00018314,0.00083181,0.00005261,-0.00013534,-0.00006632,16:04:17..285,,,,
16:04:17..367,26.12636748,0.239377,-0.00052929,0.0005925,0.00035889,-0.00018303,0.00083157,0.00005291,-0.00013566,-0.00006595,16:04:17..402,,,,
16:04:17..421,27.00552078,0.239377,-0.00052915,0.00059155,0.00035787,-0.00018336,0.00083189,0.0000524,-0.00013552,-0.00006595,16:04:17..402,,,,
16:04:17..455,27.91053153,0.241708,-0.00051671,0.00059651,0.00035771,-0.0001834,0.00084503,0.00006618,-0.00013719,-0.0000668,16:04:17..489,,,,
16:04:17..609,28.35527967,0.241708,-0.00051672,0.00059714,0.0003578,-0.00018311,0.00084481,0.00006641,-0.00013626,-0.00006654,16:04:17..603,,,,
16:04:17..641,30.06704286,0.24182,-0.00050127,0.00060509,0.00035783,-0.0001817,0.00085825,0.000083,-0.00013758,-0.00006666,16:04:17..645,,,,
16:04:17..726,30.47559057,0.24182,-0.00050155,0.00060463,0.00035731,-0.00018239,0.00085866,0.00008246,-0.00013756,-0.00006709,16:04:17..772,,,,
16:04:17..787,31.48403112,0.24182,-0.00050093,0.00060557,0.0003577,-0.00018199,0.00085842,0.00008259,-0.00013726,-0.00006705,16:04:17..772,,,,
16:04:17..819,32.10460992,0.239897,-0.00048952,0.00060967,0.00035839,-0.00018261,0.00087189,0.00009656,-0.00013919,-0.0000666,16:04:17..857,,,,
16:04:17..963,32.40972783,0.239897,-0.00048898,0.00061097,0.00035812,-0.00018248,0.00087068,0.00009661,-0.000139,-0.00006691,16:04:17..957,,,,
16:04:17..997,33.93531738,0.23718,-0.00047845,0.0006145,0.00035999,-0.00018211,0.00088185,0.00010661,-0.00014049,-0.00006862,16:04:18..003,,,,
16:04:18..108,34.31283615,0.23718,-0.00047785,0.00061443,0.00035986,-0.00018162,0.00088216,0.0001072,-0.00013988,-0.00006833,16:04:18..101,,,,
16:04:18..140,35.41953501,0.233272,-0.00047096,0.00061768,0.00035919,-0.00018152,0.00089136,0.00011624,-0.0001406,-0.00006859,16:04:18..145,,,,
16:04:18..239,35.90048358,0.233272,-0.00047114,0.00061846,0.00035932,-0.00018211,0.00089072,0.00011615,-0.00014084,-0.00006897,16:04:18..283,,,,
16:04:18..296,36.33488874,0.233272,-0.00047099,0.00061762,0.00035898,-0.00018201,0.00089109,0.00011603,-0.00014079,-0.00006848,16:04:18..283,,,,
16:04:18..329,36.98649648,0.225479,-0.00046057,0.00062109,0.00035881,-0.00018221,0.00089517,0.00012562,-0.00014102,-0.00006887,16:04:18..395,,,,
16:04:18..463,37.11578373,0.225479,-0.0004606,0.00062192,0.00035898,-0.00018194,0.00089423,0.00012531,-0.00014113,-0.00006898,16:04:18..457,,,,
16:04:18..497,37.89150723,0.222252,-0.00045357,0.000624,0.00035896,-0.00018166,0.00089627,0.00013617,-0.00014103,-0.00006817,16:04:18..500,,,,
16:04:18..628,38.1655962,0.222252,-0.00045332,0.00062442,0.0003588,-0.00018204,0.00089652,0.000136,-0.00014079,-0.00006798,16:04:18..621,,,,
16:04:18..661,38.88443331,0.21565,-0.00044915,0.00062549,0.000359,-0.00018173,0.00090113,0.00014291,-0.00014142,-0.00006835,16:04:18..621,,,,
16:04:18..753,39.00854907,0.212379,-0.00044932,0.00062483,0.00035885,-0.00018154,0.00090226,0.00014326,-0.00014062,-0.00006833,16:04:18..781,,,,
16:04:18..839,39.29298102,0.212379,-0.00044939,0.0006253,0.00035923,-0.00018081,0.00090188,0.00014284,-0.00014066,-0.00006846,16:04:18..836,,,,
16:04:18..873,39.41192529,0.208954,-0.00044362,0.00062704,0.00035879,-0.00018116,0.00090544,0.00014793,-0.00014113,-0.00006907,16:04:18..836,,,,
16:04:18..977,39.7170432,0.208954,-0.00044287,0.00062672,0.00035888,-0.00018077,0.00090579,0.00014764,-0.00014149,-0.00006897,16:04:19..011,,,,
16:04:19..035,39.92907429,0.208954,-0.00044321,0.00062726,0.00035867,-0.00018124,0.00090611,0.00014798,-0.00014128,-0.00006898,16:04:19..011,,,,
16:04:19..067,40.03767558,0.202514,-0.00044043,0.00062589,0.00035856,-0.00018113,0.00090889,0.00015282,-0.0001407,-0.00006892,16:04:19..099,,,,
16:04:19..209,40.06353303,0.202514,-0.0004405,0.00062684,0.00035893,-0.00018137,0.00090841,0.00015267,-0.00014089,-0.00006924,16:04:19..203,,,,
16:04:19..241,40.41002286,0.199808,-0.0004368,0.00062962,0.00035976,-0.00018121,0.00091245,0.0001594,-0.00014157,-0.000066,16:04:19..246,,,,
16:04:19..294,40.53413862,0.19624,-0.00043708,0.00062938,0.00036005,-0.00018106,0.00091295,0.00015919,-0.00014075,-0.00006642,16:04:19..336,,,,
16:04:19..400,40.52379564,0.19624,-0.00043714,0.00062948,0.00035993,-0.00018089,0.00091277,0.00015896,-0.0001411,-0.00006649,16:04:19..395,,,,
16:04:19..435,40.89097143,0.193897,-0.00043433,0.00062987,0.00036046,-0.00018091,0.00091529,0.00015995,-0.0001405,-0.00006759,16:04:19..437,,,,
16:04:19..539,40.6996263,0.193897,-0.00043447,0.00062878,0.00035959,-0.00018148,0.00091577,0.00016132,-0.00014131,-0.00006764,16:04:19..532,,,,
16:04:19..571,40.80822759,0.191439,-0.00043306,0.00062826,0.00035984,-0.00018107,0.00091632,0.00016212,-0.00014083,-0.0000665,16:04:19..577,,,,
16:04:19..616,40.65308289,0.190257,-0.00043281,0.00062841,0.00036027,-0.00018091,0.00091541,0.00016251,-0.00014121,-0.00006657,16:04:19..622,,,,
16:04:19..670,41.04611613,0.189096,-0.00043324,0.00062786,0.00035987,-0.00018153,0.00091605,0.0001624,-0.0001412,-0.00006656,16:04:19..622,,,,
16:04:19..702,40.94785782,0.186838,-0.00043358,0.00062682,0.0003591,-0.00018108,0.00091582,0.0001605,-0.00014108,-0.00006852,16:04:19..717,,,,
16:04:19..808,40.95302931,0.186838,-0.00043298,0.00062799,0.00035958,-0.000181,0.00091493,0.00016021,-0.00014122,-0.00006851,16:04:19..803,,,,
16:04:19..841,41.1133455,0.184688,-0.00043127,0.0006273,0.0003599,-0.00018122,0.00091583,0.00016187,-0.00014091,-0.00006821,16:04:19..847,,,,
16:04:19..957,41.26331871,0.184688,-0.0004314,0.00062735,0.0003601,-0.00018113,0.00091555,0.00016237,-0.0001405,-0.00006752,16:04:19..950,,,,
16:04:19..989,41.07197358,0.181988,-0.00043045,0.00062802,0.00036031,-0.00018118,0.00091694,0.00016297,-0.00014144,-0.00006822,16:04:19..991,,,,
16:04:20..097,41.25297573,0.181988,-0.00043049,0.00062779,0.00036031,-0.00018115,0.00091678,0.00016296,-0.00014118,-0.0000683,16:04:20..091,,,,
16:04:20..131,41.12368848,0.18013,-0.00042988,0.00062784,0.00036039,-0.00018083,0.00091724,0.00016431,-0.00014149,-0.00006769,16:04:20..136,,,,
16:04:20..251,41.07714507,0.18013,-0.00042982,0.00062704,0.00036032,-0.00018103,0.00091785,0.00016394,-0.00014124,-0.00006767,16:04:20..243,,,,
16:04:20..283,41.26331871,0.178812,-0.00043023,0.0006278,0.00036,-0.0001807,0.0009195,0.00016532,-0.00014082,-0.00006743,16:04:20..288,,,,
16:04:20..398,41.29434765,0.178812,-0.00042988,0.0006286,0.00036061,-0.00018041,0.00091869,0.00016511,-0.00014063,-0.00006748,16:04:20..390,,,,
16:04:20..430,41.31503361,0.177686,-0.00042892,0.00062637,0.00035982,-0.00018108,0.00091921,0.00016499,-0.00014097,-0.00006826,16:04:20..433,,,,
16:04:20..547,41.36157702,0.177686,-0.0004287,0.00062739,0.00036052,-0.00018077,0.00091872,0.00016496,-0.00014111,-0.00006829,16:04:20..539,,,,
16:04:20..580,41.33571957,0.176934,-0.00042773,0.00062951,0.00036093,-0.00018105,0.00092089,0.00016798,-0.00014086,-0.00006704,16:04:20..581,,,,
16:04:20..614,41.29951914,0.176308,-0.0004288,0.00062896,0.00036077,-0.00018008,0.00092187,0.00016694,-0.00014109,-0.00006781,16:04:20..625,,,,
16:04:20..711,41.35123404,0.176308,-0.00042878,0.00062893,0.00036075,-0.00018038,0.00092181,0.00016714,-0.00014109,-0.00006772,16:04:20..706,,,,
16:04:20..744,41.23228977,0.175601,-0.00042923,0.00062751,0.00036077,-0.00018047,0.00092318,0.00016729,-0.00014123,-0.00006784,16:04:20..750,,,,
16:04:20..811,41.4236349,0.174725,-0.00042936,0.00062715,0.00036002,-0.00018032,0.00092328,0.00016756,-0.00014125,-0.00006807,16:04:20..876,,,,
16:04:20..910,41.32537659,0.174725,-0.00042928,0.00062779,0.00036062,-0.00018027,0.00092281,0.0001673,-0.00014146,-0.00006822,16:04:20..876,,,,
16:04:20..944,41.38226298,0.173416,-0.00042874,0.00062501,0.00035999,-0.00018047,0.00092064,0.00016475,-0.00014069,-0.00006854,16:04:20..963,,,,
16:04:21..077,41.54257917,0.173416,-0.00042847,0.00062523,0.0003605,-0.00018003,0.00091995,0.00016502,-0.00014079,-0.0000689,16:04:21..071,,,,
16:04:21..110,41.36674851,0.172395,-0.00042768,0.00062984,0.00036144,-0.00018041,0.00092366,0.0001707,-0.00014058,-0.00006571,16:04:21..115,,,,
16:04:21..222,41.2684902,0.172395,-0.00042788,0.00062986,0.00036165,-0.00018015,0.00092414,0.00017012,-0.00014064,-0.00006659,16:04:21..214,,,,
16:04:21..254,41.19608934,0.171749,-0.00042811,0.00062739,0.00036068,-0.00017956,0.00092326,0.00016798,-0.00014088,-0.00006794,16:04:21..259,,,,
16:04:21..366,41.35123404,0.171749,-0.00042819,0.00062663,0.00036093,-0.00018005,0.00092393,0.00016792,-0.00014096,-0.00006808,16:04:21..358,,,,
16:04:21..399,41.48569278,0.171108,-0.00042621,0.00062868,0.00036151,-0.00018066,0.0009202,0.0001665,-0.00014097,-0.00006711,16:04:21..402,,,,
16:04:21..488,41.46500682,0.171108,-0.00042581,0.00062796,0.00036135,-0.00018063,0.00092107,0.00016651,-0.00014057,-0.00006688,16:04:21..480,,,,
16:04:21..520,41.39777745,0.1707,-0.00042679,0.0006225,0.00035992,-0.00018124,0.00091994,0.000164,-0.00014044,-0.00006941,16:04:21..524,,,,
16:04:21..637,41.49086427,0.1707,-0.00042689,0.00062362,0.00035989,-0.00018077,0.00091893,0.00016392,-0.0001407,-0.00006894,16:04:21..629,,,,
16:04:21..670,41.53223619,0.170248,-0.00042536,0.00062197,0.00035996,-0.00018117,0.00091738,0.00016183,-0.00014038,-0.0000696,16:04:21..673,,,,
16:04:21..796,41.3202051,0.170248,-0.00042554,0.00062155,0.00035978,-0.00018092,0.00091785,0.00016172,-0.00014046,-0.00006973,16:04:21..786,,,,
16:04:21..828,41.42880639,0.16967,-0.00042516,0.00062202,0.00035977,-0.00018075,0.00091771,0.00016279,-0.00014017,-0.0000691,16:04:21..828,,,,
16:04:21..863,41.28400467,0.169321,-0.00042551,0.00062339,0.00036064,-0.00018066,0.00091923,0.00016516,-0.00014105,-0.00006849,16:04:21..873,,,,
16:04:21..974,41.4753498,0.169321,-0.00042599,0.0006224,0.00036031,-0.00018151,0.00091972,0.00016455,-0.00014018,-0.00006902,16:04:21..966,,,,
16:04:22..006,41.48052129,0.168817,-0.0004246,0.00062511,0.00036082,-0.00018048,0.00092002,0.00016737,-0.0001406,-0.00006732,16:04:22..011,,,,
16:04:22..101,41.53740768,0.168817,-0.00042514,0.00062465,0.00036073,-0.00018156,0.00092015,0.00016711,-0.00014019,-0.00006721,16:04:22..096,,,,
16:04:22..134,41.35640553,0.168752,-0.00042434,0.00062577,0.00036081,-0.00018045,0.00092025,0.00016697,-0.00014065,-0.00006686,16:04:22..139,,,,
16:04:22..287,41.51672172,0.168752,-0.00042428,0.0006263,0.0003612,-0.00018048,0.00091962,0.00016653,-0.0001404,-0.00006673,16:04:22..279,,,,
16:04:22..319,41.65635195,0.168825,-0.00042406,0.00062367,0.00036021,-0.00018115,0.00091837,0.00016566,-0.00013993,-0.00006711,16:04:22..325,,,,
16:04:22..445,41.39777745,0.168825,-0.00042405,0.00062312,0.00036012,-0.00018094,0.00091874,0.00016573,-0.00013981,-0.00006781,16:04:22..438,,,,
16:04:22..477,41.28400467,0.168804,-0.00042459,0.00062384,0.00036079,-0.00018156,0.00091921,0.00016443,-0.00014081,-0.00006843,16:04:22..481,,,,
16:04:22..549,41.43397788,0.168772,-0.00042473,0.00062399,0.00036046,-0.00018153,0.00091966,0.00016493,-0.00014034,-0.00006819,16:04:22..589,,,,
16:04:22..641,41.40294894,0.168772,-0.00042405,0.00062404,0.00036046,-0.00018149,0.00091875,0.00016441,-0.00014021,-0.00006844,16:04:22..635,,,,
16:04:22..675,41.69255238,0.168589,-0.0004243,0.00062281,0.00036063,-0.00018116,0.00091985,0.00016721,-0.00013986,-0.00006746,16:04:22..678,,,,
16:04:22..788,41.35640553,0.168589,-0.00042427,0.00062329,0.00036058,-0.00018085,0.00091921,0.00016655,-0.00014004,-0.00006704,16:04:22..782,,,,
16:04:22..823,41.50637874,0.168826,-0.00042412,0.0006224,0.00036008,-0.00018111,0.00092075,0.00016806,-0.0001402,-0.00006735,16:04:22..824,,,,
16:04:22..929,41.43397788,0.168826,-0.0004248,0.00062258,0.00036048,-0.00018095,0.00091969,0.00016742,-0.00014033,-0.00006766,16:04:22..920,,,,
16:04:22..961,41.54257917,0.168907,-0.00042451,0.00062319,0.00036056,-0.0001812,0.00092037,0.00016722,-0.0001401,-0.00006789,16:04:22..963,,,,
16:04:23..061,41.57360811,0.168907,-0.00042444,0.00062333,0.00036049,-0.00018114,0.00092037,0.00016768,-0.0001405,-0.00006825,16:04:23..054,,,,
16:04:23..093,41.65635195,0.169109,-0.00042298,0.00062438,0.00036105,-0.00018173,0.00091983,0.0001675,-0.00014033,-0.00006701,16:04:23..098,,,,
16:04:23..147,41.52189321,0.169269,-0.00042322,0.00062486,0.00036066,-0.00018166,0.00091939,0.00016747,-0.00014036,-0.00006692,16:04:23..189,,,,
16:04:23..209,41.4236349,0.169269,-0.00042287,0.00062497,0.00036114,-0.00018131,0.00091949,0.00016801,-0.00014043,-0.00006666,16:04:23..189,,,,
16:04:23..242,41.43397788,0.169419,-0.00042365,0.00062309,0.00036068,-0.000181,0.00092043,0.00016805,-0.00014011,-0.00006719,16:04:23..279,,,,
16:04:23..375,41.43914937,0.169419,-0.00042375,0.0006228,0.00036104,-0.00018054,0.00091996,0.00016801,-0.00014024,-0.00006717,16:04:23..369,,,,
16:04:23..407,41.55292215,0.169398,-0.00042366,0.00062149,0.00036023,-0.00018172,0.0009199,0.0001667,-0.00014042,-0.00006749,16:04:23..411,,,,
16:04:23..497,41.49603576,0.169398,-0.0004236,0.00062227,0.00036072,-0.00018164,0.00091898,0.00016626,-0.0001399,-0.00006784,16:04:23..490,,,,
16:04:23..528,41.38226298,0.16958,-0.00042401,0.00062411,0.00036068,-0.0001818,0.00092029,0.00016801,-0.00014028,-0.00006713,16:04:23..532,,,,
16:04:23..647,41.35123404,0.16958,-0.00042426,0.00062362,0.00036116,-0.00018186,0.00092084,0.00016875,-0.00013985,-0.00006679,16:04:23..639,,,,
16:04:23..680,41.19608934,0.169778,-0.00042452,0.00062359,0.00036097,-0.00018119,0.00092156,0.00016856,-0.00014044,-0.00006721,16:04:23..681,,,,
16:04:23..778,41.45466384,0.169778,-0.0004242,0.00062355,0.00036105,-0.00018104,0.00092071,0.00016812,-0.00014055,-0.00006717,16:04:23..770,,,,
16:04:23..811,41.33571957,0.169778,-0.00042399,0.00062494,0.00036106,-0.00018103,0.00092243,0.00016843,-0.00014034,-0.00006714,16:04:23..770,,,,
16:04:23..846,41.56326513,0.170273,-0.00042492,0.00062389,0.00036136,-0.00018147,0.00092267,0.00016886,-0.00014054,-0.00006713,16:04:23..859,,,,
16:04:23..879,41.66669493,0.170363,-0.00042378,0.0006247,0.00036159,-0.00018141,0.00092175,0.00017084,-0.00014013,-0.00006659,16:04:23..902,,,,
16:04:23..965,41.54257917,0.170363,-0.00042395,0.0006238,0.00036163,-0.00018176,0.00092183,0.00017104,-0.00014001,-0.0000662,16:04:24..007,,,,
16:04:24..022,41.58912258,0.170363,-0.00042405,0.00062469,0.00036137,-0.00018095,0.00092108,0.00017094,-0.00014006,-0.00006626,16:04:24..007,,,,
16:04:24..054,41.38226298,0.170292,-0.00042293,0.00062662,0.00036202,-0.00018133,0.00092256,0.00017042,-0.00014043,-0.00006546,16:04:24..127,,,,
16:04:24..192,41.51155023,0.170292,-0.00042312,0.0006267,0.00036209,-0.00018148,0.00092179,0.00016978,-0.00014117,-0.000066,16:04:24..127,,,,
16:04:24..224,41.59429407,0.170114,-0.00042456,0.00062373,0.00036196,-0.0001806,0.00092297,0.00017056,-0.00014056,-0.00006533,16:04:24..243,,,,
16:04:24..343,41.67703791,0.170114,-0.00042508,0.00062335,0.00036161,-0.0001809,0.00092308,0.00017038,-0.00014034,-0.00006601,16:04:24..337,,,,
16:04:24..376,41.62532301,0.169837,-0.00042591,0.00062447,0.00036113,-0.000181,0.00092434,0.00017029,-0.0001404,-0.00006663,16:04:24..378,,,,
16:04:24..434,41.5787796,0.169838,-0.00042498,0.00062415,0.00036142,-0.00018137,0.00092516,0.0001709,-0.00014038,-0.00006639,16:04:24..476,,,,
16:04:24..496,41.36674851,0.169838,-0.00042504,0.00062448,0.00036195,-0.00018087,0.00092481,0.00017091,-0.00014017,-0.00006634,16:04:24..476,,,,
16:04:24..530,41.61498003,0.170155,-0.00042452,0.00062527,0.00036251,-0.00018086,0.00092445,0.00017274,-0.00014043,-0.00006527,16:04:24..565,,,,
16:04:24..656,41.54775066,0.170155,-0.00042452,0.00062497,0.00036171,-0.000181,0.00092447,0.00017329,-0.00014064,-0.00006517,16:04:24..649,,,,
16:04:24..688,41.45466384,0.170706,-0.00042454,0.00062565,0.00036213,-0.00018092,0.00092655,0.00017283,-0.00014056,-0.00006583,16:04:24..693,,,,
16:04:24..828,41.51155023,0.170706,-0.00042457,0.0006264,0.00036238,-0.00018045,0.0009257,0.0001728,-0.00014089,-0.00006541,16:04:24..820,,,,
16:04:24..861,41.54257917,0.171021,-0.00042441,0.00062478,0.00036241,-0.00018075,0.00092413,0.00017137,-0.00014053,-0.00006517,16:04:24..865,,,,
16:04:24..987,41.50120725,0.171021,-0.00042468,0.00062422,0.00036222,-0.00018103,0.00092438,0.00017154,-0.00014099,-0.00006562,16:04:24..979,,,,
16:04:25..019,41.51672172,0.171058,-0.00042517,0.00062365,0.00036203,-0.0001803,0.00092399,0.00017163,-0.00013979,-0.00006583,16:04:25..024,,,,
16:04:25..149,41.40812043,0.171058,-0.00042535,0.00062278,0.00036214,-0.00018075,0.00092458,0.00017145,-0.00013986,-0.00006587,16:04:25..141,,,,
16:04:25..181,41.50120725,0.170939,-0.00042577,0.00062493,0.00036292,-0.00018016,0.00092591,0.00017187,-0.00014065,-0.00006615,16:04:25..185,,,,
16:04:25..283,41.30469063,0.170939,-0.00042547,0.00062454,0.00036252,-0.0001808,0.00092648,0.00017198,-0.00014054,-0.00006588,16:04:25..277,,,,
16:04:25..317,41.43914937,0.17081,-0.00042528,0.00062227,0.00036202,-0.00018028,0.00092405,0.00016915,-0.00014041,-0.00006708,16:04:25..322,,,,
16:04:25..382,41.32537659,0.170741,-0.00042524,0.00062311,0.00036218,-0.00018016,0.00092399,0.0001686,-0.00014014,-0.00006691,16:04:25..424,,,,
16:04:25..452,41.53740768,0.170741,-0.0004254,0.00062162,0.00036171,-0.00018101,0.00092402,0.00016901,-0.00014092,-0.00006747,16:04:25..424,,,,
16:04:25..485,41.42880639,0.17045,-0.00042392,0.00062364,0.00036209,-0.0001804,0.00092221,0.00017064,-0.00014026,-0.00006538,16:04:25..513,,,,
16:04:25..635,41.44949235,0.17045,-0.00042389,0.00062247,0.00036188,-0.0001813,0.00092288,0.00017022,-0.00014039,-0.000066,16:04:25..627,,,,
16:04:25..668,41.63566599,0.170285,-0.00042504,0.00062377,0.00036233,-0.00018084,0.00092649,0.00017134,-0.00014016,-0.0000667,16:04:25..670,,,,
16:04:25..730,41.28917616,0.170389,-0.00042519,0.00062441,0.00036255,-0.0001809,0.00092568,0.00017115,-0.0001403,-0.0000666,16:04:25..767,,,,
16:04:25..840,41.45466384,0.170389,-0.00042505,0.00062327,0.00036219,-0.00018081,0.00092647,0.00017149,-0.00014003,-0.00006659,16:04:25..834,,,,
16:04:25..873,41.35123404,0.170441,-0.00042544,0.00062067,0.00036179,-0.00018086,0.00092235,0.00016748,-0.00014031,-0.00006706,16:04:25..877,,,,
16:04:25..929,41.45466384,0.17045,-0.00042556,0.00062,0.00036176,-0.00018101,0.00092316,0.00016788,-0.00014028,-0.00006696,16:04:25..972,,,,
16:04:26..004,41.43397788,0.17045,-0.00042565,0.00062093,0.00036176,-0.00018028,0.00092204,0.00016753,-0.00014079,-0.00006733,16:04:25..972,,,,
16:04:26..036,41.39777745,0.170483,-0.00042432,0.00062308,0.00036244,-0.0001804,0.00092341,0.00016892,-0.00014009,-0.00006629,16:04:26..061,,,,
16:04:26..160,41.31503361,0.170483,-0.00042443,0.00062358,0.00036223,-0.00018016,0.00092253,0.00016818,-0.00014027,-0.0000664,16:04:26..152,,,,
16:04:26..193,41.40812043,0.170884,-0.00042564,0.00062163,0.00036199,-0.00018007,0.0009237,0.00016928,-0.00014042,-0.00006733,16:04:26..195,,,,
16:04:26..294,41.45466384,0.170884,-0.00042588,0.00062158,0.00036188,-0.00018034,0.00092381,0.0001686,-0.00014063,-0.00006761,16:04:26..286,,,,
16:04:26..326,41.59946556,0.171223,-0.00042332,0.00062356,0.00036276,-0.00018057,0.00092362,0.0001701,-0.00014047,-0.00006582,16:04:26..329,,,,
16:04:26..385,41.41846341,0.171394,-0.00042359,0.00062357,0.00036262,-0.00018081,0.00092349,0.00016985,-0.00014054,-0.00006566,16:04:26..420,,,,
16:04:26..482,41.40812043,0.171394,-0.00042355,0.00062366,0.00036265,-0.00018063,0.00092343,0.00016955,-0.00014048,-0.00006577,16:04:26..476,,,,
16:04:26..515,41.39260596,0.171495,-0.00042328,0.00062491,0.00036317,-0.0001806,0.00092479,0.00017049,-0.00014005,-0.0000659,16:04:26..522,,,,
16:04:26..643,41.29434765,0.171495,-0.00042307,0.00062508,0.00036319,-0.00018039,0.0009235,0.00017049,-0.00014004,-0.00006591,16:04:26..636,,,,
16:04:26..676,41.33571957,0.171551,-0.00042527,0.00062422,0.00036312,-0.00018028,0.00092551,0.00017185,-0.00014122,-0.00006573,16:04:26..678,,,,
16:04:26..716,41.32537659,0.171489,-0.0004252,0.00062397,0.00036339,-0.00018036,0.00092605,0.00017173,-0.00014078,-0.00006613,16:04:26..721,,,,
16:04:26..769,41.34089106,0.171489,-0.00042541,0.00062419,0.00036333,-0.00018037,0.00092544,0.00017156,-0.0001411,-0.00006626,16:04:26..765,,,,
16:04:26..802,41.50120725,0.171512,-0.00042497,0.00062375,0.00036324,-0.00018019,0.00092603,0.00017087,-0.00014042,-0.0000664,16:04:26..807,,,,
16:04:26..930,41.27366169,0.171512,-0.00042517,0.00062335,0.00036301,-0.00018078,0.00092622,0.00017138,-0.00014028,-0.00006656,16:04:26..922,,,,
16:04:26..961,41.32537659,0.171728,-0.00042333,0.00062229,0.00036278,-0.00018014,0.00092308,0.00017054,-0.00014043,-0.00006577,16:04:26..964,,,,
16:04:27..082,41.22194679,0.171728,-0.00042351,0.00062198,0.0003629,-0.00018021,0.00092316,0.00017088,-0.0001406,-0.0000654,16:04:27..073,,,,
16:04:27..115,41.29434765,0.171732,-0.00042413,0.00062252,0.00036242,-0.00018088,0.00092454,0.00016821,-0.00014009,-0.00006701,16:04:27..116,,,,
16:04:27..178,41.42880639,0.171725,-0.00042396,0.00062326,0.00036283,-0.00018022,0.00092337,0.0001677,-0.00014036,-0.00006699,16:04:27..231,,,,
16:04:27..251,41.29951914,0.171725,-0.00042409,0.00062274,0.00036229,-0.00018034,0.00092406,0.00016829,-0.00014017,-0.0000669,16:04:27..231,,,,
16:04:27..286,41.44432086,0.171762,-0.00042486,0.00062646,0.000364,-0.00018045,0.00092951,0.00017555,-0.00014052,-0.00006406,16:04:27..322,,,,
16:04:27..407,41.19608934,0.171762,-0.00042493,0.00062667,0.00036372,-0.00018022,0.00092862,0.00017535,-0.00014062,-0.00006388,16:04:27..402,,,,
16:04:27..442,41.25814722,0.171838,-0.00042369,0.00061344,0.00036096,-0.00018048,0.00091764,0.00016172,-0.00014011,-0.00006815,16:04:27..446,,,,
16:04:27..512,41.3202051,0.171636,-0.00042351,0.00061332,0.00036074,-0.00018089,0.00091774,0.00016174,-0.00014046,-0.00006837,16:04:27..554,,,,
16:04:27..619,41.27366169,0.171636,-0.00042339,0.00061292,0.00036053,-0.00017984,0.00091782,0.00016159,-0.00014044,-0.00006814,16:04:27..612,,,,
16:04:27..652,41.37192,0.171445,-0.00041068,0.0006069,0.00035825,-0.0001816,0.00090553,0.0001584,-0.00013712,-0.00006383,16:04:27..656,,,,
16:04:27..746,40.70996928,0.171445,-0.00041107,0.00060626,0.00035777,-0.00018154,0.0009062,0.0001591,-0.00013701,-0.00006365,16:04:27..741,,,,
16:04:27..780,40.78754163,0.171309,-0.00041796,0.00060647,0.00035771,-0.0001813,0.00091116,0.00016127,-0.00013778,-0.00006759,16:04:27..785,,,,
16:04:27..840,40.85994249,0.171305,-0.00041759,0.00060695,0.00035819,-0.00018041,0.0009111,0.00016102,-0.00013785,-0.00006759,16:04:27..882,,,,
16:04:27..928,41.35123404,0.171278,-0.0004179,0.00060604,0.00035747,-0.00018095,0.00091172,0.00016084,-0.00013755,-0.00006768,16:04:27..927,,,,
16:04:27..963,41.39777745,0.171204,-0.00041546,0.0006087,0.00035854,-0.00018099,0.00091097,0.00016018,-0.00013771,-0.00006744,16:04:27..970,,,,
16:04:28..107,41.32537659,0.171204,-0.00041561,0.00060842,0.00035836,-0.00018118,0.00091116,0.00016058,-0.00013778,-0.00006701,16:04:28..099,,,,
16:04:28..139,41.18574636,0.171343,-0.00041755,0.00060973,0.00035897,-0.00018198,0.00091249,0.00016329,-0.00013753,-0.00006512,16:04:28..142,,,,
16:04:28..292,40.87545696,0.171343,-0.00041683,0.00061008,0.00035935,-0.00018161,0.00091104,0.00016398,-0.00013841,-0.00006571,16:04:28..284,,,,
16:04:28..324,41.05128762,0.171409,-0.00042077,0.00062165,0.0003621,-0.00018121,0.00091868,0.00017382,-0.00013842,-0.00006211,16:04:28..326,,,,
16:04:28..435,41.19608934,0.171409,-0.00042051,0.00062176,0.00036259,-0.00018064,0.00091827,0.00017385,-0.00013817,-0.00006211,16:04:28..429,,,,
16:04:28..468,41.10300252,0.171379,-0.00042365,0.0006258,0.00036397,-0.00018036,0.00092456,0.00017947,-0.00013967,-0.00006015,16:04:28..474,,,,
16:04:28..582,41.4753498,0.171379,-0.00042358,0.00062491,0.00036341,-0.00018065,0.0009248,0.00017945,-0.00013934,-0.00006034,16:04:28..574,,,,
16:04:28..615,41.29951914,0.171328,-0.00042345,0.00062737,0.00036407,-0.00018156,0.00092668,0.00017666,-0.00013927,-0.00006333,16:04:28..617,,,,
16:04:28..681,41.68738089,0.171539,-0.00042343,0.00062781,0.00036443,-0.00018068,0.0009258,0.00017623,-0.00013973,-0.00006361,16:04:28..722,,,,
16:04:28..786,41.25814722,0.171539,-0.0004232,0.00062684,0.00036379,-0.0001813,0.0009264,0.00017688,-0.00013938,-0.00006374,16:04:28..781,,,,
16:04:28..820,41.51672172,0.17164,-0.00042612,0.00063007,0.00036403,-0.00018038,0.00093303,0.00017078,-0.00013969,-0.00006872,16:04:28..823,,,,
16:04:28..931,41.60980854,0.17164,-0.00042644,0.0006301,0.0003644,-0.00017945,0.00093315,0.00017045,-0.00013985,-0.00006894,16:04:28..925,,,,
16:04:28..965,42.16315797,0.171991,-0.00042533,0.00064016,0.00036565,-0.00017887,0.00094037,0.00017033,-0.00014028,-0.00007269,16:04:28..969,,,,
16:04:29..079,42.15798648,0.171991,-0.00042518,0.00064072,0.00036547,-0.00017916,0.00093983,0.00017057,-0.00014011,-0.00007251,16:04:29..070,,,,
16:04:29..112,42.46310439,0.172032,-0.00042336,0.00063437,0.00036431,-0.00017926,0.00093739,0.00017143,-0.00014043,-0.00007239,16:04:29..113,,,,
16:04:29..224,42.39070353,0.172032,-0.0004236,0.00063484,0.00036446,-0.00017899,0.00093651,0.00017145,-0.0001403,-0.00007217,16:04:29..216,,,,
16:04:29..257,42.43207545,0.172032,-0.00041877,0.00062652,0.00036339,-0.00018035,0.00093013,0.00017124,-0.00014007,-0.00006949,16:04:29..216,,,,
16:04:29..291,42.22004436,0.171933,-0.00041945,0.00062835,0.00036356,-0.00017969,0.00093117,0.000172,-0.00013982,-0.00006945,16:04:29..302,,,,
16:04:29..350,42.17867244,0.17184,-0.00041893,0.00062843,0.00036403,-0.00017941,0.00093064,0.00017204,-0.00014014,-0.00007006,16:04:29..380,,,,
16:04:29..424,42.31313118,0.171602,-0.00041936,0.00062792,0.00036361,-0.00017985,0.00093119,0.00017206,-0.00013977,-0.00006958,16:04:29..380,,,,
16:04:29..458,42.03387072,0.171095,-0.00041591,0.00062229,0.00036282,-0.00017961,0.00092209,0.00017115,-0.00013936,-0.0000659,16:04:29..467,,,,
16:04:29..591,42.03387072,0.171095,-0.0004164,0.00062108,0.00036263,-0.00018047,0.0009221,0.00017129,-0.00013945,-0.0000663,16:04:29..583,,,,
16:04:29..624,41.89941198,0.170446,-0.00042033,0.00062485,0.00036327,-0.00018047,0.00092782,0.0001729,-0.00013951,-0.00006706,16:04:29..627,,,,
16:04:29..742,41.80115367,0.170446,-0.00042042,0.00062546,0.00036411,-0.00017972,0.00092696,0.00017277,-0.0001395,-0.00006722,16:04:29..735,,,,
16:04:29..775,41.60463705,0.1702,-0.0004209,0.00062481,0.00036426,-0.00017979,0.00092694,0.00017344,-0.00013972,-0.00006641,16:04:29..779,,,,
16:04:29..872,41.66669493,0.1702,-0.00042074,0.00062417,0.00036405,-0.00018014,0.00092736,0.00017362,-0.00013972,-0.00006677,16:04:29..865,,,,
16:04:29..904,41.71840983,0.17016,-0.00041886,0.00061995,0.00036281,-0.00017987,0.00092216,0.0001675,-0.00013926,-0.0000683,16:04:29..908,,,,
16:04:29..954,41.6304945,0.170176,-0.00041906,0.00061969,0.00036235,-0.00017999,0.00092262,0.00016709,-0.00013919,-0.00006834,16:04:29..954,,,,
16:04:30..008,41.50637874,0.170176,-0.00041888,0.00062036,0.00036257,-0.0001802,0.00092162,0.00016738,-0.00013918,-0.00006834,16:04:29..954,,,,
16:04:30..041,41.83218261,0.169999,-0.00041877,0.00062241,0.00036321,-0.00017995,0.0009235,0.00016793,-0.00013847,-0.00006813,16:04:30..056,,,,
16:04:30..177,41.74943877,0.169999,-0.00041903,0.00062261,0.00036347,-0.00017979,0.00092304,0.00016826,-0.00013859,-0.00006777,16:04:30..168,,,,
16:04:30..208,41.62532301,0.169855,-0.00042084,0.00062216,0.00036335,-0.00017965,0.00092479,0.00016998,-0.00013889,-0.00006804,16:04:30..212,,,,
16:04:30..332,41.79598218,0.169855,-0.00042069,0.00062144,0.00036302,-0.00018025,0.00092539,0.0001703,-0.00013857,-0.0000676,16:04:30..324,,,,
16:04:30..364,41.54257917,0.169651,-0.00041996,0.00062222,0.00036311,-0.00017998,0.00092389,0.00016761,-0.00013947,-0.00006822,16:04:30..367,,,,
16:04:30..423,41.74943877,0.169498,-0.00041992,0.00062119,0.00036273,-0.00018006,0.0009248,0.00016748,-0.00013925,-0.00006793,16:04:30..466,,,,
16:04:30..487,41.72358132,0.169498,-0.00041973,0.0006227,0.00036366,-0.00017958,0.00092381,0.00016768,-0.0001387,-0.00006786,16:04:30..466,,,,
16:04:30..522,41.66669493,0.169272,-0.00042028,0.00062139,0.0003633,-0.000179,0.00092443,0.00016853,-0.00013854,-0.00006807,16:04:30..556,,,,
16:04:30..654,41.62015152,0.169272,-0.00042054,0.00062075,0.00036323,-0.00017962,0.00092466,0.00016838,-0.00013942,-0.00006779,16:04:30..647,,,,
16:04:30..689,41.61498003,0.169249,-0.0004203,0.00062022,0.00036295,-0.00018014,0.0009228,0.00016658,-0.00013891,-0.00006907,16:04:30..690,,,,
16:04:30..751,41.5787796,0.169214,-0.00042044,0.00062003,0.00036237,-0.0001803,0.0009226,0.00016666,-0.00013883,-0.00006955,16:04:30..831,,,,
16:04:30..855,41.57360811,0.169214,-0.00041974,0.00062018,0.00036237,-0.00018032,0.00092264,0.00016627,-0.00013876,-0.00006889,16:04:30..831,,,,
16:04:30..886,40.5444816,0.168914,-0.00042131,0.00061621,0.00036195,-0.00017993,0.00092267,0.00016496,-0.0001387,-0.00006894,16:04:30..918,,,,
16:04:31..033,38.04148044,0.168914,-0.00042055,0.00061708,0.00036167,-0.00017969,0.00092195,0.00016493,-0.00013881,-0.00006908,16:04:31..025,,,,
16:04:31..066,10.47226725,0.164514,-0.00043493,0.00060772,0.00036222,-0.00018024,0.00090864,0.0001506,-0.00013616,-0.00006771,16:04:31..069,,,,
16:04:31..182,19.41894495,0.164514,-0.00043522,0.00060786,0.00036244,-0.00017968,0.00090805,0.00015006,-0.00013623,-0.00006756,16:04:31..173,,,,
16:04:31..215,28.96551549,0.15021,-0.00047341,0.00059822,0.00036375,-0.00018136,0.00087464,0.00010617,-0.00013189,-0.00006121,16:04:31..219,,,,
16:04:31..320,33.00444918,0.15021,-0.00047293,0.00059883,0.0003643,-0.00018109,0.00087392,0.00010614,-0.00013192,-0.00006078,16:04:31..313,,,,
16:04:31..353,27.06757866,0.138368,-0.00048971,0.00059366,0.00036542,-0.00018306,0.0008551,0.00008551,-0.0001287,-0.00006015,16:04:31..358,,,,
16:04:31..386,26.5297437,0.132233,-0.00049409,0.00059139,0.00036541,-0.00018289,0.0008529,0.00008216,-0.00012901,-0.00006043,16:04:31..401,,,,
16:04:31..474,24.54389154,0.132233,-0.00049416,0.00059061,0.00036523,-0.0001827,0.00085314,0.000082,-0.00012862,-0.0000608,16:04:31..508,,,,
16:04:31..532,22.59423981,0.132233,-0.00049453,0.00059125,0.00036535,-0.00018258,0.0008517,0.0000819,-0.00012891,-0.00006075,16:04:31..508,,,,
16:04:31..566,22.20637806,0.108857,-0.00051275,0.00058479,0.00036606,-0.00018356,0.00083919,0.00006816,-0.00012784,-0.00005829,16:04:31..595,,,,
16:04:31..703,21.57545628,0.108857,-0.0005125,0.0005857,0.00036653,-0.00018345,0.00083883,0.00006809,-0.00012758,-0.00005761,16:04:31..695,,,,
16:04:31..736,20.60838765,0.09294,-0.00052694,0.00058145,0.000367,-0.00018365,0.00082569,0.00005362,-0.00012602,-0.00005749,16:04:31..737,,,,
16:04:31..850,20.45841444,0.09294,-0.00052674,0.00058121,0.0003668,-0.00018399,0.00082694,0.0000537,-0.00012517,-0.00005694,16:04:31..844,,,,
16:04:31..884,18.83973807,0.078767,-0.00053632,0.0005776,0.00036619,-0.00018375,0.00081745,0.00004198,-0.00012504,-0.00005942,16:04:31..888,,,,
16:04:31..998,18.61219251,0.078767,-0.00053616,0.00057736,0.0003668,-0.00018354,0.00081845,0.00004241,-0.0001252,-0.00005936,16:04:31..989,,,,
16:04:32..028,17.63995239,0.066771,-0.00054507,0.00057951,0.000368,-0.00018408,0.00081125,0.00003896,-0.00012437,-0.00005853,16:04:32..033,,,,
16:04:32..086,17.37103491,0.059657,-0.00054494,0.00057879,0.00036752,-0.00018446,0.00081236,0.00003856,-0.00012467,-0.00005766,16:04:32..138,,,,
16:04:32..201,16.84354293,0.059657,-0.00054487,0.00057961,0.00036771,-0.00018464,0.0008114,0.00003846,-0.00012418,-0.00005744,16:04:32..195,,,,
16:04:32..234,16.2384786,0.053442,-0.00055796,0.00057118,0.00036806,-0.00018442,0.00080531,0.00003169,-0.000123,-0.00005786,16:04:32..238,,,,
16:04:32..349,16.11436284,0.053442,-0.00055744,0.00057233,0.00036827,-0.00018373,0.00080422,0.00003182,-0.00012303,-0.0000572,16:04:32..342,,,,
16:04:32..382,15.39552573,0.045555,-0.00056146,0.00057334,0.00036836,-0.00018493,0.00079836,0.00002173,-0.00012279,-0.00005931,16:04:32..385,,,,
16:04:32..496,15.09040782,0.045555,-0.00056155,0.00057325,0.00036806,-0.00018488,0.00079912,0.00002255,-0.00012257,-0.00005836,16:04:32..490,,,,
16:04:32..529,14.54222988,0.039413,-0.00056774,0.00057032,0.00036892,-0.00018508,0.00079484,0.00001961,-0.00012244,-0.00005828,16:04:32..534,,,,
16:04:32..660,14.20091154,0.039413,-0.00056799,0.00057024,0.00036838,-0.00018537,0.00079471,0.00001842,-0.00012269,-0.00005814,16:04:32..652,,,,
16:04:32..693,13.62170466,0.03606,-0.00057428,0.00056397,0.00036832,-0.00018539,0.00078977,0.00001481,-0.00012181,-0.00005897,16:04:32..697,,,,
16:04:32..741,13.57516125,0.033086,-0.0005744,0.0005639,0.00036825,-0.00018527,0.00079024,0.00001507,-0.00012171,-0.00005901,16:04:32..782,,,,
16:04:32..824,13.32175824,0.033086,-0.0005744,0.00056386,0.00036846,-0.00018463,0.00078988,0.00001554,-0.00012131,-0.00005841,16:04:32..782,,,,
16:04:32..859,12.86149563,0.029426,-0.00057994,0.00056296,0.00036888,-0.00018586,0.0007875,0.0000094,-0.00012164,-0.00006029,16:04:32..827,,,,
16:04:32..959,12.75806583,0.029426,-0.00057977,0.00056421,0.00036926,-0.00018538,0.00078656,0.00000952,-0.00012105,-0.00005966,16:04:33..002,,,,
16:04:33..029,12.33400365,0.029426,-0.00057984,0.00056277,0.00036855,-0.00018529,0.00078731,0.00001005,-0.00012093,-0.0000595,16:04:33..002,,,,
16:04:33..063,11.97199935,0.025704,-0.00058376,0.00055953,0.00036859,-0.00018673,0.00077927,0.00000121,-0.00012063,-0.00006013,16:04:33..090,,,,
16:04:33..203,11.8427121,0.025704,-0.00058325,0.0005599,0.00036819,-0.00018621,0.00077982,0.00000169,-0.00012113,-0.00005965,16:04:33..196,,,,
16:04:33..236,11.39796396,0.023718,-0.00058787,0.00055455,0.00036786,-0.0001872,0.0007759,-0.00000215,-0.00012033,-0.00006035,16:04:33..241,,,,
16:04:33..352,11.27901969,0.023718,-0.0005874,0.00055533,0.00036838,-0.00018676,0.00077472,-0.00000252,-0.00011978,-0.00006013,16:04:33..345,,,,
16:04:33..384,10.83944304,0.02169,-0.00059215,0.0005554,0.00036867,-0.00018626,0.00077452,-0.00000492,-0.00012014,-0.0000615,16:04:33..390,,,,
16:04:33..497,10.89632943,0.02169,-0.00059268,0.00055549,0.00036835,-0.0001866,0.00077576,-0.00000531,-0.00012017,-0.00006199,16:04:33..489,,,,
16:04:33..529,10.27057914,0.020006,-0.0005963,0.00054218,0.00036788,-0.00018703,0.00077022,-0.00000208,-0.00011893,-0.00005978,16:04:33..532,,,,
16:04:33..631,10.20334977,0.020006,-0.00059597,0.00054215,0.00036774,-0.00018656,0.00076989,-0.00000239,-0.00011867,-0.00006026,16:04:33..624,,,,
16:04:33..664,9.7741161,0.018882,-0.00059834,0.0005506,0.0003679,-0.0001878,0.00076908,-0.00001182,-0.0001192,-0.00006389,16:04:33..669,,,,
16:04:33..773,9.79997355,0.018882,-0.00059813,0.0005508,0.00036781,-0.00018758,0.0007686,-0.00001245,-0.00011948,-0.00006403,16:04:33..765,,,,
16:04:33..805,9.50519862,0.018295,-0.00060257,0.00054367,0.00036777,-0.00018744,0.00076887,-0.00001553,-0.00011926,-0.0000669,16:04:33..808,,,,
16:04:33..919,9.35522541,0.018295,-0.0006023,0.00054319,0.00036786,-0.00018742,0.00076835,-0.00001491,-0.00011902,-0.00006636,16:04:33..910,,,,
16:04:33..950,9.01907856,0.017874,-0.00060289,0.00053613,0.0003668,-0.00018802,0.0007648,-0.00001755,-0.00011816,-0.00006642,16:04:33..955,,,,
16:04:33..983,9.14319432,0.017706,-0.00060308,0.00054342,0.00036718,-0.00018786,0.00076271,-0.00001815,-0.00011788,-0.00006683,16:04:33..997,,,,
16:04:34..088,9.13285134,0.017706,-0.0006029,0.00054332,0.00036697,-0.00018846,0.00076387,-0.00001746,-0.00011783,-0.00006604,16:04:34..080,,,,
16:04:34..121,8.76050406,0.017447,-0.00060563,0.0005492,0.00036839,-0.00018742,0.00076301,-0.00001937,-0.00011856,-0.00006695,16:04:34..124,,,,
16:04:34..231,8.72947512,0.017447,-0.00060553,0.00054831,0.00036867,-0.00018796,0.00076366,-0.00001869,-0.00011815,-0.00006655,16:04:34..222,,,,
16:04:34..261,8.40367125,0.017395,-0.00060807,0.00054629,0.00036855,-0.00018826,0.00076265,-0.00001655,-0.00011723,-0.00006576,16:04:34..266,,,,
16:04:34..390,8.35712784,0.017395,-0.00060902,0.00054586,0.00036839,-0.0001878,0.00076334,-0.00001655,-0.00011694,-0.00006503,16:04:34..384,,,,
16:04:34..422,8.13475377,0.017427,-0.0006086,0.00055727,0.00036838,-0.00018922,0.00075964,-0.00002465,-0.0001175,-0.00006856,16:04:34..427,,,,
16:04:34..493,8.02098099,0.017431,-0.00060855,0.00055735,0.00036829,-0.00018925,0.00075983,-0.00002454,-0.00011664,-0.00006823,16:04:34..536,,,,
16:04:34..555,7.92789417,0.017431,-0.00060839,0.00055758,0.00036806,-0.00018928,0.00076008,-0.00002428,-0.00011729,-0.00006814,16:04:34..536,,,,
16:04:34..591,7.71586308,0.017427,-0.0006121,0.00054589,0.00036928,-0.00018853,0.00075978,-0.00001984,-0.00011621,-0.00006926,16:04:34..622,,,,
16:04:34..712,7.68483414,0.017427,-0.00061152,0.00054618,0.00036949,-0.00018828,0.00075878,-0.00001915,-0.00011659,-0.000069,16:04:34..706,,,,
16:04:34..745,7.48314603,0.017121,-0.00061365,0.0005366,0.00036858,-0.00018923,0.000756,-0.00001702,-0.00011476,-0.00006253,16:04:34..749,,,,
16:04:34..873,7.36937325,0.017121,-0.00061376,0.00053586,0.00036826,-0.00018934,0.00075665,-0.00001654,-0.00011476,-0.00006257,16:04:34..865,,,,
16:04:34..906,7.01254044,0.016872,-0.00061521,0.00055786,0.00036971,-0.00018876,0.00075847,-0.00002822,-0.00011573,-0.00007346,16:04:34..909,,,,
16:04:35..017,7.01254044,0.016872,-0.00061486,0.00055805,0.00036961,-0.00018874,0.00075841,-0.00002841,-0.00011614,-0.00007316,16:04:35..009,,,,
16:04:35..049,6.8263668,0.016788,-0.00061713,0.00054395,0.00037005,-0.00018895,0.00075626,-0.00002374,-0.00011423,-0.0000711,16:04:35..052,,,,
16:04:35..112,7.03839789,0.016787,-0.00061711,0.0005433,0.00036963,-0.00018951,0.00075679,-0.00002393,-0.00011398,-0.00007138,16:04:35..153,,,,
16:04:35..182,6.7746519,0.016787,-0.00061701,0.00054358,0.00036966,-0.00018905,0.00075692,-0.00002329,-0.00011429,-0.00007094,16:04:35..153,,,,
16:04:35..216,6.74879445,0.016566,-0.00061803,0.00054469,0.0003693,-0.00018987,0.00075686,-0.00002475,-0.00011354,-0.00006963,16:04:35..240,,,,
16:04:35..363,6.56262081,0.016566,-0.00061834,0.00054474,0.0003697,-0.00018964,0.00075584,-0.00002473,-0.00011389,-0.0000701,16:04:35..355,,,,
16:04:35..398,6.40230462,0.016036,-0.00062042,0.00055067,0.00037004,-0.00018877,0.00075821,-0.00002743,-0.00011313,-0.00007461,16:04:35..398,,,,
16:04:35..499,6.40230462,0.016036,-0.00061992,0.00055047,0.00037007,-0.00018912,0.00075836,-0.00002749,-0.00011322,-0.00007467,16:04:35..493,,,,
16:04:35..533,6.3092178,0.016002,-0.00061979,0.00055143,0.00037014,-0.00018937,0.00076045,-0.00002498,-0.00011308,-0.00007231,16:04:35..536,,,,
16:04:35..648,6.45401952,0.016002,-0.00061963,0.00055193,0.00037064,-0.00018903,0.00075987,-0.00002524,-0.00011248,-0.00007182,16:04:35..640,,,,
16:04:35..681,6.32473227,0.016148,-0.00062094,0.00054721,0.0003708,-0.00018935,0.00075879,-0.00002752,-0.00011375,-0.00007431,16:04:35..684,,,,
16:04:35..784,6.32990376,0.016148,-0.00062071,0.00054664,0.00037023,-0.00018909,0.00075949,-0.0000279,-0.00011343,-0.00007411,16:04:35..779,,,,
16:04:35..816,6.3092178,0.016292,-0.00062156,0.00054414,0.00037045,-0.00018901,0.00075956,-0.00002637,-0.00011293,-0.0000742,16:04:35..820,,,,
16:04:35..923,6.16958757,0.016292,-0.00062133,0.00054376,0.00037068,-0.00018953,0.00076071,-0.00002617,-0.00011257,-0.00007381,16:04:35..915,,,,
16:04:35..955,6.28853184,0.016373,-0.0006209,0.00054807,0.0003708,-0.0001887,0.00076169,-0.00002554,-0.00011259,-0.00007231,16:04:35..960,,,,
16:04:36..011,6.24715992,0.016575,-0.00062109,0.00054717,0.00037076,-0.00018925,0.00076269,-0.00002536,-0.00011217,-0.00007239,16:04:36..051,,,,
16:04:36..111,6.22130247,0.016575,-0.00062101,0.00054778,0.00037078,-0.00018921,0.00076134,-0.00002532,-0.00011237,-0.00007272,16:04:36..106,,,,
16:04:36..145,6.31438929,0.016737,-0.00062096,0.00055525,0.0003712,-0.00018825,0.00075646,-0.00003093,-0.00011403,-0.00007696,16:04:36..150,,,,
16:04:36..261,6.19027353,0.016737,-0.00062112,0.0005557,0.00037086,-0.00018859,0.00075647,-0.00003079,-0.00011333,-0.00007647,16:04:36..252,,,,
16:04:36..292,6.23681694,0.01693,-0.00061948,0.00056566,0.00037206,-0.00018953,0.00076412,-0.00002772,-0.00011251,-0.00007387,16:04:36..295,,,,
16:04:36..411,6.24198843,0.01693,-0.00062039,0.00056536,0.00037175,-0.00018967,0.00076439,-0.00002791,-0.00011222,-0.00007351,16:04:36..402,,,,
16:04:36..444,6.30404631,0.016914,-0.00062095,0.0005477,0.0003698,-0.00018945,0.00075548,-0.00003135,-0.00011332,-0.0000737,16:04:36..446,,,,
16:04:36..510,6.2575029,0.016989,-0.00062119,0.00054792,0.00037071,-0.00018911,0.00075427,-0.00003108,-0.00011364,-0.00007423,16:04:36..547,,,,
16:04:36..614,6.26267439,0.016989,-0.00062117,0.00054734,0.00036998,-0.00018947,0.00075513,-0.00003106,-0.0001133,-0.00007343,16:04:36..608,,,,
16:04:36..648,6.26784588,0.01697,-0.00062027,0.00055688,0.00037061,-0.00018871,0.00075527,-0.00003127,-0.00011319,-0.00007651,16:04:36..608,,,,
16:04:36..746,6.29887482,0.017057,-0.00062047,0.00055672,0.00037078,-0.00018888,0.00075518,-0.00003091,-0.00011281,-0.00007685,16:04:36..782,,,,
16:04:36..852,6.24715992,0.017057,-0.00062063,0.0005563,0.00037027,-0.00018901,0.00075542,-0.00003098,-0.00011263,-0.00007665,16:04:36..849,,,,
16:04:36..886,6.27818886,0.016893,-0.00062307,0.00054333,0.00037083,-0.00018887,0.00077037,-0.0000266,-0.00011336,-0.0000742,16:04:36..849,,,,
16:04:36..975,6.33507525,0.016812,-0.00062304,0.00054314,0.00037068,-0.00018854,0.00077045,-0.00002637,-0.00011264,-0.00007436,16:04:37..017,,,,
16:04:37..070,6.17475906,0.016812,-0.00062271,0.00054331,0.00037039,-0.00018907,0.00076965,-0.00002713,-0.00011297,-0.00007435,16:04:37..063,,,,
16:04:37..104,6.3092178,0.01673,-0.00062299,0.00054192,0.00037009,-0.00018981,0.00076026,-0.00002899,-0.00011235,-0.00007448,16:04:37..108,,,,
16:04:37..242,6.31956078,0.01673,-0.00062293,0.00054316,0.00037052,-0.00018957,0.00075917,-0.00002908,-0.00011302,-0.00007514,16:04:37..235,,,,
16:04:37..277,6.22647396,0.016731,-0.00062415,0.00053317,0.00036956,-0.00018894,0.000757,-0.00003076,-0.0001133,-0.00007737,16:04:37..280,,,,
16:04:37..395,6.22130247,0.016731,-0.00062384,0.00053336,0.00036934,-0.00018894,0.00075728,-0.00003097,-0.0001132,-0.00007727,16:04:37..390,,,,
16:04:37..428,6.23681694,0.016769,-0.00062448,0.00053214,0.00036971,-0.0001893,0.00076387,-0.00002697,-0.00011226,-0.00007523,16:04:37..433,,,,
16:04:37..551,6.38679015,0.016769,-0.00062401,0.00053178,0.00037014,-0.00018921,0.0007651,-0.00002636,-0.00011189,-0.0000748,16:04:37..542,,,,
16:04:37..584,6.33507525,0.016602,-0.00062341,0.00053658,0.00036954,-0.00019,0.00076208,-0.00002433,-0.00011191,-0.00006993,16:04:37..585,,,,
16:04:37..705,6.35576121,0.016602,-0.00062307,0.000536,0.00036924,-0.00019069,0.00076403,-0.00002437,-0.00011099,-0.00006915,16:04:37..697,,,,
16:04:37..737,6.17993055,0.016814,-0.00062265,0.00053849,0.00036957,-0.00019008,0.0007564,-0.00002629,-0.00011187,-0.0000705,16:04:37..741,,,,
16:04:37..839,6.10752969,0.016814,-0.00062265,0.00053829,0.00036977,-0.00019048,0.00075704,-0.00002619,-0.00011156,-0.00007041,16:04:37..834,,,,
16:04:37..871,6.20061651,0.016701,-0.00062273,0.00053383,0.00036902,-0.00019007,0.00076089,-0.00002124,-0.00011173,-0.00006769,16:04:37..878,,,,
16:04:37..992,6.27301737,0.016701,-0.00062302,0.00053301,0.0003691,-0.00019066,0.00076141,-0.00002157,-0.00011117,-0.00006747,16:04:37..984,,,,
16:04:38..023,6.39196164,0.016663,-0.00062098,0.00053814,0.00036844,-0.00019128,0.00075285,-0.00002427,-0.00011166,-0.00006594,16:04:38..027,,,,
16:04:38..058,6.16441608,0.016702,-0.00062261,0.00053974,0.00036894,-0.00019,0.00075682,-0.00002604,-0.00011155,-0.00007102,16:04:38..071,,,,
16:04:38..133,6.16441608,0.016702,-0.00062306,0.00053933,0.00036862,-0.00019008,0.00075784,-0.00002592,-0.0001118,-0.00007134,16:04:38..182,,,,
16:04:38..196,6.15924459,0.016702,-0.00062273,0.0005399,0.00036894,-0.00018984,0.00075674,-0.00002628,-0.00011146,-0.00007103,16:04:38..182,,,,
16:04:38..230,6.27818886,0.016159,-0.00062584,0.00051529,0.00036707,-0.00018903,0.00075372,-0.00003006,-0.00011174,-0.00007518,16:04:38..270,,,,
16:04:38..354,6.3609327,0.016159,-0.00062544,0.00051505,0.000367,-0.00018897,0.000753,-0.00003013,-0.00011169,-0.00007486,16:04:38..346,,,,
16:04:38..386,6.26784588,0.015888,-0.00062252,0.00053265,0.00036757,-0.00019022,0.00075082,-0.00003127,-0.00011211,-0.00007212,16:04:38..389,,,,
16:04:38..493,6.02995734,0.015888,-0.00062248,0.00053233,0.00036672,-0.00019045,0.00075086,-0.00003205,-0.00011188,-0.00007253,16:04:38..485,,,,
16:04:38..526,6.16441608,0.01595,-0.00061185,0.00052836,0.00036586,-0.00018219,0.00076333,-0.00002846,-0.00011167,-0.00006785,16:04:38..529,,,,
16:04:38..576,6.26784588,0.015945,-0.00061251,0.00052847,0.00036598,-0.0001821,0.00076311,-0.00002843,-0.00011187,-0.00006686,16:04:38..571,,,,
16:04:38..649,6.27301737,0.015945,-0.00061249,0.00052831,0.00036579,-0.00018187,0.00076332,-0.00002812,-0.0001116,-0.00006761,16:04:38..615,,,,
16:04:38..683,6.19027353,0.015939,-0.00061524,0.00052917,0.00036583,-0.00018467,0.00075637,-0.00003078,-0.00011191,-0.00006957,16:04:38..703,,,,
16:04:38..736,6.24198843,0.015875,-0.00061486,0.00052893,0.00036531,-0.00018508,0.00075733,-0.00003058,-0.00011229,-0.00006956,16:04:38..745,,,,
16:04:38..789,6.25233141,0.015543,-0.00061507,0.00052941,0.00036603,-0.00018489,0.00075646,-0.00003062,-0.00011196,-0.00007003,16:04:38..818,,,,
16:04:38..880,6.18510204,0.015543,-0.000615,0.00052867,0.00036602,-0.00018521,0.00075728,-0.00003092,-0.00011182,-0.00006993,16:04:38..873,,,,
16:04:38..913,6.2575029,0.015413,-0.00061536,0.0005282,0.0003656,-0.00018413,0.00075698,-0.00002973,-0.00011109,-0.00006991,16:04:38..917,,,,
16:04:38..947,6.23164545,0.015338,-0.00061697,0.00052945,0.00036564,-0.0001865,0.00075397,-0.00003073,-0.00011172,-0.00007127,16:04:38..917,,,,
16:04:39..014,6.19544502,0.015338,-0.00061725,0.00052875,0.00036476,-0.00018691,0.00075519,-0.00003089,-0.00011158,-0.0000717,16:04:39..055,,,,
16:04:39..077,6.28336035,0.015338,-0.00061702,0.00052951,0.00036577,-0.00018645,0.000754,-0.00003096,-0.00011145,-0.00007152,16:04:39..055,,,,
16:04:39..110,6.16958757,0.015478,-0.00061856,0.000526,0.00036534,-0.00018768,0.000753,-0.00003154,-0.00011167,-0.00007226,16:04:39..145,,,,
16:04:39..233,6.24198843,0.015478,-0.00061876,0.00052513,0.0003652,-0.00018757,0.00075312,-0.00003105,-0.00011175,-0.00007225,16:04:39..225,,,,
16:04:39..265,6.19544502,0.015554,-0.00062089,0.00052282,0.00036509,-0.00018927,0.00075074,-0.00003145,-0.00011186,-0.00007345,16:04:39..269,,,,
16:04:39..377,6.17993055,0.015554,-0.00062074,0.00052291,0.00036535,-0.00018924,0.00075026,-0.00003121,-0.00011206,-0.00007313,16:04:39..370,,,,
16:04:39..410,6.28853184,0.015588,-0.00062223,0.00052371,0.00036544,-0.00019075,0.00074904,-0.00003154,-0.0001117,-0.0000739,16:04:39..413,,,,
16:04:39..444,6.24715992,0.015637,-0.00062173,0.00052383,0.00036571,-0.00018984,0.00074843,-0.00003176,-0.00011156,-0.00007397,16:04:39..458,,,,
16:04:39..505,6.21613098,0.015685,-0.00062223,0.00052355,0.00036529,-0.00019074,0.00074942,-0.00003161,-0.00011164,-0.00007319,16:04:39..554,,,,
16:04:39..599,6.2575029,0.015685,-0.00062147,0.00052362,0.00036515,-0.00019004,0.00074822,-0.00003199,-0.00011149,-0.00007369,16:04:39..554,,,,
16:04:39..633,6.24198843,0.015863,-0.00062219,0.00052471,0.00036551,-0.00019009,0.0007495,-0.00003148,-0.00011162,-0.00007404,16:04:39..643,,,,
16:04:39..772,6.24715992,0.015863,-0.00062199,0.00052449,0.00036535,-0.00018996,0.00075016,-0.00003183,-0.00011166,-0.00007399,16:04:39..766,,,,
16:04:39..805,6.205788,0.015924,-0.00062227,0.00052323,0.00036544,-0.0001905,0.00075063,-0.00003228,-0.00011207,-0.00007379,16:04:39..810,,,,
16:04:39..916,6.205788,0.015924,-0.00062242,0.00052362,0.0003655,-0.00019013,0.00075001,-0.00003244,-0.0001123,-0.00007402,16:04:39..907,,,,
16:04:39..947,6.24198843,0.01577,-0.00061984,0.0005215,0.0003652,-0.00018749,0.00075373,-0.00003149,-0.00011261,-0.00007239,16:04:39..950,,,,
16:04:40..048,6.26784588,0.01577,-0.00062009,0.00052059,0.00036462,-0.00018787,0.00075479,-0.00003119,-0.00011156,-0.00007169,16:04:40..041,,,,
16:04:40..081,6.24715992,0.015676,-0.00061987,0.00052251,0.00036482,-0.00018815,0.00075397,-0.0000317,-0.00011235,-0.00007207,16:04:40..084,,,,
16:04:40..190,6.30404631,0.015676,-0.00062015,0.00052187,0.00036486,-0.00018824,0.00075484,-0.00003197,-0.00011165,-0.00007198,16:04:40..182,,,,
16:04:40..224,6.32990376,0.01546,-0.00062088,0.00052233,0.00036493,-0.00018848,0.00075382,-0.0000312,-0.00011144,-0.00007178,16:04:40..226,,,,
16:04:40..330,6.205788,0.01546,-0.00062045,0.00052272,0.00036472,-0.00018854,0.00075286,-0.00003142,-0.00011182,-0.00007271,16:04:40..324,,,,
16:04:40..365,6.25233141,0.015444,-0.00062257,0.00052376,0.00036492,-0.00019114,0.00074907,-0.00003307,-0.00011266,-0.00007379,16:04:40..366,,,,
16:04:40..475,6.17993055,0.015444,-0.00062321,0.00052424,0.00036512,-0.00019106,0.00074827,-0.00003333,-0.00011263,-0.00007396,16:04:40..467,,,,
16:04:40..508,5.94204201,0.014944,-0.00061862,0.00052851,0.00036525,-0.0001881,0.00075136,-0.00003194,-0.00011202,-0.00007373,16:04:40..514,,,,
16:04:40..614,6.69190806,0.014944,-0.00061828,0.00052758,0.00036509,-0.00018848,0.00075179,-0.00003284,-0.00011201,-0.0000741,16:04:40..606,,,,
16:04:40..647,5.78172582,0.014687,-0.00062015,0.00052266,0.00036475,-0.00019005,0.00075323,-0.00002951,-0.00011005,-0.00007116,16:04:40..650,,,,
16:04:40..701,5.36283513,0.014578,-0.00062062,0.00052233,0.0003649,-0.00018982,0.00075233,-0.00002962,-0.00011042,-0.00007189,16:04:40..693,,,,
16:04:40..749,7.240086,0.014578,-0.00061974,0.00052188,0.0003645,-0.00019004,0.00075212,-0.00002946,-0.00010986,-0.0000715,16:04:40..736,,,,
16:04:40..781,5.62658112,0.014651,-0.00062066,0.00052209,0.00036486,-0.00019056,0.00074821,-0.00003286,-0.00011232,-0.00007156,16:04:40..829,,,,
16:04:40..903,6.51090591,0.014651,-0.00062073,0.00052235,0.0003649,-0.00019108,0.00074809,-0.00003358,-0.00011237,-0.0000716,16:04:40..897,,,,
16:04:40..937,6.1540731,0.014679,-0.00061706,0.00051885,0.00036451,-0.00018842,0.0007527,-0.00003036,-0.00011091,-0.00006887,16:04:40..940,,,,
16:04:41..053,6.40230462,0.014679,-0.00061707,0.00051793,0.000364,-0.00018857,0.0007535,-0.00003028,-0.00011095,-0.00006868,16:04:41..045,,,,
16:04:41..086,6.26784588,0.015068,-0.00062172,0.00052274,0.00036478,-0.00019155,0.00074803,-0.00003216,-0.00011151,-0.00007234,16:04:41..088,,,,
16:04:41..146,6.39196164,0.015249,-0.00062111,0.00052328,0.00036509,-0.00019148,0.00074743,-0.00003268,-0.00011181,-0.00007263,16:04:41..181,,,,
16:04:41..223,6.32473227,0.01537,-0.00062155,0.0005231,0.00036427,-0.00019143,0.00074842,-0.00003258,-0.00011222,-0.0000726,16:04:41..266,,,,
16:04:41..281,6.24198843,0.01537,-0.00062166,0.00052385,0.00036468,-0.0001915,0.00074774,-0.00003231,-0.00011226,-0.00007263,16:04:41..266,,,,
16:04:41..315,6.27301737,0.015938,-0.00062258,0.00052162,0.00036517,-0.00019025,0.00074777,-0.0000325,-0.00011201,-0.00007336,16:04:41..380,,,,
16:04:41..435,6.24198843,0.015938,-0.00062287,0.0005205,0.00036489,-0.00019163,0.0007485,-0.00003226,-0.00011206,-0.00007368,16:04:41..429,,,,
16:04:41..470,6.21095949,0.016193,-0.0006239,0.000522,0.00036466,-0.00019142,0.000749,-0.00003308,-0.00011263,-0.0000747,16:04:41..474,,,,
16:04:41..614,6.16958757,0.016193,-0.00062439,0.00052228,0.00036482,-0.0001914,0.00074793,-0.00003395,-0.00011347,-0.00007456,16:04:41..605,,,,
16:04:41..646,6.24715992,0.016086,-0.00062053,0.00052197,0.00036453,-0.00019074,0.00074936,-0.00003245,-0.00011202,-0.00007058,16:04:41..647,,,,
16:04:41..785,6.19027353,0.016086,-0.00062063,0.00052182,0.00036414,-0.00019056,0.00075001,-0.00003256,-0.00011183,-0.00007018,16:04:41..777,,,,
16:04:41..818,6.205788,0.015786,-0.00062144,0.00052264,0.00036439,-0.00019029,0.00074966,-0.00003269,-0.00011287,-0.00007235,16:04:41..820,,,,
16:04:41..853,6.22130247,0.015634,-0.00062076,0.00052118,0.00036447,-0.00018998,0.00075121,-0.00003207,-0.0001121,-0.00007109,16:04:41..862,,,,
16:04:41..952,6.17993055,0.015634,-0.00062049,0.00052183,0.00036467,-0.00019025,0.00075091,-0.0000322,-0.0001121,-0.00007087,16:04:41..943,,,,
16:04:41..984,6.22647396,0.015732,-0.00061926,0.00052054,0.00036408,-0.00018825,0.00075511,-0.00003162,-0.00011217,-0.00006934,16:04:41..986,,,,
16:04:42..146,6.19027353,0.015732,-0.0006191,0.0005206,0.00036405,-0.00018821,0.00075521,-0.00003154,-0.00011259,-0.00006916,16:04:42..141,,,,
16:04:42..180,6.24198843,0.015707,-0.00062432,0.00051941,0.00036401,-0.0001918,0.00074898,-0.00003331,-0.00011293,-0.00007365,16:04:42..185,,,,
16:04:42..280,6.23681694,0.015707,-0.00062426,0.00051985,0.00036474,-0.0001915,0.00074762,-0.00003347,-0.00011286,-0.00007371,16:04:42..330,,,,
16:04:42..346,6.27301737,0.015707,-0.00062395,0.00051944,0.00036432,-0.00019181,0.00074898,-0.00003335,-0.00011235,-0.00007375,16:04:42..330,,,,
16:04:42..379,6.02478585,0.015536,-0.00062011,0.00051948,0.00036365,-0.0001873,0.00075692,-0.00003267,-0.00011314,-0.00006933,16:04:42..375,,,,
16:04:42..424,6.32473227,0.015372,-0.00061916,0.00051979,0.00036381,-0.00018769,0.00075763,-0.00003278,-0.00011329,-0.0000694,16:04:42..464,,,,
16:04:42..499,6.23681694,0.015372,-0.00061934,0.00052006,0.00036382,-0.00018717,0.00075742,-0.00003282,-0.00011275,-0.0000694,16:04:42..464,,,,
16:04:42..533,6.23164545,0.015355,-0.000616,0.00052547,0.00036369,-0.00018667,0.0007559,-0.00003173,-0.0001118,-0.00006833,16:04:42..552,,,,
16:04:42..670,6.13855863,0.015355,-0.00061599,0.00052607,0.00036391,-0.00018687,0.00075511,-0.00003138,-0.00011221,-0.00006839,16:04:42..661,,,,
16:04:42..701,6.25233141,0.015584,-0.00062495,0.00052515,0.00036524,-0.00019051,0.00074861,-0.00003527,-0.00011413,-0.00007717,16:04:42..704,,,,
16:04:42..880,6.13855863,0.015584,-0.00062499,0.00052409,0.00036449,-0.00019106,0.00074994,-0.00003514,-0.000114,-0.00007767,16:04:42..870,,,,
16:04:42..911,6.29887482,0.015402,-0.00063268,0.0004999,0.00036313,-0.00018703,0.00074884,-0.0000209,-0.00010804,-0.00007309,16:04:42..913,,,,
16:04:43..050,6.26267439,0.015402,-0.0006323,0.0004997,0.00036281,-0.00018765,0.00074901,-0.00002037,-0.000108,-0.00007319,16:04:43..043,,,,
16:04:43..085,6.21613098,0.015156,-0.00063447,0.0004976,0.00036222,-0.00019129,0.00075083,-0.00001133,-0.00011044,-0.00006635,16:04:43..088,,,,
16:04:43..128,6.03512883,0.014841,-0.00063442,0.00049831,0.00036265,-0.00019074,0.00075017,-0.00001155,-0.00011059,-0.00006637,16:04:43..133,,,,
16:04:43..229,6.29887482,0.014841,-0.00063444,0.00049791,0.00036267,-0.00019069,0.00075071,-0.00001181,-0.00011023,-0.00006702,16:04:43..133,,,,
16:04:43..262,6.19544502,0.014443,-0.00063383,0.00050512,0.00036365,-0.00018363,0.00076692,-0.00000498,-0.00010828,-0.00007309,16:04:43..276,,,,
16:04:43..418,6.43333356,0.014443,-0.00063407,0.00050517,0.00036331,-0.00018364,0.00076718,-0.00000512,-0.00010822,-0.0000722,16:04:43..410,,,,
16:04:43..451,6.19027353,0.014601,-0.00063376,0.00050224,0.00036298,-0.0001894,0.00076113,0.00000306,-0.00010778,-0.00006136,16:04:43..453,,,,
16:04:43..574,6.15924459,0.014601,-0.00063392,0.00050252,0.00036309,-0.00018994,0.00075978,0.00000237,-0.00010818,-0.00006144,16:04:43..567,,,,
16:04:43..608,6.19544502,0.015042,-0.00063418,0.00050403,0.00036335,-0.00018435,0.00076949,0.00000028,-0.00010947,-0.00006867,16:04:43..609,,,,
16:04:43..695,6.20061651,0.015042,-0.00063416,0.00050384,0.00036332,-0.00018439,0.00076962,-0.00000021,-0.00010899,-0.00006888,16:04:43..690,,,,
16:04:43..729,6.13855863,0.015446,-0.00063451,0.00050248,0.00036301,-0.00018512,0.00076393,0.00000056,-0.00010728,-0.00006692,16:04:43..734,,,,
16:04:43..910,6.13855863,0.015446,-0.00063435,0.000502,0.00036264,-0.00018539,0.00076474,0.00000063,-0.00010723,-0.00006677,16:04:43..901,,,,
16:04:43..943,6.51090591,0.015984,-0.00063392,0.00050355,0.0003633,-0.00018658,0.00075155,0.00000269,-0.00010564,-0.00006334,16:04:44..005,,,,
16:04:44..073,6.10752969,0.015984,-0.00063435,0.00050401,0.00036343,-0.00018717,0.00075045,0.00000181,-0.00010565,-0.00006353,16:04:44..068,,,,
16:04:44..107,6.1540731,0.016137,-0.00063547,0.00050176,0.00036312,-0.00018384,0.00075594,0.00000668,-0.00010568,-0.00006312,16:04:44..112,,,,
16:04:44..227,6.24198843,0.016137,-0.0006351,0.00050232,0.00036333,-0.00018324,0.00075592,0.00000662,-0.00010573,-0.00006323,16:04:44..220,,,,
16:04:44..261,6.07650075,0.016303,-0.00063233,0.00050066,0.0003645,-0.00017477,0.00076248,-0.00001358,-0.00010695,-0.00006606,16:04:44..264,,,,
16:04:44..433,6.3092178,0.016303,-0.00063254,0.00050113,0.00036483,-0.00017413,0.00076247,-0.00001305,-0.00010738,-0.00006634,16:04:44..427,,,,
16:04:44..466,6.2575029,0.016402,-0.0006348,0.00050206,0.00036558,-0.00016927,0.00076336,0.0000128,-0.0001041,-0.0000616,16:04:44..471,,,,
16:04:44..614,6.27301737,0.016402,-0.00063506,0.00050218,0.00036577,-0.00016882,0.00076253,0.00001263,-0.00010377,-0.00006219,16:04:44..606,,,,
16:04:44..646,6.32473227,0.016129,-0.00063646,0.0005082,0.00036643,-0.00016724,0.00078514,0.0000454,-0.00010011,-0.00005759,16:04:44..650,,,,
16:04:44..705,6.2575029,0.016129,-0.00063663,0.0005085,0.00036634,-0.00016708,0.00078361,0.0000457,-0.00010042,-0.00005774,16:04:44..759,,,,
16:04:44..778,6.22130247,0.016129,-0.0006363,0.00050804,0.00036628,-0.00016727,0.00078505,0.00004565,-0.00009986,-0.00005747,16:04:44..759,,,,
16:04:44..812,6.27818886,0.015723,-0.00063601,0.00051084,0.00037297,-0.00014456,0.00078789,0.00004257,-0.0000991,-0.0000637,16:04:44..846,,,,
16:04:44..947,5.97824244,0.015723,-0.00063608,0.00050998,0.00037293,-0.000145,0.00078804,0.00004214,-0.00009852,-0.00006309,16:04:44..941,,,,
16:04:44..978,6.12821565,0.015674,-0.0006368,0.00050369,0.00036995,-0.00015561,0.00078301,0.00006018,-0.00009756,-0.00005075,16:04:44..941,,,,
16:04:45..050,6.4643625,0.015674,-0.00063699,0.00050405,0.00037032,-0.00015585,0.00078266,0.00005979,-0.00009776,-0.00005059,16:04:45..095,,,,
16:04:45..108,6.06615777,0.015674,-0.00063719,0.00050359,0.00036968,-0.00015619,0.00078281,0.00005946,-0.00009752,-0.00005046,16:04:45..095,,,,
16:04:45..142,6.30404631,0.015736,-0.00063808,0.00050935,0.00036937,-0.00016012,0.00081996,0.00004353,-0.00010346,-0.00006955,16:04:45..203,,,,
16:04:45..272,6.27301737,0.015736,-0.00063791,0.00051003,0.00036902,-0.00016003,0.00081958,0.00004327,-0.00010346,-0.00006893,16:04:45..270,,,,
16:04:45..304,6.28853184,0.015657,-0.00063728,0.00050771,0.00036744,-0.00016677,0.00079877,0.00001965,-0.00010549,-0.00007223,16:04:45..312,,,,
16:04:45..425,6.1540731,0.015657,-0.00063712,0.00050691,0.00036736,-0.00016714,0.00079945,0.00001902,-0.00010487,-0.0000726,16:04:45..417,,,,
16:04:45..458,6.21095949,0.015577,-0.00063679,0.00051474,0.00036984,-0.00015527,0.0008215,0.00001478,-0.00010876,-0.00008333,16:04:45..461,,,,
16:04:45..567,6.41781909,0.015577,-0.00063695,0.00051505,0.00037016,-0.00015478,0.00082026,0.00001455,-0.00010826,-0.00008386,16:04:45..559,,,,
16:04:45..599,6.29370333,0.01574,-0.00063519,0.00051413,0.0003718,-0.00015068,0.00080158,0.00001082,-0.00010746,-0.0000792,16:04:45..602,,,,
16:04:45..643,6.20061651,0.015762,-0.00063525,0.00051419,0.00037178,-0.00015109,0.000802,0.00001099,-0.00010709,-0.0000792,16:04:45..695,,,,
16:04:45..715,6.31956078,0.015762,-0.00063537,0.00051382,0.00037153,-0.00015175,0.00080082,0.00001017,-0.0001075,-0.00007952,16:04:45..695,,,,
16:04:45..750,6.23164545,0.01597,-0.00063742,0.00050609,0.00036649,-0.00017033,0.00079358,0.00001759,-0.0001058,-0.00007029,16:04:45..784,,,,
16:04:45..844,6.28336035,0.01597,-0.00063703,0.000506,0.00036628,-0.00016967,0.0007945,0.00001775,-0.00010546,-0.00007028,16:04:45..837,,,,
16:04:45..878,6.13855863,0.015942,-0.00063718,0.00050467,0.00036704,-0.00016774,0.00078426,0.00000373,-0.0001062,-0.0000783,16:04:45..880,,,,
16:04:45..927,6.20061651,0.015853,-0.00063761,0.00050512,0.00036653,-0.0001672,0.0007833,0.00000285,-0.000106,-0.00007853,16:04:45..976,,,,
16:04:45..990,6.26784588,0.015853,-0.00063761,0.00050506,0.00036688,-0.00016708,0.00078458,0.00000315,-0.00010578,-0.00007787,16:04:45..976,,,,
16:04:46..027,6.20061651,0.015742,-0.00063579,0.00050176,0.00036375,-0.00018241,0.00076494,0.00000299,-0.00010653,-0.00006891,16:04:46..105,,,,
16:04:46..156,6.36610419,0.015742,-0.00063598,0.0005023,0.00036449,-0.00018186,0.00076413,0.00000244,-0.00010689,-0.00006907,16:04:46..151,,,,
16:04:46..190,6.39196164,0.015633,-0.00063582,0.00050565,0.00036361,-0.00018206,0.00077165,-0.0000123,-0.00010945,-0.00007778,16:04:46..195,,,,
16:04:46..304,6.205788,0.015633,-0.00063524,0.00050592,0.00036364,-0.00018168,0.00077052,-0.00001279,-0.00010993,-0.00007832,16:04:46..296,,,,
16:04:46..336,6.06615777,0.015471,-0.00063688,0.00050028,0.00036503,-0.00017341,0.00076063,-0.00000827,-0.00010547,-0.00007209,16:04:46..341,,,,
16:04:46..384,6.26784588,0.015388,-0.00063683,0.00049951,0.0003645,-0.00017317,0.00076156,-0.00000806,-0.00010542,-0.00007213,16:04:46..443,,,,
16:04:46..469,6.41781909,0.015388,-0.00063634,0.0005003,0.0003653,-0.00017276,0.0007613,-0.00000785,-0.00010525,-0.0000724,16:04:46..443,,,,
16:04:46..503,6.27301737,0.015473,-0.00063818,0.00049867,0.00036246,-0.00018441,0.00076911,-0.00000468,-0.00010761,-0.00007318,16:04:46..486,,,,
16:04:46..546,6.15924459,0.015882,-0.00063768,0.00049981,0.00036308,-0.00018424,0.00076862,-0.00000525,-0.00010762,-0.0000732,16:04:46..619,,,,
16:04:46..690,6.08167224,0.015882,-0.00063776,0.00049919,0.00036308,-0.00018438,0.0007693,-0.00000582,-0.00010716,-0.00007319,16:04:46..688,,,,
16:04:46..724,6.39713313,0.015912,-0.00063348,0.00050772,0.00036353,-0.00018546,0.00075448,-0.00001141,-0.00011061,-0.00007736,16:04:46..732,,,,
16:04:46..796,6.30404631,0.015912,-0.00063353,0.00050863,0.00036416,-0.00018502,0.00075408,-0.00001196,-0.00011056,-0.00007694,16:04:46..857,,,,
16:04:46..872,6.39713313,0.015912,-0.00063369,0.00050827,0.00036376,-0.00018567,0.00075413,-0.00001176,-0.00011042,-0.00007721,16:04:46..857,,,,
16:04:46..906,6.09718671,0.015692,-0.00063451,0.00050438,0.00036283,-0.00018405,0.00075075,-0.00002416,-0.00011158,-0.00008032,16:04:46..899,,,,
16:04:47..020,6.38679015,0.015829,-0.00063492,0.00050501,0.00036331,-0.00018327,0.00074979,-0.00002443,-0.00011184,-0.0000803,16:04:47..013,,,,
16:04:47..088,6.14890161,0.015829,-0.0006348,0.00050425,0.00036291,-0.00018367,0.00075132,-0.0000241,-0.00011126,-0.00008051,16:04:47..057,,,,
16:04:47..120,6.34541823,0.015935,-0.00063337,0.00050505,0.00036269,-0.00018753,0.00074839,-0.00002597,-0.00011219,-0.00008006,16:04:47..143,,,,
16:04:47..185,6.35058972,0.015935,-0.00063322,0.00050536,0.00036235,-0.00018725,0.0007486,-0.00002622,-0.00011244,-0.0000808,16:04:47..229,,,,
16:04:47..273,6.1023582,0.016048,-0.00063345,0.00050512,0.0003626,-0.00018679,0.0007488,-0.00002669,-0.00011188,-0.00008047,16:04:47..272,,,,
16:04:47..307,6.27818886,0.01596,-0.00063447,0.00049748,0.00036176,-0.00019316,0.0007414,-0.00002007,-0.00010967,-0.00006808,16:04:47..317,,,,
16:04:47..473,6.29887482,0.01596,-0.00063479,0.00049793,0.00036182,-0.00019333,0.00074068,-0.00002098,-0.00011018,-0.00006787,16:04:47..466,,,,
16:04:47..506,6.34024674,0.01595,-0.00063423,0.00050633,0.00036261,-0.00018853,0.00074985,-0.0000275,-0.0001133,-0.00008376,16:04:47..509,,,,
16:04:47..648,6.34541823,0.01595,-0.00063393,0.00050679,0.00036279,-0.00018863,0.00074913,-0.00002832,-0.00011313,-0.00008361,16:04:47..640,,,,
16:04:47..682,6.22130247,0.016053,-0.00063434,0.00049867,0.00036086,-0.00019285,0.00074138,-0.0000165,-0.00010956,-0.00006311,16:04:47..684,,,,
16:04:47..841,6.13338714,0.016053,-0.00063465,0.00049932,0.0003614,-0.00019272,0.00074006,-0.00001624,-0.00010996,-0.00006278,16:04:47..832,,,,
16:04:47..873,6.19027353,0.016288,-0.00063541,0.00049838,0.0003614,-0.00019374,0.00074347,-0.00001256,-0.00011063,-0.00006383,16:04:47..874,,,,
16:04:48..005,6.30404631,0.016288,-0.00063517,0.0004984,0.0003617,-0.00019355,0.00074347,-0.0000127,-0.00011095,-0.00006362,16:04:47..997,,,,
16:04:48..038,6.24198843,0.016741,-0.00063447,0.00050039,0.00036198,-0.00019343,0.00074582,-0.00001931,-0.00011216,-0.00006799,16:04:48..039,,,,
16:04:48..090,6.29370333,0.016741,-0.00063451,0.00049889,0.00036182,-0.00019313,0.00074678,-0.00001918,-0.00011216,-0.00006798,16:04:48..131,,,,
16:04:48..146,6.19027353,0.016741,-0.00063473,0.00049987,0.00036213,-0.00019335,0.00074583,-0.00001903,-0.00011182,-0.00006854,16:04:48..131,,,,
16:04:48..179,6.19544502,0.016883,-0.00063482,0.00050004,0.00036132,-0.00019168,0.00074674,-0.00002281,-0.00011265,-0.00007281,16:04:48..250,,,,
16:04:48..331,6.22647396,0.016883,-0.00063516,0.00050024,0.00036141,-0.0001918,0.00074705,-0.00002225,-0.00011187,-0.00007244,16:04:48..329,,,,
16:04:48..362,6.16441608,0.016947,-0.00063435,0.00049959,0.00036075,-0.00019125,0.00074351,-0.00002522,-0.00011112,-0.00007279,16:04:48..374,,,,
16:04:48..501,6.35058972,0.016947,-0.00063431,0.00049996,0.00036095,-0.00019109,0.00074313,-0.00002549,-0.00011122,-0.00007289,16:04:48..492,,,,
16:04:48..533,6.26267439,0.016746,-0.00063647,0.0004985,0.00036085,-0.00019096,0.00074687,-0.00002025,-0.00011127,-0.00007318,16:04:48..534,,,,
16:04:48..661,6.07132926,0.016746,-0.00063587,0.00049954,0.00036178,-0.00018997,0.00074632,-0.00002098,-0.00011096,-0.0000731,16:04:48..653,,,,
16:04:48..693,6.31438929,0.016127,-0.0006341,0.00049688,0.00036153,-0.00019399,0.00074198,-0.0000353,-0.00011324,-0.00007631,16:04:48..697,,,,
16:04:48..871,6.19544502,0.016127,-0.00063423,0.00049749,0.00036144,-0.00019396,0.00074287,-0.00003526,-0.00011366,-0.00007593,16:04:48..865,,,,
16:04:48..902,6.29887482,0.015703,-0.00063371,0.00049879,0.00036176,-0.00019293,0.000744,-0.00003495,-0.00011487,-0.00007704,16:04:48..907,,,,
16:04:49..057,6.30404631,0.015703,-0.00063335,0.00049813,0.00036108,-0.0001934,0.00074471,-0.00003444,-0.0001144,-0.00007752,16:04:49..049,,,,
16:04:49..091,6.05581479,0.015535,-0.00063468,0.0005032,0.00036155,-0.0001893,0.00074872,-0.00002209,-0.00011252,-0.0000788,16:04:49..136,,,,
16:04:49..185,6.40747611,0.015501,-0.00063456,0.00050335,0.0003615,-0.00018954,0.00074866,-0.00002179,-0.00011257,-0.00007838,16:04:49..180,,,,
16:04:49..218,6.16958757,0.015402,-0.00063489,0.00049797,0.00036067,-0.00019236,0.00074585,-0.00002533,-0.00011415,-0.00007255,16:04:49..223,,,,
16:04:49..361,6.35576121,0.015402,-0.00063477,0.00049756,0.00036084,-0.00019235,0.00074586,-0.00002503,-0.00011366,-0.00007235,16:04:49..352,,,,
16:04:49..393,6.30404631,0.015198,-0.00063599,0.00049629,0.00036005,-0.00019174,0.00075262,-0.00001496,-0.00011251,-0.00006571,16:04:49..394,,,,
16:04:49..436,6.07650075,0.015123,-0.0006362,0.00049574,0.00035898,-0.00019152,0.00075377,-0.00001547,-0.00011207,-0.00006618,16:04:49..479,,,,
16:04:49..501,6.30404631,0.015123,-0.00063655,0.00049652,0.00035972,-0.00019097,0.00075326,-0.00001602,-0.00011174,-0.00006664,16:04:49..479,,,,
16:04:49..534,6.1540731,0.015155,-0.00063458,0.00049854,0.00036146,-0.00019389,0.00074298,-0.00004031,-0.00011487,-0.00008367,16:04:49..564,,,,
16:04:49..663,5.93169903,0.015155,-0.00063433,0.00049719,0.00036082,-0.00019396,0.00074409,-0.00004033,-0.00011435,-0.00008406,16:04:49..655,,,,
16:04:49..694,6.26784588,0.015392,-0.00063343,0.00049607,0.00035976,-0.0001923,0.00074657,-0.00003762,-0.00011348,-0.00007604,16:04:49..699,,,,
16:04:49..836,6.51090591,0.015392,-0.0006332,0.00049634,0.00035964,-0.00019222,0.00074618,-0.0000376,-0.00011431,-0.00007553,16:04:49..830,,,,
16:04:49..869,6.13338714,0.015567,-0.00063224,0.00049813,0.00036164,-0.00019406,0.00074332,-0.00004272,-0.00011574,-0.00008044,16:04:49..873,,,,
16:04:50..001,6.205788,0.015567,-0.00063275,0.00049793,0.0003617,-0.00019401,0.00074403,-0.00004252,-0.00011673,-0.00008022,16:04:49..993,,,,
16:04:50..033,6.13338714,0.015713,-0.00063279,0.00049863,0.00036098,-0.00019095,0.00074946,-0.00003855,-0.00011462,-0.00007635,16:04:50..038,,,,
16:04:50..172,6.31438929,0.015713,-0.00063208,0.00049988,0.00036118,-0.00019016,0.00074842,-0.00003865,-0.0001143,-0.00007642,16:04:50..163,,,,
16:04:50..204,6.35058972,0.015824,-0.00063372,0.00049773,0.0003599,-0.00019101,0.00074531,-0.00003605,-0.00011619,-0.0000812,16:04:50..208,,,,
16:04:50..257,6.44884803,0.015891,-0.00063355,0.00049762,0.00035986,-0.00019098,0.00074519,-0.00003566,-0.00011629,-0.00008077,16:04:50..328,,,,
16:04:50..362,5.97824244,0.015891,-0.00063363,0.00049665,0.00035933,-0.00019093,0.000745,-0.00003538,-0.00011607,-0.00008048,16:04:50..328,,,,
16:04:50..396,6.05581479,0.016229,-0.00063437,0.00049551,0.00036074,-0.00019447,0.00074184,-0.00003994,-0.00011309,-0.0000795,16:04:50..412,,,,
16:04:50..534,6.1023582,0.016229,-0.0006345,0.00049575,0.00036068,-0.00019455,0.00074167,-0.00003987,-0.00011344,-0.00008007,16:04:50..525,,,,
16:04:50..566,6.09718671,0.016164,-0.00063253,0.00050019,0.00036116,-0.00019008,0.00074749,-0.00004036,-0.00011621,-0.00008055,16:04:50..570,,,,
16:04:50..675,6.53159187,0.016164,-0.00063245,0.00050052,0.00036105,-0.00018996,0.0007477,-0.00004016,-0.00011638,-0.00008034,16:04:50..667,,,,
16:04:50..708,6.33507525,0.015853,-0.00063316,0.00050011,0.00036101,-0.00018896,0.00074781,-0.00003853,-0.00011505,-0.00007991,16:04:50..710,,,,
16:04:50..842,6.33507525,0.015853,-0.00063285,0.00050041,0.00036148,-0.00018882,0.00074799,-0.00003752,-0.00011521,-0.00007929,16:04:50..834,,,,
16:04:50..875,6.34541823,0.015592,-0.00063423,0.00049987,0.00036073,-0.00019087,0.00074247,-0.00003763,-0.00011448,-0.00008241,16:04:50..877,,,,
16:04:51..016,6.24715992,0.015592,-0.00063423,0.00049916,0.00036083,-0.00019124,0.0007434,-0.00003769,-0.00011421,-0.0000821,16:04:51..007,,,,
16:04:51..047,6.28853184,0.015361,-0.00063221,0.00049692,0.00036264,-0.00019629,0.00074208,-0.00004262,-0.00011468,-0.00006617,16:04:51..049,,,,
16:04:51..152,6.13855863,0.015361,-0.00063251,0.00049629,0.00036202,-0.00019673,0.00074314,-0.000043,-0.00011416,-0.00006625,16:04:51..144,,,,
16:04:51..186,6.33507525,0.015438,-0.00063245,0.00049711,0.00036114,-0.00019186,0.00075294,-0.00003731,-0.00011438,-0.00006577,16:04:51..187,,,,
16:04:51..343,6.14373012,0.015438,-0.00063293,0.00049668,0.0003608,-0.00019234,0.00075344,-0.00003734,-0.00011422,-0.00006604,16:04:51..337,,,,
16:04:51..376,6.34541823,0.015238,-0.00063303,0.00049468,0.00036159,-0.00019196,0.00075006,-0.00004189,-0.00011598,-0.0000684,16:04:51..381,,,,
16:04:51..419,6.13855863,0.015226,-0.00063273,0.00049589,0.00036135,-0.00019118,0.000749,-0.0000414,-0.00011594,-0.00006825,16:04:51..482,,,,
16:04:51..502,6.12821565,0.015226,-0.00063291,0.00049496,0.00036093,-0.00019183,0.00074952,-0.0000414,-0.00011581,-0.00006882,16:04:51..482,,,,
16:04:51..536,6.15924459,0.015216,-0.00063249,0.00050045,0.00036128,-0.00018956,0.00074782,-0.00003878,-0.00011504,-0.00007683,16:04:51..566,,,,
16:04:51..708,6.35576121,0.015216,-0.00063285,0.00050002,0.00036079,-0.00019024,0.00074912,-0.00003876,-0.00011474,-0.00007676,16:04:51..698,,,,
16:04:51..740,6.42299058,0.015337,-0.00063259,0.00049627,0.00036118,-0.00019305,0.00074701,-0.00003868,-0.00011521,-0.00007057,16:04:51..743,,,,
16:04:51..775,6.15924459,0.015314,-0.00063283,0.00049661,0.00036117,-0.00019366,0.00074267,-0.00004215,-0.00011576,-0.00007939,16:04:51..787,,,,
16:04:51..899,6.22130247,0.015314,-0.00063336,0.00049595,0.00036086,-0.00019381,0.00074345,-0.0000422,-0.00011595,-0.00007991,16:04:51..892,,,,
16:04:51..931,6.24198843,0.015569,-0.0006321,0.00049833,0.00036093,-0.00019304,0.00074607,-0.00003834,-0.00011509,-0.00007373,16:04:51..935,,,,
16:04:52..075,6.35058972,0.015569,-0.00063232,0.00049802,0.00036065,-0.00019294,0.00074623,-0.00003832,-0.00011475,-0.00007394,16:04:52..067,,,,
16:04:52..108,6.09718671,0.015848,-0.00063371,0.00049572,0.00036082,-0.00019235,0.00074324,-0.00004023,-0.00011467,-0.00007755,16:04:52..110,,,,
16:04:52..237,6.18510204,0.015848,-0.00063394,0.00049592,0.00036032,-0.0001924,0.00074435,-0.00004052,-0.00011498,-0.00007738,16:04:52..229,,,,
16:04:52..270,6.17993055,0.016027,-0.00063352,0.0004948,0.00035998,-0.00019448,0.00074351,-0.00003492,-0.00011254,-0.00006522,16:04:52..272,,,,
16:04:52..370,6.26784588,0.016027,-0.00063381,0.00049499,0.00036005,-0.00019456,0.00074261,-0.00003527,-0.000113,-0.00006537,16:04:52..363,,,,
16:04:52..403,6.27301737,0.016261,-0.00063503,0.00049318,0.00036006,-0.00019358,0.0007426,-0.00003637,-0.00011408,-0.00006862,16:04:52..408,,,,
16:04:52..518,6.24715992,0.016261,-0.000635,0.00049246,0.00035958,-0.00019439,0.00074386,-0.00003682,-0.00011367,-0.00006836,16:04:52..510,,,,
16:04:52..549,6.09718671,0.016417,-0.00063407,0.00049738,0.00036075,-0.00019262,0.00074715,-0.00003779,-0.00011468,-0.00007076,16:04:52..551,,,,
16:04:52..679,6.18510204,0.016417,-0.00063344,0.00049699,0.0003605,-0.00019249,0.0007472,-0.00003748,-0.00011378,-0.00007157,16:04:52..671,,,,
16:04:52..713,6.24715992,0.016272,-0.00063417,0.00049294,0.00035954,-0.00019531,0.0007472,-0.00003513,-0.00011249,-0.00005838,16:04:52..713,,,,
16:04:52..862,6.20061651,0.016272,-0.00063449,0.0004927,0.00035969,-0.00019576,0.00074746,-0.00003505,-0.00011231,-0.0000589,16:04:52..855,,,,
16:04:52..896,6.02478585,0.015699,-0.0006331,0.00049581,0.00036039,-0.0001921,0.00075084,-0.00003658,-0.00011384,-0.00006373,16:04:52..899,,,,
16:04:52..933,6.27301737,0.01548,-0.00063307,0.00049615,0.00036057,-0.00019202,0.0007502,-0.00003698,-0.00011425,-0.00006415,16:04:52..982,,,,
16:04:53..006,6.32473227,0.01548,-0.00063324,0.00049614,0.00036053,-0.0001922,0.00075139,-0.00003637,-0.00011376,-0.00006387,16:04:52..982,,,,
16:04:53..039,6.3092178,0.015275,-0.00063308,0.0004954,0.00036041,-0.00019337,0.00074977,-0.00003839,-0.0001141,-0.00006575,16:04:53..025,,,,
16:04:53..145,6.28853184,0.015275,-0.00063258,0.00049614,0.00036105,-0.00019314,0.00074878,-0.00003796,-0.00011415,-0.0000659,16:04:53..137,,,,
16:04:53..177,6.42816207,0.015274,-0.00063531,0.00049335,0.00035939,-0.00019341,0.00074564,-0.0000341,-0.00011241,-0.00006519,16:04:53..182,,,,
16:04:53..311,6.17993055,0.015274,-0.00063561,0.00049257,0.00035968,-0.00019341,0.00074674,-0.00003385,-0.0001122,-0.00006473,16:04:53..302,,,,
16:04:53..343,6.1023582,0.015405,-0.00063516,0.00049441,0.00035871,-0.00019067,0.0007479,-0.00003177,-0.00011248,-0.00006577,16:04:53..346,,,,
16:04:53..469,6.38161866,0.015405,-0.00063495,0.00049403,0.00035876,-0.00019087,0.00074767,-0.00003209,-0.00011276,-0.00006586,16:04:53..460,,,,
16:04:53..501,6.32473227,0.015591,-0.00063437,0.0004931,0.00036009,-0.00019578,0.00074652,-0.00003644,-0.00011271,-0.00006319,16:04:53..502,,,,
16:04:53..584,6.24715992,0.015591,-0.00063434,0.00049342,0.00036027,-0.00019534,0.00074434,-0.00003641,-0.00011241,-0.00006376,16:04:53..655,,,,
16:04:53..695,6.40747611,0.015591,-0.0006342,0.00049327,0.00036039,-0.00019528,0.000746,-0.000036,-0.00011235,-0.00006353,16:04:53..655,,,,
16:04:53..728,6.42299058,0.015393,-0.00063418,0.0004948,0.00036033,-0.00019372,0.00074552,-0.00003672,-0.00011399,-0.00006716,16:04:53..698,,,,
16:04:53..822,6.29370333,0.015393,-0.00063474,0.00049438,0.00036013,-0.00019434,0.00074558,-0.00003652,-0.00011328,-0.0000669,16:04:53..906,,,,
16:04:53..934,6.39713313,0.015393,-0.0006342,0.0004947,0.00036027,-0.00019431,0.00074556,-0.00003671,-0.00011293,-0.00006701,16:04:53..906,,,,
16:04:53..967,6.35576121,0.015128,-0.00063359,0.00049691,0.00036049,-0.00019316,0.00074657,-0.00003806,-0.00011437,-0.00007185,16:04:53..949,,,,
16:04:54..001,6.27818886,0.015432,-0.00063386,0.00049567,0.00035983,-0.00019281,0.00074789,-0.00003806,-0.00011379,-0.00007101,16:04:54..083,,,,
16:04:54..175,6.13855863,0.015432,-0.00063374,0.00049612,0.0003603,-0.00019247,0.00074671,-0.00003845,-0.00011436,-0.00007109,16:04:54..171,,,,
16:04:54..206,6.40747611,0.015648,-0.00063484,0.00049385,0.00035961,-0.00019352,0.00074381,-0.00003775,-0.00011344,-0.00007287,16:04:54..216,,,,
16:04:54..370,6.11787267,0.015648,-0.00063469,0.00049346,0.00035966,-0.00019309,0.00074338,-0.00003786,-0.00011367,-0.00007252,16:04:54..363,,,,
16:04:54..403,6.26267439,0.015692,-0.00063383,0.00050167,0.000361,-0.00018343,0.00075035,-0.00003925,-0.00011641,-0.00008534,16:04:54..408,,,,
16:04:54..482,6.35058972,0.015692,-0.00063365,0.00050113,0.00036103,-0.00018329,0.00075086,-0.00003928,-0.00011656,-0.00008581,16:04:54..408,,,,
16:04:54..515,6.09718671,0.015756,-0.00063246,0.00050513,0.0003627,-0.00017824,0.00075607,-0.00003891,-0.00011885,-0.00009207,16:04:54..482,,,,
16:04:54..615,6.205788,0.015596,-0.00063222,0.00050605,0.0003627,-0.00017827,0.00075476,-0.00003908,-0.00011932,-0.00009241,16:04:54..693,,,,
16:04:54..757,6.10752969,0.015596,-0.00063214,0.00050561,0.0003625,-0.00017882,0.0007552,-0.00003857,-0.00011875,-0.00009227,16:04:54..751,,,,
16:04:54..790,6.19544502,0.015674,-0.00063303,0.00049416,0.00035999,-0.00018835,0.00075693,-0.00003763,-0.0001148,-0.00006308,16:04:54..797,,,,
16:04:54..922,6.17475906,0.015674,-0.00063306,0.00049374,0.00035994,-0.00018814,0.0007568,-0.00003741,-0.00011542,-0.00006322,16:04:54..915,,,,
16:04:54..954,6.25233141,0.015754,-0.00063145,0.00049366,0.00036123,-0.00018434,0.00075929,-0.00003794,-0.00011585,-0.00006029,16:04:54..959,,,,
16:04:55..083,6.2575029,0.015754,-0.00063147,0.00049403,0.00036133,-0.00018481,0.0007588,-0.0000382,-0.00011636,-0.0000608,16:04:55..076,,,,
16:04:55..117,6.28336035,0.015958,-0.00063085,0.00049193,0.00036084,-0.00018283,0.00076337,-0.00003678,-0.00011564,-0.0000562,16:04:55..121,,,,
16:04:55..194,6.1540731,0.015958,-0.00063087,0.00049296,0.00036092,-0.00018269,0.00076211,-0.00003733,-0.0001161,-0.00005649,16:04:55..229,,,,
16:04:55..253,6.24198843,0.015958,-0.0006309,0.00049224,0.00036112,-0.00018289,0.00076326,-0.00003707,-0.00011591,-0.00005647,16:04:55..229,,,,
16:04:55..287,6.21613098,0.015543,-0.00063089,0.00049298,0.00036126,-0.00018136,0.00076364,-0.00003743,-0.0001173,-0.00005855,16:04:55..317,,,,
16:04:55..443,6.31438929,0.015543,-0.0006309,0.00049209,0.00036109,-0.00018171,0.00076499,-0.0000377,-0.000117,-0.00005824,16:04:55..433,,,,
16:04:55..473,6.17993055,0.015256,-0.00063162,0.0004935,0.00036051,-0.00018478,0.0007594,-0.00003866,-0.00011613,-0.00006311,16:04:55..479,,,,
16:04:55..558,6.22130247,0.015256,-0.00063113,0.0004939,0.00036078,-0.00018497,0.00075798,-0.00003901,-0.0001162,-0.00006348,16:04:55..585,,,,
16:04:55..623,6.23681694,0.015256,-0.00063127,0.00049325,0.00036095,-0.00018516,0.00075919,-0.00003847,-0.0001164,-0.00006309,16:04:55..585,,,,
16:04:55..657,6.18510204,0.015034,-0.00063161,0.00049309,0.00036043,-0.00018627,0.00075714,-0.00004045,-0.00011678,-0.00006325,16:04:55..629,,,,
16:04:55..692,6.23164545,0.014784,-0.00063126,0.00049384,0.00036056,-0.00018748,0.00075496,-0.00004104,-0.00011661,-0.00006665,16:04:55..753,,,,
16:04:55..814,6.24198843,0.014784,-0.00063162,0.00049362,0.00036061,-0.00018777,0.00075464,-0.00004138,-0.0001165,-0.00006683,16:04:55..812,,,,
16:04:55..847,6.21613098,0.014658,-0.00063136,0.00049356,0.00036115,-0.00018684,0.00075656,-0.00003947,-0.00011638,-0.00006564,16:04:55..856,,,,
16:04:56..030,6.22647396,0.014658,-0.00063161,0.00049293,0.00036037,-0.00018704,0.00075691,-0.00003976,-0.00011635,-0.00006513,16:04:56..024,,,,
16:04:56..061,6.28336035,0.014201,-0.00063159,0.00049258,0.00036044,-0.00018876,0.00075431,-0.00004189,-0.00011679,-0.0000657,16:04:56..066,,,,
16:04:56..185,6.2575029,0.014201,-0.00063167,0.00049263,0.00036023,-0.00018877,0.00075463,-0.00004157,-0.00011701,-0.00006512,16:04:56..179,,,,
16:04:56..219,6.51090591,0.014132,-0.00062975,0.00049671,0.00036086,-0.00018691,0.00075412,-0.00004099,-0.0001171,-0.00006594,16:04:56..222,,,,
16:04:56..346,6.14373012,0.01424,-0.00062997,0.0004964,0.00036074,-0.00018755,0.00075476,-0.00004117,-0.00011676,-0.0000656,16:04:56..430,,,,
16:04:56..503,5.8437837,0.01424,-0.00062989,0.0004973,0.00036099,-0.00018765,0.0007543,-0.00004088,-0.00011734,-0.00006532,16:04:56..496,,,,
16:04:56..535,6.01961436,0.014316,-0.00063102,0.00049392,0.0003604,-0.00018287,0.00076134,-0.00003634,-0.00011606,-0.00006426,16:04:56..538,,,,
16:04:56..621,6.28336035,0.014706,-0.0006311,0.0004944,0.00036106,-0.00018286,0.00076159,-0.00003578,-0.00011612,-0.00006428,16:04:56..661,,,,
16:04:56..717,6.08167224,0.014706,-0.0006314,0.00049412,0.00036077,-0.00018285,0.00076144,-0.00003634,-0.00011624,-0.000064,16:04:56..709,,,,
16:04:56..750,6.17475906,0.01475,-0.00063119,0.0004917,0.00035997,-0.0001852,0.00075942,-0.00003832,-0.0001165,-0.00006219,16:04:56..753,,,,
16:04:56..870,6.22130247,0.01475,-0.00063118,0.00049199,0.00036041,-0.00018488,0.00075872,-0.00003854,-0.00011668,-0.00006245,16:04:56..900,,,,
16:04:56..914,6.15924459,0.01475,-0.00063096,0.00049155,0.00035997,-0.00018525,0.00075928,-0.00003786,-0.00011656,-0.00006231,16:04:56..900,,,,
16:04:56..946,6.40230462,0.015245,-0.00063087,0.00049002,0.00036067,-0.00018571,0.0007542,-0.00003909,-0.00011569,-0.00005684,16:04:56..991,,,,
16:04:57..109,6.25233141,0.015245,-0.00063096,0.00048897,0.00036027,-0.00018609,0.00075489,-0.0000396,-0.00011652,-0.00005677,16:04:57..104,,,,
16:04:57..142,6.2575029,0.015339,-0.00063294,0.00049069,0.00035966,-0.00018832,0.00075383,-0.00003267,-0.00011286,-0.00005528,16:04:57..146,,,,
16:04:57..261,6.13855863,0.015339,-0.00063268,0.00049024,0.00035898,-0.00018848,0.00075414,-0.00003286,-0.00011276,-0.00005522,16:04:57..256,,,,
16:04:57..294,6.12304416,0.015333,-0.00063391,0.00048741,0.0003591,-0.00018453,0.00076877,-0.00002757,-0.00011151,-0.00004524,16:04:57..300,,,,
16:04:57..467,6.34541823,0.015333,-0.00063427,0.0004876,0.00035918,-0.0001848,0.00076785,-0.0000281,-0.0001122,-0.00004525,16:04:57..459,,,,
16:04:57..499,6.33507525,0.015256,-0.00063606,0.00048751,0.00035719,-0.00018597,0.00076382,-0.00002315,-0.0001097,-0.00004884,16:04:57..503,,,,
16:04:57..634,6.22130247,0.015256,-0.00063639,0.00048679,0.00035687,-0.00018673,0.00076498,-0.00002298,-0.00011001,-0.00004888,16:04:57..627,,,,
16:04:57..667,6.05581479,0.015262,-0.00063357,0.00048531,0.00035756,-0.0001965,0.0007437,-0.00003526,-0.00011254,-0.00005922,16:04:57..671,,,,
16:04:57..816,6.17475906,0.015262,-0.00063349,0.00048478,0.00035759,-0.00019666,0.00074371,-0.00003507,-0.00011251,-0.00005944,16:04:57..808,,,,
16:04:57..849,6.22647396,0.015113,-0.00062951,0.00048678,0.00035667,-0.00019974,0.00073687,-0.00003763,-0.00011388,-0.00006365,16:04:57..852,,,,
16:04:57..976,6.31438929,0.015113,-0.00062955,0.00048622,0.00035608,-0.00020014,0.00073766,-0.00003794,-0.00011404,-0.00006392,16:04:57..969,,,,
16:04:58..012,6.27818886,0.014968,-0.00063303,0.00048382,0.0003565,-0.00019785,0.00073751,-0.00003444,-0.00011266,-0.00005517,16:04:58..053,,,,
16:04:58..128,6.22647396,0.014968,-0.00063271,0.00048395,0.00035649,-0.00019835,0.00073636,-0.00003487,-0.00011225,-0.00005597,16:04:58..123,,,,
16:04:58..163,6.18510204,0.014838,-0.00063091,0.00048817,0.00035832,-0.00020223,0.000731,-0.0000359,-0.00011294,-0.00005096,16:04:58..168,,,,
16:04:58..292,6.13855863,0.014838,-0.00063081,0.00048815,0.00035795,-0.00020196,0.00072979,-0.00003539,-0.00011336,-0.00005126,16:04:58..282,,,,
16:04:58..325,6.31438929,0.014872,-0.00063533,0.0004895,0.00035924,-0.00019465,0.00071842,-0.00003007,-0.00010959,-0.00005059,16:04:58..328,,,,
16:04:58..468,6.11270118,0.014872,-0.00063495,0.00048892,0.00035935,-0.00019476,0.00071879,-0.00003028,-0.00010935,-0.00005066,16:04:58..460,,,,
16:04:58..501,6.3609327,0.014848,-0.00063216,0.00049486,0.00036102,-0.00019068,0.00072878,-0.0000424,-0.00011934,-0.0000694,16:04:58..502,,,,
16:04:58..630,6.17993055,0.014848,-0.00063268,0.00049543,0.00036062,-0.00019042,0.00072784,-0.00004236,-0.0001195,-0.0000692,16:04:58..621,,,,
16:04:58..662,6.27818886,0.01496,-0.00063357,0.00049139,0.00035993,-0.00018749,0.00073971,-0.00003099,-0.00011274,-0.00006285,16:04:58..664,,,,
16:04:58..805,6.24715992,0.01496,-0.00063405,0.00049163,0.00036017,-0.00018752,0.00073875,-0.00003164,-0.00011268,-0.00006273,16:04:58..795,,,,
16:04:58..840,6.25233141,0.015103,-0.00063482,0.00048739,0.00035825,-0.00019951,0.0007282,-0.00003237,-0.00011372,-0.00004884,16:04:58..882,,,,
16:04:58..954,6.25233141,0.015103,-0.00063486,0.00048666,0.00035809,-0.00019955,0.00072936,-0.00003258,-0.00011348,-0.00004943,16:04:58..952,,,,
16:04:58..990,6.27301737,0.015128,-0.00063501,0.00048911,0.00035728,-0.0001974,0.00074845,-0.00002086,-0.00010839,-0.00004145,16:04:58..994,,,,
16:04:59..090,6.29887482,0.015128,-0.00063503,0.00048927,0.00035739,-0.00019715,0.0007465,-0.00002111,-0.00010908,-0.00004187,16:04:59..141,,,,
16:04:59..158,6.17475906,0.015128,-0.00063529,0.00048889,0.00035761,-0.00019692,0.00074727,-0.0000209,-0.000109,-0.00004169,16:04:59..141,,,,
16:04:59..190,6.12304416,0.015164,-0.00063511,0.00048883,0.00035785,-0.00019928,0.00073819,-0.00003198,-0.00011308,-0.00004804,16:04:59..227,,,,
16:04:59..388,6.11270118,0.015164,-0.00063492,0.000489,0.00035814,-0.00019933,0.00073787,-0.00003231,-0.0001127,-0.00004743,16:04:59..379,,,,
16:04:59..419,6.26784588,0.01534,-0.0006344,0.00048962,0.0003571,-0.00019806,0.00074654,-0.00002692,-0.00011063,-0.0000458,16:04:59..422,,,,
16:04:59..490,6.32990376,0.01534,-0.00063434,0.00049024,0.00035778,-0.00019772,0.00074598,-0.00002664,-0.00011086,-0.00004633,16:04:59..538,,,,
16:04:59..551,6.27818886,0.01534,-0.00063431,0.00048983,0.00035683,-0.00019789,0.00074639,-0.00002683,-0.00011099,-0.00004598,16:04:59..538,,,,
16:04:59..586,6.18510204,0.015552,-0.00063293,0.00049121,0.00035853,-0.00019412,0.00074346,-0.00002698,-0.00010966,-0.00004729,16:04:59..623,,,,
16:04:59..754,6.72810849,0.015552,-0.0006328,0.00049087,0.000358,-0.00019406,0.00074423,-0.00002668,-0.00011004,-0.00004714,16:04:59..745,,,,
16:04:59..785,6.14890161,0.015645,-0.00063325,0.00049136,0.00035914,-0.00019295,0.000747,-0.00004106,-0.00011558,-0.00006667,16:04:59..791,,,,
16:04:59..920,6.17993055,0.015645,-0.00063335,0.00049112,0.00035921,-0.00019295,0.00074725,-0.00004123,-0.00011595,-0.00006708,16:04:59..913,,,,
16:04:59..952,6.14890161,0.015947,-0.00063265,0.00049214,0.00035791,-0.00019491,0.00075006,-0.00003379,-0.00011394,-0.00005961,16:04:59..956,,,,
16:05:00..085,6.36610419,0.015947,-0.00063246,0.00049205,0.0003578,-0.00019533,0.00075137,-0.00003325,-0.00011286,-0.00005947,16:05:00..076,,,,
16:05:00..118,6.12304416,0.015925,-0.00063639,0.00048859,0.0003552,-0.00019256,0.00075559,-0.00002491,-0.00010955,-0.00005571,16:05:00..119,,,,
16:05:00..206,6.37127568,0.015925,-0.00063634,0.00048785,0.00035463,-0.00019245,0.00075626,-0.00002507,-0.00010954,-0.00005518,16:05:00..242,,,,
16:05:00..267,6.21613098,0.015925,-0.00063597,0.00048887,0.00035501,-0.00019226,0.00075539,-0.00002491,-0.0001096,-0.00005514,16:05:00..242,,,,
16:05:00..300,6.14890161,0.015752,-0.00063481,0.00048663,0.00035781,-0.00019119,0.00075669,-0.00002896,-0.00011286,-0.00005276,16:05:00..328,,,,
16:05:00..466,5.98858542,0.015752,-0.00063445,0.00048715,0.00035808,-0.00019065,0.0007573,-0.00002809,-0.00011299,-0.00005301,16:05:00..458,,,,
16:05:00..497,6.35058972,0.01568,-0.000634,0.00049107,0.00035653,-0.00019298,0.00075611,-0.00002611,-0.00011068,-0.00005443,16:05:00..501,,,,
16:05:00..656,6.70742253,0.01568,-0.00063441,0.00049041,0.00035604,-0.00019281,0.00075679,-0.00002585,-0.00011077,-0.00005403,16:05:00..649,,,,
16:05:00..690,6.12304416,0.015403,-0.00063624,0.00049046,0.00035621,-0.00018996,0.00075717,-0.00002527,-0.00011133,-0.00005577,16:05:00..695,,,,
16:05:00..815,6.57813528,0.015403,-0.0006362,0.00049035,0.00035635,-0.00018938,0.00075695,-0.00002554,-0.00011108,-0.00005622,16:05:00..807,,,,
16:05:00..849,6.38679015,0.015247,-0.00063386,0.00049207,0.00035855,-0.0001967,0.00074072,-0.00003733,-0.00011306,-0.00006736,16:05:00..850,,,,
16:05:00..996,6.16958757,0.015247,-0.0006338,0.00049318,0.00035937,-0.00019636,0.00073942,-0.00003757,-0.00011315,-0.00006706,16:05:00..986,,,,
16:05:01..027,6.45919101,0.015206,-0.00063332,0.0004951,0.0003581,-0.00019533,0.00074715,-0.00003379,-0.00011286,-0.00006406,16:05:01..031,,,,
16:05:01..251,6.35576121,0.015206,-0.00063319,0.00049536,0.00035812,-0.000195,0.00074727,-0.00003399,-0.00011287,-0.0000641,16:05:01..242,,,,
16:05:01..282,6.13855863,0.015555,-0.00063431,0.00049496,0.00035902,-0.00019619,0.00074139,-0.00003526,-0.00011288,-0.00006374,16:05:01..285,,,,
16:05:01..327,6.12304416,0.015555,-0.00063479,0.0004946,0.00035899,-0.00019663,0.0007402,-0.00003542,-0.00011344,-0.00006368,16:05:01..379,,,,
16:05:01..420,6.17993055,0.015555,-0.00063408,0.00049442,0.00035858,-0.00019664,0.00074153,-0.00003462,-0.00011332,-0.00006281,16:05:01..379,,,,
16:05:01..451,6.39196164,0.015801,-0.00063433,0.00049686,0.00035959,-0.00018792,0.00075241,-0.00002899,-0.00011165,-0.00006084,16:05:01..422,,,,
16:05:01..563,6.29370333,0.015801,-0.00063448,0.00049667,0.00035979,-0.00018775,0.00075157,-0.00002952,-0.00011223,-0.00006069,16:05:01..609,,,,
16:05:01..633,6.31438929,0.015801,-0.00063456,0.0004966,0.00035975,-0.00018832,0.00075217,-0.00002948,-0.00011159,-0.00006075,16:05:01..609,,,,
16:05:01..668,6.30404631,0.01562,-0.00063093,0.0004962,0.00036323,-0.00017227,0.00077245,-0.00002172,-0.00011226,-0.00004487,16:05:01..697,,,,
16:05:01..850,6.22130247,0.01562,-0.00063118,0.0004964,0.00036395,-0.00017127,0.00077272,-0.00002176,-0.00011211,-0.00004546,16:05:01..842,,,,
16:05:01..885,6.22130247,0.01465,-0.0006334,0.00049841,0.00036002,-0.00019057,0.00075148,-0.00003773,-0.00011789,-0.00007064,16:05:01..942,,,,
16:05:02..003,6.2575029,0.01465,-0.0006344,0.00049802,0.00035898,-0.00019082,0.00075204,-0.00003806,-0.00011797,-0.0000711,16:05:02..002,,,,
16:05:02..035,6.19027353,0.01434,-0.00063463,0.00049642,0.00036014,-0.00018334,0.00075117,-0.00003403,-0.00011374,-0.00007011,16:05:02..048,,,,
16:05:02..203,6.1023582,0.013938,-0.00063451,0.00049638,0.00036045,-0.0001835,0.00075131,-0.00003391,-0.00011357,-0.00007055,16:05:02..193,,,,
16:05:02..264,6.205788,0.013938,-0.00063427,0.00049664,0.00036017,-0.00018321,0.00075193,-0.00003413,-0.00011391,-0.00007035,16:05:02..236,,,,
16:05:02..296,6.16441608,0.013864,-0.00063252,0.00049964,0.00036101,-0.00018543,0.00074692,-0.00004273,-0.00011854,-0.00008507,16:05:02..322,,,,
16:05:02..486,6.31438929,0.013864,-0.00063266,0.00049854,0.00036035,-0.00018596,0.000748,-0.00004335,-0.00011839,-0.00008542,16:05:02..478,,,,
16:05:02..519,6.24198843,0.014343,-0.00063025,0.00050466,0.00036217,-0.00018393,0.00075407,-0.00004581,-0.0001249,-0.00009719,16:05:02..522,,,,
16:05:02..751,6.39196164,0.014343,-0.00063125,0.00050487,0.00036216,-0.00018433,0.00075252,-0.00004642,-0.00012503,-0.00009761,16:05:02..743,,,,
16:05:02..784,6.22130247,0.014894,-0.00063064,0.000504,0.00036185,-0.00018215,0.00075526,-0.00004064,-0.00012271,-0.00009026,16:05:02..786,,,,
16:05:02..943,6.30404631,0.014894,-0.00063046,0.00050363,0.00036161,-0.00018219,0.00075493,-0.00004056,-0.0001231,-0.00009001,16:05:02..935,,,,
16:05:02..975,6.26784588,0.014667,-0.00063252,0.0005007,0.00036109,-0.00018198,0.00075523,-0.00003791,-0.00012017,-0.00008557,16:05:02..979,,,,
16:05:03..107,6.21613098,0.014667,-0.00063261,0.00050028,0.00036044,-0.00018262,0.0007556,-0.00003816,-0.00012021,-0.00008554,16:05:03..100,,,,
16:05:03..141,6.24198843,0.01508,-0.00063271,0.00049888,0.00036112,-0.00017753,0.00076138,-0.00003631,-0.00011861,-0.00007394,16:05:03..145,,,,
16:05:03..348,6.24715992,0.01508,-0.00063281,0.00049797,0.00036106,-0.00017798,0.00076186,-0.00003631,-0.00011881,-0.00007382,16:05:03..340,,,,
16:05:03..382,6.15924459,0.015822,-0.00063236,0.00049852,0.00036046,-0.00018246,0.00075759,-0.00004181,-0.00012013,-0.00007954,16:05:03..384,,,,
16:05:03..510,6.16441608,0.015822,-0.00063236,0.00049888,0.00036103,-0.00018225,0.00075665,-0.00004194,-0.00012041,-0.00007991,16:05:03..502,,,,
16:05:03..542,6.25233141,0.016058,-0.00063227,0.00049771,0.00036059,-0.00018344,0.00074682,-0.00004051,-0.00011971,-0.00007643,16:05:03..547,,,,
16:05:03..576,6.1540731,0.016263,-0.00063251,0.0004973,0.00036028,-0.00018539,0.00074121,-0.00003983,-0.00011853,-0.00007411,16:05:03..643,,,,
16:05:03..756,6.16958757,0.016263,-0.00063266,0.00049682,0.00035991,-0.00018564,0.00074129,-0.00003944,-0.00011905,-0.00007413,16:05:03..751,,,,
16:05:03..789,6.16441608,0.016429,-0.00063343,0.00049444,0.00035923,-0.00019247,0.00073585,-0.00004366,-0.00011762,-0.0000684,16:05:03..795,,,,
16:05:03..938,6.20061651,0.016429,-0.00063341,0.00049424,0.00035917,-0.00019275,0.00073535,-0.00004346,-0.00011755,-0.00006834,16:05:03..935,,,,
16:05:03..971,6.4126476,0.016003,-0.00063483,0.00049077,0.00035822,-0.00019213,0.00074505,-0.00003684,-0.000115,-0.00006637,16:05:03..979,,,,
16:05:04..032,6.16958757,0.015906,-0.00063461,0.00049145,0.00035868,-0.00019167,0.00074382,-0.00003712,-0.00011517,-0.00006645,16:05:04..090,,,,
16:05:04..118,6.10752969,0.015906,-0.00063457,0.00049069,0.00035835,-0.00019243,0.00074456,-0.00003721,-0.00011503,-0.00006643,16:05:04..090,,,,
16:05:04..152,6.33507525,0.015783,-0.0006299,0.00049818,0.00036074,-0.00018539,0.00075364,-0.00004256,-0.00011845,-0.00006672,16:05:04..180,,,,
16:05:04..245,6.26784588,0.015783,-0.00062953,0.00049823,0.00036035,-0.00018586,0.00075333,-0.00004251,-0.00011845,-0.000067,16:05:04..343,,,,
16:05:04..376,6.32990376,0.015783,-0.00062945,0.00049807,0.00036057,-0.00018621,0.00075301,-0.00004256,-0.00011878,-0.00006657,16:05:04..343,,,,
16:05:04..409,6.70742253,0.015506,-0.00063096,0.00050137,0.00036051,-0.00019054,0.00075785,-0.00004812,-0.00011742,-0.00007721,16:05:04..430,,,,
16:05:04..593,5.88515562,0.015506,-0.00063102,0.00050258,0.00036105,-0.00019018,0.00075701,-0.00004846,-0.00011767,-0.00007741,16:05:04..586,,,,
16:05:04..628,6.5160774,0.015664,-0.00063433,0.00050183,0.00036014,-0.00019324,0.00074019,-0.0000368,-0.00011029,-0.00007593,16:05:04..629,,,,
16:05:04..853,6.40747611,0.015664,-0.0006347,0.00050296,0.00036004,-0.00019276,0.0007391,-0.00003701,-0.00011113,-0.00007673,16:05:04..846,,,,
16:05:04..886,6.24715992,0.01593,-0.00063114,0.00049647,0.00035734,-0.00019733,0.00074116,-0.00003893,-0.00011644,-0.0000667,16:05:04..888,,,,
16:05:05..051,7.28145792,0.01593,-0.00063135,0.00049589,0.00035699,-0.00019767,0.00074105,-0.00003948,-0.00011688,-0.00006749,16:05:05..044,,,,
16:05:05..084,6.3609327,0.016424,-0.00062858,0.00049358,0.00035675,-0.00019635,0.00074375,-0.00002432,-0.00010947,-0.00004526,16:05:05..087,,,,
16:05:05..272,4.10616306,0.016424,-0.00062845,0.00049442,0.00035742,-0.00019619,0.00074358,-0.00002395,-0.00010914,-0.00004527,16:05:05..265,,,,
16:05:05..306,6.97116852,0.016446,-0.00063779,0.0004743,0.00036134,-0.00017797,0.00076223,-0.00001656,-0.00010745,-0.0000323,16:05:05..309,,,,
16:05:05..524,5.73001092,0.016446,-0.00063775,0.00047379,0.00036108,-0.00017804,0.00076315,-0.00001656,-0.00010771,-0.00003215,16:05:05..517,,,,
16:05:05..557,6.57296379,0.016408,-0.00063718,0.00047706,0.0003636,-0.00016852,0.00077595,-0.00002251,-0.00011357,-0.00003799,16:05:05..559,,,,
16:05:05..688,6.37644717,0.016408,-0.00063685,0.00047759,0.000364,-0.00016755,0.00077566,-0.00002289,-0.00011393,-0.00003817,16:05:05..682,,,,
16:05:05..722,6.02478585,0.016152,-0.00063751,0.00047947,0.00036266,-0.00017171,0.00075628,-0.0000297,-0.00011726,-0.00004875,16:05:05..724,,,,
16:05:05..848,5.91101307,0.016152,-0.00063691,0.00047888,0.00036286,-0.00017248,0.00075732,-0.0000297,-0.00011729,-0.00004867,16:05:05..839,,,,
16:05:05..881,6.17993055,0.015772,-0.00063478,0.00048055,0.00036633,-0.00015494,0.00078259,-0.0000151,-0.00011273,-0.000033,16:05:05..885,,,,
16:05:06..064,6.3092178,0.015772,-0.00063469,0.00047999,0.00036571,-0.00015445,0.00078237,-0.00001533,-0.00011241,-0.0000326,16:05:06..054,,,,
16:05:06..096,6.06098628,0.015412,-0.00064008,0.00047097,0.00036461,-0.00016277,0.0007668,-0.00001177,-0.00011203,-0.0000302,16:05:06..099,,,,
16:05:06..156,5.92652754,0.015412,-0.00063961,0.00047177,0.00036542,-0.00016233,0.00076604,-0.00001219,-0.00011238,-0.00003113,16:05:06..215,,,,
16:05:06..228,6.56262081,0.015412,-0.00063978,0.0004713,0.00036476,-0.00016283,0.00076667,-0.00001221,-0.00011214,-0.00003074,16:05:06..215,,,,
16:05:06..260,5.83344072,0.014611,-0.00063637,0.00047866,0.00036535,-0.0001625,0.0007618,-0.00002105,-0.00011248,-0.00004014,16:05:06..354,,,,
16:05:06..428,6.00409989,0.014611,-0.00063642,0.00047878,0.00036586,-0.00016215,0.00076147,-0.00002176,-0.00011296,-0.00004049,16:05:06..354,,,,
16:05:06..461,6.67639359,0.014304,-0.00063399,0.00048228,0.00036216,-0.00017575,0.00076022,-0.00003586,-0.00011921,-0.0000557,16:05:06..479,,,,
16:05:06..538,6.34024674,0.014048,-0.00063413,0.00048231,0.00036283,-0.00017556,0.00076094,-0.00003582,-0.00011868,-0.00005479,16:05:06..592,,,,
16:05:06..661,6.41781909,0.014048,-0.00063412,0.00048236,0.00036206,-0.00017582,0.00076066,-0.0000362,-0.00011877,-0.00005508,16:05:06..655,,,,
16:05:06..695,6.27301737,0.014151,-0.00063463,0.00048233,0.00036107,-0.00018204,0.000751,-0.00003519,-0.00011674,-0.00005693,16:05:06..698,,,,
16:05:06..780,6.17993055,0.014151,-0.00063449,0.00048234,0.00036101,-0.00018197,0.00075185,-0.000035,-0.00011635,-0.00005614,16:05:06..857,,,,
16:05:06..871,6.20061651,0.014151,-0.0006342,0.00048267,0.00036112,-0.00018192,0.00075207,-0.00003517,-0.00011652,-0.00005637,16:05:06..857,,,,
16:05:06..904,6.14890161,0.014453,-0.00063438,0.00048151,0.00036027,-0.00018218,0.00075546,-0.0000349,-0.00011684,-0.00005467,16:05:06..955,,,,
16:05:07..031,6.2575029,0.014453,-0.00063395,0.00048242,0.00036124,-0.00018107,0.00075504,-0.00003497,-0.00011678,-0.00005479,16:05:07..023,,,,
16:05:07..064,6.26267439,0.014324,-0.0006347,0.00048066,0.00036087,-0.00018391,0.00075309,-0.00003622,-0.00011561,-0.00006037,16:05:07..066,,,,
16:05:07..124,6.26784588,0.014324,-0.00063499,0.00047929,0.0003606,-0.00018407,0.00075319,-0.00003649,-0.00011541,-0.00006003,16:05:07..172,,,,
16:05:07..187,6.22647396,0.014324,-0.00063494,0.00048042,0.00036096,-0.00018402,0.00075285,-0.00003658,-0.00011595,-0.00006011,16:05:07..172,,,,
16:05:07..219,6.19544502,0.014015,-0.00063463,0.00047994,0.00036083,-0.00018358,0.0007542,-0.0000343,-0.00011516,-0.0000563,16:05:07..284,,,,
16:05:07..366,6.12821565,0.014015,-0.00063439,0.00047877,0.00036071,-0.0001833,0.00075528,-0.00003404,-0.00011543,-0.0000563,16:05:07..359,,,,
16:05:07..400,6.13338714,0.014139,-0.00063479,0.00048029,0.00036149,-0.00018125,0.00075402,-0.00003841,-0.00011732,-0.00006422,16:05:07..404,,,,
16:05:07..498,6.26784588,0.014139,-0.00063519,0.00048032,0.00036122,-0.00018196,0.00075424,-0.00003845,-0.00011692,-0.00006408,16:05:07..491,,,,
16:05:07..535,6.44367654,0.014352,-0.0006342,0.00047685,0.00036252,-0.00017135,0.00077245,-0.00002792,-0.00011448,-0.00004733,16:05:07..580,,,,
16:05:07..668,6.23681694,0.014352,-0.00063396,0.00047722,0.00036282,-0.00017176,0.00077113,-0.00002769,-0.00011472,-0.00004732,16:05:07..664,,,,
16:05:07..701,6.12821565,0.014445,-0.00063466,0.00048374,0.00036162,-0.00017864,0.00076296,-0.00003703,-0.00011867,-0.00006635,16:05:07..709,,,,
16:05:07..882,6.27818886,0.014445,-0.00063453,0.00048422,0.00036206,-0.0001784,0.00076206,-0.00003715,-0.00011866,-0.00006688,16:05:07..875,,,,
16:05:07..913,6.27301737,0.014685,-0.00063136,0.00047975,0.00036286,-0.00016807,0.00077963,-0.00002913,-0.00011624,-0.00004551,16:05:07..875,,,,
16:05:08..008,6.25233141,0.014685,-0.00063214,0.0004797,0.00036292,-0.00016793,0.00078034,-0.00002863,-0.000116,-0.00004536,16:05:08..098,,,,
16:05:08..127,6.26267439,0.014685,-0.00063196,0.00047992,0.00036313,-0.00016735,0.00078053,-0.00002832,-0.00011639,-0.00004545,16:05:08..098,,,,
16:05:08..160,6.29887482,0.014649,-0.00063541,0.00048185,0.00036145,-0.0001808,0.00075743,-0.00004621,-0.00011941,-0.00006924,16:05:08..185,,,,
16:05:08..303,6.27818886,0.014649,-0.00063536,0.00048237,0.00036105,-0.00018126,0.00075683,-0.00004696,-0.00012046,-0.00006952,16:05:08..296,,,,
16:05:08..336,6.17993055,0.014438,-0.00063307,0.00048329,0.00036172,-0.000179,0.00075679,-0.00003186,-0.00011435,-0.00005691,16:05:08..339,,,,
16:05:08..400,6.46953399,0.014438,-0.00063318,0.00048278,0.00036114,-0.00017905,0.00075821,-0.00003141,-0.00011382,-0.00005638,16:05:08..455,,,,
16:05:08..467,6.17475906,0.014438,-0.00063335,0.0004831,0.00036139,-0.00017895,0.00075659,-0.00003181,-0.00011428,-0.00005666,16:05:08..455,,,,
16:05:08..502,6.21613098,0.014659,-0.00063637,0.00047783,0.0003596,-0.00018341,0.00075565,-0.00003555,-0.00011622,-0.00005844,16:05:08..572,,,,
16:05:08..651,6.16441608,0.014659,-0.00063599,0.0004783,0.00035981,-0.00018337,0.00075533,-0.00003549,-0.00011637,-0.00005857,16:05:08..642,,,,
16:05:08..683,6.29370333,0.014601,-0.00063704,0.00048636,0.00035881,-0.00019083,0.00075162,-0.00003397,-0.0001148,-0.00006487,16:05:08..685,,,,
16:05:08..829,6.21095949,0.014601,-0.00063685,0.00048694,0.00035907,-0.00018936,0.00075078,-0.00003409,-0.00011507,-0.00006558,16:05:08..819,,,,
16:05:08..861,6.17993055,0.014617,-0.00063858,0.00048895,0.00035799,-0.0001915,0.0007482,-0.00002997,-0.0001143,-0.00006636,16:05:08..905,,,,
16:05:08..970,6.45919101,0.014617,-0.00063879,0.00048842,0.00035764,-0.00019223,0.00074862,-0.00003017,-0.000114,-0.00006588,16:05:08..905,,,,
16:05:09..005,6.36610419,0.014696,-0.0006389,0.00048471,0.00036,-0.00018332,0.00075511,-0.00002335,-0.00011096,-0.00005659,16:05:09..020,,,,
16:05:09..173,6.1540731,0.014696,-0.00063889,0.00048378,0.00035984,-0.00018328,0.00075493,-0.00002378,-0.00011098,-0.00005651,16:05:09..165,,,,
16:05:09..206,6.19027353,0.014501,-0.00063903,0.00048604,0.00036006,-0.00018323,0.0007583,-0.00002564,-0.00011186,-0.00006183,16:05:09..209,,,,
16:05:09..300,6.14890161,0.014443,-0.00063932,0.00048625,0.00036003,-0.00018292,0.00075716,-0.00002623,-0.00011244,-0.00006237,16:05:09..357,,,,
16:05:09..434,6.24198843,0.014443,-0.00063926,0.00048611,0.00036012,-0.0001833,0.00075793,-0.00002591,-0.00011213,-0.00006245,16:05:09..431,,,,
16:05:09..470,6.26784588,0.014443,-0.00063925,0.00048655,0.00036039,-0.00018274,0.00075732,-0.0000259,-0.00011277,-0.00006261,16:05:09..431,,,,
16:05:09..503,6.28853184,0.014719,-0.00063735,0.00048857,0.00036103,-0.00018034,0.00076233,-0.00002796,-0.00011323,-0.0000646,16:05:09..476,,,,
16:05:09..638,6.21613098,0.014719,-0.00063816,0.00048885,0.00036092,-0.00018017,0.00076118,-0.00002801,-0.00011321,-0.00006472,16:05:09..686,,,,
16:05:09..703,6.12304416,0.014719,-0.00063829,0.00048821,0.00036053,-0.00018038,0.00076202,-0.00002803,-0.00011338,-0.00006492,16:05:09..686,,,,
16:05:09..737,6.24198843,0.014592,-0.00063782,0.00048716,0.00036171,-0.00017501,0.00076417,-0.00003214,-0.00011554,-0.00006502,16:05:09..799,,,,
16:05:09..897,6.17993055,0.014592,-0.00063771,0.00048828,0.00036253,-0.00017451,0.00076376,-0.00003225,-0.00011569,-0.00006503,16:05:09..899,,,,
16:05:09..931,6.28336035,0.014193,-0.00063759,0.00048856,0.00036273,-0.00017215,0.00076582,-0.00002845,-0.00011414,-0.00006334,16:05:09..943,,,,
16:05:10..085,6.34024674,0.014193,-0.00063753,0.00048808,0.00036238,-0.00017244,0.00076642,-0.00002839,-0.00011381,-0.00006332,16:05:10..078,,,,
16:05:10..119,6.24715992,0.013984,-0.00063709,0.0004887,0.00036111,-0.00017972,0.00075848,-0.0000335,-0.00011482,-0.00006863,16:05:10..123,,,,
16:05:10..172,6.26267439,0.01405,-0.00063734,0.00048905,0.00036175,-0.00017928,0.00075799,-0.00003364,-0.0001153,-0.0000688,16:05:10..217,,,,
16:05:10..248,6.25233141,0.01405,-0.00063708,0.00048901,0.00036149,-0.00017954,0.00075842,-0.00003356,-0.00011511,-0.00006847,16:05:10..217,,,,
16:05:10..281,6.19544502,0.014097,-0.00063651,0.00048725,0.00036152,-0.00017617,0.00076312,-0.00003399,-0.00011567,-0.00006586,16:05:10..306,,,,
16:05:10..419,6.31438929,0.014097,-0.0006369,0.00048716,0.00036203,-0.00017603,0.00076262,-0.00003401,-0.00011585,-0.00006547,16:05:10..412,,,,
16:05:10..454,6.18510204,0.014164,-0.00063743,0.00048702,0.00036245,-0.00017367,0.00076296,-0.00003004,-0.00011442,-0.00006301,16:05:10..457,,,,
16:05:10..497,6.19544502,0.014185,-0.00063718,0.00048739,0.00036246,-0.00017336,0.00076256,-0.00003088,-0.00011504,-0.00006302,16:05:10..539,,,,
16:05:10..564,6.24198843,0.014185,-0.00063787,0.00048711,0.0003624,-0.00017337,0.00076319,-0.00003057,-0.00011434,-0.00006341,16:05:10..539,,,,
16:05:10..597,6.2575029,0.014143,-0.00063655,0.00048718,0.00036126,-0.0001813,0.00075877,-0.00003379,-0.00011549,-0.00006528,16:05:10..627,,,,
16:05:10..806,6.31956078,0.014143,-0.00063733,0.00048764,0.0003613,-0.00018107,0.0007577,-0.00003419,-0.00011549,-0.00006549,16:05:10..797,,,,
16:05:10..838,6.32473227,0.014083,-0.00063749,0.00048867,0.00036136,-0.00018085,0.00075362,-0.00003448,-0.00011524,-0.0000675,16:05:10..841,,,,
16:05:10..872,6.27301737,0.014101,-0.00063776,0.00048705,0.00036044,-0.00018019,0.00075866,-0.00003435,-0.00011675,-0.00006704,16:05:10..841,,,,
16:05:10..984,6.15924459,0.014101,-0.00063754,0.00048787,0.00036058,-0.00017978,0.00075934,-0.00003433,-0.00011647,-0.00006665,16:05:11..006,,,,
16:05:11..020,6.15924459,0.014101,-0.00063744,0.00048744,0.00036139,-0.00017971,0.00075989,-0.00003365,-0.00011627,-0.00006596,16:05:11..006,,,,
16:05:11..054,6.3092178,0.014317,-0.00063661,0.00048818,0.00036185,-0.00017934,0.00075712,-0.00003401,-0.00011448,-0.00006567,16:05:11..093,,,,
16:05:11..182,6.29370333,0.014317,-0.00063672,0.00048717,0.00036119,-0.00017966,0.00075794,-0.00003418,-0.0001152,-0.00006601,16:05:11..175,,,,
16:05:11..216,6.26784588,0.014562,-0.00063676,0.00048605,0.00036107,-0.00017891,0.00076059,-0.00003128,-0.00011537,-0.00006217,16:05:11..218,,,,
16:05:11..250,6.18510204,0.014685,-0.00063739,0.00048556,0.00036093,-0.00018003,0.00075997,-0.00003069,-0.00011486,-0.00006227,16:05:11..312,,,,
16:05:11..373,6.31956078,0.014685,-0.00063747,0.0004861,0.00036124,-0.00017942,0.00075939,-0.00003085,-0.00011534,-0.00006238,16:05:11..365,,,,
16:05:11..406,6.17993055,0.014824,-0.00063656,0.00048463,0.00036167,-0.00017516,0.00076422,-0.00003078,-0.00011559,-0.00005883,16:05:11..409,,,,
16:05:11..519,6.28336035,0.014824,-0.00063647,0.00048463,0.00036222,-0.00017538,0.00076312,-0.00003112,-0.00011582,-0.00005888,16:05:11..512,,,,
16:05:11..552,6.31956078,0.014773,-0.00063684,0.00048658,0.00036152,-0.00017703,0.00076294,-0.00003152,-0.00011533,-0.00006092,16:05:11..557,,,,
16:05:11..604,6.14373012,0.014664,-0.00063689,0.00048723,0.00036173,-0.0001767,0.00076212,-0.00003156,-0.00011518,-0.00006059,16:05:11..659,,,,
16:05:11..721,6.34024674,0.014664,-0.00063684,0.0004861,0.00036169,-0.00017704,0.00076324,-0.0000315,-0.00011539,-0.00006081,16:05:11..711,,,,
16:05:11..754,6.25233141,0.01469,-0.00063618,0.00048646,0.00036182,-0.0001739,0.00076595,-0.00003122,-0.00011589,-0.00005847,16:05:11..805,,,,
16:05:11..876,6.29887482,0.01469,-0.00063607,0.00048686,0.00036255,-0.00017356,0.0007653,-0.00003089,-0.00011583,-0.00005815,16:05:11..871,,,,
16:05:11..911,6.19544502,0.014645,-0.00063701,0.00048563,0.00036217,-0.00017252,0.00076583,-0.00002765,-0.00011411,-0.00005758,16:05:11..915,,,,
16:05:12..010,6.1023582,0.014645,-0.00063678,0.00048646,0.00036266,-0.00017207,0.00076509,-0.0000277,-0.00011407,-0.00005748,16:05:12..001,,,,
16:05:12..043,6.06098628,0.014595,-0.00063689,0.00048614,0.00036253,-0.00017164,0.00076606,-0.00002595,-0.0001143,-0.000055,16:05:12..044,,,,
16:05:12..149,6.21613098,0.014595,-0.00063705,0.00048535,0.00036248,-0.00017135,0.0007672,-0.00002494,-0.00011434,-0.00005475,16:05:12..140,,,,
16:05:12..181,6.25233141,0.014612,-0.00063759,0.00048666,0.00036141,-0.00017652,0.00075959,-0.00002642,-0.000114,-0.00005797,16:05:12..184,,,,
16:05:12..215,6.12821565,0.014659,-0.00063791,0.000487,0.00036191,-0.00017412,0.00076133,-0.0000285,-0.00011415,-0.00006061,16:05:12..229,,,,
16:05:12..267,6.25233141,0.014659,-0.00063753,0.00048737,0.00036189,-0.00017404,0.0007624,-0.00002798,-0.00011387,-0.00006027,16:05:12..296,,,,
16:05:12..314,6.31438929,0.014659,-0.00063833,0.00048732,0.00036239,-0.00017404,0.00076174,-0.00002865,-0.00011409,-0.0000609,16:05:12..296,,,,
16:05:12..349,6.14890161,0.014726,-0.00063808,0.00048451,0.00036186,-0.00017467,0.00076367,-0.00002735,-0.00011335,-0.00005905,16:05:12..340,,,,
16:05:12..384,6.14373012,0.014933,-0.00063701,0.00048703,0.0003615,-0.00017549,0.00076192,-0.00002855,-0.0001148,-0.0000579,16:05:12..445,,,,
16:05:12..522,6.27301737,0.014933,-0.00063735,0.00048653,0.00036208,-0.0001754,0.00076214,-0.00002841,-0.00011484,-0.00005794,16:05:12..515,,,,
16:05:12..553,6.13338714,0.015244,-0.00063706,0.00048753,0.0003618,-0.00017548,0.00076143,-0.0000265,-0.00011458,-0.00005583,16:05:12..558,,,,
16:05:12..644,6.26784588,0.015244,-0.00063643,0.00048663,0.00036173,-0.00017598,0.00076221,-0.00002626,-0.00011428,-0.00005537,16:05:12..638,,,,
16:05:12..678,6.23164545,0.015365,-0.00063867,0.00048389,0.0003606,-0.0001798,0.00075619,-0.00002394,-0.00011341,-0.00005528,16:05:12..681,,,,
16:05:12..782,6.22130247,0.015365,-0.00063815,0.00048457,0.00036059,-0.00017962,0.00075511,-0.00002352,-0.00011346,-0.00005487,16:05:12..773,,,,
16:05:12..814,6.24715992,0.015658,-0.00063999,0.00047962,0.00035978,-0.00018243,0.00076256,-0.00003036,-0.00011523,-0.00005387,16:05:12..816,,,,
16:05:12..888,6.21095949,0.015658,-0.0006402,0.00047876,0.00035919,-0.00018358,0.00076365,-0.00003029,-0.00011483,-0.00005383,16:05:12..925,,,,
16:05:12..939,6.2575029,0.015658,-0.00064011,0.00047998,0.00035974,-0.00018289,0.0007623,-0.00003023,-0.00011503,-0.00005455,16:05:12..925,,,,
16:05:12..974,6.19544502,0.015714,-0.00063733,0.00048227,0.00035944,-0.00018518,0.00077145,-0.00003061,-0.00011415,-0.00004884,16:05:13..048,,,,
16:05:13..108,6.31438929,0.015714,-0.00063741,0.00048257,0.00035962,-0.00018467,0.00077183,-0.00002992,-0.00011326,-0.00004887,16:05:13..101,,,,
16:05:13..139,6.24198843,0.015646,-0.0006387,0.00047932,0.00035858,-0.00019093,0.00074249,-0.0000329,-0.00011377,-0.00005679,16:05:13..146,,,,
16:05:13..242,6.24198843,0.015646,-0.0006387,0.00047866,0.00035804,-0.00019145,0.00074196,-0.00003288,-0.0001142,-0.00005679,16:05:13..234,,,,
16:05:13..274,6.23164545,0.015659,-0.00063865,0.000481,0.0003582,-0.00019563,0.00072034,-0.00003614,-0.00011573,-0.00006356,16:05:13..276,,,,
16:05:13..331,6.27818886,0.015659,-0.00063898,0.00048022,0.00035773,-0.00019675,0.00072112,-0.00003634,-0.00011525,-0.00006381,16:05:13..371,,,,
16:05:13..384,6.22647396,0.015659,-0.00063854,0.00048124,0.00035821,-0.00019642,0.00072052,-0.00003658,-0.00011603,-0.00006392,16:05:13..371,,,,
16:05:13..419,6.20061651,0.015642,-0.00063783,0.000483,0.00035828,-0.00019924,0.00071795,-0.00003434,-0.00011457,-0.00006618,16:05:13..459,,,,
16:05:13..559,6.19027353,0.015642,-0.00063797,0.00048298,0.00035861,-0.00019899,0.00071667,-0.00003554,-0.00011495,-0.00006613,16:05:13..551,,,,
16:05:13..592,6.26784588,0.015653,-0.00063762,0.0004816,0.00035818,-0.00020011,0.00071881,-0.00003275,-0.00011708,-0.00006827,16:05:13..595,,,,
16:05:13..684,6.23681694,0.015653,-0.00063787,0.00048135,0.00035776,-0.00020026,0.00071884,-0.00003232,-0.00011645,-0.00006745,16:05:13..677,,,,
16:05:13..717,6.33507525,0.015766,-0.00063765,0.00048197,0.00035822,-0.00019892,0.00071524,-0.00003441,-0.00011641,-0.00006862,16:05:13..720,,,,
16:05:13..764,6.16958757,0.015713,-0.0006381,0.00048138,0.00035724,-0.00019899,0.00071565,-0.00003445,-0.00011664,-0.00006833,16:05:13..810,,,,
16:05:13..831,6.29370333,0.015713,-0.00063776,0.0004815,0.00035757,-0.0001995,0.00071468,-0.00003462,-0.00011593,-0.00006798,16:05:13..810,,,,
16:05:13..865,6.22647396,0.015279,-0.00063916,0.0004817,0.00035843,-0.00019752,0.00073321,-0.00003967,-0.00011563,-0.00007659,16:05:13..896,,,,
16:05:14..027,6.14373012,0.015279,-0.0006396,0.00048148,0.00035834,-0.00019771,0.00073389,-0.00003997,-0.00011593,-0.00007647,16:05:14..018,,,,
16:05:14..058,6.23164545,0.014845,-0.00063962,0.00048197,0.00035773,-0.00019478,0.00074427,-0.00003796,-0.00011554,-0.00006928,16:05:14..060,,,,
16:05:14..179,6.2575029,0.014845,-0.00063947,0.00048266,0.00035783,-0.00019442,0.0007433,-0.00003786,-0.00011576,-0.00006972,16:05:14..171,,,,
16:05:14..213,6.32990376,0.014535,-0.00063826,0.00048283,0.00035853,-0.00019409,0.00073752,-0.00004195,-0.00011741,-0.00006746,16:05:14..214,,,,
16:05:14..330,6.23681694,0.014535,-0.00063868,0.0004821,0.00035831,-0.00019422,0.00073842,-0.00004246,-0.00011752,-0.00006702,16:05:14..321,,,,
16:05:14..362,6.1540731,0.014406,-0.00063676,0.0004839,0.00035877,-0.00019252,0.0007342,-0.00004317,-0.000118,-0.00006347,16:05:14..366,,,,
16:05:14..495,6.17993055,0.014406,-0.00063708,0.00048334,0.00035909,-0.00019276,0.00073509,-0.00004309,-0.00011783,-0.00006416,16:05:14..489,,,,
16:05:14..528,6.11787267,0.014654,-0.00063786,0.00048448,0.00035863,-0.0001929,0.00073865,-0.00003953,-0.00011661,-0.00006614,16:05:14..533,,,,
16:05:14..640,6.19027353,0.014654,-0.00063792,0.00048497,0.0003585,-0.00019302,0.0007374,-0.00003943,-0.00011654,-0.00006642,16:05:14..631,,,,
16:05:14..673,6.16958757,0.014905,-0.00063696,0.00048656,0.0003591,-0.00019224,0.00073465,-0.00003354,-0.00011727,-0.00005635,16:05:14..674,,,,
16:05:14..782,6.27818886,0.014905,-0.00063712,0.00048532,0.00035845,-0.00019322,0.00073481,-0.00003312,-0.00011701,-0.00005617,16:05:14..773,,,,
16:05:14..814,6.16441608,0.01514,-0.00063665,0.00048881,0.00035896,-0.00019278,0.00073724,-0.00003703,-0.00011712,-0.00005995,16:05:14..816,,,,
16:05:14..940,6.26784588,0.01514,-0.0006364,0.00048826,0.00035926,-0.00019273,0.00073852,-0.00003647,-0.00011667,-0.00005963,16:05:14..931,,,,
16:05:14..974,6.31956078,0.015208,-0.00063754,0.00048824,0.00035869,-0.00019309,0.00073816,-0.00003179,-0.00011699,-0.00006431,16:05:14..975,,,,
16:05:15..008,6.18510204,0.015199,-0.00063699,0.00048893,0.00035863,-0.00019343,0.00073811,-0.0000321,-0.00011711,-0.00006471,16:05:15..051,,,,
16:05:15..072,6.11270118,0.015199,-0.00063683,0.0004879,0.00035893,-0.00019361,0.00073809,-0.00003161,-0.0001161,-0.00006451,16:05:15..051,,,,
16:05:15..103,6.39713313,0.015349,-0.00063809,0.00048447,0.00035804,-0.00019497,0.00073651,-0.00003208,-0.00011559,-0.00006257,16:05:15..137,,,,
16:05:15..234,6.16441608,0.015349,-0.00063804,0.00048394,0.00035791,-0.00019615,0.00073645,-0.00003286,-0.00011527,-0.00006319,16:05:15..229,,,,
16:05:15..266,5.96272797,0.015231,-0.00063691,0.00048843,0.0003593,-0.00019581,0.00073099,-0.00003786,-0.00011614,-0.00006925,16:05:15..272,,,,
16:05:15..329,6.33507525,0.015231,-0.00063718,0.00048797,0.00035859,-0.00019592,0.00073145,-0.00003853,-0.00011671,-0.0000696,16:05:15..390,,,,
16:05:15..431,6.16958757,0.015231,-0.00063653,0.00048809,0.00035903,-0.00019584,0.00073043,-0.00003853,-0.00011664,-0.00006882,16:05:15..390,,,,
16:05:15..466,6.29370333,0.015197,-0.00063776,0.0004882,0.00035809,-0.00019271,0.0007476,-0.0000365,-0.00011416,-0.00007058,16:05:15..477,,,,
16:05:15..594,6.12304416,0.015197,-0.00063729,0.00048801,0.00035811,-0.00019295,0.00074823,-0.00003612,-0.00011457,-0.00007,16:05:15..585,,,,
16:05:15..627,6.24715992,0.015763,-0.00063938,0.00048527,0.00035599,-0.00019388,0.00074767,-0.00003083,-0.00011238,-0.00006312,16:05:15..696,,,,
16:05:15..774,6.24715992,0.015763,-0.00063955,0.00048547,0.00035649,-0.00019341,0.00074743,-0.00003097,-0.00011279,-0.00006343,16:05:15..765,,,,
16:05:15..806,6.2575029,0.016026,-0.00063919,0.00048593,0.00035591,-0.00019513,0.00074616,-0.00003303,-0.00011322,-0.00006716,16:05:15..807,,,,
16:05:15..889,6.24715992,0.016026,-0.00063826,0.00048625,0.00035702,-0.00019456,0.00074482,-0.0000329,-0.00011299,-0.00006737,16:05:15..959,,,,
16:05:16..002,6.27818886,0.016026,-0.00063848,0.0004855,0.0003563,-0.00019519,0.00074572,-0.00003252,-0.00011289,-0.00006692,16:05:15..959,,,,
16:05:16..034,6.24715992,0.016163,-0.0006379,0.00048628,0.00035872,-0.00019758,0.0007326,-0.00003975,-0.00011566,-0.00006979,16:05:16..004,,,,
16:05:16..067,6.26784588,0.016385,-0.00063594,0.00048756,0.00035934,-0.0001982,0.00072899,-0.00003954,-0.00011592,-0.00006658,16:05:16..124,,,,
16:05:16..184,6.23681694,0.016385,-0.00063644,0.00048697,0.00035866,-0.00019887,0.00072964,-0.00003955,-0.00011571,-0.00006627,16:05:16..177,,,,
16:05:16..216,6.27818886,0.016511,-0.00063843,0.00048541,0.00035722,-0.00019388,0.00074833,-0.00003222,-0.00011322,-0.00006552,16:05:16..221,,,,
16:05:16..339,6.28336035,0.016511,-0.0006383,0.00048583,0.00035753,-0.00019373,0.00074784,-0.0000321,-0.00011356,-0.00006482,16:05:16..330,,,,
16:05:16..372,6.24198843,0.016175,-0.00063993,0.00048553,0.00035699,-0.00019512,0.00074343,-0.00002935,-0.00011366,-0.00006509,16:05:16..373,,,,
16:05:16..490,6.17993055,0.016175,-0.00063989,0.00048587,0.0003574,-0.00019519,0.00074311,-0.00003016,-0.00011351,-0.00006491,16:05:16..481,,,,
16:05:16..521,6.15924459,0.015771,-0.00063941,0.0004868,0.00035697,-0.00019432,0.00074172,-0.0000302,-0.00011268,-0.00006674,16:05:16..523,,,,
16:05:16..569,6.29887482,0.015771,-0.00063908,0.00048655,0.00035692,-0.00019493,0.00074305,-0.00002963,-0.00011201,-0.0000661,16:05:16..609,,,,
16:05:16..623,6.21613098,0.015771,-0.00063913,0.00048666,0.00035689,-0.00019416,0.0007417,-0.0000299,-0.0001121,-0.00006659,16:05:16..609,,,,
16:05:16..658,6.25233141,0.014862,-0.00063801,0.00048613,0.00035842,-0.00019557,0.00073931,-0.00004292,-0.00011681,-0.00008071,16:05:16..696,,,,
16:05:16..776,6.26784588,0.014862,-0.00063803,0.00048664,0.0003588,-0.00019511,0.00073864,-0.00004361,-0.00011691,-0.0000804,16:05:16..767,,,,
16:05:16..808,6.22130247,0.01439,-0.00063976,0.0004872,0.00035683,-0.0001941,0.00074616,-0.00003216,-0.00011305,-0.00006866,16:05:16..809,,,,
16:05:16..928,6.08167224,0.01439,-0.00064006,0.00048676,0.00035689,-0.00019483,0.00074671,-0.0000324,-0.00011318,-0.00006874,16:05:16..919,,,,
16:05:16..960,6.205788,0.014236,-0.00064051,0.00048478,0.00035751,-0.00019165,0.00074478,-0.00003631,-0.00011399,-0.00007518,16:05:16..961,,,,
16:05:17..007,6.27818886,0.014273,-0.00064004,0.00048508,0.00035787,-0.00019142,0.00074473,-0.00003635,-0.00011449,-0.00007538,16:05:17..048,,,,
16:05:17..092,6.1540731,0.014332,-0.00064044,0.00048536,0.00035785,-0.00019204,0.00074478,-0.00003606,-0.00011466,-0.00007495,16:05:17..092,,,,
16:05:17..126,6.26784588,0.014334,-0.00063823,0.00048635,0.00035826,-0.00019426,0.00074362,-0.00003941,-0.00011637,-0.00007474,16:05:17..137,,,,
16:05:17..280,6.21613098,0.014334,-0.0006387,0.00048643,0.00035787,-0.00019475,0.0007444,-0.00003885,-0.00011627,-0.00007497,16:05:17..271,,,,
16:05:17..312,6.22647396,0.01437,-0.00063842,0.00048803,0.00035841,-0.00019169,0.00074501,-0.00003884,-0.00011621,-0.00007568,16:05:17..315,,,,
16:05:17..432,6.24715992,0.01437,-0.00063838,0.00048732,0.00035802,-0.00019149,0.00074549,-0.00003868,-0.00011562,-0.00007559,16:05:17..423,,,,
16:05:17..465,6.28336035,0.014587,-0.0006389,0.00048743,0.00035754,-0.00019403,0.00073756,-0.00003052,-0.00011234,-0.00006579,16:05:17..466,,,,
16:05:17..581,6.2575029,0.014587,-0.00063941,0.00048711,0.00035747,-0.00019384,0.00073786,-0.00003026,-0.00011327,-0.00006584,16:05:17..572,,,,
16:05:17..614,6.1540731,0.01487,-0.00063821,0.00048681,0.00035787,-0.00019355,0.00074459,-0.0000391,-0.00011598,-0.00007449,16:05:17..614,,,,
16:05:17..732,6.23164545,0.01487,-0.00063826,0.00048718,0.00035826,-0.00019324,0.00074452,-0.00003921,-0.00011606,-0.00007473,16:05:17..723,,,,
16:05:17..765,6.26267439,0.014763,-0.00063742,0.00048874,0.00035879,-0.00019539,0.00074119,-0.00004065,-0.00011642,-0.00007837,16:05:17..769,,,,
16:05:17..897,6.17993055,0.014763,-0.00063705,0.00048959,0.00035887,-0.00019579,0.00074018,-0.00004109,-0.00011637,-0.0000784,16:05:17..887,,,,
16:05:17..928,6.21613098,0.014129,-0.0006374,0.00048876,0.00035815,-0.00019446,0.00074204,-0.00003819,-0.00011598,-0.00007416,16:05:17..931,,,,
16:05:18..066,6.16958757,0.014129,-0.00063749,0.00048896,0.00035846,-0.00019457,0.00074133,-0.00003791,-0.00011596,-0.00007419,16:05:18..057,,,,
16:05:18..098,6.28336035,0.013964,-0.00063847,0.00048834,0.00035856,-0.00019476,0.00073865,-0.00004238,-0.00011601,-0.00008123,16:05:18..098,,,,
16:05:18..132,6.22130247,0.013951,-0.00063735,0.00048937,0.00035911,-0.00019553,0.00074108,-0.00004175,-0.00011705,-0.00007849,16:05:18..141,,,,
16:05:18..199,6.22130247,0.013951,-0.00063754,0.00048937,0.00035868,-0.00019598,0.0007396,-0.00004219,-0.00011842,-0.00007985,16:05:18..242,,,,
16:05:18..256,6.18510204,0.013951,-0.0006374,0.00048877,0.00035876,-0.00019582,0.00074067,-0.00004165,-0.00011713,-0.00007908,16:05:18..242,,,,
16:05:18..290,6.28853184,0.014078,-0.00063854,0.00048846,0.00035871,-0.0001945,0.00073937,-0.00003812,-0.00011468,-0.00007516,16:05:18..327,,,,
16:05:18..425,6.24715992,0.014078,-0.00063811,0.00048768,0.00035828,-0.00019485,0.00073981,-0.0000374,-0.00011479,-0.0000753,16:05:18..416,,,,
16:05:18..457,6.32473227,0.014161,-0.00063953,0.00048703,0.00035725,-0.00019478,0.00074328,-0.00003167,-0.00011311,-0.00006822,16:05:18..460,,,,
16:05:18..562,6.19544502,0.014161,-0.00063938,0.00048646,0.00035704,-0.00019445,0.00074392,-0.00003157,-0.00011343,-0.00006872,16:05:18..553,,,,
16:05:18..594,6.12304416,0.014374,-0.00063995,0.00048576,0.0003567,-0.00019463,0.00074253,-0.0000292,-0.00011245,-0.00006667,16:05:18..596,,,,
16:05:18..690,6.16441608,0.014374,-0.00064014,0.00048559,0.00035647,-0.00019454,0.00074204,-0.00002902,-0.00011262,-0.00006679,16:05:18..682,,,,
16:05:18..721,6.27818886,0.014458,-0.00064048,0.00048508,0.0003559,-0.000194,0.00074351,-0.0000273,-0.0001119,-0.0000634,16:05:18..727,,,,
16:05:18..767,6.18510204,0.014488,-0.00064003,0.0004853,0.00035641,-0.00019378,0.00074352,-0.00002719,-0.00011202,-0.00006369,16:05:18..809,,,,
16:05:18..832,6.20061651,0.014488,-0.0006402,0.00048506,0.00035619,-0.0001937,0.00074349,-0.00002761,-0.00011189,-0.00006368,16:05:18..809,,,,
16:05:18..866,6.25233141,0.014354,-0.00063956,0.00048635,0.00035594,-0.00019471,0.00074168,-0.00002579,-0.00011132,-0.00006274,16:05:18..895,,,,
16:05:18..992,6.31956078,0.014354,-0.00063961,0.00048521,0.00035608,-0.00019528,0.00074206,-0.00002623,-0.00011141,-0.0000622,16:05:18..983,,,,
16:05:19..023,6.28336035,0.014317,-0.00063969,0.00048242,0.00035535,-0.00019461,0.00074232,-0.00002645,-0.00011144,-0.00006262,16:05:19..027,,,,
16:05:19..136,6.14890161,0.014317,-0.0006399,0.0004828,0.00035526,-0.00019466,0.00074143,-0.00002691,-0.00011158,-0.0000627,16:05:19..127,,,,
16:05:19..168,6.1540731,0.014503,-0.00063937,0.00048537,0.00035576,-0.0001934,0.00074366,-0.00003169,-0.00011392,-0.00007121,16:05:19..174,,,,
16:05:19..295,6.18510204,0.014526,-0.00063915,0.00048606,0.00035668,-0.00019304,0.00074266,-0.0000321,-0.00011364,-0.00007106,16:05:19..285,,,,
16:05:19..359,6.205788,0.014526,-0.00063924,0.00048562,0.00035618,-0.00019386,0.00074386,-0.00003141,-0.00011409,-0.00007124,16:05:19..330,,,,
16:05:19..394,6.29370333,0.014683,-0.00063834,0.00048701,0.00035769,-0.00019338,0.00074448,-0.0000363,-0.0001149,-0.00007385,16:05:19..416,,,,
16:05:19..509,6.17993055,0.014683,-0.00063856,0.00048642,0.00035701,-0.00019377,0.00074528,-0.00003637,-0.00011453,-0.00007407,16:05:19..502,,,,
16:05:19..544,6.22130247,0.014593,-0.00063923,0.00048786,0.00035615,-0.00019156,0.00074722,-0.00003324,-0.00011369,-0.00007457,16:05:19..547,,,,
16:05:19..651,6.29887482,0.014593,-0.00063895,0.00048746,0.00035627,-0.00019135,0.00074824,-0.00003261,-0.00011327,-0.0000747,16:05:19..642,,,,
16:05:19..683,6.11270118,0.014794,-0.00063842,0.00048792,0.00035777,-0.00019449,0.00074431,-0.00003664,-0.00011392,-0.00007657,16:05:19..642,,,,
16:05:19..758,6.32990376,0.014794,-0.00063816,0.00048757,0.00035743,-0.00019446,0.00074308,-0.00003764,-0.0001144,-0.00007687,16:05:19..791,,,,
16:05:19..804,6.205788,0.014794,-0.00063863,0.00048725,0.00035797,-0.00019474,0.00074388,-0.00003743,-0.00011404,-0.00007652,16:05:19..791,,,,
16:05:19..837,6.38161866,0.014767,-0.00063717,0.00048612,0.00035846,-0.00019752,0.0007384,-0.00004166,-0.00011577,-0.00007831,16:05:19..834,,,,
16:05:19..872,6.3092178,0.014767,-0.00063667,0.00048703,0.00035882,-0.0001974,0.00073904,-0.00004281,-0.00011622,-0.00008006,16:05:19..877,,,,
16:05:19..975,6.09718671,0.014767,-0.00063705,0.00048744,0.00035918,-0.00019732,0.00073736,-0.00004308,-0.00011667,-0.00008012,16:05:19..966,,,,
16:05:20..008,6.23164545,0.014609,-0.00063753,0.00048752,0.00035934,-0.00019638,0.00073969,-0.00004272,-0.00011583,-0.00008161,16:05:20..011,,,,
16:05:20..091,6.21095949,0.014609,-0.00063808,0.00048687,0.00035895,-0.00019619,0.00074052,-0.00004212,-0.00011571,-0.00008154,16:05:20..083,,,,
16:05:20..123,6.25233141,0.014486,-0.00063833,0.00048572,0.00035731,-0.00019617,0.00074175,-0.00004059,-0.00011546,-0.00008185,16:05:20..128,,,,
16:05:20..241,6.19544502,0.014486,-0.00063827,0.0004867,0.00035798,-0.00019604,0.00074056,-0.00004113,-0.00011569,-0.00008225,16:05:20..233,,,,
16:05:20..274,6.28853184,0.014509,-0.00063792,0.00048644,0.00035764,-0.00019543,0.00074109,-0.00004002,-0.00011554,-0.00008026,16:05:20..277,,,,
16:05:20..406,6.28853184,0.014509,-0.00063785,0.00048599,0.00035811,-0.00019558,0.0007422,-0.00003957,-0.00011496,-0.00008039,16:05:20..397,,,,
16:05:20..438,6.35576121,0.014792,-0.00063688,0.00048611,0.0003576,-0.00019624,0.00074193,-0.00004124,-0.00011688,-0.00007973,16:05:20..441,,,,
16:05:20..576,6.14890161,0.014792,-0.00063762,0.00048619,0.00035794,-0.00019598,0.00074109,-0.00004179,-0.00011712,-0.00007965,16:05:20..566,,,,
16:05:20..607,6.27818886,0.014935,-0.00063776,0.00048079,0.00035394,-0.00019506,0.0007451,-0.00003182,-0.00011462,-0.00007128,16:05:20..612,,,,
16:05:20..778,6.2575029,0.014935,-0.00063811,0.00048158,0.00035408,-0.00019478,0.00074442,-0.00003201,-0.00011416,-0.00007137,16:05:20..772,,,,
16:05:20..811,6.26267439,0.014784,-0.00063831,0.00048356,0.00035648,-0.00019549,0.00074097,-0.00003717,-0.00011405,-0.00007395,16:05:20..817,,,,
16:05:20..949,6.26784588,0.014784,-0.00063801,0.00048398,0.00035697,-0.00019526,0.00074026,-0.00003703,-0.00011413,-0.00007372,16:05:20..940,,,,
16:05:20..980,6.29887482,0.014757,-0.00063583,0.00048395,0.0003575,-0.00019581,0.00073824,-0.00003933,-0.00011575,-0.00007376,16:05:20..940,,,,
16:05:21..081,6.1540731,0.014757,-0.00063576,0.00048444,0.0003582,-0.00019582,0.00073763,-0.0000393,-0.00011566,-0.00007348,16:05:21..123,,,,
16:05:21..145,6.27301737,0.014757,-0.00063578,0.0004841,0.00035802,-0.00019591,0.00073882,-0.00003917,-0.00011596,-0.00007427,16:05:21..123,,,,
16:05:21..179,6.23164545,0.014898,-0.00063404,0.00048185,0.00035636,-0.00019509,0.00073749,-0.00003901,-0.00011599,-0.00007697,16:05:21..167,,,,
16:05:21..213,6.22647396,0.015294,-0.00063549,0.0004801,0.00035572,-0.00019668,0.00073801,-0.00004058,-0.00011496,-0.00007722,16:05:21..292,,,,
16:05:21..379,6.32473227,0.015294,-0.00063514,0.00048048,0.00035588,-0.0001965,0.00073715,-0.00004079,-0.00011542,-0.00007777,16:05:21..375,,,,
16:05:21..411,6.27301737,0.015318,-0.00063369,0.00048707,0.00035878,-0.00019529,0.00073778,-0.00004298,-0.00011712,-0.00008225,16:05:21..418,,,,
16:05:21..463,6.27301737,0.015328,-0.00063384,0.00048624,0.00035837,-0.00019566,0.00073893,-0.0000427,-0.0001171,-0.00008213,16:05:21..515,,,,
16:05:21..535,6.14373012,0.015328,-0.0006334,0.00048694,0.00035868,-0.00019557,0.00073795,-0.00004269,-0.00011754,-0.00008229,16:05:21..515,,,,
16:05:21..568,6.42299058,0.015479,-0.0006314,0.00048307,0.0003563,-0.00019934,0.00073829,-0.00004399,-0.00011814,-0.00007825,16:05:21..602,,,,
16:05:21..769,6.21613098,0.015479,-0.00063129,0.00048256,0.00035637,-0.00019944,0.00073812,-0.00004362,-0.00011772,-0.00007792,16:05:21..758,,,,
16:05:21..801,6.17475906,0.015377,-0.00063031,0.00047955,0.0003561,-0.00019884,0.00073749,-0.00004327,-0.00011566,-0.00007741,16:05:21..802,,,,
16:05:21..895,6.21613098,0.015377,-0.00063072,0.00048038,0.00035702,-0.0001975,0.00073665,-0.00004341,-0.00011597,-0.00007713,16:05:21..928,,,,
16:05:21..952,6.27301737,0.015377,-0.0006304,0.00047981,0.00035657,-0.00019827,0.00073781,-0.00004333,-0.00011564,-0.00007729,16:05:21..928,,,,
16:05:21..986,6.2575029,0.014955,-0.00063394,0.00047988,0.0003554,-0.00019592,0.00073843,-0.00004226,-0.00011617,-0.0000791,16:05:22..013,,,,
16:05:22..198,6.17475906,0.014955,-0.00063365,0.00048091,0.00035601,-0.00019532,0.00073818,-0.00004172,-0.00011633,-0.00007904,16:05:22..189,,,,
16:05:22..232,6.27301737,0.014561,-0.00063401,0.00047905,0.00035591,-0.00019517,0.00073916,-0.00004175,-0.00011611,-0.00007807,16:05:22..234,,,,
16:05:22..306,6.20061651,0.014561,-0.00063429,0.00048042,0.00035615,-0.00019495,0.00073858,-0.00004186,-0.00011638,-0.00007843,16:05:22..355,,,,
16:05:22..376,6.22647396,0.014561,-0.00063373,0.00047973,0.0003559,-0.00019499,0.00073922,-0.00004202,-0.00011598,-0.00007825,16:05:22..355,,,,
16:05:22..408,6.21095949,0.014156,-0.00063785,0.00047887,0.00035433,-0.00019373,0.00073959,-0.00003941,-0.00011575,-0.00007558,16:05:22..459,,,,
16:05:22..525,6.22130247,0.014156,-0.00063769,0.00047835,0.00035428,-0.0001941,0.00074023,-0.00003918,-0.00011605,-0.00007534,16:05:22..459,,,,
16:05:22..559,6.38161866,0.014241,-0.00063426,0.00048494,0.00035965,-0.0001959,0.00073882,-0.00004508,-0.00011767,-0.00007969,16:05:22..574,,,,
16:05:22..689,6.33507525,0.014241,-0.00063513,0.00048512,0.00036009,-0.00019533,0.0007379,-0.00004577,-0.00011751,-0.00007958,16:05:22..681,,,,
16:05:22..722,6.29370333,0.014404,-0.00063802,0.0004839,0.00035809,-0.0001964,0.00073883,-0.00004266,-0.00011659,-0.00007987,16:05:22..724,,,,
16:05:22..756,6.29370333,0.014405,-0.00063708,0.00048497,0.00035665,-0.00019717,0.00073929,-0.0000394,-0.00011617,-0.0000775,16:05:22..800,,,,
16:05:22..900,6.28853184,0.014405,-0.0006367,0.00048517,0.00035723,-0.00019692,0.00073781,-0.0000397,-0.00011673,-0.00007757,16:05:22..896,,,,
16:05:22..934,6.3092178,0.014264,-0.00063858,0.00048391,0.00035617,-0.00019529,0.00074197,-0.00004043,-0.0001164,-0.00007721,16:05:22..939,,,,
16:05:23..061,6.17475906,0.014264,-0.00063793,0.00048435,0.00035649,-0.00019475,0.00074211,-0.00004022,-0.00011669,-0.00007722,16:05:23..051,,,,
16:05:23..092,6.12304416,0.014327,-0.000638,0.00048743,0.0003595,-0.00019661,0.00073745,-0.00004238,-0.00011591,-0.00007715,16:05:23..098,,,,
16:05:23..259,6.22647396,0.014327,-0.00063773,0.00048731,0.0003596,-0.00019664,0.00073777,-0.00004226,-0.00011634,-0.00007787,16:05:23..251,,,,
16:05:23..294,6.25233141,0.014401,-0.00063785,0.00048746,0.00035751,-0.00019638,0.00074372,-0.00003783,-0.00011525,-0.00007288,16:05:23..295,,,,
16:05:23..439,6.20061651,0.014401,-0.00063812,0.00048795,0.00035786,-0.00019633,0.00074322,-0.00003791,-0.00011534,-0.00007356,16:05:23..431,,,,
16:05:23..471,6.23681694,0.014749,-0.00063826,0.00048592,0.00035733,-0.00019448,0.00074739,-0.00003602,-0.00011545,-0.00007111,16:05:23..475,,,,
16:05:23..607,6.29370333,0.014749,-0.00063853,0.00048636,0.00035745,-0.00019505,0.00074658,-0.00003617,-0.00011511,-0.00007125,16:05:23..599,,,,
16:05:23..639,6.15924459,0.015027,-0.00063931,0.00048756,0.00035768,-0.0001927,0.00075012,-0.00003473,-0.00011442,-0.00007249,16:05:23..641,,,,
16:05:23..820,6.13338714,0.015027,-0.00063859,0.00048686,0.00035715,-0.00019315,0.00075108,-0.00003482,-0.00011448,-0.00007157,16:05:23..810,,,,
16:05:23..852,6.17475906,0.014947,-0.00063937,0.00048627,0.00035623,-0.00019195,0.00075208,-0.00003165,-0.00011374,-0.00006619,16:05:23..853,,,,
16:05:23..891,6.23681694,0.014808,-0.00063955,0.00048576,0.00035622,-0.00019238,0.00075256,-0.00003146,-0.00011367,-0.00006598,16:05:23..972,,,,
16:05:24..061,6.28336035,0.014808,-0.00063937,0.0004862,0.00035647,-0.00019267,0.00075218,-0.00003184,-0.00011357,-0.00006643,16:05:24..053,,,,
16:05:24..095,6.27301737,0.014266,-0.00063912,0.00048587,0.0003563,-0.00019025,0.00075603,-0.00002805,-0.00011248,-0.00006132,16:05:24..053,,,,
16:05:24..156,6.205788,0.014266,-0.00063906,0.00048624,0.00035636,-0.00018997,0.00075582,-0.0000282,-0.00011299,-0.00006148,16:05:24..204,,,,
16:05:24..224,6.24198843,0.014266,-0.0006392,0.00048571,0.00035598,-0.00019053,0.00075606,-0.00002781,-0.00011243,-0.00006117,16:05:24..204,,,,
16:05:24..258,6.18510204,0.013825,-0.00063902,0.00048711,0.00035631,-0.00019235,0.00075207,-0.00002937,-0.00011255,-0.00006288,16:05:24..311,,,,
16:05:24..393,6.27818886,0.013825,-0.00063911,0.00048717,0.00035684,-0.0001929,0.00075055,-0.00003021,-0.00011343,-0.0000634,16:05:24..386,,,,
16:05:24..427,6.23681694,0.013575,-0.00063856,0.00048722,0.00035768,-0.00018865,0.00078583,-0.00003184,-0.00011238,-0.00004309,16:05:24..430,,,,
16:05:24..579,6.31438929,0.013575,-0.00063846,0.00048726,0.00035816,-0.00018847,0.00078693,-0.00003234,-0.00011248,-0.00004296,16:05:24..572,,,,
16:05:24..611,6.21613098,0.013382,-0.00063509,0.00049038,0.00035927,-0.00018352,0.00081563,-0.00003628,-0.00011305,-0.00003557,16:05:24..616,,,,
16:05:24..740,6.28336035,0.013382,-0.00063476,0.00048959,0.0003591,-0.00018387,0.00081603,-0.00003595,-0.00011257,-0.00003569,16:05:24..733,,,,
16:05:24..772,6.31438929,0.01324,-0.00063556,0.00048885,0.00035852,-0.00019139,0.00076264,-0.00003732,-0.00011431,-0.0000506,16:05:24..777,,,,
16:05:24..909,6.25233141,0.01324,-0.00063561,0.00048871,0.00035805,-0.00019185,0.00076359,-0.00003703,-0.00011378,-0.0000509,16:05:24..900,,,,
16:05:24..942,6.22130247,0.013237,-0.00063705,0.00048677,0.00035704,-0.00019588,0.00074961,-0.00003564,-0.00011375,-0.00006018,16:05:24..992,,,,
16:05:25..085,6.22130247,0.013237,-0.00063677,0.00048655,0.0003569,-0.0001963,0.00074997,-0.00003595,-0.00011376,-0.00006014,16:05:25..078,,,,
16:05:25..117,6.23164545,0.013212,-0.00063721,0.00048904,0.00035809,-0.00019194,0.00074918,-0.00003312,-0.00011309,-0.00006057,16:05:25..121,,,,
16:05:25..277,6.28336035,0.013212,-0.00063692,0.00048782,0.0003577,-0.00019206,0.00075063,-0.00003253,-0.00011312,-0.00006058,16:05:25..268,,,,
16:05:25..309,6.21613098,0.013308,-0.00063776,0.00048779,0.00035707,-0.00019387,0.00074602,-0.00003555,-0.00011381,-0.00006962,16:05:25..312,,,,
16:05:25..357,6.13338714,0.013397,-0.00063771,0.00048723,0.00035662,-0.00019403,0.00074636,-0.00003529,-0.00011462,-0.00006945,16:05:25..407,,,,
16:05:25..456,6.20061651,0.01346,-0.00063809,0.00048726,0.00035725,-0.00019395,0.0007464,-0.00003546,-0.00011453,-0.00006939,16:05:25..453,,,,
16:05:25..490,6.26267439,0.013632,-0.00063811,0.00048735,0.00035676,-0.00019325,0.00075032,-0.00003427,-0.00011351,-0.0000662,16:05:25..496,,,,
16:05:25..655,6.28853184,0.013632,-0.00063766,0.00048791,0.000357,-0.00019349,0.00074988,-0.00003461,-0.00011385,-0.00006602,16:05:25..647,,,,
16:05:25..689,6.17993055,0.01395,-0.00063772,0.00048661,0.00035772,-0.00018891,0.00077341,-0.00002586,-0.00011059,-0.00003149,16:05:25..647,,,,
16:05:25..792,6.20061651,0.01395,-0.00063807,0.00048744,0.00035799,-0.00018869,0.00077293,-0.00002539,-0.00011046,-0.00003219,16:05:25..851,,,,
16:05:25..898,6.26267439,0.013878,-0.00063793,0.00048681,0.00035773,-0.00018886,0.00077367,-0.00002554,-0.00011079,-0.00003198,16:05:25..851,,,,
16:05:25..932,6.32990376,0.013878,-0.00063711,0.00048796,0.00035767,-0.0001896,0.00077991,-0.00002507,-0.00011057,-0.00002848,16:05:25..899,,,,
16:05:25..966,6.21095949,0.013814,-0.00063769,0.00048801,0.00035856,-0.00018805,0.00077486,-0.00002614,-0.00011003,-0.00003164,16:05:26..064,,,,
16:05:26..151,6.14890161,0.013814,-0.00063806,0.0004874,0.00035859,-0.00018847,0.00077601,-0.00002662,-0.00011049,-0.00003129,16:05:26..160,,,,
16:05:26..182,6.21613098,0.013814,-0.00063776,0.00048747,0.00035811,-0.00018998,0.00076751,-0.00002877,-0.0001112,-0.00004248,16:05:26..160,,,,
16:05:26..217,6.23164545,0.013745,-0.00063584,0.00048964,0.00035918,-0.00019163,0.00072967,-0.00003521,-0.00011555,-0.00007823,16:05:26..249,,,,
16:05:26..353,6.23164545,0.013745,-0.00063586,0.00048971,0.00035895,-0.00019228,0.00072803,-0.00003639,-0.00011532,-0.00007898,16:05:26..345,,,,
16:05:26..388,6.20061651,0.013975,-0.00063633,0.00048796,0.00036073,-0.00017842,0.00075945,-0.00003513,-0.00011582,-0.00006403,16:05:26..390,,,,
16:05:26..513,6.15924459,0.013975,-0.0006359,0.00048741,0.00036007,-0.00017913,0.00075998,-0.00003481,-0.00011547,-0.0000638,16:05:26..505,,,,
16:05:26..548,6.26784588,0.013759,-0.00063691,0.00048816,0.00035819,-0.0001902,0.00075094,-0.00003154,-0.00011423,-0.00006695,16:05:26..549,,,,
16:05:26..614,6.28336035,0.013759,-0.00063741,0.00048815,0.00035785,-0.00019048,0.00075111,-0.00003176,-0.0001147,-0.00006743,16:05:26..695,,,,
16:05:26..727,6.26267439,0.013759,-0.0006369,0.00048776,0.0003579,-0.00019049,0.00075109,-0.0000316,-0.00011482,-0.00006698,16:05:26..695,,,,
16:05:26..758,6.24715992,0.013839,-0.00063751,0.00048875,0.00035852,-0.0001912,0.0007425,-0.00003277,-0.0001152,-0.00005938,16:05:26..783,,,,
16:05:26..927,6.37127568,0.013839,-0.00063737,0.00048834,0.00035766,-0.00019144,0.00074315,-0.00003237,-0.00011502,-0.00005862,16:05:26..918,,,,
16:05:26..962,6.1540731,0.014063,-0.00063747,0.00048998,0.00035828,-0.00019104,0.00073803,-0.00003725,-0.00011594,-0.00006013,16:05:27..006,,,,
16:05:27..089,6.16441608,0.014063,-0.00063704,0.00048937,0.00035836,-0.00019074,0.00073947,-0.00003727,-0.00011584,-0.0000596,16:05:27..082,,,,
16:05:27..121,6.11270118,0.014035,-0.00063537,0.00049088,0.00035878,-0.00019181,0.00074886,-0.00003831,-0.00011733,-0.00006178,16:05:27..126,,,,
16:05:27..190,6.20061651,0.014035,-0.00063552,0.00049067,0.00035874,-0.00019257,0.00074938,-0.00003789,-0.00011703,-0.00006168,16:05:27..256,,,,
16:05:27..275,6.27301737,0.014035,-0.00063515,0.00049111,0.00035881,-0.00019244,0.00074816,-0.00003819,-0.00011723,-0.00006152,16:05:27..256,,,,
16:05:27..310,6.24198843,0.014084,-0.00063499,0.0004915,0.00035884,-0.00019465,0.00074189,-0.00003671,-0.00011743,-0.00004692,16:05:27..385,,,,
16:05:27..443,6.29887482,0.014084,-0.00063471,0.00049158,0.00035878,-0.00019436,0.00074127,-0.0000368,-0.00011776,-0.0000471,16:05:27..434,,,,
16:05:27..475,6.21613098,0.014194,-0.00063334,0.00048935,0.00035817,-0.00019685,0.00073308,-0.00002876,-0.00011732,-0.00002407,16:05:27..478,,,,
16:05:27..534,6.22647396,0.014194,-0.00063301,0.00049024,0.00035851,-0.00019601,0.00073216,-0.00002773,-0.00011703,-0.00002383,16:05:27..581,,,,
16:05:27..594,6.205788,0.014194,-0.00063343,0.00048926,0.00035815,-0.00019673,0.00073299,-0.00002807,-0.00011732,-0.00002352,16:05:27..581,,,,
16:05:27..628,6.18510204,0.014743,-0.00063353,0.00048958,0.00035811,-0.00019644,0.00072567,-0.00003021,-0.00011691,-0.00001918,16:05:27..668,,,,
16:05:27..767,6.27301737,0.014743,-0.00063317,0.0004905,0.00035835,-0.00019581,0.00072462,-0.00003081,-0.00011703,-0.0000193,16:05:27..757,,,,
16:05:27..798,6.25233141,0.015017,-0.00063288,0.00048897,0.00035774,-0.00019862,0.00070865,-0.00002557,-0.00011663,-0.0000097,16:05:27..801,,,,
16:05:27..871,6.32473227,0.015017,-0.00063277,0.00048957,0.00035855,-0.0001982,0.00070861,-0.00002538,-0.00011641,-0.00000989,16:05:27..941,,,,
16:05:27..986,6.32990376,0.015131,-0.00063322,0.00048905,0.00035815,-0.00019823,0.00070846,-0.00002532,-0.00011627,-0.00000898,16:05:27..984,,,,
16:05:28..020,6.17993055,0.015274,-0.00063415,0.00049193,0.0003591,-0.00018915,0.00072686,-0.00003476,-0.0001169,-0.0000401,16:05:28..028,,,,
16:05:28..073,6.30404631,0.015274,-0.00063363,0.00049153,0.00035904,-0.00018922,0.00072819,-0.00003442,-0.00011713,-0.00003965,16:05:28..137,,,,
16:05:28..154,6.14890161,0.015274,-0.00063368,0.00049203,0.00035952,-0.00018878,0.00072607,-0.00003455,-0.00011684,-0.0000402,16:05:28..137,,,,
16:05:28..186,6.36610419,0.015564,-0.00063438,0.00049037,0.00035902,-0.00019053,0.0007262,-0.00003955,-0.00011774,-0.0000469,16:05:28..259,,,,
16:05:28..315,6.09718671,0.015564,-0.00063467,0.00048987,0.00035877,-0.00019064,0.00072672,-0.00003916,-0.00011768,-0.00004674,16:05:28..259,,,,
16:05:28..348,6.30404631,0.015623,-0.00063464,0.00049082,0.00035962,-0.00018876,0.0007391,-0.00004378,-0.00011855,-0.00007124,16:05:28..362,,,,
16:05:28..396,6.34541823,0.015665,-0.00063443,0.00049153,0.0003598,-0.00018824,0.00073816,-0.00004401,-0.00011863,-0.0000713,16:05:28..437,,,,
16:05:28..458,6.10752969,0.015665,-0.00063472,0.00049102,0.00035945,-0.00018876,0.00073939,-0.00004397,-0.00011806,-0.00007118,16:05:28..437,,,,
16:05:28..492,6.27818886,0.015786,-0.00063489,0.00049212,0.00036022,-0.00019059,0.00074571,-0.00004517,-0.00011831,-0.00008254,16:05:28..526,,,,
16:05:28..611,6.24198843,0.015946,-0.00063493,0.00049094,0.00035972,-0.00019062,0.00074686,-0.00004519,-0.00011822,-0.00008155,16:05:28..605,,,,
16:05:28..694,6.23681694,0.016007,-0.00063505,0.00049185,0.00036005,-0.00019052,0.00074627,-0.0000454,-0.00011859,-0.00008197,16:05:28..693,,,,
16:05:28..727,6.20061651,0.015977,-0.0006354,0.00049164,0.0003597,-0.00019272,0.00073025,-0.00004677,-0.00011767,-0.00007681,16:05:28..736,,,,
16:05:28..919,6.26267439,0.015977,-0.00063498,0.00049115,0.00035922,-0.0001932,0.00073081,-0.00004676,-0.00011831,-0.00007605,16:05:28..911,,,,
16:05:28..952,6.16441608,0.016073,-0.00063631,0.00048832,0.0003581,-0.00019114,0.00074416,-0.00003809,-0.00011617,-0.00007764,16:05:28..911,,,,
16:05:29..039,6.37127568,0.016073,-0.00063587,0.00048866,0.00035838,-0.00019089,0.00074372,-0.00003806,-0.00011639,-0.00007751,16:05:29..101,,,,
16:05:29..115,6.1023582,0.016073,-0.00063609,0.00048891,0.00035808,-0.00019138,0.00074368,-0.00003841,-0.00011619,-0.00007811,16:05:29..101,,,,
16:05:29..148,6.26784588,0.015924,-0.00063547,0.00048942,0.00035902,-0.00018783,0.00074711,-0.00004189,-0.00011705,-0.00008115,16:05:29..210,,,,
16:05:29..308,6.20061651,0.015924,-0.00063523,0.00048939,0.00035936,-0.00018747,0.00074636,-0.00004208,-0.00011729,-0.00008061,16:05:29..299,,,,
16:05:29..340,6.34024674,0.016054,-0.00063568,0.00049117,0.0003605,-0.0001925,0.00072684,-0.00004372,-0.00011802,-0.00007796,16:05:29..341,,,,
16:05:29..373,6.23164545,0.0162,-0.0006355,0.00049099,0.00036019,-0.00019068,0.00074199,-0.00004476,-0.00011798,-0.00007964,16:05:29..341,,,,
16:05:29..408,6.22130247,0.016539,-0.00063448,0.00049092,0.0003593,-0.0001899,0.00074202,-0.00004542,-0.00011814,-0.00007865,16:05:29..464,,,,
16:05:29..531,6.23164545,0.016539,-0.00063473,0.00049116,0.00035947,-0.0001901,0.0007418,-0.00004554,-0.0001181,-0.00007807,16:05:29..524,,,,
16:05:29..565,6.34024674,0.016711,-0.00063318,0.00049223,0.00036167,-0.00019533,0.0007129,-0.00004585,-0.00011889,-0.00007238,16:05:29..568,,,,
16:05:29..689,6.2575029,0.016711,-0.0006333,0.00049254,0.00036223,-0.00019531,0.00071242,-0.00004556,-0.00011907,-0.000072,16:05:29..681,,,,
16:05:29..724,6.22130247,0.01692,-0.00063324,0.0004931,0.00036266,-0.0002002,0.00072821,-0.00004621,-0.00011837,-0.00006041,16:05:29..726,,,,
16:05:29..766,6.23681694,0.016903,-0.00063284,0.00049262,0.00036232,-0.00020004,0.00072986,-0.00004562,-0.00011841,-0.00005973,16:05:29..823,,,,
16:05:29..854,6.28336035,0.016903,-0.00063339,0.00049288,0.00036238,-0.00020033,0.00072914,-0.00004595,-0.00011862,-0.00006063,16:05:29..823,,,,
16:05:29..887,6.31438929,0.017076,-0.00063573,0.00049048,0.00035791,-0.00019582,0.00072859,-0.00003972,-0.00011583,-0.00007314,16:05:29..910,,,,
16:05:30..062,6.23681694,0.017076,-0.00063579,0.00048983,0.00035779,-0.00019621,0.0007299,-0.00003889,-0.00011563,-0.00007267,16:05:30..052,,,,
16:05:30..093,6.23681694,0.017014,-0.0006363,0.0004905,0.00035893,-0.00019608,0.00074607,-0.00004402,-0.00011673,-0.00007863,16:05:30..098,,,,
16:05:30..299,6.29887482,0.017014,-0.0006364,0.00049057,0.00035878,-0.0001962,0.00074694,-0.00004308,-0.00011653,-0.0000785,16:05:30..290,,,,
16:05:30..333,6.18510204,0.016531,-0.00063591,0.00049118,0.00035843,-0.00019315,0.00074651,-0.00004355,-0.00011716,-0.00007839,16:05:30..334,,,,
16:05:30..367,6.27818886,0.016049,-0.00063728,0.00048904,0.00035801,-0.00019178,0.00070783,-0.00003737,-0.00011493,-0.00007227,16:05:30..427,,,,
16:05:30..539,6.26784588,0.015777,-0.00063749,0.00048919,0.00035767,-0.00019191,0.00070872,-0.00003639,-0.00011583,-0.00007232,16:05:30..552,,,,
16:05:30..638,6.29370333,0.015777,-0.00063765,0.00048909,0.00035789,-0.00019163,0.00070737,-0.00003692,-0.0001156,-0.00007231,16:05:30..631,,,,
16:05:30..670,6.14373012,0.015602,-0.00063592,0.00049062,0.00035931,-0.00019303,0.00074901,-0.00004724,-0.00011844,-0.00008227,16:05:30..631,,,,
16:05:30..736,6.07650075,0.015602,-0.00063567,0.00049041,0.00035929,-0.00019337,0.00074979,-0.00004712,-0.00011804,-0.00008205,16:05:30..799,,,,
16:05:30..816,6.16958757,0.015602,-0.00063564,0.00049056,0.00035928,-0.00019355,0.00074902,-0.00004707,-0.00011811,-0.00008209,16:05:30..799,,,,
16:05:30..849,6.22647396,0.015497,-0.0006384,0.00048484,0.00035814,-0.00019563,0.00074244,-0.00004479,-0.00011745,-0.00007885,16:05:30..908,,,,
16:05:30..982,6.12304416,0.015497,-0.00063868,0.0004856,0.00035831,-0.00019519,0.00074148,-0.00004471,-0.00011715,-0.0000793,16:05:30..975,,,,
16:05:31..015,6.30404631,0.015058,-0.00063558,0.00049014,0.00035863,-0.00019264,0.00074828,-0.00004344,-0.00011662,-0.00008166,16:05:31..019,,,,
16:05:31..143,6.30404631,0.015058,-0.00063608,0.00049024,0.00035843,-0.00019272,0.00074786,-0.00004342,-0.00011701,-0.00008174,16:05:31..136,,,,
16:05:31..176,6.29370333,0.014818,-0.00063737,0.00048861,0.00035858,-0.00019322,0.00074866,-0.00004546,-0.00011683,-0.00008193,16:05:31..180,,,,
16:05:31..309,6.26267439,0.014818,-0.00063691,0.00048882,0.00035831,-0.00019286,0.00074971,-0.00004532,-0.0001164,-0.00008159,16:05:31..301,,,,
16:05:31..341,6.10752969,0.014998,-0.00063683,0.00049042,0.00035815,-0.00019554,0.00074679,-0.00004068,-0.00011671,-0.00008077,16:05:31..345,,,,
16:05:31..472,6.21613098,0.014998,-0.00063667,0.00049041,0.00035816,-0.00019527,0.00074601,-0.00004115,-0.00011682,-0.00008099,16:05:31..483,,,,
16:05:31..505,6.19027353,0.014998,-0.00063722,0.00049005,0.00035811,-0.00019532,0.00074591,-0.00004093,-0.00011555,-0.00007998,16:05:31..483,,,,
16:05:31..540,6.17993055,0.014969,-0.00063699,0.00048841,0.00035773,-0.00019577,0.00074358,-0.00004196,-0.00011645,-0.00007849,16:05:31..589,,,,
16:05:31..662,6.32473227,0.014969,-0.00063703,0.00048826,0.0003581,-0.00019589,0.00074304,-0.00004178,-0.00011637,-0.00007881,16:05:31..653,,,,
16:05:31..694,6.205788,0.014914,-0.00063639,0.00048829,0.00035794,-0.00019399,0.00074501,-0.00004124,-0.00011549,-0.00007856,16:05:31..695,,,,
16:05:31..728,6.28336035,0.014615,-0.00063632,0.00048772,0.00035774,-0.00019521,0.00074588,-0.00004077,-0.00011629,-0.00007763,16:05:31..800,,,,
16:05:31..906,6.2575029,0.014615,-0.00063645,0.00048744,0.0003575,-0.00019535,0.00074728,-0.00004044,-0.00011557,-0.00007732,16:05:31..897,,,,
16:05:31..939,6.3092178,0.01448,-0.00063585,0.00048861,0.00035836,-0.00019636,0.000748,-0.00004324,-0.00011629,-0.00007929,16:05:31..942,,,,
16:05:32..051,6.27818886,0.01448,-0.00063587,0.00048884,0.00035823,-0.00019633,0.000747,-0.00004312,-0.00011667,-0.00007924,16:05:32..042,,,,
16:05:32..083,6.24198843,0.014524,-0.00063612,0.00048766,0.00035753,-0.00019641,0.00074591,-0.00003993,-0.00011625,-0.00007637,16:05:32..085,,,,
16:05:32..139,6.28336035,0.014382,-0.00063662,0.0004871,0.00035749,-0.00019711,0.00074679,-0.00003951,-0.00011549,-0.00007671,16:05:32..186,,,,
16:05:32..252,6.20061651,0.014382,-0.00063645,0.00048784,0.00035752,-0.00019707,0.00074614,-0.00004005,-0.00011613,-0.00007623,16:05:32..245,,,,
16:05:32..286,6.20061651,0.014315,-0.00063723,0.00048736,0.00035764,-0.0001976,0.00074902,-0.00003879,-0.00011456,-0.00007447,16:05:32..287,,,,
16:05:32..358,6.205788,0.014315,-0.00063679,0.00048769,0.00035761,-0.00019768,0.00074861,-0.00003898,-0.00011472,-0.0000746,16:05:32..401,,,,
16:05:32..418,6.16441608,0.014315,-0.00063714,0.00048736,0.00035736,-0.00019719,0.00074897,-0.00003893,-0.00011447,-0.00007459,16:05:32..401,,,,
16:05:32..449,6.17475906,0.01471,-0.00063694,0.00048821,0.00035735,-0.00019703,0.00074855,-0.0000385,-0.00011464,-0.00007632,16:05:32..487,,,,
16:05:32..592,6.28853184,0.01471,-0.00063752,0.00048849,0.00035749,-0.00019724,0.00074772,-0.00003912,-0.000115,-0.00007662,16:05:32..583,,,,
16:05:32..624,6.26267439,0.015094,-0.00063718,0.00048828,0.00035727,-0.00019516,0.00074539,-0.00003865,-0.00011495,-0.00007661,16:05:32..626,,,,
16:05:32..741,6.19544502,0.015094,-0.0006372,0.00048782,0.00035657,-0.0001957,0.00074557,-0.00003808,-0.00011509,-0.00007624,16:05:32..732,,,,
16:05:32..773,6.27301737,0.015303,-0.00063758,0.00048666,0.00035644,-0.00019564,0.00075057,-0.00003739,-0.00011394,-0.00007487,16:05:32..776,,,,
16:05:32..843,6.23681694,0.015303,-0.00063795,0.00048716,0.00035647,-0.00019543,0.00075083,-0.00003754,-0.00011421,-0.00007521,16:05:32..835,,,,
16:05:32..874,6.19544502,0.015387,-0.00063789,0.00048781,0.0003571,-0.0001953,0.00075114,-0.00003891,-0.00011452,-0.00007713,16:05:32..879,,,,
16:05:32..918,6.24198843,0.01542,-0.00063737,0.00048832,0.00035703,-0.00019506,0.00075042,-0.00003867,-0.00011505,-0.00007734,16:05:32..970,,,,
16:05:32..985,6.20061651,0.01542,-0.00063791,0.00048775,0.00035667,-0.00019596,0.00075097,-0.00003849,-0.00011502,-0.00007695,16:05:32..970,,,,
16:05:33..018,6.27301737,0.01563,-0.00063685,0.00048959,0.00035758,-0.00019534,0.00075016,-0.00003935,-0.0001155,-0.00007822,16:05:33..058,,,,
16:05:33..172,6.28853184,0.01563,-0.00063731,0.00048933,0.00035739,-0.00019525,0.00075015,-0.00003975,-0.00011551,-0.00007883,16:05:33..165,,,,
16:05:33..204,6.14890161,0.015685,-0.0006371,0.00048855,0.00035708,-0.00019457,0.00074995,-0.00004078,-0.00011607,-0.00007965,16:05:33..208,,,,
16:05:33..342,6.24198843,0.015685,-0.00063727,0.00048917,0.00035768,-0.00019422,0.0007489,-0.0000406,-0.00011638,-0.00007964,16:05:33..334,,,,
16:05:33..375,6.18510204,0.015618,-0.00063733,0.00048961,0.00035753,-0.00019061,0.00074741,-0.00004009,-0.00011535,-0.00008148,16:05:33..378,,,,
16:05:33..409,6.205788,0.015034,-0.0006369,0.00048989,0.00035766,-0.00019105,0.00074501,-0.00003978,-0.00011645,-0.00008127,16:05:33..456,,,,
16:05:33..517,6.26784588,0.015034,-0.00063696,0.00048984,0.00035758,-0.00019045,0.00074538,-0.00003985,-0.00011672,-0.00008124,16:05:33..510,,,,
16:05:33..551,6.205788,0.014923,-0.00063712,0.0004905,0.00035814,-0.00019159,0.00074661,-0.0000418,-0.00011694,-0.00008285,16:05:33..554,,,,
16:05:33..689,6.22130247,0.014923,-0.00063684,0.00049145,0.00035811,-0.00019111,0.00074547,-0.0000419,-0.00011761,-0.00008269,16:05:33..680,,,,
16:05:33..722,6.21095949,0.014762,-0.00063697,0.00049091,0.00035812,-0.00018877,0.00075523,-0.00004082,-0.00011667,-0.00008389,16:05:33..723,,,,
16:05:33..785,6.23164545,0.014759,-0.00063713,0.00049037,0.00035778,-0.00018902,0.00075615,-0.00004094,-0.00011674,-0.00008406,16:05:33..862,,,,
16:05:33..925,6.27301737,0.014759,-0.0006371,0.00049142,0.00035846,-0.00018889,0.00075487,-0.00004091,-0.00011674,-0.00008401,16:05:33..941,,,,
16:05:33..960,6.27301737,0.014759,-0.00063718,0.00049036,0.00035809,-0.00018887,0.00075606,-0.00004053,-0.00011653,-0.00008386,16:05:33..941,,,,
16:05:33..994,6.19027353,0.014659,-0.00063699,0.00049289,0.00035869,-0.00018712,0.00076405,-0.0000405,-0.00011714,-0.00008573,16:05:34..028,,,,
16:05:34..149,6.24198843,0.014659,-0.00063721,0.00049216,0.00035814,-0.0001874,0.00076594,-0.00004034,-0.00011702,-0.00008584,16:05:34..142,,,,
16:05:34..184,6.36610419,0.014445,-0.00063606,0.00049877,0.00035951,-0.00018135,0.00075752,-0.00003946,-0.00011871,-0.00009189,16:05:34..185,,,,
16:05:34..331,6.15924459,0.014445,-0.00063608,0.00049798,0.00035941,-0.00018207,0.00075788,-0.00003935,-0.00011884,-0.00009167,16:05:34..325,,,,
16:05:34..366,6.23164545,0.014322,-0.00063734,0.00049642,0.00035974,-0.0001764,0.00075931,-0.00003981,-0.00011888,-0.00009232,16:05:34..369,,,,
16:05:34..417,6.17475906,0.014364,-0.00063673,0.00049676,0.00035995,-0.00017633,0.00075889,-0.00004011,-0.00011951,-0.00009227,16:05:34..499,,,,
16:05:34..513,6.16958757,0.014364,-0.00063722,0.00049658,0.00035981,-0.00017683,0.00075943,-0.00003936,-0.00011878,-0.00009231,16:05:34..499,,,,
16:05:34..548,6.23164545,0.014663,-0.00063648,0.0004986,0.0003597,-0.00018093,0.00075561,-0.00003973,-0.00011849,-0.00009177,16:05:34..637,,,,
16:05:34..728,6.16958757,0.014663,-0.00063624,0.00049925,0.00035996,-0.00018106,0.00075443,-0.00003992,-0.00011846,-0.00009209,16:05:34..721,,,,
16:05:34..760,6.24198843,0.014688,-0.00063664,0.00049573,0.00035944,-0.00018277,0.00075399,-0.00004045,-0.00011875,-0.00008837,16:05:34..766,,,,
16:05:34..872,6.25233141,0.014688,-0.00063653,0.00049618,0.00035946,-0.00018251,0.00075326,-0.00004031,-0.00011888,-0.00008853,16:05:34..929,,,,
16:05:34..950,6.23164545,0.014688,-0.0006361,0.00049574,0.00035939,-0.00018299,0.00075414,-0.00003981,-0.00011849,-0.00008813,16:05:34..929,,,,
16:05:34..984,6.23681694,0.015082,-0.000637,0.00049454,0.00035899,-0.00018582,0.00075168,-0.00003897,-0.00011716,-0.00008603,16:05:35..073,,,,
16:05:35..166,6.27818886,0.015082,-0.00063678,0.00049382,0.00035906,-0.00018624,0.0007528,-0.00003853,-0.00011726,-0.00008612,16:05:35..159,,,,
16:05:35..198,6.29370333,0.015348,-0.00063615,0.00049416,0.00035901,-0.00018646,0.00075235,-0.00003971,-0.00011781,-0.00008656,16:05:35..203,,,,
16:05:35..330,6.14890161,0.015348,-0.00063616,0.00049478,0.00035893,-0.00018682,0.00075116,-0.0000407,-0.00011829,-0.00008689,16:05:35..321,,,,
16:05:35..362,6.16441608,0.01539,-0.00063669,0.00049422,0.00035887,-0.00018748,0.00074998,-0.00003991,-0.00011739,-0.00008679,16:05:35..365,,,,
16:05:35..500,6.27301737,0.01539,-0.00063711,0.0004935,0.00035828,-0.00018787,0.00075073,-0.00003972,-0.0001174,-0.00008746,16:05:35..491,,,,
16:05:35..535,6.26784588,0.015548,-0.00063696,0.00049374,0.00035873,-0.00018669,0.00075069,-0.00003979,-0.00011719,-0.0000867,16:05:35..648,,,,
16:05:35..768,6.19544502,0.015548,-0.00063729,0.00049337,0.00035826,-0.00018784,0.00075128,-0.00004004,-0.00011695,-0.00008653,16:05:35..764,,,,
16:05:35..801,6.16441608,0.015361,-0.00063744,0.00049381,0.00035883,-0.00018445,0.00075305,-0.00003842,-0.00011734,-0.0000863,16:05:35..809,,,,
16:05:35..956,6.2575029,0.015361,-0.00063779,0.00049325,0.00035866,-0.00018523,0.0007533,-0.00003833,-0.00011685,-0.00008637,16:05:35..946,,,,
16:05:35..987,6.26784588,0.015022,-0.00063689,0.00049404,0.00035877,-0.00018348,0.00075381,-0.00003917,-0.00011811,-0.00008723,16:05:35..991,,,,
16:05:36..079,6.32473227,0.015022,-0.00063662,0.00049364,0.00035909,-0.0001834,0.00075496,-0.00003913,-0.00011754,-0.00008648,16:05:36..137,,,,
16:05:36..156,6.2575029,0.015022,-0.00063734,0.00049458,0.00035864,-0.00018323,0.00075349,-0.00003895,-0.00011782,-0.00008672,16:05:36..137,,,,
16:05:36..190,6.205788,0.014761,-0.00063753,0.00049562,0.00035885,-0.0001831,0.00075357,-0.00003929,-0.00011792,-0.00008971,16:05:36..224,,,,
16:05:36..340,6.28336035,0.014761,-0.00063699,0.00049519,0.00035849,-0.00018355,0.0007545,-0.00003923,-0.00011802,-0.00008971,16:05:36..332,,,,
16:05:36..374,6.33507525,0.014477,-0.00063665,0.00049417,0.00035868,-0.00018343,0.0007554,-0.00003779,-0.00011795,-0.00008488,16:05:36..376,,,,
16:05:36..516,6.14373012,0.014477,-0.00063617,0.00049442,0.00035865,-0.0001841,0.00075547,-0.00003771,-0.00011749,-0.00008434,16:05:36..507,,,,
16:05:36..552,6.21095949,0.014724,-0.00063774,0.00049193,0.00035825,-0.00018207,0.00075598,-0.00003535,-0.00011579,-0.00007959,16:05:36..624,,,,
16:05:36..688,6.25233141,0.014724,-0.00063745,0.00049105,0.00035801,-0.00018298,0.00075662,-0.00003463,-0.00011627,-0.00007958,16:05:36..686,,,,
16:05:36..723,6.2575029,0.014666,-0.00063773,0.00048953,0.00035781,-0.00018483,0.00075392,-0.00003434,-0.0001151,-0.00007749,16:05:36..731,,,,
16:05:36..876,6.17475906,0.014666,-0.00063818,0.00048941,0.00035835,-0.00018495,0.0007544,-0.00003477,-0.00011466,-0.00007728,16:05:36..867,,,,
16:05:36..908,6.23681694,0.014666,-0.00063713,0.00049116,0.00035888,-0.00018459,0.00075236,-0.00003671,-0.0001162,-0.00008106,16:05:36..867,,,,
16:05:36..943,6.24715992,0.014496,-0.0006372,0.00049137,0.0003577,-0.00018812,0.00075321,-0.0000363,-0.00011641,-0.00008125,16:05:36..956,,,,
16:05:37..084,6.14373012,0.014496,-0.00063757,0.00049173,0.00035787,-0.00018793,0.00075156,-0.00003687,-0.00011616,-0.00008167,16:05:37..073,,,,
16:05:37..116,6.20061651,0.014778,-0.00063918,0.00048941,0.00035753,-0.0001891,0.00075026,-0.00003599,-0.00011586,-0.00008174,16:05:37..211,,,,
16:05:37..305,6.17475906,0.014778,-0.00063907,0.00049005,0.00035815,-0.00018952,0.00074962,-0.00003622,-0.00011521,-0.00008206,16:05:37..300,,,,
16:05:37..340,6.2575029,0.015119,-0.00063696,0.00049264,0.00035756,-0.00019171,0.00074589,-0.00004019,-0.00011687,-0.00008397,16:05:37..344,,,,
16:05:37..515,6.21613098,0.015119,-0.00063744,0.00049172,0.00035782,-0.00019176,0.00074684,-0.00003985,-0.00011659,-0.00008386,16:05:37..505,,,,
16:05:37..547,6.25233141,0.01516,-0.00063744,0.00048986,0.00035739,-0.00019035,0.00074857,-0.00003787,-0.00011606,-0.00008194,16:05:37..548,,,,
16:05:37..595,6.2575029,0.015152,-0.00063772,0.00048994,0.00035797,-0.00019045,0.00074732,-0.00003842,-0.00011613,-0.00008255,16:05:37..646,,,,
16:05:37..683,6.17475906,0.015152,-0.00063751,0.00048953,0.00035747,-0.0001902,0.00074875,-0.00003828,-0.00011537,-0.00008163,16:05:37..646,,,,
16:05:37..717,6.28336035,0.015009,-0.00063635,0.00049209,0.00035827,-0.00019063,0.00074546,-0.00004181,-0.00011764,-0.00008426,16:05:37..690,,,,
16:05:37..751,6.26267439,0.014714,-0.00063672,0.00049107,0.00035778,-0.00019054,0.00074715,-0.00003985,-0.00011736,-0.00008343,16:05:37..833,,,,
16:05:37..959,6.16441608,0.014714,-0.00063639,0.00049156,0.00035819,-0.00019066,0.00074756,-0.00004031,-0.00011705,-0.00008399,16:05:37..951,,,,
16:05:37..991,6.21095949,0.014779,-0.00063691,0.00049256,0.00035832,-0.0001915,0.00074639,-0.00004096,-0.00011765,-0.00008425,16:05:37..994,,,,
16:05:38..066,6.25233141,0.014779,-0.00063687,0.00049187,0.00035781,-0.00019198,0.0007468,-0.00004092,-0.00011708,-0.00008426,16:05:38..162,,,,
16:05:38..173,6.17993055,0.014779,-0.00063676,0.00049231,0.00035792,-0.00019166,0.00074617,-0.00004094,-0.00011722,-0.00008376,16:05:38..162,,,,
16:05:38..206,6.24715992,0.014657,-0.00063797,0.00048992,0.00035744,-0.00019049,0.00074814,-0.00003772,-0.00011591,-0.00008048,16:05:38..268,,,,
16:05:38..359,6.32473227,0.014657,-0.0006378,0.00048898,0.00035723,-0.00019126,0.00074874,-0.00003798,-0.00011599,-0.00008072,16:05:38..268,,,,
16:05:38..390,6.23681694,0.014567,-0.00063831,0.00049044,0.00035701,-0.00019126,0.00074783,-0.00003679,-0.0001146,-0.00008113,16:05:38..406,,,,
16:05:38..453,6.28336035,0.014576,-0.00063809,0.00049084,0.00035723,-0.00019073,0.00074769,-0.00003643,-0.00011483,-0.00008076,16:05:38..512,,,,
16:05:38..536,6.11270118,0.014576,-0.00063871,0.00049011,0.00035697,-0.00019104,0.00074811,-0.0000367,-0.0001149,-0.00008099,16:05:38..512,,,,
16:05:38..573,6.24715992,0.014526,-0.00063887,0.0004887,0.00035684,-0.00018841,0.00075163,-0.0000358,-0.00011544,-0.00007991,16:05:38..599,,,,
16:05:38..717,6.24715992,0.014526,-0.00063807,0.00048916,0.00035729,-0.00018748,0.00075107,-0.00003606,-0.00011588,-0.00007904,16:05:38..709,,,,
16:05:38..751,6.27301737,0.014469,-0.00063816,0.00049059,0.00035713,-0.00019316,0.00074617,-0.00003807,-0.00011547,-0.00008168,16:05:38..754,,,,
16:05:38..831,6.20061651,0.014469,-0.00063828,0.00049114,0.00035747,-0.00019286,0.00074621,-0.00003757,-0.00011551,-0.00008168,16:05:38..890,,,,
16:05:38..906,6.29370333,0.014469,-0.00063824,0.00049081,0.0003574,-0.000193,0.00074662,-0.00003801,-0.00011595,-0.00008196,16:05:38..890,,,,
16:05:38..939,6.205788,0.014457,-0.00063806,0.00049042,0.00035795,-0.00019167,0.00074643,-0.00003836,-0.00011568,-0.0000828,16:05:38..977,,,,
16:05:39..120,6.20061651,0.014457,-0.00063741,0.00048974,0.00035716,-0.00019201,0.00074695,-0.00003817,-0.00011544,-0.00008246,16:05:39..110,,,,
16:05:39..151,6.22130247,0.014896,-0.00063725,0.00049051,0.00035719,-0.00019525,0.00074432,-0.00004043,-0.00011573,-0.00008301,16:05:39..154,,,,
16:05:39..219,6.30404631,0.014896,-0.00063734,0.00049112,0.00035818,-0.00019423,0.00074343,-0.00004057,-0.00011628,-0.00008325,16:05:39..233,,,,
16:05:39..253,6.26784588,0.014896,-0.00063777,0.00049201,0.00035812,-0.00019282,0.00074616,-0.0000413,-0.00011658,-0.00008555,16:05:39..233,,,,
16:05:39..286,6.32990376,0.014927,-0.00063758,0.00049152,0.00035782,-0.00019404,0.00074573,-0.00004192,-0.00011661,-0.00008562,16:05:39..321,,,,
16:05:39..444,6.19027353,0.014927,-0.00063736,0.00049221,0.00035823,-0.00019411,0.0007453,-0.00004208,-0.00011678,-0.00008568,16:05:39..437,,,,
16:05:39..478,6.24198843,0.01458,-0.00063743,0.00049063,0.00035716,-0.00019432,0.00074717,-0.0000401,-0.00011649,-0.00008201,16:05:39..481,,,,
16:05:39..614,6.1540731,0.01458,-0.00063718,0.0004912,0.00035711,-0.00019429,0.00074623,-0.00003987,-0.00011673,-0.00008209,16:05:39..605,,,,
16:05:39..647,6.15924459,0.014203,-0.00063784,0.00048729,0.00035545,-0.00018488,0.00075623,-0.0000324,-0.00011409,-0.00007757,16:05:39..647,,,,
16:05:39..753,6.21095949,0.014203,-0.00063811,0.00048779,0.00035545,-0.00018469,0.00075541,-0.00003249,-0.00011386,-0.00007793,16:05:39..747,,,,
16:05:39..785,6.17993055,0.014128,-0.00063819,0.00048679,0.0003554,-0.00018436,0.00075634,-0.00003313,-0.00011476,-0.00007566,16:05:39..790,,,,
16:05:39..879,6.27301737,0.014128,-0.00063762,0.00048663,0.00035501,-0.00018495,0.0007576,-0.00003272,-0.0001147,-0.0000754,16:05:39..869,,,,
16:05:39..911,6.22130247,0.014089,-0.00063836,0.00048636,0.00035627,-0.00018592,0.00075541,-0.00003281,-0.00011342,-0.00007689,16:05:39..912,,,,
16:05:39..944,6.15924459,0.014319,-0.00063804,0.00048904,0.00035545,-0.00018757,0.00075193,-0.00003453,-0.00011413,-0.00007793,16:05:40..002,,,,
16:05:40..074,6.20061651,0.014319,-0.00063788,0.00048844,0.00035543,-0.00018782,0.00075307,-0.00003439,-0.00011367,-0.00007775,16:05:40..068,,,,
16:05:40..107,6.26267439,0.014334,-0.00063681,0.00048685,0.00035549,-0.00018459,0.00075839,-0.00003348,-0.00011478,-0.00007712,16:05:40..112,,,,
16:05:40..233,6.23164545,0.014334,-0.00063697,0.00048677,0.00035599,-0.00018471,0.00075806,-0.00003329,-0.00011483,-0.00007671,16:05:40..223,,,,
16:05:40..265,6.2575029,0.014544,-0.00063563,0.00048723,0.00035671,-0.00019127,0.00075043,-0.00003994,-0.00011672,-0.00008014,16:05:40..268,,,,
16:05:40..300,6.23164545,0.014851,-0.0006383,0.00048842,0.000355,-0.00018967,0.00075348,-0.00003633,-0.00011536,-0.0000827,16:05:40..314,,,,
16:05:40..406,6.11270118,0.014851,-0.00063834,0.00048912,0.00035579,-0.00018899,0.00075255,-0.00003666,-0.00011538,-0.00008311,16:05:40..397,,,,
16:05:40..436,6.1540731,0.014981,-0.00063877,0.00048876,0.00035541,-0.00018814,0.00075363,-0.00003586,-0.00011434,-0.00008455,16:05:40..440,,,,
16:05:40..575,6.10752969,0.014981,-0.00063855,0.00049003,0.00035579,-0.00018775,0.00075224,-0.00003542,-0.00011391,-0.00008472,16:05:40..566,,,,
16:05:40..607,6.27818886,0.014981,-0.00063591,0.00048978,0.00035737,-0.00018777,0.00075409,-0.00004092,-0.000117,-0.00008685,16:05:40..566,,,,
16:05:40..640,6.19544502,0.014522,-0.00063571,0.00049127,0.00035791,-0.00018653,0.00075664,-0.00004136,-0.00011736,-0.0000875,16:05:40..674,,,,
16:05:40..739,6.16441608,0.014522,-0.00063596,0.00049189,0.0003579,-0.00018696,0.00075616,-0.00004158,-0.00011815,-0.00008751,16:05:40..732,,,,
16:05:40..771,6.31438929,0.013959,-0.00063426,0.0004921,0.00035842,-0.00018489,0.00075996,-0.00004274,-0.00011846,-0.00008815,16:05:40..776,,,,
16:05:40..905,6.29887482,0.013705,-0.00063465,0.00049292,0.0003589,-0.00018447,0.00075883,-0.00004273,-0.00011848,-0.00008809,16:05:40..894,,,,
16:05:40..963,6.26267439,0.013705,-0.00063431,0.00049244,0.00035861,-0.00018493,0.00075969,-0.00004251,-0.00011834,-0.00008831,16:05:40..937,,,,
16:05:40..998,6.17993055,0.013424,-0.00063635,0.00049218,0.0003578,-0.00018669,0.00075375,-0.00004182,-0.0001176,-0.00008897,16:05:41..025,,,,
16:05:41..141,6.33507525,0.013424,-0.00063623,0.00049235,0.00035806,-0.00018717,0.00075426,-0.00004206,-0.00011791,-0.00008888,16:05:41..133,,,,
16:05:41..175,6.26784588,0.013353,-0.0006357,0.0004933,0.00035797,-0.00019176,0.00075554,-0.00004254,-0.00011913,-0.00009063,16:05:41..177,,,,
16:05:41..278,6.17993055,0.013353,-0.00063641,0.00049356,0.00035831,-0.00019157,0.00075455,-0.00004335,-0.00011865,-0.00009076,16:05:41..269,,,,
16:05:41..310,6.27301737,0.013545,-0.00063647,0.00049305,0.00035745,-0.00018999,0.00075335,-0.0000421,-0.00011806,-0.00008871,16:05:41..313,,,,
16:05:41..427,6.26267439,0.013545,-0.00063673,0.00049404,0.00035783,-0.00018978,0.0007525,-0.0000426,-0.00011834,-0.0000892,16:05:41..417,,,,
16:05:41..458,6.24715992,0.013545,-0.00063618,0.00049019,0.00035731,-0.00018268,0.00076124,-0.00003782,-0.00011647,-0.00008499,16:05:41..417,,,,
16:05:41..491,6.26267439,0.014409,-0.0006363,0.00049096,0.0003565,-0.00018492,0.00075819,-0.0000381,-0.00011688,-0.00008493,16:05:41..531,,,,
16:05:41..592,6.24198843,0.014409,-0.00063602,0.00049081,0.00035691,-0.00018498,0.00075839,-0.0000376,-0.00011646,-0.00008519,16:05:41..585,,,,
16:05:41..624,6.23164545,0.014791,-0.00063689,0.00048965,0.00035731,-0.00018402,0.00075997,-0.00003829,-0.00011744,-0.00008578,16:05:41..631,,,,
16:05:41..723,6.17475906,0.014791,-0.0006372,0.00048949,0.00035661,-0.00018445,0.00076011,-0.00003827,-0.00011759,-0.00008624,16:05:41..713,,,,
16:05:41..756,6.27818886,0.014695,-0.00063547,0.00049122,0.00035695,-0.00018636,0.00075544,-0.00003944,-0.00011706,-0.00008513,16:05:41..758,,,,
16:05:41..846,6.28853184,0.014695,-0.00063548,0.00049157,0.00035704,-0.00018639,0.00075533,-0.00003912,-0.00011707,-0.00008514,16:05:41..837,,,,
16:05:41..878,6.19027353,0.014668,-0.00063489,0.0004898,0.0003569,-0.00018686,0.00075622,-0.00003949,-0.00011698,-0.00008343,16:05:41..883,,,,
16:05:41..983,6.26784588,0.014668,-0.0006351,0.00048995,0.00035699,-0.00018691,0.0007553,-0.0000396,-0.00011752,-0.00008418,16:05:41..973,,,,
16:05:42..014,6.29887482,0.014587,-0.00063465,0.00048806,0.00035684,-0.00018492,0.00075942,-0.00003824,-0.00011733,-0.0000819,16:05:42..017,,,,
16:05:42..077,6.23164545,0.014587,-0.00063458,0.00048871,0.00035744,-0.00018463,0.00075875,-0.00003857,-0.00011717,-0.00008208,16:05:42..140,,,,
16:05:42..156,6.19027353,0.014587,-0.00063452,0.00048824,0.00035723,-0.00018481,0.00075913,-0.0000389,-0.00011758,-0.00008217,16:05:42..140,,,,
16:05:42..190,6.26784588,0.014398,-0.00063487,0.00048623,0.00035826,-0.00017708,0.0007676,-0.00003429,-0.00011627,-0.00007572,16:05:42..228,,,,
16:05:42..307,6.12304416,0.014398,-0.00063499,0.00048585,0.00035828,-0.00017687,0.000768,-0.00003387,-0.00011645,-0.00007516,16:05:42..298,,,,
16:05:42..339,6.08684373,0.014323,-0.00063486,0.00048584,0.00035843,-0.00018149,0.00076402,-0.0000395,-0.00011722,-0.00007782,16:05:42..342,,,,
16:05:42..446,6.21095949,0.014323,-0.00063467,0.00048552,0.00035817,-0.00018217,0.00076425,-0.00003968,-0.00011703,-0.00007768,16:05:42..436,,,,
16:05:42..478,6.22130247,0.014535,-0.00063448,0.00048913,0.00035821,-0.00018661,0.00076174,-0.00004234,-0.00011722,-0.00007925,16:05:42..481,,,,
16:05:42..587,6.28853184,0.014535,-0.00063508,0.00048899,0.00035792,-0.00018666,0.00076076,-0.00004261,-0.00011735,-0.00007949,16:05:42..578,,,,
16:05:42..619,6.15924459,0.014726,-0.00063479,0.00048821,0.00035778,-0.00018741,0.00075456,-0.00004203,-0.00011652,-0.00007781,16:05:42..623,,,,
16:05:42..748,6.28336035,0.014726,-0.00063483,0.00048802,0.00035778,-0.00018836,0.00075505,-0.00004173,-0.00011669,-0.0000779,16:05:42..738,,,,
16:05:42..780,6.23164545,0.014775,-0.00063635,0.00048546,0.0003568,-0.00018678,0.00075711,-0.00003804,-0.00011641,-0.00007662,16:05:42..781,,,,
16:05:42..830,6.23681694,0.014816,-0.00063563,0.00048642,0.00035678,-0.00018638,0.00075546,-0.00003797,-0.00011668,-0.00007684,16:05:42..886,,,,
16:05:42..931,6.21613098,0.015002,-0.00063568,0.00048602,0.00035708,-0.0001867,0.00075629,-0.0000382,-0.0001164,-0.00007732,16:05:42..930,,,,
16:05:42..965,6.20061651,0.014837,-0.00063555,0.00048583,0.00035594,-0.0001928,0.00074818,-0.00003817,-0.00011587,-0.00007745,16:05:42..974,,,,
16:05:43..122,6.22130247,0.014837,-0.00063498,0.00048629,0.00035613,-0.00019293,0.00074859,-0.00003784,-0.00011574,-0.00007682,16:05:43..112,,,,
16:05:43..154,6.19027353,0.014738,-0.00063687,0.00048388,0.00035599,-0.00018847,0.00075398,-0.00003551,-0.00011478,-0.00007492,16:05:43..159,,,,
16:05:43..289,6.15924459,0.014738,-0.00063668,0.00048496,0.00035642,-0.00018814,0.00075306,-0.00003557,-0.00011552,-0.00007576,16:05:43..281,,,,
16:05:43..323,6.17993055,0.014524,-0.00063589,0.00048935,0.00035716,-0.00019351,0.00074558,-0.00004179,-0.00011763,-0.00008362,16:05:43..324,,,,
16:05:43..413,6.37127568,0.014524,-0.00063578,0.0004902,0.00035809,-0.00019329,0.00074549,-0.00004179,-0.0001177,-0.00008321,16:05:43..449,,,,
16:05:43..483,6.23681694,0.014524,-0.00063537,0.00048947,0.00035748,-0.00019296,0.00074561,-0.0000418,-0.00011776,-0.00008321,16:05:43..449,,,,
16:05:43..518,6.27301737,0.014307,-0.00063472,0.00048845,0.00035713,-0.00019278,0.00074719,-0.00004274,-0.00011726,-0.00008361,16:05:43..494,,,,
16:05:43..551,6.2575029,0.013909,-0.00063441,0.00048737,0.00035754,-0.00019421,0.0007439,-0.0000424,-0.0001177,-0.00008276,16:05:43..598,,,,
16:05:43..662,6.26267439,0.013909,-0.0006344,0.00048631,0.00035711,-0.00019507,0.00074518,-0.00004243,-0.00011763,-0.00008272,16:05:43..656,,,,
16:05:43..695,6.31438929,0.013855,-0.00063511,0.00048932,0.00035756,-0.00019378,0.00074339,-0.00004325,-0.00011808,-0.00008467,16:05:43..700,,,,
16:05:43..816,6.19027353,0.014048,-0.00063516,0.00048905,0.00035752,-0.00019427,0.00074387,-0.00004243,-0.00011763,-0.00008448,16:05:43..805,,,,
16:05:43..889,6.16441608,0.014048,-0.00063521,0.00048945,0.00035792,-0.00019436,0.0007437,-0.00004289,-0.00011823,-0.00008475,16:05:43..849,,,,
16:05:43..923,6.22647396,0.014106,-0.00063326,0.00048681,0.00035713,-0.0001895,0.00075535,-0.00004168,-0.00011832,-0.00007708,16:05:43..896,,,,
16:05:44..011,6.40230462,0.014106,-0.00063291,0.00048745,0.00035785,-0.00018906,0.00075448,-0.00004138,-0.00011797,-0.00007637,16:05:44..044,,,,
16:05:44..079,6.26267439,0.014106,-0.00063295,0.00048698,0.00035737,-0.0001894,0.00075553,-0.00004135,-0.00011783,-0.00007725,16:05:44..044,,,,
16:05:44..112,6.12304416,0.013978,-0.00063376,0.00048784,0.0003579,-0.00019159,0.00075164,-0.00004132,-0.00011821,-0.00008135,16:05:44..130,,,,
16:05:44..247,6.20061651,0.013978,-0.00063372,0.00048805,0.00035756,-0.00019133,0.00075123,-0.00004116,-0.00011818,-0.00008066,16:05:44..239,,,,
16:05:44..281,6.22130247,0.013924,-0.00063519,0.00048699,0.00035654,-0.00019303,0.00074702,-0.00003905,-0.00011653,-0.00007886,16:05:44..283,,,,
16:05:44..348,6.23164545,0.013924,-0.00063494,0.00048754,0.00035698,-0.00019246,0.00074653,-0.00003887,-0.00011673,-0.00007902,16:05:44..391,,,,
16:05:44..415,6.24715992,0.013924,-0.00063474,0.00048718,0.0003566,-0.00019265,0.00074769,-0.0000385,-0.00011599,-0.00007839,16:05:44..391,,,,
16:05:44..449,6.32473227,0.013912,-0.00063599,0.0004846,0.00035492,-0.00019448,0.00074915,-0.00003613,-0.00011534,-0.00007604,16:05:44..480,,,,
16:05:44..583,6.19027353,0.013912,-0.00063542,0.00048553,0.00035518,-0.00019391,0.00074848,-0.00003572,-0.00011551,-0.00007572,16:05:44..574,,,,
16:05:44..617,6.2575029,0.01382,-0.00064013,0.00048351,0.00035154,-0.00018931,0.0007491,-0.00002659,-0.00011174,-0.00007739,16:05:44..616,,,,
16:05:44..721,6.27818886,0.01382,-0.00064011,0.00048311,0.00035105,-0.00018936,0.00074941,-0.00002638,-0.00011179,-0.00007821,16:05:44..716,,,,
16:05:44..755,6.17475906,0.013556,-0.00063983,0.00047869,0.0003484,-0.00018892,0.00075083,-0.00002428,-0.00011041,-0.00007316,16:05:44..758,,,,
16:05:44..826,6.205788,0.013556,-0.00064014,0.00047935,0.00034882,-0.00018862,0.00075019,-0.0000245,-0.00011023,-0.00007306,16:05:44..819,,,,
16:05:44..859,6.24715992,0.013658,-0.00064028,0.00047925,0.00035082,-0.00018909,0.00074608,-0.00002559,-0.00010989,-0.00007372,16:05:44..865,,,,
16:05:44..969,6.21613098,0.013658,-0.00064005,0.00047955,0.00035075,-0.00018958,0.00074645,-0.00002576,-0.00011039,-0.00007417,16:05:44..960,,,,
16:05:45..001,6.12821565,0.01366,-0.00063773,0.00048194,0.0003541,-0.00019547,0.00074305,-0.00003455,-0.00011227,-0.00007453,16:05:45..003,,,,
16:05:45..134,6.27818886,0.01366,-0.00063789,0.00048099,0.00035391,-0.00019612,0.0007433,-0.00003493,-0.00011313,-0.00007471,16:05:45..125,,,,
16:05:45..166,6.24198843,0.013992,-0.0006368,0.00048121,0.00035385,-0.00019651,0.00074256,-0.00003393,-0.0001121,-0.00007323,16:05:45..170,,,,
16:05:45..324,6.17993055,0.013992,-0.00063651,0.00048213,0.00035391,-0.0001962,0.00074107,-0.0000343,-0.00011303,-0.00007362,16:05:45..315,,,,
16:05:45..358,6.20061651,0.014254,-0.00063687,0.00048201,0.00035587,-0.00019637,0.00073881,-0.00003702,-0.00011368,-0.00007487,16:05:45..416,,,,
16:05:45..486,6.20061651,0.014254,-0.00063633,0.00048203,0.00035637,-0.0001968,0.00073951,-0.00003734,-0.00011351,-0.00007477,16:05:45..481,,,,
16:05:45..519,6.26267439,0.014259,-0.00063683,0.00048338,0.000356,-0.00019733,0.00074111,-0.0000389,-0.00011455,-0.00007577,16:05:45..526,,,,
16:05:45..618,6.17475906,0.014259,-0.0006366,0.00048421,0.00035647,-0.00019701,0.00073944,-0.00003897,-0.0001144,-0.00007613,16:05:45..609,,,,
16:05:45..650,6.27301737,0.014386,-0.00063619,0.00048477,0.00035584,-0.00019835,0.00074086,-0.00004104,-0.00011535,-0.00007791,16:05:45..653,,,,
16:05:45..744,6.26784588,0.014386,-0.00063643,0.00048522,0.000356,-0.00019748,0.00073995,-0.0000406,-0.00011504,-0.00007758,16:05:45..736,,,,
16:05:45..776,6.28853184,0.014396,-0.00063591,0.00048501,0.00035694,-0.00019742,0.00074098,-0.00004258,-0.00011635,-0.00007726,16:05:45..779,,,,
16:05:45..894,6.17993055,0.014396,-0.00063638,0.00048422,0.00035637,-0.0001981,0.00074142,-0.00004258,-0.00011582,-0.00007732,16:05:45..885,,,,
16:05:45..929,6.11787267,0.014225,-0.00063642,0.00048604,0.00035732,-0.00019508,0.00074189,-0.00004261,-0.00011616,-0.00008236,16:05:45..930,,,,
16:05:46..025,6.17475906,0.014225,-0.00063677,0.00048591,0.00035681,-0.0001952,0.00074254,-0.000042,-0.00011606,-0.00008166,16:05:46..018,,,,
16:05:46..060,6.26784588,0.013953,-0.00063677,0.0004872,0.0003578,-0.0001957,0.00074207,-0.00004532,-0.00011816,-0.00008461,16:05:46..062,,,,
16:05:46..129,6.22130247,0.013459,-0.00063724,0.00048807,0.00035787,-0.00019525,0.00074145,-0.000045,-0.00011883,-0.00008471,16:05:46..205,,,,
16:05:46..268,6.2575029,0.013459,-0.00063683,0.0004871,0.00035735,-0.00019573,0.00074183,-0.0000454,-0.000119,-0.00008425,16:05:46..262,,,,
16:05:46..304,6.17475906,0.013271,-0.00063611,0.00048807,0.00035768,-0.00019182,0.00074677,-0.00004242,-0.00011793,-0.00008418,16:05:46..306,,,,
16:05:46..469,6.26784588,0.013271,-0.00063648,0.00048835,0.0003576,-0.00019168,0.0007457,-0.00004347,-0.00011802,-0.00008457,16:05:46..460,,,,
16:05:46..502,6.21613098,0.013318,-0.00063547,0.0004881,0.0003575,-0.00019023,0.00074899,-0.00004335,-0.00011885,-0.00008365,16:05:46..503,,,,
16:05:46..570,6.25233141,0.013318,-0.00063508,0.00048925,0.00035828,-0.00018973,0.00074851,-0.00004375,-0.00011899,-0.0000839,16:05:46..608,,,,
16:05:46..624,6.16958757,0.013318,-0.00063503,0.00048869,0.00035768,-0.00019054,0.00074918,-0.0000438,-0.00011903,-0.00008433,16:05:46..608,,,,
16:05:46..656,6.27818886,0.01317,-0.00063664,0.00048846,0.00035744,-0.00019256,0.00074402,-0.00004422,-0.00011883,-0.00008609,16:05:46..694,,,,
16:05:46..834,6.20061651,0.01317,-0.00063663,0.00048979,0.00035771,-0.00019253,0.00074342,-0.00004385,-0.00011902,-0.00008625,16:05:46..824,,,,
16:05:46..865,6.19544502,0.013341,-0.00063671,0.00048955,0.00035835,-0.00019331,0.00074406,-0.00004456,-0.00011974,-0.00008769,16:05:46..866,,,,
16:05:46..977,6.29887482,0.013341,-0.00063652,0.0004902,0.0003579,-0.00019309,0.00074356,-0.00004498,-0.00011937,-0.00008816,16:05:46..969,,,,
16:05:47..010,6.22647396,0.013556,-0.00063708,0.00049092,0.00035862,-0.00019614,0.00074286,-0.00004586,-0.00011899,-0.00008597,16:05:47..012,,,,
16:05:47..086,6.26784588,0.013556,-0.00063703,0.00049007,0.00035864,-0.00019643,0.00074393,-0.00004511,-0.00011871,-0.00008597,16:05:47..128,,,,
16:05:47..144,6.19544502,0.013556,-0.00063706,0.00049114,0.00035867,-0.0001959,0.00074299,-0.0000456,-0.00011878,-0.0000856,16:05:47..128,,,,
16:05:47..179,6.23681694,0.014163,-0.00063766,0.00048888,0.00035787,-0.0001961,0.00073984,-0.0000428,-0.00011668,-0.00008348,16:05:47..217,,,,
16:05:47..343,6.29887482,0.014163,-0.0006377,0.00048963,0.00035797,-0.00019569,0.00073965,-0.00004306,-0.00011685,-0.00008367,16:05:47..335,,,,
16:05:47..375,6.17993055,0.014319,-0.0006364,0.00049005,0.0003583,-0.00019582,0.00074118,-0.00004468,-0.00011807,-0.00008518,16:05:47..380,,,,
16:05:47..518,6.17475906,0.014319,-0.00063653,0.00049056,0.00035816,-0.00019565,0.00074002,-0.00004504,-0.00011845,-0.00008532,16:05:47..509,,,,
16:05:47..551,6.26784588,0.014477,-0.00063759,0.00048894,0.00035842,-0.00019635,0.00074244,-0.00004437,-0.00011778,-0.00008483,16:05:47..596,,,,
16:05:47..674,6.32473227,0.014477,-0.00063801,0.00048927,0.0003586,-0.0001963,0.00074187,-0.00004464,-0.00011799,-0.00008501,16:05:47..666,,,,
16:05:47..708,6.25233141,0.014633,-0.00063694,0.00049026,0.00035869,-0.00019536,0.0007437,-0.00004474,-0.00011903,-0.00008578,16:05:47..710,,,,
16:05:47..803,6.11270118,0.014633,-0.00063704,0.00049013,0.0003582,-0.0001959,0.00074313,-0.00004483,-0.00011942,-0.00008642,16:05:47..793,,,,
16:05:47..834,6.3609327,0.014752,-0.00063741,0.00049003,0.00035791,-0.00019541,0.00074162,-0.00004274,-0.00011713,-0.00008472,16:05:47..836,,,,
16:05:47..888,6.13855863,0.014793,-0.00063743,0.00049092,0.00035781,-0.00019493,0.00074019,-0.00004305,-0.00011722,-0.00008463,16:05:47..936,,,,
16:05:47..953,6.22647396,0.014793,-0.0006376,0.00048987,0.00035776,-0.00019504,0.00074128,-0.00004281,-0.00011695,-0.00008477,16:05:47..936,,,,
16:05:47..985,6.205788,0.014886,-0.00063739,0.00048996,0.00035774,-0.00019292,0.0007435,-0.00004303,-0.00011897,-0.00008577,16:05:48..046,,,,
16:05:48..125,6.28853184,0.014886,-0.00063707,0.00048924,0.00035801,-0.0001927,0.00074429,-0.00004283,-0.00011844,-0.0000857,16:05:48..117,,,,
16:05:48..158,6.06615777,0.01486,-0.00063638,0.00049132,0.00035793,-0.00019038,0.00074746,-0.00004527,-0.00012037,-0.00008881,16:05:48..159,,,,
16:05:48..293,6.14373012,0.01486,-0.00063711,0.00049125,0.00035742,-0.0001904,0.00074866,-0.00004466,-0.00012017,-0.00008847,16:05:48..285,,,,
16:05:48..324,6.39196164,0.014839,-0.00063771,0.0004925,0.00035822,-0.00018783,0.00074836,-0.00004073,-0.00011894,-0.00009089,16:05:48..329,,,,
16:05:48..370,6.40230462,0.014869,-0.00063738,0.00049269,0.00035792,-0.00018765,0.00074806,-0.0000409,-0.0001186,-0.00009067,16:05:48..409,,,,
16:05:48..424,5.98858542,0.014869,-0.00063783,0.00049248,0.00035792,-0.00018852,0.0007481,-0.00004143,-0.00011865,-0.00009057,16:05:48..409,,,,
16:05:48..456,6.39713313,0.014709,-0.00063569,0.00049103,0.00035835,-0.000189,0.00074742,-0.00004447,-0.00012068,-0.0000891,16:05:48..495,,,,
16:05:48..625,6.26784588,0.014709,-0.00063537,0.00049164,0.00035798,-0.0001891,0.00074792,-0.00004352,-0.00012035,-0.00008888,16:05:48..615,,,,
16:05:48..658,5.91618456,0.014672,-0.00063745,0.00049135,0.00035854,-0.00018856,0.00074923,-0.00004243,-0.00012116,-0.00009193,16:05:48..659,,,,
16:05:48..706,6.16441608,0.014684,-0.00063684,0.00049083,0.00035817,-0.00018875,0.00075014,-0.00004253,-0.00012043,-0.00009109,16:05:48..759,,,,
16:05:48..804,6.40747611,0.014637,-0.00063718,0.00049112,0.00035856,-0.00018892,0.00074872,-0.00004281,-0.00012085,-0.00009186,16:05:48..804,,,,
16:05:48..838,6.46953399,0.014471,-0.00063643,0.0004932,0.00035809,-0.00018808,0.0007496,-0.00004206,-0.00011979,-0.00008978,16:05:48..804,,,,
16:05:48..932,6.38679015,0.014471,-0.00063631,0.00049251,0.0003576,-0.0001881,0.00074996,-0.00004188,-0.00011967,-0.00008967,16:05:48..980,,,,
16:05:48..995,6.58330677,0.014471,-0.00063648,0.00049287,0.00035777,-0.00018825,0.00074958,-0.00004164,-0.00011969,-0.00008975,16:05:48..980,,,,
16:05:49..030,5.92652754,0.014398,-0.00063498,0.00049059,0.00035898,-0.00018304,0.00075544,-0.00004183,-0.00012188,-0.00008954,16:05:49..068,,,,
16:05:49..179,6.37127568,0.014398,-0.00063503,0.0004904,0.00035867,-0.00018343,0.00075629,-0.00004147,-0.00012188,-0.00008919,16:05:49..169,,,,
16:05:49..210,6.41781909,0.014237,-0.0006325,0.00048806,0.00035951,-0.00017872,0.00076015,-0.00004043,-0.00012194,-0.00008527,16:05:49..213,,,,
16:05:49..289,5.98858542,0.014237,-0.00063294,0.00048798,0.00035889,-0.00017882,0.0007596,-0.00004086,-0.00012217,-0.00008511,16:05:49..329,,,,
16:05:49..365,6.13855863,0.014237,-0.00063322,0.00048779,0.00035922,-0.00017914,0.0007595,-0.00004042,-0.00012204,-0.00008565,16:05:49..329,,,,
16:05:49..397,6.5677923,0.013789,-0.00063549,0.00048865,0.00035785,-0.00018403,0.00075384,-0.00003578,-0.00011729,-0.0000829,16:05:49..374,,,,
16:05:49..485,6.2575029,0.013789,-0.00063503,0.00048855,0.00035755,-0.00018411,0.00075474,-0.00003495,-0.00011674,-0.00008261,16:05:49..536,,,,
16:05:49..560,6.64019316,0.013789,-0.00063549,0.00048897,0.00035742,-0.00018441,0.00075353,-0.00003553,-0.00011722,-0.0000827,16:05:49..536,,,,
16:05:49..594,6.205788,0.013773,-0.00063322,0.00048377,0.00035786,-0.00018899,0.00074775,-0.00004593,-0.00012192,-0.00008433,16:05:49..621,,,,
16:05:49..739,6.22647396,0.013773,-0.00063355,0.00048435,0.00035811,-0.00018827,0.00074762,-0.00004618,-0.00012214,-0.00008394,16:05:49..731,,,,
16:05:49..772,6.44884803,0.013906,-0.00063578,0.00049135,0.00035753,-0.00019126,0.00074734,-0.00004015,-0.00011735,-0.00008575,16:05:49..775,,,,
16:05:49..874,5.97307095,0.013906,-0.00063568,0.00049224,0.00035814,-0.00019018,0.00074657,-0.00003987,-0.0001179,-0.00008575,16:05:49..903,,,,
16:05:49..951,6.02478585,0.014003,-0.00063579,0.00049143,0.00035748,-0.00019106,0.00074685,-0.00003988,-0.00011743,-0.00008578,16:05:49..948,,,,
16:05:49..983,6.38679015,0.014165,-0.00062891,0.00047729,0.00035513,-0.00019881,0.00074442,-0.0000377,-0.00011575,-0.00006049,16:05:49..948,,,,
16:05:50..065,6.36610419,0.014165,-0.00062978,0.00047654,0.00035494,-0.00019893,0.00074504,-0.00003819,-0.00011619,-0.00006227,16:05:50..109,,,,
16:05:50..123,6.49021995,0.014165,-0.00063088,0.00047747,0.00035566,-0.00019794,0.0007438,-0.00003793,-0.00011604,-0.00006291,16:05:50..109,,,,
16:05:50..156,6.0506433,0.014452,-0.00062721,0.0005006,0.00035963,-0.00019231,0.00075034,-0.00004617,-0.00012188,-0.00008993,16:05:50..195,,,,
16:05:50..288,6.28853184,0.014452,-0.00062711,0.00050121,0.00035996,-0.00019216,0.00074917,-0.00004642,-0.00012182,-0.00008941,16:05:50..280,,,,
16:05:50..321,5.90067009,0.014322,-0.00062822,0.00049766,0.00035963,-0.00019018,0.00074662,-0.00004467,-0.00012248,-0.00008845,16:05:50..323,,,,
16:05:50..525,6.57296379,0.014322,-0.00062811,0.00049768,0.00035922,-0.00019023,0.00074678,-0.00004483,-0.00012227,-0.00008814,16:05:50..517,,,,
16:05:50..556,6.59882124,0.014041,-0.00063911,0.00048411,0.00035626,-0.00019362,0.00074075,-0.00003792,-0.00011535,-0.00007713,16:05:50..562,,,,
16:05:50..677,5.9989284,0.014041,-0.00063935,0.00048372,0.00035613,-0.00019331,0.00074175,-0.00003751,-0.00011464,-0.00007752,16:05:50..669,,,,
16:05:50..712,6.17475906,0.01424,-0.00060973,0.00053016,0.00035974,-0.00019141,0.00074786,-0.0000459,-0.00012185,-0.00008642,16:05:50..715,,,,
16:05:50..772,6.205788,0.01424,-0.00060959,0.00053012,0.00036005,-0.00019146,0.00074858,-0.00004596,-0.00012122,-0.00008614,16:05:50..837,,,,
16:05:50..852,6.18510204,0.01424,-0.00060951,0.00053025,0.0003595,-0.0001914,0.00074803,-0.00004575,-0.00012134,-0.00008583,16:05:50..837,,,,
16:05:50..885,6.05581479,0.014557,-0.0006227,0.00049818,0.00035852,-0.00019518,0.00073956,-0.00004554,-0.0001202,-0.00008127,16:05:50..925,,,,
16:05:51..035,6.52642038,0.014557,-0.00062296,0.00049711,0.00035809,-0.0001956,0.00074066,-0.00004524,-0.00012023,-0.00008124,16:05:51..025,,,,
16:05:51..067,6.04030032,0.014962,-0.00062484,0.00048843,0.00035651,-0.00019247,0.00074593,-0.00003922,-0.00011602,-0.00007588,16:05:51..069,,,,
16:05:51..181,6.23164545,0.014962,-0.00062605,0.00048838,0.0003568,-0.00019199,0.00074552,-0.00003944,-0.00011592,-0.00007645,16:05:51..173,,,,
16:05:51..216,5.96272797,0.015414,-0.00062125,0.0005259,0.00035973,-0.00019438,0.00074652,-0.00004397,-0.00012065,-0.00008828,16:05:51..217,,,,
16:05:51..315,5.95755648,0.015414,-0.00062103,0.00052496,0.00036014,-0.00019416,0.00074772,-0.00004333,-0.00012019,-0.0000879,16:05:51..358,,,,
16:05:51..376,6.43850505,0.015414,-0.00062157,0.00052424,0.00036032,-0.00019441,0.00074672,-0.00004374,-0.0001204,-0.00008806,16:05:51..358,,,,
16:05:51..410,6.12304416,0.015568,-0.00060091,0.00054489,0.00036042,-0.0001912,0.00075208,-0.00004549,-0.00012076,-0.00008198,16:05:51..447,,,,
16:05:51..560,6.47470548,0.015568,-0.00060158,0.000545,0.00036047,-0.00019078,0.00075198,-0.0000463,-0.00012079,-0.00008139,16:05:51..551,,,,
16:05:51..593,6.38679015,0.015845,-0.00062433,0.00048808,0.00035772,-0.00018897,0.00074868,-0.00003798,-0.00011716,-0.00007873,16:05:51..596,,,,
16:05:51..654,6.08167224,0.015845,-0.00062457,0.00048826,0.00035687,-0.00018946,0.00074907,-0.00003741,-0.00011679,-0.00007862,16:05:51..694,,,,
16:05:51..734,6.35058972,0.015845,-0.00062424,0.00048828,0.00035717,-0.0001893,0.00074784,-0.00003785,-0.00011714,-0.00007877,16:05:51..694,,,,
16:05:51..767,6.28336035,0.01593,-0.00060291,0.00056722,0.00036107,-0.00019003,0.00075552,-0.00004589,-0.00012317,-0.00008713,16:05:51..780,,,,
16:05:51..933,6.07650075,0.01593,-0.00060321,0.00056649,0.00036075,-0.00019109,0.00075557,-0.00004549,-0.000123,-0.00008725,16:05:51..923,,,,
16:05:51..965,6.04030032,0.015941,-0.00061194,0.00055669,0.00035943,-0.00019148,0.00074509,-0.00004044,-0.00011812,-0.0000845,16:05:51..967,,,,
16:05:52..043,6.45919101,0.015941,-0.00061121,0.0005561,0.00035948,-0.00019152,0.00074534,-0.00003992,-0.00011765,-0.00008381,16:05:52..094,,,,
16:05:52..108,6.07650075,0.015941,-0.00061117,0.0005568,0.00035962,-0.00019135,0.00074521,-0.00003996,-0.00011785,-0.00008391,16:05:52..094,,,,
16:05:52..143,6.36610419,0.016087,-0.00061431,0.00053388,0.00035986,-0.00019157,0.00074796,-0.00004062,-0.00011935,-0.0000846,16:05:52..180,,,,
16:05:52..278,6.13338714,0.016087,-0.00061404,0.00053352,0.00035969,-0.00019127,0.00074721,-0.00004089,-0.00011935,-0.00008484,16:05:52..270,,,,
16:05:52..314,6.1023582,0.016079,-0.00062681,0.00052731,0.00035871,-0.00019003,0.00074591,-0.00004186,-0.00011727,-0.0000852,16:05:52..355,,,,
16:05:52..425,6.10752969,0.016079,-0.0006268,0.00052883,0.00035873,-0.00018936,0.00074632,-0.00004177,-0.00011759,-0.00008481,16:05:52..418,,,,
16:05:52..460,5.89032711,0.015764,-0.00060708,0.00057414,0.00036054,-0.00018994,0.00074886,-0.00004191,-0.00011955,-0.00008695,16:05:52..463,,,,
16:05:52..590,6.4126476,0.015764,-0.00060696,0.00057379,0.00036,-0.00019096,0.00074957,-0.00004203,-0.00011974,-0.00008618,16:05:52..584,,,,
16:05:52..623,6.14890161,0.015465,-0.00059468,0.00060622,0.00036093,-0.00019028,0.00074801,-0.0000398,-0.00011823,-0.00008379,16:05:52..629,,,,
16:05:52..741,6.33507525,0.015465,-0.00059467,0.0006051,0.00036087,-0.00019118,0.00074847,-0.00003953,-0.00011771,-0.00008366,16:05:52..734,,,,
16:05:52..773,6.35058972,0.015445,-0.00059875,0.00055996,0.00035962,-0.00019724,0.00074282,-0.00004073,-0.00011908,-0.00008055,16:05:52..734,,,,
16:05:52..853,6.23164545,0.015445,-0.00059938,0.00055881,0.00035888,-0.00019676,0.00074165,-0.00004091,-0.00011898,-0.00008021,16:05:52..886,,,,
16:05:52..901,6.28853184,0.015445,-0.00059932,0.00055705,0.00035943,-0.00019684,0.0007424,-0.00004053,-0.00011938,-0.00007998,16:05:52..886,,,,
16:05:52..935,6.31956078,0.01549,-0.00060154,0.00051086,0.00036009,-0.00017798,0.00075866,-0.0000274,-0.00011513,-0.00007355,16:05:52..974,,,,
16:05:53..060,6.21613098,0.01549,-0.0006013,0.00051107,0.00035996,-0.00017802,0.00075877,-0.00002741,-0.00011472,-0.00007372,16:05:53..051,,,,
16:05:53..093,6.24198843,0.015314,-0.00058348,0.0005824,0.00036087,-0.00018129,0.00075456,-0.00004123,-0.00012171,-0.00007702,16:05:53..095,,,,
16:05:53..210,6.44367654,0.015314,-0.00058272,0.00058308,0.00036074,-0.00018163,0.00075562,-0.00004073,-0.00012084,-0.00007652,16:05:53..200,,,,
16:05:53..241,6.1540731,0.015294,-0.00057944,0.00060702,0.00036079,-0.00018599,0.00075357,-0.00003854,-0.00011849,-0.00007683,16:05:53..245,,,,
16:05:53..306,6.32990376,0.015294,-0.00057958,0.00060724,0.00036054,-0.00018573,0.00075266,-0.00003869,-0.00011828,-0.00007738,16:05:53..355,,,,
16:05:53..370,6.23164545,0.015294,-0.00057999,0.00060667,0.00036048,-0.00018624,0.00075352,-0.00003838,-0.00011831,-0.00007723,16:05:53..355,,,,
16:05:53..405,6.27301737,0.015394,-0.00059562,0.00056784,0.00035927,-0.00018956,0.00074788,-0.00003876,-0.00011845,-0.00007813,16:05:53..443,,,,
16:05:53..528,6.28853184,0.015394,-0.00059526,0.00056783,0.00035909,-0.00018955,0.00074736,-0.00003889,-0.00011817,-0.00007834,16:05:53..521,,,,
16:05:53..564,6.30404631,0.015314,-0.00059661,0.00055893,0.00036051,-0.00017808,0.00076309,-0.00003029,-0.00011647,-0.00007703,16:05:53..566,,,,
16:05:53..682,6.19027353,0.015314,-0.00059685,0.00056027,0.0003612,-0.00017735,0.00076274,-0.00003047,-0.00011667,-0.00007691,16:05:53..674,,,,
16:05:53..716,5.95755648,0.014837,-0.00059336,0.00058695,0.00036255,-0.00017461,0.00076582,-0.00003228,-0.0001184,-0.00007783,16:05:53..719,,,,
16:05:53..822,6.2575029,0.014837,-0.00059332,0.00058604,0.00036241,-0.00017532,0.00076692,-0.00003197,-0.00011829,-0.00007751,16:05:53..811,,,,
16:05:53..855,6.16441608,0.014544,-0.00061076,0.00052343,0.00036075,-0.00017298,0.00076343,-0.00002679,-0.00011457,-0.00007644,16:05:53..854,,,,
16:05:53..889,6.30404631,0.014347,-0.00060233,0.00054223,0.00036396,-0.00016499,0.00077944,-0.00002685,-0.00011856,-0.00007532,16:05:53..896,,,,
16:05:53..930,6.42299058,0.014263,-0.00060238,0.00054129,0.00036383,-0.00016522,0.00078112,-0.00002601,-0.00011834,-0.00007524,16:05:53..968,,,,
16:05:53..992,6.23164545,0.014263,-0.00060235,0.00054162,0.00036408,-0.00016506,0.00077995,-0.00002627,-0.00011904,-0.00007588,16:05:53..968,,,,
16:05:54..025,6.33507525,0.014369,-0.00061603,0.00051278,0.00036031,-0.00018063,0.00075472,-0.00003048,-0.00011617,-0.00007894,16:05:54..057,,,,
16:05:54..137,6.3092178,0.014294,-0.00061534,0.00051191,0.00036026,-0.00018107,0.00075522,-0.00002985,-0.00011636,-0.00007905,16:05:54..127,,,,
16:05:54..212,6.29370333,0.014294,-0.00061571,0.00051227,0.00036067,-0.00018084,0.00075506,-0.00003027,-0.00011597,-0.00007854,16:05:54..172,,,,
16:05:54..246,6.205788,0.014294,-0.0006209,0.00052624,0.00035906,-0.00019222,0.00074684,-0.00003576,-0.00011667,-0.00008377,16:05:54..214,,,,
16:05:54..280,6.31438929,0.013959,-0.00062642,0.00051732,0.00035972,-0.00019341,0.00074906,-0.00003431,-0.00011639,-0.00008514,16:05:54..339,,,,
16:05:54..428,6.27818886,0.013959,-0.00062623,0.00051659,0.00035882,-0.00019322,0.00074872,-0.00003432,-0.00011671,-0.00008542,16:05:54..422,,,,
16:05:54..460,6.43850505,0.013757,-0.00061517,0.00050753,0.00035879,-0.0001872,0.00075169,-0.00002916,-0.00011552,-0.00007984,16:05:54..467,,,,
16:05:54..589,6.21613098,0.013757,-0.0006153,0.0005066,0.00035818,-0.00018778,0.00075272,-0.00002909,-0.00011536,-0.00007945,16:05:54..579,,,,
16:05:54..621,6.26267439,0.013438,-0.00063383,0.00049737,0.00035765,-0.00019156,0.00075109,-0.00002822,-0.00011443,-0.00008102,16:05:54..579,,,,
16:05:54..714,6.21613098,0.013438,-0.0006336,0.00049807,0.00035822,-0.00019091,0.00075101,-0.00002835,-0.0001142,-0.00008128,16:05:54..755,,,,
16:05:54..770,6.24715992,0.013438,-0.00063376,0.00049795,0.00035795,-0.00019108,0.00075246,-0.0000286,-0.00011417,-0.00008147,16:05:54..755,,,,
16:05:54..804,6.07650075,0.013734,-0.00061857,0.00052412,0.00035777,-0.00019652,0.00074557,-0.00003092,-0.00011494,-0.00007838,16:05:54..842,,,,
16:05:54..947,6.44367654,0.013734,-0.0006187,0.00052444,0.00035834,-0.00019656,0.00074528,-0.00003088,-0.00011508,-0.00007852,16:05:54..937,,,,
16:05:54..979,6.24715992,0.014076,-0.00061345,0.00052055,0.000358,-0.00019285,0.00074685,-0.0000339,-0.00011635,-0.00008073,16:05:54..981,,,,
16:05:55..039,6.21095949,0.014076,-0.00061372,0.00052087,0.00035792,-0.00019256,0.00074569,-0.0000347,-0.00011646,-0.00008122,16:05:55..061,,,,
16:05:55..074,6.24198843,0.014076,-0.00061362,0.00052073,0.00035785,-0.00019278,0.00074676,-0.00003398,-0.00011618,-0.00008059,16:05:55..061,,,,
16:05:55..108,6.30404631,0.014367,-0.00061514,0.00051543,0.00035838,-0.00019214,0.00074555,-0.00003278,-0.00011468,-0.00007949,16:05:55..177,,,,
16:05:55..239,6.19027353,0.014367,-0.00061512,0.00051464,0.000358,-0.00019275,0.00074598,-0.00003316,-0.00011504,-0.00007901,16:05:55..236,,,,
16:05:55..270,6.14890161,0.01446,-0.00062457,0.00053003,0.00035889,-0.00019498,0.00074957,-0.00003655,-0.00011715,-0.00008428,16:05:55..280,,,,
16:05:55..406,6.14373012,0.01446,-0.00062465,0.00052985,0.00035883,-0.00019535,0.00075026,-0.00003692,-0.00011653,-0.00008427,16:05:55..396,,,,
16:05:55..439,6.24715992,0.014721,-0.0006172,0.00051399,0.00035866,-0.00018824,0.000751,-0.00003158,-0.00011539,-0.00008019,16:05:55..488,,,,
16:05:55..548,6.37127568,0.014721,-0.0006173,0.00051348,0.00035856,-0.00018819,0.00075012,-0.00003248,-0.00011534,-0.00008038,16:05:55..488,,,,
16:05:55..582,6.39713313,0.014707,-0.00062433,0.00049729,0.0003575,-0.00019692,0.00074235,-0.0000241,-0.00011525,-0.00007295,16:05:55..594,,,,
16:05:55..691,6.28336035,0.014707,-0.00062497,0.0004964,0.0003575,-0.000197,0.00074269,-0.00002389,-0.00011476,-0.00007296,16:05:55..683,,,,
16:05:55..726,6.11787267,0.014794,-0.00060536,0.00049792,0.00035776,-0.00018887,0.00074748,-0.00002536,-0.00011205,-0.00007088,16:05:55..771,,,,
16:05:55..878,6.22130247,0.014794,-0.00060544,0.00049634,0.00035669,-0.00018967,0.00074839,-0.00002534,-0.00011204,-0.0000707,16:05:55..869,,,,
16:05:55..911,6.18510204,0.014743,-0.00062482,0.00051452,0.00035814,-0.00019633,0.00074537,-0.00003516,-0.00011667,-0.00007983,16:05:55..912,,,,
16:05:55..944,6.02478585,0.014674,-0.00062252,0.00052601,0.00035813,-0.00019598,0.00074856,-0.00003696,-0.00011725,-0.00008306,16:05:55..957,,,,
16:05:56..049,6.09718671,0.014674,-0.00062236,0.00052654,0.00035819,-0.00019614,0.00074768,-0.00003713,-0.00011675,-0.00008327,16:05:56..041,,,,
16:05:56..082,6.27301737,0.014634,-0.0006156,0.00051423,0.00035836,-0.00019273,0.00074421,-0.00003395,-0.00011517,-0.00007871,16:05:56..084,,,,
16:05:56..187,6.37127568,0.014634,-0.00061477,0.00051324,0.00035803,-0.00019319,0.00074517,-0.00003383,-0.00011495,-0.00007799,16:05:56..178,,,,
16:05:56..219,6.15924459,0.014398,-0.00061311,0.00049875,0.00035657,-0.0001957,0.00074119,-0.00002999,-0.00011533,-0.00007272,16:05:56..222,,,,
16:05:56..257,6.37127568,0.014314,-0.00061353,0.00049946,0.0003572,-0.0001949,0.00074001,-0.0000308,-0.00011532,-0.00007225,16:05:56..308,,,,
16:05:56..379,6.29370333,0.014314,-0.00061334,0.00049907,0.00035681,-0.00019536,0.00074134,-0.00003032,-0.00011447,-0.00007143,16:05:56..373,,,,
16:05:56..413,6.10752969,0.014108,-0.00061647,0.00052909,0.00035776,-0.00019613,0.00074465,-0.00003658,-0.00011562,-0.00007926,16:05:56..416,,,,
16:05:56..537,6.10752969,0.014108,-0.00061625,0.00052885,0.00035824,-0.0001956,0.00074465,-0.00003644,-0.00011508,-0.00007918,16:05:56..529,,,,
16:05:56..571,6.29370333,0.014261,-0.00061856,0.00050711,0.00035729,-0.00019472,0.00074374,-0.0000325,-0.00011462,-0.00007696,16:05:56..573,,,,
16:05:56..668,6.24198843,0.014261,-0.00061856,0.00050795,0.00035795,-0.00019435,0.00074282,-0.00003298,-0.00011495,-0.00007691,16:05:56..661,,,,
16:05:56..703,6.18510204,0.014266,-0.00061848,0.00051676,0.00035758,-0.00019605,0.00074374,-0.00003483,-0.00011505,-0.00007885,16:05:56..706,,,,
16:05:56..790,6.35576121,0.014266,-0.00061858,0.00051782,0.00035787,-0.00019548,0.0007433,-0.00003528,-0.00011495,-0.00007835,16:05:56..781,,,,
16:05:56..823,6.26784588,0.014282,-0.00061956,0.0005303,0.00035828,-0.00019616,0.0007446,-0.00003616,-0.00011564,-0.00008072,16:05:56..824,,,,
16:05:56..931,6.12304416,0.014282,-0.00061957,0.00052968,0.00035779,-0.00019692,0.00074453,-0.00003626,-0.00011542,-0.00008078,16:05:56..921,,,,
16:05:56..966,6.3092178,0.014319,-0.00062215,0.00051053,0.00035765,-0.00019446,0.00074363,-0.00003264,-0.00011452,-0.0000779,16:05:57..008,,,,
16:05:57..075,6.33507525,0.014319,-0.00062178,0.00050973,0.00035739,-0.0001944,0.00074455,-0.00003202,-0.00011488,-0.00007772,16:05:57..067,,,,
16:05:57..109,5.95238499,0.014308,-0.00062201,0.00051301,0.00035745,-0.00019375,0.00074372,-0.00003536,-0.00011522,-0.000079,16:05:57..111,,,,
16:05:57..219,6.17475906,0.014308,-0.00062259,0.00051178,0.0003572,-0.00019448,0.00074483,-0.00003499,-0.000115,-0.00007863,16:05:57..209,,,,
16:05:57..252,6.29370333,0.014311,-0.00062671,0.00051798,0.00035868,-0.00019696,0.00074668,-0.00003494,-0.00011624,-0.00008154,16:05:57..255,,,,
16:05:57..370,6.26784588,0.014311,-0.00062682,0.00051766,0.00035874,-0.0001975,0.00074753,-0.00003463,-0.0001159,-0.00008117,16:05:57..360,,,,
16:05:57..402,6.21613098,0.014392,-0.00061916,0.00050842,0.00035718,-0.00019799,0.00074135,-0.00003048,-0.00011401,-0.00007468,16:05:57..406,,,,
16:05:57..517,6.26784588,0.014392,-0.00061941,0.00050825,0.00035755,-0.00019753,0.00074098,-0.00003039,-0.00011419,-0.00007436,16:05:57..507,,,,
16:05:57..548,6.22647396,0.014462,-0.0006199,0.00051508,0.00035788,-0.00019885,0.00075098,-0.00002493,-0.0001149,-0.00007033,16:05:57..552,,,,
16:05:57..583,6.14373012,0.014398,-0.00062056,0.00051557,0.00035789,-0.00019868,0.00075136,-0.00002527,-0.00011539,-0.00007091,16:05:57..633,,,,
16:05:57..667,6.06098628,0.014398,-0.00062104,0.00051538,0.00035744,-0.00019838,0.00075092,-0.00002574,-0.00011541,-0.00007114,16:05:57..633,,,,
16:05:57..701,6.30404631,0.014074,-0.00062569,0.00052318,0.00035844,-0.00019764,0.00075162,-0.00003261,-0.00011521,-0.00007776,16:05:57..720,,,,
16:05:57..821,6.205788,0.014074,-0.00062571,0.00052391,0.00035879,-0.00019739,0.00075103,-0.00003215,-0.00011561,-0.00007768,16:05:57..810,,,,
16:05:57..854,6.07650075,0.014182,-0.00062274,0.00051907,0.00035851,-0.00019821,0.00074687,-0.00003069,-0.00011563,-0.00007557,16:05:57..898,,,,
16:05:57..952,6.40230462,0.014182,-0.00062277,0.00051909,0.00035878,-0.00019801,0.00074548,-0.00003076,-0.00011591,-0.00007566,16:05:57..955,,,,
16:05:58..000,6.21613098,0.014137,-0.00062284,0.0005185,0.00035817,-0.00019793,0.00074679,-0.00003057,-0.00011558,-0.00007545,16:05:57..997,,,,
16:05:58..033,6.26784588,0.014128,-0.00062054,0.00052079,0.00035837,-0.00019823,0.00075151,-0.00002666,-0.00011499,-0.00007273,16:05:57..997,,,,
16:05:58..119,6.18510204,0.014128,-0.00062079,0.00052089,0.00035848,-0.00019824,0.00075135,-0.00002651,-0.00011509,-0.00007284,16:05:58..164,,,,
16:05:58..205,6.23164545,0.014128,-0.00062047,0.00052146,0.00035836,-0.00019836,0.00075103,-0.00002664,-0.000115,-0.00007262,16:05:58..164,,,,
16:05:58..239,6.24198843,0.013856,-0.00062103,0.00052473,0.00035965,-0.0001979,0.00075366,-0.00002743,-0.00011584,-0.00007401,16:05:58..209,,,,
16:05:58..328,6.1023582,0.013856,-0.00062105,0.00052371,0.00035851,-0.00019798,0.00075503,-0.00002715,-0.0001155,-0.00007332,16:05:58..376,,,,
16:05:58..393,6.3092178,0.013856,-0.0006212,0.00052454,0.00035916,-0.00019806,0.0007533,-0.00002761,-0.00011554,-0.00007336,16:05:58..376,,,,
16:05:58..426,6.31438929,0.01344,-0.00061808,0.00052759,0.0003587,-0.00019845,0.00076971,-0.00001836,-0.00011471,-0.00006774,16:05:58..462,,,,
16:05:58..582,6.24198843,0.01344,-0.00061835,0.00052756,0.00035884,-0.00019842,0.00077035,-0.00001813,-0.00011472,-0.0000672,16:05:58..575,,,,
16:05:58..614,6.23164545,0.013432,-0.00062149,0.0005292,0.0003592,-0.00019773,0.00075946,-0.0000264,-0.00011595,-0.00007306,16:05:58..619,,,,
16:05:58..729,6.22130247,0.013432,-0.00062123,0.00052908,0.00035918,-0.00019792,0.0007606,-0.00002621,-0.00011515,-0.00007261,16:05:58..721,,,,
16:05:58..763,6.25233141,0.013481,-0.00062108,0.00052093,0.00035908,-0.00019874,0.00074771,-0.0000293,-0.00011524,-0.00007309,16:05:58..765,,,,
16:05:58..909,6.12821565,0.013481,-0.00062075,0.00052162,0.00035896,-0.00019822,0.0007472,-0.00003016,-0.0001153,-0.00007341,16:05:58..898,,,,
16:05:58..940,6.19027353,0.013728,-0.00062513,0.00052367,0.00035917,-0.00019732,0.00074689,-0.00003532,-0.00011655,-0.00007896,16:05:58..942,,,,
16:05:59..052,6.16441608,0.013728,-0.00062492,0.00052379,0.00035914,-0.00019709,0.00074588,-0.0000358,-0.00011623,-0.00007903,16:05:59..044,,,,
16:05:59..085,6.2575029,0.014175,-0.00062451,0.00051757,0.00035906,-0.00019758,0.00074537,-0.0000319,-0.0001165,-0.00007644,16:05:59..088,,,,
16:05:59..217,6.31438929,0.014175,-0.00062441,0.00051685,0.00035904,-0.00019806,0.00074609,-0.00003202,-0.00011605,-0.00007629,16:05:59..208,,,,
16:05:59..249,6.23164545,0.014295,-0.0006236,0.00051585,0.00035908,-0.00019783,0.00074777,-0.00002893,-0.0001155,-0.00007405,16:05:59..254,,,,
16:05:59..298,6.15924459,0.014279,-0.00062326,0.00051649,0.00035856,-0.00019784,0.00074743,-0.00002905,-0.00011579,-0.0000742,16:05:59..343,,,,
16:05:59..389,6.205788,0.014333,-0.00062366,0.00051639,0.00035879,-0.00019853,0.00074776,-0.00002922,-0.00011556,-0.00007426,16:05:59..387,,,,
16:05:59..423,6.17475906,0.014221,-0.00062597,0.00051749,0.00035908,-0.00019815,0.00075285,-0.00003012,-0.00011562,-0.00007588,16:05:59..431,,,,
16:05:59..597,6.17475906,0.014221,-0.00062606,0.00051815,0.00035908,-0.00019754,0.00075197,-0.00003034,-0.00011603,-0.00007684,16:05:59..587,,,,
16:05:59..630,6.21095949,0.01416,-0.00062301,0.00052044,0.00035864,-0.00019854,0.00074584,-0.00003299,-0.0001154,-0.00007631,16:05:59..629,,,,
16:05:59..734,6.16441608,0.01416,-0.00062363,0.00052018,0.00035865,-0.00019819,0.00074577,-0.0000331,-0.00011608,-0.00007673,16:05:59..727,,,,
16:05:59..768,6.27818886,0.014043,-0.00062306,0.00052008,0.00035899,-0.00019813,0.00074484,-0.00003353,-0.0001162,-0.00007672,16:05:59..770,,,,
16:05:59..820,6.205788,0.013961,-0.00062313,0.00051951,0.00035852,-0.00019824,0.00074448,-0.00003366,-0.00011581,-0.00007678,16:05:59..878,,,,
16:05:59..906,6.22130247,0.013961,-0.00062316,0.00051961,0.00035859,-0.00019821,0.00074498,-0.00003362,-0.00011614,-0.00007619,16:05:59..878,,,,
16:05:59..941,6.17475906,0.013781,-0.00062282,0.00051899,0.00035885,-0.0001974,0.00074262,-0.00003555,-0.0001167,-0.00007797,16:05:59..963,,,,
16:06:00..104,6.20061651,0.013781,-0.00062292,0.00051835,0.00035817,-0.00019786,0.00074332,-0.00003536,-0.00011617,-0.00007788,16:06:00..096,,,,
16:06:00..138,6.27301737,0.013781,-0.00062364,0.00052158,0.00035895,-0.00019807,0.00074609,-0.00003271,-0.00011618,-0.00007656,16:06:00..139,,,,
16:06:00..233,6.16441608,0.013781,-0.00062359,0.00052179,0.00035937,-0.0001978,0.00074604,-0.00003316,-0.00011576,-0.00007653,16:06:00..278,,,,
16:06:00..312,6.31438929,0.013781,-0.00062368,0.0005214,0.00035853,-0.00019785,0.00074569,-0.00003336,-0.00011611,-0.00007642,16:06:00..278,,,,
16:06:00..347,6.2575029,0.013545,-0.00062381,0.00052195,0.00035908,-0.00019657,0.00074334,-0.00003759,-0.00011663,-0.00007984,16:06:00..367,,,,
16:06:00..491,6.205788,0.013545,-0.00062406,0.0005211,0.00035834,-0.00019688,0.00074409,-0.00003781,-0.00011677,-0.00008035,16:06:00..482,,,,
16:06:00..525,6.31956078,0.01322,-0.00062363,0.00052175,0.00035878,-0.00019714,0.00074357,-0.00003586,-0.00011593,-0.00007859,16:06:00..580,,,,
16:06:00..655,6.26267439,0.01322,-0.00062401,0.00052226,0.00035882,-0.00019764,0.0007434,-0.00003567,-0.00011598,-0.00007864,16:06:00..580,,,,
16:06:00..689,6.12304416,0.013108,-0.00062523,0.00052113,0.0003593,-0.00019722,0.00074381,-0.00003605,-0.00011686,-0.00007927,16:06:00..704,,,,
16:06:00..758,6.26784588,0.013108,-0.00062541,0.00052065,0.00035896,-0.00019676,0.00074449,-0.00003605,-0.00011641,-0.00007879,16:06:00..806,,,,
16:06:00..820,6.23164545,0.013108,-0.00062517,0.00052076,0.00035889,-0.000197,0.00074392,-0.00003594,-0.00011658,-0.00007912,16:06:00..806,,,,
16:06:00..854,6.23681694,0.012891,-0.00062448,0.00051965,0.00035875,-0.00019717,0.00074481,-0.00003623,-0.00011601,-0.00007919,16:06:00..896,,,,
16:06:00..985,6.23681694,0.012891,-0.00062486,0.00052002,0.00035899,-0.00019685,0.00074315,-0.00003675,-0.00011643,-0.00007975,16:06:00..974,,,,
16:06:01..016,6.19544502,0.012924,-0.00062433,0.00052136,0.00035921,-0.00019647,0.00074373,-0.0000375,-0.00011667,-0.00008029,16:06:01..018,,,,
16:06:01..050,6.19544502,0.013035,-0.00062358,0.00052004,0.00035897,-0.00019659,0.00074263,-0.00003709,-0.00011665,-0.00007934,16:06:01..061,,,,
16:06:01..140,6.2575029,0.01341,-0.000624,0.00051966,0.0003585,-0.00019716,0.0007438,-0.00003662,-0.00011627,-0.00007888,16:06:01..187,,,,
16:06:01..245,6.21095949,0.01341,-0.00062372,0.00052038,0.0003592,-0.00019701,0.00074294,-0.0000374,-0.00011644,-0.00007902,16:06:01..235,,,,
16:06:01..277,6.34541823,0.01385,-0.00062272,0.00051872,0.00035831,-0.00019668,0.00074341,-0.00003799,-0.00011664,-0.00007959,16:06:01..279,,,,
16:06:01..404,6.17993055,0.01385,-0.00062297,0.00051913,0.00035859,-0.00019589,0.00074298,-0.00003797,-0.00011637,-0.00007992,16:06:01..397,,,,
16:06:01..438,6.20061651,0.014372,-0.00062145,0.00052065,0.00035873,-0.00019615,0.00074357,-0.00003806,-0.00011644,-0.0000795,16:06:01..442,,,,
16:06:01..552,6.25233141,0.014372,-0.00062161,0.00052126,0.00035851,-0.00019594,0.00074234,-0.00003831,-0.00011652,-0.00007997,16:06:01..543,,,,
16:06:01..585,6.19027353,0.014788,-0.0006225,0.00052171,0.00035859,-0.00019629,0.00074254,-0.00003751,-0.00011626,-0.00007973,16:06:01..586,,,,
16:06:01..628,6.28853184,0.014961,-0.00062254,0.00052122,0.00035828,-0.00019669,0.00074366,-0.0000377,-0.00011578,-0.00007909,16:06:01..630,,,,
16:06:01..680,6.16958757,0.015059,-0.00062249,0.00052179,0.00035863,-0.00019661,0.00074261,-0.00003801,-0.00011664,-0.00007895,16:06:01..712,,,,
16:06:01..727,6.2575029,0.015059,-0.00062239,0.00052095,0.00035852,-0.00019688,0.00074365,-0.00003719,-0.00011582,-0.00007926,16:06:01..712,,,,
16:06:01..759,6.27301737,0.015195,-0.0006215,0.00051789,0.0003582,-0.0001977,0.00074222,-0.00003466,-0.00011618,-0.00007676,16:06:01..800,,,,
16:06:01..867,6.205788,0.015195,-0.00062126,0.00051825,0.00035857,-0.00019769,0.00074182,-0.00003461,-0.00011546,-0.00007614,16:06:01..916,,,,
16:06:01..933,6.26267439,0.015195,-0.00062061,0.00051749,0.00035851,-0.00019742,0.00074239,-0.00003453,-0.00011539,-0.00007597,16:06:01..916,,,,
16:06:01..966,6.24198843,0.015174,-0.00062227,0.00052228,0.00035919,-0.00019696,0.00074259,-0.00003731,-0.00011701,-0.00007931,16:06:02..003,,,,
16:06:02..130,6.20061651,0.015174,-0.00062226,0.00052154,0.00035841,-0.00019691,0.00074319,-0.0000375,-0.00011599,-0.00007939,16:06:02..122,,,,
16:06:02..164,6.25233141,0.015114,-0.00062366,0.00051928,0.00035876,-0.0001974,0.00074397,-0.00003457,-0.0001164,-0.00007683,16:06:02..166,,,,
16:06:02..232,6.22647396,0.015114,-0.00062345,0.00051916,0.00035862,-0.00019733,0.00074249,-0.00003483,-0.0001164,-0.00007724,16:06:02..275,,,,
16:06:02..288,6.22647396,0.015086,-0.00062373,0.00051921,0.00035796,-0.00019735,0.00074386,-0.00003475,-0.00011641,-0.00007706,16:06:02..319,,,,
16:06:02..332,6.18510204,0.014973,-0.00062326,0.00051996,0.00035904,-0.00019707,0.00074302,-0.00003442,-0.00011586,-0.00007767,16:06:02..361,,,,
16:06:02..381,6.24198843,0.014973,-0.00062307,0.00051935,0.00035847,-0.00019726,0.00074345,-0.00003466,-0.00011623,-0.00007734,16:06:02..361,,,,
16:06:02..413,6.20061651,0.015135,-0.00062095,0.00052389,0.00035898,-0.00019765,0.00074259,-0.00003481,-0.00011608,-0.00007696,16:06:02..447,,,,
16:06:02..583,6.24198843,0.015135,-0.00062073,0.00052409,0.00035867,-0.00019739,0.00074273,-0.00003447,-0.00011567,-0.00007692,16:06:02..577,,,,
16:06:02..617,20.66527404,0.015183,-0.0006193,0.00051951,0.00035903,-0.0001967,0.00074135,-0.00003651,-0.00011633,-0.00007743,16:06:02..620,,,,
16:06:02..651,17.57789451,0.016996,-0.00062243,0.00052726,0.00035868,-0.00019716,0.000745,-0.00003544,-0.00011663,-0.00007818,16:06:02..662,,,,
16:06:02..750,15.55067043,0.016996,-0.00062225,0.00052803,0.0003588,-0.0001968,0.00074474,-0.00003515,-0.00011661,-0.00007768,16:06:02..788,,,,
16:06:02..830,16.99351614,0.026926,-0.00062197,0.00052766,0.00035902,-0.00019656,0.00074479,-0.00003534,-0.00011617,-0.00007735,16:06:02..830,,,,
16:06:02..864,17.28829107,0.032437,-0.00061704,0.0005248,0.00035707,-0.00019736,0.00074184,-0.00003789,-0.00011819,-0.00007595,16:06:02..830,,,,
16:06:02..940,16.78148505,0.032437,-0.00061733,0.00052483,0.00035667,-0.00019712,0.00074273,-0.00003712,-0.00011833,-0.0000754,16:06:02..978,,,,
16:06:03..004,15.36966828,0.032437,-0.00061685,0.00052526,0.00035706,-0.00019708,0.00074259,-0.00003784,-0.00011818,-0.00007606,16:06:02..978,,,,
16:06:03..038,15.11109378,0.062693,-0.00061059,0.00053011,0.00035662,-0.00019453,0.00074966,-0.00004065,-0.00012282,-0.00007718,16:06:03..063,,,,
16:06:03..177,15.26623848,0.062693,-0.00061048,0.00053019,0.00035699,-0.00019454,0.00074871,-0.0000407,-0.0001233,-0.00007756,16:06:03..169,,,,
16:06:03..209,15.54032745,0.090252,-0.00059605,0.00052408,0.00035484,-0.0001934,0.00075427,-0.00003483,-0.00012526,-0.00007223,16:06:03..212,,,,
16:06:03..282,15.70064364,0.090252,-0.00059662,0.00052472,0.00035467,-0.00019317,0.00075331,-0.00003508,-0.00012517,-0.00007248,16:06:03..321,,,,
16:06:03..337,15.6178998,0.090252,-0.00059623,0.00052431,0.00035496,-0.00019284,0.00075452,-0.0000349,-0.00012557,-0.00007187,16:06:03..321,,,,
16:06:03..369,15.83510238,0.126639,-0.00058389,0.0005257,0.00035339,-0.00019245,0.00075957,-0.00002876,-0.00012768,-0.00007102,16:06:03..407,,,,
16:06:03..502,16.15573476,0.126639,-0.00058364,0.00052567,0.00035296,-0.00019284,0.00075951,-0.00002856,-0.00012787,-0.00007115,16:06:03..493,,,,
16:06:03..535,17.34000597,0.151589,-0.00056929,0.00053173,0.00035151,-0.0001921,0.00076862,-0.00001865,-0.00012985,-0.00007074,16:06:03..537,,,,
16:06:03..655,17.48997918,0.151589,-0.0005689,0.00053174,0.00035156,-0.00019206,0.00076967,-0.00001833,-0.00012982,-0.00007042,16:06:03..646,,,,
16:06:03..687,18.86042403,0.166776,-0.00055732,0.00053433,0.00034975,-0.00019111,0.00077943,-0.00000437,-0.00013041,-0.00007179,16:06:03..690,,,,
16:06:03..730,19.25862876,0.180208,-0.00055744,0.00053525,0.00035038,-0.00019041,0.00077816,-0.00000419,-0.00013128,-0.00007235,16:06:03..690,,,,
16:06:03..813,19.78612074,0.180208,-0.00055694,0.00053427,0.00035044,-0.00019143,0.00077967,-0.00000437,-0.0001306,-0.00007218,16:06:03..812,,,,
16:06:03..847,20.81007576,0.191783,-0.00054089,0.00054133,0.0003495,-0.00019066,0.00078877,0.00000946,-0.00013237,-0.00007178,16:06:03..857,,,,
16:06:04..006,21.33239625,0.191783,-0.00054097,0.00054262,0.00034936,-0.00018986,0.00078809,0.00000995,-0.00013242,-0.00007167,16:06:04..019,,,,
16:06:04..052,23.93882721,0.191783,-0.00054053,0.00054163,0.00034927,-0.00019024,0.00078894,0.00000982,-0.00013204,-0.00007135,16:06:04..019,,,,
16:06:04..084,24.86969541,0.213234,-0.00051692,0.00055263,0.00034821,-0.00018924,0.00080755,0.00003416,-0.0001344,-0.00007195,16:06:04..105,,,,
16:06:04..247,25.39718739,0.213234,-0.00051627,0.00055339,0.00034844,-0.00018877,0.00080617,0.00003406,-0.00013368,-0.00007186,16:06:04..273,,,,
16:06:04..286,28.29322179,0.213234,-0.00051638,0.00055243,0.00034797,-0.00018928,0.00080746,0.00003429,-0.00013386,-0.00007204,16:06:04..273,,,,
16:06:04..320,28.99137294,0.224936,-0.00048776,0.00056271,0.00034725,-0.00018749,0.00082628,0.00006113,-0.00013626,-0.000072,16:06:04..359,,,,
16:06:04..493,29.61195174,0.224936,-0.00048733,0.00056283,0.00034766,-0.00018754,0.00082612,0.00006062,-0.00013617,-0.00007196,16:06:04..485,,,,
16:06:04..527,32.76656064,0.228486,-0.00046423,0.00057301,0.00034884,-0.0001866,0.00084513,0.00008934,-0.0001377,-0.0000709,16:06:04..528,,,,
16:06:04..669,33.34059603,0.228486,-0.00046332,0.00057341,0.00034929,-0.00018643,0.00084526,0.00008986,-0.00013752,-0.00007063,16:06:04..663,,,,
16:06:04..703,35.84876868,0.229301,-0.00044253,0.0005843,0.00034913,-0.00018537,0.00086753,0.00011367,-0.00013999,-0.0000726,16:06:04..705,,,,
16:06:04..763,36.30903129,0.228931,-0.0004425,0.00058478,0.00034966,-0.00018474,0.00086705,0.00011376,-0.00014072,-0.00007279,16:06:04..774,,,,
16:06:04..872,37.0795833,0.228931,-0.00044259,0.0005844,0.00034881,-0.00018499,0.00086726,0.0001144,-0.00014058,-0.00007268,16:06:04..864,,,,
16:06:04..905,38.53277199,0.227615,-0.00042709,0.00059137,0.00034933,-0.00018408,0.00088279,0.00013456,-0.00014221,-0.00007163,16:06:04..908,,,,
16:06:04..955,38.96717715,0.224611,-0.00042692,0.00059181,0.00034993,-0.00018384,0.00088203,0.00013472,-0.00014235,-0.00007199,16:06:05..024,,,,
16:06:05..091,39.86701641,0.224611,-0.00042669,0.00059174,0.00034962,-0.00018412,0.00088279,0.00013517,-0.00014178,-0.00007209,16:06:05..083,,,,
16:06:05..124,41.23746126,0.219989,-0.00041134,0.00059718,0.00034987,-0.00018282,0.00089446,0.00015228,-0.00014274,-0.00007219,16:06:05..129,,,,
16:06:05..207,41.60980854,0.219989,-0.00041149,0.00059724,0.00034976,-0.00018344,0.00089403,0.00015111,-0.00014335,-0.00007268,16:06:05..251,,,,
16:06:05..266,42.406218,0.219989,-0.00041126,0.00059685,0.00034968,-0.00018303,0.00089432,0.00015191,-0.00014291,-0.00007242,16:06:05..251,,,,
16:06:05..300,42.60790611,0.211608,-0.00040077,0.00060365,0.0003501,-0.0001829,0.00090417,0.00016378,-0.00014352,-0.00007232,16:06:05..340,,,,
16:06:05..433,42.8199372,0.211608,-0.00040098,0.0006043,0.00035041,-0.00018222,0.00090337,0.00016422,-0.00014367,-0.00007221,16:06:05..442,,,,
16:06:05..479,43.79217732,0.211608,-0.00040089,0.00060463,0.00035028,-0.00018278,0.00090414,0.00016418,-0.00014338,-0.00007242,16:06:05..442,,,,
16:06:05..513,44.18521056,0.207076,-0.00039471,0.00060616,0.00035057,-0.00018181,0.00091038,0.00017286,-0.00014435,-0.00007349,16:06:05..486,,,,
16:06:05..547,44.25243993,0.200333,-0.00039342,0.00060621,0.00035048,-0.00018173,0.00091099,0.00017728,-0.00014422,-0.00007224,16:06:05..611,,,,
16:06:05..676,44.40241314,0.200333,-0.00039363,0.00060539,0.00035065,-0.00018162,0.00091224,0.00017692,-0.00014428,-0.00007242,16:06:05..673,,,,
16:06:05..707,44.85750426,0.195636,-0.00039329,0.00060806,0.00035087,-0.00018193,0.00091761,0.00017867,-0.00014406,-0.00007522,16:06:05..716,,,,
16:06:05..834,45.13159323,0.195636,-0.00039322,0.0006089,0.00035112,-0.00018159,0.0009168,0.00017882,-0.00014451,-0.00007501,16:06:05..825,,,,
16:06:05..866,45.44188263,0.188953,-0.00038879,0.00061105,0.00035193,-0.00018183,0.00091995,0.00018571,-0.00014388,-0.0000733,16:06:05..869,,,,
16:06:05..991,45.39016773,0.188953,-0.00038898,0.00061107,0.00035151,-0.000182,0.00091964,0.00018522,-0.00014451,-0.00007344,16:06:05..981,,,,
16:06:06..024,45.39016773,0.180412,-0.00038755,0.00061168,0.00035225,-0.00018184,0.00092349,0.00018704,-0.00014433,-0.00007329,16:06:06..067,,,,
16:06:06..117,45.59702733,0.180412,-0.00038701,0.00061262,0.00035195,-0.00018138,0.00092234,0.00018646,-0.00014424,-0.0000735,16:06:06..111,,,,
16:06:06..149,45.53496945,0.176366,-0.00038388,0.00061144,0.00035235,-0.00018148,0.00092157,0.00018789,-0.00014355,-0.00007295,16:06:06..155,,,,
16:06:06..291,45.71080011,0.176366,-0.00038439,0.00061187,0.00035204,-0.0001818,0.00092098,0.00018758,-0.00014363,-0.00007363,16:06:06..281,,,,
16:06:06..323,45.8711163,0.171309,-0.00038282,0.00060821,0.00035213,-0.00018198,0.00092136,0.00018814,-0.00014342,-0.00007335,16:06:06..324,,,,
16:06:06..359,45.86594481,0.169729,-0.00038145,0.00060907,0.00035251,-0.0001819,0.00092029,0.00018975,-0.00014293,-0.00007183,16:06:06..368,,,,
16:06:06..424,45.6125418,0.169729,-0.00038163,0.00060878,0.00035246,-0.00018176,0.00092039,0.00019015,-0.00014269,-0.00007222,16:06:06..466,,,,
16:06:06..482,45.87628779,0.169729,-0.00038164,0.00060862,0.00035297,-0.0001823,0.00092068,0.00019,-0.00014292,-0.00007241,16:06:06..466,,,,
16:06:06..514,45.76251501,0.163871,-0.00038067,0.00060991,0.0003531,-0.00018253,0.00092188,0.00019133,-0.00014229,-0.00007168,16:06:06..554,,,,
16:06:06..647,45.90214524,0.163871,-0.0003809,0.00060997,0.0003532,-0.00018199,0.00092074,0.00019132,-0.00014288,-0.00007223,16:06:06..639,,,,
16:06:06..681,45.78320097,0.160011,-0.00038198,0.00060899,0.00035364,-0.00018117,0.00092344,0.00019631,-0.00014287,-0.00007073,16:06:06..684,,,,
16:06:06..796,45.96420312,0.160011,-0.00038242,0.00060947,0.0003542,-0.00018115,0.0009229,0.00019618,-0.00014228,-0.0000709,16:06:06..789,,,,
16:06:06..831,45.85560183,0.156673,-0.00038109,0.00061158,0.00035428,-0.00018149,0.00092391,0.00019738,-0.00014249,-0.00007065,16:06:06..832,,,,
16:06:06..947,45.87628779,0.156673,-0.00038117,0.00061155,0.00035459,-0.00018175,0.00092467,0.00019767,-0.00014217,-0.00007029,16:06:06..940,,,,
16:06:06..980,45.84008736,0.15405,-0.0003809,0.00061089,0.00035447,-0.00018113,0.00092567,0.00019648,-0.00014292,-0.00007006,16:06:06..984,,,,
16:06:07..040,45.91248822,0.153162,-0.00038123,0.00061065,0.00035471,-0.00018148,0.00092653,0.00019714,-0.00014344,-0.00007013,16:06:07..073,,,,
16:06:07..094,45.86594481,0.153162,-0.00038144,0.00061105,0.00035447,-0.00018112,0.000926,0.00019732,-0.00014278,-0.00007063,16:06:07..073,,,,
16:06:07..129,45.90731673,0.151552,-0.00038183,0.00061136,0.00035521,-0.00018109,0.0009261,0.00019891,-0.00014157,-0.00007018,16:06:07..163,,,,
16:06:07..237,45.88663077,0.151552,-0.00038177,0.0006117,0.00035524,-0.00018083,0.00092612,0.00019874,-0.00014187,-0.00007066,16:06:07..289,,,,
16:06:07..307,45.88663077,0.151552,-0.00038159,0.00061136,0.00035501,-0.00018135,0.0009268,0.00019985,-0.00014196,-0.00007011,16:06:07..289,,,,
16:06:07..340,45.96937461,0.148687,-0.00038132,0.00061293,0.00035567,-0.00018109,0.00092649,0.00019717,-0.00014269,-0.00007074,16:06:07..375,,,,
16:06:07..460,45.91765971,0.148687,-0.00038137,0.00061234,0.00035495,-0.00018162,0.00092682,0.0001965,-0.00014235,-0.00007114,16:06:07..453,,,,
16:06:07..495,45.88663077,0.148167,-0.00038246,0.00060941,0.00035449,-0.00018094,0.00092712,0.00019554,-0.00014176,-0.00007259,16:06:07..497,,,,
16:06:07..544,45.93834567,0.147034,-0.00038204,0.0006096,0.00035523,-0.00018096,0.00092676,0.00019631,-0.00014175,-0.00007209,16:06:07..584,,,,
16:06:07..599,45.80388693,0.147034,-0.0003819,0.00060959,0.00035511,-0.00018075,0.00092722,0.00019561,-0.00014176,-0.00007288,16:06:07..584,,,,
16:06:07..633,46.00557504,0.145778,-0.00038003,0.00061113,0.00035498,-0.00018139,0.00092596,0.00019781,-0.00014199,-0.0000708,16:06:07..672,,,,
16:06:07..755,45.90731673,0.145778,-0.00038017,0.00061151,0.00035542,-0.00018111,0.00092518,0.00019769,-0.00014165,-0.00007086,16:06:07..745,,,,
16:06:07..788,45.9745461,0.145393,-0.00038295,0.00060914,0.00035492,-0.00018097,0.0009285,0.0001972,-0.00014207,-0.00007163,16:06:07..789,,,,
16:06:07..830,45.97971759,0.145006,-0.00038267,0.00061022,0.00035485,-0.00018035,0.00092778,0.00019723,-0.00014195,-0.00007157,16:06:07..832,,,,
16:06:07..884,45.67977117,0.145006,-0.0003827,0.00060971,0.00035476,-0.00018048,0.00092887,0.00019782,-0.0001414,-0.00007166,16:06:07..917,,,,
16:06:07..952,45.99523206,0.145006,-0.0003833,0.00060972,0.00035498,-0.00018064,0.00092726,0.00019708,-0.00014236,-0.00007206,16:06:07..917,,,,
16:06:07..986,45.82457289,0.144572,-0.00038233,0.00060938,0.00035501,-0.00018033,0.0009272,0.00019724,-0.00014179,-0.00007204,16:06:07..958,,,,
16:06:08..060,45.94351716,0.144572,-0.00038186,0.00060929,0.00035508,-0.00018046,0.00092681,0.00019745,-0.00014175,-0.00007182,16:06:08..099,,,,
16:06:08..139,45.86594481,0.144572,-0.00038247,0.00060931,0.00035505,-0.00018034,0.00092741,0.00019745,-0.00014257,-0.00007212,16:06:08..099,,,,
16:06:08..171,45.99006057,0.14477,-0.0003806,0.00061378,0.00035604,-0.00018098,0.00092924,0.0002032,-0.00014154,-0.00006899,16:06:08..188,,,,
16:06:08..315,45.76251501,0.14477,-0.00038027,0.00061472,0.00035636,-0.00018109,0.0009286,0.00020265,-0.00014191,-0.00006894,16:06:08..307,,,,
16:06:08..348,46.06246143,0.144863,-0.00037983,0.00061417,0.00035589,-0.00018079,0.00092937,0.00019839,-0.00014183,-0.00007152,16:06:08..352,,,,
16:06:08..461,46.19692017,0.144863,-0.00037992,0.0006142,0.00035602,-0.00018074,0.00093002,0.00019921,-0.00014172,-0.00007124,16:06:08..453,,,,
16:06:08..494,46.35206487,0.144863,-0.00037916,0.00061407,0.00035624,-0.00018103,0.0009292,0.00019941,-0.00014131,-0.00007113,16:06:08..453,,,,
16:06:08..529,46.01074653,0.145327,-0.00037913,0.0006128,0.00035599,-0.00018062,0.0009281,0.00019776,-0.00014191,-0.00007169,16:06:08..572,,,,
16:06:08..669,45.79871544,0.145327,-0.00037906,0.0006119,0.00035579,-0.00018104,0.00092965,0.00019828,-0.00014135,-0.00007149,16:06:08..660,,,,
16:06:08..701,46.01591802,0.145416,-0.00037922,0.00061458,0.00035694,-0.0001802,0.00092915,0.00019916,-0.00014106,-0.00007119,16:06:08..705,,,,
16:06:08..755,45.96420312,0.145536,-0.00037921,0.00061412,0.00035654,-0.00018071,0.00092967,0.00019884,-0.00014132,-0.00007103,16:06:08..805,,,,
16:06:08..845,45.98488908,0.145536,-0.00037884,0.00061505,0.00035597,-0.00018095,0.00092891,0.00019862,-0.00014168,-0.00007137,16:06:08..805,,,,
16:06:08..879,46.04694696,0.145935,-0.00037916,0.00061315,0.00035627,-0.00018064,0.00092915,0.00020063,-0.00014145,-0.00006975,16:06:08..892,,,,
16:06:08..952,46.0779759,0.146107,-0.0003791,0.00061354,0.00035653,-0.0001803,0.00092807,0.00020027,-0.00014156,-0.00006982,16:06:08..984,,,,
16:06:09..057,45.99006057,0.146107,-0.00037926,0.00061381,0.00035645,-0.00018087,0.00092921,0.00020045,-0.00014154,-0.00007007,16:06:09..051,,,,
16:06:09..092,45.93834567,0.146425,-0.00037816,0.00061509,0.00035697,-0.00018083,0.00093026,0.0001994,-0.00014185,-0.00007083,16:06:09..097,,,,
16:06:09..216,46.14520527,0.146425,-0.00037837,0.00061542,0.00035676,-0.00018029,0.00092998,0.00020012,-0.00014186,-0.00007102,16:06:09..209,,,,
16:06:09..250,45.97971759,0.146553,-0.00037985,0.00061256,0.0003566,-0.0001808,0.00093075,0.00020021,-0.00014116,-0.0000716,16:06:09..252,,,,
16:06:09..283,46.16071974,0.146729,-0.00037828,0.00061474,0.00035715,-0.00018036,0.00092935,0.00019947,-0.00014152,-0.00007184,16:06:09..296,,,,
16:06:09..364,45.90214524,0.146729,-0.00037839,0.00061455,0.00035692,-0.00018092,0.00093092,0.00020017,-0.00014089,-0.00007064,16:06:09..387,,,,
16:06:09..401,46.17106272,0.146729,-0.00037801,0.00061485,0.00035696,-0.00018056,0.0009301,0.00019953,-0.00014111,-0.00007151,16:06:09..387,,,,
16:06:09..435,45.85560183,0.146539,-0.00037985,0.00061219,0.00035668,-0.00017999,0.00092988,0.00019928,-0.00014104,-0.00007178,16:06:09..474,,,,
16:06:09..577,46.01074653,0.146539,-0.00037999,0.00061176,0.00035645,-0.00018057,0.00093041,0.00019973,-0.00014088,-0.00007202,16:06:09..571,,,,
16:06:09..610,46.03660398,0.146269,-0.00038108,0.00061441,0.00035661,-0.00017982,0.00093228,0.00020029,-0.00014121,-0.0000722,16:06:09..614,,,,
16:06:09..738,45.88145928,0.146269,-0.00038145,0.00061398,0.00035628,-0.00018016,0.00093315,0.00020011,-0.0001413,-0.0000721,16:06:09..728,,,,
16:06:09..769,46.06763292,0.146007,-0.00038041,0.00061311,0.00035653,-0.00018018,0.00093232,0.0001998,-0.00014051,-0.00007221,16:06:09..772,,,,
16:06:09..803,46.08831888,0.145748,-0.00037942,0.00061467,0.00035722,-0.00018064,0.00093084,0.00020244,-0.00014104,-0.00007049,16:06:09..815,,,,
16:06:09..925,45.84008736,0.145748,-0.00037902,0.00061457,0.0003574,-0.00018069,0.00093211,0.00020239,-0.00014081,-0.00007016,16:06:09..915,,,,
16:06:09..957,45.84525885,0.14551,-0.00037858,0.00061639,0.0003573,-0.00018026,0.000932,0.00020055,-0.00014098,-0.0000699,16:06:09..958,,,,
16:06:10..041,46.01074653,0.14551,-0.00037874,0.00061656,0.0003574,-0.00018015,0.00093112,0.00020025,-0.00014118,-0.00007018,16:06:10..070,,,,
16:06:10..090,45.8711163,0.14551,-0.00037872,0.00061558,0.0003567,-0.0001802,0.0009319,0.00020064,-0.00014123,-0.00007042,16:06:10..070,,,,
16:06:10..124,46.00557504,0.144673,-0.00037983,0.00061653,0.00035724,-0.00017958,0.00093109,0.00020334,-0.00014076,-0.00006959,16:06:10..156,,,,
16:06:10..278,46.03143249,0.144673,-0.00037963,0.00061567,0.00035725,-0.00017994,0.00093214,0.00020309,-0.00014064,-0.0000696,16:06:10..268,,,,
16:06:10..310,46.16071974,0.143734,-0.00037992,0.0006179,0.00035841,-0.00018007,0.00093247,0.00020561,-0.00014077,-0.00006919,16:06:10..311,,,,
16:06:10..438,46.06763292,0.143734,-0.00037953,0.00061787,0.00035819,-0.00018049,0.00093295,0.00020619,-0.00014061,-0.00006894,16:06:10..430,,,,
16:06:10..473,45.88663077,0.143325,-0.00038085,0.00061555,0.00035758,-0.00017992,0.00093288,0.00020321,-0.00014101,-0.00007092,16:06:10..516,,,,
16:06:10..595,45.95386014,0.143325,-0.00038108,0.00061498,0.00035724,-0.00017963,0.00093318,0.00020329,-0.00014105,-0.0000703,16:06:10..585,,,,
16:06:10..627,46.09349037,0.143333,-0.00038167,0.0006161,0.00035783,-0.00018009,0.0009333,0.00020396,-0.00014061,-0.00006974,16:06:10..681,,,,
16:06:10..754,45.9228312,0.143333,-0.00038173,0.00061678,0.00035803,-0.00017968,0.00093272,0.00020397,-0.00014081,-0.00006973,16:06:10..746,,,,
16:06:10..786,45.86594481,0.143474,-0.0003812,0.00061702,0.00035801,-0.00017986,0.00093335,0.00020377,-0.00014132,-0.00007028,16:06:10..791,,,,
16:06:10..906,45.90214524,0.143474,-0.00038112,0.00061599,0.00035787,-0.0001802,0.00093433,0.00020319,-0.00014075,-0.00007022,16:06:10..896,,,,
16:06:10..939,45.94351716,0.144098,-0.00037909,0.00061899,0.00035818,-0.00018017,0.00093392,0.0002039,-0.00014097,-0.00006872,16:06:10..983,,,,
16:06:11..061,46.00557504,0.144098,-0.00037919,0.00061891,0.00035784,-0.00018019,0.00093343,0.00020299,-0.00014118,-0.00006829,16:06:11..052,,,,
16:06:11..093,45.8711163,0.144477,-0.00038018,0.00061508,0.00035796,-0.00017942,0.00093289,0.00019969,-0.00014062,-0.00007193,16:06:11..097,,,,
16:06:11..204,46.09866186,0.144477,-0.00038041,0.0006148,0.00035793,-0.00017944,0.0009326,0.00020039,-0.00014071,-0.00007187,16:06:11..193,,,,
16:06:11..236,46.11417633,0.144969,-0.00037963,0.00061528,0.00035793,-0.0001803,0.00093258,0.00020191,-0.00014,-0.00007083,16:06:11..237,,,,
16:06:11..296,45.94868865,0.145096,-0.00038023,0.00061573,0.00035768,-0.00017973,0.00093179,0.0002023,-0.00014009,-0.0000705,16:06:11..331,,,,
16:06:11..344,46.0779759,0.145096,-0.00037957,0.00061529,0.00035774,-0.00018006,0.00093278,0.00020248,-0.00013979,-0.00007035,16:06:11..331,,,,
16:06:11..377,46.04694696,0.145141,-0.00038082,0.00061633,0.00035822,-0.00017957,0.00093453,0.00020318,-0.00014035,-0.00007077,16:06:11..375,,,,
16:06:11..411,45.67977117,0.145236,-0.00038092,0.00061626,0.00035827,-0.00018003,0.00093364,0.00020361,-0.00014047,-0.00007056,16:06:11..375,,,,
16:06:11..479,45.96420312,0.145349,-0.00038089,0.00061596,0.00035815,-0.00018006,0.00093425,0.00020369,-0.0001404,-0.00007033,16:06:11..487,,,,
16:06:11..556,45.9228312,0.145349,-0.00038075,0.0006162,0.00035809,-0.00017969,0.00093348,0.00020378,-0.00014019,-0.00006992,16:06:11..557,,,,
16:06:11..591,46.01074653,0.145469,-0.00038192,0.00061653,0.0003584,-0.00017934,0.00093466,0.00020151,-0.00014078,-0.00007197,16:06:11..601,,,,
16:06:11..732,45.9745461,0.145469,-0.00038248,0.00061627,0.00035822,-0.00017989,0.00093472,0.00020173,-0.00014007,-0.0000721,16:06:11..724,,,,
16:06:11..765,45.77285799,0.145626,-0.00038063,0.00061376,0.00035774,-0.00017959,0.00093338,0.00019979,-0.00014111,-0.00007255,16:06:11..767,,,,
16:06:11..799,46.03660398,0.145483,-0.00037886,0.00061744,0.00035806,-0.00018031,0.00093228,0.00020103,-0.00013988,-0.00007036,16:06:11..810,,,,
16:06:11..893,45.86077332,0.145553,-0.0003786,0.00061712,0.0003579,-0.0001803,0.00093276,0.00020098,-0.00013955,-0.00007041,16:06:11..969,,,,
16:06:11..997,46.01074653,0.145596,-0.00037889,0.00061719,0.00035805,-0.00018031,0.00093217,0.00020093,-0.00014011,-0.00007059,16:06:12..014,,,,
16:06:12..053,45.98488908,0.145596,-0.00037905,0.00061749,0.00035793,-0.00018066,0.00093264,0.00020136,-0.00014068,-0.00006981,16:06:12..014,,,,
16:06:12..086,45.81422991,0.14568,-0.00037954,0.00061691,0.00035806,-0.00017967,0.00093398,0.00020211,-0.00014043,-0.00007096,16:06:12..059,,,,
16:06:12..120,45.92800269,0.145607,-0.00038221,0.0006183,0.00035857,-0.00018021,0.00093626,0.00020412,-0.00014048,-0.00007126,16:06:12..200,,,,
16:06:12..218,45.96937461,0.145595,-0.00038214,0.0006195,0.00035884,-0.00018006,0.00093606,0.00020433,-0.00014045,-0.0000709,16:06:12..244,,,,
16:06:12..270,46.09349037,0.145595,-0.00038244,0.00061897,0.0003588,-0.00017964,0.00093649,0.00020456,-0.00014032,-0.0000706,16:06:12..244,,,,
16:06:12..303,45.90731673,0.145527,-0.00038222,0.00061837,0.00035836,-0.00017979,0.00093657,0.00020343,-0.00014074,-0.00007094,16:06:12..286,,,,
16:06:12..338,45.94351716,0.145445,-0.00038145,0.00061438,0.00035739,-0.00018042,0.00093259,0.00019965,-0.0001407,-0.0000724,16:06:12..328,,,,
16:06:12..386,45.99523206,0.145188,-0.000381,0.0006138,0.00035757,-0.00017979,0.00093298,0.00019955,-0.00014015,-0.0000724,16:06:12..418,,,,
16:06:12..475,45.93317418,0.145188,-0.00038092,0.00061403,0.00035805,-0.00018024,0.00093274,0.00019968,-0.00014036,-0.00007251,16:06:12..475,,,,
16:06:12..510,45.96420312,0.14485,-0.00038322,0.00061111,0.00035791,-0.00018059,0.00093239,0.00020314,-0.00013939,-0.00006966,16:06:12..518,,,,
16:06:12..598,45.72631458,0.14485,-0.00038257,0.00061156,0.00035831,-0.00018012,0.0009315,0.00020288,-0.00014009,-0.00006973,16:06:12..640,,,,
16:06:12..654,45.87628779,0.14485,-0.00038384,0.00061041,0.00035771,-0.00018054,0.00093246,0.00020279,-0.00013958,-0.00007039,16:06:12..640,,,,
16:06:12..688,45.83491587,0.144392,-0.00038031,0.00061265,0.00035784,-0.00018018,0.00093025,0.00019913,-0.00014001,-0.00007102,16:06:12..682,,,,
16:06:12..721,45.76251501,0.144266,-0.00038239,0.00061089,0.00035729,-0.00018039,0.0009305,0.00020199,-0.00013951,-0.00007133,16:06:12..725,,,,
16:06:12..783,45.73148607,0.144266,-0.00038244,0.00061191,0.00035814,-0.00018015,0.00093027,0.00020188,-0.00013888,-0.00007077,16:06:12..816,,,,
16:06:12..831,45.80905842,0.144266,-0.0003823,0.00061104,0.00035751,-0.0001807,0.00093081,0.00020186,-0.00013934,-0.00007127,16:06:12..816,,,,
16:06:12..865,45.74182905,0.144003,-0.00038108,0.00061326,0.00035729,-0.00017979,0.00093215,0.00020006,-0.00014052,-0.00007054,16:06:12..860,,,,
16:06:12..899,45.81422991,0.143901,-0.00038139,0.00061555,0.00035838,-0.00018027,0.00093314,0.00020137,-0.00014027,-0.0000703,16:06:12..902,,,,
16:06:12..976,45.72631458,0.143901,-0.00038137,0.00061551,0.00035867,-0.0001801,0.00093225,0.00020112,-0.00014058,-0.00007026,16:06:13..014,,,,
16:06:13..028,45.77285799,0.143901,-0.00038176,0.00061519,0.0003586,-0.00017986,0.0009328,0.00020164,-0.00014013,-0.00007022,16:06:13..014,,,,
16:06:13..062,45.7676865,0.143801,-0.00038057,0.00061769,0.00035912,-0.00017982,0.00093392,0.00020632,-0.00014016,-0.00006741,16:06:13..149,,,,
16:06:13..208,45.74182905,0.143801,-0.00038067,0.00061761,0.00035934,-0.00017995,0.00093421,0.00020715,-0.00014045,-0.00006766,16:06:13..223,,,,
16:06:13..240,45.79871544,0.143801,-0.0003825,0.00061521,0.00035901,-0.0001798,0.00093463,0.00020657,-0.00014039,-0.00006751,16:06:13..223,,,,
16:06:13..274,45.84008736,0.14443,-0.00038029,0.00061555,0.00035834,-0.00018064,0.0009318,0.00020167,-0.00014004,-0.00006957,16:06:13..313,,,,
16:06:13..422,45.73148607,0.14443,-0.00037998,0.00061639,0.0003589,-0.00018019,0.0009307,0.00020167,-0.00014035,-0.00006961,16:06:13..415,,,,
16:06:13..456,45.88663077,0.144765,-0.00038171,0.00061884,0.00035988,-0.00017998,0.00093497,0.0002068,-0.0001406,-0.00006755,16:06:13..457,,,,
16:06:13..525,45.66942819,0.144705,-0.00038173,0.00061887,0.00035924,-0.00017985,0.00093545,0.00020681,-0.0001402,-0.00006752,16:06:13..565,,,,
16:06:13..612,45.77285799,0.144684,-0.00038171,0.00061898,0.00035945,-0.00018005,0.00093481,0.00020604,-0.00014007,-0.00006807,16:06:13..608,,,,
16:06:13..644,45.84008736,0.144441,-0.00038173,0.00061819,0.00035931,-0.00017994,0.00093501,0.00020563,-0.00013992,-0.00006965,16:06:13..651,,,,
16:06:13..778,45.84525885,0.144441,-0.0003817,0.0006189,0.00035949,-0.00017973,0.00093396,0.00020555,-0.00014007,-0.00006942,16:06:13..769,,,,
16:06:13..812,45.74700054,0.14409,-0.00037887,0.00062169,0.00035984,-0.00017994,0.00093506,0.00020498,-0.00014076,-0.00006921,16:06:13..816,,,,
16:06:13..950,45.57116988,0.14409,-0.00037936,0.00062139,0.00036018,-0.00017995,0.00093441,0.00020418,-0.00014065,-0.00006855,16:06:13..939,,,,
16:06:13..982,45.85560183,0.144074,-0.00038205,0.00061973,0.00035956,-0.00017986,0.00093619,0.00020733,-0.00014027,-0.00006901,16:06:14..027,,,,
16:06:14..103,45.89697375,0.144074,-0.00038157,0.00062031,0.00035939,-0.00017985,0.00093515,0.00020703,-0.00013952,-0.00006863,16:06:14..093,,,,
16:06:14..136,45.77802948,0.144111,-0.00038312,0.00062082,0.00035976,-0.00017998,0.00093717,0.00020598,-0.00014036,-0.00006919,16:06:14..137,,,,
16:06:14..196,45.7159716,0.144037,-0.00038256,0.00062126,0.00035975,-0.00017932,0.00093622,0.00020619,-0.00014052,-0.00006934,16:06:14..245,,,,
16:06:14..301,45.74700054,0.143941,-0.00038274,0.00062068,0.00035935,-0.00017986,0.00093748,0.00020611,-0.00014017,-0.00006922,16:06:14..291,,,,
16:06:14..333,45.69011415,0.143941,-0.00038271,0.00061984,0.00035972,-0.00017995,0.00093464,0.00020396,-0.00014055,-0.00006997,16:06:14..334,,,,
16:06:14..367,45.58668435,0.14376,-0.00038138,0.0006194,0.00035908,-0.00018012,0.00093526,0.00020567,-0.00014046,-0.00006942,16:06:14..376,,,,
16:06:14..496,45.69011415,0.14376,-0.00038168,0.00061995,0.00035947,-0.00017936,0.00093427,0.00020542,-0.0001402,-0.00006954,16:06:14..487,,,,
16:06:14..529,45.60737031,0.14371,-0.00038101,0.00062003,0.00035966,-0.00017974,0.000934,0.00020354,-0.00014064,-0.0000702,16:06:14..532,,,,
16:06:14..651,45.75217203,0.14371,-0.0003811,0.00062005,0.00035965,-0.00018036,0.00093494,0.00020364,-0.00014045,-0.00007005,16:06:14..641,,,,
16:06:14..683,45.66942819,0.143632,-0.0003834,0.00061714,0.00035897,-0.00018013,0.00093535,0.0002027,-0.00014031,-0.00007083,16:06:14..684,,,,
16:06:14..807,45.58151286,0.143632,-0.00038328,0.00061701,0.00035935,-0.00017975,0.00093506,0.00020281,-0.0001401,-0.00007044,16:06:14..797,,,,
16:06:14..839,45.5608269,0.143635,-0.00038134,0.00061762,0.00035961,-0.00017948,0.00093334,0.00020439,-0.00014033,-0.00006833,16:06:14..841,,,,
16:06:14..873,45.63839925,0.143691,-0.00038518,0.00061574,0.00035932,-0.00017919,0.00093491,0.00020399,-0.00014027,-0.00007073,16:06:14..887,,,,
16:06:14..982,45.72631458,0.143905,-0.00038504,0.00061583,0.00035927,-0.00017946,0.00093655,0.00020489,-0.00013966,-0.00007031,16:06:14..972,,,,
16:06:15..038,45.51428349,0.143905,-0.00038482,0.00061642,0.00035886,-0.00017941,0.00093514,0.00020478,-0.00014029,-0.00007111,16:06:15..016,,,,
16:06:15..071,45.71080011,0.144111,-0.0003819,0.00061625,0.00035896,-0.00017976,0.00093299,0.00020252,-0.00013967,-0.00007084,16:06:15..103,,,,
16:06:15..212,45.64357074,0.144111,-0.00038217,0.00061597,0.00035921,-0.00017921,0.00093273,0.00020279,-0.00013962,-0.00007031,16:06:15..203,,,,
16:06:15..245,45.58151286,0.144485,-0.0003822,0.00062072,0.00036022,-0.00017899,0.00093513,0.0002038,-0.00014044,-0.00006968,16:06:15..248,,,,
16:06:15..310,45.46256859,0.14475,-0.00038269,0.00061957,0.00035952,-0.00017969,0.00093611,0.00020329,-0.00014084,-0.0000701,16:06:15..351,,,,
16:06:15..385,45.67459968,0.14475,-0.00038275,0.00062035,0.00036021,-0.00017936,0.00093523,0.00020414,-0.00014081,-0.00006969,16:06:15..351,,,,
16:06:15..418,45.69528564,0.144819,-0.00037976,0.00061685,0.00035907,-0.0001799,0.00093158,0.00020143,-0.00014015,-0.0000697,16:06:15..392,,,,
16:06:15..452,45.62288478,0.145222,-0.00038117,0.0006139,0.00035893,-0.00017965,0.00093064,0.00020185,-0.00013959,-0.00007036,16:06:15..524,,,,
16:06:15..585,45.59185584,0.145222,-0.00038117,0.00061318,0.00035876,-0.00017957,0.00093139,0.00020185,-0.00013953,-0.00007023,16:06:15..576,,,,
16:06:15..617,45.55565541,0.145212,-0.00038346,0.00061562,0.00035931,-0.00017982,0.00093246,0.00020149,-0.00013986,-0.0000707,16:06:15..618,,,,
16:06:15..651,45.51945498,0.145127,-0.00038233,0.00061837,0.0003592,-0.00018019,0.00093428,0.00020297,-0.00014058,-0.00006944,16:06:15..618,,,,
16:06:15..737,45.56599839,0.145127,-0.00038208,0.00061891,0.00035972,-0.00017975,0.00093337,0.00020267,-0.00014051,-0.00006964,16:06:15..786,,,,
16:06:15..802,45.52979796,0.145127,-0.00038168,0.00061857,0.00035915,-0.00018032,0.00093436,0.00020288,-0.00013989,-0.00006975,16:06:15..786,,,,
16:06:15..835,45.63839925,0.145064,-0.00038193,0.00061545,0.00035939,-0.00018037,0.00093325,0.00020457,-0.00013966,-0.00006881,16:06:15..901,,,,
16:06:15..983,45.49876902,0.145064,-0.00038184,0.00061619,0.00035986,-0.00017967,0.00093282,0.00020489,-0.0001398,-0.00006871,16:06:15..975,,,,
16:06:16..016,45.63839925,0.145342,-0.00038147,0.00061824,0.00035984,-0.00018007,0.00093381,0.0002042,-0.00014008,-0.00006921,16:06:16..018,,,,
16:06:16..051,45.58668435,0.14571,-0.00038006,0.00061855,0.00036009,-0.0001798,0.00093278,0.00020193,-0.00013978,-0.00006991,16:06:16..062,,,,
16:06:16..138,45.48325455,0.14571,-0.00038019,0.0006185,0.00035963,-0.00017993,0.00093291,0.00020193,-0.00014024,-0.00007036,16:06:16..130,,,,
16:06:16..171,45.62805627,0.145828,-0.00038112,0.00061762,0.00035941,-0.00017999,0.00093327,0.00020396,-0.0001394,-0.0000692,16:06:16..174,,,,
16:06:16..204,45.46774008,0.145987,-0.00038163,0.00061537,0.00035985,-0.00018003,0.00093239,0.00020276,-0.00013968,-0.00007006,16:06:16..217,,,,
16:06:16..269,45.4573971,0.146152,-0.000382,0.0006158,0.00035933,-0.00018029,0.00093248,0.00020338,-0.00013966,-0.00007041,16:06:16..336,,,,
16:06:16..357,45.49876902,0.146152,-0.00038258,0.00061555,0.00035952,-0.00018007,0.0009323,0.00020267,-0.00013954,-0.00006994,16:06:16..336,,,,
16:06:16..394,45.43671114,0.146164,-0.00038243,0.00061436,0.00035975,-0.00017958,0.00093218,0.00019906,-0.00013964,-0.00007101,16:06:16..421,,,,
16:06:16..504,45.40051071,0.146164,-0.00038207,0.00061496,0.00035897,-0.00017939,0.0009313,0.00019948,-0.00013968,-0.00007107,16:06:16..498,,,,
16:06:16..538,45.41085369,0.145854,-0.00038104,0.00061393,0.00035891,-0.00018033,0.00092988,0.00019803,-0.00013952,-0.00007014,16:06:16..541,,,,
16:06:16..596,45.37465326,0.1458,-0.00038091,0.0006143,0.00035871,-0.00018036,0.00092921,0.0001982,-0.00013949,-0.00007033,16:06:16..645,,,,
16:06:16..677,45.27639495,0.1458,-0.00038031,0.00061463,0.00035941,-0.00018,0.00093062,0.00019839,-0.00013981,-0.00007081,16:06:16..645,,,,
16:06:16..710,45.37982475,0.145778,-0.00038262,0.00061412,0.00035894,-0.00017971,0.00093051,0.0001966,-0.00013985,-0.00007206,16:06:16..730,,,,
16:06:16..826,45.1988226,0.145778,-0.00038222,0.0006152,0.00035962,-0.00017958,0.00093077,0.00019641,-0.00013981,-0.00007188,16:06:16..817,,,,
16:06:16..858,45.39533922,0.145859,-0.00038073,0.00061344,0.00035921,-0.0001798,0.00092836,0.00020027,-0.00013937,-0.00006972,16:06:16..860,,,,
16:06:16..928,45.12125025,0.145859,-0.00038143,0.00061247,0.00035871,-0.00018055,0.00092941,0.00020041,-0.00013953,-0.00006929,16:06:16..965,,,,
16:06:17..004,45.43671114,0.145859,-0.00038169,0.00061297,0.00035896,-0.00018003,0.00092805,0.0001996,-0.00013972,-0.00006972,16:06:16..965,,,,
16:06:17..039,45.12125025,0.146062,-0.00038331,0.00061344,0.00035905,-0.0001799,0.00093003,0.00020221,-0.00013937,-0.00006939,16:06:17..010,,,,
16:06:17..073,45.39533922,0.146259,-0.00038378,0.00061502,0.00035991,-0.00018004,0.00093033,0.00020353,-0.0001394,-0.00006916,16:06:17..125,,,,
16:06:17..206,45.43671114,0.146259,-0.00038321,0.00061471,0.0003595,-0.00018021,0.00093107,0.00020335,-0.00013912,-0.00006851,16:06:17..199,,,,
16:06:17..237,45.31776687,0.146271,-0.00038043,0.00061262,0.00035897,-0.00018016,0.00092849,0.00020137,-0.0001391,-0.00006844,16:06:17..242,,,,
16:06:17..378,45.24019452,0.146271,-0.00038054,0.00061348,0.00035927,-0.00018017,0.00092771,0.00020087,-0.00013955,-0.00006878,16:06:17..370,,,,
16:06:17..410,45.23502303,0.146546,-0.00038302,0.00061449,0.00035926,-0.00018019,0.00093083,0.00019814,-0.00013922,-0.00007131,16:06:17..414,,,,
16:06:17..538,45.14193621,0.146546,-0.00038315,0.00061524,0.00035958,-0.00018036,0.00093087,0.00019889,-0.00013928,-0.00007105,16:06:17..531,,,,
16:06:17..571,45.10056429,0.146898,-0.00038236,0.00061161,0.00035892,-0.00018021,0.00092801,0.00019952,-0.00013919,-0.00006993,16:06:17..574,,,,
16:06:17..651,45.27639495,0.146943,-0.00038287,0.00061215,0.00035907,-0.00018011,0.00092758,0.00019898,-0.00013901,-0.00006975,16:06:17..691,,,,
16:06:17..752,44.45412804,0.146943,-0.00038259,0.00061219,0.00035903,-0.00018055,0.0009284,0.00019965,-0.00013889,-0.00006982,16:06:17..745,,,,
16:06:17..786,35.38333458,0.146014,-0.00038538,0.00061253,0.00035883,-0.00018023,0.00092911,0.00019541,-0.00013915,-0.00007197,16:06:17..789,,,,
16:06:17..914,25.77987765,0.146014,-0.00038544,0.00061335,0.00035947,-0.00018017,0.0009281,0.00019511,-0.00013931,-0.00007172,16:06:17..906,,,,
16:06:17..947,42.26141628,0.1372,-0.0004236,0.00059941,0.00036135,-0.00018067,0.00089425,0.00015099,-0.00013495,-0.00006459,16:06:17..952,,,,
16:06:18..079,33.91463142,0.1372,-0.00042415,0.0005993,0.00036054,-0.00018095,0.00089462,0.00015117,-0.00013504,-0.00006436,16:06:18..072,,,,
16:06:18..113,31.46851665,0.123127,-0.00045221,0.00059289,0.00036231,-0.0001821,0.00087124,0.00012423,-0.00013063,-0.0000616,16:06:18..116,,,,
16:06:18..234,30.39801822,0.123127,-0.00045284,0.00059249,0.00036286,-0.00018204,0.00087012,0.0001231,-0.00013093,-0.00006201,16:06:18..225,,,,
16:06:18..266,26.70040287,0.107731,-0.00046819,0.00058661,0.00036264,-0.00018289,0.00085816,0.00010677,-0.00012994,-0.00005875,16:06:18..269,,,,
16:06:18..308,27.02103525,0.102704,-0.00046829,0.00058569,0.00036259,-0.0001827,0.00085843,0.00010713,-0.00012976,-0.00005894,16:06:18..269,,,,
16:06:18..370,26.41597092,0.102704,-0.0004687,0.00058613,0.00036268,-0.0001827,0.00085776,0.00010666,-0.00012983,-0.0000585,16:06:18..369,,,,
16:06:18..404,25.33512951,0.092769,-0.00048147,0.00058187,0.00036315,-0.00018344,0.00084577,0.00009372,-0.00012747,-0.00005843,16:06:18..415,,,,
16:06:18..471,25.22135673,0.092769,-0.00048166,0.00058157,0.000363,-0.00018366,0.00084636,0.00009377,-0.00012797,-0.00005876,16:06:18..515,,,,
16:06:18..556,24.4611477,0.092769,-0.00048165,0.00058161,0.00036297,-0.00018383,0.00084561,0.00009361,-0.00012794,-0.00005877,16:06:18..515,,,,
16:06:18..589,23.43719268,0.074548,-0.00049676,0.00058128,0.00036332,-0.00018402,0.00083432,0.0000777,-0.0001271,-0.00005717,16:06:18..603,,,,
16:06:18..719,22.81661388,0.074548,-0.00049673,0.00058064,0.00036293,-0.00018434,0.00083497,0.00007734,-0.00012679,-0.00005735,16:06:18..709,,,,
16:06:18..751,21.23413794,0.06292,-0.00050518,0.00056916,0.00036237,-0.00018521,0.0008216,0.00006412,-0.00012516,-0.00005877,16:06:18..752,,,,
16:06:18..828,21.22896645,0.06292,-0.00050583,0.0005686,0.00036208,-0.00018516,0.00082241,0.00006435,-0.00012564,-0.00005898,16:06:18..870,,,,
16:06:18..893,20.31878421,0.06292,-0.00050586,0.00056873,0.00036224,-0.00018509,0.00082211,0.00006409,-0.00012564,-0.00005906,16:06:18..870,,,,
16:06:18..925,20.00849481,0.050463,-0.00051372,0.00057103,0.00036259,-0.00018619,0.0008138,0.00005196,-0.00012424,-0.0000587,16:06:18..956,,,,
16:06:19..054,19.67751945,0.050463,-0.00051347,0.00057046,0.00036237,-0.00018637,0.00081387,0.00005183,-0.00012423,-0.00005863,16:06:19..044,,,,
16:06:19..086,18.617364,0.043145,-0.00052743,0.00056551,0.00036245,-0.00018602,0.00080968,0.00004523,-0.00012375,-0.00005967,16:06:19..089,,,,
16:06:19..225,18.64839294,0.043145,-0.00052771,0.00056541,0.00036259,-0.00018568,0.00080886,0.00004533,-0.00012358,-0.00006037,16:06:19..215,,,,
16:06:19..258,17.82095454,0.039124,-0.00053491,0.00056594,0.0003631,-0.00018648,0.00080307,0.00004259,-0.00012291,-0.00005538,16:06:19..259,,,,
16:06:19..293,17.3244915,0.037296,-0.00053785,0.00056002,0.0003629,-0.00018541,0.00080221,0.00003871,-0.0001231,-0.000058,16:06:19..302,,,,
16:06:19..332,17.11246041,0.035609,-0.00053748,0.00056027,0.00036287,-0.00018642,0.00080185,0.00003879,-0.00012294,-0.00005793,16:06:19..375,,,,
16:06:19..421,17.26760511,0.032652,-0.000538,0.00055992,0.0003625,-0.00018601,0.00080159,0.00003863,-0.00012327,-0.00005836,16:06:19..418,,,,
16:06:19..456,16.51773906,0.031335,-0.00054449,0.00055955,0.00036279,-0.00018661,0.00079793,0.00003285,-0.00012236,-0.00005857,16:06:19..463,,,,
16:06:19..564,16.48671012,0.031335,-0.00054383,0.0005601,0.00036291,-0.00018652,0.00079651,0.00003239,-0.00012237,-0.00005875,16:06:19..555,,,,
16:06:19..596,15.81441642,0.029107,-0.00054495,0.00055874,0.00036305,-0.00018729,0.00079102,0.00002584,-0.00012222,-0.00005849,16:06:19..601,,,,
16:06:19..650,15.6696147,0.027143,-0.00054456,0.00055826,0.00036238,-0.00018745,0.00079254,0.00002586,-0.00012208,-0.0000581,16:06:19..645,,,,
16:06:19..701,15.63341427,0.027143,-0.00054489,0.00055911,0.00036282,-0.00018686,0.00079127,0.00002581,-0.00012234,-0.00005897,16:06:19..689,,,,
16:06:19..737,15.3076104,0.024516,-0.00055209,0.00055445,0.00036286,-0.00018746,0.00078929,0.00002416,-0.00012114,-0.00005757,16:06:19..783,,,,
16:06:19..846,14.88871971,0.024516,-0.00055202,0.00055461,0.00036282,-0.00018728,0.00078808,0.00002339,-0.00012175,-0.00005762,16:06:19..783,,,,
16:06:19..879,14.75426097,0.023765,-0.00055348,0.00055617,0.00036225,-0.00018788,0.00078563,0.0000158,-0.00012114,-0.00005997,16:06:19..895,,,,
16:06:19..932,14.3767422,0.023097,-0.00055331,0.00055601,0.00036286,-0.00018774,0.00078543,0.00001546,-0.00012102,-0.00006012,16:06:19..937,,,,
16:06:19..986,14.36639922,0.022455,-0.00055351,0.00055581,0.00036244,-0.00018824,0.00078549,0.00001607,-0.00012114,-0.00005994,16:06:19..982,,,,
16:06:20..021,14.0147379,0.02142,-0.00055918,0.00054954,0.00036276,-0.00018761,0.00078251,0.00001291,-0.00012083,-0.00006056,16:06:20..025,,,,
16:06:20..124,14.10265323,0.02142,-0.00055903,0.00054889,0.00036266,-0.00018734,0.00078195,0.00001275,-0.00012091,-0.00006073,16:06:20..113,,,,
16:06:20..154,13.46138847,0.020395,-0.00056303,0.00054286,0.00036222,-0.00018803,0.00077864,0.00001073,-0.00012022,-0.00006002,16:06:20..157,,,,
16:06:20..251,13.62687615,0.020395,-0.00056309,0.0005428,0.00036238,-0.00018806,0.00077842,0.00001101,-0.00012016,-0.00005991,16:06:20..241,,,,
16:06:20..283,12.9804399,0.019384,-0.00056861,0.00054783,0.00036276,-0.0001882,0.00077782,0.00000631,-0.00012047,-0.00006118,16:06:20..284,,,,
16:06:20..361,13.11489864,0.019384,-0.00056824,0.00054799,0.00036276,-0.00018807,0.00077777,0.00000669,-0.00012056,-0.00006183,16:06:20..352,,,,
16:06:20..393,12.70635093,0.018884,-0.00057084,0.00054109,0.000363,-0.00018836,0.00077427,0.00000718,-0.00011932,-0.0000603,16:06:20..395,,,,
16:06:20..496,12.54603474,0.018884,-0.00057086,0.00054125,0.00036253,-0.00018888,0.00077362,0.0000066,-0.00011972,-0.00006063,16:06:20..487,,,,
16:06:20..528,12.35468961,0.018498,-0.0005735,0.00053784,0.00036231,-0.0001888,0.00077267,0.00000187,-0.0001201,-0.0000612,16:06:20..531,,,,
16:06:20..562,12.38571855,0.018358,-0.00057655,0.00054126,0.00036264,-0.00018862,0.00077236,0.00000013,-0.00011967,-0.00006298,16:06:20..575,,,,
16:06:20..627,12.24608832,0.018146,-0.0005763,0.00054112,0.00036263,-0.00018864,0.00077381,0.00000034,-0.00011938,-0.0000626,16:06:20..659,,,,
16:06:20..682,11.82719763,0.018146,-0.00057663,0.0005414,0.00036303,-0.00018883,0.00077276,-0.00000033,-0.00011966,-0.00006247,16:06:20..659,,,,
16:06:20..715,12.04440021,0.017848,-0.00056957,0.00053284,0.00036146,-0.00019043,0.00076697,-0.00000224,-0.00011784,-0.00005946,16:06:20..747,,,,
16:06:20..790,11.66170995,0.017496,-0.00056932,0.000533,0.00036203,-0.00018988,0.0007658,-0.00000294,-0.00011859,-0.00005977,16:06:20..791,,,,
16:06:20..856,11.64619548,0.017496,-0.00056969,0.00053252,0.00036179,-0.00019026,0.00076709,-0.00000212,-0.00011828,-0.00005903,16:06:20..898,,,,
16:06:20..923,11.19627585,0.017496,-0.00056988,0.00053298,0.00036227,-0.00019038,0.00076603,-0.00000219,-0.00011818,-0.00005952,16:06:20..898,,,,
16:06:20..957,11.08767456,0.017237,-0.00057659,0.00053475,0.00036155,-0.00018983,0.00076785,-0.00001078,-0.0001193,-0.00006506,16:06:20..985,,,,
16:06:21..095,11.09801754,0.017237,-0.00057651,0.00053449,0.00036119,-0.00019012,0.00076792,-0.00001102,-0.00011851,-0.00006472,16:06:21..087,,,,
16:06:21..129,10.59638301,0.017325,-0.00058152,0.00053013,0.00036236,-0.00019074,0.00076205,-0.00000712,-0.00011771,-0.00006059,16:06:21..130,,,,
16:06:21..163,10.42572384,0.017494,-0.00058111,0.00051767,0.00036189,-0.00018949,0.00076118,-0.00000843,-0.0001174,-0.00006152,16:06:21..172,,,,
16:06:21..294,10.61706897,0.017494,-0.00058096,0.00051747,0.00036145,-0.00018995,0.000762,-0.00000839,-0.00011734,-0.00006206,16:06:21..283,,,,
16:06:21..327,10.1361204,0.017055,-0.00057671,0.00051757,0.00036108,-0.00018991,0.0007622,-0.00001591,-0.00011736,-0.00006423,16:06:21..325,,,,
16:06:21..431,10.34298,0.017055,-0.00057674,0.00051671,0.00036048,-0.00019036,0.00076262,-0.00001537,-0.00011696,-0.00006391,16:06:21..421,,,,
16:06:21..463,9.92408931,0.016947,-0.00058974,0.00053091,0.00036217,-0.00019053,0.00076372,-0.0000194,-0.00011865,-0.00006822,16:06:21..464,,,,
16:06:21..497,9.90340335,0.016798,-0.00058886,0.00052647,0.00036184,-0.00019081,0.0007624,-0.00001886,-0.00011807,-0.00006683,16:06:21..507,,,,
16:06:21..561,9.43279776,0.016798,-0.00058921,0.00052673,0.00036171,-0.00019096,0.00076182,-0.00001927,-0.00011863,-0.00006728,16:06:21..602,,,,
16:06:21..619,9.60862842,0.016798,-0.00058895,0.00052637,0.00036182,-0.00019045,0.00076237,-0.00001877,-0.00011783,-0.00006682,16:06:21..602,,,,
16:06:21..652,9.22076667,0.016816,-0.00059985,0.00052662,0.00036287,-0.00018986,0.00075845,-0.00001583,-0.00011674,-0.00006815,16:06:21..691,,,,
16:06:21..771,9.38108286,0.016816,-0.00059981,0.00052659,0.00036301,-0.00018986,0.00075873,-0.00001558,-0.00011606,-0.0000676,16:06:21..761,,,,
16:06:21..803,9.02425005,0.016914,-0.00060575,0.00052992,0.00036327,-0.00019019,0.00076189,-0.00001376,-0.00011659,-0.0000656,16:06:21..806,,,,
16:06:21..857,9.03459303,0.017052,-0.00060587,0.00053011,0.00036348,-0.00019026,0.00076162,-0.00001346,-0.00011721,-0.00006557,16:06:21..894,,,,
16:06:21..937,8.78636151,0.017052,-0.00060572,0.00052962,0.00036402,-0.00019052,0.00076272,-0.00001394,-0.00011657,-0.00006524,16:06:21..894,,,,
16:06:21..972,8.59501638,0.01698,-0.00060608,0.00052656,0.00036336,-0.00019079,0.00075815,-0.00001581,-0.00011568,-0.00006631,16:06:21..982,,,,
16:06:22..117,8.51744403,0.01698,-0.00060573,0.00052699,0.00036388,-0.00019045,0.00075723,-0.00001662,-0.00011574,-0.00006703,16:06:22..107,,,,
16:06:22..148,8.48641509,0.016921,-0.00060815,0.00053225,0.00036424,-0.00019093,0.00075732,-0.00001759,-0.00011537,-0.0000679,16:06:22..150,,,,
16:06:22..182,8.42435721,0.016887,-0.000608,0.00053065,0.00036403,-0.0001901,0.00075837,-0.00001796,-0.00011548,-0.00006754,16:06:22..150,,,,
16:06:22..288,8.26404102,0.016888,-0.00060844,0.00053114,0.00036417,-0.00019046,0.00075773,-0.00001779,-0.00011571,-0.00006832,16:06:22..320,,,,
16:06:22..374,8.13475377,0.016888,-0.00060904,0.00053033,0.00036386,-0.00019083,0.00075806,-0.00001757,-0.00011532,-0.00006797,16:06:22..366,,,,
16:06:22..409,7.94340864,0.016996,-0.00060636,0.00052857,0.00036371,-0.00019021,0.00075544,-0.00002239,-0.00011474,-0.00006895,16:06:22..411,,,,
16:06:22..545,7.90203672,0.016996,-0.00060648,0.00052846,0.00036381,-0.00019054,0.00075544,-0.00002223,-0.00011483,-0.00006968,16:06:22..537,,,,
16:06:22..579,7.8606648,0.017063,-0.00061037,0.00053462,0.00036388,-0.00019066,0.00075581,-0.00002463,-0.00011439,-0.00007096,16:06:22..580,,,,
16:06:22..719,7.6020903,0.017063,-0.00061054,0.00053553,0.00036406,-0.00019062,0.00075477,-0.00002487,-0.00011449,-0.00007104,16:06:22..710,,,,
16:06:22..752,7.62794775,0.01661,-0.0006116,0.00053706,0.00036454,-0.00019071,0.00075519,-0.00002473,-0.00011351,-0.00007113,16:06:22..753,,,,
16:06:22..787,7.50900348,0.01647,-0.00061292,0.00052761,0.00036453,-0.00019017,0.00075527,-0.00002427,-0.00011394,-0.0000712,16:06:22..796,,,,
16:06:22..893,7.52968944,0.01647,-0.0006129,0.00052809,0.00036465,-0.00018997,0.00075497,-0.00002448,-0.00011375,-0.0000718,16:06:22..886,,,,
16:06:22..925,7.30214388,0.016239,-0.00061087,0.00052769,0.00036446,-0.00019021,0.00075543,-0.00002496,-0.00011307,-0.00007153,16:06:22..930,,,,
16:06:23..066,7.42108815,0.016239,-0.0006116,0.00052828,0.00036417,-0.00018978,0.00075416,-0.00002476,-0.00011331,-0.00007202,16:06:23..056,,,,
16:06:23..099,7.28145792,0.015887,-0.00061108,0.0005419,0.00036505,-0.00019117,0.00075362,-0.00002581,-0.00011355,-0.00007216,16:06:23..171,,,,
16:06:23..232,7.26077196,0.015887,-0.00061136,0.00054123,0.00036452,-0.00019155,0.00075429,-0.00002529,-0.00011275,-0.00007149,16:06:23..225,,,,
16:06:23..264,7.19354259,0.015888,-0.0006109,0.00053984,0.00036456,-0.00019101,0.00075395,-0.00002569,-0.00011263,-0.00007182,16:06:23..268,,,,
16:06:23..391,7.07459832,0.015888,-0.00061116,0.00053997,0.0003648,-0.00019085,0.00075366,-0.00002581,-0.00011275,-0.00007204,16:06:23..380,,,,
16:06:23..423,7.0849413,0.016464,-0.00061438,0.00053122,0.00036535,-0.00019141,0.00075296,-0.00002487,-0.0001131,-0.00007151,16:06:23..476,,,,
16:06:23..531,7.11597024,0.016464,-0.0006142,0.00053071,0.00036457,-0.00019127,0.00075435,-0.00002471,-0.00011243,-0.00007119,16:06:23..524,,,,
16:06:23..563,7.07459832,0.016599,-0.00060281,0.00053176,0.0003639,-0.00019141,0.0007524,-0.00002594,-0.00011135,-0.00006922,16:06:23..567,,,,
16:06:23..598,6.95048256,0.016732,-0.0006129,0.00053227,0.00036416,-0.00019063,0.00075452,-0.00002673,-0.00011225,-0.00007296,16:06:23..611,,,,
16:06:23..694,7.06942683,0.016732,-0.00061323,0.0005318,0.00036431,-0.00019034,0.00075412,-0.00002658,-0.00011229,-0.00007271,16:06:23..686,,,,
16:06:23..726,7.05391236,0.016734,-0.00060725,0.00052953,0.00036391,-0.00019154,0.00075292,-0.00002709,-0.00011281,-0.00007067,16:06:23..732,,,,
16:06:23..862,7.0332264,0.016734,-0.00060754,0.00053041,0.00036433,-0.0001918,0.00075217,-0.00002711,-0.00011323,-0.00007058,16:06:23..855,,,,
16:06:23..894,7.09528428,0.016713,-0.00061198,0.00052798,0.00036501,-0.00019147,0.00075199,-0.00002439,-0.00011173,-0.00007089,16:06:23..900,,,,
16:06:24..008,7.1366562,0.016713,-0.00061229,0.00052799,0.00036498,-0.00019126,0.00075156,-0.00002477,-0.00011201,-0.00007076,16:06:23..999,,,,
16:06:24..040,7.11597024,0.01654,-0.00061274,0.00052856,0.00036464,-0.00019215,0.00075214,-0.00002389,-0.00011125,-0.00006961,16:06:24..042,,,,
16:06:24..181,7.01771193,0.01654,-0.00061295,0.00052961,0.00036519,-0.00019159,0.00075176,-0.00002453,-0.00011167,-0.00006994,16:06:24..172,,,,
16:06:24..213,7.0332264,0.01654,-0.00061437,0.00052561,0.00036445,-0.00019158,0.00075271,-0.00002664,-0.00011215,-0.0000724,16:06:24..172,,,,
16:06:24..248,6.94013958,0.016208,-0.00061333,0.00053148,0.0003645,-0.00019169,0.00075262,-0.00002655,-0.00011165,-0.00007163,16:06:24..259,,,,
16:06:24..371,7.06425534,0.016208,-0.00061344,0.00053118,0.00036437,-0.00019165,0.00075297,-0.00002645,-0.00011215,-0.00007152,16:06:24..363,,,,
16:06:24..405,7.04874087,0.015964,-0.00060685,0.00053069,0.00036437,-0.00019287,0.00074953,-0.0000242,-0.00011197,-0.00006756,16:06:24..409,,,,
16:06:24..444,7.07459832,0.015769,-0.00060663,0.00053025,0.00036443,-0.00019316,0.00074989,-0.00002387,-0.00011216,-0.00006704,16:06:24..453,,,,
16:06:24..507,6.97116852,0.015769,-0.00060602,0.00053101,0.00036469,-0.00019283,0.00074963,-0.00002346,-0.00011183,-0.00006704,16:06:24..505,,,,
16:06:24..541,7.17802812,0.015655,-0.00060972,0.00053437,0.00036445,-0.00019178,0.0007503,-0.00002614,-0.0001117,-0.0000701,16:06:24..547,,,,
16:06:24..654,7.12114173,0.015655,-0.00060994,0.00053352,0.00036393,-0.00019173,0.00075173,-0.00002602,-0.00011135,-0.0000703,16:06:24..644,,,,
16:06:24..686,7.15217067,0.015458,-0.00061263,0.00053587,0.00036448,-0.0001909,0.00075305,-0.00002863,-0.00011275,-0.00007334,16:06:24..686,,,,
16:06:24..720,7.05908385,0.01531,-0.00061121,0.00054372,0.00036507,-0.00019129,0.00075191,-0.00002794,-0.00011264,-0.00007254,16:06:24..730,,,,
16:06:24..854,6.96599703,0.01531,-0.00061174,0.00054254,0.00036446,-0.00019211,0.00075286,-0.00002801,-0.00011217,-0.00007295,16:06:24..843,,,,
16:06:24..888,7.06425534,0.015445,-0.00061436,0.00052984,0.00036412,-0.00019144,0.00075176,-0.00002666,-0.00011112,-0.00007139,16:06:24..966,,,,
16:06:25..028,7.09011279,0.015445,-0.00061401,0.00052955,0.00036408,-0.00019174,0.00075192,-0.00002666,-0.00011154,-0.00007153,16:06:25..028,,,,
16:06:25..062,7.11079875,0.015417,-0.00061392,0.00053301,0.00036371,-0.00019151,0.00075125,-0.00002792,-0.00011267,-0.00007329,16:06:25..073,,,,
16:06:25..191,7.17285663,0.015417,-0.00061288,0.00053241,0.00036414,-0.00019134,0.00075229,-0.00002735,-0.00011187,-0.00007331,16:06:25..184,,,,
16:06:25..225,7.21940004,0.015588,-0.00061847,0.00053408,0.00036408,-0.00019228,0.0007539,-0.00002668,-0.00011218,-0.00007266,16:06:25..226,,,,
16:06:25..343,7.00736895,0.015588,-0.00061868,0.00053506,0.00036443,-0.00019185,0.00075388,-0.00002568,-0.00011254,-0.00007277,16:06:25..333,,,,
16:06:25..375,6.9815115,0.015745,-0.00061609,0.00054672,0.00036475,-0.00019223,0.00075968,-0.00002277,-0.00011207,-0.00006959,16:06:25..367,,,,
16:06:25..409,7.09528428,0.016055,-0.00061603,0.00053445,0.00036462,-0.00019287,0.00075677,-0.000021,-0.0001116,-0.00006857,16:06:25..459,,,,
16:06:25..530,7.12114173,0.016055,-0.000616,0.0005349,0.00036444,-0.00019251,0.00075591,-0.00002122,-0.00011172,-0.00006854,16:06:25..521,,,,
16:06:25..562,7.09011279,0.016033,-0.00061316,0.00054052,0.00036459,-0.00019239,0.00075956,-0.00001852,-0.00011137,-0.00006526,16:06:25..565,,,,
16:06:25..659,7.07976981,0.016033,-0.00061297,0.00054047,0.00036436,-0.0001926,0.00076153,-0.00001823,-0.00011083,-0.0000654,16:06:25..650,,,,
16:06:25..692,6.98668299,0.016007,-0.0006274,0.00052529,0.00036481,-0.00019003,0.00078068,-0.00002457,-0.00011237,-0.0000776,16:06:25..693,,,,
16:06:25..758,7.13148471,0.016171,-0.00062723,0.00052652,0.00036546,-0.00018977,0.0007801,-0.00002466,-0.00011296,-0.000078,16:06:25..791,,,,
16:06:25..820,6.92462511,0.016107,-0.00062739,0.00052582,0.00036554,-0.00019022,0.00078105,-0.0000248,-0.00011291,-0.00007859,16:06:25..844,,,,
16:06:25..917,7.18319961,0.016107,-0.00062724,0.00052642,0.00036534,-0.00018964,0.00078126,-0.0000248,-0.00011309,-0.0000786,16:06:25..913,,,,
16:06:25..950,6.9815115,0.016292,-0.00061466,0.00053466,0.00036431,-0.0001921,0.00077276,-0.00001348,-0.00011107,-0.00006409,16:06:25..955,,,,
16:06:26..087,6.95048256,0.016292,-0.000615,0.00053482,0.00036407,-0.00019261,0.00077385,-0.00001403,-0.00011095,-0.00006386,16:06:26..080,,,,
16:06:26..122,7.15217067,0.016419,-0.00060911,0.00051782,0.00036238,-0.00018779,0.00075554,-0.00002599,-0.00011113,-0.0000741,16:06:26..122,,,,
16:06:26..221,6.94531107,0.016419,-0.00060953,0.00051854,0.00036274,-0.00018769,0.00075572,-0.00002626,-0.00011136,-0.00007497,16:06:26..212,,,,
16:06:26..254,7.12631322,0.016364,-0.00061089,0.00052033,0.00036234,-0.00018989,0.0007516,-0.00002672,-0.00011179,-0.00007365,16:06:26..254,,,,
16:06:26..288,7.02288342,0.016351,-0.00060999,0.00052079,0.00036242,-0.00018942,0.00075282,-0.00002819,-0.00011245,-0.00007465,16:06:26..298,,,,
16:06:26..348,6.93496809,0.016476,-0.00060945,0.00052143,0.00036309,-0.00018928,0.00075202,-0.00002788,-0.00011267,-0.00007465,16:06:26..376,,,,
16:06:26..434,6.97634001,0.016476,-0.00061012,0.00052073,0.00036242,-0.00019004,0.00075321,-0.0000283,-0.00011257,-0.00007449,16:06:26..424,,,,
16:06:26..467,7.07976981,0.016481,-0.0006138,0.00052294,0.00036231,-0.00019125,0.00075023,-0.0000259,-0.00011086,-0.00007289,16:06:26..468,,,,
16:06:26..562,6.95048256,0.016481,-0.00061343,0.00052289,0.00036263,-0.00019132,0.00074978,-0.00002565,-0.00011118,-0.00007318,16:06:26..603,,,,
16:06:26..643,7.11079875,0.016481,-0.00061346,0.00052252,0.0003626,-0.00019182,0.00075031,-0.00002585,-0.00011109,-0.00007259,16:06:26..603,,,,
16:06:26..678,7.06942683,0.016432,-0.00061304,0.00052033,0.00036227,-0.00019121,0.00074998,-0.00002668,-0.00011065,-0.00007363,16:06:26..648,,,,
16:06:26..711,7.06425534,0.016323,-0.000612,0.00051691,0.0003624,-0.00019051,0.00075085,-0.00002698,-0.00011137,-0.00007248,16:06:26..744,,,,
16:06:26..808,6.95565405,0.016323,-0.00061223,0.00051676,0.00036215,-0.00019039,0.00075025,-0.00002736,-0.0001114,-0.00007326,16:06:26..801,,,,
16:06:26..841,6.83670978,0.016196,-0.00060889,0.00051561,0.00036161,-0.00019002,0.00075252,-0.00002744,-0.00011242,-0.00007457,16:06:26..801,,,,
16:06:26..875,6.96599703,0.016071,-0.00060696,0.00051733,0.00036164,-0.00019002,0.00075298,-0.00002695,-0.00011202,-0.00007465,16:06:26..926,,,,
16:06:26..947,7.19354259,0.015951,-0.00060698,0.00051743,0.00036171,-0.0001897,0.00075269,-0.0000271,-0.00011178,-0.0000752,16:06:26..991,,,,
16:06:27..016,6.93496809,0.015951,-0.00060644,0.00051772,0.00036177,-0.00019006,0.00075322,-0.00002727,-0.00011181,-0.00007519,16:06:26..991,,,,
16:06:27..049,7.07976981,0.015774,-0.00060863,0.00052365,0.00036174,-0.00019057,0.00075257,-0.00002713,-0.00011159,-0.0000755,16:06:27..034,,,,
16:06:27..083,6.96599703,0.015792,-0.00060705,0.00052522,0.00036227,-0.00019056,0.00075165,-0.00002698,-0.00011184,-0.00007548,16:06:27..145,,,,
16:06:27..170,7.06942683,0.015887,-0.00060726,0.00052468,0.00036176,-0.00019096,0.0007518,-0.00002702,-0.00011208,-0.000075,16:06:27..189,,,,
16:06:27..256,7.01771193,0.015887,-0.00060712,0.00052529,0.00036195,-0.00019038,0.00075138,-0.00002708,-0.00011203,-0.00007538,16:06:27..247,,,,
16:06:27..289,7.06425534,0.015467,-0.00059986,0.00051844,0.00036105,-0.00018786,0.00075532,-0.0000264,-0.0001116,-0.00007355,16:06:27..345,,,,
16:06:27..419,6.91428213,0.015467,-0.00059951,0.00051812,0.00036188,-0.00018806,0.0007555,-0.00002659,-0.00011124,-0.00007344,16:06:27..410,,,,
16:06:27..452,7.07459832,0.015151,-0.00061101,0.0005158,0.00036077,-0.00019182,0.00075078,-0.0000284,-0.00011156,-0.00007477,16:06:27..454,,,,
16:06:27..582,6.9297966,0.015151,-0.0006111,0.00051662,0.00036143,-0.00019168,0.00075012,-0.00002861,-0.00011247,-0.00007524,16:06:27..572,,,,
16:06:27..617,6.96599703,0.015206,-0.00061865,0.00052435,0.00036207,-0.00019224,0.00075162,-0.00002806,-0.00011271,-0.00007768,16:06:27..617,,,,
16:06:27..648,7.07976981,0.015206,-0.0006188,0.00052552,0.00036186,-0.00019286,0.00075214,-0.00002816,-0.00011232,-0.00007706,16:06:27..617,,,,
16:06:27..683,6.9815115,0.015369,-0.00062005,0.0005314,0.00036203,-0.00019321,0.00075871,-0.00002402,-0.00011176,-0.00007398,16:06:27..716,,,,
16:06:27..831,7.02288342,0.015369,-0.00061962,0.00053267,0.00036243,-0.00019292,0.0007584,-0.00002435,-0.00011195,-0.00007436,16:06:27..821,,,,
16:06:27..862,6.9815115,0.015414,-0.00061849,0.00052385,0.000362,-0.0001926,0.00075163,-0.00002848,-0.00011322,-0.00007652,16:06:27..862,,,,
16:06:27..897,7.11079875,0.015526,-0.00061533,0.00051986,0.00036164,-0.00019309,0.00075134,-0.00002815,-0.00011283,-0.00007579,16:06:27..905,,,,
16:06:27..986,7.04356938,0.015526,-0.00061513,0.00052058,0.00036164,-0.00019253,0.00075105,-0.00002902,-0.00011282,-0.00007624,16:06:28..048,,,,
16:06:28..065,7.00219746,0.015526,-0.00061499,0.00052006,0.00036173,-0.00019261,0.00075172,-0.00002817,-0.00011204,-0.0000756,16:06:28..048,,,,
16:06:28..099,6.98668299,0.015414,-0.0006239,0.00051007,0.00036134,-0.00019165,0.00075295,-0.00002639,-0.00011204,-0.00007629,16:06:28..093,,,,
16:06:28..136,6.94013958,0.015413,-0.0006232,0.00051079,0.00036185,-0.00019141,0.0007526,-0.00002655,-0.00011253,-0.00007668,16:06:28..136,,,,
16:06:28..235,7.12114173,0.015141,-0.00062339,0.00051059,0.00036202,-0.00019143,0.00075267,-0.00002672,-0.0001123,-0.00007715,16:06:28..264,,,,
16:06:28..321,6.97634001,0.015141,-0.00062335,0.00051105,0.000362,-0.00019165,0.00075219,-0.00002658,-0.00011256,-0.00007686,16:06:28..318,,,,
16:06:28..355,6.97634001,0.014965,-0.00062327,0.00052512,0.00036148,-0.00019316,0.00075319,-0.00002818,-0.00011281,-0.00007702,16:06:28..362,,,,
16:06:28..536,6.94531107,0.014965,-0.00062274,0.0005253,0.00036135,-0.00019292,0.00075273,-0.00002842,-0.00011277,-0.00007705,16:06:28..526,,,,
16:06:28..570,7.04874087,0.014965,-0.00061489,0.00052107,0.00036082,-0.00019155,0.00075277,-0.00003039,-0.0001141,-0.00007806,16:06:28..526,,,,
16:06:28..604,6.88842468,0.015107,-0.00061916,0.00051019,0.00036121,-0.00019225,0.00075066,-0.00002395,-0.00011138,-0.00007424,16:06:28..617,,,,
16:06:28..746,6.99702597,0.015107,-0.00061925,0.00051105,0.00036127,-0.00019206,0.00075093,-0.00002325,-0.00011069,-0.00007419,16:06:28..735,,,,
16:06:28..777,6.86773872,0.014976,-0.00062275,0.0005451,0.00036195,-0.00019204,0.00076738,-0.00002456,-0.00011244,-0.00007676,16:06:28..779,,,,
16:06:28..897,7.15217067,0.014976,-0.00062272,0.00054533,0.00036205,-0.00019222,0.00076781,-0.00002406,-0.00011192,-0.00007626,16:06:28..886,,,,
16:06:28..930,7.09528428,0.014558,-0.00061708,0.00053194,0.0003618,-0.00019322,0.00075477,-0.00002344,-0.00011211,-0.00007456,16:06:28..931,,,,
16:06:28..969,7.15217067,0.014558,-0.00061658,0.0005325,0.000362,-0.00019326,0.0007538,-0.00002386,-0.00011217,-0.00007444,16:06:29..034,,,,
16:06:29..060,6.95048256,0.014558,-0.00061677,0.0005315,0.00036128,-0.00019409,0.00075404,-0.00002345,-0.00011252,-0.0000748,16:06:29..034,,,,
16:06:29..095,7.03839789,0.013842,-0.00061964,0.00051474,0.00036117,-0.0001901,0.00075323,-0.00002731,-0.00011143,-0.0000763,16:06:29..123,,,,
16:06:29..247,6.8780817,0.013842,-0.00061996,0.00051412,0.00036058,-0.00018994,0.00075281,-0.00002671,-0.00011159,-0.0000763,16:06:29..238,,,,
16:06:29..280,7.06425534,0.013703,-0.00062075,0.00052148,0.00036103,-0.00019313,0.00076191,-0.00001636,-0.00011095,-0.00006837,16:06:29..281,,,,
16:06:29..335,7.05391236,0.013486,-0.00062115,0.00052257,0.00036135,-0.00019342,0.00076106,-0.00001656,-0.00011107,-0.00006883,16:06:29..375,,,,
16:06:29..431,6.97116852,0.013486,-0.00062067,0.00052272,0.0003614,-0.00019337,0.00076239,-0.00001653,-0.00011128,-0.00006893,16:06:29..423,,,,
16:06:29..464,6.89359617,0.013384,-0.00062074,0.00053633,0.00036183,-0.00019279,0.00076622,-0.00002248,-0.00011194,-0.00007418,16:06:29..467,,,,
16:06:29..603,7.02288342,0.013384,-0.00062103,0.00053656,0.00036188,-0.00019305,0.00076626,-0.00002196,-0.00011189,-0.00007434,16:06:29..592,,,,
16:06:29..635,7.06942683,0.013665,-0.00062057,0.00053059,0.0003613,-0.00019237,0.00075608,-0.00002589,-0.0001124,-0.00007792,16:06:29..592,,,,
16:06:29..708,7.0332264,0.013665,-0.00061988,0.00053122,0.00036135,-0.00019171,0.00075554,-0.0000256,-0.00011259,-0.0000778,16:06:29..753,,,,
16:06:29..769,7.07459832,0.013665,-0.00061995,0.00053044,0.00036164,-0.00019261,0.00075577,-0.00002613,-0.0001123,-0.00007783,16:06:29..753,,,,
16:06:29..801,7.02805491,0.01372,-0.00062149,0.00053032,0.00036198,-0.00019216,0.00075553,-0.00002554,-0.00011274,-0.00007699,16:06:29..796,,,,
16:06:29..924,6.97634001,0.01372,-0.0006211,0.00052972,0.00036158,-0.00019162,0.00075728,-0.00002521,-0.00011231,-0.00007673,16:06:29..916,,,,
16:06:29..957,7.05908385,0.013575,-0.00061784,0.00052558,0.0003615,-0.00019012,0.00075418,-0.00002902,-0.0001127,-0.0000793,16:06:29..959,,,,
16:06:30..108,7.04874087,0.013575,-0.00061776,0.00052541,0.00036136,-0.00019,0.00075388,-0.00002931,-0.00011318,-0.00007942,16:06:30..097,,,,
16:06:30..140,7.05908385,0.013209,-0.00061876,0.00052621,0.00036148,-0.00018963,0.00075422,-0.00002987,-0.00011295,-0.00007976,16:06:30..141,,,,
16:06:30..191,6.95565405,0.013144,-0.00061875,0.00052627,0.00036109,-0.00018942,0.00075446,-0.00002943,-0.00011314,-0.0000794,16:06:30..255,,,,
16:06:30..284,7.0332264,0.013144,-0.00061871,0.00052638,0.00036153,-0.00018921,0.00075423,-0.00002909,-0.00011259,-0.00007877,16:06:30..255,,,,
16:06:30..317,7.10045577,0.012812,-0.00061549,0.00052804,0.00036167,-0.00018696,0.00075567,-0.00002918,-0.00011334,-0.00007966,16:06:30..342,,,,
16:06:30..448,7.05391236,0.012812,-0.00061575,0.00052719,0.00036082,-0.00018707,0.00075601,-0.00002914,-0.00011368,-0.00007971,16:06:30..439,,,,
16:06:30..482,7.00736895,0.01307,-0.0006187,0.00052687,0.0003612,-0.00018953,0.00075366,-0.00002922,-0.0001136,-0.0000796,16:06:30..524,,,,
16:06:30..589,6.98668299,0.01307,-0.00061899,0.00052681,0.00036135,-0.00018919,0.00075292,-0.00002913,-0.00011368,-0.00007928,16:06:30..582,,,,
16:06:30..623,7.05908385,0.013302,-0.00061598,0.00051848,0.00036077,-0.00018665,0.0007574,-0.00002697,-0.00011229,-0.00007817,16:06:30..626,,,,
16:06:30..747,7.00219746,0.013302,-0.0006157,0.00051918,0.00036097,-0.00018642,0.00075641,-0.00002779,-0.00011249,-0.00007877,16:06:30..738,,,,
16:06:30..779,7.03839789,0.01339,-0.00060245,0.00052673,0.00036237,-0.00017702,0.00076729,-0.00002372,-0.00011355,-0.00007389,16:06:30..782,,,,
16:06:30..907,6.9815115,0.01339,-0.00060192,0.00052562,0.00036207,-0.00017691,0.00076858,-0.00002361,-0.00011344,-0.00007403,16:06:30..900,,,,
16:06:30..939,7.01771193,0.013452,-0.00060747,0.00051695,0.00036267,-0.00017623,0.00076477,-0.00002457,-0.00011312,-0.00007399,16:06:30..942,,,,
16:06:31..073,7.04356938,0.013452,-0.00060699,0.00051762,0.00036269,-0.00017623,0.00076387,-0.00002446,-0.00011354,-0.00007387,16:06:31..062,,,,
16:06:31..106,6.96082554,0.013457,-0.00061091,0.0005201,0.00036178,-0.00018299,0.00075936,-0.00002816,-0.00011445,-0.00007818,16:06:31..107,,,,
16:06:31..141,6.98668299,0.013679,-0.00060928,0.0005224,0.00036118,-0.0001835,0.00075961,-0.00002761,-0.00011317,-0.00007836,16:06:31..150,,,,
16:06:31..218,7.04356938,0.013679,-0.00060951,0.00052279,0.00036159,-0.0001832,0.00075791,-0.00002744,-0.0001135,-0.00007854,16:06:31..276,,,,
16:06:31..295,7.15217067,0.013679,-0.00060936,0.00052223,0.00036112,-0.00018404,0.000759,-0.00002729,-0.00011311,-0.00007858,16:06:31..276,,,,
16:06:31..328,7.02288342,0.014149,-0.00059995,0.00048654,0.00035891,-0.0001796,0.00076374,-0.00001564,-0.00010837,-0.0000623,16:06:31..361,,,,
16:06:31..500,7.32800133,0.014149,-0.00060076,0.00048619,0.00035925,-0.00018009,0.0007639,-0.00001549,-0.0001083,-0.00006259,16:06:31..491,,,,
16:06:31..533,7.21422855,0.014956,-0.00062242,0.00048218,0.00035759,-0.00018667,0.00075505,-0.00002673,-0.00011536,-0.00007591,16:06:31..575,,,,
16:06:31..697,6.70742253,0.014956,-0.00062295,0.00048272,0.00035768,-0.00018648,0.00075411,-0.00002657,-0.00011562,-0.00007595,16:06:31..688,,,,
16:06:31..729,7.47280305,0.014909,-0.00061814,0.00047742,0.00035923,-0.00017797,0.00076091,-0.00001652,-0.00011221,-0.00006915,16:06:31..731,,,,
16:06:31..854,7.0849413,0.014909,-0.00061833,0.0004774,0.00035862,-0.00017824,0.00076045,-0.00001673,-0.00011261,-0.00006969,16:06:31..845,,,,
16:06:31..888,7.1366562,0.014833,-0.00062656,0.00047347,0.00035909,-0.00017601,0.00076717,-0.00001867,-0.0001139,-0.00007332,16:06:31..938,,,,
16:06:32..012,6.73845147,0.014833,-0.00062604,0.00047332,0.00035895,-0.00017575,0.00076784,-0.00001808,-0.00011349,-0.00007296,16:06:32..009,,,,
16:06:32..046,6.63502167,0.014785,-0.00062469,0.00048179,0.00036048,-0.00017105,0.0007734,-0.00001574,-0.00011218,-0.00007548,16:06:32..054,,,,
16:06:32..102,7.36420176,0.014792,-0.0006243,0.00048287,0.00036095,-0.00017118,0.00077278,-0.00001559,-0.0001125,-0.00007543,16:06:32..155,,,,
16:06:32..171,6.84188127,0.014792,-0.0006244,0.0004816,0.00036055,-0.00017143,0.00077278,-0.00001532,-0.00011244,-0.00007547,16:06:32..155,,,,
16:06:32..206,7.30214388,0.014679,-0.0006314,0.00050232,0.00036009,-0.0001846,0.00076803,-0.00002278,-0.00011139,-0.0000865,16:06:32..242,,,,
16:06:32..350,7.16768514,0.014679,-0.00063128,0.00050268,0.00036049,-0.00018486,0.00076806,-0.0000225,-0.00011154,-0.00008672,16:06:32..339,,,,
16:06:32..382,7.0849413,0.014544,-0.00062302,0.00050941,0.00036003,-0.00018579,0.00078355,-0.00001309,-0.00011259,-0.0000842,16:06:32..426,,,,
16:06:32..473,7.16251365,0.01457,-0.00062316,0.00050858,0.00035993,-0.00018616,0.00078402,-0.00001289,-0.00011219,-0.00008426,16:06:32..471,,,,
16:06:32..503,6.95048256,0.014585,-0.00062761,0.00050337,0.00035922,-0.00018751,0.00076726,-0.00001697,-0.00011194,-0.00008079,16:06:32..514,,,,
16:06:32..631,7.1366562,0.014669,-0.00062764,0.0005044,0.0003599,-0.00018741,0.00076635,-0.00001754,-0.00011235,-0.00008125,16:06:32..620,,,,
16:06:32..704,7.24525749,0.014669,-0.00062756,0.00050418,0.00035947,-0.00018783,0.00076761,-0.00001752,-0.00011186,-0.00008173,16:06:32..665,,,,
16:06:32..737,6.90911064,0.014671,-0.00060175,0.00050629,0.00035908,-0.0001805,0.00076548,-0.00001927,-0.00011179,-0.0000759,16:06:32..710,,,,
16:06:32..820,7.31248686,0.014671,-0.00060233,0.00050527,0.00035877,-0.00018121,0.00076583,-0.00001904,-0.00011194,-0.00007552,16:06:32..892,,,,
16:06:32..909,6.2575029,0.014671,-0.00060271,0.00050548,0.00035953,-0.00018065,0.00076563,-0.00001904,-0.00011186,-0.00007544,16:06:32..892,,,,
16:06:32..943,7.47280305,0.015172,-0.00063046,0.00049171,0.00035696,-0.00018996,0.00075504,-0.00002708,-0.00011428,-0.00008197,16:06:32..981,,,,
16:06:33..102,6.722937,0.015172,-0.00063114,0.00049096,0.00035705,-0.00019026,0.00075551,-0.00002706,-0.00011449,-0.00008298,16:06:33..093,,,,
16:06:33..135,6.90911064,0.015368,-0.00063199,0.00048674,0.00035882,-0.0001797,0.0007683,-0.00001674,-0.00010986,-0.00008361,16:06:33..136,,,,
16:06:33..231,6.8780817,0.015368,-0.00063214,0.00048722,0.0003593,-0.00017932,0.00076747,-0.00001664,-0.00011022,-0.00008382,16:06:33..258,,,,
16:06:33..273,6.73327998,0.015368,-0.00063232,0.00048744,0.00035924,-0.0001792,0.00076818,-0.00001678,-0.00011009,-0.0000838,16:06:33..258,,,,
16:06:33..307,7.29697239,0.015712,-0.00063894,0.00048845,0.00035853,-0.00018699,0.00077723,-0.00001425,-0.00011472,-0.00008546,16:06:33..345,,,,
16:06:33..437,7.06425534,0.015712,-0.00063958,0.0004883,0.00035836,-0.00018709,0.00077711,-0.0000145,-0.00011507,-0.00008542,16:06:33..428,,,,
16:06:33..471,7.0849413,0.015622,-0.00063189,0.00047298,0.00035863,-0.00017462,0.00077564,0.00001437,-0.00010563,-0.0000656,16:06:33..515,,,,
16:06:33..611,6.71776551,0.015622,-0.00063181,0.0004731,0.00035883,-0.00017514,0.00077569,0.00001472,-0.00010554,-0.00006568,16:06:33..601,,,,
16:06:33..642,7.32282984,0.015615,-0.00062917,0.00046982,0.00035719,-0.00018045,0.00075998,-0.00002137,-0.0001103,-0.00007192,16:06:33..647,,,,
16:06:33..676,6.9815115,0.015747,-0.00062585,0.00046954,0.00035774,-0.00017946,0.00076538,-0.00001438,-0.00011386,-0.00007117,16:06:33..725,,,,
16:06:33..789,7.00736895,0.015747,-0.00062497,0.00047032,0.00035799,-0.0001787,0.00076513,-0.00001351,-0.00011384,-0.00007062,16:06:33..725,,,,
16:06:33..823,7.27111494,0.015787,-0.00062576,0.00047919,0.00035961,-0.00017559,0.00076695,-0.00001304,-0.00010962,-0.00007523,16:06:33..792,,,,
16:06:33..898,6.7746519,0.015787,-0.00062537,0.00048011,0.00035962,-0.00017529,0.000766,-0.00001379,-0.00011046,-0.00007552,16:06:33..925,,,,
16:06:33..939,7.27628643,0.015787,-0.00062507,0.0004795,0.0003594,-0.00017579,0.00076605,-0.00001407,-0.00011045,-0.00007492,16:06:33..925,,,,
16:06:33..974,7.05391236,0.015488,-0.00062503,0.00047612,0.00036119,-0.00016325,0.00079472,0.00000339,-0.00010912,-0.00006918,16:06:34..015,,,,
16:06:34..097,6.88325319,0.015488,-0.00062496,0.00047656,0.00036154,-0.00016288,0.00079369,0.00000328,-0.00010969,-0.00006906,16:06:34..089,,,,
16:06:34..130,6.74362296,0.01519,-0.00062607,0.00047216,0.0003602,-0.00016748,0.00077776,-0.00000144,-0.00010969,-0.00006578,16:06:34..134,,,,
16:06:34..231,7.17285663,0.01519,-0.00062654,0.00047119,0.00035975,-0.00016824,0.00077932,-0.00000181,-0.0001098,-0.00006584,16:06:34..222,,,,
16:06:34..263,6.94531107,0.015038,-0.00062834,0.00048134,0.0003595,-0.00017612,0.00077087,-0.00001272,-0.00011371,-0.00007571,16:06:34..265,,,,
16:06:34..304,6.78499488,0.014921,-0.0006278,0.00048194,0.00035957,-0.00017596,0.00077018,-0.00001245,-0.00011349,-0.00007489,16:06:34..364,,,,
16:06:34..382,7.27628643,0.014921,-0.00062695,0.00048111,0.00035966,-0.00017634,0.00077123,-0.00001185,-0.00011297,-0.000075,16:06:34..364,,,,
16:06:34..414,6.97116852,0.014646,-0.00062618,0.00048188,0.00035984,-0.0001763,0.00076796,-0.00000439,-0.00010835,-0.00007188,16:06:34..484,,,,
16:06:34..542,7.12631322,0.014646,-0.00062639,0.00048127,0.00035938,-0.00017633,0.00076898,-0.00000448,-0.00010861,-0.00007148,16:06:34..533,,,,
16:06:34..574,7.10045577,0.014478,-0.00063088,0.00047657,0.00035929,-0.00017748,0.00076899,-0.00001143,-0.00011113,-0.00007655,16:06:34..577,,,,
16:06:34..701,7.22974302,0.014478,-0.00063081,0.00047665,0.00035916,-0.0001775,0.00076906,-0.000012,-0.00011156,-0.00007675,16:06:34..692,,,,
16:06:34..732,7.31248686,0.014413,-0.00062764,0.00047142,0.00035803,-0.00017711,0.00076602,-0.00000739,-0.0001081,-0.00006988,16:06:34..735,,,,
16:06:34..766,6.96082554,0.014518,-0.00062579,0.00047401,0.00035927,-0.00017531,0.00076848,-0.00001233,-0.00011026,-0.00007119,16:06:34..779,,,,
16:06:34..866,6.85222425,0.014518,-0.00062589,0.00047439,0.00035925,-0.000175,0.00076809,-0.00001222,-0.0001108,-0.00007104,16:06:34..856,,,,
16:06:34..899,6.73845147,0.014609,-0.00062823,0.00047257,0.0003581,-0.00018143,0.00076281,-0.00001778,-0.00011332,-0.00007621,16:06:34..900,,,,
16:06:34..933,7.13148471,0.014644,-0.00062803,0.00047967,0.00035865,-0.00018048,0.00076101,-0.00002383,-0.00011256,-0.00007776,16:06:34..943,,,,
16:06:35..044,7.22457153,0.014644,-0.00062793,0.00048024,0.00035905,-0.00018003,0.00076109,-0.00002374,-0.00011318,-0.00007757,16:06:35..034,,,,
16:06:35..076,7.22457153,0.014539,-0.000627,0.00048247,0.00036004,-0.00017704,0.00076966,-0.00001538,-0.00011,-0.00007721,16:06:35..077,,,,
16:06:35..190,6.88842468,0.014539,-0.00062715,0.00048227,0.00035984,-0.0001764,0.00076964,-0.00001478,-0.00011029,-0.00007683,16:06:35..180,,,,
16:06:35..221,6.88842468,0.014411,-0.00063069,0.00048018,0.00035932,-0.00018142,0.00076168,-0.00001939,-0.00011207,-0.00007978,16:06:35..224,,,,
16:06:35..296,7.40557368,0.014411,-0.00063117,0.00047991,0.00035877,-0.00018185,0.00076263,-0.00001962,-0.000112,-0.00007927,16:06:35..321,,,,
16:06:35..361,6.91428213,0.014411,-0.00063091,0.0004803,0.00035949,-0.00018157,0.00076144,-0.00001987,-0.00011222,-0.00007933,16:06:35..321,,,,
16:06:35..396,6.86256723,0.014242,-0.00062193,0.00048545,0.00035947,-0.000181,0.00076173,-0.00002561,-0.00011488,-0.00007705,16:06:35..412,,,,
16:06:35..531,6.73327998,0.014547,-0.00062159,0.00048445,0.00035867,-0.00018149,0.00076251,-0.00002516,-0.00011426,-0.00007698,16:06:35..520,,,,
16:06:35..579,7.27111494,0.014547,-0.00062166,0.0004853,0.00035933,-0.00018076,0.00076202,-0.00002497,-0.00011474,-0.00007694,16:06:35..564,,,,
16:06:35..612,6.89359617,0.014951,-0.00062896,0.00047979,0.00035862,-0.00018362,0.00076026,-0.00002195,-0.0001125,-0.00007836,16:06:35..652,,,,
16:06:35..749,7.17802812,0.014951,-0.00062898,0.00048064,0.00035854,-0.00018346,0.00076002,-0.00002178,-0.00011299,-0.00007833,16:06:35..740,,,,
16:06:35..783,6.86773872,0.0155,-0.00063082,0.00048078,0.00035828,-0.0001871,0.00075483,-0.00002875,-0.00011431,-0.00008034,16:06:35..826,,,,
16:06:35..901,6.63502167,0.0155,-0.00063136,0.00048102,0.00035792,-0.00018699,0.000755,-0.00002839,-0.00011448,-0.0000808,16:06:35..826,,,,
16:06:35..935,6.68156508,0.015821,-0.00063007,0.00047901,0.00035865,-0.00018433,0.00076111,-0.00002092,-0.00011346,-0.00007898,16:06:35..948,,,,
16:06:36..064,6.89876766,0.015821,-0.00063038,0.0004795,0.0003583,-0.00018426,0.00076051,-0.00002141,-0.00011326,-0.00007903,16:06:36..055,,,,
16:06:36..097,7.11079875,0.016191,-0.00063672,0.00047793,0.00035809,-0.00018593,0.00076149,-0.00002007,-0.00011209,-0.00008228,16:06:36..055,,,,
16:06:36..131,7.15217067,0.016296,-0.0006351,0.00047729,0.00035758,-0.00018638,0.00075947,-0.00002107,-0.00011306,-0.00008167,16:06:36..165,,,,
16:06:36..222,7.06942683,0.016296,-0.00063474,0.00047804,0.0003578,-0.00018582,0.00075853,-0.0000215,-0.00011297,-0.00008155,16:06:36..211,,,,
16:06:36..254,7.06425534,0.016314,-0.00063235,0.00047781,0.00035857,-0.00018248,0.00076165,-0.0000215,-0.00011278,-0.00008027,16:06:36..332,,,,
16:06:36..388,7.09011279,0.016314,-0.0006325,0.00047848,0.00035882,-0.00018194,0.0007604,-0.00002208,-0.00011338,-0.0000805,16:06:36..377,,,,
16:06:36..420,7.00219746,0.016319,-0.0006339,0.00047524,0.00035833,-0.000183,0.00076232,-0.00001987,-0.00011246,-0.00007974,16:06:36..422,,,,
16:06:36..552,6.99185448,0.016319,-0.00063387,0.00047484,0.00035791,-0.00018293,0.00076242,-0.00001966,-0.00011217,-0.00007974,16:06:36..542,,,,
16:06:36..586,7.35903027,0.016058,-0.0006306,0.00047511,0.00035875,-0.00018008,0.00076451,-0.00001944,-0.00011278,-0.00007806,16:06:36..587,,,,
16:06:36..618,7.01254044,0.015774,-0.00063055,0.00047539,0.0003584,-0.00018005,0.00076358,-0.00001966,-0.00011268,-0.00007775,16:06:36..629,,,,
16:06:36..684,6.9297966,0.015774,-0.00063022,0.00047451,0.00035862,-0.00018023,0.00076485,-0.00001937,-0.00011229,-0.0000776,16:06:36..710,,,,
16:06:36..724,7.07459832,0.015774,-0.00063034,0.00047525,0.00035907,-0.00018,0.00076346,-0.00001952,-0.00011252,-0.00007809,16:06:36..710,,,,
16:06:36..757,6.8263668,0.01529,-0.0006328,0.00047009,0.00035806,-0.0001808,0.00076482,-0.00001885,-0.00011288,-0.00007724,16:06:36..834,,,,
16:06:36..916,6.90393915,0.01529,-0.00063263,0.00047057,0.00035842,-0.0001805,0.00076454,-0.000019,-0.0001136,-0.00007781,16:06:36..906,,,,
16:06:36..949,7.11597024,0.015056,-0.00062986,0.00047427,0.00035819,-0.0001801,0.00076471,-0.00001688,-0.00011261,-0.00007581,16:06:36..990,,,,
16:06:37..051,7.07976981,0.015056,-0.0006299,0.00047428,0.00035874,-0.00017927,0.00076448,-0.00001733,-0.00011261,-0.00007595,16:06:37..044,,,,
16:06:37..086,7.20905706,0.014937,-0.00063192,0.00047427,0.00035801,-0.00018131,0.00076338,-0.00001813,-0.00011176,-0.00007816,16:06:37..149,,,,
16:06:37..209,6.95565405,0.014937,-0.0006324,0.00047422,0.00035814,-0.00018157,0.00076365,-0.00001809,-0.00011166,-0.00007766,16:06:37..202,,,,
16:06:37..242,6.81602382,0.014829,-0.0006283,0.00047316,0.00035878,-0.00017889,0.00076526,-0.00001703,-0.00011279,-0.00007477,16:06:37..245,,,,
16:06:37..333,6.9297966,0.014829,-0.00062823,0.00047216,0.00035811,-0.00017884,0.00076643,-0.00001669,-0.00011263,-0.00007492,16:06:37..326,,,,
16:06:37..368,6.76430892,0.014776,-0.00062671,0.0004764,0.00035992,-0.00017267,0.00077336,-0.00001631,-0.00011296,-0.00007313,16:06:37..370,,,,
16:06:37..480,7.0849413,0.014776,-0.00062677,0.0004763,0.00035982,-0.00017258,0.00077454,-0.00001608,-0.00011288,-0.000073,16:06:37..469,,,,
16:06:37..513,7.12631322,0.014738,-0.00062994,0.00047154,0.0003597,-0.00017369,0.00077345,-0.00001189,-0.00011243,-0.0000736,16:06:37..514,,,,
16:06:37..625,7.19871408,0.014738,-0.00063006,0.00047256,0.00035964,-0.00017352,0.00077214,-0.00001235,-0.00011234,-0.00007362,16:06:37..616,,,,
16:06:37..661,7.12631322,0.015023,-0.00062637,0.00047117,0.00035898,-0.00017506,0.00077098,-0.00001159,-0.00011231,-0.00007224,16:06:37..719,,,,
16:06:37..776,7.12114173,0.015023,-0.0006265,0.00047051,0.000359,-0.00017475,0.00077182,-0.00001144,-0.00011232,-0.00007204,16:06:37..773,,,,
16:06:37..811,6.95048256,0.015093,-0.00063258,0.0004712,0.00035818,-0.0001799,0.00076412,-0.00001764,-0.00011324,-0.00007737,16:06:37..816,,,,
16:06:37..998,6.91945362,0.015093,-0.00063277,0.0004718,0.00035864,-0.00017957,0.00076378,-0.00001756,-0.00011321,-0.00007696,16:06:37..987,,,,
16:06:38..030,7.30214388,0.015089,-0.0006309,0.0004695,0.00035815,-0.00017925,0.00076428,-0.00001363,-0.00011134,-0.00007376,16:06:38..032,,,,
16:06:38..166,6.96082554,0.015089,-0.00063077,0.0004691,0.00035776,-0.00017931,0.00076451,-0.00001351,-0.00011188,-0.00007342,16:06:38..158,,,,
16:06:38..200,7.02805491,0.015159,-0.00063946,0.0004667,0.00035662,-0.00018478,0.00076653,-0.0000012,-0.0001104,-0.00007391,16:06:38..205,,,,
16:06:38..238,7.23491451,0.01516,-0.00063925,0.00046642,0.00035685,-0.00018494,0.00076704,-0.00000124,-0.00011018,-0.00007357,16:06:38..292,,,,
16:06:38..340,6.81602382,0.01519,-0.00063917,0.00046619,0.00035671,-0.00018463,0.00076673,-0.00000096,-0.00011069,-0.00007384,16:06:38..336,,,,
16:06:38..375,6.95565405,0.015178,-0.00063737,0.00047054,0.00035777,-0.00018321,0.00076282,-0.00002228,-0.00011441,-0.00008134,16:06:38..380,,,,
16:06:38..512,6.93496809,0.015178,-0.00063767,0.00047026,0.00035718,-0.00018404,0.00076337,-0.00002205,-0.00011417,-0.00008109,16:06:38..503,,,,
16:06:38..545,7.09528428,0.014941,-0.00063651,0.00048353,0.00035891,-0.00018119,0.00076872,-0.00002747,-0.00011535,-0.00008689,16:06:38..547,,,,
16:06:38..607,6.8263668,0.014941,-0.00063639,0.00048384,0.00035895,-0.00018149,0.000768,-0.00002766,-0.00011515,-0.00008751,16:06:38..674,,,,
16:06:38..696,7.4986605,0.014941,-0.00063651,0.0004838,0.00035897,-0.00018138,0.00076823,-0.00002736,-0.00011548,-0.00008757,16:06:38..674,,,,
16:06:38..727,7.1366562,0.014597,-0.00062809,0.00048333,0.00035925,-0.00017744,0.00077407,-0.00001651,-0.00011203,-0.00008062,16:06:38..759,,,,
16:06:38..873,7.28662941,0.014597,-0.00062822,0.00048332,0.00035931,-0.00017687,0.00077287,-0.00001707,-0.00011227,-0.00008152,16:06:38..864,,,,
16:06:38..907,6.89876766,0.014734,-0.00063521,0.00047221,0.00035735,-0.00018395,0.00076441,-0.00001591,-0.00011235,-0.0000795,16:06:38..906,,,,
16:06:39..006,7.14182769,0.014734,-0.00063537,0.00047173,0.00035727,-0.00018404,0.0007642,-0.00001608,-0.00011301,-0.00007918,16:06:38..998,,,,
16:06:39..038,6.6712221,0.014899,-0.00063202,0.00046958,0.00035763,-0.00018027,0.00076842,-0.00000902,-0.0001122,-0.0000755,16:06:39..040,,,,
16:06:39..161,7.06942683,0.015091,-0.00063219,0.00046967,0.00035753,-0.00018015,0.00076908,-0.00000897,-0.00011214,-0.00007522,16:06:39..150,,,,
16:06:39..225,6.95565405,0.015091,-0.00063237,0.00046922,0.00035771,-0.00018003,0.00076855,-0.00000878,-0.00011222,-0.00007591,16:06:39..194,,,,
16:06:39..259,7.35903027,0.015235,-0.00063301,0.00047515,0.00035723,-0.00018419,0.00076436,-0.00001679,-0.00011129,-0.00008033,16:06:39..281,,,,
16:06:39..384,6.91428213,0.015235,-0.00063293,0.00047565,0.00035755,-0.00018355,0.00076392,-0.00001674,-0.00011155,-0.00008001,16:06:39..376,,,,
16:06:39..418,6.73845147,0.015244,-0.00063599,0.00047428,0.00035663,-0.00018786,0.00075885,-0.00001892,-0.00011343,-0.00007901,16:06:39..421,,,,
16:06:39..452,7.0849413,0.015356,-0.00063774,0.00047391,0.00035672,-0.00018865,0.00075936,-0.00001927,-0.000113,-0.00008075,16:06:39..466,,,,
16:06:39..539,7.27111494,0.015637,-0.00063782,0.00047476,0.00035682,-0.0001885,0.00075822,-0.00001946,-0.00011294,-0.00008084,16:06:39..587,,,,
16:06:39..639,7.16251365,0.015637,-0.00063814,0.00047386,0.00035673,-0.00018916,0.00075919,-0.00001974,-0.00011259,-0.00008109,16:06:39..632,,,,
16:06:39..673,7.03839789,0.015619,-0.0006283,0.00047851,0.00035698,-0.00018668,0.00075616,-0.00002085,-0.00011203,-0.000078,16:06:39..674,,,,
16:06:39..808,7.09011279,0.015619,-0.00062813,0.00047874,0.00035747,-0.00018687,0.00075638,-0.00002072,-0.00011156,-0.00007802,16:06:39..799,,,,
16:06:39..843,7.16768514,0.015403,-0.00062594,0.00047769,0.00035761,-0.00018453,0.00075994,-0.00001905,-0.00011242,-0.00007642,16:06:39..887,,,,
16:06:39..966,7.12114173,0.015403,-0.00062611,0.0004785,0.0003575,-0.00018433,0.00075916,-0.00001957,-0.00011237,-0.00007662,16:06:39..957,,,,
16:06:39..998,7.00736895,0.01484,-0.0006284,0.00047465,0.00035749,-0.00018264,0.00076302,-0.00001621,-0.00011146,-0.00007501,16:06:40..001,,,,
16:06:40..065,6.96082554,0.01484,-0.00062821,0.00047518,0.0003576,-0.00018195,0.00076157,-0.0000166,-0.00011158,-0.00007479,16:06:40..105,,,,
16:06:40..120,7.0849413,0.01484,-0.00062769,0.00047515,0.00035744,-0.00018201,0.00076226,-0.00001612,-0.00011164,-0.00007505,16:06:40..105,,,,
16:06:40..154,6.90393915,0.014516,-0.00062794,0.00047589,0.0003577,-0.0001825,0.00076189,-0.00001647,-0.00011085,-0.00007564,16:06:40..192,,,,
16:06:40..280,6.82119531,0.014516,-0.00062782,0.00047571,0.00035763,-0.00018269,0.00076185,-0.0000167,-0.00011102,-0.00007539,16:06:40..270,,,,
16:06:40..312,6.77982339,0.014481,-0.00062998,0.00047457,0.00035655,-0.00018738,0.00075686,-0.00002095,-0.00011198,-0.00007822,16:06:40..314,,,,
16:06:40..347,7.0332264,0.014483,-0.00062913,0.00047564,0.00035713,-0.00018694,0.00075712,-0.00002143,-0.00011285,-0.00007847,16:06:40..357,,,,
16:06:40..408,7.32800133,0.01447,-0.00062935,0.00047596,0.00035657,-0.00018685,0.00075624,-0.00002201,-0.00011319,-0.00007867,16:06:40..445,,,,
16:06:40..461,6.90911064,0.01447,-0.00062884,0.00047504,0.00035646,-0.00018697,0.00075717,-0.00002131,-0.00011326,-0.00007881,16:06:40..445,,,,
16:06:40..495,7.05391236,0.014542,-0.00063407,0.00047429,0.00035584,-0.00019152,0.00075048,-0.00002265,-0.00011352,-0.00007809,16:06:40..532,,,,
16:06:40..604,6.89359617,0.014542,-0.00063445,0.00047398,0.00035549,-0.00019262,0.00075124,-0.00002248,-0.00011362,-0.00007802,16:06:40..593,,,,
16:06:40..637,7.0332264,0.014719,-0.0006324,0.00047445,0.00035574,-0.00019035,0.00075376,-0.00002254,-0.00011287,-0.00007921,16:06:40..638,,,,
16:06:40..743,6.87291021,0.014719,-0.00063231,0.00047433,0.00035617,-0.00019004,0.00075298,-0.00002277,-0.00011285,-0.00007946,16:06:40..732,,,,
16:06:40..775,7.07976981,0.014848,-0.00063502,0.00047738,0.00035607,-0.00019141,0.00075275,-0.00002192,-0.00011231,-0.00007888,16:06:40..776,,,,
16:06:40..823,6.89359617,0.014919,-0.00063505,0.00047721,0.00035597,-0.00019118,0.00075257,-0.00002195,-0.00011236,-0.0000792,16:06:40..897,,,,
16:06:40..924,7.13148471,0.014919,-0.00063473,0.00047754,0.0003561,-0.00019113,0.00075258,-0.00002155,-0.00011277,-0.00007955,16:06:40..897,,,,
16:06:40..959,6.91945362,0.015123,-0.00063287,0.00048421,0.00035632,-0.00019536,0.00074856,-0.00001982,-0.00011157,-0.00007809,16:06:40..984,,,,
16:06:41..075,7.06425534,0.015123,-0.00063288,0.00048345,0.00035602,-0.00019544,0.00074952,-0.00001928,-0.00011213,-0.00007801,16:06:41..065,,,,
16:06:41..107,7.15734216,0.015227,-0.00063291,0.0004858,0.00035672,-0.00019473,0.00074957,-0.00001711,-0.0001117,-0.0000754,16:06:41..108,,,,
16:06:41..151,7.06942683,0.01531,-0.00063344,0.00048484,0.00035619,-0.00019533,0.00075039,-0.00001687,-0.00011066,-0.0000756,16:06:41..191,,,,
16:06:41..232,6.96599703,0.01531,-0.00063337,0.00048576,0.00035666,-0.00019442,0.00074993,-0.00001675,-0.00011146,-0.00007588,16:06:41..191,,,,
16:06:41..266,7.01254044,0.015393,-0.00063601,0.00048537,0.00035648,-0.00019656,0.00075089,-0.00001562,-0.00011251,-0.00007481,16:06:41..235,,,,
16:06:41..299,6.84705276,0.015379,-0.00063476,0.00048553,0.00035647,-0.00019691,0.00075027,-0.00001436,-0.00011223,-0.00007436,16:06:41..351,,,,
16:06:41..412,7.09011279,0.015379,-0.00063463,0.00048612,0.00035691,-0.00019686,0.00075005,-0.00001465,-0.000113,-0.00007394,16:06:41..404,,,,
16:06:41..444,7.09528428,0.015407,-0.00063393,0.00048884,0.00035668,-0.00019658,0.00075484,-0.00001355,-0.00011257,-0.00007303,16:06:41..448,,,,
16:06:41..489,7.01254044,0.015542,-0.0006343,0.00048926,0.00035698,-0.00019671,0.00075348,-0.00001408,-0.00011207,-0.00007294,16:06:41..534,,,,
16:06:41..554,6.98668299,0.015542,-0.00063424,0.00048888,0.00035669,-0.00019705,0.00075513,-0.00001405,-0.00011176,-0.00007272,16:06:41..534,,,,
16:06:41..588,7.18319961,0.015644,-0.00063397,0.00049099,0.00035725,-0.0001974,0.00076025,-0.00001184,-0.00011319,-0.00007015,16:06:41..621,,,,
16:06:41..710,7.00736895,0.015644,-0.0006345,0.00049039,0.00035651,-0.00019804,0.00076095,-0.00001179,-0.0001129,-0.00007042,16:06:41..700,,,,
16:06:41..741,6.96082554,0.015789,-0.00063587,0.00048762,0.00035661,-0.00019726,0.00075352,-0.00001594,-0.00011263,-0.00007332,16:06:41..746,,,,
16:06:41..775,6.84188127,0.015873,-0.0006358,0.00048696,0.00035618,-0.00019768,0.00075312,-0.00001501,-0.00011301,-0.00007274,16:06:41..828,,,,
16:06:41..904,7.09528428,0.015873,-0.00063555,0.00048735,0.00035696,-0.00019673,0.00075269,-0.00001466,-0.00011306,-0.0000731,16:06:41..897,,,,
16:06:41..938,6.88325319,0.015775,-0.00063504,0.00048626,0.00035667,-0.00019723,0.00074895,-0.0000195,-0.00011254,-0.00007605,16:06:41..941,,,,
16:06:42..052,7.01254044,0.015775,-0.0006358,0.00048696,0.00035669,-0.00019632,0.00074822,-0.00001965,-0.00011269,-0.00007615,16:06:42..041,,,,
16:06:42..085,7.06942683,0.01564,-0.00063502,0.00048509,0.00035626,-0.00019645,0.00074716,-0.00002121,-0.00011298,-0.00007671,16:06:42..086,,,,
16:06:42..135,7.14182769,0.015604,-0.00063509,0.0004856,0.00035629,-0.00019615,0.00074647,-0.00002184,-0.00011291,-0.00007696,16:06:42..174,,,,
16:06:42..236,6.95048256,0.015604,-0.00063517,0.00048504,0.00035582,-0.0001967,0.0007473,-0.0000218,-0.00011334,-0.00007708,16:06:42..227,,,,
16:06:42..269,6.98668299,0.015593,-0.0006353,0.0004871,0.00035672,-0.00019562,0.00074839,-0.00002932,-0.00011514,-0.00008203,16:06:42..270,,,,
16:06:42..350,7.0849413,0.015593,-0.00063558,0.00048787,0.00035656,-0.00019561,0.00074804,-0.00002989,-0.0001157,-0.00008252,16:06:42..404,,,,
16:06:42..418,7.15734216,0.015593,-0.0006351,0.00048746,0.00035662,-0.00019593,0.0007482,-0.00002978,-0.00011571,-0.00008222,16:06:42..404,,,,
16:06:42..452,6.94531107,0.015275,-0.0006346,0.00049595,0.00035736,-0.00019724,0.00075372,-0.00002756,-0.00011453,-0.00008045,16:06:42..490,,,,
16:06:42..588,7.13148471,0.015275,-0.00063498,0.00049537,0.00035744,-0.00019761,0.00075497,-0.00002758,-0.00011485,-0.00008056,16:06:42..579,,,,
16:06:42..622,7.13148471,0.015212,-0.00063482,0.00048944,0.00035609,-0.00019571,0.00074802,-0.00003163,-0.00011513,-0.00008333,16:06:42..621,,,,
16:06:42..737,7.0332264,0.015212,-0.00063466,0.0004892,0.00035616,-0.00019563,0.00074842,-0.00003133,-0.00011501,-0.00008287,16:06:42..727,,,,
16:06:42..769,7.01771193,0.015374,-0.00063742,0.0004892,0.00035618,-0.000198,0.0007567,-0.00002409,-0.00011532,-0.00007878,16:06:42..770,,,,
16:06:42..856,6.79016637,0.015374,-0.00063744,0.0004889,0.00035649,-0.00019784,0.0007562,-0.00002401,-0.00011528,-0.00007929,16:06:42..846,,,,
16:06:42..889,7.17285663,0.015802,-0.00063559,0.00048814,0.00035695,-0.00019592,0.00074958,-0.00002841,-0.00011465,-0.00008244,16:06:42..931,,,,
16:06:43..010,7.05908385,0.015802,-0.00063592,0.00048877,0.00035655,-0.00019563,0.00074944,-0.00002884,-0.00011441,-0.0000825,16:06:42..999,,,,
16:06:43..041,7.03839789,0.015969,-0.00063554,0.00049091,0.00035717,-0.000196,0.00075211,-0.00002295,-0.00011276,-0.00007979,16:06:43..042,,,,
16:06:43..141,7.1366562,0.015969,-0.00063595,0.00049146,0.00035684,-0.00019597,0.00075201,-0.00002228,-0.00011253,-0.00007938,16:06:43..198,,,,
16:06:43..218,7.04356938,0.015969,-0.00063575,0.00049058,0.00035696,-0.00019606,0.00075232,-0.00002213,-0.00011242,-0.00007978,16:06:43..198,,,,
16:06:43..253,7.02805491,0.016097,-0.00063401,0.00049098,0.00035688,-0.00019566,0.00074917,-0.00002705,-0.00011476,-0.00008153,16:06:43..287,,,,
16:06:43..401,7.10562726,0.016097,-0.00063384,0.00049145,0.00035745,-0.00019564,0.00074959,-0.00002668,-0.00011464,-0.0000808,16:06:43..391,,,,
16:06:43..433,6.91945362,0.015764,-0.00063324,0.00048796,0.00035652,-0.0001915,0.00075198,-0.00002363,-0.00011258,-0.00008032,16:06:43..435,,,,
16:06:43..552,6.9815115,0.015764,-0.00063314,0.00048701,0.00035691,-0.0001917,0.00075252,-0.0000235,-0.00011157,-0.00008019,16:06:43..546,,,,
16:06:43..587,7.14182769,0.015646,-0.00063484,0.00048869,0.00035657,-0.00019524,0.00075186,-0.00002049,-0.00011234,-0.00007813,16:06:43..590,,,,
16:06:43..639,7.03839789,0.015589,-0.00063474,0.00048953,0.00035727,-0.0001943,0.00075056,-0.00002077,-0.00011285,-0.00007786,16:06:43..687,,,,
16:06:43..714,7.0332264,0.015589,-0.0006346,0.00048906,0.00035651,-0.0001947,0.00075131,-0.00002081,-0.00011231,-0.00007808,16:06:43..687,,,,
16:06:43..747,6.9815115,0.01537,-0.00063354,0.00049477,0.00035728,-0.00019713,0.00076172,-0.00001623,-0.00011354,-0.00007473,16:06:43..775,,,,
16:06:43..914,7.14699918,0.01537,-0.00063356,0.00049423,0.00035694,-0.00019682,0.00076283,-0.0000159,-0.00011372,-0.00007426,16:06:43..904,,,,
16:06:43..954,6.92462511,0.015329,-0.00063361,0.00049422,0.00035679,-0.00019758,0.00076302,-0.00001579,-0.0001137,-0.00007401,16:06:43..948,,,,
16:06:43..987,7.0332264,0.01543,-0.00062473,0.00050093,0.0003572,-0.00019579,0.00074582,-0.00003351,-0.00011493,-0.00008104,16:06:43..991,,,,
16:06:44..070,7.11597024,0.01543,-0.00062467,0.00050125,0.00035727,-0.00019561,0.00074457,-0.0000334,-0.00011483,-0.00008059,16:06:44..061,,,,
16:06:44..103,7.10045577,0.015381,-0.00062528,0.00050068,0.00035701,-0.0001954,0.00074483,-0.00003081,-0.00011381,-0.00007928,16:06:44..105,,,,
16:06:44..185,7.00736895,0.015381,-0.00062537,0.00050109,0.00035758,-0.00019508,0.0007443,-0.00003145,-0.00011372,-0.00007992,16:06:44..218,,,,
16:06:44..234,6.99185448,0.015381,-0.00062564,0.00050057,0.00035704,-0.00019466,0.00074524,-0.00003113,-0.00011348,-0.00007925,16:06:44..218,,,,
16:06:44..267,7.11597024,0.014923,-0.00062175,0.00050154,0.00035714,-0.00019198,0.00074801,-0.00003325,-0.00011446,-0.00008151,16:06:44..306,,,,
16:06:44..394,6.96599703,0.014923,-0.00062148,0.00050164,0.00035712,-0.0001925,0.00074782,-0.00003369,-0.00011451,-0.00008156,16:06:44..384,,,,
16:06:44..427,6.97634001,0.01479,-0.00063008,0.00050975,0.00035811,-0.00019693,0.00074698,-0.00003119,-0.0001154,-0.00008021,16:06:44..428,,,,
16:06:44..461,7.09011279,0.014451,-0.00062919,0.00050967,0.00035843,-0.00019706,0.00074666,-0.00003149,-0.00011573,-0.00008011,16:06:44..522,,,,
16:06:44..588,7.02288342,0.014373,-0.00062953,0.00050862,0.00035777,-0.00019767,0.00074748,-0.00003152,-0.00011551,-0.00008035,16:06:44..579,,,,
16:06:44..633,7.00736895,0.014373,-0.00062971,0.00050989,0.00035847,-0.00019712,0.00074643,-0.00003126,-0.00011569,-0.00008029,16:06:44..624,,,,
16:06:44..667,7.0332264,0.014217,-0.00062841,0.00051645,0.00035821,-0.0001976,0.00075408,-0.00002816,-0.00011414,-0.00007771,16:06:44..710,,,,
16:06:44..800,7.06942683,0.014217,-0.00062886,0.0005162,0.0003586,-0.00019747,0.0007533,-0.00002861,-0.00011399,-0.00007778,16:06:44..791,,,,
16:06:44..834,7.00219746,0.014198,-0.00062921,0.00052005,0.00035827,-0.00019666,0.00074958,-0.0000328,-0.00011487,-0.00008122,16:06:44..835,,,,
16:06:44..876,7.01771193,0.014116,-0.00062929,0.00051973,0.00035779,-0.00019767,0.00075116,-0.00003236,-0.00011499,-0.00008059,16:06:44..924,,,,
16:06:44..954,7.03839789,0.014116,-0.00062925,0.00051994,0.00035852,-0.00019679,0.00074975,-0.00003262,-0.00011511,-0.00008111,16:06:44..924,,,,
16:06:44..986,6.9815115,0.013962,-0.00062942,0.00051903,0.00035822,-0.00019737,0.00075111,-0.00003311,-0.00011529,-0.0000823,16:06:45..010,,,,
16:06:45..144,6.92462511,0.013962,-0.00062968,0.00052008,0.00035788,-0.00019734,0.00075015,-0.00003339,-0.00011524,-0.00008225,16:06:45..135,,,,
16:06:45..177,7.04874087,0.013996,-0.00063019,0.00052242,0.00035866,-0.00019696,0.00075243,-0.00003334,-0.00011529,-0.00008162,16:06:45..179,,,,
16:06:45..211,6.99702597,0.013969,-0.00063034,0.00052565,0.00035811,-0.00019746,0.00075798,-0.00003245,-0.00011513,-0.00008213,16:06:45..223,,,,
16:06:45..326,7.05391236,0.013969,-0.00063027,0.00052586,0.00035895,-0.00019703,0.00075739,-0.00003192,-0.00011556,-0.00008189,16:06:45..315,,,,
16:06:45..358,6.71776551,0.013854,-0.00062888,0.00052492,0.000359,-0.00019701,0.00075637,-0.00003111,-0.00011535,-0.00007978,16:06:45..401,,,,
16:06:45..476,7.37454474,0.013854,-0.00062867,0.00052432,0.00035884,-0.00019758,0.00075694,-0.00003102,-0.00011512,-0.00007968,16:06:45..466,,,,
16:06:45..513,7.12631322,0.014085,-0.00062865,0.00052439,0.00035894,-0.00019727,0.00075637,-0.00003103,-0.00011511,-0.00007976,16:06:45..511,,,,
16:06:45..585,6.97116852,0.014085,-0.00062875,0.00052371,0.00035864,-0.00019778,0.00075658,-0.00003099,-0.00011548,-0.00007963,16:06:45..554,,,,
16:06:45..618,7.0332264,0.014444,-0.00062265,0.00053729,0.00035882,-0.00019752,0.00078613,-0.00002073,-0.00011446,-0.00007277,16:06:45..640,,,,
16:06:45..772,7.02288342,0.014444,-0.0006225,0.00053813,0.00035925,-0.00019747,0.00078518,-0.00002099,-0.00011482,-0.00007286,16:06:45..763,,,,
16:06:45..808,7.06942683,0.014735,-0.00062952,0.00051511,0.00035877,-0.00019761,0.00075553,-0.00002738,-0.00011436,-0.00007746,16:06:45..851,,,,
16:06:45..930,7.06425534,0.014735,-0.00062922,0.00051528,0.00035863,-0.00019739,0.00075461,-0.00002702,-0.00011468,-0.00007767,16:06:45..922,,,,
16:06:45..963,7.02288342,0.014976,-0.00062249,0.00053284,0.0003589,-0.00019759,0.00078981,-0.00001713,-0.00011476,-0.00007036,16:06:45..965,,,,
16:06:46..088,7.02288342,0.014976,-0.00062212,0.00053291,0.00035906,-0.00019742,0.0007883,-0.00001692,-0.0001149,-0.00007018,16:06:46..079,,,,
16:06:46..123,7.12631322,0.015028,-0.00062061,0.00053431,0.00035927,-0.00019749,0.00078574,-0.00001574,-0.00011431,-0.00006953,16:06:46..121,,,,
16:06:46..218,7.04874087,0.015028,-0.00062057,0.00053444,0.00035916,-0.00019744,0.00078568,-0.00001622,-0.00011422,-0.0000692,16:06:46..208,,,,
16:06:46..249,6.95048256,0.015046,-0.0006183,0.00054042,0.0003591,-0.00019762,0.00079897,-0.00001241,-0.00011385,-0.00006704,16:06:46..250,,,,
16:06:46..284,7.1883711,0.015101,-0.00061885,0.00053964,0.00035913,-0.00019748,0.00080393,-0.00001083,-0.00011415,-0.00006591,16:06:46..294,,,,
16:06:46..372,7.03839789,0.015101,-0.00061892,0.00054017,0.00035984,-0.00019737,0.00080408,-0.00001094,-0.00011401,-0.00006559,16:06:46..420,,,,
16:06:46..434,7.00736895,0.015101,-0.00061954,0.00053951,0.00035915,-0.00019762,0.00080552,-0.00001078,-0.00011456,-0.00006569,16:06:46..420,,,,
16:06:46..467,7.05391236,0.015482,-0.00062966,0.00052579,0.00035974,-0.00019727,0.00075677,-0.00003197,-0.00011594,-0.0000794,16:06:46..508,,,,
16:06:46..638,7.09011279,0.015482,-0.00062978,0.00052508,0.00035921,-0.00019689,0.00075758,-0.00003198,-0.00011555,-0.00007956,16:06:46..629,,,,
16:06:46..673,7.11597024,0.015513,-0.00062595,0.00054205,0.00035988,-0.00019741,0.00076377,-0.00002944,-0.00011509,-0.00007905,16:06:46..674,,,,
16:06:46..755,7.0332264,0.015513,-0.00062546,0.00054165,0.00035929,-0.00019739,0.00076571,-0.00002948,-0.00011491,-0.00007854,16:06:46..778,,,,
16:06:46..799,6.9815115,0.015513,-0.00062578,0.000542,0.00035998,-0.00019656,0.00076449,-0.00002911,-0.00011504,-0.00007862,16:06:46..778,,,,
16:06:46..833,7.17802812,0.01554,-0.00062612,0.00053028,0.0003595,-0.00019682,0.0007682,-0.00002481,-0.00011501,-0.00007524,16:06:46..867,,,,
16:06:46..996,6.9297966,0.01554,-0.00062656,0.00052954,0.00035909,-0.00019779,0.00076939,-0.00002458,-0.00011536,-0.00007535,16:06:46..985,,,,
16:06:47..028,6.99702597,0.015545,-0.0006273,0.00052771,0.00035963,-0.00019739,0.00077184,-0.00002497,-0.000115,-0.00007493,16:06:47..030,,,,
16:06:47..155,6.98668299,0.015545,-0.00062695,0.00052797,0.0003596,-0.00019745,0.00077214,-0.00002464,-0.00011468,-0.00007532,16:06:47..145,,,,
16:06:47..187,7.14699918,0.015536,-0.00062967,0.00052403,0.00035898,-0.00019731,0.00075827,-0.00003087,-0.00011539,-0.00007894,16:06:47..186,,,,
16:06:47..221,7.05391236,0.015573,-0.00062737,0.00053433,0.00036043,-0.00019664,0.00077074,-0.00002812,-0.00011481,-0.00007777,16:06:47..231,,,,
16:06:47..372,6.67639359,0.015573,-0.0006273,0.00053501,0.00036054,-0.00019652,0.00077048,-0.00002813,-0.00011524,-0.00007798,16:06:47..361,,,,
16:06:47..404,7.09011279,0.015503,-0.00062783,0.00053455,0.00036134,-0.00019422,0.00075198,-0.0000331,-0.00011348,-0.00008699,16:06:47..405,,,,
16:06:47..454,7.17285663,0.015503,-0.00062783,0.00053489,0.00036171,-0.00019345,0.00075175,-0.00003288,-0.00011403,-0.0000871,16:06:47..497,,,,
16:06:47..541,6.84705276,0.015355,-0.00062743,0.00053468,0.00036153,-0.00019413,0.00075213,-0.00003266,-0.00011355,-0.00008662,16:06:47..540,,,,
16:06:47..575,6.74879445,0.015212,-0.00062882,0.00052676,0.00036003,-0.00019662,0.00075466,-0.00003272,-0.00011527,-0.00008119,16:06:47..585,,,,
16:06:47..726,6.91428213,0.015212,-0.00062858,0.0005275,0.00036044,-0.00019643,0.00075398,-0.00003294,-0.0001156,-0.00008098,16:06:47..715,,,,
16:06:47..758,7.00736895,0.015433,-0.0006224,0.00053741,0.00036039,-0.0001965,0.0007837,-0.00002012,-0.00011378,-0.0000722,16:06:47..759,,,,
16:06:47..824,7.16251365,0.015433,-0.00062226,0.00053729,0.00036047,-0.00019671,0.00078422,-0.00002051,-0.00011407,-0.00007188,16:06:47..882,,,,
16:06:47..897,6.96082554,0.015433,-0.00062205,0.00053736,0.00036048,-0.00019653,0.00078463,-0.0000201,-0.00011411,-0.00007242,16:06:47..882,,,,
16:06:47..931,6.14373012,0.015803,-0.00062266,0.00053533,0.00036007,-0.00019728,0.00077851,-0.00002216,-0.00011368,-0.00007277,16:06:47..969,,,,
16:06:48..093,7.90203672,0.015803,-0.00062268,0.00053571,0.00036063,-0.00019705,0.00077761,-0.00002232,-0.00011393,-0.00007268,16:06:48..084,,,,
16:06:48..124,6.96599703,0.016217,-0.00062427,0.00053457,0.00036036,-0.00019699,0.00077047,-0.00002602,-0.0001149,-0.00007521,16:06:48..128,,,,
16:06:48..205,6.92462511,0.016217,-0.0006241,0.00053404,0.00035991,-0.00019699,0.00077008,-0.00002552,-0.00011492,-0.00007531,16:06:48..245,,,,
16:06:48..274,7.0849413,0.016217,-0.00062416,0.00053406,0.00036047,-0.00019694,0.00076956,-0.00002523,-0.00011468,-0.00007555,16:06:48..245,,,,
16:06:48..307,7.05908385,0.016116,-0.00062688,0.00053705,0.0003604,-0.00019681,0.00075422,-0.0000341,-0.00011555,-0.00008273,16:06:48..332,,,,
16:06:48..461,7.15217067,0.016116,-0.00062653,0.00053776,0.0003603,-0.00019662,0.00075332,-0.00003433,-0.00011579,-0.00008237,16:06:48..451,,,,
16:06:48..493,6.99702597,0.015983,-0.00062798,0.00053266,0.00035999,-0.00019619,0.00076369,-0.00002914,-0.00011495,-0.00007943,16:06:48..585,,,,
16:06:48..662,7.01771193,0.015983,-0.00062773,0.00053272,0.00035996,-0.00019664,0.00076275,-0.0000295,-0.0001151,-0.00007947,16:06:48..654,,,,
16:06:48..696,7.04356938,0.015807,-0.00061933,0.00054248,0.00035973,-0.0001973,0.00077743,-0.00002173,-0.00011457,-0.00007193,16:06:48..700,,,,
16:06:48..843,7.01254044,0.015807,-0.00061906,0.00054302,0.00036029,-0.0001974,0.00077676,-0.00002188,-0.00011435,-0.00007202,16:06:48..833,,,,
16:06:48..875,7.01771193,0.015558,-0.00062734,0.0005252,0.00035971,-0.00019659,0.00075425,-0.00003176,-0.00011532,-0.00007921,16:06:48..877,,,,
16:06:48..915,7.02288342,0.01557,-0.00062741,0.00052567,0.00036031,-0.00019645,0.00075352,-0.00003208,-0.00011527,-0.0000791,16:06:48..973,,,,
16:06:49..002,6.99702597,0.01557,-0.00062737,0.00052462,0.00035968,-0.00019705,0.00075412,-0.00003161,-0.00011521,-0.00007944,16:06:48..973,,,,
16:06:49..035,7.03839789,0.015448,-0.00062702,0.00052698,0.00036047,-0.00019743,0.00075668,-0.00003046,-0.00011486,-0.00007822,16:06:49..062,,,,
16:06:49..170,7.02288342,0.015448,-0.00062707,0.00052652,0.00036008,-0.00019731,0.00075715,-0.00002967,-0.00011518,-0.00007799,16:06:49..161,,,,
16:06:49..205,7.02288342,0.015494,-0.00062683,0.00053096,0.00035988,-0.00019746,0.00075737,-0.00002999,-0.00011494,-0.00007887,16:06:49..203,,,,
16:06:49..320,7.11079875,0.015494,-0.00062693,0.00053193,0.00035955,-0.00019712,0.00075664,-0.00003051,-0.00011518,-0.00007921,16:06:49..314,,,,
16:06:49..353,6.98668299,0.015446,-0.00062521,0.00053677,0.00036028,-0.00019693,0.00076401,-0.00002772,-0.00011491,-0.00007652,16:06:49..358,,,,
16:06:49..387,7.05391236,0.015469,-0.00062637,0.00053441,0.00036013,-0.00019725,0.00076362,-0.00002764,-0.00011495,-0.0000774,16:06:49..403,,,,
16:06:49..509,7.01254044,0.015469,-0.00062626,0.00053386,0.00036007,-0.00019733,0.00076353,-0.00002698,-0.00011513,-0.00007753,16:06:49..501,,,,
16:06:49..542,6.95048256,0.01546,-0.00062865,0.00052627,0.00035974,-0.00019683,0.00075219,-0.00003241,-0.00011503,-0.00008106,16:06:49..578,,,,
16:06:49..689,7.20905706,0.01546,-0.00062879,0.00052589,0.00035957,-0.00019695,0.00075345,-0.00003268,-0.00011438,-0.00008063,16:06:49..680,,,,
16:06:49..724,6.97634001,0.015358,-0.00062785,0.00053577,0.00036008,-0.00019701,0.00075203,-0.0000355,-0.00011579,-0.00008213,16:06:49..723,,,,
16:06:49..816,7.04356938,0.015289,-0.0006277,0.00053618,0.00036016,-0.00019664,0.00075255,-0.00003516,-0.00011559,-0.00008228,16:06:49..852,,,,
16:06:49..928,7.00219746,0.015289,-0.0006276,0.00053548,0.00036002,-0.00019654,0.00075259,-0.0000348,-0.0001159,-0.00008171,16:06:49..921,,,,
16:06:49..965,7.01771193,0.015193,-0.00062797,0.00053625,0.00036033,-0.00019696,0.00075247,-0.00003478,-0.00011559,-0.00008198,16:06:49..964,,,,
16:06:49..996,7.00219746,0.015119,-0.00062731,0.00052878,0.0003599,-0.00019716,0.00075482,-0.00003033,-0.00011529,-0.00007884,16:06:49..964,,,,
16:06:50..099,7.00219746,0.015119,-0.00062733,0.00052812,0.00035914,-0.00019784,0.00075609,-0.00003066,-0.00011483,-0.00007889,16:06:50..175,,,,
16:06:50..199,7.01771193,0.015119,-0.00062757,0.0005287,0.00035958,-0.00019729,0.00075507,-0.00003078,-0.00011493,-0.00007916,16:06:50..175,,,,
16:06:50..232,7.18319961,0.015218,-0.00063178,0.00051609,0.00035968,-0.00019611,0.00074987,-0.00003451,-0.00011468,-0.00008267,16:06:50..263,,,,
16:06:50..412,6.95048256,0.015218,-0.00063194,0.00051678,0.00035983,-0.00019623,0.00074933,-0.00003443,-0.00011536,-0.00008306,16:06:50..405,,,,
16:06:50..446,7.17285663,0.015308,-0.00062888,0.00052624,0.00035997,-0.00019492,0.00074931,-0.00003743,-0.0001155,-0.00008477,16:06:50..449,,,,
16:06:50..590,6.94531107,0.015308,-0.00062867,0.00052599,0.0003591,-0.00019505,0.00074921,-0.00003755,-0.00011578,-0.00008509,16:06:50..582,,,,
16:06:50..623,7.12114173,0.01504,-0.00062817,0.00052855,0.00035972,-0.00019564,0.00074832,-0.0000369,-0.00011554,-0.00008394,16:06:50..627,,,,
16:06:50..697,6.98668299,0.01504,-0.00062842,0.00052789,0.00035949,-0.00019615,0.00074932,-0.00003669,-0.00011576,-0.00008414,16:06:50..696,,,,
16:06:50..731,7.09011279,0.015068,-0.00062785,0.00053293,0.00035979,-0.00019598,0.00075026,-0.00003592,-0.00011552,-0.00008366,16:06:50..696,,,,
16:06:50..841,6.95565405,0.015068,-0.00062764,0.00053269,0.00035958,-0.00019598,0.00075,-0.00003573,-0.00011561,-0.00008375,16:06:50..894,,,,
16:06:50..923,7.02288342,0.015068,-0.0006278,0.00053302,0.00035921,-0.00019674,0.00075011,-0.00003616,-0.00011517,-0.00008355,16:06:50..894,,,,
16:06:50..956,7.04356938,0.015464,-0.00062881,0.00052404,0.00035943,-0.00019543,0.00074883,-0.00003618,-0.0001148,-0.00008415,16:06:50..981,,,,
16:06:51..150,7.06425534,0.015464,-0.00062825,0.00052374,0.00035929,-0.00019606,0.00074975,-0.00003553,-0.00011494,-0.00008417,16:06:51..140,,,,
16:06:51..184,7.00736895,0.015496,-0.00062926,0.00052721,0.00035921,-0.00019744,0.00075411,-0.00003347,-0.00011549,-0.00008181,16:06:51..228,,,,
16:06:51..355,6.96082554,0.015496,-0.00062879,0.00052819,0.00035957,-0.00019665,0.00075347,-0.00003304,-0.00011552,-0.00008145,16:06:51..351,,,,
16:06:51..388,6.97634001,0.015172,-0.00062961,0.0005251,0.00035945,-0.00019724,0.00075425,-0.0000331,-0.00011541,-0.0000816,16:06:51..393,,,,
16:06:51..454,7.10562726,0.015172,-0.00062976,0.00052419,0.00035941,-0.00019711,0.00075485,-0.00003298,-0.00011522,-0.00008169,16:06:51..505,,,,
16:06:51..523,6.98668299,0.015172,-0.0006295,0.00052464,0.00035956,-0.00019705,0.00075367,-0.00003305,-0.00011527,-0.00008175,16:06:51..505,,,,
16:06:51..557,7.04356938,0.015312,-0.0006199,0.00051603,0.00035909,-0.00019106,0.00075133,-0.00003526,-0.00011543,-0.00008496,16:06:51..624,,,,
16:06:51..706,7.04874087,0.015381,-0.00062058,0.00051666,0.00035978,-0.0001908,0.00075062,-0.00003578,-0.00011527,-0.000085,16:06:51..739,,,,
16:06:51..794,7.13148471,0.015381,-0.00062064,0.00051532,0.00035881,-0.00019048,0.00075094,-0.0000351,-0.00011549,-0.00008472,16:06:51..786,,,,
16:06:51..832,7.16251365,0.015464,-0.00062083,0.0005152,0.0003592,-0.0001906,0.00075038,-0.00003539,-0.00011543,-0.00008462,16:06:51..829,,,,
16:06:51..866,7.01254044,0.015517,-0.0006283,0.00054665,0.00035992,-0.00019588,0.00075531,-0.00003641,-0.00011629,-0.00008657,16:06:51..873,,,,
16:06:52..003,6.91428213,0.015517,-0.00062853,0.00054751,0.00035972,-0.00019579,0.00075491,-0.0000367,-0.00011623,-0.00008672,16:06:51..997,,,,
16:06:52..037,6.96599703,0.015642,-0.0006254,0.00053011,0.00035923,-0.00019382,0.00074957,-0.00003573,-0.0001145,-0.00008609,16:06:52..041,,,,
16:06:52..174,6.95565405,0.015642,-0.00062565,0.00053069,0.00035925,-0.0001934,0.00074966,-0.00003586,-0.00011475,-0.00008584,16:06:52..166,,,,
16:06:52..207,7.01254044,0.015785,-0.0006281,0.00051794,0.00035911,-0.00019551,0.00074915,-0.00003695,-0.00011652,-0.00008625,16:06:52..210,,,,
16:06:52..247,7.0332264,0.015708,-0.00062728,0.00051854,0.00035901,-0.00019481,0.00074828,-0.00003686,-0.00011674,-0.00008583,16:06:52..296,,,,
16:06:52..330,7.02288342,0.015708,-0.00062757,0.00051846,0.00035862,-0.00019515,0.00074926,-0.00003668,-0.0001164,-0.0000861,16:06:52..296,,,,
16:06:52..364,7.04356938,0.015304,-0.00062675,0.0005187,0.00035853,-0.0001957,0.00074836,-0.00003739,-0.0001164,-0.00008477,16:06:52..385,,,,
16:06:52..507,7.06425534,0.015304,-0.00062703,0.00051948,0.00035903,-0.00019514,0.00074733,-0.00003762,-0.00011669,-0.0000851,16:06:52..500,,,,
16:06:52..541,-0.1034298,0.014931,-0.00061993,0.00053083,0.00035983,-0.00019117,0.00075022,-0.00003696,-0.00011715,-0.0000858,16:06:52..546,,,,
16:06:52..692,9.15870879,0.014931,-0.0006202,0.00053037,0.00036016,-0.0001915,0.00075047,-0.00003699,-0.00011727,-0.00008599,16:06:52..685,,,,
16:06:52..726,8.46572913,0.015063,-0.00062379,0.00052361,0.00035861,-0.00019422,0.00074901,-0.00003709,-0.00011548,-0.00008479,16:06:52..730,,,,
16:06:52..819,6.90393915,0.015063,-0.00062305,0.000524,0.00035906,-0.0001941,0.00074857,-0.00003729,-0.00011552,-0.00008449,16:06:52..811,,,,
16:06:52..851,7.6538052,0.015119,-0.00062259,0.00052132,0.00035962,-0.00019099,0.00075113,-0.00003554,-0.00011474,-0.00008438,16:06:52..856,,,,
16:06:52..970,7.28145792,0.015119,-0.0006223,0.00052197,0.0003597,-0.00019123,0.00075081,-0.00003596,-0.00011497,-0.00008463,16:06:52..958,,,,
16:06:53..001,7.27111494,0.014817,-0.00062293,0.00052715,0.00035966,-0.00019198,0.0007501,-0.00003786,-0.00011608,-0.00008538,16:06:53..003,,,,
16:06:53..126,7.02805491,0.014817,-0.0006228,0.00052663,0.00035948,-0.00019271,0.00075168,-0.00003715,-0.00011571,-0.00008426,16:06:53..117,,,,
16:06:53..159,7.07459832,0.014638,-0.00061674,0.00052271,0.000359,-0.00018817,0.00075409,-0.00003414,-0.00011443,-0.00008398,16:06:53..161,,,,
16:06:53..269,6.88842468,0.014638,-0.00061714,0.00052298,0.00035948,-0.00018811,0.00075337,-0.00003433,-0.00011497,-0.00008368,16:06:53..260,,,,
16:06:53..302,6.86773872,0.014513,-0.00062748,0.000525,0.0003597,-0.0001959,0.00074846,-0.00003744,-0.00011691,-0.00008601,16:06:53..305,,,,
16:06:53..371,7.04874087,0.014513,-0.00062782,0.0005237,0.0003593,-0.00019653,0.00074928,-0.00003827,-0.00011716,-0.00008605,16:06:53..408,,,,
16:06:53..424,6.96599703,0.014513,-0.00062791,0.00052477,0.00035948,-0.00019588,0.00074869,-0.00003759,-0.00011736,-0.00008622,16:06:53..408,,,,
16:06:53..458,7.09528428,0.014737,-0.00062531,0.00051713,0.00035822,-0.00019431,0.00074699,-0.00003555,-0.00011421,-0.00008355,16:06:53..497,,,,
16:06:53..590,7.1366562,0.014737,-0.00062448,0.00051817,0.00035916,-0.00019357,0.00074735,-0.00003493,-0.00011378,-0.00008334,16:06:53..581,,,,
16:06:53..622,7.02805491,0.014737,-0.00062614,0.0005218,0.00035923,-0.00019384,0.00075048,-0.00003786,-0.00011645,-0.00008666,16:06:53..581,,,,
16:06:53..656,6.93496809,0.0148,-0.00062758,0.00052302,0.00035867,-0.00019528,0.00075076,-0.00003718,-0.00011537,-0.00008605,16:06:53..696,,,,
16:06:53..761,7.0332264,0.0148,-0.00062746,0.00052399,0.00035896,-0.0001943,0.00075027,-0.00003722,-0.00011593,-0.00008536,16:06:53..752,,,,
16:06:53..792,7.11079875,0.01488,-0.00062824,0.00054301,0.00035996,-0.00019555,0.00075995,-0.00003777,-0.0001168,-0.00008831,16:06:53..797,,,,
16:06:53..915,7.16251365,0.01488,-0.00062835,0.00054331,0.0003603,-0.00019509,0.0007595,-0.00003786,-0.00011642,-0.00008821,16:06:53..906,,,,
16:06:53..948,7.11079875,0.01482,-0.0006253,0.00052685,0.00035949,-0.00019201,0.00075114,-0.00003668,-0.00011568,-0.00008661,16:06:53..949,,,,
16:06:54..057,7.02805491,0.01482,-0.00062499,0.0005268,0.00035932,-0.0001923,0.00075218,-0.00003697,-0.00011535,-0.0000866,16:06:54..047,,,,
16:06:54..090,7.04874087,0.014802,-0.0006222,0.00052365,0.00035906,-0.0001919,0.00075158,-0.00003617,-0.00011519,-0.00008557,16:06:54..091,,,,
16:06:54..132,6.97634001,0.014831,-0.0006225,0.00052361,0.00035949,-0.00019215,0.00075099,-0.00003636,-0.00011542,-0.000085,16:06:54..173,,,,
16:06:54..190,7.05391236,0.014831,-0.00062238,0.00052368,0.00035915,-0.00019222,0.00075181,-0.00003617,-0.00011496,-0.00008545,16:06:54..173,,,,
16:06:54..224,6.90911064,0.015119,-0.00062204,0.00052695,0.00035932,-0.000194,0.00074785,-0.00003726,-0.00011514,-0.00008472,16:06:54..260,,,,
16:06:54..357,7.02805491,0.015119,-0.00062201,0.00052675,0.00035922,-0.00019417,0.00074815,-0.00003707,-0.00011523,-0.00008476,16:06:54..348,,,,
16:06:54..389,7.06425534,0.015669,-0.00062659,0.00051829,0.0003593,-0.00019381,0.00074809,-0.00003751,-0.00011585,-0.00008568,16:06:54..393,,,,
16:06:54..530,7.00736895,0.015669,-0.000627,0.00051731,0.00035896,-0.00019416,0.00074913,-0.00003715,-0.00011618,-0.00008519,16:06:54..519,,,,
16:06:54..562,7.00736895,0.016173,-0.00062796,0.00051664,0.00035932,-0.00019454,0.00074877,-0.00003595,-0.00011495,-0.00008491,16:06:54..605,,,,
16:06:54..675,7.02805491,0.016173,-0.00062755,0.00051632,0.0003592,-0.0001944,0.00074938,-0.00003553,-0.00011498,-0.00008459,16:06:54..667,,,,
16:06:54..708,6.86773872,0.016152,-0.00062166,0.00051517,0.00035987,-0.00018698,0.00075714,-0.00003352,-0.00011554,-0.00008454,16:06:54..711,,,,
16:06:54..820,7.00736895,0.016152,-0.0006221,0.0005147,0.00035942,-0.00018682,0.0007573,-0.00003355,-0.00011578,-0.00008483,16:06:54..812,,,,
16:06:54..857,7.15217067,0.015941,-0.00062278,0.00053571,0.00035965,-0.00019111,0.00075488,-0.00003684,-0.00011642,-0.00008779,16:06:54..857,,,,
16:06:54..961,6.96599703,0.015941,-0.00062251,0.00053576,0.00036005,-0.00019085,0.00075479,-0.00003711,-0.0001163,-0.00008789,16:06:54..954,,,,
16:06:54..996,7.04356938,0.01553,-0.00062212,0.00053534,0.0003593,-0.00019199,0.00075387,-0.00003679,-0.00011585,-0.00008684,16:06:54..997,,,,
16:06:55..073,6.97116852,0.01553,-0.0006224,0.00053474,0.0003589,-0.00019209,0.00075427,-0.00003714,-0.00011586,-0.00008706,16:06:55..117,,,,
16:06:55..132,7.06942683,0.01553,-0.00062259,0.0005354,0.00035926,-0.000192,0.00075347,-0.00003715,-0.0001162,-0.00008763,16:06:55..117,,,,
16:06:55..166,7.02805491,0.015208,-0.00062525,0.00052525,0.00035859,-0.00019349,0.00075132,-0.00003679,-0.00011578,-0.00008638,16:06:55..205,,,,
16:06:55..292,6.92462511,0.015208,-0.00062462,0.00052551,0.00035925,-0.00019279,0.00075057,-0.00003633,-0.00011602,-0.00008703,16:06:55..283,,,,
16:06:55..325,7.02805491,0.015306,-0.0006244,0.00052322,0.00035886,-0.00019219,0.0007496,-0.00003685,-0.00011558,-0.00008651,16:06:55..326,,,,
16:06:55..392,6.98668299,0.015306,-0.00062415,0.00052301,0.00035933,-0.00019248,0.00074942,-0.00003706,-0.00011496,-0.00008646,16:06:55..425,,,,
16:06:55..450,6.98668299,0.015306,-0.00062419,0.00052323,0.0003591,-0.00019247,0.00074952,-0.00003686,-0.00011581,-0.00008626,16:06:55..425,,,,
16:06:55..484,7.02805491,0.015436,-0.00062348,0.00052042,0.00035949,-0.00019151,0.00075047,-0.00003634,-0.0001163,-0.00008524,16:06:55..512,,,,
16:06:55..624,7.0849413,0.015436,-0.0006236,0.00052,0.00035888,-0.0001923,0.00075143,-0.00003637,-0.0001162,-0.00008575,16:06:55..614,,,,
16:06:55..657,7.01771193,0.015511,-0.00062261,0.00052351,0.00035908,-0.00019122,0.00075204,-0.00003701,-0.00011608,-0.00008569,16:06:55..659,,,,
16:06:55..726,7.02288342,0.015511,-0.00062239,0.00052412,0.00035908,-0.00019095,0.0007514,-0.00003689,-0.00011612,-0.00008605,16:06:55..758,,,,
16:06:55..773,7.02288342,0.015511,-0.00062225,0.00052344,0.00035901,-0.00019168,0.00075196,-0.00003681,-0.00011642,-0.00008565,16:06:55..758,,,,
16:06:55..808,7.07976981,0.015509,-0.00062541,0.00052846,0.0003593,-0.00019393,0.00075087,-0.00003713,-0.00011607,-0.00008584,16:06:55..880,,,,
16:06:55..939,6.96082554,0.015509,-0.00062556,0.00052846,0.00035926,-0.00019415,0.0007512,-0.00003712,-0.00011603,-0.00008652,16:06:55..929,,,,
16:06:55..971,7.00736895,0.015567,-0.00062321,0.0005239,0.00035888,-0.00019128,0.00075207,-0.00003638,-0.00011625,-0.00008602,16:06:55..973,,,,
16:06:56..004,7.02288342,0.015567,-0.00062256,0.00052324,0.00035946,-0.00019097,0.00075173,-0.00003601,-0.00011602,-0.000086,16:06:56..056,,,,
16:06:56..103,7.06942683,0.015364,-0.00062286,0.00052311,0.00035886,-0.00019129,0.00075217,-0.00003632,-0.00011568,-0.00008563,16:06:56..100,,,,
16:06:56..136,7.05908385,0.015269,-0.00062144,0.00052306,0.00035927,-0.00018957,0.00075376,-0.00003604,-0.00011599,-0.00008551,16:06:56..144,,,,
16:06:56..265,7.09528428,0.015269,-0.00062118,0.00052389,0.00035967,-0.00018964,0.00075243,-0.00003629,-0.0001163,-0.00008577,16:06:56..254,,,,
16:06:56..298,6.33507525,0.015409,-0.00062375,0.00052469,0.00035961,-0.00019136,0.0007509,-0.0000366,-0.00011641,-0.00008834,16:06:56..299,,,,
16:06:56..339,7.92272268,0.015488,-0.00062387,0.00052427,0.00035923,-0.00019127,0.0007515,-0.00003641,-0.00011655,-0.00008839,16:06:56..383,,,,
16:06:56..402,6.96082554,0.015488,-0.00062423,0.00052512,0.00035978,-0.00019086,0.00075124,-0.00003628,-0.00011632,-0.0000885,16:06:56..383,,,,
16:06:56..433,7.4469456,0.01571,-0.00061819,0.00052988,0.00036029,-0.00018823,0.00075411,-0.00003381,-0.00011493,-0.00008595,16:06:56..471,,,,
16:06:56..560,7.56071838,0.01571,-0.00061795,0.00053046,0.00036047,-0.00018814,0.00075373,-0.00003427,-0.00011499,-0.00008585,16:06:56..550,,,,
16:06:56..594,7.16251365,0.015792,-0.00062098,0.00053381,0.00036089,-0.00019032,0.00075259,-0.00003482,-0.00011489,-0.00008806,16:06:56..636,,,,
16:06:56..693,6.81085233,0.015792,-0.00062131,0.00053377,0.00036092,-0.00019077,0.00075272,-0.00003476,-0.00011528,-0.00008804,16:06:56..686,,,,
16:06:56..728,6.78499488,0.015861,-0.00062004,0.00052361,0.00035993,-0.00018968,0.0007506,-0.00003425,-0.00011505,-0.00008497,16:06:56..733,,,,
16:06:56..829,7.09528428,0.015861,-0.00062036,0.00052288,0.00035955,-0.00019039,0.00075193,-0.00003418,-0.00011497,-0.00008459,16:06:56..819,,,,
16:06:56..861,6.51090591,0.015785,-0.00062619,0.00052121,0.00035891,-0.00019348,0.00075038,-0.00003623,-0.00011535,-0.00008575,16:06:56..862,,,,
16:06:56..967,7.04874087,0.015785,-0.00062604,0.0005219,0.00035913,-0.00019333,0.00074953,-0.00003609,-0.00011607,-0.00008618,16:06:56..957,,,,
16:06:56..998,6.91428213,0.015729,-0.00062321,0.00051714,0.00035866,-0.00019132,0.00075099,-0.00003536,-0.00011532,-0.00008585,16:06:56..999,,,,
16:06:57..133,7.16251365,0.015729,-0.00062318,0.00051736,0.00035868,-0.00019134,0.00075075,-0.00003519,-0.00011585,-0.00008603,16:06:57..123,,,,
16:06:57..167,7.00736895,0.015714,-0.00062119,0.00052532,0.00035952,-0.00018941,0.0007513,-0.00003543,-0.0001155,-0.00008599,16:06:57..168,,,,
16:06:57..311,6.85739574,0.015714,-0.00062139,0.00052519,0.00035936,-0.00018943,0.00075146,-0.00003518,-0.00011565,-0.0000858,16:06:57..302,,,,
16:06:57..344,7.32800133,0.015766,-0.00061762,0.00052475,0.00035969,-0.00018722,0.00075264,-0.00003344,-0.0001144,-0.00008314,16:06:57..347,,,,
16:06:57..377,7.29697239,0.016029,-0.0006164,0.00052516,0.00035993,-0.00018627,0.00075415,-0.000032,-0.00011436,-0.00008295,16:06:57..391,,,,
16:06:57..497,7.15734216,0.016029,-0.00061656,0.00052545,0.00036033,-0.00018608,0.00075267,-0.00003259,-0.00011422,-0.00008327,16:06:57..487,,,,
16:06:57..529,6.69707955,0.016073,-0.00061995,0.00053039,0.00035932,-0.00019186,0.00074951,-0.00003525,-0.00011517,-0.00008426,16:06:57..532,,,,
16:06:57..563,6.57296379,0.015989,-0.00061989,0.00052996,0.00035966,-0.00019198,0.00074966,-0.00003551,-0.00011543,-0.00008419,16:06:57..612,,,,
16:06:57..671,7.52968944,0.015989,-0.00062011,0.00053033,0.00036006,-0.00019154,0.00074948,-0.00003591,-0.0001156,-0.0000844,16:06:57..663,,,,
16:06:57..705,7.25042898,0.016004,-0.00061829,0.00053943,0.00036052,-0.00019134,0.00074869,-0.00003492,-0.00011443,-0.00008324,16:06:57..706,,,,
16:06:57..770,7.52968944,0.016004,-0.0006177,0.00053888,0.00036052,-0.00019164,0.00074923,-0.00003438,-0.00011436,-0.00008346,16:06:57..814,,,,
16:06:57..827,6.82119531,0.016004,-0.00061806,0.00053913,0.00036041,-0.00019184,0.00074868,-0.00003432,-0.00011394,-0.00008349,16:06:57..814,,,,
16:06:57..860,7.31765835,0.016082,-0.00061882,0.00053996,0.00035995,-0.00019274,0.00074805,-0.00003278,-0.00011281,-0.00008405,16:06:57..900,,,,
16:06:58..024,7.41591666,0.016082,-0.00061888,0.00054114,0.00036085,-0.0001924,0.00074759,-0.00003349,-0.00011243,-0.00008386,16:06:58..012,,,,
16:06:58..057,6.85222425,0.016031,-0.00061897,0.00053232,0.00036006,-0.00019026,0.00074951,-0.00003664,-0.00011679,-0.00008497,16:06:58..098,,,,
16:06:58..194,6.98668299,0.016031,-0.0006191,0.0005324,0.0003595,-0.00019081,0.00074939,-0.00003716,-0.00011667,-0.00008509,16:06:58..185,,,,
16:06:58..228,7.11597024,0.01598,-0.00061891,0.0005367,0.00035919,-0.00019302,0.0007492,-0.00003602,-0.00011521,-0.00008523,16:06:58..229,,,,
16:06:58..279,7.19354259,0.015995,-0.00061806,0.00053719,0.00035945,-0.00019279,0.00074816,-0.00003561,-0.00011507,-0.00008468,16:06:58..319,,,,
16:06:58..335,6.8263668,0.015995,-0.00061807,0.00053642,0.00035954,-0.00019275,0.00074902,-0.00003588,-0.00011508,-0.00008462,16:06:58..319,,,,
16:06:58..367,7.10562726,0.016045,-0.00061638,0.00052502,0.00035918,-0.0001891,0.0007511,-0.00003531,-0.00011551,-0.00008285,16:06:58..405,,,,
16:06:58..495,6.95565405,0.016045,-0.00061618,0.00052563,0.00035952,-0.0001883,0.00075006,-0.00003478,-0.00011542,-0.00008282,16:06:58..489,,,,
16:06:58..527,6.99185448,0.015683,-0.00061628,0.00052443,0.00035891,-0.00018885,0.0007519,-0.00003484,-0.00011539,-0.00008333,16:06:58..533,,,,
16:06:58..625,7.04874087,0.015683,-0.00061586,0.00052453,0.0003589,-0.00018861,0.00075137,-0.00003466,-0.00011542,-0.0000838,16:06:58..682,,,,
16:06:58..704,7.01254044,0.015683,-0.00061606,0.00052404,0.00035923,-0.00018915,0.00075207,-0.00003453,-0.00011522,-0.0000832,16:06:58..682,,,,
16:06:58..738,7.02288342,0.015036,-0.00061993,0.00052625,0.00035865,-0.00019389,0.0007464,-0.00003583,-0.00011558,-0.0000844,16:06:58..770,,,,
16:06:58..923,7.05908385,0.015036,-0.00061961,0.00052714,0.00035929,-0.00019316,0.00074633,-0.00003573,-0.00011547,-0.00008437,16:06:58..913,,,,
16:06:58..956,7.0332264,0.014645,-0.00061976,0.00052489,0.00035884,-0.00019395,0.00074706,-0.0000358,-0.000115,-0.00008363,16:06:59..000,,,,
16:06:59..089,7.04356938,0.014645,-0.00061947,0.0005252,0.00035922,-0.0001932,0.00074589,-0.00003541,-0.00011545,-0.00008384,16:06:59..080,,,,
16:06:59..123,7.00219746,0.014514,-0.0006161,0.00052141,0.00035881,-0.00018985,0.00074965,-0.00003426,-0.00011489,-0.00008278,16:06:59..124,,,,
16:06:59..251,6.92462511,0.014514,-0.00061568,0.00052151,0.00035906,-0.00019036,0.00074948,-0.00003476,-0.00011493,-0.00008296,16:06:59..244,,,,
16:06:59..284,7.03839789,0.014088,-0.00061367,0.00052556,0.00035896,-0.00018899,0.00074965,-0.00003479,-0.0001152,-0.00008283,16:06:59..288,,,,
16:06:59..332,7.10045577,0.013909,-0.00061384,0.00052542,0.00035853,-0.0001893,0.00075,-0.00003458,-0.00011526,-0.0000831,16:06:59..372,,,,
16:06:59..422,7.05391236,0.013434,-0.00061312,0.00052573,0.00035961,-0.00018869,0.00074972,-0.00003445,-0.00011523,-0.0000829,16:06:59..414,,,,
16:06:59..455,6.98668299,0.013256,-0.00061452,0.00052713,0.00035951,-0.00018889,0.00074923,-0.00003549,-0.00011592,-0.00008351,16:06:59..456,,,,
16:06:59..578,7.05908385,0.013256,-0.00061476,0.00052654,0.0003591,-0.00018932,0.00074953,-0.00003558,-0.00011606,-0.00008357,16:06:59..568,,,,
16:06:59..610,7.10562726,0.012978,-0.00061271,0.00052503,0.00035876,-0.00019001,0.00074906,-0.00003525,-0.00011567,-0.00008293,16:06:59..613,,,,
16:06:59..694,6.94013958,0.012978,-0.00061299,0.0005259,0.00035937,-0.00019011,0.00074801,-0.00003507,-0.00011542,-0.00008292,16:06:59..742,,,,
16:06:59..759,7.10562726,0.012978,-0.00061286,0.00052556,0.00035921,-0.00019054,0.00074862,-0.00003411,-0.00011528,-0.00008266,16:06:59..742,,,,
16:06:59..793,7.12631322,0.013648,-0.00061733,0.00052812,0.00035971,-0.00018974,0.0007485,-0.00003662,-0.00011605,-0.00008369,16:06:59..830,,,,
16:06:59..913,7.10045577,0.013648,-0.00061702,0.0005281,0.00035916,-0.00019019,0.00074824,-0.00003621,-0.00011565,-0.00008361,16:06:59..902,,,,
16:06:59..945,7.01771193,0.013845,-0.00061661,0.00052227,0.00035888,-0.00018984,0.0007492,-0.00003441,-0.00011539,-0.00008338,16:06:59..946,,,,
16:07:00..074,7.04874087,0.013845,-0.00061609,0.00052237,0.00035877,-0.00018984,0.00074959,-0.00003438,-0.00011442,-0.00008281,16:07:00..065,,,,
16:07:00..109,7.02805491,0.014108,-0.00062741,0.00051957,0.00035873,-0.0001968,0.00074664,-0.00003187,-0.00011541,-0.00008092,16:07:00..110,,,,
16:07:00..183,7.00219746,0.014108,-0.00062757,0.00051948,0.00035887,-0.00019651,0.00074557,-0.00003217,-0.00011543,-0.00008111,16:07:00..215,,,,
16:07:00..230,6.98668299,0.014108,-0.00062738,0.00051838,0.00035899,-0.00019688,0.0007465,-0.00003239,-0.00011501,-0.00008087,16:07:00..215,,,,
16:07:00..263,6.90911064,0.014413,-0.00060913,0.0005116,0.0003585,-0.00018911,0.00074942,-0.00003169,-0.00011344,-0.00007743,16:07:00..303,,,,
16:07:00..415,7.01771193,0.014413,-0.00060976,0.00051087,0.00035832,-0.00018965,0.00075056,-0.00003169,-0.00011341,-0.0000776,16:07:00..406,,,,
16:07:00..448,7.15217067,0.014594,-0.00062315,0.00052226,0.00035879,-0.00019787,0.0007537,-0.00001939,-0.00011384,-0.00007086,16:07:00..449,,,,
16:07:00..541,6.95565405,0.014594,-0.00062275,0.00052196,0.00035887,-0.00019767,0.00075391,-0.00001906,-0.00011386,-0.00007082,16:07:00..534,,,,
16:07:00..576,6.92462511,0.014361,-0.00062297,0.00053202,0.00035869,-0.00019708,0.00077068,-0.00001638,-0.00011346,-0.00006986,16:07:00..577,,,,
16:07:00..691,7.03839789,0.014361,-0.00062315,0.00053237,0.00035868,-0.00019654,0.00076969,-0.00001656,-0.00011377,-0.00006984,16:07:00..681,,,,
16:07:00..723,6.98668299,0.014517,-0.00062382,0.00053076,0.00035941,-0.00019684,0.00076691,-0.00001797,-0.00011309,-0.00007295,16:07:00..726,,,,
16:07:00..801,6.97116852,0.014517,-0.00062401,0.00053172,0.00035973,-0.00019617,0.00076576,-0.0000185,-0.00011329,-0.0000729,16:07:00..834,,,,
16:07:00..853,7.07976981,0.014517,-0.00062412,0.00053118,0.00035936,-0.00019709,0.00076713,-0.00001769,-0.00011337,-0.00007274,16:07:00..834,,,,
16:07:00..886,7.06942683,0.014703,-0.00062449,0.00053875,0.00035959,-0.00019506,0.00074658,-0.00003502,-0.00011509,-0.0000823,16:07:00..920,,,,
16:07:01..017,7.06425534,0.014703,-0.00062465,0.00053819,0.00035942,-0.00019575,0.00074772,-0.00003505,-0.00011479,-0.00008234,16:07:01..008,,,,
16:07:01..052,7.12631322,0.014765,-0.00061857,0.00053208,0.00035908,-0.00019407,0.00074646,-0.00003657,-0.00011495,-0.00008267,16:07:01..052,,,,
16:07:01..157,6.96082554,0.014765,-0.00061918,0.00053194,0.00035897,-0.00019389,0.00074616,-0.00003632,-0.00011534,-0.00008284,16:07:01..149,,,,
16:07:01..190,7.06942683,0.01485,-0.00062533,0.00052439,0.00035869,-0.00019527,0.0007471,-0.00003583,-0.00011501,-0.00008252,16:07:01..193,,,,
16:07:01..243,7.02288342,0.014882,-0.00062509,0.00052505,0.00035924,-0.000195,0.00074657,-0.00003601,-0.00011502,-0.00008246,16:07:01..281,,,,
16:07:01..314,6.99702597,0.014882,-0.00062518,0.00052519,0.00035906,-0.00019487,0.00074705,-0.00003589,-0.00011508,-0.00008282,16:07:01..281,,,,
16:07:01..347,7.0849413,0.015375,-0.00062198,0.00052069,0.00035925,-0.00019259,0.00074642,-0.00003584,-0.00011468,-0.00008234,16:07:01..369,,,,
16:07:01..525,7.1883711,0.015375,-0.00062182,0.00052026,0.00035875,-0.0001929,0.00074713,-0.00003496,-0.00011473,-0.00008206,16:07:01..515,,,,
16:07:01..557,7.05391236,0.016052,-0.00062342,0.00052761,0.00035867,-0.00019588,0.00074619,-0.000034,-0.00011457,-0.0000815,16:07:01..561,,,,
16:07:01..646,7.09011279,0.016052,-0.00062345,0.00052736,0.00035863,-0.00019574,0.00074546,-0.00003375,-0.0001144,-0.00008183,16:07:01..640,,,,
16:07:01..679,7.09528428,0.016235,-0.00062387,0.00051355,0.00035807,-0.00019545,0.00074376,-0.00002978,-0.00011303,-0.00007828,16:07:01..684,,,,
16:07:01..790,7.06425534,0.016235,-0.00062399,0.00051257,0.00035834,-0.00019599,0.0007437,-0.00002909,-0.00011319,-0.00007799,16:07:01..781,,,,
16:07:01..823,7.20388557,0.016149,-0.00062295,0.00051893,0.00035861,-0.00019507,0.00074418,-0.00003354,-0.00011455,-0.00008077,16:07:01..826,,,,
16:07:01..879,6.97116852,0.016126,-0.00062291,0.00051821,0.00035806,-0.00019539,0.00074509,-0.00003366,-0.0001148,-0.00008126,16:07:01..918,,,,
16:07:01..939,7.00219746,0.016126,-0.00062277,0.00051836,0.00035859,-0.00019526,0.00074394,-0.00003404,-0.00011521,-0.0000811,16:07:01..918,,,,
16:07:01..973,6.96082554,0.016219,-0.0006202,0.00050751,0.00035773,-0.00019304,0.00074596,-0.00003078,-0.00011329,-0.00007847,16:07:02..007,,,,
16:07:02..113,7.00219746,0.016219,-0.00062068,0.00050824,0.000358,-0.00019308,0.00074479,-0.00003116,-0.00011343,-0.00007885,16:07:02..104,,,,
16:07:02..145,7.15734216,0.016192,-0.00062164,0.0005101,0.00035813,-0.00019311,0.00074538,-0.00003179,-0.00011367,-0.00007981,16:07:02..148,,,,
16:07:02..189,7.0332264,0.016212,-0.00062172,0.00050972,0.00035806,-0.00019379,0.00074577,-0.0000315,-0.00011327,-0.00007973,16:07:02..241,,,,
16:07:02..307,6.91428213,0.016212,-0.00062163,0.00051003,0.00035816,-0.00019349,0.00074589,-0.00003189,-0.00011359,-0.00007938,16:07:02..298,,,,
16:07:02..342,7.09011279,0.015917,-0.00062404,0.00050497,0.00035752,-0.0001942,0.00074344,-0.00002886,-0.00011331,-0.00007875,16:07:02..383,,,,
16:07:02..472,7.26077196,0.015917,-0.00062437,0.00050505,0.00035749,-0.00019426,0.00074463,-0.00002837,-0.00011293,-0.0000781,16:07:02..462,,,,
16:07:02..505,6.95565405,0.015767,-0.00062347,0.00052226,0.00035767,-0.00019443,0.00074513,-0.00003644,-0.00011548,-0.0000829,16:07:02..506,,,,
16:07:02..669,6.97116852,0.015767,-0.00062301,0.000521,0.00035837,-0.00019435,0.00074653,-0.00003526,-0.00011465,-0.00008246,16:07:02..659,,,,
16:07:02..702,6.3092178,0.01571,-0.00062565,0.00050955,0.00035802,-0.00019524,0.00074494,-0.00003134,-0.00011489,-0.00008106,16:07:02..702,,,,
16:07:02..736,6.56262081,0.015697,-0.00061919,0.00053058,0.00035965,-0.0001886,0.00075235,-0.00003743,-0.00011712,-0.00008584,16:07:02..745,,,,
16:07:02..825,8.13992526,0.015697,-0.00061918,0.00053015,0.00035947,-0.00018854,0.00075378,-0.0000369,-0.00011678,-0.00008564,16:07:02..885,,,,
16:07:02..901,6.74362296,0.015697,-0.00061944,0.00053069,0.00035944,-0.00018799,0.00075276,-0.00003735,-0.00011757,-0.00008589,16:07:02..885,,,,
16:07:02..936,6.99702597,0.014959,-0.00062728,0.00053419,0.00035956,-0.00019411,0.00075004,-0.00003787,-0.00011707,-0.0000872,16:07:02..973,,,,
16:07:03..037,6.65570763,0.014959,-0.00062718,0.00053379,0.00035957,-0.0001939,0.00075071,-0.00003768,-0.00011693,-0.0000867,16:07:03..026,,,,
16:07:03..069,7.06425534,0.014497,-0.00062434,0.00053304,0.00035901,-0.00019167,0.00074978,-0.0000362,-0.00011524,-0.00008655,16:07:03..167,,,,
16:07:03..234,7.01771193,0.014497,-0.00062397,0.00053333,0.00035927,-0.00019174,0.00074888,-0.00003617,-0.00011506,-0.0000859,16:07:03..225,,,,
16:07:03..266,7.02288342,0.014397,-0.00062288,0.00052972,0.0003588,-0.00019272,0.00074836,-0.00003634,-0.0001162,-0.00008575,16:07:03..268,,,,
16:07:03..378,6.99185448,0.014397,-0.00062311,0.00052977,0.00035925,-0.00019259,0.000748,-0.00003705,-0.00011659,-0.00008626,16:07:03..368,,,,
16:07:03..412,7.04356938,0.014385,-0.00061926,0.00052765,0.00035872,-0.0001919,0.00074811,-0.00003624,-0.00011557,-0.00008399,16:07:03..454,,,,
16:07:03..537,7.03839789,0.014385,-0.00061936,0.00052768,0.00035881,-0.00019111,0.00074835,-0.00003588,-0.00011542,-0.00008395,16:07:03..526,,,,
16:07:03..569,7.05391236,0.014392,-0.00062211,0.00052021,0.0003582,-0.00019318,0.00074619,-0.00003409,-0.00011477,-0.00008357,16:07:03..614,,,,
16:07:03..672,6.98668299,0.014392,-0.00062199,0.00051942,0.00035813,-0.00019325,0.00074713,-0.0000338,-0.00011446,-0.00008356,16:07:03..614,,,,
16:07:03..708,6.96599703,0.01433,-0.00061729,0.00053834,0.00035844,-0.00019395,0.00074638,-0.00003707,-0.0001158,-0.00008441,16:07:03..721,,,,
16:07:03..820,6.95048256,0.01433,-0.00061764,0.00053868,0.00035858,-0.00019346,0.00074524,-0.0000374,-0.00011567,-0.00008498,16:07:03..811,,,,
16:07:03..854,7.06942683,0.014605,-0.00060805,0.00051362,0.00035785,-0.00019443,0.00074191,-0.00003434,-0.00011396,-0.00007557,16:07:03..855,,,,
16:07:03..936,7.02288342,0.014605,-0.00060862,0.00051322,0.0003574,-0.00019485,0.00074293,-0.00003426,-0.00011425,-0.00007579,16:07:03..974,,,,
16:07:04..007,7.02805491,0.014605,-0.00060868,0.00051407,0.00035723,-0.00019456,0.0007425,-0.00003463,-0.00011396,-0.00007586,16:07:03..974,,,,
16:07:04..041,7.1366562,0.014936,-0.0006227,0.00051404,0.00035878,-0.00019049,0.00074858,-0.00003491,-0.00011632,-0.00008291,16:07:04..059,,,,
16:07:04..183,6.99185448,0.014936,-0.00062271,0.00051366,0.00035868,-0.00019062,0.00074905,-0.00003509,-0.00011638,-0.00008357,16:07:04..174,,,,
16:07:04..217,7.07976981,0.015247,-0.00063315,0.00050753,0.00035861,-0.00019018,0.00075287,-0.00003199,-0.00011402,-0.00008552,16:07:04..218,,,,
16:07:04..259,6.96082554,0.015419,-0.00063287,0.00050791,0.00035879,-0.00018974,0.00075142,-0.00003213,-0.00011385,-0.00008575,16:07:04..299,,,,
16:07:04..351,7.13148471,0.015644,-0.00063366,0.0005071,0.00035815,-0.00019038,0.00075264,-0.00003188,-0.000114,-0.00008593,16:07:04..343,,,,
16:07:04..386,7.00736895,0.015678,-0.00063106,0.00051965,0.00035848,-0.00019492,0.00074919,-0.00003343,-0.00011535,-0.00008572,16:07:04..429,,,,
16:07:04..517,6.95565405,0.015678,-0.00063064,0.00051908,0.00035848,-0.00019557,0.00074926,-0.00003306,-0.00011534,-0.00008602,16:07:04..506,,,,
16:07:04..550,7.07459832,0.015299,-0.0006248,0.0005015,0.00035795,-0.00018987,0.00074885,-0.00003056,-0.00011373,-0.000081,16:07:04..594,,,,
16:07:04..658,7.01254044,0.015299,-0.00062455,0.00050062,0.00035736,-0.00019078,0.00074954,-0.00003044,-0.00011412,-0.00008127,16:07:04..646,,,,
16:07:04..691,7.05908385,0.015163,-0.00063476,0.00051048,0.00035876,-0.00019436,0.00076045,-0.00002807,-0.00011666,-0.00008214,16:07:04..749,,,,
16:07:04..810,7.09528428,0.015163,-0.00063504,0.00050978,0.00035848,-0.00019479,0.00076135,-0.00002795,-0.00011604,-0.00008173,16:07:04..801,,,,
16:07:04..841,7.09011279,0.015118,-0.00063508,0.00052114,0.0003597,-0.00019031,0.0007623,-0.0000347,-0.00011589,-0.00009102,16:07:04..845,,,,
16:07:04..964,7.04874087,0.015118,-0.0006353,0.00052193,0.00035967,-0.00019013,0.00076085,-0.00003468,-0.00011607,-0.00009152,16:07:04..953,,,,
16:07:04..996,7.03839789,0.01543,-0.00061781,0.00052069,0.00035915,-0.00018821,0.00075303,-0.00003532,-0.00011696,-0.00008504,16:07:05..076,,,,
16:07:05..137,7.19871408,0.01543,-0.00061774,0.00051965,0.00035904,-0.00018839,0.0007521,-0.00003515,-0.00011673,-0.00008518,16:07:05..132,,,,
16:07:05..169,7.25042898,0.015312,-0.00063795,0.00050388,0.00035782,-0.00019182,0.00075893,-0.00002912,-0.00011466,-0.0000864,16:07:05..132,,,,
16:07:05..259,7.01254044,0.015312,-0.00063809,0.00050392,0.00035741,-0.00019161,0.00075966,-0.00002895,-0.00011411,-0.00008671,16:07:05..311,,,,
16:07:05..328,7.17285663,0.015312,-0.00063871,0.00050376,0.00035819,-0.00019075,0.00075942,-0.00002929,-0.00011456,-0.0000868,16:07:05..311,,,,
16:07:05..361,6.99702597,0.015055,-0.00063622,0.00050674,0.00035849,-0.00019045,0.00075777,-0.00002552,-0.00011446,-0.00008681,16:07:05..397,,,,
16:07:05..507,6.99702597,0.015055,-0.00063645,0.00050636,0.00035898,-0.0001909,0.0007589,-0.00002534,-0.00011433,-0.00008716,16:07:05..495,,,,
16:07:05..538,7.06942683,0.014905,-0.00063536,0.00050998,0.0003591,-0.00019441,0.00078028,-0.00002257,-0.00011479,-0.00008087,16:07:05..540,,,,
16:07:05..599,6.9815115,0.014905,-0.00063539,0.00051034,0.00035936,-0.00019372,0.00077992,-0.00002269,-0.00011443,-0.00008058,16:07:05..645,,,,
16:07:05..695,6.94013958,0.014729,-0.00063531,0.00051024,0.00035887,-0.00019433,0.00078072,-0.00002257,-0.00011503,-0.00008125,16:07:05..689,,,,
16:07:05..729,7.12114173,0.014697,-0.00062168,0.00051332,0.00035798,-0.00019373,0.00074408,-0.00003125,-0.00011273,-0.00007982,16:07:05..732,,,,
16:07:05..876,7.00219746,0.014697,-0.00062166,0.00051266,0.00035785,-0.00019362,0.00074498,-0.00003098,-0.00011257,-0.00007943,16:07:05..867,,,,
16:07:05..913,6.91428213,0.014266,-0.00061589,0.00050503,0.00035756,-0.00018971,0.00074894,-0.00002863,-0.00011465,-0.00007849,16:07:05..953,,,,
16:07:06..042,7.07459832,0.014266,-0.00061523,0.00050457,0.00035793,-0.0001895,0.00074968,-0.00002822,-0.00011411,-0.00007807,16:07:06..033,,,,
16:07:06..077,7.16251365,0.013927,-0.00062656,0.0005073,0.00035775,-0.00019348,0.00074861,-0.00002901,-0.00011418,-0.00008108,16:07:06..142,,,,
16:07:06..213,6.95565405,0.013927,-0.00062706,0.00050822,0.0003581,-0.00019352,0.00074719,-0.00002956,-0.00011482,-0.00008174,16:07:06..205,,,,
16:07:06..248,7.14182769,0.013673,-0.00061269,0.00050248,0.00035766,-0.00018658,0.0007512,-0.00002564,-0.00011128,-0.00007491,16:07:06..309,,,,
16:07:06..372,7.07976981,0.013673,-0.00061237,0.00050297,0.00035764,-0.00018645,0.00075028,-0.00002566,-0.00011115,-0.00007509,16:07:06..364,,,,
16:07:06..407,6.94531107,0.013576,-0.00061909,0.00049957,0.00035662,-0.00019315,0.00074459,-0.0000277,-0.00011334,-0.00007467,16:07:06..454,,,,
16:07:06..517,6.95048256,0.013576,-0.00061852,0.00050019,0.00035683,-0.0001932,0.00074513,-0.00002781,-0.00011288,-0.00007493,16:07:06..508,,,,
16:07:06..548,7.04356938,0.013451,-0.00061978,0.00050124,0.00035724,-0.00019164,0.00074595,-0.00002597,-0.00011161,-0.00007703,16:07:06..551,,,,
16:07:06..664,7.12631322,0.013451,-0.00062026,0.00050053,0.00035619,-0.00019171,0.0007463,-0.00002661,-0.00011195,-0.00007685,16:07:06..652,,,,
16:07:06..696,6.99185448,0.013562,-0.00061939,0.00049729,0.00035681,-0.00019265,0.00074598,-0.00002426,-0.0001128,-0.00007487,16:07:06..697,,,,
16:07:06..814,7.02288342,0.013562,-0.00061957,0.0004979,0.00035698,-0.00019255,0.00074465,-0.00002459,-0.00011304,-0.00007534,16:07:06..802,,,,
16:07:06..847,7.02288342,0.013737,-0.00062441,0.00050081,0.00035686,-0.0001956,0.0007427,-0.00001917,-0.00011234,-0.00007209,16:07:06..903,,,,
16:07:06..959,7.07976981,0.013737,-0.00062489,0.00050099,0.00035715,-0.00019538,0.00074219,-0.00001882,-0.00011229,-0.00007178,16:07:06..950,,,,
16:07:06..990,7.0849413,0.013869,-0.00062357,0.00050029,0.00035682,-0.00019487,0.00074213,-0.00002144,-0.00011164,-0.0000718,16:07:06..993,,,,
16:07:07..112,7.01254044,0.013869,-0.00062396,0.00050026,0.0003569,-0.00019482,0.00074119,-0.00002166,-0.00011201,-0.00007235,16:07:07..102,,,,
16:07:07..148,6.97634001,0.013904,-0.00062483,0.0004994,0.00035658,-0.0001965,0.00074174,-0.00001341,-0.00011105,-0.00006693,16:07:07..220,,,,
16:07:07..278,7.05908385,0.013904,-0.00062444,0.00049945,0.00035715,-0.00019606,0.00074081,-0.00001285,-0.00011109,-0.00006661,16:07:07..275,,,,
16:07:07..312,7.01771193,0.013792,-0.00062689,0.0005082,0.00035766,-0.00019707,0.00077667,0.00000008,-0.00011303,-0.00005931,16:07:07..318,,,,
16:07:07..435,7.00219746,0.013792,-0.00062722,0.00050745,0.00035769,-0.00019664,0.00077824,0.00000009,-0.0001126,-0.00005932,16:07:07..423,,,,
16:07:07..466,7.01771193,0.013944,-0.00062591,0.00051003,0.00035846,-0.00019599,0.00078115,-0.00000247,-0.00011236,-0.00005994,16:07:07..467,,,,
16:07:07..500,6.96082554,0.013919,-0.0006301,0.00050587,0.00035872,-0.00019594,0.00079165,-0.00000177,-0.00011348,-0.00006081,16:07:07..511,,,,
16:07:07..672,6.9815115,0.013919,-0.00063077,0.00050607,0.00035793,-0.00019619,0.00079226,-0.00000293,-0.000114,-0.00006136,16:07:07..660,,,,
16:07:07..703,7.0849413,0.01412,-0.00063099,0.00051402,0.00035893,-0.00019431,0.00081399,-0.00000994,-0.00011315,-0.00006727,16:07:07..706,,,,
16:07:07..765,6.99185448,0.01412,-0.00063083,0.00051447,0.00035887,-0.00019462,0.00081279,-0.00001025,-0.0001131,-0.00006754,16:07:07..805,,,,
16:07:07..821,7.04874087,0.01412,-0.0006309,0.0005141,0.00035855,-0.00019511,0.0008136,-0.00001009,-0.00011302,-0.00006768,16:07:07..805,,,,
16:07:07..854,7.02288342,0.013979,-0.00062496,0.00051143,0.00035796,-0.00019149,0.00074873,-0.00003406,-0.00011558,-0.00008195,16:07:07..890,,,,
16:07:07..985,7.17285663,0.013979,-0.00062435,0.00051122,0.00035823,-0.00019092,0.00074783,-0.00003439,-0.00011532,-0.00008194,16:07:07..976,,,,
16:07:08..020,7.04356938,0.01365,-0.00062962,0.00050596,0.00035795,-0.00019425,0.00074624,-0.00002642,-0.00011343,-0.00007718,16:07:08..021,,,,
16:07:08..146,7.01254044,0.01365,-0.00062886,0.00050575,0.00035725,-0.00019414,0.00074673,-0.00002667,-0.00011338,-0.00007673,16:07:08..134,,,,
16:07:08..178,7.05391236,0.013138,-0.00060049,0.00050175,0.0003558,-0.00019821,0.00073859,-0.00002085,-0.00011181,-0.00006195,16:07:08..246,,,,
16:07:08..321,7.0849413,0.013138,-0.00060087,0.00050262,0.00035671,-0.00019743,0.00073731,-0.00002118,-0.00011252,-0.00006234,16:07:08..309,,,,
16:07:08..354,7.09528428,0.013361,-0.0006096,0.00052213,0.00035695,-0.00019586,0.00080268,0.00002608,-0.00011175,-0.00003753,16:07:08..396,,,,
16:07:08..472,7.14182769,0.013361,-0.00060947,0.00052246,0.00035721,-0.00019591,0.00080404,0.00002619,-0.00011127,-0.00003776,16:07:08..463,,,,
16:07:08..507,6.76948041,0.013837,-0.00060468,0.00049558,0.00035711,-0.00019672,0.00074197,0.00001945,-0.00010974,-0.00003418,16:07:08..548,,,,
16:07:08..639,7.01254044,0.013837,-0.00060385,0.00049539,0.00035734,-0.00019697,0.00074254,0.00002054,-0.00010977,-0.00003358,16:07:08..629,,,,
16:07:08..672,7.16768514,0.014223,-0.00060512,0.00049293,0.00035691,-0.00019715,0.00074534,0.00004823,-0.00010661,-0.0000164,16:07:08..673,,,,
16:07:08..774,6.97634001,0.014223,-0.00060586,0.00049342,0.0003571,-0.00019632,0.00074517,0.00004776,-0.00010656,-0.00001669,16:07:08..816,,,,
16:07:08..853,6.84705276,0.014223,-0.00060604,0.00049308,0.00035684,-0.00019635,0.00074562,0.00004753,-0.00010634,-0.00001756,16:07:08..816,,,,
16:07:08..888,6.89876766,0.014395,-0.00061652,0.00050739,0.00035743,-0.00019586,0.00074388,-0.00002707,-0.000112,-0.00006857,16:07:08..859,,,,
16:07:08..957,7.01771193,0.014395,-0.00061708,0.00050685,0.00035771,-0.00019527,0.00074396,-0.00002677,-0.00011217,-0.00006867,16:07:08..968,,,,
16:07:09..015,7.11597024,0.01442,-0.00061802,0.00050644,0.0003571,-0.00019536,0.00074333,-0.00002701,-0.00011222,-0.00006923,16:07:09..013,,,,
16:07:09..048,7.17285663,0.014476,-0.00062561,0.00050657,0.00035769,-0.00019409,0.00074522,-0.00002723,-0.00011146,-0.00007555,16:07:09..054,,,,
16:07:09..185,7.07976981,0.014476,-0.0006241,0.00050837,0.00035806,-0.00019391,0.00074384,-0.00002783,-0.00011149,-0.00007545,16:07:09..175,,,,
16:07:09..220,7.15734216,0.014446,-0.0006177,0.00049951,0.00035657,-0.00019607,0.00074142,-0.00000904,-0.00011009,-0.00005724,16:07:09..221,,,,
16:07:09..286,6.93496809,0.014446,-0.00061776,0.00049945,0.00035689,-0.00019603,0.000742,-0.00000786,-0.00011034,-0.00005692,16:07:09..327,,,,
16:07:09..345,7.09011279,0.014446,-0.00061852,0.0005001,0.00035648,-0.000196,0.00074169,-0.00000857,-0.0001105,-0.00005684,16:07:09..327,,,,
16:07:09..378,6.94013958,0.013684,-0.00062477,0.0005049,0.0003571,-0.00019686,0.00075893,-0.00000086,-0.00011098,-0.00005641,16:07:09..415,,,,
16:07:09..483,7.01771193,0.013684,-0.00062356,0.00050536,0.00035776,-0.00019611,0.00075878,-0.00000091,-0.00011052,-0.00005544,16:07:09..472,,,,
16:07:09..516,7.06942683,0.013529,-0.00063041,0.00049704,0.00035708,-0.00019571,0.00075539,-0.00000042,-0.00011025,-0.00005618,16:07:09..517,,,,
16:07:09..558,6.99185448,0.013529,-0.00062957,0.00049781,0.00035733,-0.00019552,0.00075484,-0.00000001,-0.00011037,-0.00005608,16:07:09..599,,,,
16:07:09..653,7.09528428,0.013425,-0.00062955,0.00049753,0.00035716,-0.00019579,0.00075507,-0.00000003,-0.00011035,-0.00005608,16:07:09..644,,,,
16:07:09..686,7.0332264,0.013422,-0.00063558,0.00050569,0.00035767,-0.00019458,0.00079619,-0.00001299,-0.00011306,-0.00006946,16:07:09..689,,,,
16:07:09..805,6.91945362,0.013422,-0.00063536,0.00050678,0.00035846,-0.00019389,0.00079636,-0.00001294,-0.0001131,-0.00006915,16:07:09..793,,,,
16:07:09..837,6.96082554,0.013587,-0.00061747,0.00050395,0.00035668,-0.00019355,0.00074532,-0.00003221,-0.00011368,-0.00007377,16:07:09..838,,,,
16:07:09..919,6.96599703,0.013587,-0.00061754,0.00050397,0.00035654,-0.00019344,0.00074514,-0.00003189,-0.00011379,-0.0000737,16:07:09..957,,,,
16:07:09..972,7.09528428,0.013587,-0.00061756,0.00050322,0.0003567,-0.00019292,0.00074573,-0.00003128,-0.00011293,-0.00007399,16:07:09..957,,,,
16:07:10..006,6.9815115,0.013775,-0.0006255,0.00050191,0.00035762,-0.00019028,0.00074746,-0.00003074,-0.0001135,-0.00007906,16:07:10..043,,,,
16:07:10..180,7.12114173,0.013775,-0.00062581,0.00050123,0.00035741,-0.00019048,0.00074779,-0.00003041,-0.00011341,-0.00007932,16:07:10..168,,,,
16:07:10..211,6.99702597,0.014378,-0.00062368,0.00050457,0.00035644,-0.00019247,0.00074585,-0.00003148,-0.00011296,-0.00007827,16:07:10..272,,,,
16:07:10..334,7.05391236,0.014378,-0.00062379,0.00050497,0.00035713,-0.00019202,0.00074487,-0.00003112,-0.000113,-0.00007789,16:07:10..324,,,,
16:07:10..367,6.95048256,0.014378,-0.00062446,0.00050412,0.00035707,-0.00019257,0.00074434,-0.00003041,-0.00011311,-0.00007815,16:07:10..324,,,,
16:07:10..401,7.01771193,0.014543,-0.00060707,0.00052191,0.00035909,-0.0001798,0.00075722,-0.00003159,-0.00011517,-0.00007778,16:07:10..368,,,,
16:07:10..491,7.04874087,0.014452,-0.00060773,0.00052196,0.00035844,-0.00018012,0.0007575,-0.00003148,-0.00011479,-0.00007753,16:07:10..529,,,,
16:07:10..585,6.99185448,0.014452,-0.00060744,0.00052228,0.0003591,-0.00017923,0.00075693,-0.00003091,-0.00011457,-0.00007759,16:07:10..574,,,,
16:07:10..618,7.15217067,0.014543,-0.00061862,0.00050757,0.00035882,-0.00018237,0.00075462,-0.00003037,-0.00011487,-0.00007933,16:07:10..662,,,,
16:07:10..724,7.05391236,0.014543,-0.00061876,0.00050698,0.00035847,-0.00018244,0.00075589,-0.0000301,-0.00011434,-0.00007871,16:07:10..716,,,,
16:07:10..757,7.13148471,0.014669,-0.00061297,0.0005099,0.00035841,-0.00017848,0.00075954,-0.00002838,-0.00011356,-0.00007386,16:07:10..759,,,,
16:07:10..870,6.95565405,0.014669,-0.0006133,0.0005099,0.00035883,-0.00017803,0.00075892,-0.00002885,-0.00011364,-0.00007481,16:07:10..860,,,,
16:07:10..903,6.91428213,0.014695,-0.00062108,0.00051388,0.00035983,-0.00018242,0.00075441,-0.00003509,-0.00011679,-0.00008157,16:07:10..906,,,,
16:07:10..958,7.06942683,0.014821,-0.00062114,0.00051381,0.00035925,-0.00018313,0.00075553,-0.00003495,-0.00011661,-0.00008156,16:07:11..006,,,,
16:07:11..056,6.95048256,0.014926,-0.00062092,0.00051363,0.00035964,-0.00018271,0.00075478,-0.00003491,-0.00011654,-0.00008196,16:07:11..047,,,,
16:07:11..090,7.00736895,0.015064,-0.00060272,0.0005031,0.00035935,-0.00017206,0.00076628,-0.00001999,-0.0001116,-0.00006601,16:07:11..092,,,,
16:07:11..216,7.21422855,0.015064,-0.00060316,0.0005042,0.00035936,-0.00017212,0.00076577,-0.00002073,-0.00011152,-0.00006591,16:07:11..206,,,,
16:07:11..251,6.96599703,0.015373,-0.00060981,0.00050567,0.00036046,-0.00017114,0.00076639,-0.00002377,-0.00011377,-0.00007259,16:07:11..293,,,,
16:07:11..359,6.93496809,0.015373,-0.0006099,0.000506,0.00035993,-0.00017126,0.00076591,-0.00002406,-0.00011381,-0.00007268,16:07:11..348,,,,
16:07:11..392,6.95565405,0.015205,-0.00060365,0.0005131,0.00035934,-0.00017143,0.00076666,-0.00002488,-0.00011276,-0.00007007,16:07:11..390,,,,
16:07:11..492,7.07459832,0.015205,-0.00060423,0.00051387,0.00036031,-0.00017101,0.00076588,-0.00002535,-0.00011324,-0.00007031,16:07:11..484,,,,
16:07:11..527,6.96082554,0.015062,-0.00060342,0.00050648,0.0003596,-0.00017517,0.00076316,-0.00002544,-0.00011464,-0.00006917,16:07:11..528,,,,
16:07:11..586,7.0332264,0.015062,-0.00060368,0.0005062,0.00035954,-0.00017503,0.00076193,-0.00002647,-0.00011542,-0.00006969,16:07:11..626,,,,
16:07:11..641,6.89876766,0.015062,-0.00060329,0.00050537,0.00035959,-0.00017506,0.00076303,-0.00002524,-0.00011474,-0.00006936,16:07:11..626,,,,
16:07:11..675,7.00219746,0.014623,-0.00062441,0.00050537,0.00035845,-0.00018438,0.00075006,-0.0000336,-0.00011603,-0.00008125,16:07:11..714,,,,
16:07:11..803,6.97634001,0.014623,-0.0006246,0.00050442,0.00035879,-0.00018496,0.00075097,-0.00003322,-0.0001153,-0.00008081,16:07:11..791,,,,
16:07:11..835,7.16251365,0.014348,-0.00061528,0.00050017,0.00036069,-0.00016738,0.00077614,-0.0000155,-0.00011215,-0.00006947,16:07:11..876,,,,
16:07:11..967,7.04356938,0.014348,-0.0006157,0.00050078,0.00036024,-0.00016746,0.00077544,-0.00001574,-0.00011255,-0.00007009,16:07:11..956,,,,
16:07:12..001,6.83670978,0.014124,-0.00062151,0.00049523,0.00035825,-0.00017897,0.00075954,-0.00002403,-0.00011503,-0.00007657,16:07:12..081,,,,
16:07:12..138,6.9815115,0.014124,-0.0006217,0.00049588,0.00035858,-0.00017871,0.00075929,-0.00002441,-0.00011469,-0.00007632,16:07:12..081,,,,
16:07:12..172,7.23491451,0.014076,-0.00061457,0.00050139,0.00035873,-0.000179,0.00075768,-0.00002347,-0.00011156,-0.00007531,16:07:12..185,,,,
16:07:12..322,7.09011279,0.014076,-0.00061502,0.00050034,0.00035836,-0.00017963,0.00075873,-0.00002327,-0.00011146,-0.00007478,16:07:12..312,,,,
16:07:12..355,6.91428213,0.014177,-0.00061987,0.00049621,0.00035856,-0.00017902,0.00075725,-0.00002322,-0.00011314,-0.00007535,16:07:12..356,,,,
16:07:12..429,6.91945362,0.014205,-0.00062026,0.00049555,0.00035853,-0.00017958,0.000758,-0.00002336,-0.00011315,-0.00007567,16:07:12..475,,,,
16:07:12..536,7.10045577,0.014205,-0.00062052,0.00049572,0.00035855,-0.0001792,0.00075728,-0.00002335,-0.00011315,-0.00007544,16:07:12..526,,,,
16:07:12..568,7.04356938,0.014362,-0.00062594,0.00049172,0.00035706,-0.00018329,0.00075435,-0.00001943,-0.00011163,-0.00007527,16:07:12..611,,,,
16:07:12..706,7.07976981,0.014362,-0.00062591,0.00049237,0.00035711,-0.00018332,0.00075447,-0.00001886,-0.00011187,-0.00007526,16:07:12..697,,,,
16:07:12..740,7.02805491,0.014192,-0.00062256,0.00049385,0.00035698,-0.00018406,0.00075522,-0.00002335,-0.00011217,-0.00007674,16:07:12..742,,,,
16:07:12..883,7.03839789,0.014192,-0.00062275,0.00049446,0.00035712,-0.00018407,0.00075385,-0.00002418,-0.00011225,-0.00007752,16:07:12..872,,,,
16:07:12..917,6.9815115,0.014059,-0.00062335,0.0004967,0.00035705,-0.00018966,0.00074502,-0.0000262,-0.00011314,-0.00007617,16:07:12..959,,,,
16:07:13..066,7.02288342,0.014059,-0.00062307,0.00049595,0.00035643,-0.00018958,0.00074617,-0.00002554,-0.00011287,-0.00007663,16:07:13..057,,,,
16:07:13..100,7.07459832,0.01435,-0.00062183,0.0004954,0.00035701,-0.00018568,0.00075166,-0.00002448,-0.00011251,-0.00007598,16:07:13..101,,,,
16:07:13..159,7.07459832,0.01435,-0.00062219,0.00049564,0.00035726,-0.00018571,0.00075145,-0.00002437,-0.00011222,-0.00007683,16:07:13..198,,,,
16:07:13..214,6.98668299,0.01435,-0.00062176,0.00049555,0.00035737,-0.00018519,0.00075129,-0.0000244,-0.00011271,-0.00007684,16:07:13..198,,,,
16:07:13..248,6.96599703,0.014395,-0.00061875,0.00049772,0.00035677,-0.00018678,0.00074896,-0.00002742,-0.00011361,-0.00007723,16:07:13..284,,,,
16:07:13..381,7.01254044,0.014395,-0.00061862,0.00049765,0.00035717,-0.00018689,0.00074893,-0.00002799,-0.00011326,-0.00007705,16:07:13..370,,,,
16:07:13..413,7.10045577,0.014778,-0.00062818,0.00049265,0.00035677,-0.00018776,0.00074885,-0.00001887,-0.00011108,-0.00007525,16:07:13..478,,,,
16:07:13..541,7.09011279,0.014778,-0.00062858,0.00049235,0.00035642,-0.00018837,0.00075001,-0.00001901,-0.0001111,-0.00007494,16:07:13..532,,,,
16:07:13..572,6.96082554,0.014941,-0.00062995,0.00049359,0.00035637,-0.0001918,0.00074555,-0.00001914,-0.00011238,-0.00007516,16:07:13..574,,,,
16:07:13..660,6.97634001,0.014941,-0.00063021,0.00049281,0.00035637,-0.00019216,0.00074597,-0.00001871,-0.0001117,-0.00007487,16:07:13..658,,,,
16:07:13..691,7.04356938,0.015029,-0.00061816,0.00049791,0.00035656,-0.00018965,0.00074647,-0.00002759,-0.00011308,-0.00007583,16:07:13..700,,,,
16:07:13..827,7.15217067,0.015029,-0.00061857,0.00049689,0.0003565,-0.00018962,0.00074736,-0.00002809,-0.00011264,-0.00007487,16:07:13..816,,,,
16:07:13..859,7.00219746,0.014971,-0.00061621,0.00049936,0.00035647,-0.00019044,0.00074369,-0.00002859,-0.00011276,-0.00007712,16:07:13..861,,,,
16:07:13..925,7.01254044,0.014971,-0.00061575,0.00049943,0.00035605,-0.00019038,0.0007435,-0.00002884,-0.00011277,-0.00007632,16:07:13..964,,,,
16:07:13..981,6.99185448,0.014971,-0.00061497,0.00049887,0.0003563,-0.00019066,0.00074328,-0.00002829,-0.00011272,-0.00007561,16:07:13..964,,,,
16:07:14..013,6.99702597,0.014851,-0.00063137,0.00049934,0.00035685,-0.00019123,0.00074929,-0.00002873,-0.00011408,-0.00008158,16:07:14..052,,,,
16:07:14..151,7.01771193,0.014851,-0.00063157,0.00049958,0.00035735,-0.00019134,0.00074818,-0.0000284,-0.00011441,-0.00008199,16:07:14..140,,,,
16:07:14..183,7.02805491,0.014853,-0.00062465,0.000503,0.00035757,-0.00019101,0.00074503,-0.00003266,-0.00011436,-0.00008108,16:07:14..225,,,,
16:07:14..305,7.00219746,0.014853,-0.00062424,0.00050256,0.00035715,-0.00019189,0.00074579,-0.00003191,-0.00011427,-0.00008181,16:07:14..296,,,,
16:07:14..340,7.04874087,0.014902,-0.0006199,0.00049583,0.00035669,-0.00019162,0.00074323,-0.00002425,-0.00011279,-0.00007532,16:07:14..341,,,,
16:07:14..382,7.01771193,0.014908,-0.00061918,0.00049536,0.00035613,-0.00019156,0.00074343,-0.00002423,-0.00011267,-0.00007492,16:07:14..420,,,,
16:07:14..436,7.0332264,0.014908,-0.00061925,0.00049496,0.00035637,-0.00019143,0.00074292,-0.00002381,-0.00011231,-0.00007428,16:07:14..420,,,,
16:07:14..469,7.10045577,0.014892,-0.00062548,0.00049725,0.00035723,-0.00018932,0.00075082,-0.00002593,-0.00011537,-0.00007845,16:07:14..508,,,,
16:07:14..621,6.97634001,0.014892,-0.00062506,0.00049686,0.00035718,-0.0001888,0.0007507,-0.0000243,-0.0001155,-0.00007775,16:07:14..609,,,,
16:07:14..654,7.05391236,0.015058,-0.00062699,0.00049741,0.00035716,-0.00019238,0.00074379,-0.00003,-0.00011301,-0.00007865,16:07:14..714,,,,
16:07:14..785,6.95565405,0.015058,-0.00062702,0.0004964,0.00035649,-0.00019239,0.00074426,-0.00002904,-0.00011231,-0.00007768,16:07:14..778,,,,
16:07:14..819,7.01254044,0.015189,-0.00061879,0.00049825,0.00035608,-0.00019323,0.00074125,-0.00002699,-0.00011154,-0.00007411,16:07:14..822,,,,
16:07:14..877,7.1366562,0.015189,-0.00061876,0.00049843,0.00035677,-0.00019357,0.00074029,-0.00002661,-0.00011165,-0.00007475,16:07:14..916,,,,
16:07:14..931,7.06425534,0.015189,-0.00061972,0.00049808,0.00035649,-0.00019318,0.00074117,-0.00002693,-0.00011144,-0.00007437,16:07:14..916,,,,
16:07:14..968,6.96599703,0.015343,-0.00062502,0.00049707,0.00035724,-0.00019178,0.0007442,-0.00002479,-0.00011359,-0.00007732,16:07:15..005,,,,
16:07:15..100,7.04874087,0.015343,-0.00062496,0.00049716,0.00035659,-0.0001924,0.00074345,-0.0000245,-0.00011358,-0.00007696,16:07:15..090,,,,
16:07:15..134,7.02288342,0.015405,-0.00063038,0.0004975,0.00035627,-0.0001924,0.00074399,-0.00002715,-0.00011311,-0.00007695,16:07:15..181,,,,
16:07:15..261,7.01771193,0.015405,-0.00063014,0.0004984,0.00035711,-0.0001922,0.00074337,-0.00002711,-0.00011311,-0.00007686,16:07:15..250,,,,
16:07:15..293,6.94013958,0.015389,-0.00062434,0.00049974,0.00035659,-0.0001936,0.00074295,-0.0000309,-0.00011313,-0.00007749,16:07:15..336,,,,
16:07:15..405,7.09011279,0.015389,-0.00062468,0.00050069,0.00035655,-0.00019314,0.00074195,-0.00003114,-0.00011345,-0.00007853,16:07:15..394,,,,
16:07:15..438,7.0849413,0.015153,-0.00062034,0.00049621,0.00035646,-0.00019521,0.00073922,-0.00002393,-0.0001122,-0.00007153,16:07:15..487,,,,
16:07:15..554,7.04356938,0.015153,-0.00062083,0.00049669,0.00035657,-0.0001941,0.0007388,-0.00002342,-0.00011284,-0.00007147,16:07:15..487,,,,
16:07:15..588,6.95565405,0.015003,-0.00062353,0.00049323,0.00035623,-0.00019591,0.00073935,-0.00001585,-0.00011112,-0.00006478,16:07:15..599,,,,
16:07:15..642,7.01254044,0.01486,-0.00062394,0.00049309,0.00035611,-0.00019573,0.00073925,-0.00001624,-0.00011153,-0.00006505,16:07:15..684,,,,
16:07:15..702,7.05908385,0.01486,-0.00062443,0.00049325,0.00035624,-0.00019575,0.00073913,-0.00001596,-0.00011111,-0.00006515,16:07:15..684,,,,
16:07:15..734,6.96082554,0.014714,-0.00062198,0.00050198,0.00035689,-0.00019478,0.00074069,-0.00003079,-0.00011448,-0.00007669,16:07:15..771,,,,
16:07:15..914,7.01254044,0.014714,-0.00062234,0.00050164,0.00035627,-0.00019524,0.00074143,-0.00003086,-0.0001142,-0.00007638,16:07:15..902,,,,
16:07:15..945,7.15217067,0.014498,-0.00062436,0.00050538,0.00035746,-0.00019513,0.00074247,-0.00002768,-0.00011477,-0.0000762,16:07:15..902,,,,
16:07:16..050,7.20905706,0.01451,-0.0006236,0.00050643,0.00035798,-0.00019514,0.00074217,-0.00002753,-0.00011434,-0.00007541,16:07:16..084,,,,
16:07:16..140,6.99702597,0.01451,-0.00062419,0.00050467,0.00035757,-0.00019542,0.00074268,-0.00002739,-0.00011462,-0.00007538,16:07:16..131,,,,
16:07:16..174,7.02288342,0.014592,-0.00062045,0.0005003,0.00035634,-0.00019474,0.00074083,-0.00002785,-0.00011341,-0.00007349,16:07:16..174,,,,
16:07:16..298,7.11079875,0.014592,-0.00062136,0.00050057,0.00035689,-0.00019496,0.00074024,-0.00002741,-0.00011408,-0.00007419,16:07:16..287,,,,
16:07:16..330,7.06425534,0.014603,-0.00062561,0.0005022,0.00035723,-0.00019637,0.00074733,-0.00001897,-0.0001145,-0.00006749,16:07:16..332,,,,
16:07:16..375,7.07976981,0.014603,-0.0006251,0.00050151,0.00035704,-0.00019735,0.00074735,-0.00001865,-0.00011394,-0.0000676,16:07:16..419,,,,
16:07:16..461,6.87291021,0.014603,-0.00062504,0.00050239,0.00035706,-0.00019673,0.00074684,-0.00001853,-0.00011393,-0.00006771,16:07:16..419,,,,
16:07:16..495,7.01771193,0.014504,-0.00062281,0.00050439,0.00035721,-0.00019465,0.00074214,-0.00003181,-0.00011349,-0.0000771,16:07:16..508,,,,
16:07:16..649,7.01771193,0.014504,-0.00062285,0.00050519,0.00035736,-0.00019423,0.00074183,-0.00003142,-0.00011364,-0.00007693,16:07:16..637,,,,
16:07:16..681,6.99185448,0.014681,-0.0006241,0.00049907,0.00035763,-0.0001963,0.00074061,-0.00001452,-0.00011366,-0.00006506,16:07:16..734,,,,
16:07:16..816,7.15217067,0.014681,-0.00062469,0.000499,0.00035764,-0.00019639,0.00074091,-0.00001516,-0.00011316,-0.0000657,16:07:16..810,,,,
16:07:16..849,6.93496809,0.014897,-0.00062402,0.00049965,0.00035679,-0.00019618,0.00074,-0.00002763,-0.00011387,-0.00007252,16:07:16..810,,,,
16:07:16..929,7.19354259,0.014897,-0.00062407,0.00049936,0.00035636,-0.00019664,0.00074002,-0.00002803,-0.00011404,-0.00007264,16:07:16..993,,,,
16:07:17..044,7.11597024,0.014735,-0.00062392,0.00050028,0.00035747,-0.00019589,0.00074024,-0.00002807,-0.0001136,-0.00007265,16:07:17..038,,,,
16:07:17..077,7.0332264,0.014687,-0.00063002,0.0004952,0.00035649,-0.00019574,0.00074258,-0.00002158,-0.00011363,-0.00007041,16:07:17..082,,,,
16:07:17..172,7.04356938,0.014687,-0.00063061,0.00049557,0.00035665,-0.00019535,0.00074205,-0.00002204,-0.00011331,-0.00007052,16:07:17..162,,,,
16:07:17..207,7.02288342,0.014888,-0.00062501,0.00050497,0.00035746,-0.00019627,0.00074273,-0.00003105,-0.00011457,-0.00007506,16:07:17..250,,,,
16:07:17..328,7.10045577,0.014888,-0.00062539,0.00050341,0.00035709,-0.00019691,0.00074209,-0.00003101,-0.00011511,-0.00007599,16:07:17..318,,,,
16:07:17..361,7.06942683,0.014993,-0.00062942,0.00049952,0.00035704,-0.0001956,0.00074347,-0.00002219,-0.0001119,-0.00007389,16:07:17..406,,,,
16:07:17..509,7.10562726,0.014993,-0.00062894,0.00049946,0.00035655,-0.00019593,0.0007438,-0.00002278,-0.00011187,-0.00007407,16:07:17..500,,,,
16:07:17..544,6.91945362,0.014933,-0.00062156,0.00050382,0.00035745,-0.00019602,0.00074013,-0.00003175,-0.00011522,-0.00007466,16:07:17..587,,,,
16:07:17..727,7.10045577,0.014933,-0.00062193,0.00050332,0.00035702,-0.00019642,0.00074114,-0.00003121,-0.00011499,-0.00007494,16:07:17..716,,,,
16:07:17..760,7.03839789,0.014741,-0.00063474,0.00051362,0.00035757,-0.00019466,0.0007722,-0.00003166,-0.00011423,-0.00008064,16:07:17..803,,,,
16:07:17..915,6.95565405,0.014741,-0.00063447,0.00051432,0.00035773,-0.00019435,0.000776,-0.00003204,-0.00011391,-0.00007971,16:07:17..904,,,,
16:07:17..947,6.95565405,0.014606,-0.00062388,0.0005048,0.0003571,-0.0001954,0.00074133,-0.0000319,-0.00011452,-0.00007616,16:07:17..992,,,,
16:07:18..079,6.96599703,0.014606,-0.00062367,0.00050558,0.00035742,-0.00019533,0.00074119,-0.000032,-0.00011452,-0.00007559,16:07:18..071,,,,
16:07:18..113,6.90393915,0.014356,-0.00063379,0.00051904,0.00035738,-0.00019308,0.00076064,-0.00003594,-0.00011397,-0.00008528,16:07:18..071,,,,
16:07:18..179,6.91945362,0.014291,-0.00063395,0.0005194,0.00035823,-0.00019319,0.0007613,-0.00003437,-0.00011413,-0.00008541,16:07:18..231,,,,
16:07:18..255,6.87291021,0.014291,-0.00063427,0.00051749,0.0003579,-0.0001934,0.00076327,-0.00003305,-0.00011405,-0.00008432,16:07:18..231,,,,
16:07:18..288,7.21940004,0.014086,-0.00062557,0.00050135,0.00035698,-0.00019396,0.00074223,-0.00003377,-0.00011433,-0.00007772,16:07:18..320,,,,
16:07:18..439,6.95565405,0.014086,-0.00062493,0.00050044,0.00035635,-0.00019416,0.00074315,-0.0000335,-0.00011402,-0.00007726,16:07:18..429,,,,
16:07:18..474,6.94013958,0.013958,-0.00063377,0.00051233,0.00035832,-0.0001953,0.00076582,-0.00002847,-0.00011402,-0.00007829,16:07:18..554,,,,
16:07:18..635,6.99185448,0.013958,-0.00063386,0.00051256,0.00035767,-0.0001953,0.00076882,-0.00002853,-0.00011422,-0.00007865,16:07:18..626,,,,
16:07:18..668,7.02288342,0.013831,-0.00062518,0.00050518,0.00035696,-0.00019432,0.00074166,-0.00003357,-0.0001139,-0.00007804,16:07:18..626,,,,
16:07:18..761,6.95565405,0.013831,-0.00062567,0.0005044,0.00035711,-0.00019445,0.00074292,-0.0000335,-0.00011364,-0.0000778,16:07:18..807,,,,
16:07:18..822,7.1366562,0.013831,-0.00062562,0.00050481,0.00035706,-0.00019423,0.00074105,-0.00003347,-0.00011408,-0.0000781,16:07:18..807,,,,
16:07:18..857,7.06942683,0.013926,-0.00061496,0.00050378,0.0003587,-0.00019675,0.00074,-0.00000327,-0.00011505,-0.00005418,16:07:18..893,,,,
16:07:18..992,7.1883711,0.013926,-0.00061419,0.00050323,0.00035872,-0.00019682,0.00073976,-0.00000272,-0.0001144,-0.00005268,16:07:18..983,,,,
16:07:19..025,6.81602382,0.014001,-0.00062638,0.00050712,0.00035779,-0.00019484,0.00074187,-0.00003377,-0.00011398,-0.00007714,16:07:19..026,,,,
16:07:19..075,7.10562726,0.014001,-0.00062726,0.00050679,0.00035689,-0.00019529,0.00074167,-0.00003423,-0.00011452,-0.00007763,16:07:19..123,,,,
16:07:19..149,7.00219746,0.014001,-0.00062684,0.00050646,0.00035735,-0.00019546,0.00074109,-0.00003438,-0.0001143,-0.00007761,16:07:19..123,,,,
16:07:19..181,6.85739574,0.01414,-0.00063406,0.0005078,0.0003574,-0.00019576,0.00074687,-0.0000293,-0.0001127,-0.00007649,16:07:19..212,,,,
16:07:19..329,6.96599703,0.01414,-0.00063396,0.00050722,0.00035683,-0.00019623,0.00074906,-0.00003021,-0.00011253,-0.00007695,16:07:19..319,,,,
16:07:19..362,7.17802812,0.014722,-0.00062818,0.00050546,0.00035708,-0.00019461,0.00074299,-0.00003462,-0.00011515,-0.00007871,16:07:19..362,,,,
16:07:19..461,6.7746519,0.014722,-0.00062791,0.00050633,0.00035702,-0.0001943,0.00074238,-0.00003461,-0.00011527,-0.00007852,16:07:19..453,,,,
16:07:19..495,7.0332264,0.014773,-0.00061411,0.00049547,0.00035653,-0.00019487,0.00074173,-0.0000247,-0.00011251,-0.00006734,16:07:19..497,,,,
16:07:19..572,7.15734216,0.014773,-0.00061504,0.00049596,0.00035637,-0.00019473,0.00073996,-0.00002504,-0.00011286,-0.00006718,16:07:19..598,,,,
16:07:19..618,7.20388557,0.014773,-0.00061591,0.00049528,0.00035613,-0.00019448,0.00074104,-0.00002432,-0.00011255,-0.00006708,16:07:19..598,,,,
16:07:19..653,7.07459832,0.014555,-0.00062965,0.00050884,0.00035848,-0.00019497,0.00074679,-0.00003019,-0.00011625,-0.00007635,16:07:19..683,,,,
16:07:19..766,6.86773872,0.014555,-0.00062967,0.00050786,0.0003577,-0.00019552,0.00074693,-0.0000303,-0.00011604,-0.00007713,16:07:19..755,,,,
16:07:19..800,6.9297966,0.014397,-0.00062603,0.00050218,0.00035678,-0.00019244,0.00074324,-0.00003203,-0.00011277,-0.00007735,16:07:19..800,,,,
16:07:19..949,6.99185448,0.014397,-0.00062575,0.00050243,0.00035717,-0.00019249,0.00074236,-0.00003244,-0.00011251,-0.00007699,16:07:19..938,,,,
16:07:19..983,7.06425534,0.013503,-0.00061545,0.00050317,0.00035917,-0.00019657,0.00074183,-0.00000594,-0.00011456,-0.00005463,16:07:20..058,,,,
16:07:20..118,7.00219746,0.013503,-0.00061617,0.00050201,0.00035839,-0.00019685,0.00074184,-0.00000582,-0.0001149,-0.00005519,16:07:20..110,,,,
16:07:20..152,7.06425534,0.01341,-0.00062393,0.00050586,0.00035772,-0.00019527,0.00074282,-0.00002779,-0.0001132,-0.00007147,16:07:20..213,,,,
16:07:20..273,7.11079875,0.01341,-0.00062375,0.0005058,0.00035759,-0.00019582,0.00074099,-0.00002856,-0.00011333,-0.00007208,16:07:20..265,,,,
16:07:20..308,6.89876766,0.013557,-0.00063278,0.00051051,0.00035732,-0.00019421,0.0007472,-0.00003595,-0.00011435,-0.00008033,16:07:20..350,,,,
16:07:20..427,6.96082554,0.013557,-0.00063275,0.00051218,0.00035776,-0.00019401,0.00074742,-0.00003589,-0.00011366,-0.00008037,16:07:20..419,,,,
16:07:20..462,6.81602382,0.013605,-0.0006263,0.00050012,0.00035701,-0.00019258,0.00074393,-0.00003488,-0.00011521,-0.00007973,16:07:20..461,,,,
16:07:20..561,7.17285663,0.013774,-0.00062613,0.00049953,0.0003573,-0.00019271,0.00074473,-0.00003419,-0.00011513,-0.00007973,16:07:20..550,,,,
16:07:20..627,7.04356938,0.013774,-0.0006264,0.00050007,0.00035712,-0.00019259,0.00074365,-0.00003452,-0.00011554,-0.00007941,16:07:20..592,,,,
16:07:20..661,7.01771193,0.014421,-0.00062992,0.00050191,0.00035716,-0.00019515,0.0007434,-0.00002948,-0.00011454,-0.00007573,16:07:20..680,,,,
16:07:20..781,6.99185448,0.014525,-0.00063031,0.00050265,0.0003577,-0.00019475,0.00074276,-0.00002949,-0.00011479,-0.00007606,16:07:20..770,,,,
16:07:20..841,6.98668299,0.014525,-0.00063048,0.00050197,0.00035728,-0.00019518,0.00074389,-0.00002918,-0.00011434,-0.00007505,16:07:20..815,,,,
16:07:20..875,7.10045577,0.014738,-0.00062238,0.0005035,0.00035741,-0.0001915,0.00074311,-0.00003272,-0.00011442,-0.00007853,16:07:20..902,,,,
16:07:21..001,7.21940004,0.014738,-0.00062251,0.00050251,0.00035717,-0.00019217,0.00074343,-0.00003309,-0.00011428,-0.00007882,16:07:20..991,,,,
16:07:21..035,6.95565405,0.01487,-0.0006214,0.00050411,0.00035723,-0.00019298,0.00074209,-0.00003388,-0.00011507,-0.00007606,16:07:21..034,,,,
16:07:21..070,6.9815115,0.01498,-0.00062529,0.00050463,0.0003573,-0.00019366,0.00074118,-0.0000305,-0.00011365,-0.00007559,16:07:21..077,,,,
16:07:21..167,7.02288342,0.01498,-0.00062598,0.00050396,0.00035706,-0.00019392,0.00074064,-0.00003022,-0.00011354,-0.00007622,16:07:21..156,,,,
16:07:21..200,7.11079875,0.014847,-0.00062877,0.00051094,0.00035697,-0.0001925,0.00074371,-0.00003554,-0.00011474,-0.00008113,16:07:21..201,,,,
16:07:21..310,6.89876766,0.014734,-0.00062855,0.00051025,0.00035692,-0.00019257,0.00074411,-0.00003506,-0.00011466,-0.00008028,16:07:21..299,,,,
16:07:21..386,6.88325319,0.014734,-0.00062842,0.00051041,0.0003569,-0.00019223,0.00074301,-0.00003544,-0.0001149,-0.00008057,16:07:21..343,,,,
16:07:21..421,6.99185448,0.014443,-0.00062208,0.00050479,0.00035723,-0.00019279,0.00074129,-0.0000329,-0.00011487,-0.00007625,16:07:21..388,,,,
16:07:21..528,7.09528428,0.014443,-0.00062244,0.00050449,0.00035678,-0.00019341,0.00074167,-0.0000328,-0.00011484,-0.00007642,16:07:21..575,,,,
16:07:21..591,7.11079875,0.014443,-0.0006221,0.00050486,0.00035742,-0.00019286,0.00074113,-0.00003298,-0.00011503,-0.0000762,16:07:21..575,,,,
16:07:21..627,7.06425534,0.01402,-0.00062602,0.00050329,0.00035705,-0.00019393,0.00074192,-0.00003041,-0.00011402,-0.00007396,16:07:21..660,,,,
16:07:21..790,6.92462511,0.01402,-0.00062599,0.00050409,0.00035726,-0.00019395,0.00074072,-0.000031,-0.00011395,-0.00007485,16:07:21..780,,,,
16:07:21..823,7.05908385,0.013673,-0.00062615,0.00050405,0.0003566,-0.00019369,0.00074144,-0.00003182,-0.00011426,-0.00007498,16:07:21..822,,,,
16:07:21..857,7.00219746,0.013677,-0.00063411,0.00050395,0.00035701,-0.00019217,0.00074742,-0.00003068,-0.00011586,-0.00008083,16:07:21..822,,,,
16:07:21..942,7.04356938,0.013677,-0.00063348,0.00050473,0.00035763,-0.00019188,0.00074727,-0.00003053,-0.00011582,-0.00008059,16:07:21..992,,,,
16:07:22..010,7.10045577,0.013677,-0.00063274,0.00050521,0.00035709,-0.00019238,0.00074754,-0.00003016,-0.00011554,-0.00008043,16:07:21..992,,,,
16:07:22..043,7.04874087,0.013452,-0.00062244,0.00050594,0.00035792,-0.00019304,0.00074073,-0.00003187,-0.00011519,-0.00007433,16:07:22..079,,,,
16:07:22..189,7.16251365,0.013452,-0.00062254,0.00050569,0.00035729,-0.00019343,0.00074192,-0.00003096,-0.00011524,-0.00007426,16:07:22..179,,,,
16:07:22..222,7.06425534,0.013553,-0.00062188,0.0005049,0.00035744,-0.00019263,0.00074159,-0.0000331,-0.0001155,-0.00007545,16:07:22..223,,,,
16:07:22..321,6.99702597,0.013553,-0.00062165,0.00050515,0.00035774,-0.00019231,0.00074153,-0.00003292,-0.00011557,-0.00007514,16:07:22..223,,,,
16:07:22..355,7.14699918,0.013871,-0.00062735,0.00051689,0.00035838,-0.00019336,0.00075522,-0.00002923,-0.00011576,-0.00007437,16:07:22..324,,,,
16:07:22..440,6.97634001,0.013871,-0.00062723,0.00051698,0.00035846,-0.00019334,0.00075451,-0.00002952,-0.00011523,-0.00007412,16:07:22..466,,,,
16:07:22..482,6.91428213,0.013871,-0.00062762,0.00051704,0.00035851,-0.00019369,0.00075435,-0.00002939,-0.00011565,-0.00007422,16:07:22..466,,,,
16:07:22..516,6.97634001,0.014184,-0.00062638,0.00050508,0.00035733,-0.00019193,0.0007416,-0.00003117,-0.00011372,-0.00007531,16:07:22..553,,,,
16:07:22..670,6.99702597,0.014184,-0.00062672,0.00050499,0.00035737,-0.00019231,0.00074222,-0.00003102,-0.00011385,-0.00007552,16:07:22..660,,,,
16:07:22..704,7.04874087,0.014572,-0.00062408,0.00051826,0.00035865,-0.00019288,0.00076415,-0.00002077,-0.0001165,-0.00006935,16:07:22..748,,,,
16:07:22..846,6.99702597,0.014572,-0.00062472,0.00051763,0.00035874,-0.00019318,0.00076441,-0.00002018,-0.00011634,-0.00006908,16:07:22..839,,,,
16:07:22..880,7.01254044,0.014818,-0.00062492,0.00050722,0.00035805,-0.00019219,0.00074163,-0.00003077,-0.00011457,-0.00007532,16:07:22..883,,,,
16:07:22..997,7.06425534,0.014818,-0.00062555,0.00050721,0.00035768,-0.00019332,0.000742,-0.00003126,-0.00011431,-0.0000748,16:07:22..988,,,,
16:07:23..031,7.00736895,0.015286,-0.00062866,0.00051193,0.00035791,-0.00019369,0.00076075,-0.00002172,-0.00011534,-0.00007003,16:07:23..033,,,,
16:07:23..104,7.06942683,0.015286,-0.00062785,0.0005135,0.00035876,-0.00019274,0.00076208,-0.00002191,-0.00011567,-0.00007027,16:07:23..146,,,,
16:07:23..169,7.13148471,0.015286,-0.00062855,0.00051419,0.00035816,-0.0001939,0.00076341,-0.00002242,-0.00011536,-0.0000709,16:07:23..146,,,,
16:07:23..202,7.09528428,0.015685,-0.00062245,0.00050961,0.00035791,-0.00019311,0.00074213,-0.00003297,-0.0001151,-0.00007479,16:07:23..231,,,,
16:07:23..385,7.0332264,0.015685,-0.00062286,0.00050949,0.00035702,-0.00019347,0.00074207,-0.00003293,-0.00011497,-0.00007494,16:07:23..374,,,,
16:07:23..418,7.07976981,0.015631,-0.00062263,0.00051103,0.00035746,-0.00019307,0.00074237,-0.00003099,-0.00011501,-0.00007461,16:07:23..478,,,,
16:07:23..578,7.24525749,0.015631,-0.00062216,0.00051032,0.00035763,-0.00019339,0.00074321,-0.00003057,-0.00011474,-0.00007527,16:07:23..571,,,,
16:07:23..610,7.07459832,0.015508,-0.00062056,0.00050521,0.00035781,-0.0001938,0.00074195,-0.00002949,-0.00011554,-0.00007131,16:07:23..617,,,,
16:07:23..652,6.95048256,0.015293,-0.00062117,0.00050506,0.00035779,-0.00019354,0.00074108,-0.00002969,-0.00011596,-0.00007134,16:07:23..731,,,,
16:07:23..754,7.00219746,0.015293,-0.0006215,0.00050495,0.0003573,-0.00019396,0.00074195,-0.00002955,-0.00011533,-0.00007157,16:07:23..731,,,,
16:07:23..788,7.07976981,0.014875,-0.00062261,0.00051104,0.0003581,-0.00019342,0.00074186,-0.00003319,-0.00011441,-0.00007558,16:07:23..819,,,,
16:07:23..955,6.96082554,0.014875,-0.00062271,0.00051068,0.00035747,-0.00019312,0.00074262,-0.00003316,-0.00011443,-0.0000755,16:07:23..944,,,,
16:07:23..990,6.92462511,0.015155,-0.00062212,0.0005058,0.00035813,-0.00019246,0.00074127,-0.00003073,-0.00011572,-0.00007438,16:07:24..038,,,,
16:07:24..122,7.01254044,0.015155,-0.00062261,0.00050575,0.00035734,-0.00019308,0.00074204,-0.00003136,-0.0001153,-0.00007427,16:07:24..112,,,,
16:07:24..156,7.02288342,0.015254,-0.00062375,0.0005122,0.00035773,-0.00019331,0.0007425,-0.00003029,-0.00011452,-0.00007351,16:07:24..157,,,,
16:07:24..205,6.9815115,0.015254,-0.00062352,0.00051142,0.00035766,-0.00019323,0.00074352,-0.00002992,-0.00011432,-0.00007379,16:07:24..269,,,,
16:07:24..294,7.0849413,0.015254,-0.00062307,0.00051169,0.00035803,-0.00019321,0.00074247,-0.00002993,-0.00011475,-0.00007411,16:07:24..269,,,,
16:07:24..325,7.14182769,0.014849,-0.00061729,0.00050635,0.00035852,-0.00019284,0.00074569,-0.0000154,-0.00011398,-0.00006093,16:07:24..353,,,,
16:07:24..486,6.78499488,0.014849,-0.00061803,0.00050602,0.00035846,-0.00019329,0.00074575,-0.00001703,-0.00011388,-0.00006167,16:07:24..475,,,,
16:07:24..518,7.00736895,0.014606,-0.00062389,0.00050986,0.00035812,-0.00019279,0.00074479,-0.00002912,-0.00011423,-0.00007178,16:07:24..520,,,,
16:07:24..592,7.03839789,0.014606,-0.00062356,0.00051072,0.00035872,-0.0001925,0.00074317,-0.00002982,-0.00011459,-0.00007219,16:07:24..632,,,,
16:07:24..657,7.10562726,0.014606,-0.00062378,0.00050977,0.00035797,-0.00019296,0.00074427,-0.00002906,-0.00011435,-0.00007168,16:07:24..632,,,,
16:07:24..690,6.92462511,0.014437,-0.00063112,0.00051159,0.00035788,-0.0001922,0.0007574,-0.00002975,-0.00011608,-0.00007542,16:07:24..720,,,,
16:07:24..848,7.00736895,0.014437,-0.00063126,0.00051218,0.00035741,-0.00019233,0.00075572,-0.00003132,-0.00011641,-0.00007607,16:07:24..835,,,,
16:07:24..881,6.95048256,0.01417,-0.00062691,0.00051082,0.0003575,-0.00019315,0.00074563,-0.00003162,-0.00011438,-0.00007542,16:07:24..927,,,,
16:07:24..999,7.10562726,0.01417,-0.00062691,0.00051122,0.00035774,-0.0001926,0.00074464,-0.00003213,-0.00011475,-0.00007566,16:07:24..991,,,,
16:07:25..034,6.97634001,0.013594,-0.00062409,0.0005266,0.00035824,-0.00019356,0.00077016,-0.00002314,-0.00011534,-0.00007066,16:07:25..115,,,,
16:07:25..220,7.05908385,0.013594,-0.00062522,0.00052468,0.00035796,-0.00019368,0.00076909,-0.00002335,-0.00011483,-0.00007088,16:07:25..212,,,,
16:07:25..255,6.88842468,0.013615,-0.00062545,0.00051443,0.00035795,-0.0001926,0.00074677,-0.00002909,-0.00011468,-0.00007555,16:07:25..323,,,,
16:07:25..402,7.10045577,0.013615,-0.00062537,0.00051312,0.00035819,-0.00019342,0.00074698,-0.00002997,-0.00011421,-0.00007518,16:07:25..397,,,,
16:07:25..434,7.02288342,0.013877,-0.00062071,0.00052372,0.00035806,-0.00019345,0.00077882,-0.00001119,-0.00011542,-0.00006258,16:07:25..397,,,,
16:07:25..507,7.0849413,0.013954,-0.0006204,0.00052362,0.00035838,-0.0001935,0.00078118,-0.00000971,-0.00011507,-0.00006179,16:07:25..502,,,,
16:07:25..553,6.97116852,0.013954,-0.0006205,0.00052391,0.00035824,-0.0001936,0.00078404,-0.00000961,-0.00011538,-0.00006126,16:07:25..545,,,,
16:07:25..587,7.06425534,0.014065,-0.00062606,0.00051248,0.00035744,-0.00019255,0.00075066,-0.00002352,-0.00011557,-0.00007234,16:07:25..590,,,,
16:07:25..719,6.93496809,0.014065,-0.00062554,0.0005118,0.00035772,-0.00019308,0.00075169,-0.00002289,-0.00011578,-0.00007161,16:07:25..707,,,,
16:07:25..752,7.21940004,0.013772,-0.00062194,0.00051747,0.00035871,-0.0001937,0.000754,-0.00002216,-0.00011423,-0.00006689,16:07:25..802,,,,
16:07:25..866,7.0849413,0.013772,-0.00062261,0.00051669,0.00035798,-0.00019487,0.00075504,-0.00002199,-0.00011483,-0.00006744,16:07:25..857,,,,
16:07:25..898,7.11079875,0.01375,-0.00060602,0.00052043,0.0003588,-0.0001933,0.00077692,0.00001011,-0.00011419,-0.00004277,16:07:25..900,,,,
16:07:25..944,7.12114173,0.01375,-0.000607,0.0005206,0.0003582,-0.00019402,0.00077648,0.00000844,-0.00011364,-0.00004388,16:07:25..983,,,,
16:07:26..000,6.83670978,0.01375,-0.00060664,0.0005208,0.00035849,-0.000194,0.00077576,0.00000743,-0.00011373,-0.00004436,16:07:25..983,,,,
16:07:26..033,7.00736895,0.013551,-0.00062513,0.00050999,0.00035783,-0.0001935,0.00074723,-0.00002803,-0.00011439,-0.00007096,16:07:26..070,,,,
16:07:26..179,6.96599703,0.013551,-0.00062545,0.00050996,0.00035781,-0.00019335,0.00074719,-0.00002776,-0.0001147,-0.00007076,16:07:26..167,,,,
16:07:26..211,7.07976981,0.013574,-0.00063112,0.00051792,0.0003586,-0.00019335,0.0007843,-0.00002171,-0.00011567,-0.00007078,16:07:26..212,,,,
16:07:26..333,7.06942683,0.013574,-0.00063079,0.00051821,0.00035868,-0.00019316,0.00078597,-0.00002173,-0.00011514,-0.00007104,16:07:26..322,,,,
16:07:26..368,6.97116852,0.013464,-0.00062566,0.00051207,0.00035746,-0.00019326,0.00074976,-0.00002838,-0.00011541,-0.00007132,16:07:26..430,,,,
16:07:26..508,6.95565405,0.013464,-0.00062588,0.00051267,0.000358,-0.00019326,0.00074897,-0.0000284,-0.00011561,-0.00007147,16:07:26..499,,,,
16:07:26..540,7.06425534,0.013291,-0.00062429,0.00051365,0.00035796,-0.0001937,0.00074791,-0.00002756,-0.0001148,-0.00007077,16:07:26..542,,,,
16:07:26..658,7.05908385,0.013291,-0.00062355,0.00051468,0.00035819,-0.00019388,0.0007483,-0.00002841,-0.00011494,-0.00007093,16:07:26..648,,,,
16:07:26..691,7.12631322,0.013403,-0.00061727,0.00052999,0.00035849,-0.00019376,0.00080628,-0.00000088,-0.00011431,-0.00005442,16:07:26..693,,,,
16:07:26..740,7.10045577,0.013465,-0.00061709,0.00053014,0.0003582,-0.00019415,0.00081025,0.00000039,-0.00011409,-0.00005367,16:07:26..783,,,,
16:07:26..807,7.06425534,0.013465,-0.0006162,0.00053245,0.00035862,-0.00019317,0.0008131,0.00000055,-0.00011406,-0.00005342,16:07:26..783,,,,
16:07:26..842,6.89876766,0.013818,-0.00062232,0.00052032,0.00035807,-0.00019454,0.00075841,-0.00002396,-0.00011496,-0.00006711,16:07:26..873,,,,
16:07:26..992,6.89876766,0.013818,-0.00062235,0.00052166,0.00035856,-0.00019421,0.0007575,-0.00002528,-0.0001153,-0.00006766,16:07:26..982,,,,
16:07:27..027,7.07976981,0.014108,-0.00062569,0.00051666,0.00035834,-0.00019388,0.00074915,-0.00003152,-0.0001158,-0.00007278,16:07:27..095,,,,
16:07:27..201,6.99702597,0.014108,-0.00062629,0.00051727,0.00035877,-0.00019395,0.00074896,-0.00003128,-0.00011636,-0.00007357,16:07:27..193,,,,
16:07:27..237,7.02288342,0.014105,-0.00062485,0.00051156,0.00035842,-0.00019351,0.0007455,-0.00003191,-0.00011518,-0.0000732,16:07:27..277,,,,
16:07:27..356,6.97116852,0.014105,-0.00062487,0.0005113,0.00035788,-0.00019408,0.00074577,-0.00003188,-0.00011501,-0.00007297,16:07:27..348,,,,
16:07:27..391,7.06942683,0.014129,-0.00062687,0.00051005,0.00035781,-0.00019381,0.0007452,-0.00003208,-0.00011488,-0.00007328,16:07:27..393,,,,
16:07:27..467,7.05391236,0.014129,-0.00062622,0.00050998,0.00035789,-0.00019382,0.00074661,-0.00003177,-0.00011468,-0.00007314,16:07:27..520,,,,
16:07:27..552,7.01771193,0.014129,-0.00062653,0.00051036,0.0003581,-0.00019382,0.00074483,-0.00003135,-0.00011525,-0.00007403,16:07:27..520,,,,
16:07:27..586,7.04874087,0.014261,-0.00062305,0.00050943,0.00035731,-0.0001943,0.00074419,-0.00003396,-0.00011519,-0.00007275,16:07:27..606,,,,
16:07:27..723,7.02288342,0.014261,-0.00062287,0.00050981,0.00035815,-0.00019408,0.00074338,-0.00003341,-0.00011464,-0.00007249,16:07:27..713,,,,
16:07:27..757,7.04356938,0.014079,-0.00062363,0.00051014,0.0003579,-0.00019415,0.00074385,-0.0000322,-0.00011592,-0.00007262,16:07:27..797,,,,
16:07:27..892,7.07459832,0.014079,-0.00062346,0.00050957,0.00035766,-0.00019443,0.00074508,-0.00003261,-0.00011585,-0.00007198,16:07:27..885,,,,
16:07:27..926,6.94013958,0.014175,-0.00062308,0.00051135,0.00035841,-0.00019406,0.00074566,-0.00003315,-0.00011667,-0.00007382,16:07:27..927,,,,
16:07:27..963,7.1366562,0.014181,-0.00062342,0.00051096,0.00035849,-0.00019376,0.00074504,-0.00003282,-0.00011762,-0.00007379,16:07:28..013,,,,
16:07:28..035,6.94013958,0.014181,-0.00062308,0.00051002,0.00035816,-0.00019425,0.00074491,-0.00003247,-0.00011681,-0.00007345,16:07:28..013,,,,
16:07:28..067,7.10562726,0.014051,-0.0006303,0.00050786,0.0003587,-0.00019366,0.00074716,-0.00003243,-0.00011572,-0.00007375,16:07:28..100,,,,
16:07:28..226,7.00736895,0.014051,-0.00062993,0.00050789,0.00035812,-0.00019389,0.00074798,-0.00003254,-0.00011542,-0.0000735,16:07:28..213,,,,
16:07:28..256,6.99185448,0.01375,-0.00061934,0.00050862,0.0003576,-0.00019409,0.00074213,-0.00003094,-0.00011499,-0.00007207,16:07:28..257,,,,
16:07:28..350,6.99702597,0.01375,-0.00061924,0.00050759,0.00035744,-0.0001945,0.00074306,-0.00002991,-0.00011494,-0.00007134,16:07:28..393,,,,
16:07:28..408,6.99185448,0.01375,-0.00061844,0.00050817,0.00035782,-0.00019387,0.0007421,-0.0000304,-0.00011481,-0.00007077,16:07:28..393,,,,
16:07:28..441,7.09528428,0.013752,-0.00063016,0.00050308,0.00035701,-0.00019305,0.00074424,-0.0000348,-0.0001146,-0.00007658,16:07:28..478,,,,
16:07:28..610,6.96082554,0.013752,-0.00063091,0.00050271,0.00035657,-0.0001932,0.00074496,-0.00003485,-0.00011433,-0.00007619,16:07:28..598,,,,
16:07:28..642,7.04356938,0.014005,-0.00063319,0.00050962,0.00035768,-0.00019215,0.00074642,-0.00003692,-0.0001154,-0.00008053,16:07:28..686,,,,
16:07:28..801,6.91945362,0.014005,-0.00063316,0.00050931,0.00035743,-0.00019188,0.00074734,-0.0000369,-0.00011498,-0.00008032,16:07:28..792,,,,
16:07:28..834,7.10045577,0.014126,-0.00063243,0.00050363,0.00035791,-0.00019321,0.00074543,-0.00003078,-0.00011573,-0.00007656,16:07:28..878,,,,
16:07:29..004,6.89359617,0.014126,-0.000632,0.0005026,0.00035727,-0.00019309,0.00074557,-0.000031,-0.00011527,-0.00007667,16:07:28..994,,,,
16:07:29..038,7.14182769,0.013969,-0.00062966,0.00050483,0.00035742,-0.00019377,0.00074638,-0.00002502,-0.00011331,-0.00007006,16:07:29..036,,,,
16:07:29..071,6.85222425,0.013987,-0.00062454,0.0005107,0.00035648,-0.00019395,0.00074351,-0.00003441,-0.00011452,-0.0000767,16:07:29..078,,,,
16:07:29..135,6.9297966,0.013987,-0.00062455,0.00051161,0.00035741,-0.00019354,0.00074241,-0.00003487,-0.00011475,-0.00007641,16:07:29..183,,,,
16:07:29..200,7.10045577,0.013987,-0.00062434,0.0005111,0.00035707,-0.00019368,0.00074328,-0.0000342,-0.00011473,-0.00007658,16:07:29..183,,,,
16:07:29..234,7.09011279,0.014205,-0.00062323,0.00051629,0.00035865,-0.0001948,0.00074414,-0.00003139,-0.00011645,-0.00007244,16:07:29..268,,,,
16:07:29..399,7.19354259,0.014205,-0.00062344,0.00051603,0.00035856,-0.00019523,0.00074532,-0.00003094,-0.00011614,-0.00007219,16:07:29..388,,,,
16:07:29..431,6.99702597,0.014517,-0.00062324,0.00049747,0.00035644,-0.0001933,0.0007428,-0.00003423,-0.00011303,-0.00007049,16:07:29..474,,,,
16:07:29..556,6.93496809,0.014517,-0.00062331,0.00049835,0.00035655,-0.0001928,0.00074328,-0.00003397,-0.00011316,-0.00007091,16:07:29..474,,,,
16:07:29..589,7.00219746,0.014817,-0.00063007,0.00049681,0.00035621,-0.00019278,0.00074315,-0.00003109,-0.00011481,-0.00007474,16:07:29..605,,,,
16:07:29..662,6.99702597,0.014817,-0.0006302,0.00049696,0.00035685,-0.00019291,0.00074401,-0.00003018,-0.00011482,-0.00007467,16:07:29..710,,,,
16:07:29..733,7.07459832,0.014817,-0.00063052,0.00049704,0.00035645,-0.00019264,0.00074337,-0.00002992,-0.00011495,-0.00007478,16:07:29..710,,,,
16:07:29..766,7.13148471,0.014596,-0.00062297,0.00050178,0.00035707,-0.00019445,0.00074075,-0.00002813,-0.00011472,-0.00006783,16:07:29..795,,,,
16:07:29..922,6.94013958,0.014596,-0.00062293,0.00050145,0.00035685,-0.0001954,0.00074146,-0.00002856,-0.00011438,-0.00006809,16:07:29..912,,,,
16:07:29..955,6.96082554,0.014553,-0.00061278,0.00050112,0.00035608,-0.00019327,0.00074057,-0.00003099,-0.00011307,-0.00006892,16:07:29..956,,,,
16:07:30..035,7.10562726,0.014553,-0.00061294,0.0005004,0.00035617,-0.00019374,0.00074065,-0.00003105,-0.00011333,-0.00006874,16:07:30..083,,,,
16:07:30..100,7.06942683,0.014553,-0.00061294,0.00050102,0.0003562,-0.00019368,0.00073998,-0.00003122,-0.00011359,-0.00006866,16:07:30..083,,,,
16:07:30..134,6.8780817,0.014423,-0.0006167,0.00050883,0.00035626,-0.0001937,0.00074323,-0.00003682,-0.00011492,-0.00007359,16:07:30..171,,,,
16:07:30..321,7.07459832,0.014423,-0.00061697,0.000509,0.00035655,-0.00019337,0.00074177,-0.00003645,-0.0001153,-0.00007417,16:07:30..311,,,,
16:07:30..354,7.02805491,0.014577,-0.00062899,0.000499,0.00035655,-0.00019296,0.00074195,-0.00003186,-0.00011471,-0.00007429,16:07:30..433,,,,
16:07:30..513,7.10562726,0.014577,-0.00062899,0.00049857,0.00035614,-0.00019341,0.00074296,-0.0000314,-0.00011463,-0.00007453,16:07:30..505,,,,
16:07:30..547,7.10562726,0.014701,-0.00062845,0.00050491,0.00035733,-0.00019506,0.00074458,-0.00002304,-0.00011417,-0.00006785,16:07:30..505,,,,
16:07:30..581,7.09011279,0.014635,-0.00062277,0.00051087,0.0003577,-0.00019484,0.00076189,-0.00000461,-0.00011381,-0.00005508,16:07:30..593,,,,
16:07:30..630,7.06942683,0.014537,-0.00062295,0.00051052,0.00035786,-0.00019549,0.0007628,-0.000004,-0.00011359,-0.00005472,16:07:30..670,,,,
16:07:30..687,7.10045577,0.014537,-0.00062306,0.00051059,0.00035781,-0.00019499,0.00076207,-0.0000039,-0.00011385,-0.00005471,16:07:30..670,,,,
16:07:30..721,6.97116852,0.014381,-0.00062976,0.00051383,0.00035803,-0.00019469,0.00074797,-0.00003515,-0.00011679,-0.00007527,16:07:30..756,,,,
16:07:30..875,6.87291021,0.014381,-0.00062959,0.0005143,0.00035853,-0.00019475,0.00074702,-0.00003501,-0.00011689,-0.00007562,16:07:30..863,,,,
16:07:30..907,7.19871408,0.014658,-0.00062729,0.00049805,0.00035637,-0.00019198,0.0007419,-0.00003148,-0.00011255,-0.00007542,16:07:30..950,,,,
16:07:31..068,7.07459832,0.014658,-0.00062765,0.0004984,0.00035672,-0.00019187,0.0007417,-0.00003218,-0.00011236,-0.00007534,16:07:31..056,,,,
16:07:31..099,6.85739574,0.014839,-0.00062784,0.00050235,0.00035711,-0.00019341,0.00074023,-0.0000352,-0.00011636,-0.00007654,16:07:31..100,,,,
16:07:31..132,6.94013958,0.015145,-0.00062337,0.00050184,0.00035665,-0.00019256,0.0007424,-0.00003466,-0.0001155,-0.00007598,16:07:31..141,,,,
16:07:31..282,7.04874087,0.015145,-0.00062333,0.00050191,0.00035671,-0.00019182,0.00074208,-0.00003484,-0.00011566,-0.00007549,16:07:31..272,,,,
16:07:31..316,6.94013958,0.015246,-0.00062682,0.00050272,0.00035691,-0.00019237,0.0007423,-0.00003474,-0.00011509,-0.0000772,16:07:31..315,,,,
16:07:31..446,6.90393915,0.015246,-0.000627,0.00050262,0.00035694,-0.00019245,0.00074217,-0.00003414,-0.00011543,-0.00007754,16:07:31..436,,,,
16:07:31..478,7.10562726,0.015134,-0.00062932,0.00050058,0.00035664,-0.00019267,0.00074143,-0.0000334,-0.00011511,-0.00007637,16:07:31..479,,,,
16:07:31..565,7.10562726,0.015134,-0.0006295,0.00049925,0.00035614,-0.00019312,0.00074262,-0.00003297,-0.00011491,-0.00007634,16:07:31..627,,,,
16:07:31..651,6.97634001,0.015134,-0.00062958,0.0005,0.00035679,-0.00019275,0.00074128,-0.00003344,-0.00011517,-0.00007609,16:07:31..627,,,,
16:07:31..685,7.00736895,0.015134,-0.00062448,0.00050097,0.00035649,-0.00019313,0.000741,-0.00003533,-0.00011499,-0.00007523,16:07:31..717,,,,
16:07:31..792,6.97116852,0.015134,-0.00062428,0.00050117,0.00035616,-0.00019282,0.00074182,-0.00003483,-0.0001152,-0.00007565,16:07:31..781,,,,
16:07:31..824,7.01771193,0.015195,-0.00061434,0.00050151,0.00035712,-0.00019366,0.00074243,-0.00003338,-0.00011624,-0.00007288,16:07:31..825,,,,
16:07:31..879,7.11079875,0.015195,-0.00061455,0.00050218,0.00035696,-0.00019388,0.00074103,-0.00003386,-0.0001163,-0.00007277,16:07:31..940,,,,
16:07:31..964,6.90911064,0.015195,-0.00061431,0.00050107,0.00035701,-0.00019375,0.00074169,-0.00003358,-0.0001157,-0.00007242,16:07:31..940,,,,
16:07:31..995,7.04356938,0.015433,-0.0006218,0.00049058,0.00035511,-0.00019247,0.00073894,-0.00002313,-0.00011076,-0.00006496,16:07:32..029,,,,
16:07:32..145,7.02805491,0.015433,-0.00062213,0.00049021,0.0003551,-0.0001927,0.00073967,-0.00002296,-0.00011057,-0.00006497,16:07:32..136,,,,
16:07:32..179,6.91428213,0.015746,-0.00062366,0.00049128,0.00035554,-0.00019201,0.00074046,-0.00001982,-0.00011103,-0.00006645,16:07:32..180,,,,
16:07:32..314,7.04356938,0.015746,-0.00062348,0.00049137,0.00035546,-0.00019182,0.00074167,-0.00001953,-0.00011046,-0.00006631,16:07:32..304,,,,
16:07:32..347,7.09011279,0.015698,-0.00061663,0.00048769,0.00035526,-0.00019048,0.00074229,-0.00002346,-0.000112,-0.0000609,16:07:32..447,,,,
16:07:32..522,6.90393915,0.015698,-0.0006175,0.00048694,0.00035541,-0.00019046,0.00074355,-0.00002289,-0.00011192,-0.00006088,16:07:32..447,,,,
16:07:32..556,7.1883711,0.015298,-0.00061896,0.00048577,0.00035541,-0.00019287,0.00073949,-0.0000097,-0.0001096,-0.00005458,16:07:32..572,,,,
16:07:32..687,7.05391236,0.015298,-0.00061933,0.00048551,0.00035515,-0.00019235,0.00073998,-0.00000936,-0.0001092,-0.00005454,16:07:32..677,,,,
16:07:32..722,6.95565405,0.014935,-0.00061938,0.00049337,0.00035533,-0.00019269,0.00074165,-0.00002783,-0.00011375,-0.00006857,16:07:32..796,,,,
16:07:32..878,6.89359617,0.014935,-0.00061974,0.00049408,0.00035593,-0.00019207,0.00074102,-0.00002779,-0.0001139,-0.00006857,16:07:32..870,,,,
16:07:32..912,7.11079875,0.014878,-0.00061794,0.00049394,0.00035541,-0.00019268,0.00074005,-0.00002644,-0.00011204,-0.00006436,16:07:32..914,,,,
16:07:33..067,7.00736895,0.015208,-0.00061786,0.00049377,0.00035512,-0.00019298,0.00074022,-0.00002663,-0.00011232,-0.00006493,16:07:33..055,,,,
16:07:33..158,6.96082554,0.015208,-0.00061761,0.00049437,0.00035574,-0.00019254,0.00074009,-0.00002639,-0.00011235,-0.00006487,16:07:33..158,,,,
16:07:33..199,6.87291021,0.015192,-0.00061831,0.00049393,0.00035484,-0.00019305,0.0007406,-0.00002679,-0.00011245,-0.00006494,16:07:33..263,,,,
16:07:33..314,7.19354259,0.015251,-0.00061692,0.0004941,0.00035564,-0.00019274,0.00074021,-0.00002668,-0.0001122,-0.00006485,16:07:33..309,,,,
16:07:33..347,6.98668299,0.015401,-0.0006033,0.0004829,0.00035497,-0.00018943,0.00074136,-0.00001008,-0.00010995,-0.0000472,16:07:33..351,,,,
16:07:33..442,7.18319961,0.015401,-0.00060408,0.00048208,0.00035487,-0.00018947,0.00074246,-0.00000962,-0.00010938,-0.00004675,16:07:33..510,,,,
16:07:33..526,7.07976981,0.015401,-0.0006052,0.00048264,0.00035497,-0.00018989,0.00074107,-0.0000103,-0.00010894,-0.00004757,16:07:33..510,,,,
16:07:33..559,7.06942683,0.015438,-0.00061445,0.00050425,0.00035543,-0.00019223,0.00074212,-0.00003587,-0.00011439,-0.00007138,16:07:33..629,,,,
16:07:33..689,6.91945362,0.015438,-0.00061449,0.0005051,0.00035606,-0.000192,0.00074193,-0.00003611,-0.00011469,-0.00007101,16:07:33..681,,,,
16:07:33..723,6.88325319,0.015335,-0.00061875,0.00048855,0.00035633,-0.00018266,0.00075202,-0.00002163,-0.00011059,-0.00006279,16:07:33..725,,,,
16:07:33..789,7.00219746,0.015294,-0.00061843,0.00048837,0.00035595,-0.00018222,0.00075245,-0.0000221,-0.00011076,-0.0000634,16:07:33..821,,,,
16:07:33..897,7.10562726,0.015294,-0.0006189,0.00048904,0.00035643,-0.00018235,0.00075189,-0.00002255,-0.00011022,-0.00006379,16:07:33..934,,,,
16:07:33..955,7.14699918,0.015294,-0.000619,0.00048895,0.00035647,-0.00018218,0.00075293,-0.00002299,-0.00011,-0.00006432,16:07:33..934,,,,
16:07:33..988,6.97634001,0.015132,-0.00061642,0.00048693,0.00035443,-0.00019297,0.00073719,-0.00002073,-0.00011086,-0.0000588,16:07:34..021,,,,
16:07:34..166,6.9815115,0.015132,-0.00061534,0.00048823,0.00035504,-0.00019295,0.00073651,-0.00002154,-0.00011089,-0.00005905,16:07:34..155,,,,
16:07:34..199,7.15734216,0.014576,-0.00060449,0.00051096,0.00035573,-0.00019461,0.0007362,-0.00002888,-0.00011274,-0.00006157,16:07:34..242,,,,
16:07:34..348,7.21422855,0.014576,-0.00060387,0.00051155,0.00035628,-0.00019429,0.00073524,-0.00002887,-0.00011368,-0.00006132,16:07:34..338,,,,
16:07:34..381,6.87291021,0.014414,-0.00061324,0.00049424,0.00035538,-0.00019386,0.00073968,-0.00002349,-0.00011201,-0.00005511,16:07:34..381,,,,
16:07:34..416,6.80050935,0.014503,-0.00059152,0.00050015,0.00035592,-0.00019136,0.00074563,-0.00002809,-0.0001163,-0.00005419,16:07:34..427,,,,
16:07:34..532,7.21422855,0.014503,-0.00059114,0.00050023,0.00035635,-0.00019095,0.00074471,-0.00002778,-0.00011662,-0.00005391,16:07:34..522,,,,
16:07:34..564,7.14182769,0.014503,-0.00062179,0.00050506,0.00035543,-0.00019048,0.00074322,-0.0000345,-0.00011184,-0.00007354,16:07:34..522,,,,
16:07:34..599,7.11079875,0.014752,-0.00061186,0.00051276,0.0003564,-0.00019373,0.00074204,-0.00003832,-0.00011601,-0.00007139,16:07:34..611,,,,
16:07:34..726,7.06942683,0.014752,-0.00061179,0.00051188,0.00035617,-0.00019426,0.00074266,-0.00003804,-0.00011627,-0.00007139,16:07:34..715,,,,
16:07:34..761,7.0849413,0.015073,-0.0006287,0.0004995,0.00035753,-0.00019507,0.00074391,-0.00003652,-0.00011572,-0.00007543,16:07:34..832,,,,
16:07:34..901,6.94531107,0.015073,-0.00062886,0.00049954,0.00035764,-0.00019519,0.00074396,-0.00003697,-0.00011583,-0.00007522,16:07:34..893,,,,
16:07:34..935,7.05908385,0.015247,-0.00063029,0.00050432,0.00035813,-0.00019613,0.00074601,-0.00003966,-0.00011736,-0.00007858,16:07:34..938,,,,
16:07:35..050,7.05391236,0.015405,-0.00062991,0.0005032,0.00035772,-0.00019632,0.00074688,-0.00003965,-0.00011688,-0.00007875,16:07:35..038,,,,
16:07:35..152,7.17285663,0.015405,-0.00062947,0.0005042,0.0003583,-0.00019584,0.00074637,-0.00003941,-0.00011678,-0.00007844,16:07:35..144,,,,
16:07:35..185,6.97634001,0.015432,-0.00063016,0.00051037,0.00035775,-0.00019591,0.00075075,-0.00004163,-0.00011669,-0.00008148,16:07:35..188,,,,
16:07:35..243,7.14699918,0.01545,-0.00063027,0.00051,0.00035785,-0.00019584,0.00075078,-0.00004106,-0.00011669,-0.00008125,16:07:35..294,,,,
16:07:35..362,6.8780817,0.01545,-0.00063016,0.00051032,0.00035764,-0.00019536,0.00075121,-0.00004128,-0.00011655,-0.00008088,16:07:35..353,,,,
16:07:35..395,7.0849413,0.015235,-0.0006306,0.00050278,0.0003578,-0.00019599,0.00074698,-0.0000394,-0.0001167,-0.00007911,16:07:35..398,,,,
16:07:35..429,7.12114173,0.01505,-0.00063086,0.00050074,0.00035788,-0.00019564,0.000747,-0.00003907,-0.00011629,-0.00007867,16:07:35..441,,,,
16:07:35..521,6.96082554,0.01505,-0.00063054,0.00050122,0.00035785,-0.00019548,0.00074617,-0.00003929,-0.00011626,-0.00007875,16:07:35..562,,,,
16:07:35..578,7.1366562,0.01505,-0.00063121,0.00050084,0.00035756,-0.00019576,0.00074619,-0.00003927,-0.00011653,-0.00007885,16:07:35..562,,,,
16:07:35..611,6.98668299,0.014857,-0.00063034,0.00050163,0.00035792,-0.00019508,0.00074786,-0.00003821,-0.00011654,-0.00007833,16:07:35..651,,,,
16:07:35..758,6.88842468,0.014857,-0.00063116,0.00050196,0.000358,-0.00019458,0.00074701,-0.00003872,-0.00011698,-0.00007861,16:07:35..747,,,,
16:07:35..790,7.0332264,0.014917,-0.00063081,0.00050204,0.00035821,-0.00019443,0.0007481,-0.00003865,-0.00011621,-0.00007904,16:07:35..790,,,,
16:07:35..824,7.07976981,0.014889,-0.00063048,0.00050124,0.00035774,-0.00019521,0.00074854,-0.0000382,-0.00011652,-0.00007861,16:07:35..835,,,,
16:07:35..955,7.02805491,0.014889,-0.00063118,0.00050187,0.00035829,-0.00019456,0.00074754,-0.00003909,-0.00011652,-0.00007912,16:07:35..945,,,,
16:07:35..989,6.96599703,0.014974,-0.00063094,0.00050157,0.00035819,-0.0001944,0.0007482,-0.00003814,-0.00011675,-0.00007845,16:07:35..989,,,,
16:07:36..024,7.04874087,0.014934,-0.00063091,0.00050108,0.00035805,-0.00019505,0.00074817,-0.00003906,-0.00011622,-0.0000788,16:07:36..032,,,,
16:07:36..131,7.10562726,0.014934,-0.00063095,0.00050146,0.00035812,-0.00019471,0.00074791,-0.00003906,-0.00011666,-0.00007852,16:07:36..121,,,,
16:07:36..163,7.04356938,0.014926,-0.00063052,0.00050091,0.00035836,-0.000194,0.00074741,-0.00003856,-0.0001166,-0.00007855,16:07:36..167,,,,
16:07:36..196,7.05391236,0.015013,-0.00063111,0.00050097,0.00035787,-0.00019484,0.00074856,-0.00003863,-0.0001161,-0.00007863,16:07:36..211,,,,
16:07:36..311,7.04356938,0.015013,-0.0006306,0.00050135,0.00035823,-0.00019415,0.00074763,-0.00003888,-0.00011684,-0.00007868,16:07:36..300,,,,
16:07:36..345,7.06425534,0.015312,-0.00063052,0.00050096,0.00035879,-0.00019391,0.00074869,-0.00003809,-0.00011574,-0.00007828,16:07:36..344,,,,
16:07:36..380,7.04356938,0.015613,-0.00063097,0.00050116,0.00035885,-0.00019413,0.00074762,-0.00003898,-0.00011663,-0.00007892,16:07:36..388,,,,
16:07:36..445,6.92462511,0.015613,-0.00063049,0.00050091,0.0003585,-0.00019395,0.00074813,-0.00003892,-0.00011695,-0.00007891,16:07:36..442,,,,
16:07:36..477,7.0332264,0.015776,-0.00063135,0.00050058,0.00035846,-0.00019397,0.00074721,-0.00003876,-0.00011657,-0.00007891,16:07:36..486,,,,
16:07:36..611,7.09528428,0.015776,-0.00063071,0.00050031,0.00035866,-0.0001939,0.00074833,-0.00003867,-0.0001161,-0.00007869,16:07:36..600,,,,
16:07:36..643,6.90911064,0.01597,-0.00063132,0.00050056,0.00035903,-0.00019383,0.00074791,-0.00003873,-0.00011618,-0.00007836,16:07:36..700,,,,
16:07:36..762,7.0332264,0.01597,-0.00063102,0.00050074,0.00035874,-0.00019367,0.00074782,-0.00003848,-0.00011609,-0.00007796,16:07:36..755,,,,
16:07:36..797,7.01254044,0.015789,-0.00063092,0.00050176,0.00035908,-0.00019372,0.00074805,-0.00003851,-0.00011661,-0.00007887,16:07:36..798,,,,
16:07:36..859,7.00219746,0.015631,-0.0006307,0.00050093,0.00035914,-0.00019454,0.00074863,-0.00003875,-0.00011662,-0.00007897,16:07:36..905,,,,
16:07:36..953,6.99702597,0.015391,-0.00063059,0.00050106,0.00035927,-0.0001937,0.00074836,-0.0000382,-0.00011635,-0.00007839,16:07:36..951,,,,
16:07:36..987,7.02288342,0.01494,-0.00063082,0.00050083,0.00035945,-0.00019345,0.00074937,-0.0000382,-0.00011623,-0.0000789,16:07:36..951,,,,
16:07:37..074,7.04356938,0.01494,-0.00063073,0.00050174,0.00035942,-0.0001934,0.00074849,-0.00003832,-0.00011664,-0.00007873,16:07:37..113,,,,
16:07:37..156,6.99702597,0.01494,-0.0006309,0.00050042,0.00035968,-0.0001939,0.00074918,-0.00003883,-0.00011666,-0.00007865,16:07:37..113,,,,
16:07:37..190,7.06425534,0.014792,-0.00063042,0.00050139,0.00035982,-0.00019313,0.00074763,-0.00003886,-0.00011663,-0.00007844,16:07:37..159,,,,
16:07:37..224,6.98668299,0.014463,-0.00063067,0.00050127,0.00035932,-0.00019355,0.00074838,-0.00003844,-0.00011643,-0.00007845,16:07:37..274,,,,
16:07:37..336,7.02805491,0.014463,-0.0006306,0.00050111,0.0003592,-0.00019367,0.00074901,-0.00003803,-0.00011621,-0.00007869,16:07:37..326,,,,
16:07:37..368,7.04356938,0.014366,-0.00063052,0.0005014,0.00035962,-0.00019366,0.00074907,-0.0000381,-0.00011658,-0.00007893,16:07:37..369,,,,
16:07:37..402,7.0332264,0.014325,-0.0006309,0.0005013,0.00035937,-0.00019361,0.00074904,-0.00003892,-0.00011603,-0.0000789,16:07:37..412,,,,
16:07:37..461,7.01771193,0.014367,-0.00063119,0.00050072,0.00035962,-0.00019359,0.00074851,-0.00003832,-0.0001165,-0.00007859,16:07:37..412,,,,
16:07:37..496,6.96082554,0.014363,-0.00063087,0.00050153,0.00036012,-0.00019327,0.00074892,-0.00003846,-0.00011635,-0.00007889,16:07:37..507,,,,
16:07:37..620,6.99185448,0.014363,-0.00063099,0.00050096,0.00035993,-0.00019384,0.00074891,-0.00003881,-0.00011665,-0.00007893,16:07:37..608,,,,
16:07:37..653,7.03839789,0.014536,-0.00063075,0.00050106,0.00035982,-0.0001934,0.00074975,-0.00003831,-0.00011611,-0.00007847,16:07:37..736,,,,
16:07:37..793,7.01771193,0.014779,-0.00063162,0.00050115,0.00036011,-0.00019324,0.00074909,-0.00003861,-0.00011637,-0.00007912,16:07:37..782,,,,
16:07:37..825,6.98668299,0.015117,-0.00063204,0.00049831,0.00035938,-0.00019369,0.0007485,-0.00003797,-0.00011614,-0.00007793,16:07:37..827,,,,
16:07:37..895,7.01254044,0.015117,-0.0006319,0.00049939,0.00035977,-0.00019297,0.00074773,-0.00003785,-0.00011641,-0.00007829,16:07:37..935,,,,
16:07:37..952,7.06425534,0.015117,-0.00063212,0.00049867,0.00035928,-0.00019345,0.00074853,-0.0000379,-0.00011641,-0.00007804,16:07:37..935,,,,
16:07:37..986,7.00736895,0.015448,-0.00063152,0.00049964,0.00035961,-0.00019322,0.0007486,-0.00003817,-0.00011618,-0.00007823,16:07:38..025,,,,
16:07:38..141,6.95565405,0.015448,-0.0006315,0.00049981,0.00035963,-0.00019297,0.00074849,-0.0000383,-0.00011649,-0.00007814,16:07:38..129,,,,
16:07:38..173,7.01771193,0.01559,-0.0006317,0.00049872,0.00035962,-0.00019349,0.00074871,-0.00003751,-0.00011591,-0.00007812,16:07:38..258,,,,
16:07:38..319,6.99185448,0.01559,-0.00063171,0.00049896,0.00035975,-0.00019324,0.00074761,-0.00003781,-0.0001162,-0.0000784,16:07:38..307,,,,
16:07:38..350,7.05391236,0.015581,-0.00063176,0.0004985,0.00035994,-0.00019344,0.0007485,-0.00003786,-0.00011596,-0.00007843,16:07:38..351,,,,
16:07:38..385,7.02288342,0.015494,-0.00063213,0.00049851,0.00035979,-0.00019267,0.00074843,-0.00003747,-0.00011642,-0.00007807,16:07:38..395,,,,
16:07:38..470,6.96599703,0.015494,-0.00063174,0.00049827,0.00035995,-0.00019266,0.00074888,-0.0000372,-0.00011639,-0.00007825,16:07:38..508,,,,
16:07:38..523,7.01254044,0.015494,-0.00063234,0.00049823,0.00035985,-0.00019255,0.00074794,-0.0000376,-0.00011633,-0.00007781,16:07:38..508,,,,
16:07:38..556,7.04874087,0.015372,-0.00063234,0.00049873,0.00035992,-0.00019257,0.00074753,-0.00003822,-0.00011669,-0.00007791,16:07:38..552,,,,
16:07:38..590,7.00219746,0.015461,-0.00063164,0.00049908,0.00036036,-0.00019324,0.00074791,-0.00003745,-0.00011645,-0.00007839,16:07:38..595,,,,
16:07:38..709,6.9815115,0.015461,-0.00063159,0.00049916,0.00035989,-0.0001933,0.00074914,-0.00003717,-0.00011608,-0.00007824,16:07:38..697,,,,
16:07:38..741,7.0332264,0.015336,-0.00063174,0.00049975,0.00035987,-0.00019334,0.00074888,-0.00003774,-0.00011646,-0.00007888,16:07:38..812,,,,
16:07:38..872,7.01254044,0.015336,-0.00063118,0.00050007,0.00036015,-0.00019317,0.00074892,-0.00003749,-0.00011666,-0.00007876,16:07:38..862,,,,
16:07:38..903,7.00219746,0.015272,-0.00063138,0.00050025,0.00036042,-0.00019354,0.00074811,-0.00003799,-0.00011668,-0.00007862,16:07:38..906,,,,
16:07:39..028,7.0332264,0.015272,-0.0006314,0.00050012,0.00036006,-0.00019318,0.0007491,-0.00003799,-0.00011611,-0.00007861,16:07:39..018,,,,
16:07:39..062,7.04874087,0.015265,-0.00063066,0.00050034,0.00036038,-0.00019325,0.00074984,-0.00003788,-0.00011658,-0.00007863,16:07:39..134,,,,
16:07:39..196,6.97116852,0.015265,-0.00063089,0.00050143,0.00036098,-0.00019247,0.00074906,-0.00003815,-0.00011638,-0.00007903,16:07:39..134,,,,
16:07:39..230,6.99702597,0.015329,-0.00063018,0.00050063,0.00036028,-0.00019309,0.00074988,-0.00003798,-0.00011666,-0.00007921,16:07:39..241,,,,
16:07:39..330,7.06942683,0.015329,-0.00063034,0.00050093,0.00035984,-0.00019347,0.00074959,-0.00003723,-0.0001167,-0.00007869,16:07:39..320,,,,
16:07:39..365,6.98668299,0.015598,-0.000631,0.00050116,0.00036039,-0.00019322,0.00074939,-0.00003712,-0.0001163,-0.00007855,16:07:39..441,,,,
16:07:39..504,7.00219746,0.015598,-0.00063061,0.00050112,0.00036037,-0.00019308,0.00074993,-0.00003752,-0.00011617,-0.00007866,16:07:39..492,,,,
16:07:39..535,7.00219746,0.015414,-0.00063002,0.0005014,0.00036036,-0.00019252,0.00074951,-0.00003739,-0.00011618,-0.00007873,16:07:39..613,,,,
16:07:39..674,6.95565405,0.015414,-0.00063025,0.00050047,0.00036027,-0.0001932,0.00075,-0.00003717,-0.00011621,-0.00007861,16:07:39..613,,,,
16:07:39..709,6.99702597,0.015291,-0.00063075,0.0005001,0.0003601,-0.00019335,0.00074941,-0.00003769,-0.00011613,-0.00007861,16:07:39..718,,,,
16:07:39..843,7.02288342,0.015291,-0.00063067,0.00050008,0.00036028,-0.00019363,0.00075011,-0.000037,-0.00011591,-0.00007827,16:07:39..832,,,,
16:07:39..876,7.00736895,0.015127,-0.00063095,0.00050023,0.00036026,-0.00019327,0.00075027,-0.00003713,-0.00011624,-0.00007814,16:07:39..877,,,,
16:07:40..011,7.0849413,0.015127,-0.00063096,0.00050037,0.00036025,-0.00019306,0.00075003,-0.000037,-0.0001163,-0.00007791,16:07:40..001,,,,
16:07:40..045,7.0332264,0.014923,-0.00063054,0.00050031,0.00036012,-0.00019373,0.00074986,-0.00003745,-0.00011619,-0.00007784,16:07:40..044,,,,
16:07:40..079,7.0332264,0.014856,-0.00063107,0.00050111,0.00036064,-0.00019313,0.00074955,-0.00003759,-0.00011663,-0.000078,16:07:40..085,,,,
16:07:40..199,7.06942683,0.014856,-0.00063078,0.00050048,0.00035992,-0.00019314,0.00075013,-0.00003741,-0.00011618,-0.000078,16:07:40..188,,,,
16:07:40..231,7.06425534,0.014646,-0.00063044,0.00050032,0.00036089,-0.00019312,0.00074991,-0.00003766,-0.00011597,-0.00007791,16:07:40..234,,,,
16:07:40..379,7.05908385,0.014646,-0.00063047,0.00050067,0.00036031,-0.00019333,0.00075022,-0.0000371,-0.00011599,-0.00007756,16:07:40..367,,,,
16:07:40..411,7.03839789,0.014708,-0.00063057,0.00050101,0.00036038,-0.00019325,0.00075055,-0.00003715,-0.00011632,-0.0000777,16:07:40..463,,,,
16:07:40..518,7.07459832,0.014708,-0.00062933,0.00050147,0.00036037,-0.00019315,0.0007504,-0.00003663,-0.00011643,-0.00007768,16:07:40..507,,,,
16:07:40..552,7.02805491,0.014745,-0.00063034,0.00050063,0.00036024,-0.00019363,0.00075053,-0.00003697,-0.00011643,-0.00007731,16:07:40..550,,,,
16:07:40..585,7.01771193,0.014729,-0.00063044,0.00050122,0.00036054,-0.00019342,0.00075001,-0.00003737,-0.00011589,-0.00007739,16:07:40..593,,,,
16:07:40..659,7.05908385,0.014729,-0.00063024,0.00050059,0.00036047,-0.00019308,0.00075061,-0.00003762,-0.0001161,-0.00007722,16:07:40..696,,,,
16:07:40..712,6.9815115,0.014729,-0.00063033,0.00050118,0.0003607,-0.00019322,0.00074973,-0.00003712,-0.00011588,-0.00007665,16:07:40..696,,,,
16:07:40..745,6.98668299,0.014919,-0.00063033,0.00050093,0.00036031,-0.00019352,0.0007505,-0.00003705,-0.00011606,-0.00007699,16:07:40..783,,,,
16:07:40..894,7.04356938,0.014919,-0.00063063,0.00050123,0.00036054,-0.00019315,0.00074984,-0.00003732,-0.00011606,-0.00007729,16:07:40..883,,,,
16:07:40..927,7.07459832,0.015217,-0.00062977,0.00050049,0.00036015,-0.00019368,0.00075127,-0.00003689,-0.00011569,-0.0000769,16:07:40..928,,,,
16:07:41..063,7.01771193,0.015217,-0.00062979,0.00050162,0.00036061,-0.00019312,0.00075035,-0.00003759,-0.00011583,-0.00007677,16:07:41..053,,,,
16:07:41..096,7.02805491,0.015456,-0.00062999,0.00050136,0.00036074,-0.00019297,0.0007503,-0.00003754,-0.00011583,-0.00007713,16:07:41..151,,,,
16:07:41..212,7.00736895,0.015456,-0.00063043,0.00050066,0.00036049,-0.00019336,0.00075034,-0.00003713,-0.00011621,-0.00007727,16:07:41..202,,,,
16:07:41..247,7.01771193,0.01545,-0.00062932,0.00050148,0.00036079,-0.00019342,0.0007503,-0.00003705,-0.00011565,-0.00007618,16:07:41..248,,,,
16:07:41..282,7.06942683,0.015581,-0.00062982,0.00050175,0.0003607,-0.00019351,0.00074996,-0.00003707,-0.00011606,-0.00007687,16:07:41..292,,,,
16:07:41..385,7.06425534,0.015581,-0.00062939,0.00050112,0.00036061,-0.00019368,0.00075052,-0.00003735,-0.0001155,-0.00007678,16:07:41..374,,,,
16:07:41..417,7.02805491,0.01569,-0.00062912,0.00050143,0.00036034,-0.00019338,0.00075063,-0.00003715,-0.00011518,-0.0000763,16:07:41..419,,,,
16:07:41..462,7.03839789,0.015833,-0.00062914,0.00050191,0.00036064,-0.00019351,0.00074915,-0.00003711,-0.00011601,-0.00007663,16:07:41..502,,,,
16:07:41..526,7.05391236,0.015833,-0.00062931,0.00050134,0.00036084,-0.00019334,0.00075054,-0.00003676,-0.00011531,-0.00007645,16:07:41..502,,,,
16:07:41..559,6.99185448,0.016115,-0.00062913,0.00050106,0.0003608,-0.00019345,0.00075062,-0.0000371,-0.00011563,-0.00007642,16:07:41..588,,,,
16:07:41..683,7.01771193,0.016115,-0.00062948,0.00050205,0.00036099,-0.00019353,0.00074955,-0.0000371,-0.00011559,-0.0000766,16:07:41..673,,,,
16:07:41..715,6.92462511,0.01628,-0.00062966,0.00050131,0.00036104,-0.00019316,0.00074994,-0.00003725,-0.00011573,-0.00007663,16:07:41..716,,,,
16:07:41..821,6.97116852,0.01628,-0.00062992,0.00050116,0.00036078,-0.00019338,0.00075079,-0.00003699,-0.00011564,-0.00007636,16:07:41..811,,,,
16:07:41..854,7.06425534,0.016324,-0.00062931,0.00050113,0.00036095,-0.00019298,0.00075131,-0.00003642,-0.00011517,-0.00007534,16:07:41..908,,,,
16:07:41..993,6.98668299,0.016324,-0.00062954,0.0005007,0.0003608,-0.00019357,0.00075067,-0.00003687,-0.00011548,-0.00007618,16:07:41..981,,,,
16:07:42..027,6.97116852,0.016572,-0.00062885,0.00050283,0.00036081,-0.00019338,0.00075027,-0.00003737,-0.00011513,-0.00007604,16:07:42..100,,,,
16:07:42..157,7.02805491,0.016572,-0.00062954,0.00050234,0.00036083,-0.00019377,0.00075123,-0.00003654,-0.00011505,-0.0000765,16:07:42..148,,,,
16:07:42..191,7.04874087,0.016574,-0.00062906,0.00050267,0.00036109,-0.00019366,0.00075044,-0.0000381,-0.00011547,-0.0000758,16:07:42..194,,,,
16:07:42..292,7.04874087,0.016574,-0.00062907,0.00050246,0.00036079,-0.0001939,0.00075151,-0.00003742,-0.00011515,-0.00007602,16:07:42..282,,,,
16:07:42..324,7.00736895,0.016555,-0.00062851,0.00050297,0.00036072,-0.00019365,0.00075033,-0.00003735,-0.00011515,-0.00007509,16:07:42..326,,,,
16:07:42..357,7.0332264,0.016514,-0.00062846,0.00050282,0.00036108,-0.00019346,0.00075089,-0.00003781,-0.00011448,-0.00007523,16:07:42..369,,,,
16:07:42..432,6.99185448,0.016514,-0.00062882,0.0005025,0.00036058,-0.00019424,0.00075085,-0.00003729,-0.00011498,-0.00007541,16:07:42..460,,,,
16:07:42..502,7.02288342,0.016514,-0.00062886,0.00050246,0.00036036,-0.00019411,0.00075058,-0.00003768,-0.00011502,-0.0000761,16:07:42..460,,,,
16:07:42..537,7.00736895,0.01624,-0.00062833,0.0005027,0.00036085,-0.00019401,0.00075176,-0.00003726,-0.00011417,-0.00007533,16:07:42..503,,,,
16:07:42..617,7.02805491,0.01624,-0.0006283,0.00050319,0.00036113,-0.00019354,0.00075048,-0.00003714,-0.00011495,-0.00007569,16:07:42..657,,,,
16:07:42..674,7.00219746,0.01624,-0.00062861,0.00050241,0.00036063,-0.00019398,0.00075138,-0.00003723,-0.00011445,-0.00007504,16:07:42..657,,,,
16:07:42..708,7.00736895,0.016302,-0.00062848,0.00050274,0.00036082,-0.0001944,0.00075143,-0.00003745,-0.00011501,-0.00007597,16:07:42..742,,,,
16:07:42..827,6.98668299,0.016302,-0.00062854,0.00050343,0.00036162,-0.00019354,0.00075083,-0.0000372,-0.00011486,-0.0000757,16:07:42..817,,,,
16:07:42..860,6.99702597,0.016333,-0.00062854,0.00050336,0.00036143,-0.0001941,0.00075041,-0.00003759,-0.00011488,-0.00007506,16:07:42..863,,,,
16:07:42..928,6.95565405,0.016333,-0.00062887,0.00050273,0.00036091,-0.00019423,0.00075147,-0.00003733,-0.00011441,-0.00007532,16:07:42..967,,,,
16:07:42..982,7.05391236,0.016333,-0.00062884,0.00050357,0.00036108,-0.00019403,0.00075098,-0.00003737,-0.00011487,-0.00007511,16:07:42..967,,,,
16:07:43..016,7.05391236,0.016444,-0.00062812,0.00050376,0.00036145,-0.00019377,0.00075144,-0.00003727,-0.00011451,-0.00007504,16:07:43..055,,,,
16:07:43..136,7.00219746,0.016444,-0.00062838,0.00050371,0.0003612,-0.00019378,0.00075157,-0.00003702,-0.0001144,-0.00007507,16:07:43..127,,,,
16:07:43..170,7.02288342,0.016483,-0.00062805,0.00050272,0.00036123,-0.00019405,0.00075175,-0.00003677,-0.00011391,-0.00007458,16:07:43..171,,,,
16:07:43..219,7.04874087,0.016506,-0.0006279,0.00050351,0.00036154,-0.00019343,0.0007505,-0.00003725,-0.0001145,-0.00007519,16:07:43..256,,,,
16:07:43..280,7.02288342,0.016506,-0.00062864,0.00050253,0.00036125,-0.00019422,0.00075175,-0.00003644,-0.00011447,-0.00007459,16:07:43..256,,,,
16:07:43..313,7.00736895,0.016331,-0.00062827,0.00050326,0.00036142,-0.00019429,0.00075146,-0.00003709,-0.00011444,-0.00007549,16:07:43..343,,,,
16:07:43..440,7.01771193,0.016331,-0.00062807,0.00050394,0.00036143,-0.00019395,0.00075108,-0.00003697,-0.00011414,-0.0000752,16:07:43..428,,,,
16:07:43..472,6.97634001,0.016044,-0.0006285,0.00050354,0.00036175,-0.00019384,0.00075175,-0.0000367,-0.00011413,-0.00007481,16:07:43..473,,,,
16:07:43..569,7.01771193,0.016044,-0.00062804,0.0005034,0.00036147,-0.00019363,0.00075118,-0.00003663,-0.00011409,-0.00007481,16:07:43..559,,,,
16:07:43..603,7.09011279,0.015499,-0.00062789,0.00050352,0.00036163,-0.0001941,0.00075146,-0.00003704,-0.000114,-0.00007468,16:07:43..603,,,,
16:07:43..670,7.02805491,0.015375,-0.00062815,0.0005034,0.00036142,-0.00019369,0.00075143,-0.0000367,-0.00011411,-0.00007431,16:07:43..702,,,,
16:07:43..740,6.99702597,0.015352,-0.00062821,0.000504,0.00036168,-0.0001941,0.00075095,-0.00003692,-0.00011427,-0.00007502,16:07:43..764,,,,
16:07:43..833,7.02288342,0.015352,-0.00062779,0.00050322,0.00036105,-0.00019402,0.00075139,-0.00003706,-0.00011423,-0.00007546,16:07:43..822,,,,
16:07:43..865,7.02288342,0.015391,-0.00062806,0.00050364,0.0003616,-0.00019441,0.00075159,-0.00003631,-0.0001138,-0.00007497,16:07:43..866,,,,
16:07:43..984,6.94531107,0.015391,-0.00062827,0.00050345,0.00036195,-0.00019405,0.00075041,-0.00003683,-0.00011378,-0.00007501,16:07:43..973,,,,
16:07:44..019,6.99185448,0.015431,-0.00062767,0.00050392,0.00036141,-0.00019414,0.00075093,-0.00003697,-0.00011418,-0.00007504,16:07:44..084,,,,
16:07:44..164,7.00219746,0.015431,-0.00062827,0.00050363,0.00036097,-0.00019436,0.00075182,-0.00003633,-0.000114,-0.00007499,16:07:44..178,,,,
16:07:44..196,7.02288342,0.015431,-0.000628,0.00050449,0.00036178,-0.00019429,0.00075051,-0.00003702,-0.00011423,-0.000075,16:07:44..178,,,,
16:07:44..230,5.05254573,0.015071,-0.00062853,0.00050572,0.0003616,-0.00019395,0.0007506,-0.00003655,-0.00011365,-0.0000768,16:07:44..265,,,,
16:07:44..362,9.18973773,0.015071,-0.00062838,0.00050597,0.0003616,-0.00019362,0.00075101,-0.00003726,-0.00011327,-0.00007746,16:07:44..355,,,,
16:07:44..393,8.80704747,0.01535,-0.00062736,0.00050488,0.00036178,-0.00019422,0.0007506,-0.0000366,-0.00011425,-0.00007456,16:07:44..355,,,,
16:07:44..478,5.80758327,0.01535,-0.00062685,0.00050494,0.00036171,-0.00019468,0.00075187,-0.00003622,-0.00011402,-0.00007434,16:07:44..510,,,,
16:07:44..526,7.19871408,0.01535,-0.00062702,0.00050513,0.00036216,-0.00019456,0.00075094,-0.00003669,-0.00011415,-0.00007443,16:07:44..510,,,,
16:07:44..559,6.81085233,0.015353,-0.0006281,0.00050484,0.00036142,-0.0001947,0.00075087,-0.00003635,-0.00011373,-0.00007506,16:07:44..596,,,,
16:07:44..628,6.87291021,0.015296,-0.00062817,0.00050419,0.00036123,-0.00019416,0.00075193,-0.00003669,-0.0001136,-0.00007529,16:07:44..639,,,,
16:07:44..690,7.24525749,0.015313,-0.00062766,0.0005052,0.00036141,-0.00019368,0.00075121,-0.00003613,-0.00011361,-0.00007495,16:07:44..687,,,,
16:07:44..725,6.98668299,0.015302,-0.00062768,0.00050517,0.00036128,-0.00019469,0.00075133,-0.0000366,-0.00011347,-0.00007541,16:07:44..729,,,,
16:07:44..782,7.09011279,0.015155,-0.00062746,0.00050542,0.00036142,-0.00019448,0.00075112,-0.00003698,-0.00011381,-0.0000754,16:07:44..822,,,,
16:07:44..884,6.93496809,0.015155,-0.0006276,0.00050531,0.00036126,-0.00019447,0.00075132,-0.00003658,-0.00011376,-0.00007467,16:07:44..873,,,,
16:07:44..918,7.13148471,0.014888,-0.000628,0.00050503,0.00036175,-0.00019442,0.00075002,-0.00003636,-0.00011361,-0.00007472,16:07:44..974,,,,
16:07:45..031,7.03839789,0.014888,-0.00062735,0.00050476,0.0003613,-0.00019436,0.00075192,-0.00003628,-0.00011343,-0.00007489,16:07:45..018,,,,
16:07:45..065,6.95048256,0.014897,-0.00062716,0.00050534,0.00036133,-0.00019457,0.00075162,-0.00003646,-0.00011285,-0.00007499,16:07:45..062,,,,
16:07:45..098,7.01771193,0.015064,-0.00062742,0.00050548,0.00036121,-0.00019447,0.00075191,-0.00003675,-0.00011318,-0.0000745,16:07:45..062,,,,
16:07:45..183,7.03839789,0.015064,-0.00062714,0.00050567,0.00036185,-0.00019413,0.00075107,-0.00003648,-0.00011344,-0.00007522,16:07:45..177,,,,
16:07:45..217,6.97116852,0.015064,-0.00062751,0.00050555,0.0003617,-0.00019442,0.00075124,-0.00003597,-0.00011302,-0.00007458,16:07:45..177,,,,
16:07:45..251,6.97116852,0.014975,-0.0006278,0.0005029,0.0003614,-0.00019428,0.00075039,-0.00003557,-0.00011293,-0.00007447,16:07:45..268,,,,
16:07:45..382,7.01254044,0.014975,-0.00062834,0.0005033,0.00036122,-0.00019469,0.00074955,-0.00003659,-0.00011281,-0.00007492,16:07:45..371,,,,
16:07:45..417,7.05908385,0.015025,-0.00062724,0.00050525,0.00036198,-0.00019479,0.00075133,-0.00003625,-0.0001133,-0.00007514,16:07:45..468,,,,
16:07:45..534,7.02288342,0.015025,-0.00062803,0.00050483,0.00036114,-0.00019456,0.0007521,-0.00003679,-0.00011329,-0.00007509,16:07:45..468,,,,
16:07:45..567,7.01771193,0.015025,-0.00062732,0.00050514,0.00036129,-0.0001946,0.00075192,-0.00003618,-0.00011291,-0.00007497,16:07:45..537,,,,
16:07:45..600,7.03839789,0.014882,-0.00062739,0.00050531,0.00036168,-0.00019448,0.00075146,-0.00003615,-0.00011302,-0.00007508,16:07:45..629,,,,
16:07:45..710,6.97116852,0.014882,-0.00062716,0.00050554,0.00036122,-0.00019441,0.00075148,-0.00003617,-0.00011306,-0.00007512,16:07:45..700,,,,
16:07:45..742,7.01771193,0.014883,-0.00062757,0.00050578,0.00036125,-0.00019415,0.00075113,-0.00003673,-0.0001135,-0.0000749,16:07:45..745,,,,
16:07:45..862,6.98668299,0.014883,-0.00062771,0.00050496,0.00036129,-0.00019495,0.00075168,-0.00003657,-0.00011353,-0.00007517,16:07:45..850,,,,
16:07:45..896,7.02805491,0.014788,-0.00062738,0.0005057,0.00036144,-0.00019473,0.00075076,-0.00003636,-0.00011362,-0.00007579,16:07:45..951,,,,
16:07:46..007,7.00736895,0.014788,-0.00062746,0.00050535,0.00036155,-0.00019473,0.00075211,-0.00003565,-0.00011268,-0.00007501,16:07:45..999,,,,
16:07:46..041,7.00736895,0.014675,-0.00062718,0.00050551,0.00036144,-0.00019443,0.00075253,-0.00003624,-0.00011289,-0.00007519,16:07:46..091,,,,
16:07:46..161,7.0332264,0.014675,-0.00062733,0.00050606,0.00036175,-0.00019443,0.00075122,-0.00003633,-0.00011333,-0.00007498,16:07:46..149,,,,
16:07:46..195,7.03839789,0.014598,-0.00062731,0.00050545,0.00036182,-0.00019483,0.00075212,-0.00003627,-0.00011332,-0.00007536,16:07:46..244,,,,
16:07:46..307,7.04356938,0.014598,-0.00062705,0.00050618,0.00036135,-0.00019436,0.00075165,-0.00003593,-0.00011263,-0.00007527,16:07:46..298,,,,
16:07:46..340,7.01254044,0.014557,-0.00062752,0.00050531,0.00036142,-0.00019474,0.00075195,-0.00003614,-0.00011336,-0.00007476,16:07:46..340,,,,
16:07:46..374,7.01771193,0.014452,-0.00062748,0.00050629,0.00036165,-0.00019465,0.00075142,-0.00003603,-0.00011347,-0.00007519,16:07:46..384,,,,
16:07:46..446,7.00736895,0.014452,-0.0006271,0.00050484,0.00036099,-0.00019471,0.00075196,-0.00003595,-0.00011269,-0.00007549,16:07:46..489,,,,
16:07:46..505,7.00219746,0.014452,-0.00062783,0.00050574,0.0003619,-0.00019488,0.0007513,-0.00003622,-0.0001135,-0.00007513,16:07:46..489,,,,
16:07:46..539,7.01771193,0.014089,-0.00062795,0.00050534,0.0003613,-0.00019497,0.00075218,-0.00003634,-0.0001132,-0.00007529,16:07:46..574,,,,
16:07:46..686,7.03839789,0.014089,-0.00062734,0.00050607,0.00036174,-0.00019437,0.00075166,-0.00003576,-0.00011325,-0.00007521,16:07:46..676,,,,
16:07:46..720,7.0332264,0.014086,-0.00062721,0.00050522,0.00036112,-0.00019496,0.00075224,-0.00003598,-0.00011272,-0.00007485,16:07:46..722,,,,
16:07:46..859,7.01254044,0.014086,-0.00062749,0.00050531,0.0003614,-0.00019415,0.00075143,-0.00003642,-0.00011329,-0.00007552,16:07:46..847,,,,
16:07:46..893,7.00736895,0.013938,-0.0006275,0.00050515,0.0003614,-0.00019438,0.00075169,-0.00003639,-0.00011313,-0.00007534,16:07:46..968,,,,
16:07:47..032,7.03839789,0.013938,-0.00062757,0.00050572,0.00036163,-0.00019469,0.00075154,-0.00003617,-0.00011332,-0.00007519,16:07:47..021,,,,
16:07:47..064,7.04356938,0.014122,-0.00062746,0.0005055,0.00036153,-0.0001948,0.00075124,-0.00003617,-0.00011326,-0.00007563,16:07:47..131,,,,
16:07:47..192,6.97634001,0.014122,-0.00062759,0.00050512,0.00036123,-0.00019477,0.00075215,-0.00003578,-0.00011294,-0.00007507,16:07:47..181,,,,
16:07:47..227,7.02288342,0.014159,-0.00062764,0.00050576,0.00036141,-0.00019472,0.00075172,-0.00003596,-0.00011328,-0.00007535,16:07:47..307,,,,
16:07:47..374,6.98668299,0.014159,-0.00062735,0.00050598,0.00036129,-0.00019511,0.00075149,-0.00003586,-0.00011304,-0.00007532,16:07:47..364,,,,
16:07:47..408,6.98668299,0.014073,-0.00062762,0.00050471,0.00036139,-0.0001953,0.00075224,-0.00003599,-0.0001132,-0.00007546,16:07:47..407,,,,
16:07:47..474,7.02805491,0.014111,-0.00062748,0.00050544,0.00036158,-0.00019453,0.00075141,-0.00003555,-0.00011314,-0.00007543,16:07:47..505,,,,
16:07:47..540,7.00736895,0.014257,-0.00062775,0.00050483,0.00036084,-0.00019501,0.00075195,-0.00003578,-0.00011303,-0.00007563,16:07:47..572,,,,
16:07:47..588,7.01254044,0.014257,-0.00062711,0.000506,0.00036136,-0.0001943,0.00075141,-0.0000355,-0.00011363,-0.00007557,16:07:47..572,,,,
16:07:47..622,6.99185448,0.014427,-0.00062723,0.00050547,0.00036141,-0.00019479,0.00075163,-0.00003583,-0.00011314,-0.00007528,16:07:47..616,,,,
16:07:47..657,7.04874087,0.014569,-0.00062729,0.00050547,0.00036147,-0.00019491,0.00075238,-0.00003556,-0.00011329,-0.00007572,16:07:47..660,,,,
16:07:47..773,7.01771193,0.014569,-0.00062792,0.00050561,0.00036146,-0.00019509,0.00075065,-0.00003637,-0.00011337,-0.00007583,16:07:47..762,,,,
16:07:47..806,6.99185448,0.015273,-0.00062736,0.00050595,0.00036128,-0.00019482,0.00075136,-0.0000362,-0.00011349,-0.0000756,16:07:47..878,,,,
16:07:47..941,7.01771193,0.015273,-0.00062772,0.00050491,0.00036076,-0.00019517,0.00075186,-0.00003566,-0.00011343,-0.000076,16:07:47..930,,,,
16:07:47..973,7.01254044,0.015548,-0.00062752,0.00050531,0.00036095,-0.00019496,0.00075176,-0.00003629,-0.000113,-0.00007569,16:07:47..976,,,,
16:07:48..087,6.99185448,0.015548,-0.00062737,0.00050537,0.000361,-0.00019477,0.00075118,-0.00003634,-0.00011335,-0.00007579,16:07:48..076,,,,
16:07:48..120,7.02805491,0.015338,-0.00062738,0.00050533,0.00036093,-0.00019477,0.00075176,-0.00003595,-0.00011269,-0.00007611,16:07:48..122,,,,
16:07:48..265,7.02805491,0.015338,-0.00062747,0.00050561,0.00036123,-0.00019508,0.00075125,-0.00003579,-0.00011338,-0.00007592,16:07:48..253,,,,
16:07:48..296,7.01254044,0.015368,-0.00062728,0.00050636,0.00036133,-0.00019477,0.00075129,-0.00003593,-0.00011333,-0.00007591,16:07:48..297,,,,
16:07:48..436,6.99185448,0.015368,-0.00062693,0.00050573,0.00036124,-0.00019512,0.00075228,-0.00003568,-0.00011342,-0.00007571,16:07:48..426,,,,
16:07:48..470,7.02288342,0.015465,-0.00062695,0.00050579,0.0003613,-0.0001948,0.00075217,-0.00003559,-0.00011318,-0.00007608,16:07:48..469,,,,
16:07:48..521,6.96599703,0.01555,-0.00062756,0.00050536,0.00036145,-0.00019521,0.00075199,-0.00003559,-0.0001132,-0.00007559,16:07:48..554,,,,
16:07:48..603,7.04356938,0.015567,-0.00062737,0.00050526,0.0003612,-0.00019532,0.00075159,-0.00003579,-0.00011314,-0.00007627,16:07:48..611,,,,
16:07:48..634,7.02288342,0.015567,-0.00062704,0.0005057,0.00036183,-0.00019505,0.00075134,-0.00003597,-0.00011311,-0.00007602,16:07:48..611,,,,
16:07:48..668,7.0332264,0.01523,-0.00062724,0.00050573,0.00036133,-0.00019465,0.00075104,-0.0000358,-0.00011312,-0.00007575,16:07:48..701,,,,
16:07:48..813,7.00219746,0.01523,-0.00062712,0.00050533,0.00036126,-0.00019516,0.00075198,-0.00003597,-0.00011324,-0.00007626,16:07:48..801,,,,
16:07:48..843,7.04874087,0.014829,-0.00062731,0.00050568,0.00036089,-0.00019531,0.00075199,-0.00003627,-0.00011337,-0.0000763,16:07:48..845,,,,
16:07:48..909,7.01771193,0.014829,-0.00062726,0.00050614,0.00036132,-0.00019491,0.00075141,-0.00003596,-0.00011341,-0.0000757,16:07:48..948,,,,
16:07:48..977,7.01771193,0.014829,-0.00062764,0.00050531,0.00036119,-0.00019502,0.00075213,-0.00003591,-0.00011289,-0.00007574,16:07:48..948,,,,
16:07:49..009,7.05908385,0.01506,-0.00062746,0.00050508,0.00036099,-0.00019536,0.00075228,-0.00003581,-0.00011299,-0.00007593,16:07:49..035,,,,
16:07:49..170,7.15217067,0.01506,-0.00062729,0.00050588,0.00036124,-0.00019523,0.0007515,-0.00003598,-0.00011306,-0.00007651,16:07:49..160,,,,
16:07:49..204,7.02805491,0.015213,-0.00062759,0.00050505,0.00036123,-0.00019521,0.00075214,-0.00003599,-0.00011363,-0.00007595,16:07:49..203,,,,
16:07:49..261,7.02805491,0.015239,-0.0006276,0.00050562,0.00036105,-0.00019498,0.00075151,-0.00003574,-0.00011286,-0.00007607,16:07:49..251,,,,
16:07:49..361,7.00736895,0.015239,-0.00062715,0.00050526,0.00036127,-0.00019517,0.00075215,-0.00003605,-0.00011316,-0.00007586,16:07:49..352,,,,
16:07:49..395,6.95565405,0.015275,-0.00062715,0.00050551,0.00036091,-0.00019516,0.00075138,-0.00003567,-0.0001133,-0.00007585,16:07:49..396,,,,
16:07:49..431,6.9815115,0.015236,-0.0006279,0.00050517,0.00036056,-0.00019562,0.00075239,-0.00003627,-0.00011313,-0.00007634,16:07:49..440,,,,
16:07:49..514,7.04874087,0.015236,-0.00062797,0.00050586,0.00036133,-0.0001953,0.00075133,-0.00003614,-0.00011343,-0.00007625,16:07:49..511,,,,
16:07:49..547,6.98668299,0.015272,-0.00062792,0.00050503,0.00036039,-0.00019588,0.00075216,-0.00003555,-0.00011352,-0.0000764,16:07:49..556,,,,
16:07:49..648,7.02805491,0.015272,-0.00062779,0.00050589,0.00036077,-0.00019509,0.00075154,-0.00003606,-0.00011343,-0.00007613,16:07:49..636,,,,
16:07:49..681,6.98668299,0.01559,-0.00062754,0.00050567,0.00036056,-0.00019504,0.00075222,-0.00003538,-0.00011341,-0.00007588,16:07:49..680,,,,
16:07:49..788,7.05908385,0.01559,-0.00062776,0.00050603,0.00036101,-0.00019556,0.00075163,-0.00003581,-0.00011385,-0.00007567,16:07:49..776,,,,
16:07:49..818,7.00219746,0.015763,-0.00062787,0.00050563,0.00036084,-0.00019507,0.00075179,-0.00003558,-0.00011393,-0.00007665,16:07:49..822,,,,
16:07:49..942,6.97634001,0.015763,-0.00062727,0.00050542,0.00036129,-0.00019545,0.00075231,-0.00003629,-0.00011315,-0.00007617,16:07:49..931,,,,
16:07:49..977,6.97116852,0.015622,-0.00062705,0.00050607,0.00036136,-0.00019498,0.00075213,-0.00003604,-0.0001135,-0.00007669,16:07:50..048,,,,
16:07:50..109,7.0849413,0.015622,-0.00062743,0.00050542,0.00036085,-0.00019484,0.0007524,-0.00003621,-0.0001132,-0.00007626,16:07:50..101,,,,
16:07:50..142,6.98668299,0.015315,-0.00062785,0.00050574,0.00036081,-0.00019506,0.00075124,-0.00003599,-0.00011326,-0.00007694,16:07:50..215,,,,
16:07:50..296,7.02805491,0.015315,-0.00062745,0.00050509,0.00036095,-0.00019522,0.00075267,-0.00003578,-0.00011318,-0.0000763,16:07:50..286,,,,
16:07:50..329,6.99185448,0.01523,-0.00062728,0.00050589,0.00036108,-0.00019491,0.00075143,-0.00003622,-0.00011356,-0.000077,16:07:50..330,,,,
16:07:50..364,7.02805491,0.01524,-0.00062729,0.00050514,0.00036069,-0.00019526,0.00075239,-0.00003593,-0.00011356,-0.00007665,16:07:50..373,,,,
16:07:50..476,7.05391236,0.01524,-0.0006275,0.00050546,0.00036075,-0.00019551,0.0007508,-0.00003591,-0.00011411,-0.00007709,16:07:50..467,,,,
16:07:50..511,7.01254044,0.015356,-0.00062782,0.000505,0.00036075,-0.00019563,0.00075228,-0.00003606,-0.00011363,-0.00007693,16:07:50..567,,,,
16:07:50..637,7.01771193,0.015356,-0.00062718,0.00050576,0.00036096,-0.00019474,0.00075144,-0.0000358,-0.00011352,-0.00007684,16:07:50..625,,,,
16:07:50..670,7.01771193,0.015455,-0.00062843,0.00050491,0.00035985,-0.00019563,0.00075197,-0.00003602,-0.00011388,-0.00007705,16:07:50..672,,,,
16:07:50..785,7.06425534,0.015455,-0.00062767,0.00050561,0.000361,-0.00019532,0.00075147,-0.00003578,-0.00011347,-0.00007649,16:07:50..773,,,,
16:07:50..817,7.03839789,0.015273,-0.00062767,0.00050526,0.00036058,-0.00019585,0.00075187,-0.00003589,-0.00011358,-0.00007589,16:07:50..881,,,,
16:07:50..956,7.03839789,0.015273,-0.00062761,0.00050542,0.00036071,-0.00019537,0.00075195,-0.00003614,-0.00011373,-0.00007658,16:07:50..948,,,,
16:07:50..991,7.00736895,0.015153,-0.00062764,0.00050569,0.00036056,-0.00019554,0.00075269,-0.00003575,-0.00011368,-0.00007658,16:07:50..991,,,,
16:07:51..026,6.9815115,0.01504,-0.0006274,0.00050562,0.00036074,-0.00019501,0.00075131,-0.0000359,-0.00011375,-0.00007711,16:07:51..034,,,,
16:07:51..125,7.02805491,0.01504,-0.00062721,0.00050556,0.00036078,-0.00019556,0.00075264,-0.00003594,-0.00011337,-0.00007665,16:07:51..113,,,,
16:07:51..156,7.0332264,0.014894,-0.00062743,0.00050442,0.00036069,-0.00019549,0.00075218,-0.00003616,-0.00011341,-0.00007674,16:07:51..213,,,,
16:07:51..274,7.0332264,0.014894,-0.00062775,0.00050504,0.00036088,-0.00019558,0.0007515,-0.00003572,-0.00011377,-0.00007676,16:07:51..263,,,,
16:07:51..309,6.97634001,0.01492,-0.00062771,0.00050513,0.00036058,-0.00019571,0.00075243,-0.00003604,-0.00011395,-0.00007691,16:07:51..351,,,,
16:07:51..447,6.99702597,0.01492,-0.00062721,0.0005058,0.00036091,-0.00019544,0.00075191,-0.0000358,-0.00011425,-0.0000771,16:07:51..435,,,,
16:07:51..479,6.98668299,0.015054,-0.00062795,0.00050476,0.0003609,-0.00019564,0.00075224,-0.00003613,-0.00011401,-0.00007698,16:07:51..480,,,,
16:07:51..524,7.04356938,0.015324,-0.00062718,0.00050518,0.00036098,-0.00019518,0.00075163,-0.0000362,-0.0001138,-0.00007733,16:07:51..583,,,,
16:07:51..655,7.02288342,0.015324,-0.00062745,0.00050528,0.00036083,-0.00019556,0.00075207,-0.00003572,-0.00011365,-0.00007702,16:07:51..644,,,,
16:07:51..688,6.99702597,0.015509,-0.0006277,0.00050528,0.00036035,-0.00019567,0.00075241,-0.00003601,-0.00011372,-0.00007707,16:07:51..772,,,,
16:07:51..834,7.02805491,0.015509,-0.00062776,0.00050534,0.0003606,-0.0001958,0.00075145,-0.00003583,-0.00011374,-0.00007676,16:07:51..772,,,,
16:07:51..868,6.97634001,0.015603,-0.00062717,0.00050494,0.00036037,-0.0001961,0.0007519,-0.00003608,-0.00011339,-0.00007706,16:07:51..880,,,,
16:07:51..992,6.99185448,0.015603,-0.00062769,0.00050539,0.00036017,-0.00019562,0.00075219,-0.00003602,-0.00011345,-0.00007709,16:07:51..982,,,,
16:07:52..026,6.99702597,0.016014,-0.00062781,0.00050367,0.0003609,-0.0001954,0.00075021,-0.00003582,-0.00011389,-0.00007676,16:07:52..069,,,,
16:07:52..158,7.02288342,0.016014,-0.00062856,0.00050362,0.0003606,-0.00019566,0.0007519,-0.00003581,-0.00011405,-0.0000764,16:07:52..147,,,,
16:07:52..192,7.00219746,0.01626,-0.0006283,0.00050486,0.00036057,-0.00019551,0.00075163,-0.0000363,-0.00011407,-0.00007746,16:07:52..261,,,,
16:07:52..336,7.00736895,0.01626,-0.00062777,0.00050528,0.00036041,-0.00019524,0.00075181,-0.0000356,-0.00011374,-0.00007707,16:07:52..328,,,,
16:07:52..368,7.00219746,0.016195,-0.0006284,0.00050426,0.00036058,-0.00019516,0.00075066,-0.00003615,-0.00011376,-0.00007741,16:07:52..371,,,,
16:07:52..448,7.07459832,0.016092,-0.00062823,0.00050391,0.00036012,-0.00019546,0.00075122,-0.00003594,-0.00011395,-0.00007685,16:07:52..488,,,,
16:07:52..512,6.97116852,0.016092,-0.00062843,0.00050404,0.0003605,-0.00019547,0.0007508,-0.00003627,-0.00011384,-0.00007694,16:07:52..488,,,,
16:07:52..545,7.01771193,0.015984,-0.00062808,0.00050472,0.00036037,-0.00019539,0.0007512,-0.00003596,-0.00011414,-0.0000777,16:07:52..572,,,,
16:07:52..672,6.99185448,0.015984,-0.00062795,0.00050434,0.00036038,-0.00019548,0.00075189,-0.00003608,-0.00011382,-0.00007747,16:07:52..662,,,,
16:07:52..705,7.01254044,0.015758,-0.00062773,0.00050556,0.00036046,-0.00019531,0.00075192,-0.00003606,-0.00011364,-0.00007726,16:07:52..708,,,,
16:07:52..738,7.07459832,0.015748,-0.00062793,0.00050567,0.00036085,-0.00019534,0.00075204,-0.00003591,-0.00011413,-0.00007757,16:07:52..756,,,,
16:07:52..843,6.99702597,0.015748,-0.00062796,0.00050507,0.00036057,-0.00019605,0.00075262,-0.00003609,-0.00011387,-0.00007718,16:07:52..831,,,,
16:07:52..874,7.03839789,0.015823,-0.00062825,0.00050428,0.00035973,-0.0001955,0.00075188,-0.00003564,-0.00011393,-0.00007697,16:07:52..875,,,,
16:07:52..945,7.03839789,0.01585,-0.00062796,0.00050404,0.00036062,-0.00019486,0.00075047,-0.00003605,-0.00011435,-0.00007696,16:07:52..980,,,,
16:07:53..031,6.95565405,0.015933,-0.00062802,0.00050385,0.00036013,-0.00019557,0.00075169,-0.00003585,-0.00011377,-0.0000776,16:07:53..023,,,,
16:07:53..063,7.01771193,0.016043,-0.00062904,0.00050305,0.00035983,-0.0001956,0.00075091,-0.00003609,-0.00011369,-0.00007696,16:07:53..067,,,,
16:07:53..200,6.99702597,0.016043,-0.00062893,0.00050307,0.00035979,-0.000195,0.00075019,-0.00003587,-0.00011385,-0.00007746,16:07:53..190,,,,
16:07:53..235,6.99702597,0.016473,-0.00062844,0.00050393,0.00036014,-0.00019535,0.0007515,-0.00003601,-0.0001134,-0.00007748,16:07:53..298,,,,
16:07:53..372,6.99185448,0.016473,-0.00062859,0.00050383,0.00036052,-0.00019543,0.00075104,-0.00003542,-0.00011358,-0.00007765,16:07:53..384,,,,
16:07:53..404,7.03839789,0.016473,-0.00062847,0.00050429,0.00036006,-0.00019572,0.00075168,-0.000036,-0.00011395,-0.00007745,16:07:53..384,,,,
16:07:53..438,7.00219746,0.016361,-0.0006281,0.00050391,0.00036028,-0.00019537,0.00075169,-0.00003612,-0.00011386,-0.00007756,16:07:53..471,,,,
16:07:53..576,7.03839789,0.016361,-0.00062817,0.0005042,0.00036012,-0.00019576,0.00075159,-0.00003638,-0.00011419,-0.00007758,16:07:53..566,,,,
16:07:53..610,7.00219746,0.016127,-0.00062841,0.0005037,0.00035944,-0.0001958,0.00075218,-0.00003635,-0.00011377,-0.00007756,16:07:53..609,,,,
16:07:53..656,7.00736895,0.015728,-0.00062849,0.00050481,0.0003601,-0.00019526,0.00075134,-0.00003606,-0.00011444,-0.00007763,16:07:53..697,,,,
16:07:53..731,7.01771193,0.015728,-0.00062828,0.00050418,0.00036002,-0.00019596,0.00075178,-0.00003607,-0.00011417,-0.00007778,16:07:53..697,,,,
16:07:53..765,6.98668299,0.015476,-0.00062782,0.00050526,0.00035987,-0.00019597,0.00075255,-0.00003613,-0.00011425,-0.00007757,16:07:53..785,,,,
16:07:53..919,7.00219746,0.015476,-0.00062795,0.00050488,0.00036043,-0.00019526,0.00075234,-0.00003588,-0.00011419,-0.00007702,16:07:53..912,,,,
16:07:53..952,6.99702597,0.014824,-0.00062796,0.00050559,0.00036032,-0.00019538,0.00075287,-0.0000361,-0.00011396,-0.00007795,16:07:53..954,,,,
16:07:54..106,6.93496809,0.014824,-0.00062775,0.00050542,0.0003603,-0.00019515,0.00075224,-0.00003608,-0.00011462,-0.00007788,16:07:54..096,,,,
16:07:54..139,6.95565405,0.01437,-0.00062751,0.0005056,0.00035993,-0.00019582,0.0007528,-0.00003596,-0.00011425,-0.00007767,16:07:54..221,,,,
16:07:54..285,6.98668299,0.01437,-0.00062773,0.00050566,0.00036059,-0.000195,0.00075181,-0.00003603,-0.00011428,-0.00007794,16:07:54..277,,,,
16:07:54..318,6.97116852,0.014245,-0.00062812,0.00050566,0.00036013,-0.00019546,0.00075255,-0.00003623,-0.00011425,-0.0000779,16:07:54..322,,,,
16:07:54..446,6.99185448,0.014245,-0.00062779,0.00050622,0.00036025,-0.00019543,0.00075243,-0.00003625,-0.00011434,-0.00007757,16:07:54..435,,,,
16:07:54..479,7.01254044,0.014432,-0.00062778,0.00050589,0.00036008,-0.00019541,0.00075261,-0.00003636,-0.00011422,-0.00007815,16:07:54..482,,,,
16:07:54..580,6.99702597,0.014432,-0.00062813,0.00050531,0.00035999,-0.00019574,0.0007522,-0.00003616,-0.00011444,-0.00007797,16:07:54..571,,,,
16:07:54..614,7.01254044,0.01456,-0.00062819,0.00050563,0.00036003,-0.0001956,0.00075264,-0.00003611,-0.00011423,-0.00007791,16:07:54..615,,,,
16:07:54..672,6.96599703,0.01458,-0.00062782,0.00050589,0.00036038,-0.00019546,0.00075176,-0.00003555,-0.00011421,-0.00007791,16:07:54..703,,,,
16:07:54..740,6.99702597,0.014596,-0.0006283,0.00050524,0.00036018,-0.0001959,0.00075303,-0.00003619,-0.00011368,-0.0000775,16:07:54..765,,,,
16:07:54..783,7.01771193,0.014596,-0.00062762,0.00050513,0.00036057,-0.00019545,0.00075176,-0.00003621,-0.00011414,-0.0000776,16:07:54..765,,,,
16:07:54..819,7.00736895,0.014702,-0.00062809,0.00050538,0.00035996,-0.00019574,0.00075231,-0.00003664,-0.00011451,-0.00007758,16:07:54..854,,,,
16:07:54..971,7.00736895,0.014702,-0.00062751,0.00050556,0.00036037,-0.00019561,0.00075202,-0.00003653,-0.0001142,-0.00007777,16:07:54..960,,,,
16:07:55..005,7.01254044,0.01509,-0.00062747,0.00050508,0.00036038,-0.00019595,0.0007528,-0.00003636,-0.00011425,-0.00007778,16:07:55..087,,,,
16:07:55..159,7.00219746,0.01509,-0.00062796,0.00050569,0.00036052,-0.00019532,0.0007526,-0.000036,-0.00011447,-0.00007798,16:07:55..146,,,,
16:07:55..192,7.01771193,0.015064,-0.00062839,0.00050501,0.00035985,-0.00019547,0.00075232,-0.00003623,-0.00011452,-0.00007835,16:07:55..231,,,,
16:07:55..352,7.00219746,0.015064,-0.00062771,0.00050576,0.00036055,-0.00019558,0.00075253,-0.00003655,-0.00011438,-0.00007772,16:07:55..341,,,,
16:07:55..385,7.01254044,0.015593,-0.00062797,0.0005054,0.00036031,-0.00019589,0.00075298,-0.00003661,-0.00011445,-0.0000784,16:07:55..427,,,,
16:07:55..496,6.99702597,0.015593,-0.00062769,0.00050598,0.00036032,-0.00019551,0.00075179,-0.00003563,-0.00011479,-0.00007807,16:07:55..486,,,,
16:07:55..529,6.99185448,0.015651,-0.00062813,0.00050552,0.00036011,-0.00019579,0.00075254,-0.00003659,-0.00011515,-0.00007856,16:07:55..530,,,,
16:07:55..563,6.97116852,0.015755,-0.00062816,0.00050517,0.0003597,-0.00019546,0.00075216,-0.00003645,-0.00011469,-0.00007851,16:07:55..572,,,,
16:07:55..630,7.01254044,0.015755,-0.00062814,0.00050535,0.00036005,-0.00019588,0.00075289,-0.00003576,-0.00011447,-0.00007773,16:07:55..677,,,,
16:07:55..693,6.97634001,0.015755,-0.00062786,0.00050566,0.00036047,-0.00019521,0.00075248,-0.00003605,-0.00011467,-0.00007855,16:07:55..677,,,,
16:07:55..727,7.00736895,0.015299,-0.00062816,0.00050546,0.00035968,-0.00019534,0.00075188,-0.00003622,-0.00011494,-0.00007839,16:07:55..766,,,,
16:07:55..873,7.02805491,0.015299,-0.00062785,0.00050562,0.00036016,-0.00019547,0.00075314,-0.0000356,-0.00011446,-0.00007801,16:07:55..862,,,,
16:07:55..907,7.00736895,0.014935,-0.00062799,0.00050541,0.00036002,-0.00019541,0.00075198,-0.00003613,-0.00011473,-0.00007862,16:07:55..949,,,,
16:07:56..044,7.0332264,0.014935,-0.00062819,0.00050521,0.00035991,-0.00019575,0.00075287,-0.00003634,-0.00011458,-0.00007801,16:07:56..034,,,,
16:07:56..076,6.99185448,0.014855,-0.00062776,0.00050513,0.00035989,-0.0001958,0.00075345,-0.00003604,-0.00011473,-0.00007808,16:07:56..078,,,,
16:07:56..111,6.9815115,0.014789,-0.00062788,0.00050554,0.00036033,-0.00019548,0.0007518,-0.00003646,-0.00011513,-0.00007874,16:07:56..124,,,,
16:07:56..226,7.06425534,0.014789,-0.00062792,0.00050503,0.00035948,-0.00019573,0.000753,-0.00003616,-0.00011466,-0.0000782,16:07:56..215,,,,
16:07:56..258,6.99702597,0.014793,-0.00062788,0.00050508,0.00036009,-0.00019548,0.00075315,-0.00003668,-0.00011474,-0.00007855,16:07:56..260,,,,
16:07:56..364,7.01771193,0.014793,-0.00062816,0.00050588,0.00036035,-0.00019582,0.00075199,-0.00003668,-0.00011482,-0.00007895,16:07:56..353,,,,
16:07:56..396,7.04874087,0.014905,-0.00062783,0.00050551,0.00036016,-0.00019565,0.00075287,-0.00003633,-0.00011463,-0.00007816,16:07:56..396,,,,
16:07:56..437,7.01254044,0.01504,-0.00062793,0.000506,0.00035996,-0.00019546,0.000752,-0.00003611,-0.00011464,-0.00007814,16:07:56..442,,,,
16:07:56..509,7.02288342,0.01504,-0.00062761,0.00050509,0.00035949,-0.00019562,0.00075257,-0.00003614,-0.00011451,-0.0000784,16:07:56..538,,,,
16:07:56..554,7.00219746,0.01504,-0.0006281,0.00050554,0.00036034,-0.00019565,0.00075198,-0.00003635,-0.00011452,-0.00007816,16:07:56..538,,,,
16:07:56..588,7.03839789,0.014947,-0.00062828,0.00050534,0.00036004,-0.00019554,0.00075239,-0.00003661,-0.00011495,-0.0000784,16:07:56..626,,,,
16:07:56..712,7.01771193,0.014947,-0.00062799,0.00050494,0.00035964,-0.00019561,0.00075283,-0.00003624,-0.00011434,-0.00007821,16:07:56..702,,,,
16:07:56..747,6.99185448,0.015009,-0.00062809,0.00050528,0.00036036,-0.00019607,0.00075315,-0.0000368,-0.00011431,-0.00007853,16:07:56..744,,,,
16:07:56..782,7.01771193,0.015166,-0.00062806,0.00050591,0.00036012,-0.0001954,0.00075252,-0.00003634,-0.00011418,-0.00007843,16:07:56..787,,,,
16:07:56..824,7.02805491,0.015535,-0.00062777,0.00050567,0.00036011,-0.00019573,0.00075247,-0.00003645,-0.00011446,-0.00007824,16:07:56..872,,,,
16:07:56..934,7.02805491,0.015535,-0.00062754,0.00050553,0.00035973,-0.00019532,0.00075222,-0.00003616,-0.00011456,-0.00007865,16:07:56..923,,,,
16:07:56..968,6.84188127,0.015599,-0.00062816,0.00050537,0.00036009,-0.00019647,0.00075307,-0.00003605,-0.00011464,-0.00007841,16:07:56..969,,,,
16:07:57..002,7.01254044,0.015668,-0.00062805,0.00050601,0.00036003,-0.00019538,0.00075195,-0.00003638,-0.00011455,-0.00007823,16:07:57..011,,,,
16:07:57..047,7.29697239,0.015761,-0.00062773,0.00050493,0.00036006,-0.00019571,0.00075342,-0.00003581,-0.00011511,-0.00007807,16:07:57..097,,,,
16:07:57..120,6.97116852,0.015761,-0.0006282,0.00050555,0.00035983,-0.00019594,0.00075189,-0.00003702,-0.00011499,-0.00007858,16:07:57..097,,,,
16:07:57..155,6.8780817,0.015961,-0.00062799,0.0005052,0.00036033,-0.00019581,0.00075206,-0.00003658,-0.00011454,-0.00007831,16:07:57..185,,,,
16:07:57..283,7.32800133,0.015961,-0.00062804,0.00050523,0.00035973,-0.00019576,0.00075274,-0.00003577,-0.00011454,-0.00007846,16:07:57..272,,,,
16:07:57..316,7.06942683,0.016031,-0.0006278,0.00050562,0.00035948,-0.00019566,0.00075287,-0.00003641,-0.00011462,-0.00007865,16:07:57..314,,,,
16:07:57..349,7.17802812,0.016104,-0.00062774,0.00050503,0.00035928,-0.00019615,0.00075307,-0.00003636,-0.00011496,-0.00007847,16:07:57..358,,,,
16:07:57..418,7.10045577,0.016104,-0.00062808,0.00050569,0.00036005,-0.00019603,0.00075169,-0.00003633,-0.00011488,-0.00007852,16:07:57..466,,,,
16:07:57..482,6.91945362,0.016104,-0.00062782,0.00050498,0.00035927,-0.00019605,0.00075313,-0.00003655,-0.00011466,-0.00007866,16:07:57..466,,,,
16:07:57..516,7.1883711,0.016018,-0.00062802,0.00050532,0.00035953,-0.00019559,0.00075312,-0.00003611,-0.0001152,-0.00007855,16:07:57..551,,,,
16:07:57..647,7.04356938,0.016018,-0.00062808,0.00050548,0.00035984,-0.00019594,0.00075183,-0.00003707,-0.00011544,-0.00007861,16:07:57..635,,,,
16:07:57..680,7.18319961,0.015981,-0.00062799,0.00050549,0.00036002,-0.00019574,0.00075274,-0.00003658,-0.00011493,-0.00007843,16:07:57..729,,,,
16:07:57..793,7.21422855,0.015981,-0.00062802,0.00050558,0.00036003,-0.0001957,0.00075267,-0.00003657,-0.00011479,-0.00007902,16:07:57..785,,,,
16:07:57..827,7.1366562,0.015916,-0.00062813,0.0005053,0.00036016,-0.00019582,0.00075211,-0.00003662,-0.00011553,-0.00007896,16:07:57..829,,,,
16:07:57..948,7.14699918,0.015916,-0.00062876,0.0005053,0.00035983,-0.00019578,0.00075265,-0.00003638,-0.00011478,-0.00007871,16:07:57..939,,,,
16:07:57..980,7.1366562,0.015922,-0.00062829,0.00050565,0.00035994,-0.00019562,0.00075247,-0.00003661,-0.00011508,-0.00007879,16:07:57..981,,,,
16:07:58..104,7.06425534,0.015922,-0.00062813,0.00050519,0.00035982,-0.00019568,0.00075353,-0.00003656,-0.00011507,-0.00007896,16:07:58..092,,,,
16:07:58..135,7.04356938,0.015691,-0.00062825,0.00050493,0.00035943,-0.00019628,0.00075369,-0.00003623,-0.00011486,-0.00007837,16:07:58..137,,,,
16:07:58..222,7.1366562,0.015691,-0.0006282,0.00050564,0.00036007,-0.00019567,0.00075223,-0.00003657,-0.00011488,-0.00007866,16:07:58..258,,,,
16:07:58..275,6.89359617,0.015691,-0.00062826,0.00050515,0.00035932,-0.00019578,0.00075284,-0.00003677,-0.00011495,-0.00007862,16:07:58..258,,,,
16:07:58..309,7.05908385,0.015259,-0.00062801,0.00050549,0.00035989,-0.00019586,0.00075251,-0.0000362,-0.00011511,-0.00007847,16:07:58..344,,,,
16:07:58..440,7.07459832,0.015259,-0.0006286,0.00050544,0.00035973,-0.00019588,0.00075261,-0.00003683,-0.00011523,-0.00007901,16:07:58..429,,,,
16:07:58..472,6.95565405,0.015072,-0.00062845,0.00050493,0.0003599,-0.00019596,0.00075375,-0.00003633,-0.00011497,-0.00007883,16:07:58..473,,,,
16:07:58..595,7.24525749,0.015072,-0.00062829,0.00050523,0.00035983,-0.00019598,0.00075225,-0.00003681,-0.00011531,-0.00007911,16:07:58..584,,,,
16:07:58..626,6.89359617,0.014401,-0.00062836,0.00050536,0.00036007,-0.00019607,0.00075212,-0.00003658,-0.00011481,-0.00007904,16:07:58..627,,,,
16:07:58..685,7.16251365,0.014313,-0.00062844,0.00050493,0.00035952,-0.00019605,0.00075321,-0.00003629,-0.00011475,-0.00007849,16:07:58..720,,,,
16:07:58..788,7.03839789,0.014313,-0.00062814,0.00050523,0.00035985,-0.00019585,0.00075223,-0.00003614,-0.00011475,-0.00007883,16:07:58..777,,,,
16:07:58..821,6.94013958,0.014184,-0.00062806,0.00050557,0.00035964,-0.00019587,0.00075292,-0.0000365,-0.00011498,-0.00007882,16:07:58..820,,,,
16:07:58..856,6.97116852,0.014153,-0.00062814,0.00050489,0.0003595,-0.00019595,0.00075316,-0.00003626,-0.00011482,-0.00007859,16:07:58..865,,,,
16:07:58..943,7.03839789,0.014266,-0.00062852,0.0005053,0.00035955,-0.00019578,0.00075181,-0.00003688,-0.00011529,-0.00007922,16:07:58..931,,,,
16:07:59..004,6.97634001,0.014395,-0.00062833,0.00050497,0.00035952,-0.00019614,0.00075326,-0.00003699,-0.00011505,-0.00007879,16:07:58..993,,,,
16:07:59..060,24.83866647,0.014395,-0.0006285,0.00050542,0.00035984,-0.00019587,0.00075237,-0.00003646,-0.00011539,-0.00007891,16:07:59..037,,,,
16:07:59..093,13.88545065,0.016263,-0.00062838,0.00050545,0.00035943,-0.00019588,0.00075181,-0.00003688,-0.00011528,-0.00007913,16:07:59..081,,,,
16:07:59..155,13.84925022,0.018544,-0.00062857,0.00050512,0.00035936,-0.00019633,0.00075324,-0.00003631,-0.00011508,-0.00007844,16:07:59..186,,,,
16:07:59..204,22.55286789,0.021937,-0.00062883,0.00050538,0.0003596,-0.00019577,0.00075256,-0.00003672,-0.00011545,-0.00007919,16:07:59..186,,,,
16:07:59..244,15.36966828,0.026471,-0.00062816,0.00050487,0.00035946,-0.00019615,0.00075275,-0.00003659,-0.00011542,-0.00007905,16:07:59..231,,,,
16:07:59..295,17.70201027,0.03201,-0.00062857,0.00050523,0.00035978,-0.0001954,0.00075245,-0.00003673,-0.00011487,-0.00007864,16:07:59..317,,,,
16:07:59..346,18.09504351,0.03201,-0.00062824,0.00050484,0.00035946,-0.00019609,0.0007529,-0.0000367,-0.00011469,-0.00007861,16:07:59..317,,,,
16:07:59..378,16.08850539,0.03201,-0.00062751,0.00050545,0.00035899,-0.00019569,0.00075142,-0.00003849,-0.00011547,-0.0000783,16:07:59..362,,,,
16:07:59..411,16.55911098,0.04575,-0.00062599,0.00050519,0.00035747,-0.00019536,0.00075213,-0.00003998,-0.00011757,-0.00007747,16:07:59..468,,,,
16:07:59..491,16.59531141,0.053772,-0.00062561,0.00050522,0.00035776,-0.00019538,0.00075296,-0.00003983,-0.00011671,-0.00007624,16:07:59..550,,,,
16:07:59..580,16.47636714,0.053772,-0.00062578,0.00050539,0.0003581,-0.00019514,0.00075253,-0.00003993,-0.0001171,-0.00007692,16:07:59..550,,,,
