Time,Pressure,Flow Rate (ml/s),Force 1,Force 2,Force 3,Force 4,Force 5,Force 6,Force 7,Force 8,Flow Meter Time,,,, 
15:00:18..594,5.39386407,0.001185,0.00002197,0.00000152,0.00071013,0.00019164,0.00083185,0.00028543,0.0001372,0.00008348,15:00:18..640,,,,
15:00:18..704,5.37317811,0.001185,0.00002177,0.00000128,0.00071122,0.00019059,0.0008328,0.00028546,0.00013765,0.00008363,15:00:18..703,,,,
15:00:18..736,5.33697768,0.001254,0.00002071,0.00000122,0.00071107,0.00019101,0.00083225,0.00028488,0.00013709,0.00008338,15:00:18..756,,,,
15:00:18..850,5.3783496,0.001254,0.00002188,0.00000172,0.00071066,0.00019188,0.00083243,0.00028541,0.00013766,0.0000835,15:00:18..848,,,,
15:00:18..883,5.42489301,0.001309,0.00002139,0.00000142,0.00071153,0.00019111,0.00083246,0.00028524,0.0001374,0.00008307,15:00:18..891,,,,
15:00:18..939,5.31112023,0.001309,0.00002204,0.00000175,0.00071086,0.00019145,0.00083232,0.00028528,0.00013798,0.00008323,15:00:18..980,,,,
15:00:18..988,5.38869258,0.001309,0.00002153,0.00000135,0.00071178,0.00019113,0.00083215,0.00028536,0.0001373,0.00008333,15:00:18..980,,,,
15:00:19..021,5.40420705,0.001404,0.00002189,0.00000178,0.00071111,0.000192,0.00083248,0.00028532,0.00013748,0.00008387,15:00:19..025,,,,
15:00:19..058,5.41455003,0.001466,0.00002165,0.00000199,0.00071074,0.00019127,0.00083214,0.00028483,0.00013734,0.00008343,15:00:19..067,,,,
15:00:19..106,5.41972152,0.00158,0.0000214,0.00000171,0.00071082,0.0001916,0.00083233,0.00028515,0.00013783,0.00008326,15:00:19..146,,,,
15:00:19..186,5.38352109,0.00158,0.00002131,0.00000093,0.00071097,0.00019113,0.00083214,0.00028468,0.00013768,0.00008307,15:00:19..146,,,,
15:00:19..220,5.35249215,0.00164,0.00002139,0.00000163,0.0007117,0.00019116,0.00083196,0.00028497,0.00013776,0.00008419,15:00:19..190,,,,
15:00:19..255,5.35249215,0.001696,0.00002174,0.00000164,0.00071119,0.00019145,0.00083253,0.00028533,0.00013754,0.00008367,15:00:19..315,,,,
15:00:19..328,5.44557897,0.001793,0.00002159,0.00000164,0.0007111,0.00019192,0.00083237,0.00028499,0.00013732,0.00008331,15:00:19..357,,,,
15:00:19..391,5.34214917,0.001793,0.00002146,0.0000017,0.00071076,0.00019098,0.00083202,0.00028529,0.00013717,0.00008338,15:00:19..357,,,,
15:00:19..423,5.37317811,0.001895,0.00002193,0.0000018,0.00071067,0.00019144,0.0008324,0.00028508,0.00013707,0.00008357,15:00:19..446,,,,
15:00:19..462,5.46109344,0.001895,0.00002096,0.00000133,0.0007114,0.00019088,0.00083216,0.00028464,0.00013759,0.00008331,15:00:19..508,,,,
15:00:19..548,5.39386407,0.001895,0.00002172,0.00000203,0.00071042,0.00019198,0.00083248,0.00028526,0.00013732,0.00008327,15:00:19..508,,,,
15:00:19..582,5.36283513,0.001908,0.00002187,0.00000153,0.00071081,0.00019113,0.00083232,0.0002849,0.00013756,0.00008364,15:00:19..551,,,,
15:00:19..616,5.36800662,0.001863,0.00002188,0.00000168,0.00071127,0.00019163,0.0008324,0.00028532,0.00013769,0.00008327,15:00:19..641,,,,
15:00:19..696,5.37317811,0.001863,0.00002152,0.00000187,0.00071081,0.00019176,0.00083266,0.00028519,0.00013763,0.00008357,15:00:19..732,,,,
15:00:19..749,5.43523599,0.001751,0.00002141,0.00000181,0.00071151,0.00019106,0.00083246,0.00028524,0.00013727,0.00008371,15:00:19..774,,,,
15:00:19..785,5.33180619,0.001751,0.00002186,0.00000143,0.00071092,0.00019162,0.00083237,0.00028499,0.00013775,0.00008317,15:00:19..774,,,,
15:00:19..818,5.37317811,0.001738,0.00002158,0.00000185,0.00071142,0.00019138,0.00083229,0.00028529,0.00013757,0.00008312,15:00:19..818,,,,
15:00:19..853,5.45592195,0.001709,0.000022,0.00000182,0.00071054,0.00019179,0.00083244,0.00028489,0.00013705,0.00008335,15:00:19..860,,,,
15:00:19..903,5.3783496,0.001656,0.00002134,0.00000148,0.00071108,0.00019112,0.00083194,0.00028518,0.00013752,0.00008393,15:00:19..903,,,,
15:00:19..938,5.38869258,0.001626,0.00002191,0.00000192,0.00071099,0.00019124,0.00083223,0.00028463,0.00013746,0.00008351,15:00:19..957,,,,
15:00:19..975,5.34732066,0.001587,0.00002147,0.00000154,0.00071096,0.00019137,0.00083205,0.00028486,0.00013728,0.00008371,15:00:20..027,,,,
15:00:20..046,5.39386407,0.001587,0.00002144,0.0000016,0.00071087,0.00019131,0.00083244,0.00028461,0.00013728,0.00008343,15:00:20..027,,,,
15:00:20..079,5.40937854,0.001434,0.00002217,0.00000173,0.00071099,0.00019169,0.00083217,0.00028486,0.00013722,0.00008348,15:00:20..116,,,,
15:00:20..191,5.45075046,0.001434,0.00002165,0.00000106,0.00071122,0.00019099,0.00083237,0.00028526,0.00013751,0.00008377,15:00:20..189,,,,
15:00:20..223,5.4300645,0.001303,0.00002111,0.0000019,0.00071164,0.00019112,0.00083211,0.00028443,0.00013779,0.00008349,15:00:20..234,,,,
15:00:20..287,5.40937854,0.001269,0.00002196,0.00000165,0.00071038,0.00019134,0.00083208,0.00028508,0.00013788,0.00008371,15:00:20..285,,,,
15:00:20..341,5.35766364,0.001269,0.00002113,0.00000148,0.00071162,0.00019144,0.0008323,0.00028496,0.00013742,0.00008362,15:00:20..340,,,,
15:00:20..377,5.38869258,0.001166,0.00002108,0.00000195,0.00071139,0.00019094,0.00083215,0.00028466,0.00013719,0.00008366,15:00:20..383,,,,
15:00:20..409,5.33180619,0.001065,0.00002194,0.00000173,0.00071116,0.00019119,0.00083235,0.00028492,0.00013723,0.00008387,15:00:20..456,,,,
15:00:20..500,5.39903556,0.001065,0.00002164,0.00000215,0.0007115,0.00019188,0.00083248,0.00028492,0.00013764,0.00008389,15:00:20..500,,,,
15:00:20..532,5.36800662,0.001023,0.00002179,0.00000215,0.00071155,0.00019185,0.00083267,0.00028545,0.00013771,0.00008349,15:00:20..544,,,,
15:00:20..588,5.46626493,0.001001,0.00002202,0.00000175,0.00071099,0.00019176,0.00083221,0.00028475,0.00013736,0.00008387,15:00:20..588,,,,
15:00:20..641,5.3266347,0.001001,0.0000211,0.00000168,0.00071162,0.00019094,0.00083203,0.00028471,0.00013727,0.00008352,15:00:20..673,,,,
15:00:20..684,5.36800662,0.001001,0.00002188,0.00000195,0.00071085,0.00019159,0.00083183,0.00028485,0.00013739,0.00008358,15:00:20..673,,,,
15:00:20..718,5.39386407,0.000902,0.00002187,0.00000161,0.00071048,0.00019133,0.00083222,0.00028512,0.00013751,0.00008387,15:00:20..716,,,,
15:00:20..752,5.40420705,0.000923,0.00002151,0.00000205,0.00071104,0.00019106,0.00083212,0.00028526,0.00013731,0.00008369,15:00:20..760,,,,
15:00:20..815,5.35766364,0.000923,0.00002148,0.00000201,0.00071109,0.00019164,0.00083244,0.00028489,0.0001375,0.00008361,15:00:20..876,,,,
15:00:20..884,5.40937854,0.000923,0.00002205,0.00000198,0.00071116,0.00019183,0.00083235,0.00028528,0.00013729,0.00008389,15:00:20..876,,,,
15:00:20..918,5.40420705,0.000898,0.00002224,0.00000183,0.00071049,0.00019154,0.00083228,0.00028506,0.00013759,0.00008377,15:00:20..918,,,,
15:00:20..968,5.33180619,0.000874,0.00002114,0.00000223,0.00071147,0.00019147,0.00083215,0.00028527,0.00013754,0.00008392,15:00:21..007,,,,
15:00:21..028,5.45075046,0.00082,0.000022,0.00000174,0.00071058,0.00019198,0.00083199,0.00028483,0.00013716,0.00008376,15:00:21..067,,,,
15:00:21..084,5.36800662,0.00082,0.00002112,0.00000227,0.00071174,0.0001912,0.0008321,0.00028468,0.00013763,0.0000836,15:00:21..067,,,,
15:00:21..117,5.29560576,0.000811,0.0000213,0.0000015,0.00071144,0.00019127,0.00083216,0.00028429,0.000137,0.00008393,15:00:21..159,,,,
15:00:21..239,5.40937854,0.000811,0.00002211,0.00000226,0.0007112,0.00019141,0.00083217,0.0002849,0.00013741,0.00008383,15:00:21..237,,,,
15:00:21..274,5.35249215,0.000803,0.00002216,0.00000197,0.00071042,0.00019163,0.00083252,0.00028505,0.00013737,0.00008431,15:00:21..281,,,,
15:00:21..382,5.32146321,0.000803,0.000021,0.00000204,0.00071184,0.00019112,0.00083194,0.00028452,0.0001375,0.00008359,15:00:21..382,,,,
15:00:21..416,5.30077725,0.000742,0.00002163,0.00000171,0.00071093,0.00019129,0.00083219,0.00028487,0.00013745,0.00008395,15:00:21..425,,,,
15:00:21..545,5.32146321,0.000742,0.0000209,0.00000221,0.00071137,0.00019092,0.00083183,0.00028462,0.00013717,0.00008354,15:00:21..543,,,,
15:00:21..577,5.3266347,0.000812,0.00002103,0.0000022,0.00071147,0.00019138,0.00083225,0.00028475,0.00013715,0.00008391,15:00:21..586,,,,
15:00:21..640,5.38352109,0.000902,0.00002161,0.00000237,0.00071084,0.00019147,0.00083216,0.00028495,0.00013723,0.00008387,15:00:21..688,,,,
15:00:21..727,5.40937854,0.000902,0.00002121,0.000002,0.00071175,0.00019147,0.00083215,0.00028506,0.00013772,0.00008392,15:00:21..688,,,,
15:00:21..762,5.33697768,0.001034,0.00002154,0.00000187,0.00071085,0.00019149,0.00083226,0.00028439,0.00013768,0.00008353,15:00:21..776,,,,
15:00:21..874,5.44040748,0.001034,0.0000212,0.00000203,0.000711,0.00019103,0.00083174,0.0002848,0.00013725,0.00008319,15:00:21..872,,,,
15:00:21..906,5.38869258,0.001207,0.00002128,0.00000209,0.00071102,0.00019092,0.00083178,0.00028479,0.00013711,0.00008305,15:00:21..917,,,,
15:00:22..009,5.35766364,0.001207,0.00002128,0.00000239,0.00071081,0.00019171,0.00083161,0.00028509,0.0001374,0.00008394,15:00:22..007,,,,
15:00:22..042,6.52642038,0.001302,0.00002169,0.00000218,0.0007109,0.00019106,0.00083196,0.00028462,0.0001371,0.00008403,15:00:22..049,,,,
15:00:22..149,11.08250307,0.001302,0.00002146,0.00000235,0.00071163,0.00019127,0.00083219,0.000285,0.00013728,0.00008365,15:00:22..147,,,,
15:00:22..182,19.91540799,0.004057,0.00002119,0.00000304,0.00071215,0.00019119,0.00083246,0.00028462,0.0001381,0.00008244,15:00:22..191,,,,
15:00:22..296,21.18242304,0.004057,0.00002242,0.00000284,0.00071024,0.0001913,0.00083211,0.00028449,0.00013806,0.00008248,15:00:22..294,,,,
15:00:22..329,19.55340369,0.008731,0.00002105,0.00000439,0.00071118,0.00019116,0.00083262,0.00028462,0.0001387,0.00008234,15:00:22..339,,,,
15:00:22..414,18.93799638,0.008731,0.00002235,0.00000434,0.00071093,0.00019168,0.00083271,0.00028449,0.00013876,0.00008271,15:00:22..453,,,,
15:00:22..498,17.67615282,0.008731,0.00002187,0.00000396,0.00071188,0.00019111,0.00083245,0.00028442,0.0001385,0.00008282,15:00:22..453,,,,
15:00:22..530,17.98644222,0.029668,0.00001896,-0.00000119,0.00070947,0.00018916,0.00083125,0.00027927,0.00013559,0.00008449,15:00:22..506,,,,
15:00:22..610,18.40533291,0.029668,0.00001978,-0.0000014,0.00070846,0.00018951,0.00083124,0.0002793,0.00013577,0.00008423,15:00:22..651,,,,
15:00:22..659,19.47583134,0.029668,0.00001887,-0.00000142,0.00070938,0.00018866,0.00083095,0.00027877,0.00013574,0.00008418,15:00:22..651,,,,
15:00:22..693,19.8068067,0.046465,0.00001689,-0.00000461,0.00070591,0.00018639,0.0008291,0.0002749,0.00013273,0.00008557,15:00:22..695,,,,
15:00:22..775,19.98263736,0.058319,0.0000173,-0.00000449,0.00070534,0.00018664,0.00082955,0.00027471,0.00013311,0.00008509,15:00:22..818,,,,
15:00:22..866,20.09123865,0.058319,0.00001714,-0.00000417,0.00070594,0.0001866,0.00082899,0.00027493,0.00013332,0.00008508,15:00:22..864,,,,
15:00:22..898,20.98073493,0.070013,0.00001333,-0.00001187,0.0007,0.0001827,0.00083071,0.00027181,0.00013087,0.00008323,15:00:22..907,,,,
15:00:22..981,21.57028479,0.070013,0.00001259,-0.00001166,0.00070074,0.00018238,0.00083036,0.0002713,0.00013117,0.00008315,15:00:23..021,,,,
15:00:23..039,23.13207477,0.070013,0.00001363,-0.0000121,0.00069988,0.00018248,0.0008306,0.00027137,0.00013104,0.00008311,15:00:23..021,,,,
15:00:23..073,24.823152,0.091234,0.00001128,-0.00001656,0.00069453,0.00017817,0.00083207,0.00026952,0.00013058,0.0000778,15:00:23..107,,,,
15:00:23..212,25.55233209,0.091234,0.00001204,-0.00001666,0.00069418,0.00017874,0.00083227,0.00026928,0.00013069,0.00007792,15:00:23..210,,,,
15:00:23..245,29.81881134,0.103946,0.00001008,-0.00002222,0.00068853,0.00017223,0.00083468,0.00026861,0.00013029,0.00006538,15:00:23..254,,,,
15:00:23..365,31.09616937,0.103946,0.00001092,-0.00002242,0.00068752,0.00017244,0.00083446,0.00026811,0.00013003,0.00006517,15:00:23..363,,,,
15:00:23..397,35.16096051,0.112998,0.00000941,-0.00002456,0.00068213,0.00016758,0.00083618,0.00026713,0.00013074,0.00005004,15:00:23..363,,,,
15:00:23..504,36.43831854,0.112998,0.00000941,-0.00002458,0.00068249,0.00016702,0.00083624,0.00026737,0.00013067,0.00005003,15:00:23..559,,,,
15:00:23..567,39.60327042,0.112998,0.00000903,-0.00002468,0.00068263,0.00016714,0.00083576,0.00026712,0.00013083,0.00004971,15:00:23..559,,,,
15:00:23..600,41.69255238,0.118294,0.0000083,-0.00002754,0.00067529,0.00016168,0.00083663,0.00026753,0.00013253,0.00003236,15:00:23..604,,,,
15:00:23..758,42.44758992,0.118294,0.00000811,-0.00002729,0.00067632,0.00016163,0.00083703,0.00026787,0.00013253,0.0000323,15:00:23..604,,,,
15:00:23..790,45.77285799,0.115791,0.00000684,-0.00002818,0.00067213,0.00015746,0.00083702,0.00026915,0.00013365,0.00001914,15:00:23..758,,,,
15:00:23..873,46.17623421,0.115791,0.00000758,-0.00002841,0.00067064,0.00015782,0.00083685,0.00026933,0.00013325,0.00001902,15:00:23..932,,,,
15:00:23..940,46.95195771,0.115791,0.00000651,-0.00002798,0.00067173,0.0001572,0.0008368,0.00026969,0.00013354,0.00001895,15:00:23..932,,,,
15:00:23..974,47.03987304,0.108977,0.00000758,-0.00002801,0.00066961,0.00015658,0.00083766,0.00026996,0.00013396,0.00001314,15:00:23..977,,,,
15:00:24..107,46.94678622,0.108977,0.00000687,-0.00002763,0.00067035,0.00015671,0.00083794,0.00027035,0.00013391,0.00001316,15:00:24..105,,,,
15:00:24..139,45.78320097,0.094315,0.00000744,-0.00002688,0.00067179,0.0001581,0.00083884,0.00027111,0.00013456,0.00001445,15:00:24..150,,,,
15:00:24..258,45.34879581,0.094315,0.00000811,-0.0000268,0.00067006,0.00015804,0.00083885,0.00027101,0.00013349,0.00001489,15:00:24..257,,,,
15:00:24..292,43.41465855,0.08015,0.00000848,-0.00002555,0.00067344,0.00016056,0.00084067,0.00027158,0.00013479,0.00002019,15:00:24..301,,,,
15:00:24..392,42.76305081,0.08015,0.00000881,-0.00002565,0.00067272,0.00016114,0.00084068,0.00027174,0.0001344,0.00002028,15:00:24..392,,,,
15:00:24..426,40.93751484,0.064872,0.00001019,-0.00002447,0.00067585,0.0001633,0.00084201,0.00027209,0.00013445,0.00002665,15:00:24..435,,,,
15:00:24..482,40.27556412,0.059799,0.00000991,-0.00002473,0.00067615,0.00016359,0.00084208,0.00027231,0.00013422,0.00002654,15:00:24..528,,,,
15:00:24..575,39.4067538,0.059799,0.00000957,-0.00002464,0.00067538,0.00016307,0.00084175,0.00027229,0.00013465,0.00002651,15:00:24..575,,,,
15:00:24..610,38.00010852,0.054803,0.00001008,-0.00002332,0.00067919,0.00016605,0.00084264,0.00027304,0.00013469,0.0000347,15:00:24..622,,,,
15:00:24..655,37.58121783,0.045193,0.00001113,-0.00002315,0.00067832,0.000167,0.00084304,0.00027284,0.00013521,0.00003468,15:00:24..665,,,,
15:00:24..718,37.02269691,0.045193,0.00001024,-0.000023,0.0006796,0.00016607,0.00084323,0.00027296,0.00013483,0.00003433,15:00:24..665,,,,
15:00:24..753,36.40211811,0.036426,0.00001057,-0.00002276,0.00068084,0.00016808,0.00084285,0.00027324,0.0001344,0.00003842,15:00:24..769,,,,
15:00:24..867,36.10217169,0.036426,0.00001143,-0.0000228,0.00068022,0.00016783,0.00084298,0.00027278,0.00013442,0.00003861,15:00:24..866,,,,
15:00:24..899,35.35747713,0.025523,0.00001159,-0.0000225,0.00068144,0.00016904,0.0008424,0.00027295,0.00013463,0.0000415,15:00:24..866,,,,
15:00:24..961,35.25404733,0.025523,0.00001164,-0.00002249,0.00068154,0.00016895,0.00084291,0.0002731,0.0001345,0.00004078,15:00:25..002,,,,
15:00:25..009,35.2178469,0.025523,0.00001127,-0.0000224,0.00068141,0.000169,0.00084294,0.00027346,0.00013478,0.00004123,15:00:25..002,,,,
15:00:25..043,35.08338816,0.017279,0.00001136,-0.00002223,0.00068273,0.00016907,0.00084222,0.0002733,0.00013465,0.00004191,15:00:25..045,,,,
15:00:25..111,35.166132,0.015206,0.00001238,-0.00002198,0.00068141,0.00016945,0.00084254,0.00027372,0.00013439,0.00004217,15:00:25..172,,,,
15:00:25..190,35.35747713,0.015206,0.00001059,-0.0000221,0.00068225,0.00016899,0.00084271,0.0002734,0.00013485,0.00004192,15:00:25..172,,,,
15:00:25..223,35.6315661,0.012004,0.00001152,-0.00002233,0.00068131,0.00016887,0.00084199,0.0002735,0.00013475,0.00004117,15:00:25..216,,,,
15:00:25..284,35.84876868,0.009966,0.0000115,-0.00002258,0.00068154,0.00016888,0.00084173,0.00027392,0.00013462,0.00004111,15:00:25..281,,,,
15:00:25..344,36.18491553,0.009966,0.00001121,-0.00002291,0.00068131,0.00016902,0.00084158,0.00027302,0.00013451,0.00004064,15:00:25..325,,,,
15:00:25..378,36.59863473,0.009345,0.0000106,-0.00002262,0.00068094,0.00016733,0.00084124,0.00027318,0.00013458,0.00003807,15:00:25..410,,,,
15:00:25..447,36.89858115,0.00896,0.00001164,-0.00002291,0.00067916,0.00016796,0.00084133,0.00027358,0.00013463,0.00003834,15:00:25..455,,,,
15:00:25..498,37.55018889,0.008819,0.00001101,-0.00002278,0.00068108,0.00016748,0.0008414,0.00027302,0.00013451,0.0000378,15:00:25..537,,,,
15:00:25..551,37.88116425,0.008819,0.00001155,-0.00002286,0.00067966,0.00016747,0.00084088,0.00027295,0.00013421,0.00003814,15:00:25..537,,,,
15:00:25..587,38.44485666,0.00929,0.00001019,-0.00002387,0.00067819,0.00016534,0.00084044,0.00027302,0.00013434,0.00003343,15:00:25..622,,,,
15:00:25..712,38.70860265,0.00929,0.00001117,-0.00002331,0.00067826,0.00016534,0.00084034,0.00027307,0.0001343,0.00003353,15:00:25..712,,,,
15:00:25..745,39.74290065,0.010532,0.00000964,-0.00002445,0.00067726,0.0001641,0.00083983,0.00027278,0.00013446,0.00002965,15:00:25..757,,,,
15:00:25..861,39.96527472,0.010532,0.00001084,-0.00002446,0.00067645,0.00016457,0.00083953,0.00027274,0.00013385,0.00002973,15:00:25..860,,,,
15:00:25..895,40.65308289,0.011746,0.00001022,-0.00002473,0.00067576,0.00016356,0.00083964,0.00027338,0.00013417,0.00002681,15:00:25..904,,,,
15:00:26..014,40.78754163,0.011746,0.00001016,-0.00002482,0.00067634,0.00016306,0.00083944,0.00027324,0.00013435,0.00002696,15:00:26..012,,,,
15:00:26..047,41.06680209,0.012718,0.00001009,-0.0000251,0.00067537,0.00016235,0.00083909,0.0002731,0.00013382,0.00002569,15:00:26..056,,,,
15:00:26..171,41.14437444,0.012718,0.00000992,-0.00002537,0.00067545,0.00016263,0.00083958,0.00027293,0.00013426,0.00002528,15:00:26..169,,,,
15:00:26..203,40.92717186,0.013061,0.00001042,-0.00002475,0.00067481,0.00016319,0.0008396,0.00027349,0.00013423,0.00002518,15:00:26..212,,,,
15:00:26..295,40.89097143,0.013061,0.0000092,-0.00002481,0.00067596,0.00016243,0.00083942,0.00027332,0.0001344,0.00002533,15:00:26..294,,,,
15:00:26..326,40.53931011,0.012512,0.00001099,-0.00002451,0.00067532,0.00016348,0.00084001,0.00027323,0.00013426,0.00002613,15:00:26..336,,,,
15:00:26..397,40.37382243,0.012182,0.00000924,-0.00002495,0.00067585,0.00016304,0.00083993,0.00027347,0.0001344,0.00002627,15:00:26..445,,,,
15:00:26..459,40.03767558,0.012182,0.00001064,-0.00002487,0.00067544,0.00016363,0.00083981,0.00027338,0.0001342,0.00002653,15:00:26..445,,,,
15:00:26..493,39.68601426,0.010575,0.00001046,-0.00002439,0.0006769,0.00016429,0.00084059,0.00027354,0.00013444,0.00002787,15:00:26..535,,,,
15:00:26..611,39.58258446,0.010575,0.00001076,-0.00002447,0.00067633,0.00016422,0.00084053,0.00027381,0.00013435,0.00002796,15:00:26..610,,,,
15:00:26..643,38.92063374,0.009214,0.00001095,-0.00002435,0.00067654,0.00016516,0.00084084,0.0002734,0.00013474,0.00002942,15:00:26..654,,,,
15:00:26..757,38.68791669,0.009214,0.00000997,-0.00002427,0.00067744,0.00016444,0.00084089,0.00027369,0.00013451,0.00002987,15:00:26..755,,,,
15:00:26..789,38.27936898,0.007098,0.00001025,-0.00002392,0.00067846,0.00016527,0.00084087,0.00027406,0.00013478,0.0000317,15:00:26..799,,,,
15:00:26..848,38.1655962,0.00586,0.00001122,-0.00002402,0.00067706,0.00016564,0.00084094,0.00027388,0.00013445,0.00003157,15:00:26..891,,,,
15:00:26..935,37.96390809,0.00586,0.00001069,-0.00002359,0.00067815,0.00016528,0.00084093,0.00027383,0.00013487,0.00003196,15:00:26..936,,,,
15:00:26..970,37.81393488,0.00479,0.00001103,-0.00002349,0.00067862,0.00016578,0.00084063,0.00027416,0.00013476,0.00003276,15:00:26..981,,,,
15:00:27..082,37.7001621,0.00479,0.00001073,-0.00002311,0.00067836,0.0001667,0.00084124,0.0002741,0.00013467,0.00003308,15:00:27..079,,,,
15:00:27..113,37.64327571,0.003502,0.00001137,-0.00002371,0.00067783,0.00016596,0.00084134,0.00027393,0.00013407,0.00003301,15:00:27..124,,,,
15:00:27..180,37.67947614,0.003213,0.00001025,-0.00002349,0.00067858,0.00016577,0.00084066,0.00027431,0.00013493,0.00003307,15:00:27..221,,,,
15:00:27..226,37.74670551,0.003213,0.00001116,-0.00002357,0.00067732,0.00016599,0.00084094,0.000274,0.00013451,0.00003259,15:00:27..221,,,,
15:00:27..259,37.78807743,0.00298,0.00001014,-0.00002416,0.00067856,0.00016583,0.00084053,0.0002746,0.00013487,0.00003231,15:00:27..267,,,,
15:00:27..368,37.86564978,0.00298,0.00001106,-0.00002417,0.00067723,0.00016599,0.0008403,0.00027384,0.0001345,0.00003278,15:00:27..366,,,,
15:00:27..401,38.09319534,0.002665,0.00001053,-0.00002338,0.000678,0.00016555,0.00084031,0.00027363,0.00013446,0.00003154,15:00:27..410,,,,
15:00:27..502,38.15525322,0.002665,0.00001104,-0.00002343,0.00067703,0.00016603,0.00084023,0.00027431,0.00013405,0.00003169,15:00:27..500,,,,
15:00:27..536,38.49140007,0.002814,0.00001048,-0.00002375,0.00067781,0.000165,0.00084026,0.00027392,0.0001345,0.00003009,15:00:27..542,,,,
15:00:27..622,38.58965838,0.002814,0.00001106,-0.00002365,0.00067723,0.00016559,0.00084001,0.00027355,0.00013429,0.00003054,15:00:27..622,,,,
15:00:27..656,38.84306139,0.003103,0.00001068,-0.00002399,0.00067621,0.00016477,0.00084006,0.00027382,0.0001345,0.00002955,15:00:27..665,,,,
15:00:27..766,38.89477629,0.003103,0.00001024,-0.00002366,0.00067702,0.00016483,0.00084,0.00027385,0.00013478,0.0000299,15:00:27..764,,,,
15:00:27..798,39.26712357,0.003756,0.00001021,-0.00002396,0.00067676,0.00016469,0.00083969,0.00027403,0.00013434,0.00002825,15:00:27..764,,,,
15:00:27..860,39.33952443,0.003756,0.00001066,-0.00002408,0.00067592,0.00016497,0.00083977,0.00027407,0.00013448,0.00002852,15:00:27..901,,,,
15:00:27..906,39.43261125,0.003756,0.00000997,-0.00002393,0.00067687,0.00016457,0.00083947,0.00027412,0.00013476,0.00002855,15:00:27..901,,,,
15:00:27..941,39.52052658,0.004601,0.00001072,-0.0000241,0.00067525,0.00016416,0.00083933,0.00027378,0.00013418,0.00002731,15:00:27..945,,,,
15:00:28..044,39.57741297,0.004601,0.00001018,-0.00002407,0.00067681,0.00016385,0.00083969,0.00027442,0.00013431,0.00002775,15:00:28..042,,,,
15:00:28..076,39.63947085,0.005398,0.00001073,-0.00002374,0.00067517,0.00016426,0.00083944,0.00027372,0.00013385,0.000027,15:00:28..086,,,,
15:00:28..137,39.60844191,0.005567,0.00000998,-0.00002426,0.00067638,0.00016377,0.00083928,0.00027376,0.00013417,0.00002718,15:00:28..179,,,,
15:00:28..195,39.64981383,0.005567,0.00001083,-0.00002448,0.00067559,0.00016434,0.00084016,0.00027414,0.00013449,0.000027,15:00:28..179,,,,
15:00:28..230,39.59292744,0.005723,0.00001022,-0.00002376,0.00067598,0.00016431,0.00083967,0.00027383,0.00013393,0.00002686,15:00:28..266,,,,
15:00:28..296,39.57224148,0.005723,0.00001052,-0.000024,0.00067564,0.00016427,0.00083976,0.00027388,0.00013421,0.000027,15:00:28..309,,,,
15:00:28..352,39.51535509,0.005743,0.00001014,-0.00002423,0.00067615,0.0001638,0.00084006,0.0002738,0.00013441,0.00002659,15:00:28..309,,,,
15:00:28..386,39.41192529,0.005685,0.00000985,-0.00002436,0.00067659,0.00016399,0.00083949,0.00027397,0.0001341,0.0000272,15:00:28..407,,,,
15:00:28..504,39.32918145,0.005685,0.00001078,-0.00002394,0.00067517,0.00016416,0.00083977,0.00027402,0.00013392,0.00002679,15:00:28..502,,,,
15:00:28..536,39.1481793,0.005437,0.00001088,-0.00002359,0.00067589,0.00016422,0.00084015,0.00027432,0.00013444,0.00002815,15:00:28..545,,,,
15:00:28..650,39.05509248,0.005437,0.00001042,-0.00002417,0.00067634,0.00016376,0.0008397,0.00027358,0.00013426,0.00002746,15:00:28..648,,,,
15:00:28..682,38.92580523,0.004985,0.00001052,-0.00002341,0.00067644,0.00016486,0.0008402,0.00027405,0.00013442,0.00002838,15:00:28..691,,,,
15:00:28..803,38.79651798,0.004985,0.00001073,-0.00002338,0.00067625,0.00016439,0.00083974,0.00027409,0.00013379,0.00002797,15:00:28..801,,,,
15:00:28..835,38.63620179,0.004608,0.00000967,-0.00002341,0.0006769,0.00016477,0.00083939,0.00027458,0.00013476,0.0000282,15:00:28..845,,,,
15:00:28..940,38.64137328,0.004608,0.00001068,-0.00002359,0.00067584,0.00016508,0.0008401,0.00027429,0.00013397,0.00002843,15:00:28..939,,,,
15:00:28..971,38.53277199,0.004174,0.00001119,-0.00002366,0.00067644,0.00016537,0.00084049,0.00027454,0.00013458,0.00002862,15:00:28..982,,,,
15:00:29..079,38.46554262,0.004174,0.00001017,-0.00002336,0.00067714,0.00016462,0.0008403,0.00027442,0.00013458,0.00002891,15:00:29..077,,,,
15:00:29..113,38.47071411,0.003981,0.00000987,-0.00002351,0.00067676,0.00016495,0.00083987,0.00027387,0.00013408,0.00002845,15:00:29..120,,,,
15:00:29..225,38.48622858,0.003981,0.0000111,-0.00002326,0.00067654,0.00016507,0.00083997,0.00027435,0.00013449,0.00002879,15:00:29..224,,,,
15:00:29..258,38.49140007,0.003805,0.00001089,-0.00002349,0.00067646,0.00016493,0.00084012,0.00027471,0.00013448,0.00002848,15:00:29..267,,,,
15:00:29..365,38.53794348,0.003805,0.00001089,-0.0000235,0.00067616,0.00016477,0.00083996,0.00027425,0.00013448,0.00002859,15:00:29..363,,,,
15:00:29..396,38.60517285,0.003683,0.00000989,-0.00002348,0.00067676,0.00016443,0.00083979,0.0002744,0.00013424,0.0000285,15:00:29..407,,,,
15:00:29..518,38.72928861,0.003683,0.00001081,-0.00002334,0.00067574,0.00016497,0.00083959,0.00027459,0.00013438,0.00002872,15:00:29..516,,,,
15:00:29..550,38.77583202,0.003856,0.00000981,-0.0000239,0.00067688,0.00016427,0.00083926,0.00027392,0.00013451,0.00002774,15:00:29..560,,,,
15:00:29..648,38.82237543,0.003856,0.00001073,-0.00002349,0.00067547,0.00016465,0.00083967,0.00027431,0.00013448,0.00002805,15:00:29..648,,,,
15:00:29..683,38.93614821,0.003942,0.00000971,-0.00002358,0.00067631,0.00016427,0.00083968,0.00027443,0.00013418,0.00002736,15:00:29..692,,,,
15:00:29..738,38.96717715,0.004032,0.00001119,-0.00002367,0.0006758,0.00016455,0.00083976,0.00027409,0.00013392,0.0000275,15:00:29..786,,,,
15:00:29..822,38.97752013,0.004032,0.00000992,-0.00002341,0.00067607,0.00016407,0.00083946,0.00027425,0.00013463,0.00002695,15:00:29..786,,,,
15:00:29..855,39.09129291,0.004087,0.00001019,-0.0000238,0.00067621,0.00016371,0.00083899,0.00027404,0.00013396,0.00002656,15:00:29..829,,,,
15:00:29..888,39.0964644,0.004324,0.00000958,-0.00002392,0.00067625,0.00016363,0.00083913,0.00027441,0.00013448,0.00002624,15:00:29..947,,,,
15:00:29..999,39.12749334,0.004324,0.0000108,-0.00002362,0.00067544,0.00016434,0.00083994,0.00027447,0.00013435,0.00002636,15:00:30..010,,,,
15:00:30..032,39.11197887,0.004324,0.00000979,-0.00002371,0.00067625,0.00016354,0.0008391,0.00027466,0.00013438,0.00002641,15:00:30..010,,,,
15:00:30..066,39.14300781,0.004518,0.00001025,-0.00002364,0.00067585,0.0001637,0.00083917,0.00027404,0.00013427,0.00002695,15:00:30..108,,,,
15:00:30..151,39.19472271,0.004518,0.00001008,-0.00002379,0.00067582,0.00016419,0.00083978,0.00027452,0.00013437,0.0000264,15:00:30..108,,,,
15:00:30..182,39.18437973,0.00455,0.00001039,-0.00002376,0.00067561,0.00016382,0.00083908,0.00027467,0.00013422,0.00002573,15:00:30..195,,,,
15:00:30..307,39.13266483,0.00455,0.00001014,-0.00002356,0.00067551,0.00016414,0.00083937,0.00027437,0.000134,0.00002641,15:00:30..305,,,,
15:00:30..340,39.10163589,0.004446,0.00001062,-0.00002385,0.00067497,0.00016409,0.00083936,0.00027416,0.00013409,0.00002625,15:00:30..305,,,,
15:00:30..417,39.01889205,0.004446,0.00001021,-0.00002312,0.00067621,0.00016394,0.00083919,0.00027437,0.00013404,0.0000262,15:00:30..447,,,,
15:00:30..460,39.06543546,0.004446,0.00001119,-0.00002374,0.00067519,0.00016427,0.00083994,0.00027424,0.00013428,0.00002627,15:00:30..447,,,,
15:00:30..493,39.00337758,0.00422,0.00001072,-0.00002367,0.00067691,0.000164,0.00083951,0.00027466,0.00013404,0.00002646,15:00:30..580,,,,
15:00:30..634,38.94649119,0.00422,0.00001064,-0.00002382,0.00067531,0.00016423,0.00083927,0.00027449,0.00013446,0.000026,15:00:30..633,,,,
15:00:30..665,38.8896048,0.004119,0.00001021,-0.00002406,0.00067583,0.00016379,0.00083927,0.00027424,0.00013408,0.00002643,15:00:30..677,,,,
15:00:30..774,38.82754692,0.004119,0.0000108,-0.00002332,0.00067534,0.00016443,0.00083959,0.00027419,0.00013404,0.00002662,15:00:30..772,,,,
15:00:30..806,38.81203245,0.003804,0.00000994,-0.00002331,0.00067673,0.00016415,0.00083904,0.00027385,0.00013454,0.00002684,15:00:30..772,,,,
15:00:30..898,38.76548904,0.003804,0.00001095,-0.00002364,0.00067531,0.00016447,0.00083936,0.00027425,0.0001337,0.00002621,15:00:30..928,,,,
15:00:30..936,38.76031755,0.003804,0.00000998,-0.00002341,0.00067633,0.00016389,0.00083892,0.00027431,0.00013371,0.00002627,15:00:30..928,,,,
15:00:30..970,38.75514606,0.003319,0.00001046,-0.00002339,0.00067607,0.00016466,0.00083936,0.00027463,0.00013411,0.0000266,15:00:30..974,,,,
15:00:31..086,38.72411712,0.003319,0.00001055,-0.00002345,0.00067631,0.00016424,0.00083904,0.00027473,0.00013443,0.00002684,15:00:31..084,,,,
15:00:31..119,38.72411712,0.003013,0.00001107,-0.00002334,0.00067574,0.00016448,0.00083926,0.00027459,0.00013467,0.00002643,15:00:31..129,,,,
15:00:31..244,38.77066053,0.003013,0.00001026,-0.00002316,0.00067631,0.00016409,0.00083907,0.00027438,0.00013433,0.00002672,15:00:31..242,,,,
15:00:31..277,38.76548904,0.003106,0.00001099,-0.00002286,0.00067525,0.00016447,0.00083912,0.00027413,0.00013411,0.00002654,15:00:31..286,,,,
15:00:31..403,38.81720394,0.003106,0.00001011,-0.00002364,0.00067632,0.00016407,0.00083949,0.00027427,0.00013451,0.00002636,15:00:31..401,,,,
15:00:31..437,38.80686096,0.003206,0.00001051,-0.0000233,0.00067585,0.00016447,0.00083922,0.00027417,0.00013411,0.0000259,15:00:31..456,,,,
15:00:31..546,38.82237543,0.003206,0.00001067,-0.0000233,0.0006756,0.00016432,0.00083915,0.00027454,0.00013424,0.00002629,15:00:31..545,,,,
15:00:31..580,38.89994778,0.00334,0.00001021,-0.00002337,0.00067639,0.00016411,0.00083928,0.00027474,0.000134,0.00002613,15:00:31..589,,,,
15:00:31..655,38.86891884,0.00334,0.00001098,-0.0000237,0.00067533,0.00016465,0.00083933,0.0002747,0.00013398,0.00002579,15:00:31..653,,,,
15:00:31..709,38.94649119,0.003487,0.00001035,-0.00002329,0.00067612,0.00016395,0.00083919,0.00027432,0.00013431,0.00002636,15:00:31..708,,,,
15:00:31..741,38.98269162,0.003487,0.00001116,-0.00002315,0.00067492,0.00016448,0.00083961,0.0002746,0.00013418,0.00002576,15:00:31..708,,,,
15:00:31..776,38.96717715,0.003505,0.00001012,-0.00002319,0.0006756,0.00016345,0.00083902,0.00027434,0.00013413,0.00002546,15:00:31..817,,,,
15:00:31..870,38.96717715,0.003505,0.00001085,-0.0000232,0.00067573,0.00016399,0.00083898,0.00027463,0.00013411,0.00002569,15:00:31..817,,,,
15:00:31..903,38.98786311,0.003556,0.00001063,-0.0000236,0.00067573,0.00016413,0.00083868,0.00027418,0.00013423,0.00002542,15:00:31..916,,,,
15:00:31..993,38.98786311,0.003556,0.00001069,-0.0000235,0.00067525,0.0001642,0.00083934,0.00027495,0.00013413,0.00002549,15:00:31..992,,,,
15:00:32..025,38.97752013,0.003612,0.00001052,-0.00002328,0.00067521,0.00016381,0.00083899,0.00027472,0.0001344,0.00002518,15:00:32..035,,,,
15:00:32..082,38.99820609,0.003678,0.00001066,-0.00002302,0.00067585,0.00016419,0.00083922,0.00027474,0.0001338,0.00002533,15:00:32..079,,,,
15:00:32..127,39.01372056,0.003678,0.00001063,-0.00002307,0.00067531,0.00016437,0.00083919,0.0002743,0.00013368,0.00002549,15:00:32..122,,,,
15:00:32..161,38.99820609,0.003785,0.00001088,-0.00002341,0.00067473,0.00016451,0.00083903,0.0002742,0.00013407,0.00002514,15:00:32..166,,,,
15:00:32..264,38.96200566,0.003785,0.00001017,-0.0000232,0.00067596,0.00016431,0.00083885,0.00027458,0.00013401,0.000025,15:00:32..261,,,,
15:00:32..296,38.95683417,0.00393,0.00001092,-0.00002337,0.00067498,0.00016408,0.0008389,0.00027457,0.0001339,0.00002531,15:00:32..308,,,,
15:00:32..390,38.96717715,0.00393,0.00001014,-0.00002362,0.00067587,0.00016383,0.00083881,0.00027468,0.00013405,0.00002513,15:00:32..388,,,,
15:00:32..422,38.95683417,0.003941,0.00001058,-0.00002355,0.00067484,0.00016437,0.00083926,0.00027466,0.00013372,0.0000254,15:00:32..431,,,,
15:00:32..464,38.89994778,0.003975,0.00001019,-0.00002337,0.0006761,0.00016429,0.00083858,0.00027468,0.000134,0.00002584,15:00:32..475,,,,
15:00:32..510,38.91029076,0.004032,0.00001117,-0.00002322,0.00067514,0.00016442,0.00083889,0.00027483,0.00013379,0.00002528,15:00:32..548,,,,
15:00:32..556,38.94649119,0.004032,0.00000986,-0.00002338,0.00067583,0.0001641,0.00083852,0.00027453,0.00013477,0.00002515,15:00:32..548,,,,
15:00:32..591,38.90511927,0.004137,0.00001068,-0.00002307,0.00067536,0.00016469,0.00083902,0.00027456,0.00013393,0.00002591,15:00:32..592,,,,
15:00:32..649,38.8378899,0.004199,0.00001042,-0.00002308,0.00067598,0.00016412,0.00083879,0.00027452,0.00013377,0.00002549,15:00:32..696,,,,
15:00:32..715,38.91029076,0.004199,0.0000107,-0.00002305,0.00067559,0.0001642,0.00083886,0.00027471,0.00013398,0.00002523,15:00:32..696,,,,
15:00:32..748,38.86891884,0.004242,0.0000113,-0.0000234,0.00067536,0.00016514,0.00083893,0.00027457,0.00013429,0.00002519,15:00:32..784,,,,
15:00:32..880,38.88443331,0.004242,0.00001061,-0.00002324,0.00067641,0.00016416,0.00083885,0.00027466,0.00013407,0.00002528,15:00:32..879,,,,
15:00:32..912,38.82754692,0.004279,0.00001135,-0.00002349,0.00067528,0.00016476,0.00083902,0.00027464,0.00013394,0.00002556,15:00:32..924,,,,
15:00:33..019,38.8896048,0.004279,0.00001057,-0.00002297,0.00067608,0.00016429,0.00083941,0.00027527,0.00013446,0.00002552,15:00:33..018,,,,
15:00:33..051,38.81720394,0.004323,0.00001057,-0.00002319,0.00067535,0.00016489,0.00083927,0.00027481,0.0001342,0.00002518,15:00:33..060,,,,
15:00:33..159,38.82754692,0.004323,0.00001084,-0.00002307,0.00067552,0.0001648,0.00083912,0.00027482,0.00013363,0.0000252,15:00:33..156,,,,
15:00:33..189,38.85857586,0.004424,0.00001015,-0.00002322,0.00067588,0.00016439,0.00083893,0.00027432,0.00013421,0.00002538,15:00:33..200,,,,
15:00:33..300,38.85340437,0.004424,0.00001116,-0.00002342,0.00067532,0.00016496,0.00083904,0.00027415,0.00013403,0.0000254,15:00:33..297,,,,
15:00:33..333,38.87926182,0.004495,0.00001138,-0.00002324,0.000675,0.00016485,0.00083899,0.00027459,0.00013397,0.00002493,15:00:33..344,,,,
15:00:33..432,38.89994778,0.004495,0.00001026,-0.00002307,0.00067645,0.00016448,0.0008392,0.00027486,0.00013423,0.00002542,15:00:33..430,,,,
15:00:33..463,38.93614821,0.00452,0.00001073,-0.00002316,0.00067657,0.00016467,0.0008384,0.00027428,0.00013374,0.00002478,15:00:33..471,,,,
15:00:33..551,38.8896048,0.00452,0.00001098,-0.00002314,0.00067502,0.00016484,0.00083915,0.00027495,0.00013386,0.00002516,15:00:33..549,,,,
15:00:33..583,38.92580523,0.004581,0.00001136,-0.00002298,0.00067564,0.00016541,0.00083936,0.00027474,0.00013402,0.00002446,15:00:33..592,,,,
15:00:33..702,38.91029076,0.004581,0.00001037,-0.00002346,0.00067657,0.00016467,0.00083885,0.00027462,0.00013412,0.000025,15:00:33..700,,,,
15:00:33..737,38.92063374,0.004591,0.00001036,-0.00002325,0.00067584,0.0001648,0.00083886,0.0002746,0.00013422,0.00002483,15:00:33..744,,,,
15:00:33..850,38.93614821,0.004591,0.00001095,-0.00002304,0.00067608,0.00016486,0.00083862,0.00027484,0.00013437,0.0000249,15:00:33..849,,,,
15:00:33..882,39.00854907,0.004591,0.00001069,-0.00002335,0.00067573,0.00016481,0.00083877,0.0002747,0.00013383,0.00002495,15:00:33..849,,,,
15:00:33..915,38.91546225,0.004584,0.00001018,-0.00002314,0.00067632,0.00016453,0.00083861,0.00027417,0.00013423,0.00002473,15:00:33..973,,,,
15:00:34..027,38.94649119,0.004584,0.00001086,-0.00002324,0.00067564,0.00016486,0.00083895,0.00027491,0.00013417,0.00002488,15:00:34..026,,,,
15:00:34..059,38.91029076,0.004653,0.00001079,-0.00002341,0.00067587,0.0001651,0.00083884,0.0002744,0.00013413,0.00002405,15:00:34..069,,,,
15:00:34..176,38.95683417,0.004653,0.00001028,-0.00002332,0.00067627,0.00016444,0.00083815,0.00027412,0.00013368,0.0000237,15:00:34..173,,,,
15:00:34..207,38.93097672,0.004633,0.00001097,-0.00002343,0.00067586,0.00016508,0.00083879,0.00027475,0.00013372,0.00002399,15:00:34..219,,,,
15:00:34..281,38.97752013,0.004654,0.00001065,-0.00002342,0.00067607,0.00016513,0.00083885,0.00027511,0.00013366,0.00002487,15:00:34..342,,,,
15:00:34..355,38.93614821,0.004654,0.00001046,-0.00002339,0.0006758,0.00016475,0.00083901,0.00027487,0.00013407,0.00002472,15:00:34..342,,,,
15:00:34..389,38.90511927,0.004563,0.00001129,-0.00002337,0.00067534,0.00016507,0.00083894,0.00027475,0.00013426,0.00002448,15:00:34..430,,,,
15:00:34..512,38.88443331,0.004563,0.0000105,-0.00002291,0.00067648,0.0001648,0.00083894,0.00027483,0.00013406,0.00002438,15:00:34..510,,,,
15:00:34..543,38.89994778,0.004509,0.0000107,-0.00002289,0.00067644,0.00016548,0.00083887,0.00027505,0.00013393,0.00002438,15:00:34..553,,,,
15:00:34..612,38.86374735,0.004509,0.00001091,-0.00002284,0.00067597,0.00016485,0.00083917,0.00027486,0.00013399,0.00002429,15:00:34..609,,,,
15:00:34..647,38.89477629,0.004509,0.00001087,-0.00002271,0.00067571,0.00016533,0.00083886,0.00027476,0.00013417,0.00002423,15:00:34..609,,,,
15:00:34..681,38.96200566,0.004297,0.0000111,-0.00002308,0.00067546,0.00016528,0.00083892,0.00027458,0.0001337,0.00002439,15:00:34..707,,,,
15:00:34..808,38.87409033,0.004297,0.00001003,-0.00002316,0.00067659,0.00016487,0.0008388,0.00027469,0.0001337,0.0000241,15:00:34..807,,,,
15:00:34..841,38.85340437,0.004002,0.00001004,-0.00002317,0.00067654,0.00016503,0.00083908,0.00027431,0.00013419,0.00002421,15:00:34..849,,,,
15:00:34..949,38.93097672,0.004002,0.00001122,-0.00002318,0.00067552,0.00016555,0.00083884,0.00027472,0.00013383,0.0000247,15:00:34..947,,,,
15:00:34..982,38.92580523,0.003814,0.00001049,-0.00002302,0.00067662,0.00016507,0.00083873,0.00027461,0.00013387,0.00002454,15:00:34..992,,,,
15:00:35..105,38.83271841,0.003814,0.00001133,-0.00002261,0.00067593,0.0001649,0.00083908,0.00027427,0.00013381,0.0000243,15:00:35..103,,,,
15:00:35..137,38.92580523,0.00367,0.0000111,-0.00002318,0.00067606,0.00016562,0.00083881,0.00027491,0.00013409,0.00002423,15:00:35..157,,,,
15:00:35..259,38.84823288,0.00367,0.00001008,-0.0000229,0.00067642,0.00016493,0.00083877,0.00027461,0.00013405,0.00002418,15:00:35..257,,,,
15:00:35..292,38.89994778,0.003568,0.00001011,-0.0000232,0.00067691,0.00016509,0.0008388,0.00027423,0.00013388,0.00002417,15:00:35..300,,,,
15:00:35..381,38.8896048,0.003568,0.00001088,-0.00002275,0.00067574,0.00016532,0.0008389,0.00027494,0.00013347,0.00002384,15:00:35..381,,,,
15:00:35..415,38.89994778,0.003599,0.0000112,-0.00002307,0.00067555,0.00016538,0.00083863,0.00027471,0.00013414,0.00002433,15:00:35..426,,,,
15:00:35..531,38.84306139,0.003599,0.00001028,-0.00002292,0.00067688,0.00016524,0.00083885,0.00027484,0.00013429,0.00002383,15:00:35..529,,,,
15:00:35..563,38.90511927,0.003728,0.00001062,-0.00002295,0.00067626,0.00016524,0.00083896,0.00027441,0.0001334,0.00002392,15:00:35..573,,,,
15:00:35..686,38.92063374,0.003728,0.00001096,-0.00002283,0.00067584,0.00016544,0.00083868,0.0002744,0.00013388,0.00002375,15:00:35..684,,,,
15:00:35..717,38.86891884,0.003812,0.00001046,-0.00002285,0.00067656,0.00016536,0.00083915,0.00027454,0.00013407,0.00002366,15:00:35..729,,,,
15:00:35..788,38.89477629,0.003839,0.00001113,-0.00002273,0.00067592,0.00016567,0.00083903,0.0002749,0.00013358,0.0000237,15:00:35..828,,,,
15:00:35..835,38.89994778,0.003839,0.00001033,-0.00002302,0.00067619,0.000165,0.000839,0.00027452,0.00013441,0.00002371,15:00:35..828,,,,
15:00:35..867,38.8896048,0.003868,0.00001148,-0.00002265,0.00067569,0.00016578,0.00083861,0.00027413,0.00013345,0.00002377,15:00:35..870,,,,
15:00:35..961,38.93097672,0.003868,0.00001005,-0.00002297,0.00067656,0.00016511,0.00083895,0.00027502,0.00013395,0.00002376,15:00:35..959,,,,
15:00:35..994,38.95683417,0.003834,0.00001024,-0.00002265,0.00067674,0.00016507,0.00083914,0.00027433,0.00013427,0.00002343,15:00:36..003,,,,
15:00:36..053,38.91546225,0.003809,0.00001109,-0.00002304,0.00067572,0.00016555,0.00083881,0.00027436,0.0001337,0.00002386,15:00:36..058,,,,
15:00:36..095,38.89477629,0.00381,0.00001029,-0.00002261,0.00067676,0.00016544,0.0008389,0.00027435,0.00013406,0.00002356,15:00:36..114,,,,
15:00:36..140,38.93097672,0.00381,0.00001115,-0.00002241,0.0006757,0.00016582,0.0008386,0.00027463,0.0001335,0.00002373,15:00:36..114,,,,
15:00:36..172,38.93614821,0.003859,0.00001054,-0.00002283,0.000676,0.00016544,0.00083853,0.00027459,0.00013353,0.00002313,15:00:36..201,,,,
15:00:36..307,38.96200566,0.003859,0.00001057,-0.00002244,0.00067634,0.00016526,0.00083883,0.00027475,0.00013411,0.00002371,15:00:36..305,,,,
15:00:36..339,38.91546225,0.003846,0.00001091,-0.0000227,0.00067571,0.00016605,0.00083942,0.00027493,0.00013369,0.00002383,15:00:36..349,,,,
15:00:36..405,38.92063374,0.003846,0.0000101,-0.00002204,0.0006772,0.00016576,0.00083871,0.00027475,0.00013361,0.00002381,15:00:36..403,,,,
15:00:36..458,38.91029076,0.003874,0.0000112,-0.00002236,0.00067556,0.00016603,0.00083898,0.0002746,0.0001336,0.0000236,15:00:36..457,,,,
15:00:36..492,38.93097672,0.00389,0.00001102,-0.00002263,0.00067643,0.0001656,0.00083886,0.00027485,0.0001341,0.00002364,15:00:36..502,,,,
15:00:36..609,38.86374735,0.00389,0.00001083,-0.0000223,0.00067679,0.00016596,0.00083923,0.00027475,0.00013422,0.00002398,15:00:36..606,,,,
15:00:36..642,38.91029076,0.003851,0.00001113,-0.00002233,0.0006758,0.0001662,0.00083933,0.00027495,0.00013392,0.0000234,15:00:36..652,,,,
15:00:36..735,38.89477629,0.003851,0.00001032,-0.00002264,0.00067679,0.00016517,0.00083889,0.00027454,0.00013366,0.00002265,15:00:36..732,,,,
15:00:36..767,38.88443331,0.003776,0.00001115,-0.00002246,0.00067604,0.00016589,0.00083917,0.00027444,0.00013363,0.0000233,15:00:36..776,,,,
15:00:36..879,38.91546225,0.003776,0.00001029,-0.00002255,0.00067701,0.00016535,0.00083907,0.00027479,0.00013396,0.00002385,15:00:36..877,,,,
15:00:36..911,38.91029076,0.003656,0.00001019,-0.00002231,0.00067646,0.00016518,0.00083879,0.00027487,0.000134,0.0000232,15:00:36..920,,,,
15:00:36..989,38.85857586,0.003656,0.0000111,-0.00002237,0.00067586,0.00016623,0.00083914,0.00027479,0.00013354,0.0000237,15:00:36..988,,,,
15:00:37..022,38.91029076,0.003516,0.00001053,-0.00002243,0.00067728,0.00016578,0.00083904,0.00027485,0.00013402,0.00002322,15:00:37..031,,,,
15:00:37..128,38.93614821,0.003516,0.00001168,-0.00002231,0.00067633,0.00016586,0.00083904,0.00027509,0.00013403,0.00002345,15:00:37..126,,,,
15:00:37..161,38.89477629,0.003482,0.00001042,-0.00002249,0.00067688,0.00016583,0.00083911,0.00027493,0.00013382,0.00002339,15:00:37..171,,,,
15:00:37..273,38.91546225,0.003482,0.00001135,-0.00002223,0.00067559,0.00016599,0.00083894,0.00027519,0.00013351,0.00002302,15:00:37..270,,,,
15:00:37..305,38.91546225,0.003414,0.00001083,-0.00002209,0.00067632,0.00016597,0.00083878,0.00027484,0.00013428,0.00002321,15:00:37..314,,,,
15:00:37..411,38.87409033,0.003414,0.00001115,-0.00002221,0.00067666,0.00016608,0.00083919,0.00027499,0.00013388,0.00002324,15:00:37..409,,,,
15:00:37..443,38.92580523,0.003468,0.00001102,-0.00002254,0.00067618,0.00016633,0.000839,0.00027498,0.0001338,0.0000227,15:00:37..452,,,,
15:00:37..554,38.97234864,0.003468,0.00001062,-0.00002255,0.00067648,0.00016555,0.0008389,0.00027505,0.00013402,0.00002288,15:00:37..552,,,,
15:00:37..587,38.91029076,0.003601,0.00001043,-0.00002256,0.00067695,0.00016597,0.00083885,0.00027494,0.00013373,0.00002337,15:00:37..606,,,,
15:00:37..683,38.91546225,0.003601,0.00001184,-0.00002223,0.00067592,0.00016606,0.0008394,0.00027481,0.00013377,0.00002327,15:00:37..681,,,,
15:00:37..715,38.92580523,0.003671,0.00001046,-0.00002201,0.00067678,0.00016587,0.00083917,0.00027495,0.00013399,0.00002304,15:00:37..724,,,,
15:00:37..829,38.93614821,0.003671,0.00001124,-0.00002234,0.00067631,0.00016649,0.00083941,0.00027546,0.00013414,0.0000233,15:00:37..828,,,,
15:00:37..863,38.93614821,0.003748,0.0000103,-0.00002273,0.00067662,0.00016607,0.00083883,0.00027446,0.00013403,0.00002335,15:00:37..872,,,,
15:00:37..974,38.92580523,0.003748,0.00001077,-0.00002227,0.00067606,0.00016626,0.00083904,0.00027522,0.00013365,0.00002319,15:00:37..972,,,,
15:00:38..006,38.90511927,0.003821,0.00001098,-0.00002266,0.00067591,0.00016618,0.00083931,0.00027472,0.00013373,0.0000232,15:00:38..017,,,,
15:00:38..082,38.91546225,0.003785,0.00001063,-0.00002242,0.00067653,0.00016598,0.00083968,0.00027511,0.0001342,0.0000232,15:00:38..125,,,,
15:00:38..159,38.95683417,0.003785,0.00001078,-0.00002258,0.00067589,0.00016616,0.0008391,0.00027492,0.00013359,0.00002285,15:00:38..125,,,,
15:00:38..194,38.87926182,0.00369,0.00001055,-0.00002235,0.00067616,0.00016557,0.00083906,0.0002746,0.00013353,0.00002242,15:00:38..213,,,,
15:00:38..309,38.87926182,0.00369,0.00001121,-0.00002211,0.00067621,0.00016627,0.0008394,0.00027519,0.00013398,0.00002302,15:00:38..307,,,,
15:00:38..342,38.93097672,0.003722,0.00001087,-0.00002216,0.00067629,0.00016616,0.00083904,0.00027497,0.00013375,0.0000225,15:00:38..351,,,,
15:00:38..453,38.89994778,0.003722,0.0000109,-0.00002242,0.00067615,0.00016617,0.00083929,0.00027518,0.00013358,0.00002293,15:00:38..450,,,,
15:00:38..486,38.92580523,0.003741,0.00001121,-0.00002261,0.00067587,0.00016622,0.00083942,0.00027483,0.00013383,0.00002302,15:00:38..493,,,,
15:00:38..597,38.89994778,0.003741,0.00001031,-0.00002258,0.00067674,0.00016579,0.00083901,0.00027495,0.0001334,0.00002265,15:00:38..595,,,,
15:00:38..629,38.89477629,0.003557,0.00001151,-0.00002194,0.00067591,0.000167,0.00083939,0.00027467,0.0001337,0.00002313,15:00:38..638,,,,
15:00:38..744,38.89477629,0.003557,0.00001044,-0.00002226,0.00067668,0.00016596,0.0008393,0.00027487,0.00013424,0.00002266,15:00:38..741,,,,
15:00:38..776,38.89994778,0.003451,0.00001106,-0.00002219,0.00067567,0.00016618,0.00083942,0.00027485,0.0001339,0.00002279,15:00:38..787,,,,
15:00:38..879,38.87409033,0.003451,0.00001035,-0.00002266,0.00067625,0.00016619,0.00083916,0.00027466,0.00013365,0.00002282,15:00:38..878,,,,
15:00:38..912,38.96200566,0.003349,0.00001081,-0.00002217,0.00067654,0.00016654,0.00083879,0.00027453,0.00013372,0.0000228,15:00:38..921,,,,
15:00:39..023,38.91029076,0.003349,0.00001076,-0.00002239,0.00067633,0.00016604,0.00083886,0.00027496,0.00013332,0.00002243,15:00:39..021,,,,
15:00:39..055,38.90511927,0.00332,0.00001094,-0.00002251,0.00067595,0.00016601,0.00083906,0.00027472,0.00013332,0.00002261,15:00:39..066,,,,
15:00:39..185,38.8896048,0.00332,0.00001008,-0.00002224,0.00067657,0.00016661,0.00083968,0.00027509,0.00013344,0.00002243,15:00:39..183,,,,
15:00:39..217,38.85340437,0.00335,0.00001047,-0.00002244,0.00067687,0.00016658,0.00083975,0.00027508,0.00013346,0.0000225,15:00:39..228,,,,
15:00:39..332,38.8896048,0.00335,0.00001138,-0.0000222,0.00067635,0.00016684,0.00083909,0.00027478,0.00013367,0.00002283,15:00:39..330,,,,
15:00:39..365,38.94649119,0.00317,0.00001121,-0.00002205,0.00067625,0.0001667,0.00083949,0.00027531,0.00013364,0.00002262,15:00:39..375,,,,
15:00:39..446,38.86374735,0.00317,0.00001063,-0.00002218,0.00067642,0.00016672,0.0008389,0.00027461,0.00013346,0.00002227,15:00:39..444,,,,
15:00:39..478,38.89477629,0.003085,0.00001118,-0.00002249,0.00067605,0.00016629,0.00083922,0.00027493,0.00013369,0.00002231,15:00:39..487,,,,
15:00:39..601,38.92580523,0.003085,0.00001035,-0.00002221,0.00067617,0.00016692,0.00083878,0.00027466,0.0001337,0.00002275,15:00:39..599,,,,
15:00:39..632,38.86891884,0.003078,0.00001114,-0.00002223,0.00067631,0.00016684,0.00083946,0.00027532,0.0001337,0.00002279,15:00:39..643,,,,
15:00:39..747,38.85340437,0.003078,0.00001051,-0.00002186,0.00067684,0.00016644,0.00083969,0.00027505,0.00013395,0.0000226,15:00:39..745,,,,
15:00:39..779,38.8896048,0.003033,0.00001162,-0.00002227,0.00067588,0.00016687,0.00083906,0.00027473,0.00013372,0.00002248,15:00:39..788,,,,
15:00:39..873,38.90511927,0.003033,0.00001004,-0.00002223,0.00067672,0.00016688,0.00083917,0.00027498,0.00013414,0.00002247,15:00:39..871,,,,
15:00:39..906,38.89477629,0.00305,0.00001038,-0.00002234,0.00067571,0.00016664,0.00083961,0.00027495,0.00013347,0.00002241,15:00:39..913,,,,
15:00:39..977,38.93097672,0.003202,0.00001012,-0.00002193,0.00067702,0.0001663,0.00083922,0.00027467,0.00013343,0.00002251,15:00:40..019,,,,
15:00:40..028,38.91029076,0.003202,0.00001107,-0.0000221,0.00067596,0.00016656,0.00083897,0.00027522,0.00013362,0.00002263,15:00:40..019,,,,
15:00:40..061,38.85340437,0.003259,0.00001073,-0.00002213,0.00067608,0.00016699,0.00083935,0.00027524,0.00013308,0.00002254,15:00:40..064,,,,
15:00:40..194,38.91029076,0.003259,0.00001109,-0.00002198,0.00067644,0.00016639,0.00083994,0.00027526,0.00013358,0.00002241,15:00:40..192,,,,
15:00:40..227,38.88443331,0.003472,0.00001073,-0.00002187,0.00067558,0.00016676,0.0008388,0.00027498,0.00013279,0.0000222,15:00:40..234,,,,
15:00:40..352,38.89994778,0.003472,0.00001035,-0.00002205,0.0006767,0.00016596,0.00083917,0.00027493,0.00013364,0.00002234,15:00:40..350,,,,
15:00:40..383,38.92580523,0.00362,0.00001066,-0.00002207,0.00067647,0.00016639,0.0008394,0.00027514,0.0001334,0.00002252,15:00:40..394,,,,
15:00:40..507,38.85340437,0.00362,0.0000108,-0.00002169,0.00067581,0.00016691,0.00083925,0.00027502,0.0001333,0.00002258,15:00:40..504,,,,
15:00:40..538,38.91029076,0.003762,0.00001103,-0.0000222,0.00067637,0.00016689,0.00083919,0.00027522,0.00013317,0.00002233,15:00:40..548,,,,
15:00:40..679,38.90511927,0.003762,0.00001056,-0.00002214,0.0006765,0.00016624,0.00083865,0.00027471,0.00013321,0.00002213,15:00:40..676,,,,
15:00:40..710,38.8896048,0.003699,0.00000981,-0.00002205,0.0006769,0.00016627,0.00083912,0.00027453,0.00013359,0.00002219,15:00:40..720,,,,
15:00:40..826,38.86374735,0.003699,0.00001105,-0.00002227,0.00067554,0.0001664,0.00083963,0.00027499,0.00013366,0.0000222,15:00:40..823,,,,
15:00:40..859,38.87926182,0.003648,0.00001041,-0.00002206,0.00067669,0.00016639,0.00083931,0.00027495,0.00013372,0.00002214,15:00:40..866,,,,
15:00:40..926,38.84823288,0.003625,0.00001078,-0.00002218,0.00067635,0.00016653,0.00083953,0.00027513,0.0001339,0.00002202,15:00:40..967,,,,
15:00:40..974,38.91546225,0.003625,0.00001066,-0.00002178,0.00067647,0.00016661,0.00083917,0.00027515,0.00013355,0.00002227,15:00:40..967,,,,
15:00:41..008,38.90511927,0.003579,0.00001007,-0.0000224,0.00067672,0.00016595,0.0008392,0.00027521,0.00013386,0.00002235,15:00:41..011,,,,
15:00:41..126,38.90511927,0.003579,0.0000107,-0.0000222,0.00067611,0.00016685,0.00083892,0.00027507,0.00013325,0.00002218,15:00:41..125,,,,
15:00:41..159,38.92063374,0.003567,0.00001115,-0.00002191,0.00067573,0.0001669,0.00083949,0.00027535,0.00013395,0.00002244,15:00:41..169,,,,
15:00:41..277,38.9413197,0.003567,0.00000982,-0.00002208,0.00067709,0.00016651,0.0008392,0.00027525,0.0001338,0.00002258,15:00:41..277,,,,
15:00:41..311,38.86374735,0.003629,0.00001035,-0.00002212,0.00067618,0.00016677,0.00083931,0.00027506,0.00013361,0.00002248,15:00:41..321,,,,
15:00:41..400,38.89994778,0.003629,0.00000964,-0.00002232,0.00067655,0.00016627,0.00083887,0.00027461,0.00013362,0.00002179,15:00:41..398,,,,
15:00:41..433,38.95166268,0.003647,0.00001105,-0.00002204,0.00067621,0.00016672,0.0008391,0.00027494,0.0001334,0.00002237,15:00:41..441,,,,
15:00:41..556,38.8896048,0.003647,0.00001019,-0.00002181,0.0006763,0.00016609,0.00083909,0.00027448,0.00013338,0.00002229,15:00:41..554,,,,
15:00:41..587,38.92063374,0.00368,0.00001101,-0.00002255,0.00067597,0.00016645,0.00083915,0.00027491,0.00013361,0.00002245,15:00:41..599,,,,
15:00:41..716,38.95166268,0.00368,0.00001065,-0.00002171,0.00067688,0.00016644,0.00083906,0.00027512,0.00013324,0.00002211,15:00:41..713,,,,
15:00:41..747,38.87926182,0.003646,0.00000996,-0.00002206,0.00067658,0.00016584,0.0008392,0.00027518,0.00013328,0.00002205,15:00:41..756,,,,
15:00:41..852,38.87926182,0.003646,0.00001056,-0.00002203,0.00067575,0.00016638,0.00083903,0.00027488,0.00013296,0.00002199,15:00:41..850,,,,
15:00:41..883,38.91029076,0.003734,0.00001063,-0.00002213,0.00067611,0.00016685,0.0008392,0.00027526,0.00013347,0.00002199,15:00:41..892,,,,
15:00:41..987,38.84306139,0.003734,0.00001031,-0.0000219,0.00067649,0.00016619,0.0008394,0.00027475,0.00013387,0.0000222,15:00:41..986,,,,
15:00:42..022,38.89477629,0.003751,0.00001026,-0.00002207,0.00067641,0.00016659,0.0008393,0.00027479,0.00013363,0.00002196,15:00:42..029,,,,
15:00:42..125,38.91546225,0.003751,0.00001072,-0.00002231,0.00067608,0.00016664,0.00083915,0.00027493,0.00013366,0.00002206,15:00:42..123,,,,
15:00:42..157,38.86374735,0.003881,0.00001056,-0.00002224,0.000676,0.00016674,0.00083943,0.00027508,0.00013356,0.00002199,15:00:42..164,,,,
15:00:42..263,38.88443331,0.003881,0.00001009,-0.00002236,0.00067684,0.0001665,0.00083923,0.00027458,0.00013365,0.00002205,15:00:42..261,,,,
15:00:42..295,38.91546225,0.004239,0.00001029,-0.00002258,0.00067671,0.00016643,0.00083911,0.00027445,0.00013365,0.00002218,15:00:42..304,,,,
15:00:42..420,38.85857586,0.004239,0.00001062,-0.00002221,0.0006759,0.00016678,0.00083947,0.00027495,0.00013376,0.00002183,15:00:42..417,,,,
15:00:42..453,38.92580523,0.004367,0.00001009,-0.00002212,0.00067657,0.000166,0.00083914,0.00027492,0.00013342,0.00002213,15:00:42..460,,,,
15:00:42..567,38.88443331,0.004367,0.00001052,-0.00002212,0.00067626,0.00016678,0.00083918,0.00027506,0.00013377,0.00002234,15:00:42..565,,,,
15:00:42..599,38.85857586,0.004359,0.00001067,-0.00002233,0.00067632,0.00016661,0.00083907,0.00027495,0.00013374,0.00002182,15:00:42..608,,,,
15:00:42..659,38.85857586,0.004395,0.00001032,-0.00002223,0.00067638,0.00016685,0.00083892,0.00027478,0.0001334,0.00002205,15:00:42..706,,,,
15:00:42..720,38.91029076,0.004395,0.00001018,-0.00002221,0.00067612,0.00016674,0.0008393,0.00027462,0.00013389,0.00002197,15:00:42..706,,,,
15:00:42..752,38.92580523,0.004535,0.0000102,-0.0000222,0.00067701,0.00016649,0.00083983,0.00027567,0.00013406,0.00002233,15:00:42..792,,,,
15:00:42..873,38.86891884,0.004535,0.00001068,-0.00002251,0.00067598,0.00016671,0.00083934,0.00027516,0.00013353,0.00002174,15:00:42..871,,,,
15:00:42..905,38.91546225,0.00461,0.00000975,-0.0000221,0.00067666,0.0001661,0.00083938,0.00027493,0.00013342,0.00002177,15:00:42..914,,,,
15:00:43..015,38.90511927,0.00461,0.0000109,-0.00002205,0.00067599,0.0001665,0.00083905,0.00027476,0.00013387,0.00002181,15:00:43..013,,,,
15:00:43..047,38.85340437,0.004435,0.00001013,-0.00002225,0.00067637,0.00016651,0.0008393,0.00027502,0.00013371,0.00002238,15:00:43..058,,,,
15:00:43..153,38.86374735,0.004435,0.00001013,-0.00002226,0.00067606,0.00016656,0.00083925,0.00027466,0.00013339,0.00002159,15:00:43..151,,,,
15:00:43..185,38.89994778,0.004291,0.00001115,-0.00002193,0.00067605,0.00016682,0.00083956,0.00027517,0.00013336,0.00002184,15:00:43..196,,,,
15:00:43..287,38.90511927,0.004291,0.00000975,-0.00002184,0.00067658,0.00016625,0.00083936,0.00027476,0.00013369,0.00002168,15:00:43..285,,,,
15:00:43..318,38.89477629,0.004272,0.00001066,-0.00002256,0.00067581,0.00016633,0.00083928,0.00027471,0.00013339,0.00002161,15:00:43..330,,,,
15:00:43..378,38.89994778,0.004259,0.00001014,-0.00002229,0.00067682,0.00016592,0.00083908,0.00027477,0.00013381,0.00002201,15:00:43..429,,,,
15:00:43..476,38.85857586,0.004259,0.00001037,-0.0000222,0.00067565,0.00016637,0.0008394,0.00027494,0.00013346,0.00002175,15:00:43..475,,,,
15:00:43..509,38.89477629,0.004201,0.00001032,-0.00002186,0.00067612,0.00016642,0.00083876,0.00027505,0.00013375,0.00002199,15:00:43..519,,,,
15:00:43..618,38.8896048,0.004201,0.00001002,-0.00002248,0.00067637,0.00016619,0.0008395,0.00027486,0.00013365,0.00002148,15:00:43..616,,,,
15:00:43..651,38.89477629,0.004104,0.00001023,-0.00002179,0.00067582,0.00016678,0.00083879,0.00027502,0.00013349,0.00002172,15:00:43..660,,,,
15:00:43..722,38.8896048,0.004088,0.00001022,-0.00002193,0.00067681,0.00016607,0.00083863,0.00027485,0.0001337,0.00002166,15:00:43..768,,,,
15:00:43..821,38.89477629,0.004088,0.00001052,-0.00002212,0.00067544,0.00016626,0.00083917,0.00027533,0.00013348,0.00002155,15:00:43..820,,,,
15:00:43..854,38.87926182,0.004131,0.0000099,-0.0000223,0.00067615,0.00016606,0.00083902,0.0002748,0.00013328,0.00002128,15:00:43..863,,,,
15:00:43..959,38.91029076,0.004131,0.00001047,-0.00002212,0.00067644,0.00016633,0.00083907,0.00027538,0.0001336,0.00002163,15:00:43..957,,,,
15:00:43..994,38.84306139,0.004122,0.00001011,-0.00002233,0.00067638,0.00016591,0.00083915,0.00027491,0.00013319,0.0000212,15:00:44..001,,,,
15:00:44..099,38.89994778,0.004122,0.00001034,-0.00002252,0.00067599,0.00016615,0.00083942,0.00027476,0.00013285,0.0000211,15:00:44..098,,,,
15:00:44..132,38.8896048,0.004048,0.00000984,-0.0000222,0.00067685,0.00016562,0.00083866,0.0002749,0.00013383,0.00002175,15:00:44..098,,,,
15:00:44..206,38.91546225,0.004048,0.00001105,-0.0000222,0.00067573,0.0001666,0.00083918,0.00027519,0.00013355,0.00002194,15:00:44..236,,,,
15:00:44..244,38.8896048,0.004048,0.00000968,-0.00002199,0.00067709,0.0001664,0.00083946,0.00027521,0.00013381,0.00002174,15:00:44..236,,,,
15:00:44..278,38.86374735,0.00389,0.00001043,-0.00002215,0.00067563,0.00016651,0.00083876,0.00027478,0.00013319,0.0000217,15:00:44..279,,,,
15:00:44..334,38.85340437,0.003865,0.00000993,-0.00002252,0.00067691,0.00016588,0.000839,0.00027464,0.00013351,0.0000215,15:00:44..379,,,,
15:00:44..422,38.91029076,0.003772,0.0000103,-0.00002256,0.00067574,0.00016624,0.0008391,0.00027531,0.00013321,0.0000217,15:00:44..422,,,,
15:00:44..456,38.88443331,0.003664,0.00001036,-0.0000229,0.00067615,0.00016618,0.00083875,0.00027547,0.00013299,0.00002139,15:00:44..465,,,,
15:00:44..580,38.87409033,0.003664,0.00000986,-0.00002252,0.0006767,0.00016592,0.0008389,0.0002749,0.00013354,0.00002154,15:00:44..577,,,,
15:00:44..612,38.86374735,0.003455,0.00000981,-0.00002198,0.00067705,0.00016608,0.00083863,0.00027514,0.00013361,0.00002157,15:00:44..620,,,,
15:00:44..727,38.89477629,0.003455,0.00001072,-0.00002263,0.00067542,0.00016627,0.0008389,0.00027501,0.00013367,0.00002091,15:00:44..725,,,,
15:00:44..759,38.89994778,0.003368,0.00001009,-0.00002264,0.00067513,0.00016612,0.00083869,0.00027488,0.00013324,0.00002124,15:00:44..769,,,,
15:00:44..873,38.84823288,0.003368,0.00001019,-0.00002238,0.00067621,0.00016578,0.00083922,0.00027487,0.00013369,0.00002165,15:00:44..871,,,,
15:00:44..905,38.8896048,0.003267,0.00000978,-0.00002234,0.00067624,0.00016607,0.00083916,0.00027515,0.00013356,0.0000211,15:00:44..916,,,,
15:00:45..021,38.86891884,0.003267,0.00001029,-0.00002257,0.00067558,0.00016622,0.00083892,0.00027529,0.00013343,0.00002143,15:00:45..018,,,,
15:00:45..053,38.8378899,0.003397,0.00001039,-0.0000227,0.0006752,0.00016653,0.00083899,0.00027478,0.00013305,0.00002123,15:00:45..061,,,,
15:00:45..121,38.87409033,0.003488,0.00000964,-0.00002231,0.0006763,0.00016576,0.00083892,0.00027457,0.00013332,0.00002098,15:00:45..171,,,,
15:00:45..223,38.89477629,0.003488,0.00001053,-0.00002268,0.00067556,0.00016663,0.000839,0.00027519,0.00013296,0.00002151,15:00:45..222,,,,
15:00:45..256,38.92063374,0.003577,0.00000967,-0.00002228,0.00067639,0.000166,0.00083879,0.00027475,0.0001334,0.0000209,15:00:45..266,,,,
15:00:45..371,38.89994778,0.003577,0.00001017,-0.0000225,0.00067568,0.00016629,0.00083883,0.00027533,0.00013329,0.00002109,15:00:45..369,,,,
15:00:45..402,38.91029076,0.003557,0.00001087,-0.00002226,0.00067526,0.00016617,0.0008388,0.00027511,0.0001328,0.00002132,15:00:45..411,,,,
15:00:45..514,38.92063374,0.003557,0.00000933,-0.00002234,0.00067683,0.00016632,0.00083886,0.00027496,0.00013363,0.00002144,15:00:45..513,,,,
15:00:45..547,38.92063374,0.003325,0.00001053,-0.00002254,0.00067582,0.00016672,0.00083873,0.00027542,0.00013347,0.00002119,15:00:45..557,,,,
15:00:45..608,38.8896048,0.003251,0.00000956,-0.00002256,0.00067585,0.00016588,0.00083867,0.00027514,0.00013317,0.0000207,15:00:45..650,,,,
15:00:45..657,38.90511927,0.003251,0.00001066,-0.00002238,0.00067596,0.00016633,0.00083887,0.00027516,0.00013363,0.0000213,15:00:45..650,,,,
15:00:45..693,38.88443331,0.00311,0.00001031,-0.00002235,0.00067555,0.00016686,0.00083893,0.00027477,0.00013346,0.00002096,15:00:45..696,,,,
15:00:45..802,38.86374735,0.00311,0.00001011,-0.0000219,0.00067576,0.00016648,0.00083925,0.0002749,0.00013361,0.0000212,15:00:45..801,,,,
15:00:45..839,38.93614821,0.002891,0.00001042,-0.00002248,0.00067541,0.00016572,0.0008391,0.00027499,0.0001334,0.00002075,15:00:45..844,,,,
15:00:45..947,38.83271841,0.002891,0.00000987,-0.0000226,0.00067646,0.00016609,0.0008391,0.00027456,0.00013342,0.00002142,15:00:45..947,,,,
15:00:45..982,38.9930346,0.002776,0.00000959,-0.00002238,0.00067668,0.00016565,0.00083862,0.00027485,0.00013379,0.00002142,15:00:45..992,,,,
15:00:46..107,38.86374735,0.002776,0.00001068,-0.0000224,0.00067534,0.00016645,0.00083908,0.00027441,0.00013321,0.00002139,15:00:46..105,,,,
15:00:46..138,38.91029076,0.002784,0.00001028,-0.00002238,0.00067586,0.00016621,0.00083894,0.00027495,0.00013329,0.00002103,15:00:46..150,,,,
15:00:46..236,38.91029076,0.002784,0.00000996,-0.00002219,0.00067585,0.00016649,0.00083873,0.00027518,0.0001329,0.00002112,15:00:46..234,,,,
15:00:46..269,38.89994778,0.002803,0.00000978,-0.00002228,0.00067602,0.00016662,0.00083893,0.00027511,0.00013381,0.00002112,15:00:46..278,,,,
15:00:46..388,38.88443331,0.002803,0.00001015,-0.00002254,0.00067564,0.00016617,0.00083874,0.00027483,0.00013325,0.00002106,15:00:46..385,,,,
15:00:46..420,38.92580523,0.002997,0.00001009,-0.0000226,0.00067676,0.00016644,0.00083887,0.00027525,0.00013354,0.00002135,15:00:46..429,,,,
15:00:46..534,38.89477629,0.002997,0.00001061,-0.0000222,0.00067565,0.00016637,0.00083936,0.00027505,0.00013299,0.00002098,15:00:46..531,,,,
15:00:46..566,38.87409033,0.003383,0.00001088,-0.00002207,0.00067586,0.00016698,0.00083895,0.00027507,0.00013353,0.00002157,15:00:46..577,,,,
15:00:46..627,38.89994778,0.003522,0.00000953,-0.00002216,0.00067657,0.0001662,0.00083915,0.00027512,0.00013374,0.00002106,15:00:46..669,,,,
15:00:46..673,38.85340437,0.003522,0.00001076,-0.00002212,0.00067529,0.00016699,0.0008391,0.00027534,0.00013345,0.00002086,15:00:46..669,,,,
15:00:46..705,38.8896048,0.003783,0.00001038,-0.0000226,0.00067558,0.00016677,0.000839,0.00027445,0.00013298,0.00002131,15:00:46..712,,,,
15:00:46..800,38.89477629,0.003783,0.00000998,-0.00002217,0.00067596,0.00016638,0.00083888,0.00027496,0.00013347,0.00002154,15:00:46..798,,,,
15:00:46..832,38.92580523,0.003912,0.00001015,-0.00002193,0.0006761,0.00016648,0.00083923,0.00027503,0.00013351,0.00002152,15:00:46..844,,,,
15:00:46..945,38.92580523,0.003912,0.00001011,-0.00002191,0.00067621,0.00016636,0.00083909,0.0002746,0.00013333,0.00002103,15:00:46..943,,,,
15:00:46..977,38.86891884,0.00382,0.0000103,-0.00002232,0.00067559,0.00016652,0.00083869,0.00027474,0.00013326,0.00002102,15:00:46..988,,,,
15:00:47..095,38.89477629,0.00382,0.00001005,-0.00002212,0.00067622,0.00016613,0.00083895,0.00027519,0.00013343,0.00002092,15:00:47..093,,,,
15:00:47..127,38.85340437,0.003855,0.00001006,-0.00002269,0.00067534,0.00016713,0.00083872,0.00027474,0.00013272,0.00002071,15:00:47..136,,,,
15:00:47..239,38.87409033,0.003855,0.00000956,-0.0000223,0.00067643,0.00016597,0.00083909,0.00027484,0.00013358,0.00002099,15:00:47..236,,,,
15:00:47..271,38.89994778,0.00411,0.00000998,-0.00002214,0.0006767,0.00016595,0.00083892,0.0002744,0.00013331,0.0000211,15:00:47..278,,,,
15:00:47..385,38.85340437,0.00411,0.00001025,-0.0000222,0.00067552,0.00016642,0.0008391,0.00027493,0.00013371,0.00002128,15:00:47..383,,,,
15:00:47..416,38.90511927,0.004223,0.00000978,-0.00002227,0.00067596,0.0001663,0.00083937,0.00027524,0.00013356,0.00002115,15:00:47..426,,,,
15:00:47..509,38.89994778,0.004223,0.00000972,-0.00002233,0.0006759,0.00016654,0.00083926,0.00027454,0.00013355,0.00002126,15:00:47..557,,,,
15:00:47..590,38.89994778,0.004223,0.00001077,-0.00002232,0.00067634,0.00016654,0.00083833,0.00027439,0.00013315,0.00002109,15:00:47..557,,,,
15:00:47..625,38.91029076,0.004099,0.00000995,-0.00002193,0.00067628,0.00016619,0.00083895,0.00027497,0.00013371,0.00002096,15:00:47..646,,,,
15:00:47..756,38.89994778,0.004099,0.00001043,-0.00002239,0.00067559,0.00016654,0.00083875,0.00027474,0.00013323,0.00002072,15:00:47..753,,,,
15:00:47..788,38.92580523,0.003963,0.00000953,-0.00002241,0.00067624,0.00016631,0.00083875,0.00027473,0.00013358,0.00002091,15:00:47..753,,,,
15:00:47..872,38.89477629,0.003963,0.00001042,-0.00002217,0.00067535,0.00016616,0.0008389,0.00027467,0.00013318,0.00002074,15:00:47..927,,,,
15:00:47..933,38.90511927,0.003963,0.00000985,-0.00002252,0.0006764,0.00016635,0.00083905,0.00027507,0.00013357,0.00002117,15:00:47..927,,,,
15:00:47..967,38.89477629,0.00379,0.00000988,-0.00002232,0.0006762,0.0001664,0.00083885,0.00027487,0.00013319,0.00002105,15:00:47..973,,,,
15:00:48..087,38.85857586,0.00379,0.0000105,-0.00002186,0.00067561,0.00016698,0.00083887,0.00027474,0.00013313,0.00002104,15:00:48..127,,,,
15:00:48..146,38.97234864,0.00379,0.00000925,-0.00002189,0.00067669,0.00016568,0.00083852,0.00027491,0.00013298,0.00002094,15:00:48..127,,,,
15:00:48..181,38.88443331,0.003876,0.00001054,-0.00002191,0.00067521,0.00016681,0.00083915,0.00027485,0.00013325,0.00002079,15:00:48..214,,,,
15:00:48..355,38.85857586,0.003876,0.00000972,-0.00002213,0.00067631,0.00016622,0.00083905,0.00027455,0.00013349,0.00002046,15:00:48..214,,,,
15:00:48..390,38.92063374,0.003631,0.00001039,-0.00002242,0.00067484,0.00016687,0.00083892,0.00027483,0.00013327,0.0000209,15:00:48..399,,,,
15:00:48..475,38.86891884,0.003631,0.0000095,-0.00002204,0.00067619,0.00016635,0.00083888,0.00027449,0.000134,0.0000206,15:00:48..516,,,,
15:00:48..544,38.93097672,0.003631,0.00001057,-0.00002198,0.00067499,0.00016632,0.00083936,0.00027513,0.00013333,0.00002146,15:00:48..516,,,,
15:00:48..579,38.91546225,0.003213,0.00001019,-0.00002243,0.00067611,0.00016609,0.00083891,0.00027481,0.00013329,0.00002053,15:00:48..605,,,,
15:00:48..716,38.90511927,0.003213,0.00001017,-0.00002226,0.00067578,0.00016616,0.00083896,0.00027474,0.0001334,0.00002074,15:00:48..713,,,,
15:00:48..748,38.92580523,0.003239,0.00000967,-0.00002241,0.00067643,0.00016595,0.00083923,0.0002745,0.00013326,0.00002084,15:00:48..757,,,,
15:00:48..832,38.93097672,0.003239,0.00001045,-0.00002229,0.0006751,0.00016627,0.00083888,0.00027461,0.00013288,0.00002066,15:00:48..862,,,,
15:00:48..878,38.93097672,0.003239,0.00001008,-0.00002228,0.00067614,0.00016593,0.00083882,0.00027514,0.00013374,0.00002076,15:00:48..862,,,,
15:00:48..910,38.93614821,0.003296,0.00000985,-0.00002226,0.0006757,0.00016618,0.00083869,0.00027471,0.00013342,0.00002067,15:00:48..949,,,,
15:00:49..034,38.89994778,0.003296,0.00000992,-0.00002238,0.00067567,0.0001663,0.00083903,0.00027498,0.00013339,0.00002102,15:00:49..032,,,,
15:00:49..066,38.88443331,0.003384,0.00001066,-0.00002243,0.00067553,0.0001663,0.00083886,0.00027487,0.0001332,0.00002115,15:00:49..076,,,,
15:00:49..163,38.91546225,0.003384,0.00000988,-0.00002225,0.00067632,0.00016605,0.00083897,0.00027498,0.0001332,0.00002066,15:00:49..204,,,,
15:00:49..226,38.92580523,0.003384,0.00001017,-0.0000225,0.00067516,0.00016634,0.00083924,0.00027471,0.00013332,0.00002083,15:00:49..204,,,,
15:00:49..258,38.88443331,0.0035,0.00001009,-0.00002225,0.00067552,0.00016603,0.00083874,0.00027483,0.0001331,0.00002022,15:00:49..259,,,,
15:00:49..383,38.91546225,0.003415,0.00001004,-0.00002247,0.00067577,0.00016601,0.00083865,0.00027477,0.00013334,0.0000204,15:00:49..434,,,,
15:00:49..492,38.89994778,0.003415,0.00001015,-0.00002215,0.00067609,0.00016596,0.00083889,0.00027517,0.00013292,0.00002027,15:00:49..498,,,,
15:00:49..525,38.91546225,0.003264,0.00001036,-0.0000221,0.00067559,0.00016621,0.00083886,0.00027471,0.00013334,0.00002071,15:00:49..542,,,,
15:00:49..596,38.92580523,0.003264,0.00000963,-0.00002196,0.00067619,0.00016631,0.00083873,0.00027493,0.00013365,0.00002088,15:00:49..653,,,,
15:00:49..667,38.91546225,0.003264,0.00001023,-0.00002251,0.00067547,0.00016625,0.00083894,0.00027459,0.00013353,0.00002029,15:00:49..653,,,,
15:00:49..701,38.91546225,0.003122,0.00001091,-0.00002234,0.00067484,0.00016643,0.00083878,0.00027506,0.00013311,0.00002058,15:00:49..707,,,,
15:00:49..789,38.91546225,0.003122,0.00000965,-0.0000222,0.00067629,0.00016616,0.00083826,0.00027511,0.000133,0.00002028,15:00:49..824,,,,
15:00:49..837,38.91029076,0.003122,0.00001057,-0.00002228,0.00067519,0.0001663,0.00083892,0.0002746,0.00013301,0.00002104,15:00:49..824,,,,
15:00:49..873,38.8896048,0.003182,0.00000962,-0.00002226,0.00067632,0.0001662,0.00083853,0.00027497,0.00013276,0.00002062,15:00:49..868,,,,
15:00:49..905,38.90511927,0.003278,0.00000952,-0.00002218,0.00067632,0.00016581,0.00083851,0.00027466,0.00013301,0.00002051,15:00:49..912,,,,
15:00:49..980,38.92063374,0.003349,0.00001033,-0.00002237,0.0006751,0.00016653,0.00083857,0.00027515,0.00013318,0.00002062,15:00:50..021,,,,
15:00:50..039,38.87926182,0.003349,0.00001001,-0.00002211,0.00067656,0.00016601,0.00083887,0.00027454,0.00013366,0.00002061,15:00:50..021,,,,
15:00:50..073,38.85857586,0.003561,0.00001022,-0.00002248,0.00067571,0.00016644,0.00083855,0.00027513,0.00013319,0.00002048,15:00:50..111,,,,
15:00:50..198,38.89994778,0.003561,0.00000972,-0.00002245,0.00067562,0.00016615,0.00083848,0.00027486,0.00013328,0.00002045,15:00:50..196,,,,
15:00:50..231,38.8896048,0.003703,0.00001062,-0.00002201,0.00067593,0.00016689,0.00083922,0.00027514,0.00013375,0.00002124,15:00:50..196,,,,
15:00:50..288,38.92063374,0.003703,0.00000982,-0.00002234,0.00067603,0.00016586,0.00083854,0.00027458,0.00013336,0.00002033,15:00:50..330,,,,
15:00:50..354,38.89994778,0.003703,0.00001023,-0.00002219,0.00067518,0.00016636,0.00083874,0.00027471,0.00013329,0.00002029,15:00:50..330,,,,
15:00:50..387,38.89994778,0.003552,0.00000986,-0.00002237,0.00067617,0.00016637,0.00083838,0.00027474,0.00013299,0.00002038,15:00:50..420,,,,
15:00:50..529,38.89477629,0.003552,0.00001061,-0.00002198,0.00067561,0.00016609,0.00083887,0.00027519,0.00013302,0.00002077,15:00:50..527,,,,
15:00:50..561,38.89477629,0.003477,0.00001062,-0.00002257,0.00067474,0.00016597,0.00083865,0.00027459,0.00013314,0.00002057,15:00:50..571,,,,
15:00:50..638,38.8896048,0.003436,0.00000962,-0.0000224,0.00067596,0.00016577,0.00083883,0.00027512,0.00013342,0.00002043,15:00:50..675,,,,
15:00:50..728,38.85340437,0.003436,0.0000107,-0.00002231,0.00067523,0.00016644,0.00083902,0.0002747,0.00013321,0.0000204,15:00:50..727,,,,
15:00:50..761,38.87409033,0.003344,0.00000993,-0.00002237,0.00067588,0.00016596,0.00083876,0.00027495,0.00013317,0.00002052,15:00:50..773,,,,
15:00:50..911,38.85340437,0.003344,0.00001031,-0.00002237,0.00067587,0.00016657,0.00083901,0.00027497,0.00013333,0.00002055,15:00:50..911,,,,
15:00:50..943,38.86891884,0.0034,0.00001029,-0.00002238,0.00067528,0.00016636,0.00083848,0.00027438,0.00013283,0.0000205,15:00:50..957,,,,
15:00:51..057,38.85857586,0.0034,0.00000986,-0.0000225,0.00067639,0.0001657,0.00083833,0.0002753,0.00013313,0.00002059,15:00:51..055,,,,
15:00:51..089,38.79651798,0.003404,0.00001012,-0.00002236,0.0006754,0.00016592,0.00083868,0.00027457,0.00013302,0.00002086,15:00:51..098,,,,
15:00:51..152,38.786175,0.003437,0.00001048,-0.00002225,0.00067587,0.0001662,0.00083849,0.00027506,0.00013322,0.00002066,15:00:51..193,,,,
15:00:51..209,38.40865623,0.003437,0.00001008,-0.00002194,0.00067576,0.00016616,0.0008386,0.00027472,0.00013345,0.00002074,15:00:51..193,,,,
15:00:51..244,38.53794348,0.003381,0.00000945,-0.00002255,0.00067603,0.00016609,0.00083869,0.00027487,0.00013351,0.00002097,15:00:51..278,,,,
15:00:51..381,38.73963159,0.003381,0.00001,-0.00002292,0.00067522,0.00016631,0.00083851,0.0002748,0.00013301,0.00002083,15:00:51..379,,,,
15:00:51..413,38.49657156,0.003359,0.00000986,-0.00002182,0.00067652,0.0001663,0.00083909,0.00027525,0.00013343,0.00002171,15:00:51..421,,,,
15:00:51..515,38.62068732,0.003359,0.00001018,-0.00002242,0.00067561,0.00016668,0.00083904,0.00027552,0.0001338,0.00002201,15:00:51..514,,,,
15:00:51..549,38.02596597,0.003346,0.00001025,-0.00002193,0.00067607,0.00016673,0.00083893,0.00027494,0.00013324,0.00002208,15:00:51..558,,,,
15:00:51..662,38.04148044,0.003346,0.00001011,-0.0000222,0.0006765,0.00016626,0.00083851,0.00027483,0.00013337,0.00002233,15:00:51..659,,,,
15:00:51..694,38.0621664,0.003055,0.00000999,-0.00002189,0.00067636,0.0001666,0.00083889,0.00027509,0.00013397,0.00002283,15:00:51..703,,,,
15:00:51..805,38.06733789,0.003055,0.00001015,-0.00002239,0.00067607,0.00016686,0.00083845,0.00027527,0.00013332,0.00002265,15:00:51..803,,,,
15:00:51..837,37.93805064,0.002717,0.00001075,-0.00002188,0.00067594,0.00016714,0.00083857,0.0002752,0.00013333,0.00002291,15:00:51..803,,,,
15:00:51..924,37.76221998,0.002717,0.00001006,-0.00002189,0.0006773,0.00016669,0.0008392,0.00027484,0.00013328,0.00002263,15:00:51..954,,,,
15:00:51..968,37.84496382,0.002717,0.00001059,-0.00002172,0.0006756,0.00016695,0.00083911,0.00027521,0.00013329,0.00002282,15:00:51..954,,,,
15:00:52..001,37.751877,0.002385,0.00001016,-0.00002179,0.00067644,0.00016717,0.00083921,0.00027492,0.00013346,0.00002269,15:00:51..954,,,,
15:00:52..083,37.57604634,0.002385,0.00001005,-0.00002227,0.000677,0.00016716,0.00083909,0.00027486,0.00013382,0.00002248,15:00:52..124,,,,
15:00:52..140,37.67430465,0.002247,0.00001053,-0.00002207,0.00067678,0.00016702,0.00083939,0.00027492,0.00013352,0.00002313,15:00:52..167,,,,
15:00:52..175,37.6484472,0.002247,0.0000101,-0.0000222,0.00067646,0.00016707,0.0008391,0.00027528,0.00013323,0.00002308,15:00:52..167,,,,
15:00:52..210,37.45193058,0.002046,0.00001063,-0.00002187,0.00067624,0.00016744,0.00083935,0.00027511,0.00013314,0.0000236,15:00:52..255,,,,
15:00:52..349,37.42607313,0.002046,0.00001003,-0.0000221,0.00067735,0.00016722,0.00083976,0.00027494,0.00013346,0.00002319,15:00:52..350,,,,
15:00:52..381,37.29678588,0.001967,0.00000988,-0.00002206,0.00067758,0.00016743,0.00083928,0.00027499,0.00013337,0.00002421,15:00:52..350,,,,
15:00:52..438,37.234728,0.001943,0.00001086,-0.00002157,0.00067649,0.00016783,0.00083915,0.00027531,0.00013351,0.00002416,15:00:52..470,,,,
15:00:52..478,37.24507098,0.001943,0.0000103,-0.00002154,0.00067713,0.00016775,0.00083915,0.00027541,0.00013363,0.00002403,15:00:52..470,,,,
15:00:52..512,37.14681267,0.00186,0.00001098,-0.0000218,0.00067705,0.00016807,0.00083972,0.00027532,0.00013339,0.00002439,15:00:52..470,,,,
15:00:52..587,37.10026926,0.00186,0.0000101,-0.00002206,0.00067771,0.00016791,0.00083974,0.00027537,0.0001332,0.00002407,15:00:52..633,,,,
15:00:52..647,37.16232714,0.00186,0.00001078,-0.00002179,0.00067675,0.00016781,0.00083958,0.0002752,0.00013317,0.00002447,15:00:52..633,,,,
15:00:52..680,36.95546754,0.001876,0.00001073,-0.00002171,0.00067706,0.00016831,0.00083945,0.00027499,0.00013333,0.00002478,15:00:52..719,,,,
15:00:52..813,36.84686625,0.001876,0.00001029,-0.00002166,0.00067786,0.00016774,0.00083948,0.00027544,0.00013322,0.00002467,15:00:52..811,,,,
15:00:52..844,36.80549433,0.001793,0.00001024,-0.00002157,0.00067767,0.00016814,0.00083968,0.00027542,0.00013343,0.00002532,15:00:52..855,,,,
15:00:52..973,36.74860794,0.001793,0.00001069,-0.00002192,0.00067672,0.00016841,0.00083982,0.00027502,0.00013349,0.00002502,15:00:52..855,,,,
15:00:53..005,36.72275049,0.001843,0.00001088,-0.00002189,0.00067747,0.00016859,0.00083944,0.00027523,0.0001335,0.00002595,15:00:52..973,,,,
15:00:53..088,36.64517814,0.001843,0.00000958,-0.00002179,0.00067792,0.00016776,0.00083916,0.0002751,0.00013361,0.00002579,15:00:53..136,,,,
15:00:53..154,36.57277728,0.001843,0.00001118,-0.00002154,0.00067732,0.0001685,0.0008393,0.00027518,0.00013312,0.00002563,15:00:53..136,,,,
15:00:53..189,36.47451897,0.00204,0.00001039,-0.00002194,0.00067843,0.00016813,0.00083939,0.00027507,0.00013384,0.00002595,15:00:53..222,,,,
15:00:53..352,36.47969046,0.00204,0.00001096,-0.00002171,0.00067743,0.00016845,0.00083964,0.00027532,0.00013351,0.00002599,15:00:53..350,,,,
15:00:53..383,36.34523172,0.002065,0.00001003,-0.00002184,0.00067827,0.00016827,0.0008396,0.00027513,0.00013312,0.00002641,15:00:53..350,,,,
15:00:53..417,36.30903129,0.002058,0.00001085,-0.00002185,0.00067815,0.00016867,0.00083962,0.00027512,0.00013379,0.00002641,15:00:53..436,,,,
15:00:53..478,36.27800235,0.00204,0.00001047,-0.00002192,0.0006788,0.00016884,0.00083974,0.0002754,0.00013358,0.00002632,15:00:53..479,,,,
15:00:53..511,36.19008702,0.002081,0.00001095,-0.00002189,0.00067847,0.0001687,0.00083981,0.00027538,0.00013359,0.00002663,15:00:53..522,,,,
15:00:53..591,36.10217169,0.002103,0.00001086,-0.00002175,0.00067858,0.00016878,0.00084004,0.0002753,0.0001336,0.00002679,15:00:53..654,,,,
15:00:53..669,36.09182871,0.002092,0.00001047,-0.00002182,0.00067854,0.00016871,0.00083994,0.00027546,0.0001335,0.00002665,15:00:53..707,,,,
15:00:53..714,35.98322742,0.002092,0.00001086,-0.00002168,0.00067837,0.00016879,0.00083986,0.00027558,0.00013335,0.00002627,15:00:53..707,,,,
15:00:53..747,35.8901406,0.002004,0.00001052,-0.0000216,0.00067834,0.00016847,0.00083979,0.00027535,0.00013331,0.00002692,15:00:53..752,,,,
15:00:53..925,35.87979762,0.002004,0.00001067,-0.00002161,0.00067844,0.00016895,0.00083973,0.00027536,0.00013308,0.00002734,15:00:53..924,,,,
15:00:53..959,35.81256825,0.001895,0.00001077,-0.00002116,0.00067908,0.00016899,0.00083988,0.00027541,0.00013349,0.00002782,15:00:53..968,,,,
15:00:54..043,35.77119633,0.001736,0.00001075,-0.00002158,0.0006785,0.00016869,0.00084027,0.00027532,0.0001332,0.00002696,15:00:54..097,,,,
15:00:54..108,35.64190908,0.001736,0.00001042,-0.0000212,0.00067886,0.00016911,0.00083993,0.00027513,0.00013347,0.00002739,15:00:54..097,,,,
15:00:54..140,35.61605163,0.001606,0.00001011,-0.0000214,0.00067899,0.00016892,0.00083987,0.00027519,0.00013328,0.00002743,15:00:54..140,,,,
15:00:54..174,35.56433673,0.001373,0.000011,-0.00002137,0.00067888,0.00016921,0.0008397,0.00027533,0.00013341,0.00002816,15:00:54..185,,,,
15:00:54..250,35.46090693,0.001373,0.00001066,-0.00002142,0.0006792,0.00016881,0.00083967,0.00027576,0.00013367,0.00002794,15:00:54..291,,,,
15:00:54..330,35.54882226,0.001373,0.00001115,-0.00002099,0.0006789,0.00016955,0.00083996,0.00027561,0.00013382,0.00002813,15:00:54..291,,,,
15:00:54..362,35.35747713,0.001233,0.00001068,-0.00002125,0.00067872,0.00016945,0.00084029,0.00027524,0.00013394,0.00002847,15:00:54..338,,,,
15:00:54..397,35.31610521,0.001101,0.00001067,-0.00002144,0.00067956,0.00016872,0.00084003,0.0002756,0.00013332,0.00002853,15:00:54..470,,,,
15:00:54..521,35.38333458,0.001101,0.00001109,-0.00002138,0.00067883,0.00016963,0.00083944,0.00027575,0.00013347,0.00002802,15:00:54..470,,,,
15:00:54..553,35.22301839,0.001024,0.00001095,-0.0000216,0.00067887,0.0001694,0.00083981,0.00027507,0.00013346,0.00002876,15:00:54..522,,,,
15:00:54..614,35.21267541,0.001024,0.00001049,-0.00002137,0.00067918,0.00016905,0.00084006,0.00027576,0.0001336,0.00002853,15:00:54..649,,,,
15:00:54..670,35.16096051,0.001012,0.00001111,-0.00002164,0.00067898,0.00016938,0.00084024,0.00027557,0.00013377,0.00002877,15:00:54..720,,,,
15:00:54..736,35.12476008,0.001012,0.00001067,-0.00002135,0.00067984,0.00016893,0.0008401,0.00027557,0.00013389,0.00002874,15:00:54..720,,,,
15:00:54..770,35.07304518,0.0011,0.00001075,-0.00002146,0.00067952,0.00016935,0.00084028,0.00027505,0.00013355,0.00002885,15:00:54..807,,,,
15:00:54..841,35.00581581,0.001268,0.000011,-0.00002144,0.00067948,0.00016896,0.00083974,0.0002755,0.00013345,0.00002904,15:00:54..851,,,,
15:00:54..902,34.97478687,0.001268,0.00001052,-0.00002124,0.00067954,0.00016921,0.00084005,0.00027564,0.00013368,0.0000288,15:00:54..940,,,,
15:00:54..949,34.96444389,0.001268,0.00001084,-0.00002138,0.00067938,0.00016921,0.00084017,0.00027526,0.00013343,0.00002921,15:00:54..940,,,,
15:00:54..984,34.87652856,0.001603,0.00001039,-0.00002161,0.00067989,0.000169,0.00084031,0.00027539,0.00013344,0.00002904,15:00:55..072,,,,
15:00:55..123,34.78344174,0.001603,0.0000113,-0.00002074,0.0006799,0.00016941,0.00084017,0.00027524,0.00013363,0.00002907,15:00:55..072,,,,
15:00:55..156,34.71621237,0.00162,0.00001039,-0.00002136,0.00068058,0.00016926,0.00083935,0.00027561,0.00013403,0.00002948,15:00:55..168,,,,
15:00:55..261,34.72655535,0.00162,0.00001121,-0.00002155,0.00067895,0.00016976,0.00084008,0.00027553,0.00013355,0.00002978,15:00:55..259,,,,
15:00:55..294,34.60243959,0.001737,0.00001136,-0.00002109,0.00067887,0.00016943,0.00083993,0.00027532,0.00013376,0.00003046,15:00:55..259,,,,
15:00:55..363,34.62829704,0.001737,0.00001027,-0.00002122,0.00068049,0.00016934,0.00083975,0.00027562,0.00013409,0.00003031,15:00:55..406,,,,
15:00:55..415,34.58175363,0.001737,0.00001099,-0.00002105,0.00067937,0.00016984,0.00084004,0.00027549,0.00013339,0.00003056,15:00:55..406,,,,
15:00:55..447,34.47832383,0.001903,0.00001063,-0.00002114,0.00067988,0.00016924,0.00083998,0.0002754,0.00013386,0.00002983,15:00:55..451,,,,
15:00:55..521,34.46798085,0.001903,0.000011,-0.00002165,0.00067961,0.00016992,0.00084011,0.00027554,0.00013356,0.00003008,15:00:55..574,,,,
15:00:55..582,34.44729489,0.001903,0.00001072,-0.00002148,0.00067991,0.00016987,0.00083984,0.00027562,0.00013412,0.00003031,15:00:55..574,,,,
15:00:55..617,34.32317913,0.002113,0.00001008,-0.00002098,0.00068044,0.00016924,0.00083982,0.0002752,0.00013327,0.00003076,15:00:55..620,,,,
15:00:55..670,34.31283615,0.002114,0.00001114,-0.00002138,0.00067974,0.00016954,0.00083972,0.00027504,0.00013327,0.00003038,15:00:55..715,,,,
15:00:55..761,34.29732168,0.002119,0.00001056,-0.0000212,0.00068055,0.00016917,0.00083992,0.00027576,0.00013362,0.00003055,15:00:55..761,,,,
15:00:55..795,34.24560678,0.002119,0.00001032,-0.00002112,0.00068001,0.00016947,0.00083934,0.00027521,0.00013369,0.00003073,15:00:55..761,,,,
15:00:55..859,34.16286294,0.002118,0.00001102,-0.00002065,0.00067994,0.0001695,0.00084006,0.00027559,0.00013407,0.00003077,15:00:55..893,,,,
15:00:55..920,34.17837741,0.002118,0.00001048,-0.000021,0.00068005,0.00016955,0.00083967,0.00027558,0.00013392,0.00003092,15:00:55..893,,,,
15:00:55..951,34.06977612,0.00212,0.00001125,-0.00002089,0.00068005,0.00016969,0.00084027,0.00027562,0.00013377,0.00003136,15:00:55..979,,,,
15:00:56..071,34.06460463,0.00212,0.00001087,-0.00002115,0.0006803,0.00016889,0.00083944,0.00027564,0.00013345,0.00003068,15:00:56..069,,,,
15:00:56..104,34.00254675,0.002024,0.00001132,-0.00002123,0.00067965,0.00016975,0.00084012,0.00027572,0.00013359,0.00003174,15:00:56..114,,,,
15:00:56..211,33.91463142,0.002024,0.00001054,-0.00002019,0.00068109,0.0001699,0.00084013,0.00027561,0.00013411,0.00003192,15:00:56..209,,,,
15:00:56..243,33.89394546,0.001856,0.00001123,-0.00002067,0.0006801,0.00017011,0.00084002,0.00027558,0.00013387,0.00003146,15:00:56..209,,,,
15:00:56..351,33.8215446,0.001856,0.00001061,-0.00002044,0.00068114,0.00016953,0.00083975,0.00027563,0.00013381,0.00003136,15:00:56..397,,,,
15:00:56..405,33.8215446,0.001856,0.0000116,-0.00002052,0.00068026,0.00017015,0.0008399,0.00027554,0.00013342,0.00003149,15:00:56..397,,,,
15:00:56..439,33.6663999,0.001858,0.00001142,-0.0000212,0.00068011,0.00017018,0.00084012,0.00027551,0.00013361,0.00003236,15:00:56..514,,,,
15:00:56..559,33.69225735,0.001905,0.00001059,-0.00002009,0.00068104,0.00016979,0.0008405,0.00027579,0.00013387,0.00003225,15:00:56..557,,,,
15:00:56..592,33.57331308,0.001866,0.00001108,-0.00002099,0.00068057,0.00017021,0.00083991,0.00027529,0.0001333,0.00003247,15:00:56..601,,,,
15:00:56..680,33.60951351,0.001866,0.00001073,-0.00002062,0.0006806,0.00016945,0.00083982,0.00027542,0.00013393,0.00003243,15:00:56..729,,,,
15:00:56..747,33.5112552,0.001866,0.00001157,-0.00002058,0.0006806,0.00016988,0.0008403,0.0002756,0.0001339,0.00003244,15:00:56..729,,,,
15:00:56..781,33.48539775,0.001782,0.00001128,-0.00002066,0.00067991,0.00017,0.00084021,0.00027566,0.00013357,0.00003269,15:00:56..813,,,,
15:00:56..907,33.45436881,0.001782,0.00001064,-0.00002069,0.00068135,0.00016946,0.00083991,0.00027567,0.00013375,0.00003234,15:00:56..906,,,,
15:00:56..938,33.34059603,0.00175,0.0000107,-0.00002036,0.00068108,0.00016965,0.00083969,0.0002752,0.00013355,0.00003252,15:00:56..906,,,,
15:00:57..016,33.33025305,0.00175,0.0000114,-0.0000207,0.0006807,0.00017025,0.00083965,0.00027567,0.00013365,0.00003301,15:00:57..063,,,,
15:00:57..072,33.28370964,0.00175,0.00001054,-0.00002073,0.0006805,0.00016974,0.00083969,0.00027527,0.00013333,0.00003263,15:00:57..063,,,,
15:00:57..105,33.23716623,0.001666,0.00001139,-0.00002057,0.00068039,0.00016947,0.00083942,0.00027563,0.00013378,0.00003324,15:00:57..106,,,,
15:00:57..232,33.19062282,0.001666,0.0000104,-0.00002056,0.00068123,0.00017006,0.00084004,0.0002758,0.00013377,0.00003354,15:00:57..230,,,,
15:00:57..264,33.08202153,0.001704,0.00001152,-0.00002037,0.00068058,0.00017069,0.00083968,0.00027546,0.00013396,0.00003322,15:00:57..272,,,,
15:00:57..377,33.097536,0.001704,0.00001064,-0.00002046,0.00068145,0.0001701,0.00083977,0.0002754,0.00013408,0.00003343,15:00:57..374,,,,
15:00:57..408,33.08719302,0.001633,0.00001081,-0.00002079,0.00068103,0.00016983,0.00083988,0.00027501,0.0001337,0.00003336,15:00:57..417,,,,
15:00:57..544,33.03547812,0.001633,0.00001104,-0.00002074,0.00068098,0.00017035,0.00083984,0.00027575,0.00013345,0.00003373,15:00:57..543,,,,
15:00:57..577,32.9423913,0.001488,0.00001098,-0.00002057,0.00068153,0.00016979,0.00083996,0.00027552,0.00013402,0.0000338,15:00:57..543,,,,
15:00:57..662,32.85964746,0.001343,0.00001168,-0.00002052,0.00068065,0.00017038,0.00083968,0.00027547,0.00013386,0.00003337,15:00:57..719,,,,
15:00:57..768,32.8389615,0.001343,0.00001078,-0.00002023,0.00068185,0.0001698,0.00083954,0.00027487,0.00013417,0.00003392,15:00:57..766,,,,
15:00:57..801,32.79241809,0.00139,0.00001164,-0.00002036,0.00068101,0.00017035,0.00083925,0.00027575,0.00013421,0.00003412,15:00:57..811,,,,
15:00:57..935,32.79241809,0.00139,0.00001062,-0.0000201,0.00068194,0.00016978,0.00083945,0.00027535,0.00013401,0.00003404,15:00:57..934,,,,
15:00:57..968,32.6321019,0.001505,0.00001174,-0.00002014,0.00068075,0.00017066,0.00083957,0.00027559,0.00013415,0.00003452,15:00:57..934,,,,
15:00:58..047,32.61658743,0.001505,0.00001036,-0.00002044,0.00068192,0.00016997,0.00083964,0.00027546,0.00013338,0.00003386,15:00:58..085,,,,
15:00:58..120,32.58555849,0.001505,0.00001171,-0.00002042,0.00068082,0.00017056,0.00083934,0.00027553,0.00013372,0.00003441,15:00:58..085,,,,
15:00:58..155,32.57521551,0.001408,0.00001071,-0.00002026,0.00068193,0.00017005,0.0008395,0.00027544,0.00013362,0.00003442,15:00:58..173,,,,
15:00:58..272,32.52350061,0.001408,0.00001174,-0.00002045,0.00068087,0.0001711,0.00083981,0.00027544,0.00013379,0.00003477,15:00:58..269,,,,
15:00:58..303,32.44075677,0.001249,0.00001142,-0.00002049,0.00068089,0.0001702,0.00083913,0.00027533,0.00013322,0.00003443,15:00:58..269,,,,
15:00:58..376,32.39421336,0.001249,0.00001078,-0.0000201,0.00068189,0.00017044,0.00083925,0.0002757,0.00013363,0.00003536,15:00:58..425,,,,
15:00:58..433,32.37869889,0.001249,0.00001181,-0.00002035,0.00068108,0.00017041,0.00083953,0.00027548,0.00013352,0.00003443,15:00:58..425,,,,
15:00:58..468,32.34249846,0.001117,0.00001148,-0.00002056,0.00068148,0.00017076,0.0008396,0.00027561,0.00013373,0.00003479,15:00:58..469,,,,
15:00:58..518,32.30629803,0.001153,0.00001104,-0.00002048,0.00068181,0.00017021,0.00083937,0.00027566,0.00013374,0.00003519,15:00:58..562,,,,
15:00:58..607,32.22872568,0.001153,0.00001164,-0.00002012,0.00068153,0.0001712,0.00083951,0.00027579,0.00013345,0.0000351,15:00:58..606,,,,
15:00:58..642,32.23389717,0.001187,0.00001088,-0.00002021,0.00068176,0.00017052,0.0008394,0.00027525,0.00013376,0.00003542,15:00:58..649,,,,
15:00:58..751,32.20803972,0.001187,0.00001168,-0.00002022,0.00068144,0.00017112,0.0008397,0.00027547,0.00013334,0.00003527,15:00:58..748,,,,
15:00:58..783,32.1149529,0.001481,0.00001122,-0.00002052,0.00068161,0.00017066,0.00083979,0.00027521,0.00013333,0.00003557,15:00:58..792,,,,
15:00:58..884,32.1149529,0.001481,0.00001107,-0.00002028,0.0006824,0.00017031,0.00083937,0.00027538,0.00013367,0.00003532,15:00:58..882,,,,
15:00:58..916,32.00118012,0.001597,0.00001101,-0.00002049,0.00068206,0.00017107,0.00083966,0.00027552,0.00013382,0.00003566,15:00:58..927,,,,
15:00:59..034,32.00118012,0.001597,0.00001176,-0.0000202,0.00068205,0.00017091,0.00083948,0.00027533,0.00013359,0.0000355,15:00:59..032,,,,
15:00:59..067,31.98566565,0.001782,0.0000108,-0.00002004,0.00068238,0.00017089,0.00083963,0.00027573,0.00013385,0.00003619,15:00:59..032,,,,
15:00:59..157,31.91326479,0.001782,0.00001162,-0.00002059,0.00068129,0.00017134,0.00083981,0.00027532,0.00013363,0.0000359,15:00:59..206,,,,
15:00:59..221,31.82017797,0.001782,0.00001109,-0.00001981,0.00068226,0.00017048,0.00083913,0.00027526,0.00013389,0.00003573,15:00:59..206,,,,
15:00:59..255,31.80983499,0.002093,0.00001148,-0.00002009,0.00068228,0.00017126,0.00083973,0.00027555,0.00013394,0.00003632,15:00:59..293,,,,
15:00:59..361,31.76329158,0.002093,0.00001161,-0.0000199,0.00068203,0.00017126,0.00083923,0.00027552,0.0001339,0.00003603,15:00:59..361,,,,
15:00:59..395,31.77363456,0.002138,0.00001182,-0.00002012,0.0006818,0.00017077,0.00083907,0.00027515,0.00013386,0.00003646,15:00:59..404,,,,
15:00:59..529,31.70640519,0.002138,0.00001103,-0.00001999,0.00068255,0.000171,0.00083918,0.00027515,0.00013363,0.00003609,15:00:59..526,,,,
15:00:59..561,31.64434731,0.002056,0.00001093,-0.0000199,0.00068275,0.00017071,0.00083932,0.0002754,0.00013368,0.00003701,15:00:59..570,,,,
15:00:59..684,31.60814688,0.002056,0.00001217,-0.00002012,0.00068172,0.0001716,0.00083935,0.00027573,0.00013389,0.00003661,15:00:59..681,,,,
15:00:59..716,31.51506006,0.001977,0.000011,-0.00002055,0.00068231,0.00017096,0.00083969,0.00027584,0.00013387,0.00003666,15:00:59..727,,,,
15:00:59..830,31.52023155,0.001977,0.00001164,-0.00001995,0.0006824,0.00017153,0.00083937,0.00027544,0.00013361,0.00003666,15:00:59..827,,,,
15:00:59..862,31.4426592,0.002023,0.000012,-0.00001996,0.0006821,0.00017153,0.00083976,0.00027501,0.0001336,0.00003704,15:00:59..871,,,,
15:00:59..989,31.43748771,0.002023,0.00001103,-0.00002037,0.00068287,0.00017144,0.00083928,0.00027572,0.00013405,0.0000368,15:00:59..871,,,,
15:01:00..022,31.35474387,0.002093,0.00001184,-0.00001985,0.00068153,0.00017131,0.00083943,0.00027512,0.00013355,0.0000374,15:01:00..031,,,,
15:01:00..139,31.31337195,0.002093,0.00001086,-0.00001986,0.00068305,0.0001712,0.00083924,0.00027539,0.000134,0.00003736,15:01:00..136,,,,
15:01:00..171,31.26682854,0.002151,0.00001158,-0.00001963,0.00068275,0.00017169,0.00083948,0.0002756,0.00013375,0.00003736,15:01:00..180,,,,
15:01:00..295,31.23062811,0.002151,0.00001153,-0.00001992,0.00068289,0.00017135,0.00083964,0.00027525,0.00013398,0.00003761,15:01:00..293,,,,
15:01:00..327,31.22545662,0.002411,0.00001118,-0.00001972,0.0006832,0.00017149,0.00083913,0.00027484,0.00013387,0.00003757,15:01:00..293,,,,
15:01:00..396,31.12719831,0.002411,0.00001175,-0.00002028,0.00068251,0.00017172,0.00083941,0.00027585,0.00013374,0.00003763,15:01:00..425,,,,
15:01:00..450,31.15305576,0.002411,0.00001084,-0.00001997,0.00068335,0.00017134,0.00083945,0.00027525,0.00013391,0.00003727,15:01:00..425,,,,
15:01:00..483,31.10134086,0.00253,0.00001081,-0.00002034,0.00068314,0.00017144,0.00083929,0.00027563,0.00013339,0.00003768,15:01:00..512,,,,
15:01:00..599,31.0806549,0.00253,0.00001173,-0.00002009,0.00068238,0.00017198,0.00083929,0.00027515,0.00013388,0.00003749,15:01:00..597,,,,
15:01:00..631,30.98239659,0.002557,0.00001148,-0.00001969,0.00068288,0.00017167,0.00083931,0.0002758,0.00013409,0.00003797,15:01:00..640,,,,
15:01:00..753,31.01342553,0.002557,0.00001189,-0.00001999,0.00068284,0.00017191,0.00083938,0.00027563,0.00013422,0.00003784,15:01:00..750,,,,
15:01:00..786,30.94619616,0.002434,0.00001109,-0.00001971,0.00068357,0.00017182,0.00083911,0.00027527,0.00013401,0.00003841,15:01:00..750,,,,
15:01:00..861,30.88930977,0.002434,0.00001204,-0.0000198,0.00068191,0.00017171,0.00083932,0.00027575,0.00013346,0.00003835,15:01:00..909,,,,
15:01:00..928,30.84793785,0.002434,0.00001097,-0.00001979,0.00068331,0.00017101,0.00083897,0.00027567,0.00013348,0.0000383,15:01:00..909,,,,
15:01:00..960,30.83242338,0.002112,0.00001119,-0.00001998,0.00068294,0.00017172,0.00083925,0.00027572,0.00013387,0.0000383,15:01:01..007,,,,
15:01:01..088,30.78070848,0.002112,0.00001142,-0.00001975,0.00068346,0.00017193,0.00083901,0.00027553,0.00013394,0.00003861,15:01:01..086,,,,
15:01:01..120,30.77553699,0.001897,0.00001209,-0.00001992,0.00068271,0.00017187,0.00083878,0.00027552,0.00013353,0.00003848,15:01:01..129,,,,
15:01:01..238,30.70830762,0.001897,0.00001125,-0.00001987,0.00068374,0.00017175,0.00083896,0.0002756,0.00013386,0.00003841,15:01:01..235,,,,
15:01:01..270,30.68245017,0.001861,0.00001134,-0.00001964,0.00068402,0.00017211,0.00083928,0.0002756,0.00013379,0.00003877,15:01:01..279,,,,
15:01:01..387,30.62039229,0.001861,0.00001206,-0.00002018,0.0006819,0.00017178,0.00083926,0.00027575,0.00013353,0.00003855,15:01:01..384,,,,
15:01:01..418,30.54799143,0.001982,0.0000119,-0.00002029,0.000683,0.00017242,0.00083926,0.00027542,0.00013366,0.00003909,15:01:01..429,,,,
15:01:01..488,30.62556378,0.001982,0.00001117,-0.00001985,0.00068341,0.00017154,0.00083917,0.00027526,0.00013363,0.00003876,15:01:01..485,,,,
15:01:01..519,30.511791,0.001982,0.00001224,-0.00001968,0.00068246,0.00017206,0.00083934,0.00027566,0.00013308,0.00003876,15:01:01..485,,,,
15:01:01..554,30.44973312,0.002041,0.00001157,-0.0000196,0.00068301,0.00017182,0.00083909,0.00027524,0.00013344,0.00003876,15:01:01..530,,,,
15:01:01..588,30.49110504,0.002002,0.00001126,-0.00001989,0.00068364,0.00017204,0.00083904,0.00027523,0.00013333,0.00003868,15:01:01..582,,,,
15:01:01..631,30.43939014,0.001924,0.00001178,-0.00001967,0.00068286,0.00017208,0.00083904,0.00027534,0.00013359,0.00003861,15:01:01..681,,,,
15:01:01..726,30.38250375,0.001924,0.00001158,-0.00001949,0.00068371,0.0001722,0.00083893,0.00027543,0.00013377,0.00003883,15:01:01..724,,,,
15:01:01..759,30.41353269,0.001886,0.00001156,-0.00001977,0.00068254,0.00017215,0.00083861,0.00027508,0.00013349,0.00003881,15:01:01..769,,,,
15:01:01..872,30.37216077,0.001886,0.00001132,-0.0000195,0.00068364,0.00017211,0.00083851,0.00027504,0.00013399,0.00003937,15:01:01..870,,,,
15:01:01..903,30.31527438,0.00176,0.00001132,-0.00001974,0.00068287,0.00017198,0.00083923,0.00027536,0.00013382,0.00003968,15:01:01..870,,,,
15:01:01..963,30.31010289,0.00176,0.00001133,-0.00001996,0.00068341,0.00017201,0.0008392,0.00027515,0.00013356,0.00003938,15:01:01..989,,,,
15:01:01..997,30.25838799,0.00176,0.00001192,-0.00002028,0.00068324,0.00017203,0.00083937,0.00027533,0.00013353,0.00003932,15:01:01..989,,,,
15:01:02..031,30.22218756,0.00171,0.00001134,-0.00001961,0.00068401,0.00017199,0.00083913,0.00027549,0.00013379,0.00003924,15:01:02..036,,,,
15:01:02..102,30.19633011,0.001849,0.00001208,-0.00001974,0.00068333,0.00017198,0.00083886,0.00027556,0.00013347,0.00003949,15:01:02..146,,,,
15:01:02..193,30.21184458,0.001849,0.00001119,-0.00001943,0.0006832,0.00017186,0.00083854,0.00027497,0.00013345,0.00003906,15:01:02..192,,,,
15:01:02..226,30.06704286,0.001908,0.00001158,-0.00001962,0.00068355,0.00017205,0.0008396,0.00027542,0.00013324,0.00003963,15:01:02..236,,,,
15:01:02..345,30.07738584,0.001908,0.00001157,-0.00002021,0.0006833,0.00017228,0.00083909,0.00027513,0.00013365,0.00003965,15:01:02..342,,,,
15:01:02..377,30.07221435,0.002073,0.00001195,-0.00001945,0.00068317,0.00017265,0.00083895,0.00027526,0.00013364,0.00003982,15:01:02..342,,,,
15:01:02..446,29.994642,0.002073,0.00001161,-0.00001961,0.00068388,0.00017219,0.00083886,0.00027531,0.00013373,0.00003982,15:01:02..493,,,,
15:01:02..507,30.02049945,0.002073,0.00001234,-0.00001934,0.00068254,0.00017227,0.00083908,0.00027534,0.00013355,0.00003981,15:01:02..493,,,,
15:01:02..544,29.93775561,0.002299,0.00001186,-0.00001981,0.00068297,0.0001729,0.00083888,0.00027593,0.0001335,0.00004028,15:01:02..539,,,,
15:01:02..579,29.93258412,0.002299,0.000011,-0.00001953,0.00068403,0.00017199,0.00083881,0.00027583,0.00013367,0.00004023,15:01:02..582,,,,
15:01:02..614,29.95844157,0.002328,0.00001195,-0.00001962,0.00068313,0.00017249,0.00083912,0.00027575,0.00013369,0.00004005,15:01:02..625,,,,
15:01:02..658,29.92741263,0.002372,0.00001159,-0.00001933,0.00068369,0.00017281,0.0008387,0.00027544,0.00013381,0.00003981,15:01:02..703,,,,
15:01:02..751,29.88086922,0.002372,0.00001137,-0.0000199,0.0006833,0.00017235,0.00083899,0.00027567,0.00013297,0.00004031,15:01:02..703,,,,
15:01:02..783,29.87569773,0.002419,0.00001152,-0.00001915,0.00068438,0.00017264,0.00083923,0.00027613,0.00013415,0.00004076,15:01:02..757,,,,
15:01:02..816,29.88086922,0.002542,0.00001195,-0.00001941,0.0006838,0.00017224,0.00083878,0.00027561,0.00013385,0.00004067,15:01:02..877,,,,
15:01:02..937,29.7877824,0.002542,0.00001116,-0.00001939,0.00068345,0.00017234,0.00083855,0.00027561,0.00013355,0.0000402,15:01:02..934,,,,
15:01:02..969,29.78261091,0.00254,0.00001081,-0.00001984,0.00068381,0.00017193,0.00083881,0.00027485,0.00013303,0.00004043,15:01:02..978,,,,
15:01:03..094,29.72055303,0.00254,0.00001202,-0.00001996,0.00068305,0.00017238,0.00083853,0.00027528,0.00013383,0.00004085,15:01:03..092,,,,
15:01:03..126,29.6843526,0.002459,0.00001103,-0.00001915,0.00068407,0.00017217,0.00083861,0.00027563,0.00013327,0.0000405,15:01:03..137,,,,
15:01:03..254,29.66883813,0.002459,0.00001168,-0.00001925,0.00068335,0.00017268,0.00083909,0.00027563,0.00013359,0.00004078,15:01:03..251,,,,
15:01:03..286,29.59126578,0.002394,0.00001149,-0.00001991,0.00068333,0.0001726,0.00083846,0.00027499,0.00013331,0.00004082,15:01:03..306,,,,
15:01:03..396,29.49300747,0.002394,0.00001158,-0.00001998,0.00068328,0.00017255,0.00083899,0.00027528,0.00013366,0.00004054,15:01:03..394,,,,
15:01:03..427,29.58609429,0.002104,0.00001104,-0.00001971,0.00068382,0.00017218,0.00083851,0.00027542,0.00013379,0.00004109,15:01:03..394,,,,
15:01:03..501,29.54472237,0.002104,0.00001205,-0.00001988,0.00068345,0.00017276,0.00083891,0.00027531,0.00013371,0.00004122,15:01:03..541,,,,
15:01:03..547,29.43094959,0.002104,0.00001109,-0.0000197,0.00068406,0.00017217,0.00083827,0.00027512,0.00013362,0.00004101,15:01:03..541,,,,
15:01:03..581,29.49300747,0.002055,0.00001125,-0.00001937,0.00068438,0.00017287,0.00083892,0.0002752,0.00013373,0.00004099,15:01:03..586,,,,
15:01:03..701,29.46715002,0.002055,0.00001204,-0.00001953,0.0006836,0.00017292,0.00083856,0.0002754,0.00013328,0.00004131,15:01:03..699,,,,
15:01:03..734,29.40509214,0.002041,0.00001158,-0.00001945,0.00068435,0.00017296,0.00083909,0.00027521,0.00013341,0.00004152,15:01:03..743,,,,
15:01:03..838,29.38440618,0.002041,0.00001174,-0.00001972,0.00068387,0.00017303,0.0008392,0.00027507,0.00013363,0.00004122,15:01:03..836,,,,
15:01:03..871,29.26029042,0.001972,0.0000111,-0.00002001,0.00068431,0.00017257,0.00083865,0.00027517,0.00013354,0.00004168,15:01:03..836,,,,
15:01:03..953,29.30683383,0.001972,0.00001199,-0.00001939,0.00068372,0.00017295,0.00083889,0.00027562,0.00013355,0.00004231,15:01:03..988,,,,
15:01:04..008,29.19823254,0.001972,0.0000113,-0.00001963,0.0006841,0.00017296,0.00083825,0.00027471,0.00013347,0.00004161,15:01:03..988,,,,
15:01:04..041,29.23960446,0.001755,0.00001143,-0.00001945,0.0006841,0.00017256,0.00083846,0.00027485,0.00013337,0.00004179,15:01:04..072,,,,
15:01:04..113,29.23960446,0.001712,0.00001181,-0.00001954,0.0006834,0.00017294,0.00083828,0.00027526,0.00013381,0.0000411,15:01:04..115,,,,
15:01:04..162,29.1672036,0.001696,0.00001108,-0.0000199,0.00068417,0.00017214,0.00083848,0.00027539,0.00013394,0.00004145,15:01:04..186,,,,
15:01:04..199,29.16203211,0.001696,0.0000121,-0.00001948,0.00068341,0.00017305,0.00083811,0.00027576,0.00013327,0.00004164,15:01:04..186,,,,
15:01:04..234,29.18271807,0.001557,0.00001125,-0.00001946,0.00068476,0.00017263,0.00083869,0.00027508,0.00013368,0.00004203,15:01:04..271,,,,
15:01:04..364,29.15168913,0.001557,0.00001188,-0.00001986,0.00068308,0.00017296,0.00083813,0.00027533,0.00013369,0.00004184,15:01:04..362,,,,
15:01:04..396,29.05343082,0.001484,0.000012,-0.00001916,0.00068374,0.0001731,0.00083851,0.00027548,0.00013331,0.00004218,15:01:04..407,,,,
15:01:04..471,29.02757337,0.001484,0.0000112,-0.00001937,0.00068438,0.00017292,0.00083832,0.00027514,0.00013355,0.0000419,15:01:04..526,,,,
15:01:04..534,29.02757337,0.001484,0.00001146,-0.00001965,0.00068346,0.00017301,0.00083856,0.00027541,0.00013365,0.0000418,15:01:04..526,,,,
15:01:04..567,28.90345761,0.001414,0.00001122,-0.00001974,0.00068434,0.00017306,0.00083854,0.00027515,0.00013334,0.00004222,15:01:04..570,,,,
15:01:04..687,28.99137294,0.001414,0.0000123,-0.00001938,0.00068347,0.00017276,0.00083845,0.0002754,0.00013348,0.00004233,15:01:04..685,,,,
15:01:04..718,28.89828612,0.001404,0.0000111,-0.00001988,0.00068469,0.00017254,0.00083855,0.0002752,0.00013368,0.00004197,15:01:04..729,,,,
15:01:04..846,28.83105675,0.001404,0.00001222,-0.00001908,0.00068364,0.00017306,0.00083876,0.00027504,0.00013344,0.0000423,15:01:04..843,,,,
15:01:04..879,28.84139973,0.001542,0.0000118,-0.00001977,0.00068443,0.00017324,0.00083887,0.00027524,0.00013333,0.00004202,15:01:04..889,,,,
15:01:04..951,28.77934185,0.001581,0.0000118,-0.00001921,0.00068403,0.00017297,0.00083876,0.00027518,0.00013401,0.00004248,15:01:05..007,,,,
15:01:05..063,28.74314142,0.001581,0.0000115,-0.00001941,0.00068426,0.0001732,0.00083805,0.000275,0.00013338,0.00004248,15:01:05..063,,,,
15:01:05..097,28.72762695,0.001621,0.00001091,-0.00001962,0.00068445,0.00017279,0.00083802,0.00027491,0.0001333,0.0000424,15:01:05..108,,,,
15:01:05..165,28.73279844,0.001619,0.00001177,-0.00001947,0.00068373,0.00017285,0.00083852,0.000275,0.00013339,0.00004248,15:01:05..207,,,,
15:01:05..216,28.5983397,0.001619,0.00001085,-0.00001916,0.00068481,0.00017318,0.00083826,0.00027495,0.00013358,0.00004238,15:01:05..207,,,,
15:01:05..247,28.62419715,0.001635,0.00001134,-0.00001913,0.00068474,0.00017303,0.00083867,0.00027556,0.00013369,0.00004291,15:01:05..249,,,,
15:01:05..377,28.68108354,0.001635,0.00001163,-0.00001929,0.00068389,0.00017294,0.0008382,0.00027511,0.00013304,0.00004304,15:01:05..374,,,,
15:01:05..409,28.57248225,0.001733,0.00001215,-0.00001955,0.00068397,0.0001731,0.00083853,0.00027531,0.00013327,0.00004322,15:01:05..417,,,,
15:01:05..509,28.5466248,0.001733,0.00001123,-0.00001914,0.00068506,0.00017239,0.00083851,0.00027504,0.00013362,0.00004318,15:01:05..506,,,,
15:01:05..540,28.50008139,0.001877,0.00001193,-0.00001952,0.00068372,0.00017327,0.00083808,0.00027502,0.00013336,0.00004361,15:01:05..549,,,,
15:01:05..612,28.4949099,0.001877,0.00001163,-0.00001945,0.00068455,0.00017277,0.00083814,0.00027471,0.00013359,0.00004346,15:01:05..651,,,,
15:01:05..663,28.43285202,0.001877,0.00001178,-0.00001945,0.00068342,0.0001731,0.00083805,0.00027509,0.00013343,0.00004296,15:01:05..651,,,,
15:01:05..696,28.43802351,0.002002,0.00001121,-0.0000194,0.00068497,0.00017299,0.0008383,0.00027497,0.00013409,0.00004374,15:01:05..694,,,,
15:01:05..736,28.43285202,0.002017,0.00001191,-0.0000195,0.00068401,0.00017353,0.00083829,0.00027532,0.00013352,0.00004326,15:01:05..738,,,,
15:01:05..769,28.45353798,0.002032,0.00001133,-0.00001959,0.00068487,0.00017323,0.00083824,0.00027512,0.00013356,0.0000432,15:01:05..781,,,,
15:01:05..826,28.38113712,0.00198,0.00001205,-0.00001967,0.00068426,0.00017314,0.00083824,0.00027503,0.00013372,0.00004335,15:01:05..870,,,,
15:01:05..884,28.32942222,0.00198,0.00001098,-0.00001939,0.00068506,0.00017306,0.00083816,0.00027508,0.00013339,0.00004348,15:01:05..870,,,,
15:01:05..917,28.35527967,0.001899,0.00001155,-0.00001934,0.00068466,0.00017298,0.00083824,0.00027502,0.00013379,0.00004398,15:01:05..962,,,,
15:01:06..039,28.36562265,0.001899,0.00001195,-0.0000196,0.00068413,0.00017295,0.00083836,0.00027579,0.00013347,0.00004385,15:01:06..036,,,,
15:01:06..072,28.25184987,0.001938,0.0000108,-0.00001892,0.00068485,0.00017333,0.00083819,0.00027526,0.00013329,0.00004368,15:01:06..079,,,,
15:01:06..189,28.27770732,0.001938,0.00001235,-0.00001934,0.0006841,0.00017326,0.00083805,0.0002752,0.00013367,0.00004373,15:01:06..186,,,,
15:01:06..222,28.1846205,0.001974,0.00001125,-0.00001968,0.00068521,0.00017315,0.00083784,0.00027519,0.00013343,0.00004376,15:01:06..229,,,,
15:01:06..296,28.15359156,0.002008,0.00001197,-0.00001948,0.00068423,0.00017323,0.00083735,0.00027513,0.00013359,0.00004428,15:01:06..344,,,,
15:01:06..358,28.16910603,0.002008,0.00001134,-0.00001931,0.00068513,0.00017312,0.00083819,0.00027491,0.0001334,0.00004411,15:01:06..344,,,,
15:01:06..393,28.13807709,0.001852,0.00001161,-0.0000192,0.00068437,0.00017364,0.00083797,0.00027544,0.00013358,0.00004426,15:01:06..433,,,,
15:01:06..523,28.09670517,0.001852,0.00001122,-0.00001961,0.00068524,0.00017302,0.00083825,0.00027515,0.00013355,0.00004431,15:01:06..522,,,,
15:01:06..554,28.03464729,0.001583,0.00001079,-0.00001957,0.00068549,0.00017328,0.00083796,0.00027479,0.00013348,0.00004383,15:01:06..566,,,,
15:01:06..628,28.01396133,0.001385,0.00001207,-0.00001919,0.00068443,0.00017348,0.00083803,0.00027492,0.00013305,0.00004436,15:01:06..669,,,,
15:01:06..675,28.00361835,0.001385,0.00001109,-0.00001923,0.00068503,0.00017338,0.00083762,0.00027489,0.00013349,0.00004465,15:01:06..669,,,,
15:01:06..708,27.99327537,0.001279,0.00001155,-0.00001922,0.00068476,0.00017383,0.00083819,0.00027553,0.00013352,0.00004434,15:01:06..714,,,,
15:01:06..828,27.98810388,0.001279,0.00001133,-0.00001917,0.00068439,0.00017347,0.00083784,0.0002751,0.00013363,0.00004417,15:01:06..826,,,,
15:01:06..860,27.94156047,0.00109,0.0000121,-0.00001915,0.00068425,0.00017358,0.0008384,0.00027551,0.00013319,0.00004429,15:01:06..868,,,,
15:01:06..959,27.84847365,0.00109,0.00001131,-0.0000196,0.00068519,0.00017313,0.00083764,0.00027507,0.00013361,0.00004406,15:01:06..868,,,,
