Time,Pressure,Flow Rate (ml/s),Force 1,Force 2,Force 3,Force 4,Force 5,Force 6,Force 7,Force 8,Flow Meter Time,,,, 
12:05:50..354,2.02205259,0.002162,-0.00022377,0.00069966,0.0020716,0.00008625,0.00088414,0.00341487,-0.00024372,0.00031186,12:05:50..405,,,,
12:05:50..461,1.99102365,0.002162,-0.00022358,0.00069966,0.0020718,0.0000865,0.00088442,0.00341479,-0.00024343,0.00031186,12:05:50..462,,,,
12:05:50..498,2.04791004,0.002099,-0.00022342,0.00069986,0.00207209,0.00008783,0.00088406,0.00341419,-0.00024345,0.00031191,12:05:50..504,,,,
12:05:50..531,2.01170961,0.002002,-0.00022355,0.00070005,0.00207211,0.00008661,0.00088403,0.0034142,-0.00024334,0.00031167,12:05:50..547,,,,
12:05:50..646,2.03239557,0.002002,-0.00022363,0.00069988,0.00207212,0.00008647,0.00088425,0.00341505,-0.00024288,0.00031224,12:05:50..645,,,,
12:05:50..678,2.10996792,0.001996,-0.00022347,0.00070009,0.0020716,0.00008594,0.00088432,0.00341332,-0.00024349,0.00031196,12:05:50..688,,,,
12:05:50..775,2.05308153,0.001996,-0.00022348,0.00070003,0.0020719,0.0000875,0.00088441,0.00341389,-0.00024361,0.00031186,12:05:50..773,,,,
12:05:50..808,2.04273855,0.001944,-0.00022361,0.00069994,0.00207182,0.00008698,0.00088488,0.00341347,-0.00024344,0.0003121,12:05:50..817,,,,
12:05:50..926,2.03239557,0.001944,-0.00022382,0.00069965,0.00207197,0.00008631,0.00088403,0.00341299,-0.00024367,0.00031174,12:05:50..924,,,,
12:05:50..957,2.07376749,0.002023,-0.0002243,0.0006997,0.00207208,0.000086,0.00088397,0.00341385,-0.00024373,0.00031239,12:05:50..967,,,,
12:05:51..069,2.07893898,0.002023,-0.0002236,0.00069994,0.00207246,0.00008749,0.00088418,0.00341419,-0.00024362,0.00031141,12:05:51..067,,,,
12:05:51..102,2.04273855,0.002041,-0.00022389,0.0006998,0.00207218,0.00008645,0.00088427,0.00341296,-0.00024311,0.00031195,12:05:51..111,,,,
12:05:51..205,1.9651662,0.002041,-0.00022381,0.00069969,0.00207207,0.00008669,0.000884,0.00341285,-0.00024369,0.0003117,12:05:51..203,,,,
12:05:51..238,2.09962494,0.001995,-0.00022391,0.00070006,0.00207239,0.00008629,0.00088437,0.00341278,-0.00024324,0.00031159,12:05:51..203,,,,
12:05:51..320,2.02205259,0.001994,-0.00022358,0.00070004,0.00207205,0.00008742,0.0008837,0.00341286,-0.00024376,0.00031179,12:05:51..368,,,,
12:05:51..435,2.0168811,0.001994,-0.00022409,0.00069977,0.00207274,0.00008654,0.00088375,0.00341232,-0.0002434,0.00031122,12:05:51..436,,,,
12:05:51..469,2.05308153,0.001994,-0.00022303,0.00070041,0.00207202,0.00008725,0.00088433,0.00341534,-0.0002438,0.00031196,12:05:51..436,,,,
12:05:51..503,2.01170961,0.00202,-0.000224,0.00070001,0.00207218,0.00008626,0.00088389,0.00341294,-0.00024338,0.00031164,12:05:51..479,,,,
12:05:51..543,2.00136663,0.001998,-0.00022348,0.00069995,0.00207228,0.00008735,0.00088428,0.00341419,-0.00024397,0.00031179,12:05:51..583,,,,
12:05:51..616,2.00136663,0.001998,-0.00022388,0.00070027,0.0020722,0.00008665,0.00088405,0.00341327,-0.00024342,0.0003121,12:05:51..583,,,,
12:05:51..649,2.08411047,0.002087,-0.00022327,0.00069988,0.00207173,0.00008772,0.00088365,0.00341422,-0.00024412,0.00031164,12:05:51..670,,,,
12:05:51..772,1.99102365,0.002087,-0.000224,0.0006997,0.00207229,0.00008604,0.00088384,0.00341372,-0.00024338,0.00031138,12:05:51..770,,,,
12:05:51..805,1.9651662,0.002114,-0.00022328,0.00069984,0.00207238,0.00008729,0.00088434,0.00341566,-0.00024337,0.00031194,12:05:51..770,,,,
12:05:51..874,1.98068067,0.002114,-0.00022407,0.00070002,0.0020721,0.00008604,0.00088392,0.00341471,-0.00024347,0.00031149,12:05:51..919,,,,
12:05:51..927,2.07376749,0.002114,-0.00022324,0.00069986,0.00207246,0.00008753,0.00088393,0.00341508,-0.00024366,0.00031189,12:05:51..919,,,,
12:05:51..961,1.99619514,0.002042,-0.00022355,0.00070007,0.00207209,0.00008646,0.00088418,0.00341524,-0.00024363,0.0003119,12:05:51..964,,,,
12:05:52..068,1.98068067,0.002042,-0.00022338,0.00070028,0.00207193,0.00008738,0.0008841,0.00341554,-0.00024351,0.00031193,12:05:52..066,,,,
12:05:52..100,2.03756706,0.001981,-0.00022345,0.0007,0.0020717,0.00008755,0.00088364,0.00341528,-0.0002433,0.00031192,12:05:52..108,,,,
12:05:52..193,2.10479643,0.001981,-0.00022369,0.00070015,0.00207247,0.00008594,0.00088418,0.003415,-0.00024358,0.00031178,12:05:52..222,,,,
12:05:52..243,1.99619514,0.001981,-0.00022356,0.00070005,0.00207158,0.00008711,0.00088401,0.00341518,-0.00024299,0.00031226,12:05:52..222,,,,
12:05:52..276,2.05308153,0.001891,-0.00022376,0.00069995,0.00207235,0.0000872,0.00088419,0.00341632,-0.00024352,0.00031203,12:05:52..305,,,,
12:05:52..430,2.07893898,0.001891,-0.00022373,0.00069989,0.00207256,0.00008658,0.00088394,0.00341535,-0.00024398,0.00031155,12:05:52..428,,,,
12:05:52..462,2.02722408,0.001895,-0.00022388,0.00069988,0.00207176,0.000087,0.00088378,0.00341524,-0.00024358,0.00031203,12:05:52..471,,,,
12:05:52..572,1.9651662,0.002088,-0.00022386,0.00070007,0.00207275,0.00008616,0.00088396,0.00341563,-0.00024335,0.00031189,12:05:52..622,,,,
12:05:52..666,2.04791004,0.002088,-0.00022338,0.00069999,0.00207221,0.00008666,0.00088431,0.0034156,-0.00024341,0.00031195,12:05:52..678,,,,
12:05:52..699,1.99619514,0.002088,-0.00022348,0.00070003,0.00207251,0.00008747,0.00088395,0.00341537,-0.00024358,0.00031212,12:05:52..678,,,,
12:05:52..733,1.97033769,0.002136,-0.00022366,0.00069955,0.00207238,0.00008678,0.00088395,0.00341537,-0.00024349,0.00031174,12:05:52..788,,,,
12:05:52..854,2.03239557,0.002136,-0.00022343,0.00069994,0.00207176,0.00008677,0.00088425,0.0034149,-0.00024351,0.00031164,12:05:52..788,,,,
12:05:52..887,14.52671541,0.003192,-0.00022309,0.00070005,0.00207223,0.00008688,0.00088402,0.00341454,-0.00024369,0.00031156,12:05:52..898,,,,
12:05:53..025,6.28336035,0.003192,-0.00022339,0.0006999,0.0020724,0.00008581,0.00088349,0.00341381,-0.00024324,0.00031108,12:05:52..898,,,,
12:05:53..058,7.30731537,0.010342,-0.0002211,0.00069819,0.00206954,0.00008582,0.00088449,0.00341422,-0.00024612,0.00031221,12:05:53..031,,,,
12:05:53..147,7.48314603,0.010342,-0.00022096,0.00069818,0.00207025,0.00008516,0.00088522,0.00341407,-0.00024588,0.00031238,12:05:53..201,,,,
12:05:53..224,10.3946949,0.010342,-0.00022036,0.0006988,0.00207009,0.00008662,0.00088512,0.00341433,-0.00024549,0.00031217,12:05:53..201,,,,
12:05:53..258,9.91891782,0.037923,-0.00021323,0.00069592,0.00206678,0.00008252,0.00088776,0.00340877,-0.0002516,0.0003115,12:05:53..296,,,,
12:05:53..435,10.49295321,0.037923,-0.00021266,0.00069675,0.00206733,0.00008409,0.00088826,0.00340944,-0.00025201,0.00031179,12:05:53..296,,,,
12:05:53..469,13.51827486,0.067258,-0.00020381,0.00069441,0.00206233,0.00008188,0.00089087,0.00341106,-0.00025835,0.00030913,12:05:53..479,,,,
12:05:53..563,14.16471111,0.067258,-0.00020441,0.00069476,0.00206305,0.00008107,0.00089118,0.0034104,-0.00025862,0.00030942,12:05:53..618,,,,
12:05:53..627,16.35225138,0.067258,-0.0002039,0.0006948,0.00206277,0.00008183,0.00089143,0.00341093,-0.00025858,0.00030889,12:05:53..618,,,,
12:05:53..663,17.88818391,0.095715,-0.00019533,0.00069311,0.00205756,0.00007956,0.00089375,0.00341207,-0.00026465,0.00030175,12:05:53..704,,,,
12:05:53..828,19.12417002,0.095715,-0.00019513,0.00069242,0.00205777,0.00007854,0.00089377,0.00341189,-0.0002649,0.00030224,12:05:53..827,,,,
12:05:53..861,23.90779827,0.113613,-0.00018615,0.00069037,0.00205106,0.00007437,0.0008961,0.0034141,-0.00027284,0.00029122,12:05:53..871,,,,
12:05:53..978,25.01449713,0.130828,-0.00018572,0.00069076,0.002051,0.00007492,0.00089631,0.00341531,-0.00027238,0.00029112,12:05:54..027,,,,
12:05:54..096,28.73279844,0.130828,-0.00018649,0.00069029,0.00205106,0.0000743,0.00089581,0.00341493,-0.00027295,0.00029066,12:05:54..097,,,,
12:05:54..129,32.36835591,0.136123,-0.00017823,0.00068854,0.00204484,0.00007265,0.00090007,0.00341817,-0.00028005,0.00027987,12:05:54..140,,,,
12:05:54..229,33.52159818,0.139968,-0.00017872,0.00068883,0.00204561,0.00007124,0.00089982,0.00341877,-0.00027989,0.00027948,12:05:54..280,,,,
12:05:54..337,36.12802914,0.139968,-0.00017837,0.00068866,0.00204525,0.00007238,0.00090028,0.00341863,-0.00027986,0.00027981,12:05:54..339,,,,
12:05:54..371,38.9930346,0.139896,-0.00017136,0.00068682,0.0020395,0.00007031,0.00090619,0.00342276,-0.00028674,0.00026945,12:05:54..381,,,,
12:05:54..479,39.71187171,0.139896,-0.00017199,0.0006871,0.00203977,0.00006914,0.000906,0.0034223,-0.00028634,0.00026947,12:05:54..553,,,,
12:05:54..563,41.58395109,0.139896,-0.00017134,0.0006869,0.0020397,0.00007013,0.00090592,0.00342262,-0.00028695,0.00026935,12:05:54..553,,,,
12:05:54..596,42.70616442,0.134537,-0.00016355,0.00068661,0.00203421,0.00006787,0.00091358,0.00342687,-0.00029233,0.00025935,12:05:54..598,,,,
12:05:54..699,43.00093935,0.134537,-0.00016361,0.00068651,0.00203403,0.00006707,0.00091343,0.00342627,-0.0002929,0.00025908,12:05:54..744,,,,
12:05:54..749,43.84906371,0.134537,-0.00016392,0.00068657,0.00203432,0.00006742,0.00091349,0.00342722,-0.00029265,0.00025969,12:05:54..744,,,,
12:05:54..783,43.86457818,0.123155,-0.00015959,0.00068645,0.00203071,0.00006605,0.00092031,0.00343179,-0.00029493,0.00025367,12:05:54..785,,,,
12:05:54..866,44.44378506,0.123155,-0.00015951,0.00068637,0.0020305,0.0000674,0.00091983,0.00343181,-0.00029487,0.00025339,12:05:54..920,,,,
12:05:54..927,44.66098764,0.123155,-0.00015962,0.00068596,0.00203058,0.0000663,0.0009199,0.00343151,-0.00029543,0.00025311,12:05:54..920,,,,
12:05:54..960,44.34552675,0.111565,-0.00015996,0.00068628,0.00203101,0.00006584,0.00092106,0.00342987,-0.00029436,0.00025259,12:05:54..963,,,,
12:05:55..040,44.34035526,0.098227,-0.00015992,0.00068646,0.00203094,0.00006747,0.00092123,0.00343016,-0.00029442,0.00025306,12:05:55..076,,,,
12:05:55..126,43.41465855,0.098227,-0.00016029,0.0006864,0.00203118,0.00006645,0.00092145,0.00342994,-0.00029457,0.00025308,12:05:55..126,,,,
12:05:55..160,42.88199508,0.093508,-0.00016198,0.00068769,0.00203249,0.00006788,0.0009185,0.00342923,-0.00029206,0.00025638,12:05:55..170,,,,
12:05:55..316,42.26658777,0.093508,-0.00016239,0.00068729,0.00203337,0.00006658,0.00091877,0.00343031,-0.00029193,0.00025654,12:05:55..315,,,,
12:05:55..349,40.74616971,0.074355,-0.00016537,0.0006883,0.00203487,0.00006682,0.00091524,0.00342944,-0.00028876,0.00026028,12:05:55..358,,,,
12:05:55..467,40.30142157,0.074355,-0.00016518,0.00068887,0.00203506,0.00006822,0.00091551,0.00342973,-0.00028869,0.00026052,12:05:55..465,,,,
12:05:55..499,39.34986741,0.060637,-0.00016759,0.00068882,0.00203625,0.00006787,0.00091231,0.00342922,-0.00028689,0.00026337,12:05:55..508,,,,
12:05:55..618,38.99820609,0.060637,-0.00016752,0.00068888,0.00203642,0.00006739,0.00091259,0.0034293,-0.00028681,0.00026292,12:05:55..616,,,,
12:05:55..650,38.07768087,0.04872,-0.00016941,0.0006892,0.00203774,0.00006727,0.00091067,0.00342712,-0.00028487,0.00026511,12:05:55..661,,,,
12:05:55..764,37.96390809,0.04872,-0.00016893,0.00068946,0.00203758,0.00006845,0.00091089,0.00342741,-0.00028472,0.00026571,12:05:55..762,,,,
12:05:55..796,37.56570336,0.038827,-0.00017028,0.00069002,0.0020383,0.00006792,0.00091004,0.00342655,-0.00028428,0.00026648,12:05:55..762,,,,
12:05:55..873,37.33298631,0.038827,-0.0001697,0.00068985,0.00203846,0.00006814,0.00090963,0.00342658,-0.00028384,0.00026634,12:05:55..923,,,,
12:05:55..936,37.5450174,0.038827,-0.00017039,0.00069002,0.00203833,0.00006767,0.00090967,0.00342644,-0.00028434,0.00026656,12:05:55..923,,,,
12:05:55..969,37.39504419,0.02927,-0.00016968,0.0006905,0.00203878,0.00006848,0.00090948,0.0034261,-0.0002837,0.0002671,12:05:55..970,,,,
12:05:56..060,37.42607313,0.02927,-0.00016967,0.00069001,0.00203868,0.0000684,0.00090962,0.00342665,-0.00028348,0.0002668,12:05:56..058,,,,
12:05:56..092,37.79324892,0.025933,-0.0001697,0.00069021,0.00203766,0.00006851,0.0009103,0.00342679,-0.00028443,0.0002667,12:05:56..155,,,,
12:05:56..196,37.86564978,0.025933,-0.00016969,0.00068999,0.00203843,0.0000681,0.00091057,0.00342628,-0.00028393,0.00026623,12:05:56..155,,,,
12:05:56..227,38.29488345,0.024689,-0.00016786,0.00068994,0.00203733,0.00006935,0.00091162,0.00342607,-0.00028491,0.00026555,12:05:56..198,,,,
12:05:56..262,38.43968517,0.021566,-0.00016783,0.00068971,0.00203713,0.00006891,0.00091173,0.00342647,-0.00028523,0.00026485,12:05:56..332,,,,
12:05:56..389,38.65171626,0.021566,-0.00016818,0.00068972,0.00203709,0.00006852,0.00091165,0.0034259,-0.00028512,0.00026503,12:05:56..387,,,,
12:05:56..421,39.24643761,0.02093,-0.00016619,0.00068932,0.00203601,0.00006938,0.00091388,0.00342789,-0.00028662,0.00026299,12:05:56..430,,,,
12:05:56..540,39.50501211,0.02093,-0.00016709,0.00068984,0.0020365,0.0000686,0.00091444,0.0034277,-0.00028612,0.00026345,12:05:56..539,,,,
12:05:56..572,39.97044621,0.02093,-0.00016506,0.00068938,0.00203567,0.00006891,0.00091547,0.00342689,-0.00028778,0.00026182,12:05:56..539,,,,
12:05:56..605,40.12041942,0.020425,-0.00016422,0.00068966,0.00203509,0.00007027,0.00091605,0.00342664,-0.00028742,0.00026139,12:05:56..634,,,,
12:05:56..683,40.25487816,0.020425,-0.00016531,0.00068914,0.00203532,0.00006891,0.00091546,0.00342624,-0.000288,0.00026166,12:05:56..683,,,,
12:05:56..716,40.47208074,0.020209,-0.0001642,0.00068952,0.00203498,0.00007019,0.00091679,0.00342759,-0.00028835,0.00026074,12:05:56..725,,,,
12:05:56..800,40.52379564,0.020209,-0.00016462,0.00068884,0.00203513,0.00006888,0.00091698,0.00342707,-0.00028807,0.00026058,12:05:56..798,,,,
12:05:56..832,40.70479779,0.020061,-0.00016374,0.00068921,0.00203527,0.00006936,0.00091764,0.00342835,-0.00028799,0.00026021,12:05:56..842,,,,
12:05:56..885,40.70479779,0.019703,-0.00016378,0.00068923,0.00203514,0.00006976,0.00091778,0.00342837,-0.00028842,0.00026017,12:05:56..928,,,,
12:05:56..970,40.70996928,0.019703,-0.00016399,0.00068922,0.00203492,0.0000696,0.00091736,0.00342857,-0.00028818,0.0002605,12:05:56..928,,,,
12:05:57..004,40.6479114,0.019505,-0.00016338,0.0006892,0.00203509,0.00006937,0.00091715,0.00342873,-0.00028827,0.00026053,12:05:56..972,,,,
12:05:57..041,40.63756842,0.018775,-0.00016388,0.00068969,0.00203529,0.00007016,0.00091785,0.00342918,-0.00028821,0.00026085,12:05:57..091,,,,
12:05:57..139,40.6479114,0.018775,-0.00016348,0.00068949,0.00203455,0.00007004,0.00091753,0.00342848,-0.00028831,0.00026026,12:05:57..091,,,,
12:05:57..173,40.37382243,0.018056,-0.00016373,0.00068961,0.00203523,0.00007091,0.00091779,0.00342934,-0.00028796,0.00026141,12:05:57..183,,,,
12:05:57..289,40.37382243,0.018056,-0.00016435,0.0006895,0.00203572,0.00006949,0.00091727,0.00342857,-0.00028835,0.00026057,12:05:57..287,,,,
12:05:57..321,40.01698962,0.016798,-0.00016431,0.00068985,0.002036,0.00007029,0.00091723,0.00343113,-0.00028766,0.00026185,12:05:57..330,,,,
12:05:57..445,39.9239028,0.016798,-0.00016458,0.00069,0.00203564,0.0000701,0.00091722,0.00343125,-0.0002876,0.00026164,12:05:57..443,,,,
12:05:57..477,39.64981383,0.01557,-0.00016538,0.00069028,0.00203622,0.00006959,0.00091625,0.00343292,-0.00028669,0.00026174,12:05:57..443,,,,
12:05:57..551,39.63429936,0.01557,-0.00016488,0.00069001,0.00203566,0.00007056,0.00091597,0.00343242,-0.00028712,0.00026228,12:05:57..581,,,,
12:05:57..589,39.4584687,0.01557,-0.00016539,0.0006901,0.00203657,0.00006982,0.00091636,0.00343212,-0.0002868,0.00026254,12:05:57..581,,,,
12:05:57..622,39.37572486,0.014751,-0.00016551,0.00069022,0.00203635,0.00007108,0.00091562,0.00343291,-0.00028605,0.00026242,12:05:57..627,,,,
12:05:57..666,39.32400996,0.014348,-0.00016574,0.0006905,0.00203632,0.00006992,0.00091564,0.00343155,-0.00028675,0.00026263,12:05:57..672,,,,
12:05:57..712,39.28263804,0.013974,-0.00016557,0.0006903,0.00203633,0.00007076,0.00091601,0.00343211,-0.00028658,0.00026241,12:05:57..742,,,,
12:05:57..757,39.25678059,0.013974,-0.00016542,0.00069048,0.00203672,0.00007017,0.00091572,0.00343203,-0.00028626,0.00026265,12:05:57..742,,,,
12:05:57..790,39.12749334,0.01364,-0.00016582,0.00069037,0.00203632,0.00007044,0.00091533,0.00343241,-0.00028615,0.00026332,12:05:57..785,,,,
12:05:57..825,39.15852228,0.013135,-0.00016553,0.00069044,0.00203657,0.00007104,0.00091547,0.00343277,-0.0002859,0.00026274,12:05:57..830,,,,
12:05:57..944,39.22058016,0.013135,-0.00016606,0.0006904,0.00203634,0.00007,0.00091568,0.00343299,-0.00028591,0.00026323,12:05:57..943,,,,
12:05:57..976,39.18955122,0.012624,-0.00016576,0.00069052,0.00203633,0.00007011,0.00091535,0.00343236,-0.00028595,0.00026284,12:05:57..943,,,,
12:05:58..042,39.18437973,0.012624,-0.00016529,0.00069038,0.00203589,0.00007055,0.0009154,0.00343212,-0.00028654,0.00026296,12:05:58..086,,,,
12:05:58..093,39.17920824,0.012624,-0.00016575,0.00069051,0.00203663,0.00007055,0.00091549,0.00343207,-0.00028592,0.00026313,12:05:58..086,,,,
12:05:58..128,39.34469592,0.012335,-0.00016567,0.00069054,0.00203696,0.00007009,0.00091551,0.00343286,-0.00028602,0.00026305,12:05:58..198,,,,
12:05:58..242,39.38089635,0.012305,-0.00016516,0.0006906,0.00203649,0.00007117,0.00091607,0.00343336,-0.00028602,0.00026309,12:05:58..241,,,,
12:05:58..274,39.46881168,0.012305,-0.00016534,0.00069061,0.00203617,0.00007056,0.00091606,0.0034325,-0.00028682,0.00026257,12:05:58..241,,,,
12:05:58..308,39.60844191,0.012422,-0.00016556,0.00069024,0.00203623,0.00007023,0.00091623,0.0034332,-0.00028637,0.00026193,12:05:58..383,,,,
12:05:58..434,39.54638403,0.012422,-0.00016506,0.00069058,0.00203578,0.00007128,0.00091625,0.00343382,-0.00028743,0.00026197,12:05:58..432,,,,
12:05:58..466,39.75324363,0.012422,-0.00016452,0.00069037,0.00203604,0.00007086,0.00091686,0.00343434,-0.0002877,0.00026146,12:05:58..432,,,,
12:05:58..500,39.75324363,0.01243,-0.00016476,0.00069075,0.00203633,0.00007013,0.00091677,0.00343542,-0.00028699,0.0002612,12:05:58..568,,,,
12:05:58..612,39.75324363,0.012511,-0.00016437,0.00069001,0.00203575,0.00007161,0.00091664,0.00343589,-0.00028717,0.00026212,12:05:58..568,,,,
12:05:58..644,39.89287386,0.012572,-0.00016422,0.00069061,0.00203552,0.00007147,0.00091743,0.00343327,-0.00028744,0.00026145,12:05:58..654,,,,
12:05:58..746,39.88253088,0.012572,-0.00016462,0.00069049,0.00203502,0.0000704,0.00091711,0.0034332,-0.00028753,0.00026128,12:05:58..744,,,,
12:05:58..779,39.96527472,0.012572,-0.00016471,0.0006903,0.00203541,0.00007054,0.00091734,0.00343234,-0.00028758,0.00026108,12:05:58..744,,,,
12:05:58..815,39.94976025,0.012709,-0.00016401,0.00069052,0.00203531,0.00007178,0.00091753,0.00343384,-0.00028731,0.00026126,12:05:58..871,,,,
12:05:58..930,39.98078919,0.012709,-0.00016424,0.00069043,0.00203539,0.00007026,0.0009173,0.00343298,-0.00028734,0.00026121,12:05:58..941,,,,
12:05:58..962,39.92907429,0.012709,-0.00016386,0.00069037,0.00203501,0.0000715,0.00091775,0.00343397,-0.00028711,0.00026152,12:05:58..941,,,,
12:05:58..996,39.96010323,0.012556,-0.00016418,0.00068992,0.0020355,0.00007166,0.0009173,0.00343543,-0.00028752,0.00026054,12:05:59..028,,,,
12:05:59..079,39.94976025,0.012556,-0.00016449,0.00069039,0.00203571,0.00007048,0.0009178,0.0034354,-0.00028731,0.00026114,12:05:59..079,,,,
12:05:59..111,39.85667343,0.012474,-0.00016403,0.00069046,0.00203549,0.00007143,0.00091738,0.00343424,-0.00028687,0.00026129,12:05:59..122,,,,
12:05:59..205,39.84633045,0.012474,-0.00016462,0.00069071,0.00203536,0.00007077,0.00091695,0.00343357,-0.00028746,0.00026144,12:05:59..203,,,,
12:05:59..238,39.85667343,0.012353,-0.0001646,0.0006907,0.00203557,0.00007092,0.0009174,0.00343239,-0.00028686,0.00026156,12:05:59..246,,,,
12:05:59..304,39.77392959,0.012227,-0.00016431,0.00069059,0.00203543,0.00007121,0.00091709,0.00343196,-0.00028673,0.0002612,12:05:59..346,,,,
12:05:59..391,39.78944406,0.012227,-0.00016434,0.00069053,0.00203555,0.00007113,0.00091698,0.00343211,-0.00028713,0.00026146,12:05:59..392,,,,
12:05:59..424,39.6653283,0.012227,-0.00016428,0.00069024,0.00203532,0.00007056,0.00091745,0.00343235,-0.00028689,0.00026147,12:05:59..392,,,,
12:05:59..459,39.70152873,0.011868,-0.00016406,0.00069085,0.00203536,0.00007169,0.00091684,0.00343226,-0.00028688,0.0002621,12:05:59..475,,,,
12:05:59..529,39.70152873,0.011753,-0.0001643,0.0006906,0.00203591,0.00007022,0.00091733,0.00343236,-0.00028674,0.00026187,12:05:59..570,,,,
12:05:59..627,39.63947085,0.011753,-0.0001646,0.00069079,0.00203546,0.00007163,0.00091698,0.00343251,-0.00028694,0.00026222,12:05:59..627,,,,
12:05:59..660,39.60844191,0.011634,-0.00016435,0.00069081,0.00203565,0.0000716,0.00091759,0.00343259,-0.00028635,0.0002623,12:05:59..671,,,,
12:05:59..769,39.59292744,0.011634,-0.00016452,0.00069092,0.0020358,0.00007059,0.00091659,0.00343191,-0.00028661,0.00026196,12:05:59..769,,,,
12:05:59..803,39.57224148,0.01152,-0.00016485,0.00069043,0.00203558,0.00007128,0.00091705,0.00343159,-0.00028698,0.00026169,12:05:59..769,,,,
12:05:59..880,39.55155552,0.01152,-0.00016489,0.00069054,0.00203572,0.00007111,0.0009173,0.00343127,-0.00028685,0.0002621,12:05:59..928,,,,
12:05:59..936,39.60327042,0.01152,-0.00016438,0.00069038,0.0020354,0.00007125,0.00091711,0.0034316,-0.00028677,0.00026209,12:05:59..928,,,,
12:05:59..970,39.58258446,0.011482,-0.00016481,0.00069067,0.00203562,0.00007162,0.0009173,0.00343213,-0.00028661,0.00026203,12:05:59..973,,,,
12:06:00..025,39.57224148,0.011557,-0.00016501,0.00069028,0.00203599,0.00007065,0.00091673,0.00343244,-0.00028663,0.00026219,12:06:00..099,,,,
12:06:00..155,39.5618985,0.011557,-0.00016441,0.00069056,0.00203542,0.0000715,0.00091684,0.00343191,-0.0002869,0.00026173,12:06:00..155,,,,
12:06:00..188,39.63429936,0.011557,-0.00016457,0.00069082,0.00203591,0.00007103,0.00091722,0.00343121,-0.00028677,0.00026195,12:06:00..155,,,,
12:06:00..221,39.64981383,0.01169,-0.00016453,0.00069052,0.00203594,0.00007196,0.00091721,0.00343248,-0.00028747,0.00026132,12:06:00..267,,,,
12:06:00..316,39.68601426,0.01169,-0.00016483,0.00069068,0.00203616,0.00007052,0.00091754,0.00343251,-0.000287,0.00026189,12:06:00..316,,,,
12:06:00..347,39.64981383,0.011846,-0.00016486,0.0006906,0.00203577,0.00007114,0.00091745,0.00343139,-0.00028678,0.00026191,12:06:00..360,,,,
12:06:00..419,39.74807214,0.011924,-0.00016469,0.0006909,0.00203564,0.00007168,0.00091753,0.00343261,-0.00028684,0.00026179,12:06:00..465,,,,
12:06:00..495,39.70152873,0.011924,-0.00016474,0.00069065,0.0020362,0.00007073,0.00091686,0.00343177,-0.00028678,0.00026134,12:06:00..465,,,,
12:06:00..528,39.76358661,0.011959,-0.0001639,0.00069058,0.00203619,0.00007197,0.00091785,0.00343188,-0.00028706,0.00026163,12:06:00..510,,,,
12:06:00..562,39.78427257,0.012217,-0.00016426,0.00069047,0.00203612,0.00007108,0.00091786,0.00343155,-0.00028744,0.00026143,12:06:00..619,,,,
12:06:00..670,39.72221469,0.012217,-0.00016436,0.00069072,0.00203667,0.00007155,0.00091757,0.00343204,-0.00028689,0.00026136,12:06:00..669,,,,
12:06:00..702,39.83081598,0.012295,-0.00016387,0.00069099,0.00203625,0.00007175,0.00091796,0.00343211,-0.00028717,0.00026167,12:06:00..713,,,,
12:06:00..815,39.81530151,0.012295,-0.00016468,0.00069048,0.00203677,0.0000707,0.00091768,0.00343216,-0.00028747,0.00026135,12:06:00..814,,,,
12:06:00..848,39.76358661,0.012189,-0.00016435,0.00069096,0.0020364,0.00007127,0.00091809,0.00343146,-0.00028733,0.00026163,12:06:00..856,,,,
12:06:00..977,39.81013002,0.012189,-0.00016443,0.00069087,0.0020367,0.00007199,0.00091787,0.00343138,-0.00028755,0.00026176,12:06:00..974,,,,
12:06:01..008,39.73772916,0.012042,-0.00016437,0.00069092,0.0020364,0.00007067,0.00091787,0.00343239,-0.00028714,0.00026174,12:06:01..018,,,,
12:06:01..122,39.73772916,0.012042,-0.00016426,0.00069105,0.00203613,0.00007196,0.00091771,0.00343297,-0.00028747,0.00026147,12:06:01..120,,,,
12:06:01..155,39.77392959,0.01187,-0.00016408,0.00069088,0.00203655,0.00007195,0.00091758,0.00343307,-0.00028707,0.00026165,12:06:01..164,,,,
12:06:01..274,39.70152873,0.01187,-0.00016443,0.00069102,0.00203644,0.00007102,0.00091791,0.00343269,-0.00028747,0.00026158,12:06:01..272,,,,
12:06:01..306,39.79461555,0.011823,-0.00016406,0.00069068,0.00203625,0.00007198,0.00091753,0.00343115,-0.00028737,0.00026103,12:06:01..314,,,,
12:06:01..421,39.7170432,0.011823,-0.0001645,0.00069084,0.00203663,0.00007107,0.00091749,0.00343192,-0.00028737,0.00026166,12:06:01..420,,,,
12:06:01..454,39.71187171,0.011827,-0.00016447,0.00069108,0.00203676,0.00007093,0.00091773,0.00343169,-0.00028711,0.00026168,12:06:01..463,,,,
12:06:01..567,39.68601426,0.011827,-0.00016428,0.00069087,0.00203668,0.00007202,0.000918,0.00343266,-0.00028678,0.00026182,12:06:01..565,,,,
12:06:01..599,39.63429936,0.011837,-0.00016394,0.00069108,0.00203651,0.00007215,0.00091798,0.00343157,-0.00028704,0.00026184,12:06:01..609,,,,
12:06:01..714,39.68601426,0.011837,-0.0001642,0.00069122,0.00203659,0.00007112,0.00091804,0.00343083,-0.00028714,0.00026167,12:06:01..712,,,,
12:06:01..745,39.69635724,0.011803,-0.00016375,0.00069153,0.0020367,0.00007245,0.00091857,0.00343268,-0.0002867,0.0002618,12:06:01..755,,,,
12:06:01..863,39.68084277,0.011803,-0.00016446,0.00069083,0.00203688,0.00007136,0.00091808,0.00343228,-0.00028678,0.00026224,12:06:01..861,,,,
12:06:01..895,39.72221469,0.01184,-0.00016407,0.00069092,0.00203688,0.00007169,0.00091772,0.0034328,-0.00028721,0.00026215,12:06:01..903,,,,
12:06:02..012,39.6653283,0.01184,-0.00016378,0.00069088,0.00203676,0.00007205,0.00091802,0.00343248,-0.00028722,0.0002622,12:06:02..010,,,,
12:06:02..043,39.74807214,0.011775,-0.00016361,0.00069137,0.00203647,0.00007261,0.00091806,0.00343362,-0.00028703,0.00026168,12:06:02..054,,,,
12:06:02..089,39.70152873,0.011765,-0.00016428,0.00069107,0.00203666,0.00007078,0.00091812,0.00343312,-0.00028762,0.00026184,12:06:02..098,,,,
12:06:02..128,39.67567128,0.011765,-0.00016357,0.00069154,0.0020364,0.00007267,0.00091783,0.00343342,-0.00028722,0.00026225,12:06:02..098,,,,
12:06:02..162,39.7170432,0.011742,-0.00016418,0.00069123,0.00203673,0.00007112,0.00091829,0.00343176,-0.00028685,0.00026214,12:06:02..187,,,,
12:06:02..266,39.67049979,0.011742,-0.00016379,0.00069162,0.0020365,0.00007221,0.00091829,0.0034323,-0.00028707,0.00026199,12:06:02..264,,,,
12:06:02..298,39.69635724,0.011707,-0.0001641,0.00069105,0.00203612,0.00007156,0.00091791,0.00343402,-0.00028674,0.00026161,12:06:02..309,,,,
12:06:02..420,39.75841512,0.011707,-0.00016395,0.00069108,0.00203589,0.00007166,0.00091809,0.00343365,-0.00028735,0.0002618,12:06:02..418,,,,
12:06:02..452,39.72221469,0.011757,-0.00016385,0.00069169,0.00203647,0.00007263,0.00091804,0.00343484,-0.00028752,0.00026193,12:06:02..462,,,,
12:06:02..571,39.76358661,0.011757,-0.00016398,0.00069131,0.0020366,0.0000711,0.00091816,0.00343447,-0.00028723,0.00026198,12:06:02..569,,,,
12:06:02..604,39.7170432,0.01188,-0.00016417,0.00069131,0.00203693,0.00007239,0.00091869,0.00343583,-0.00028704,0.00026191,12:06:02..615,,,,
12:06:02..653,39.72221469,0.011965,-0.00016412,0.00069155,0.00203684,0.00007138,0.0009184,0.00343516,-0.00028708,0.00026215,12:06:02..657,,,,
12:06:02..698,39.73772916,0.012057,-0.00016382,0.00069142,0.00203669,0.00007195,0.00091797,0.00343611,-0.00028719,0.00026165,12:06:02..735,,,,
12:06:02..748,39.77392959,0.012057,-0.00016402,0.00069109,0.00203646,0.00007106,0.00091827,0.00343524,-0.00028723,0.00026198,12:06:02..735,,,,
12:06:02..781,39.72738618,0.012129,-0.00016435,0.00069124,0.00203663,0.00007103,0.00091824,0.00343571,-0.00028713,0.00026216,12:06:02..777,,,,
12:06:02..814,39.71187171,0.012246,-0.00016398,0.00069138,0.00203658,0.00007217,0.00091828,0.00343569,-0.00028701,0.00026171,12:06:02..821,,,,
12:06:02..910,39.69635724,0.012246,-0.00016448,0.00069079,0.0020363,0.00007059,0.00091806,0.00343552,-0.00028725,0.00026148,12:06:02..909,,,,
12:06:02..943,39.79461555,0.012304,-0.00016352,0.00069109,0.00203664,0.00007222,0.00091804,0.00343633,-0.00028699,0.00026181,12:06:02..953,,,,
12:06:03..065,39.78427257,0.012304,-0.00016428,0.00069146,0.00203683,0.00007142,0.00091861,0.0034362,-0.00028699,0.00026201,12:06:03..063,,,,
12:06:03..096,39.73772916,0.012302,-0.00016422,0.00069131,0.00203687,0.00007045,0.00091843,0.00343577,-0.00028711,0.00026161,12:06:03..107,,,,
12:06:03..199,39.75324363,0.012302,-0.00016371,0.0006915,0.00203715,0.00007189,0.0009187,0.003436,-0.00028706,0.00026196,12:06:03..197,,,,
12:06:03..231,39.75841512,0.012272,-0.00016451,0.0006914,0.00203661,0.00007111,0.00091821,0.00343504,-0.00028735,0.00026149,12:06:03..242,,,,
12:06:03..353,39.74290065,0.012272,-0.0001637,0.00069134,0.00203593,0.00007231,0.00091896,0.00343516,-0.00028702,0.0002618,12:06:03..351,,,,
12:06:03..385,39.69118575,0.012173,-0.00016431,0.00069124,0.00203666,0.00007051,0.00091805,0.00343515,-0.00028755,0.00026163,12:06:03..395,,,,
12:06:03..504,39.74290065,0.012173,-0.00016349,0.00069108,0.0020366,0.00007232,0.00091866,0.00343553,-0.00028718,0.00026194,12:06:03..502,,,,
12:06:03..535,39.71187171,0.012125,-0.00016389,0.00069141,0.00203697,0.00007189,0.00091838,0.00343522,-0.0002873,0.00026204,12:06:03..545,,,,
12:06:03..642,39.69635724,0.012125,-0.00016421,0.00069119,0.00203681,0.00007193,0.00091852,0.00343553,-0.00028719,0.00026156,12:06:03..640,,,,
12:06:03..674,39.75841512,0.012186,-0.00016389,0.00069131,0.00203639,0.0000711,0.00091905,0.0034349,-0.00028762,0.00026178,12:06:03..682,,,,
12:06:03..782,39.74290065,0.012186,-0.00016345,0.00069185,0.00203674,0.00007239,0.00091845,0.00343576,-0.0002872,0.00026161,12:06:03..780,,,,
12:06:03..814,39.68601426,0.012186,-0.00016372,0.00069154,0.0020365,0.0000714,0.00091804,0.00343564,-0.00028744,0.00026179,12:06:03..780,,,,
12:06:03..848,39.77392959,0.012403,-0.00016389,0.00069136,0.00203642,0.00007197,0.00091828,0.0034351,-0.00028731,0.0002619,12:06:03..893,,,,
12:06:03..941,39.77910108,0.012403,-0.00016394,0.00069159,0.00203665,0.00007072,0.0009182,0.00343476,-0.00028753,0.00026139,12:06:03..953,,,,
12:06:03..987,39.69635724,0.012403,-0.00016379,0.00069227,0.0020367,0.00007266,0.0009188,0.00343468,-0.00028759,0.00026139,12:06:03..953,,,,
12:06:04..019,39.72221469,0.012459,-0.00016357,0.00069207,0.0020364,0.00007125,0.00091818,0.00343345,-0.00028768,0.00026171,12:06:04..043,,,,
12:06:04..137,39.70670022,0.012459,-0.000164,0.00069138,0.00203694,0.00007171,0.00091871,0.00343381,-0.0002873,0.00026203,12:06:04..135,,,,
12:06:04..168,39.7170432,0.012459,-0.00016385,0.00069174,0.00203603,0.00007181,0.00091849,0.00343335,-0.0002873,0.00026122,12:06:04..135,,,,
12:06:04..201,39.68601426,0.012376,-0.00016401,0.00069132,0.00203666,0.00007163,0.00091853,0.00343318,-0.00028764,0.00026111,12:06:04..262,,,,
12:06:04..313,39.69635724,0.012376,-0.00016354,0.00069177,0.00203669,0.0000714,0.0009184,0.00343336,-0.00028726,0.00026132,12:06:04..312,,,,
12:06:04..346,39.71187171,0.012357,-0.00016358,0.00069166,0.00203613,0.00007206,0.00091844,0.00343371,-0.00028739,0.00026163,12:06:04..356,,,,
12:06:04..456,39.6653283,0.012357,-0.00016364,0.00069173,0.00203657,0.00007081,0.00091872,0.00343366,-0.00028751,0.00026175,12:06:04..454,,,,
12:06:04..487,39.74807214,0.012419,-0.00016435,0.00069171,0.00203616,0.00007141,0.00091834,0.00343428,-0.00028724,0.00026169,12:06:04..454,,,,
12:06:04..577,39.69635724,0.012419,-0.00016403,0.00069169,0.00203659,0.00007161,0.00091805,0.00343434,-0.00028722,0.0002618,12:06:04..605,,,,
12:06:04..637,39.70152873,0.012419,-0.00016394,0.00069178,0.00203674,0.00007151,0.00091866,0.00343364,-0.00028747,0.0002615,12:06:04..605,,,,
12:06:04..671,39.79461555,0.012501,-0.0001632,0.00069155,0.0020358,0.00007153,0.00091857,0.00343506,-0.00028702,0.00026155,12:06:04..648,,,,
12:06:04..705,39.74807214,0.012395,-0.00016407,0.00069189,0.00203646,0.00007109,0.00091819,0.00343471,-0.00028755,0.00026128,12:06:04..767,,,,
12:06:04..817,39.79461555,0.012395,-0.00016425,0.0006918,0.00203648,0.00007199,0.00091832,0.00343572,-0.00028724,0.00026168,12:06:04..833,,,,
12:06:04..848,39.90321684,0.012346,-0.00016409,0.00069201,0.00203637,0.00007175,0.00091875,0.00343571,-0.00028762,0.00026165,12:06:04..833,,,,
12:06:04..901,39.88770237,0.012316,-0.00016391,0.00069197,0.00203662,0.00007134,0.000919,0.00343628,-0.00028729,0.00026184,12:06:04..876,,,,
12:06:04..934,39.75324363,0.012316,-0.0001637,0.00069181,0.0020364,0.0000719,0.00091882,0.00343583,-0.0002874,0.00026202,12:06:04..919,,,,
12:06:04..969,39.74290065,0.012331,-0.00016333,0.00069227,0.00203656,0.00007141,0.00091875,0.00343544,-0.00028732,0.00026163,12:06:05..007,,,,
12:06:05..058,39.86184492,0.012331,-0.00016352,0.00069155,0.00203633,0.00007155,0.00091901,0.00343534,-0.0002877,0.00026118,12:06:05..056,,,,
12:06:05..090,39.94458876,0.012331,-0.00016378,0.00069223,0.00203576,0.00007199,0.00091883,0.00343483,-0.00028758,0.0002612,12:06:05..056,,,,
12:06:05..123,39.91873131,0.012338,-0.00016365,0.000692,0.00203592,0.00007088,0.00091927,0.00343422,-0.00028742,0.00026121,12:06:05..099,,,,
12:06:05..158,39.88770237,0.012342,-0.00016328,0.00069149,0.00203572,0.00007095,0.00091843,0.00343353,-0.000288,0.00026108,12:06:05..190,,,,
12:06:05..218,39.91355982,0.012362,-0.00016366,0.00069191,0.00203611,0.00007139,0.00091891,0.00343429,-0.00028774,0.00026089,12:06:05..253,,,,
12:06:05..270,40.02216111,0.012362,-0.00016363,0.00069185,0.00203578,0.00007111,0.00091931,0.00343486,-0.00028765,0.00026148,12:06:05..253,,,,
12:06:05..303,40.02216111,0.012361,-0.00016394,0.00069219,0.00203585,0.00007065,0.00091883,0.00343367,-0.0002879,0.00026132,12:06:05..343,,,,
12:06:05..429,39.97044621,0.012361,-0.00016309,0.00069175,0.00203598,0.00007209,0.00091911,0.00343324,-0.00028779,0.0002615,12:06:05..427,,,,
12:06:05..461,40.08421899,0.012361,-0.00016321,0.00069183,0.00203605,0.00007108,0.00091938,0.00343531,-0.00028818,0.00026143,12:06:05..427,,,,
12:06:05..495,40.08421899,0.012368,-0.00016385,0.00069238,0.0020361,0.00007044,0.0009191,0.0034353,-0.00028771,0.00026072,12:06:05..549,,,,
12:06:05..598,40.0273326,0.012368,-0.00016332,0.00069196,0.00203531,0.00007215,0.00091917,0.00343598,-0.00028772,0.00026098,12:06:05..596,,,,
12:06:05..630,40.06870452,0.012315,-0.00016354,0.00069199,0.00203567,0.00007114,0.00091877,0.00343458,-0.00028751,0.00026102,12:06:05..641,,,,
12:06:05..715,40.09456197,0.012315,-0.00016378,0.00069179,0.00203551,0.00007133,0.0009189,0.00343528,-0.0002876,0.00026085,12:06:05..713,,,,
12:06:05..747,39.99113217,0.012184,-0.00016356,0.00069176,0.0020354,0.00007124,0.00091946,0.00343558,-0.00028763,0.00026076,12:06:05..759,,,,
12:06:05..830,40.03250409,0.012184,-0.00016353,0.00069167,0.00203607,0.00007062,0.00091906,0.00343608,-0.00028763,0.00026064,12:06:05..828,,,,
12:06:05..862,40.01181813,0.012064,-0.00016317,0.00069164,0.00203557,0.00007187,0.00091944,0.00343566,-0.00028752,0.00026118,12:06:05..872,,,,
12:06:05..967,39.99113217,0.012064,-0.00016338,0.00069163,0.00203579,0.00007029,0.00091916,0.00343588,-0.00028809,0.00026087,12:06:05..965,,,,
12:06:05..999,39.98596068,0.011987,-0.00016308,0.00069247,0.00203492,0.00007179,0.00091916,0.00343608,-0.00028753,0.0002608,12:06:06..010,,,,
12:06:06..110,39.99630366,0.011987,-0.00016348,0.00069239,0.00203541,0.00007067,0.00091949,0.00343618,-0.00028795,0.00026102,12:06:06..107,,,,
12:06:06..143,39.84633045,0.011881,-0.00016287,0.00069224,0.00203569,0.00007222,0.0009191,0.00343551,-0.00028758,0.0002608,12:06:06..152,,,,
12:06:06..275,39.90321684,0.011881,-0.00016337,0.00069196,0.00203545,0.00007038,0.00091903,0.00343555,-0.00028743,0.00026091,12:06:06..273,,,,
12:06:06..308,39.87735939,0.011803,-0.00016346,0.00069226,0.0020351,0.00007134,0.00091859,0.00343636,-0.00028756,0.00026097,12:06:06..373,,,,
12:06:06..402,39.84115896,0.011803,-0.00016343,0.00069212,0.00203493,0.00007121,0.00091914,0.00343733,-0.00028817,0.00026086,12:06:06..373,,,,
12:06:06..434,39.94976025,0.011751,-0.00016333,0.00069274,0.0020351,0.00007076,0.00091895,0.00343648,-0.00028738,0.00026101,12:06:06..458,,,,
12:06:06..488,39.93424578,0.01172,-0.00016339,0.00069255,0.00203523,0.00007209,0.00091897,0.00343729,-0.00028722,0.00026126,12:06:06..503,,,,
12:06:06..541,39.85150194,0.0117,-0.00016383,0.00069206,0.00203566,0.00007069,0.00091903,0.00343655,-0.00028716,0.00026103,12:06:06..552,,,,
12:06:06..603,39.91355982,0.0117,-0.00016306,0.0006923,0.00203535,0.00007196,0.00091912,0.00343704,-0.00028762,0.00026108,12:06:06..602,,,,
12:06:06..637,39.93941727,0.0117,-0.00016381,0.00069203,0.00203502,0.00007026,0.00091884,0.003437,-0.00028783,0.00026115,12:06:06..602,,,,
12:06:06..670,39.95493174,0.011868,-0.00016279,0.00069226,0.00203527,0.00007143,0.00091935,0.00343703,-0.00028779,0.00026099,12:06:06..713,,,,
12:06:06..763,39.9239028,0.011868,-0.00016386,0.0006926,0.00203552,0.00007072,0.00091917,0.00343678,-0.00028732,0.00026091,12:06:06..772,,,,
12:06:06..795,39.95493174,0.011868,-0.00016348,0.00069189,0.00203494,0.00007055,0.00091875,0.00343718,-0.00028764,0.00026086,12:06:06..772,,,,
12:06:06..830,39.93424578,0.012079,-0.00016292,0.00069266,0.00203483,0.00007186,0.00091901,0.00343685,-0.00028748,0.00026134,12:06:06..865,,,,
12:06:06..930,39.9239028,0.012079,-0.0001633,0.00069211,0.00203476,0.00007051,0.00091915,0.00343583,-0.00028752,0.00026081,12:06:06..865,,,,
12:06:06..961,39.89804535,0.012133,-0.00016297,0.00069213,0.00203421,0.00007146,0.00091895,0.00343488,-0.00028783,0.00026034,12:06:06..973,,,,
12:06:07..040,39.94458876,0.012133,-0.00016284,0.00069237,0.00203437,0.00007046,0.00091897,0.00343518,-0.00028748,0.00026074,12:06:07..038,,,,
12:06:07..072,39.94458876,0.012127,-0.00016347,0.00069225,0.0020344,0.00007064,0.00091909,0.00343637,-0.00028821,0.00026066,12:06:07..082,,,,
12:06:07..120,39.96010323,0.012122,-0.00016299,0.00069179,0.00203461,0.00007109,0.0009191,0.00343616,-0.00028762,0.00026093,12:06:07..159,,,,
12:06:07..173,39.94976025,0.012122,-0.00016342,0.00069219,0.00203517,0.00007089,0.00091921,0.00343564,-0.00028761,0.00026052,12:06:07..159,,,,
12:06:07..208,39.93941727,0.012225,-0.00016318,0.00069209,0.00203461,0.00007,0.00091913,0.00343594,-0.00028747,0.00026019,12:06:07..247,,,,
12:06:07..313,39.94976025,0.012225,-0.00016242,0.00069202,0.00203467,0.0000714,0.00091964,0.00343615,-0.00028776,0.00026101,12:06:07..312,,,,
12:06:07..345,39.96010323,0.012166,-0.00016275,0.00069214,0.00203419,0.00007116,0.00091947,0.00343543,-0.00028775,0.00026057,12:06:07..354,,,,
12:06:07..460,39.96527472,0.012166,-0.00016341,0.00069222,0.00203477,0.00007077,0.00091938,0.00343586,-0.00028769,0.00026044,12:06:07..458,,,,
12:06:07..492,39.97044621,0.012166,-0.00016298,0.00069222,0.00203404,0.00007137,0.00091937,0.00343602,-0.00028766,0.00026076,12:06:07..458,,,,
12:06:07..525,39.96010323,0.012136,-0.00016296,0.00069235,0.00203429,0.00007128,0.00091877,0.00343564,-0.00028777,0.00026059,12:06:07..577,,,,
12:06:07..638,39.93941727,0.012136,-0.00016317,0.00069188,0.00203462,0.00007092,0.00091943,0.00343555,-0.00028779,0.0002603,12:06:07..638,,,,
12:06:07..669,39.94976025,0.012127,-0.00016304,0.00069234,0.00203428,0.00007156,0.00091878,0.00343637,-0.00028794,0.00026089,12:06:07..671,,,,
12:06:07..773,39.9756177,0.012127,-0.0001633,0.00069239,0.0020345,0.00007066,0.00091941,0.00343597,-0.00028712,0.00026094,12:06:07..771,,,,
12:06:07..806,39.98596068,0.012082,-0.00016302,0.00069188,0.00203463,0.00007138,0.00091897,0.00343425,-0.00028822,0.00026099,12:06:07..815,,,,
12:06:07..901,39.93941727,0.012082,-0.00016354,0.00069207,0.0020346,0.00007005,0.00091893,0.00343407,-0.00028812,0.00026051,12:06:07..899,,,,
12:06:07..932,39.85667343,0.012018,-0.00016273,0.00069237,0.00203434,0.00007121,0.00091925,0.00343564,-0.00028735,0.00026072,12:06:07..942,,,,
12:06:08..023,39.91355982,0.012018,-0.00016306,0.00069153,0.00203413,0.00007066,0.00091934,0.00343495,-0.00028789,0.00026036,12:06:08..022,,,,
12:06:08..055,39.97044621,0.012016,-0.00016292,0.00069232,0.00203443,0.00007187,0.00091941,0.00343592,-0.00028778,0.00026027,12:06:08..066,,,,
12:06:08..180,39.89287386,0.012016,-0.00016319,0.00069199,0.00203412,0.0000702,0.0009192,0.00343555,-0.00028772,0.00026078,12:06:08..178,,,,
12:06:08..211,39.96010323,0.011982,-0.00016287,0.00069201,0.00203367,0.00007086,0.00091922,0.00343448,-0.00028784,0.00026052,12:06:08..223,,,,
12:06:08..343,39.96010323,0.011982,-0.0001631,0.00069181,0.00203434,0.00007074,0.00091869,0.00343443,-0.00028823,0.00026053,12:06:08..340,,,,
12:06:08..374,39.94976025,0.011982,-0.00016279,0.00069208,0.00203371,0.0000716,0.00091894,0.00343548,-0.00028797,0.00026071,12:06:08..340,,,,
12:06:08..408,40.00147515,0.011843,-0.00016288,0.00069216,0.0020338,0.00007082,0.00091916,0.00343613,-0.00028769,0.00026079,12:06:08..453,,,,
12:06:08..507,39.9239028,0.011843,-0.00016282,0.00069203,0.00203356,0.00007075,0.0009191,0.00343588,-0.0002881,0.00026052,12:06:08..504,,,,
12:06:08..538,39.91355982,0.011771,-0.00016212,0.00069237,0.00203344,0.00007156,0.00091936,0.00343511,-0.00028745,0.00026082,12:06:08..550,,,,
12:06:08..636,39.91873131,0.011771,-0.00016295,0.00069219,0.00203356,0.00007035,0.00091913,0.00343476,-0.00028782,0.00026073,12:06:08..634,,,,
12:06:08..669,39.94976025,0.011771,-0.00016299,0.00069229,0.0020338,0.0000704,0.00091934,0.0034354,-0.00028775,0.00026037,12:06:08..634,,,,
12:06:08..702,39.90838833,0.011906,-0.00016263,0.00069231,0.00203318,0.00007062,0.00091892,0.00343597,-0.0002876,0.00026058,12:06:08..762,,,,
12:06:08..813,39.84633045,0.011906,-0.00016264,0.00069216,0.00203336,0.00007061,0.00091893,0.00343568,-0.00028751,0.00026041,12:06:08..812,,,,
12:06:08..846,39.9756177,0.012081,-0.00016326,0.00069213,0.00203328,0.00007054,0.00091894,0.00343596,-0.00028825,0.00026025,12:06:08..857,,,,
12:06:08..979,39.93941727,0.012081,-0.00016246,0.00069273,0.00203365,0.00007106,0.00091946,0.00343623,-0.00028801,0.00026075,12:06:08..977,,,,
12:06:09..012,39.95493174,0.012186,-0.0001633,0.00069226,0.00203334,0.00007021,0.00091894,0.00343564,-0.00028838,0.00025974,12:06:09..083,,,,
12:06:09..138,40.0273326,0.012186,-0.00016251,0.00069225,0.00203318,0.00007119,0.00091894,0.00343636,-0.000288,0.0002605,12:06:09..083,,,,
12:06:09..170,39.87735939,0.012165,-0.00016246,0.00069227,0.00203306,0.00007073,0.00091898,0.00343647,-0.00028785,0.00026024,12:06:09..183,,,,
12:06:09..258,39.96010323,0.012165,-0.00016256,0.0006923,0.00203329,0.00007096,0.00091929,0.00343578,-0.00028814,0.00026072,12:06:09..289,,,,
12:06:09..297,39.91873131,0.012165,-0.00016242,0.00069221,0.00203399,0.0000709,0.00091964,0.00343631,-0.00028736,0.00026035,12:06:09..289,,,,
12:06:09..332,39.90838833,0.011994,-0.0001619,0.00069233,0.00203337,0.0000715,0.00091929,0.00343758,-0.00028789,0.00026061,12:06:09..335,,,,
12:06:09..466,39.90321684,0.011994,-0.00016276,0.00069234,0.00203386,0.00007018,0.00091912,0.00343623,-0.00028777,0.0002605,12:06:09..466,,,,
12:06:09..500,40.01181813,0.011994,-0.00016245,0.00069214,0.00203305,0.00007118,0.00091941,0.00343891,-0.00028799,0.0002602,12:06:09..466,,,,
12:06:09..533,39.9239028,0.011938,-0.00016265,0.00069228,0.00203311,0.00007013,0.00091927,0.00343795,-0.00028782,0.00025994,12:06:09..598,,,,
12:06:09..654,39.8721879,0.011938,-0.00016196,0.00069202,0.00203303,0.00007068,0.00091902,0.00343825,-0.00028771,0.00026049,12:06:09..654,,,,
12:06:09..687,40.00664664,0.011911,-0.00016306,0.0006924,0.0020334,0.00007029,0.00091898,0.00343821,-0.0002878,0.00026028,12:06:09..698,,,,
12:06:09..786,39.96527472,0.011911,-0.00016233,0.00069254,0.00203274,0.00007155,0.00091936,0.00343802,-0.00028791,0.00026015,12:06:09..784,,,,
12:06:09..817,39.86184492,0.011817,-0.00016256,0.00069206,0.0020334,0.00007108,0.00091939,0.00343794,-0.00028762,0.00026075,12:06:09..784,,,,
12:06:09..897,39.98078919,0.011817,-0.00016279,0.00069211,0.00203339,0.00007001,0.00091893,0.00343758,-0.00028741,0.00026032,12:06:09..936,,,,
12:06:09..955,39.95493174,0.011817,-0.00016247,0.00069211,0.00203279,0.0000711,0.00091903,0.00343788,-0.00028779,0.00026044,12:06:09..936,,,,
12:06:09..988,39.8721879,0.011786,-0.00016264,0.00069223,0.00203336,0.00007012,0.0009188,0.00343671,-0.00028736,0.00026036,12:06:10..025,,,,
12:06:10..123,39.96010323,0.011786,-0.00016195,0.00069193,0.00203265,0.00007135,0.0009192,0.00343647,-0.00028742,0.00026062,12:06:10..121,,,,
12:06:10..155,39.9756177,0.011892,-0.00016201,0.00069237,0.00203328,0.00007136,0.00091911,0.00343857,-0.00028752,0.00026035,12:06:10..163,,,,
12:06:10..278,39.88253088,0.011892,-0.00016221,0.00069252,0.00203339,0.00007037,0.00091894,0.00343836,-0.00028736,0.00026061,12:06:10..276,,,,
12:06:10..309,39.94976025,0.011971,-0.00016301,0.00069259,0.00203305,0.00007091,0.00091941,0.00343887,-0.0002878,0.00025989,12:06:10..320,,,,
12:06:10..422,39.96010323,0.011971,-0.0001625,0.0006921,0.00203339,0.00007121,0.00091902,0.00343878,-0.00028775,0.00025999,12:06:10..419,,,,
12:06:10..454,39.86701641,0.011968,-0.00016182,0.00069298,0.00203327,0.00006997,0.00091928,0.0034374,-0.00028698,0.00026046,12:06:10..465,,,,
12:06:10..568,39.85150194,0.011968,-0.00016191,0.00069285,0.00203303,0.00007131,0.00091926,0.0034382,-0.00028735,0.00026053,12:06:10..566,,,,
12:06:10..599,40.0273326,0.011979,-0.00016231,0.00069207,0.00203305,0.00007062,0.00091856,0.00343818,-0.00028765,0.00026036,12:06:10..613,,,,
12:06:10..717,39.9756177,0.011979,-0.00016268,0.00069218,0.00203318,0.00007089,0.000919,0.00343767,-0.00028747,0.00026005,12:06:10..715,,,,
12:06:10..748,39.90838833,0.011841,-0.00016237,0.00069231,0.00203345,0.00006993,0.0009189,0.00343777,-0.00028786,0.00026018,12:06:10..760,,,,
12:06:10..868,40.00664664,0.011841,-0.00016275,0.00069272,0.00203352,0.00007137,0.00091897,0.00343805,-0.0002879,0.00025994,12:06:10..866,,,,
12:06:10..899,39.90838833,0.011514,-0.00016248,0.0006924,0.00203344,0.00007004,0.00091938,0.00343763,-0.0002879,0.00025974,12:06:10..908,,,,
12:06:10..968,39.88770237,0.011514,-0.00016239,0.00069257,0.00203321,0.00007079,0.00091924,0.00343719,-0.00028751,0.00026047,12:06:10..966,,,,
12:06:11..004,39.98596068,0.011514,-0.00016236,0.00069284,0.00203324,0.00007057,0.00091892,0.0034368,-0.00028781,0.00026056,12:06:10..966,,,,
12:06:11..039,40.04284707,0.011438,-0.00016239,0.00069223,0.00203262,0.00007105,0.00091894,0.00343848,-0.00028774,0.00025998,12:06:11..054,,,,
12:06:11..165,39.94976025,0.011438,-0.0001622,0.00069226,0.00203354,0.00007048,0.00091922,0.00343875,-0.0002876,0.0002603,12:06:11..163,,,,
12:06:11..198,39.94976025,0.011431,-0.0001627,0.00069234,0.00203309,0.00007103,0.00091929,0.00343939,-0.000288,0.00026005,12:06:11..207,,,,
12:06:11..327,40.00664664,0.011431,-0.00016275,0.00069183,0.00203314,0.00007004,0.00091918,0.00343931,-0.00028751,0.00025998,12:06:11..325,,,,
12:06:11..359,39.94458876,0.011459,-0.00016272,0.00069279,0.00203344,0.00007033,0.0009191,0.00343969,-0.00028777,0.00026035,12:06:11..359,,,,
12:06:11..394,39.98078919,0.011401,-0.00016275,0.00069271,0.00203338,0.00006965,0.00091869,0.00344002,-0.00028802,0.00026008,12:06:11..402,,,,
12:06:11..499,39.90838833,0.011401,-0.00016282,0.00069274,0.00203309,0.0000715,0.00091935,0.00343974,-0.00028773,0.0002602,12:06:11..497,,,,
12:06:11..531,39.96010323,0.011205,-0.00016259,0.0006923,0.00203308,0.00007008,0.00091889,0.00343941,-0.00028773,0.00026029,12:06:11..541,,,,
12:06:11..619,39.94976025,0.011205,-0.00016207,0.00069212,0.00203294,0.00007151,0.00091929,0.00343954,-0.00028704,0.0002608,12:06:11..618,,,,
12:06:11..651,40.0273326,0.011132,-0.00016265,0.00069243,0.00203266,0.0000706,0.00091883,0.00343828,-0.00028772,0.00025982,12:06:11..663,,,,
12:06:11..800,39.98078919,0.011132,-0.00016262,0.00069209,0.00203317,0.00007081,0.0009189,0.00343851,-0.00028803,0.00025996,12:06:11..798,,,,
12:06:11..833,39.91873131,0.011143,-0.00016263,0.00069284,0.00203309,0.00007039,0.00091916,0.00343911,-0.00028802,0.00025985,12:06:11..842,,,,
12:06:11..975,39.90321684,0.011143,-0.00016209,0.00069234,0.00203271,0.00007117,0.00091888,0.0034392,-0.00028778,0.00026014,12:06:11..973,,,,
12:06:12..006,39.89287386,0.011143,-0.00016155,0.00069264,0.00203276,0.00007148,0.0009188,0.00343879,-0.00028742,0.00026036,12:06:11..973,,,,
12:06:12..041,39.91873131,0.011188,-0.00016259,0.00069201,0.00203286,0.00007092,0.00091876,0.00343821,-0.00028781,0.00026051,12:06:12..108,,,,
12:06:12..163,39.95493174,0.011188,-0.00016265,0.00069245,0.00203314,0.00007064,0.0009189,0.00343783,-0.00028759,0.00026031,12:06:12..161,,,,
12:06:12..195,40.01698962,0.011265,-0.00016236,0.0006928,0.00203326,0.00007176,0.00091911,0.00343958,-0.0002877,0.00026058,12:06:12..204,,,,
12:06:12..304,39.91873131,0.011265,-0.00016283,0.00069249,0.00203304,0.00007013,0.00091911,0.00343824,-0.00028769,0.00025974,12:06:12..304,,,,
12:06:12..337,39.87735939,0.011345,-0.00016234,0.00069254,0.00203307,0.00007113,0.00091879,0.00343905,-0.00028764,0.00026037,12:06:12..346,,,,
12:06:12..475,39.89804535,0.011345,-0.00016282,0.00069239,0.00203287,0.00007035,0.00091873,0.00343879,-0.00028787,0.00025972,12:06:12..474,,,,
12:06:12..508,39.89804535,0.011291,-0.00016277,0.00069252,0.00203243,0.00007134,0.00091887,0.00343796,-0.00028752,0.00026055,12:06:12..516,,,,
12:06:12..581,39.93424578,0.011306,-0.00016239,0.00069253,0.00203295,0.00007106,0.00091902,0.00343811,-0.00028748,0.00025997,12:06:12..621,,,,
12:06:12..628,39.98078919,0.011306,-0.00016204,0.0006923,0.00203279,0.00007104,0.0009191,0.00343876,-0.00028758,0.00026012,12:06:12..621,,,,
12:06:12..662,39.91873131,0.011302,-0.00016263,0.00069227,0.0020328,0.00007002,0.00091925,0.00343872,-0.00028707,0.00026012,12:06:12..664,,,,
12:06:12..774,39.94458876,0.011302,-0.00016213,0.00069252,0.0020325,0.00007116,0.00091914,0.00343891,-0.00028746,0.00026042,12:06:12..771,,,,
12:06:12..805,39.96527472,0.011345,-0.00016282,0.00069205,0.00203302,0.00007069,0.00091859,0.00343791,-0.00028808,0.0002603,12:06:12..815,,,,
12:06:12..858,40.00147515,0.011377,-0.00016282,0.00069246,0.00203227,0.00007111,0.00091853,0.00343807,-0.0002877,0.00025982,12:06:12..859,,,,
12:06:12..899,39.93941727,0.011349,-0.00016272,0.0006921,0.00203275,0.00007102,0.00091879,0.00343814,-0.00028734,0.00026057,12:06:12..859,,,,
12:06:12..931,39.88770237,0.011349,-0.00016262,0.00069259,0.00203292,0.00007015,0.00091882,0.00343778,-0.00028758,0.00025984,12:06:12..906,,,,
12:06:12..965,39.9239028,0.011186,-0.0001629,0.00069258,0.00203281,0.00007022,0.0009191,0.00343828,-0.00028789,0.00026016,12:06:13..011,,,,
12:06:13..072,39.9756177,0.011186,-0.00016253,0.00069232,0.0020323,0.00007139,0.0009189,0.00343791,-0.00028774,0.00026011,12:06:13..071,,,,
12:06:13..104,39.94458876,0.011186,-0.00016211,0.00069254,0.00203298,0.00007136,0.00091902,0.00343778,-0.00028751,0.00025998,12:06:13..071,,,,
12:06:13..139,39.84633045,0.011228,-0.00016263,0.00069197,0.00203283,0.00006965,0.00091862,0.00343662,-0.00028755,0.00026019,12:06:13..177,,,,
12:06:13..227,39.91355982,0.011228,-0.00016238,0.00069219,0.00203271,0.00007123,0.00091872,0.00343743,-0.00028753,0.00025995,12:06:13..177,,,,
12:06:13..262,40.01698962,0.011305,-0.00016255,0.00069234,0.00203296,0.00007035,0.00091893,0.00343781,-0.00028776,0.00026015,12:06:13..273,,,,
12:06:13..366,39.9239028,0.011305,-0.0001626,0.00069223,0.00203258,0.00007121,0.0009192,0.0034378,-0.00028764,0.00025989,12:06:13..365,,,,
12:06:13..398,39.92907429,0.011366,-0.00016185,0.00069181,0.00203253,0.00007121,0.00091907,0.00343766,-0.00028762,0.00026033,12:06:13..408,,,,
12:06:13..534,39.96527472,0.011366,-0.00016282,0.00069214,0.00203286,0.00006986,0.00091889,0.00343703,-0.00028736,0.00026022,12:06:13..531,,,,
12:06:13..565,39.89804535,0.011366,-0.00016265,0.00069222,0.00203271,0.00007113,0.00091875,0.00343771,-0.00028727,0.00026024,12:06:13..531,,,,
12:06:13..598,39.93941727,0.011488,-0.00016237,0.00069211,0.00203279,0.00007036,0.0009189,0.00343696,-0.00028733,0.00026077,12:06:13..645,,,,
12:06:13..688,39.94458876,0.011488,-0.00016265,0.00069226,0.00203254,0.00007124,0.00091895,0.00343637,-0.00028736,0.00026013,12:06:13..645,,,,
12:06:13..720,39.96527472,0.011541,-0.00016249,0.00069177,0.00203247,0.00007106,0.00091955,0.00343721,-0.00028759,0.00025974,12:06:13..724,,,,
12:06:13..837,39.91873131,0.011541,-0.00016285,0.00069186,0.00203273,0.00006973,0.00091922,0.00343673,-0.00028794,0.00026013,12:06:13..835,,,,
12:06:13..869,39.94976025,0.011555,-0.00016281,0.00069236,0.00203293,0.00007106,0.0009194,0.00343619,-0.00028793,0.00026003,12:06:13..878,,,,
12:06:13..983,39.88253088,0.011555,-0.00016221,0.0006923,0.00203277,0.00007108,0.00091899,0.00343688,-0.00028759,0.00025994,12:06:13..981,,,,
12:06:14..014,39.93941727,0.011627,-0.00016249,0.00069236,0.00203278,0.00007,0.00091915,0.00343794,-0.00028722,0.00026025,12:06:14..024,,,,
12:06:14..087,39.86184492,0.01168,-0.00016243,0.00069231,0.00203244,0.00007111,0.00091896,0.00343771,-0.00028768,0.00026046,12:06:14..144,,,,
12:06:14..159,39.95493174,0.01168,-0.00016252,0.00069209,0.00203294,0.00007014,0.00091904,0.00343802,-0.00028704,0.00026022,12:06:14..144,,,,
12:06:14..192,39.95493174,0.011797,-0.00016231,0.00069223,0.00203291,0.00007128,0.00091921,0.00343726,-0.00028741,0.00026019,12:06:14..232,,,,
12:06:14..326,39.93941727,0.011797,-0.000162,0.00069169,0.00203295,0.00007005,0.00091897,0.00343731,-0.00028754,0.00026012,12:06:14..325,,,,
12:06:14..358,39.9756177,0.011797,-0.00016293,0.00069204,0.00203337,0.00006988,0.00091829,0.0034367,-0.00028817,0.00026012,12:06:14..325,,,,
12:06:14..394,39.9239028,0.011951,-0.00016249,0.00069235,0.00203322,0.0000697,0.0009191,0.00343697,-0.00028801,0.00025998,12:06:14..436,,,,
12:06:14..478,39.90838833,0.011951,-0.00016239,0.00069238,0.00203314,0.00007155,0.00091955,0.00343744,-0.00028796,0.00026023,12:06:14..436,,,,
12:06:14..513,39.95493174,0.011969,-0.00016257,0.00069225,0.00203346,0.00007095,0.00091916,0.00343667,-0.00028759,0.00026051,12:06:14..522,,,,
12:06:14..588,40.04284707,0.012016,-0.00016268,0.00069238,0.00203346,0.0000707,0.00091875,0.00343645,-0.00028799,0.0002602,12:06:14..633,,,,
12:06:14..642,39.89287386,0.012016,-0.00016232,0.00069259,0.00203342,0.00007083,0.0009192,0.00343621,-0.00028778,0.00026021,12:06:14..633,,,,
12:06:14..676,39.86184492,0.012067,-0.00016281,0.00069214,0.00203324,0.00007005,0.0009195,0.00343667,-0.00028794,0.00025982,12:06:14..742,,,,
12:06:14..786,39.94976025,0.012093,-0.00016247,0.0006923,0.00203327,0.00007093,0.00091905,0.00343732,-0.00028774,0.00026026,12:06:14..785,,,,
12:06:14..818,39.96010323,0.012093,-0.0001616,0.00069264,0.00203341,0.00007056,0.00091933,0.00343671,-0.00028712,0.00026018,12:06:14..785,,,,
12:06:14..852,39.83081598,0.012091,-0.00016164,0.00069258,0.00203275,0.00007128,0.00091938,0.00343712,-0.00028713,0.00025978,12:06:14..934,,,,
12:06:14..984,39.86184492,0.012091,-0.00016204,0.0006922,0.00203306,0.00007008,0.00091902,0.00343715,-0.00028741,0.00026008,12:06:14..983,,,,
12:06:15..017,39.97044621,0.01211,-0.00016241,0.00069236,0.00203288,0.00006991,0.00091859,0.00343645,-0.0002872,0.00026022,12:06:15..017,,,,
12:06:15..091,39.87735939,0.012104,-0.00016212,0.00069259,0.00203239,0.00007107,0.00091896,0.0034365,-0.00028728,0.00025985,12:06:15..089,,,,
12:06:15..135,39.89804535,0.012104,-0.00016198,0.00069232,0.00203298,0.00007038,0.00091857,0.00343647,-0.0002873,0.00026023,12:06:15..089,,,,
12:06:15..167,39.98078919,0.012104,-0.00016185,0.00069274,0.00203279,0.00007138,0.00091963,0.00343699,-0.00028766,0.00026009,12:06:15..141,,,,
12:06:15..200,40.01698962,0.01213,-0.00016198,0.00069248,0.00203295,0.00007045,0.00091846,0.00343721,-0.0002877,0.00025934,12:06:15..235,,,,
12:06:15..288,39.99113217,0.01213,-0.00016196,0.00069234,0.00203236,0.00007024,0.00091915,0.00343603,-0.00028782,0.00026005,12:06:15..287,,,,
12:06:15..320,39.85667343,0.012034,-0.00016223,0.00069272,0.00203309,0.00006977,0.00091935,0.00343645,-0.00028742,0.00026004,12:06:15..332,,,,
12:06:15..456,39.99630366,0.012034,-0.00016184,0.00069304,0.00203289,0.00007075,0.00091862,0.00343606,-0.00028723,0.00026041,12:06:15..454,,,,
12:06:15..488,39.89804535,0.011924,-0.00016187,0.0006923,0.00203238,0.00007048,0.00091875,0.00343712,-0.00028732,0.00026017,12:06:15..496,,,,
12:06:15..601,39.91355982,0.011924,-0.00016194,0.00069247,0.0020325,0.00006988,0.00091865,0.00343733,-0.00028695,0.00025988,12:06:15..598,,,,
12:06:15..632,39.96527472,0.011791,-0.00016229,0.00069238,0.00203276,0.00006972,0.00091895,0.00343745,-0.00028755,0.00026021,12:06:15..643,,,,
12:06:15..748,39.95493174,0.011791,-0.00016148,0.00069277,0.00203302,0.00007117,0.00091884,0.00343775,-0.00028749,0.00026006,12:06:15..746,,,,
12:06:15..780,39.92907429,0.011758,-0.00016229,0.0006926,0.00203252,0.00006985,0.00091859,0.00343614,-0.00028763,0.00025997,12:06:15..790,,,,
12:06:15..814,39.94976025,0.011758,-0.00016254,0.00069224,0.00203215,0.00006962,0.00091874,0.00343619,-0.00028788,0.00025943,12:06:15..833,,,,
12:06:15..878,39.99113217,0.011739,-0.00016209,0.00069257,0.00203227,0.00007093,0.00091908,0.00343657,-0.00028808,0.00025944,12:06:15..926,,,,
12:06:15..936,39.8721879,0.011739,-0.00016206,0.00069241,0.00203231,0.0000693,0.00091877,0.00343604,-0.00028757,0.0002597,12:06:15..926,,,,
12:06:15..967,39.94458876,0.011671,-0.00016243,0.0006926,0.00203252,0.00006974,0.00091889,0.00343731,-0.00028779,0.00026012,12:06:15..970,,,,
12:06:16..002,39.9756177,0.011636,-0.00016249,0.00069238,0.00203299,0.00006938,0.00091849,0.00343727,-0.00028765,0.00025986,12:06:16..012,,,,
12:06:16..076,39.96527472,0.011636,-0.00016187,0.00069285,0.00203251,0.00007081,0.00091896,0.00343739,-0.00028817,0.00025973,12:06:16..119,,,,
12:06:16..127,39.91873131,0.011636,-0.00016239,0.00069272,0.00203285,0.00006958,0.00091873,0.00343715,-0.00028757,0.00025979,12:06:16..119,,,,
12:06:16..160,39.91873131,0.011669,-0.00016211,0.00069261,0.00203222,0.00007038,0.00091812,0.00343764,-0.00028785,0.00025989,12:06:16..163,,,,
12:06:16..237,39.98596068,0.0117,-0.00016275,0.00069174,0.00203252,0.00006984,0.00091859,0.0034373,-0.00028783,0.00025971,12:06:16..234,,,,
12:06:16..298,39.94976025,0.0117,-0.00016191,0.00069219,0.00203237,0.00007028,0.00091865,0.00343758,-0.0002877,0.00025995,12:06:16..297,,,,
12:06:16..332,39.89287386,0.011692,-0.00016224,0.00069259,0.00203246,0.00006966,0.00091879,0.00343738,-0.00028776,0.00025998,12:06:16..341,,,,
12:06:16..366,39.92907429,0.011692,-0.00016248,0.00069263,0.00203236,0.00006942,0.0009185,0.00343877,-0.00028756,0.00025948,12:06:16..425,,,,
12:06:16..445,39.94458876,0.011629,-0.00016178,0.0006925,0.00203268,0.00007049,0.0009188,0.00343885,-0.00028784,0.0002597,12:06:16..467,,,,
12:06:16..479,39.90838833,0.011629,-0.00016231,0.00069228,0.00203258,0.00006961,0.0009186,0.00343869,-0.00028781,0.00025936,12:06:16..467,,,,
12:06:16..512,39.87735939,0.011537,-0.00016172,0.00069258,0.00203213,0.0000706,0.00091859,0.00343897,-0.00028756,0.00025946,12:06:16..558,,,,
12:06:16..610,39.8721879,0.011537,-0.00016225,0.00069218,0.00203316,0.00006934,0.00091863,0.00343829,-0.00028795,0.00026009,12:06:16..635,,,,
12:06:16..669,39.99113217,0.011537,-0.00016192,0.00069254,0.00203249,0.0000711,0.00091834,0.00343848,-0.00028739,0.00026017,12:06:16..635,,,,
12:06:16..702,39.86184492,0.011482,-0.00016167,0.00069266,0.00203223,0.00007029,0.0009189,0.00343806,-0.00028758,0.00025978,12:06:16..677,,,,
12:06:16..735,39.91355982,0.011585,-0.00016178,0.00069249,0.00203239,0.00007018,0.00091849,0.00343655,-0.00028747,0.00026036,12:06:16..796,,,,
12:06:16..853,39.91873131,0.011585,-0.00016177,0.00069267,0.0020321,0.00006988,0.00091863,0.0034363,-0.00028779,0.00025988,12:06:16..852,,,,
12:06:16..885,40.01181813,0.011585,-0.00016195,0.00069245,0.00203253,0.00007056,0.00091841,0.00343885,-0.00028808,0.00025941,12:06:16..852,,,,
12:06:16..918,39.96010323,0.011654,-0.00016199,0.00069232,0.00203236,0.00006994,0.0009185,0.00343829,-0.0002878,0.00026039,12:06:16..941,,,,
12:06:16..993,39.86184492,0.011681,-0.00016183,0.00069279,0.00203293,0.00006976,0.00091808,0.00343806,-0.00028758,0.00025982,12:06:16..991,,,,
12:06:17..056,40.00147515,0.011681,-0.00016208,0.00069244,0.00203279,0.00007004,0.0009189,0.00343864,-0.00028724,0.00026017,12:06:17..055,,,,
12:06:17..090,39.94458876,0.011704,-0.00016228,0.00069274,0.00203276,0.00006977,0.00091819,0.00343802,-0.00028776,0.00025986,12:06:17..101,,,,
12:06:17..129,39.8721879,0.011743,-0.00016227,0.00069261,0.00203254,0.00007004,0.00091847,0.00343809,-0.00028821,0.00025992,12:06:17..173,,,,
12:06:17..187,39.96010323,0.011743,-0.00016297,0.00069205,0.00203257,0.00006916,0.00091847,0.00343833,-0.0002877,0.00025939,12:06:17..173,,,,
12:06:17..221,40.00664664,0.011832,-0.0001624,0.00069227,0.00203282,0.00007035,0.00091872,0.00343852,-0.00028772,0.0002599,12:06:17..257,,,,
12:06:17..294,39.74290065,0.011922,-0.00016287,0.00069234,0.00203292,0.0000698,0.0009184,0.00343832,-0.00028782,0.00025998,12:06:17..345,,,,
12:06:17..361,39.21540867,0.012025,-0.0001624,0.00069262,0.00203279,0.00007038,0.00091842,0.00343943,-0.00028763,0.00026001,12:06:17..388,,,,
12:06:17..416,36.76412241,0.012025,-0.00016233,0.00069237,0.00203293,0.00006917,0.0009189,0.00343881,-0.00028719,0.00026,12:06:17..388,,,,
12:06:17..450,40.93234335,0.011822,-0.00016368,0.00069233,0.00203415,0.00006892,0.00091709,0.00343759,-0.00028648,0.00026177,12:06:17..476,,,,
12:06:17..556,40.31176455,0.011822,-0.00016389,0.00069287,0.00203377,0.0000706,0.00091697,0.00343858,-0.00028661,0.00026167,12:06:17..555,,,,
12:06:17..588,37.90185021,0.011822,-0.00016407,0.00069309,0.00203443,0.00007018,0.00091525,0.00343775,-0.0002851,0.00026328,12:06:17..555,,,,
12:06:17..623,36.9244386,0.010403,-0.00016473,0.00069263,0.00203455,0.00006943,0.00091527,0.00343738,-0.00028501,0.00026294,12:06:17..692,,,,
12:06:17..743,36.75377943,0.010403,-0.00016464,0.00069287,0.0020343,0.0000707,0.0009155,0.00343739,-0.00028499,0.00026358,12:06:17..743,,,,
12:06:17..774,37.16232714,0.010021,-0.00016606,0.00069316,0.00203543,0.00006973,0.00091389,0.00343628,-0.00028434,0.00026443,12:06:17..786,,,,
12:06:17..808,36.88306668,0.009675,-0.00016576,0.00069339,0.00203576,0.00007001,0.00091383,0.00343589,-0.00028371,0.00026492,12:06:17..828,,,,
12:06:17..873,36.90892413,0.009675,-0.0001664,0.00069321,0.00203608,0.00006919,0.00091385,0.00343615,-0.00028404,0.00026476,12:06:17..926,,,,
12:06:17..937,36.16422957,0.009675,-0.00016566,0.00069317,0.00203583,0.00007075,0.00091356,0.00343673,-0.00028379,0.00026516,12:06:17..926,,,,
12:06:17..970,36.24180192,0.008983,-0.00016703,0.00069376,0.0020373,0.00006986,0.000912,0.00343567,-0.00028328,0.0002657,12:06:17..969,,,,
12:06:18..004,36.06597126,0.008327,-0.00016688,0.00069379,0.00203667,0.00007085,0.00091205,0.00343591,-0.00028265,0.00026613,12:06:18..014,,,,
12:06:18..070,35.84876868,0.008327,-0.00016718,0.00069342,0.00203749,0.00006953,0.00091186,0.0034355,-0.0002823,0.00026692,12:06:18..068,,,,
12:06:18..106,35.74533888,0.007785,-0.00016708,0.00069409,0.00203668,0.00007082,0.00091227,0.00343548,-0.00028243,0.00026688,12:06:18..110,,,,
12:06:18..173,35.30576223,0.007785,-0.00016741,0.00069376,0.00203733,0.0000694,0.00091166,0.00343495,-0.00028238,0.00026633,12:06:18..173,,,,
12:06:18..206,35.09890263,0.007518,-0.00016888,0.00069366,0.00203777,0.00006881,0.00091059,0.0034353,-0.00028241,0.00026759,12:06:18..207,,,,
12:06:18..239,35.02133028,0.007271,-0.00016863,0.00069383,0.00203785,0.00007041,0.00091042,0.00343587,-0.00028204,0.00026779,12:06:18..307,,,,
12:06:18..335,34.74724131,0.006839,-0.00016892,0.0006941,0.00203794,0.00006959,0.00091061,0.00343571,-0.00028125,0.00026809,12:06:18..342,,,,
12:06:18..370,34.56623916,0.006839,-0.00016889,0.00069395,0.00203778,0.00007057,0.00091105,0.00343632,-0.00028159,0.00026782,12:06:18..342,,,,
12:06:18..404,34.19389188,0.006622,-0.00016947,0.00069427,0.00203833,0.00007065,0.00090955,0.00343669,-0.00028115,0.00026918,12:06:18..384,,,,
12:06:18..438,34.07494761,0.006234,-0.00016941,0.00069422,0.00203872,0.00007052,0.00090963,0.00343645,-0.0002809,0.00026943,12:06:18..475,,,,
12:06:18..595,34.08529059,0.006234,-0.00017023,0.00069416,0.00203864,0.00006981,0.00090908,0.00343587,-0.00028125,0.00026937,12:06:18..592,,,,
12:06:18..626,33.52676967,0.005565,-0.00017126,0.00069456,0.00203966,0.00007025,0.00090797,0.00343637,-0.00028012,0.00027021,12:06:18..637,,,,
12:06:18..715,33.2009658,0.005565,-0.00017099,0.00069462,0.00203966,0.00007044,0.00090792,0.00343635,-0.00027899,0.00027078,12:06:18..763,,,,
12:06:18..773,33.07685004,0.005565,-0.00017087,0.00069455,0.00203978,0.00006987,0.00090812,0.00343645,-0.00027948,0.00027056,12:06:18..763,,,,
12:06:18..807,32.65278786,0.004837,-0.00017156,0.00069461,0.00204064,0.00007082,0.00090643,0.00343488,-0.00027875,0.00027188,12:06:18..840,,,,
12:06:18..959,32.60624445,0.004837,-0.00017242,0.00069483,0.00204102,0.00007005,0.00090726,0.00343517,-0.00027925,0.00027172,12:06:18..957,,,,
12:06:18..991,32.24941164,0.004482,-0.00017252,0.00069505,0.00204116,0.00007075,0.00090557,0.00343477,-0.00027833,0.00027288,12:06:18..999,,,,
12:06:19..084,31.97015118,0.004482,-0.00017304,0.00069496,0.00204146,0.00006964,0.00090591,0.00343517,-0.00027825,0.00027303,12:06:19..130,,,,
12:06:19..152,31.78397754,0.004303,-0.00017304,0.00069464,0.00204105,0.00007004,0.00090561,0.00343538,-0.00027896,0.00027276,12:06:19..174,,,,
12:06:19..186,31.41680175,0.004215,-0.00017249,0.00069498,0.00204158,0.00007106,0.00090531,0.003435,-0.00027788,0.0002733,12:06:19..174,,,,
12:06:19..219,31.33405791,0.004047,-0.00017313,0.00069515,0.00204139,0.00007014,0.00090524,0.00343673,-0.0002779,0.00027394,12:06:19..275,,,,
12:06:19..350,31.29785748,0.004047,-0.00017337,0.00069497,0.00204174,0.00006994,0.00090493,0.00343751,-0.00027722,0.00027394,12:06:19..350,,,,
12:06:19..383,31.01859702,0.00391,-0.00017413,0.0006956,0.00204214,0.00007043,0.00090447,0.00343542,-0.00027686,0.00027487,12:06:19..393,,,,
12:06:19..484,30.78070848,0.00391,-0.00017435,0.00069512,0.0020427,0.00007005,0.00090389,0.00343583,-0.00027734,0.00027509,12:06:19..524,,,,
12:06:19..538,30.48593355,0.00391,-0.00017408,0.00069509,0.00204231,0.00007013,0.00090388,0.00343551,-0.00027686,0.00027522,12:06:19..524,,,,
12:06:19..572,30.22735905,0.004036,-0.00017452,0.00069584,0.00204373,0.0000706,0.00090293,0.00343582,-0.00027631,0.00027609,12:06:19..614,,,,
12:06:19..717,30.09290031,0.004036,-0.0001757,0.00069567,0.00204397,0.00006945,0.00090254,0.00343499,-0.00027611,0.00027614,12:06:19..716,,,,
12:06:19..750,29.73089601,0.004036,-0.00017552,0.00069545,0.00204391,0.00007081,0.00090155,0.00343435,-0.00027555,0.00027674,12:06:19..716,,,,
12:06:19..783,29.6843526,0.004202,-0.00017585,0.00069543,0.00204411,0.00006986,0.00090144,0.00343397,-0.00027553,0.00027661,12:06:19..830,,,,
12:06:19..888,29.53437939,0.004202,-0.00017631,0.00069572,0.00204424,0.00007006,0.00090161,0.00343405,-0.0002752,0.0002771,12:06:19..830,,,,
12:06:19..922,29.33786277,0.004222,-0.00017652,0.00069563,0.00204394,0.00007067,0.00090075,0.00343377,-0.00027428,0.00027773,12:06:19..932,,,,
12:06:19..960,29.23443297,0.004198,-0.00017722,0.00069586,0.00204393,0.00006902,0.00090032,0.00343362,-0.00027396,0.0002778,12:06:19..966,,,,
12:06:20..049,29.05343082,0.004198,-0.00017665,0.00069582,0.00204412,0.00007065,0.00090012,0.00343486,-0.00027465,0.00027756,12:06:20..049,,,,
12:06:20..083,28.87760016,0.004198,-0.0001765,0.00069565,0.00204421,0.00007045,0.00090029,0.00343389,-0.00027432,0.00027802,12:06:20..049,,,,
12:06:20..117,28.80002781,0.004081,-0.00017714,0.00069606,0.00204542,0.00006927,0.00089902,0.00343489,-0.00027332,0.00027903,12:06:20..135,,,,
12:06:20..197,28.67591205,0.004011,-0.00017712,0.0006959,0.0020443,0.00007035,0.0008993,0.00343451,-0.00027377,0.00027842,12:06:20..195,,,,
12:06:20..253,28.443195,0.004011,-0.00017721,0.00069619,0.00204517,0.00006952,0.00089886,0.00343424,-0.00027391,0.00027856,12:06:20..251,,,,
12:06:20..285,28.31907924,0.003934,-0.00017786,0.00069603,0.00204531,0.00007056,0.00089862,0.0034357,-0.00027332,0.00027906,12:06:20..298,,,,
12:06:20..327,28.29322179,0.003854,-0.00017857,0.00069618,0.00204545,0.00006957,0.00089864,0.00343547,-0.00027307,0.00027932,12:06:20..391,,,,
12:06:20..406,28.1846205,0.003854,-0.00017797,0.00069635,0.00204511,0.00007041,0.0008985,0.0034359,-0.00027319,0.00027963,12:06:20..391,,,,
12:06:20..440,27.89501706,0.003822,-0.0001779,0.00069606,0.00204536,0.00007029,0.00089778,0.00343623,-0.00027248,0.00028017,12:06:20..478,,,,
12:06:20..562,27.93638898,0.003822,-0.00017845,0.00069613,0.00204566,0.00007008,0.00089798,0.00343596,-0.00027221,0.00028029,12:06:20..561,,,,
12:06:20..595,27.5640417,0.003822,-0.00017838,0.00069653,0.00204593,0.00007082,0.00089695,0.00343583,-0.00027193,0.0002809,12:06:20..561,,,,
12:06:20..629,27.57438468,0.003879,-0.00017903,0.00069607,0.00204651,0.00006936,0.00089689,0.00343543,-0.00027193,0.00028136,12:06:20..678,,,,
12:06:20..729,27.39855402,0.003879,-0.00017904,0.00069654,0.00204589,0.00007034,0.00089681,0.00343482,-0.00027203,0.00028104,12:06:20..728,,,,
12:06:20..761,27.21238038,0.003889,-0.00017944,0.00069653,0.0020467,0.00007022,0.00089628,0.00343619,-0.00027187,0.00028179,12:06:20..728,,,,
12:06:20..827,27.12446505,0.003889,-0.00017883,0.00069682,0.00204636,0.00007035,0.0008962,0.00343617,-0.00027176,0.00028179,12:06:20..866,,,,
12:06:20..900,26.95897737,0.003889,-0.00017964,0.00069607,0.00204664,0.00006969,0.00089604,0.0034357,-0.00027159,0.00028189,12:06:20..866,,,,
12:06:20..935,26.76763224,0.003761,-0.00018027,0.00069694,0.00204735,0.00006993,0.00089567,0.00343389,-0.00027123,0.00028221,12:06:20..945,,,,
12:06:21..046,26.69005989,0.003761,-0.00017994,0.00069632,0.00204705,0.00006997,0.00089586,0.00343347,-0.00027082,0.00028252,12:06:21..045,,,,
12:06:21..080,26.46768582,0.003711,-0.00017982,0.00069662,0.0020469,0.00007063,0.00089461,0.0034357,-0.00027084,0.00028264,12:06:21..090,,,,
12:06:21..147,26.35391304,0.003711,-0.00018007,0.00069642,0.00204722,0.00006906,0.00089478,0.00343429,-0.00027086,0.0002824,12:06:21..146,,,,
12:06:21..181,26.2194543,0.003727,-0.00018005,0.0006965,0.00204705,0.00007016,0.00089458,0.00343782,-0.00026977,0.00028333,12:06:21..188,,,,
12:06:21..281,26.17291089,0.003727,-0.00018078,0.00069649,0.00204769,0.00006893,0.00089406,0.00343699,-0.00027046,0.00028273,12:06:21..279,,,,
12:06:21..313,25.93502235,0.003642,-0.00018087,0.00069726,0.0020477,0.00006962,0.00089401,0.0034387,-0.00026959,0.00028373,12:06:21..322,,,,
12:06:21..394,25.88847894,0.003642,-0.00018071,0.00069657,0.00204763,0.00006998,0.00089372,0.00343839,-0.00026966,0.00028328,12:06:21..453,,,,
12:06:21..461,25.71781977,0.003642,-0.00018095,0.00069659,0.00204772,0.00006993,0.00089384,0.00343831,-0.00026953,0.00028387,12:06:21..453,,,,
12:06:21..495,25.57301805,0.003774,-0.00018169,0.00069661,0.00204819,0.00006984,0.00089269,0.0034384,-0.00026897,0.00028423,12:06:21..496,,,,
12:06:21..597,25.53164613,0.003774,-0.00018079,0.00069707,0.00204817,0.00007006,0.00089328,0.00343813,-0.00026859,0.00028419,12:06:21..595,,,,
12:06:21..628,25.30410057,0.004053,-0.00018164,0.00069678,0.00204802,0.00006941,0.00089228,0.00343751,-0.00026873,0.00028484,12:06:21..637,,,,
12:06:21..727,25.2885861,0.004053,-0.00018141,0.00069672,0.00204813,0.00007038,0.00089227,0.0034377,-0.00026877,0.0002846,12:06:21..725,,,,
12:06:21..760,25.09724097,0.004192,-0.00018155,0.00069645,0.00204827,0.00007023,0.00089211,0.00343719,-0.00026842,0.00028515,12:06:21..768,,,,
12:06:21..856,24.96795372,0.004192,-0.00018114,0.00069675,0.00204838,0.00006925,0.00089183,0.00343629,-0.00026839,0.00028513,12:06:21..903,,,,
12:06:21..938,24.84383796,0.004192,-0.00018157,0.00069684,0.00204859,0.00007038,0.00089186,0.00343585,-0.00026828,0.00028512,12:06:21..903,,,,
12:06:21..972,24.63697836,0.004221,-0.00018251,0.00069688,0.0020492,0.00006926,0.00089092,0.00343776,-0.00026779,0.00028588,12:06:21..981,,,,
12:06:22..065,24.64732134,0.004136,-0.00018223,0.00069693,0.00204863,0.00006998,0.00089076,0.00343803,-0.00026753,0.00028579,12:06:22..092,,,,
12:06:22..140,24.36288939,0.004136,-0.00018242,0.00069699,0.00204869,0.00006926,0.00089131,0.00343756,-0.00026787,0.00028577,12:06:22..139,,,,
12:06:22..174,24.306003,0.004008,-0.00018251,0.00069694,0.00204955,0.00006971,0.00089043,0.00343854,-0.00026716,0.00028666,12:06:22..139,,,,
12:06:22..255,24.13534383,0.004008,-0.00018235,0.00069683,0.00204923,0.00006933,0.00089028,0.00343819,-0.00026737,0.00028692,12:06:22..304,,,,
12:06:22..332,24.09397191,0.004008,-0.00018252,0.00069725,0.00204944,0.0000696,0.00089057,0.00343753,-0.00026728,0.00028627,12:06:22..304,,,,
12:06:22..365,23.93365572,0.003887,-0.00018328,0.00069763,0.0020496,0.00006952,0.00088953,0.00343896,-0.00026709,0.00028672,12:06:22..347,,,,
12:06:22..452,23.90262678,0.003887,-0.00018341,0.00069726,0.00204943,0.00006984,0.00088975,0.00343912,-0.00026716,0.00028732,12:06:22..509,,,,
12:06:22..542,23.65956675,0.003887,-0.00018286,0.00069719,0.00204965,0.00006967,0.00088971,0.00343936,-0.00026639,0.00028694,12:06:22..509,,,,
12:06:22..575,23.56130844,0.003614,-0.00018372,0.00069751,0.00205075,0.00006957,0.00088899,0.00343846,-0.00026588,0.00028767,12:06:22..594,,,,
12:06:22..667,23.49925056,0.003614,-0.00018347,0.00069729,0.00205027,0.00006966,0.00088889,0.00343862,-0.0002665,0.00028768,12:06:22..666,,,,
12:06:22..699,23.38030629,0.003614,-0.00018375,0.00069751,0.00205034,0.0000689,0.00088883,0.00343872,-0.00026581,0.00028811,12:06:22..666,,,,
12:06:22..733,23.25619053,0.003431,-0.00018357,0.00069772,0.00205073,0.00006985,0.00088872,0.00343989,-0.00026558,0.00028817,12:06:22..803,,,,
12:06:22..807,23.18896116,0.003304,-0.0001838,0.00069697,0.00205101,0.00006939,0.00088882,0.00343914,-0.00026549,0.00028814,12:06:22..848,,,,
12:06:22..866,23.11138881,0.003304,-0.00018355,0.00069703,0.00205095,0.00006975,0.00088847,0.00343997,-0.0002657,0.00028816,12:06:22..848,,,,
12:06:22..900,23.08553136,0.003258,-0.00018395,0.00069742,0.00205083,0.00007044,0.00088817,0.00343944,-0.00026568,0.00028835,12:06:22..889,,,,
12:06:22..933,23.0131305,0.003202,-0.00018415,0.00069752,0.00205095,0.00007041,0.00088826,0.00343908,-0.00026577,0.0002888,12:06:22..932,,,,
12:06:23..006,22.88384325,0.003202,-0.00018485,0.00069734,0.00205076,0.00006881,0.00088794,0.00343857,-0.0002658,0.00028781,12:06:23..005,,,,
12:06:23..040,22.81144239,0.003173,-0.00018451,0.00069746,0.00205111,0.00007018,0.00088798,0.00343938,-0.0002652,0.00028871,12:06:23..047,,,,
12:06:23..090,22.72352706,0.003183,-0.00018517,0.00069768,0.0020514,0.0000694,0.00088757,0.00343901,-0.00026518,0.00028905,12:06:23..145,,,,
12:06:23..171,22.67698365,0.003183,-0.00018519,0.0006973,0.00205097,0.00006928,0.00088747,0.00343883,-0.00026533,0.00028843,12:06:23..145,,,,
12:06:23..204,22.56321087,0.003384,-0.00018494,0.0006973,0.00205151,0.0000696,0.00088734,0.00343852,-0.000265,0.00028939,12:06:23..231,,,,
12:06:23..351,22.44943809,0.003384,-0.00018479,0.00069761,0.00205163,0.00006914,0.00088704,0.00343833,-0.00026481,0.00028973,12:06:23..348,,,,
12:06:23..382,22.25292147,0.003435,-0.00018548,0.00069712,0.00205163,0.0000703,0.00088656,0.00343879,-0.00026439,0.00028976,12:06:23..390,,,,
12:06:23..415,22.21672104,0.00345,-0.00018563,0.00069747,0.00205189,0.00006938,0.0008867,0.00343792,-0.0002647,0.00028964,12:06:23..434,,,,
12:06:23..463,22.17017763,0.003473,-0.00018509,0.00069772,0.00205167,0.00006948,0.00088678,0.00343762,-0.00026402,0.00029022,12:06:23..479,,,,
12:06:23..512,22.05640485,0.003473,-0.00018511,0.00069706,0.00205197,0.00006958,0.00088657,0.00343728,-0.00026414,0.00028996,12:06:23..479,,,,
12:06:23..545,22.02020442,0.003447,-0.00018575,0.00069727,0.00205237,0.00006908,0.00088664,0.00343913,-0.00026417,0.00028995,12:06:23..566,,,,
12:06:23..632,21.99951846,0.003447,-0.00018529,0.00069773,0.00205173,0.00007026,0.00088619,0.00343864,-0.00026406,0.00029004,12:06:23..632,,,,
12:06:23..663,21.81851631,0.003421,-0.00018609,0.00069724,0.00205247,0.00006909,0.00088611,0.00343725,-0.00026375,0.00029007,12:06:23..632,,,,
12:06:23..748,21.74094396,0.003421,-0.00018538,0.00069751,0.00205241,0.00007019,0.00088585,0.00343737,-0.00026395,0.00029035,12:06:23..793,,,,
12:06:23..801,21.67888608,0.003421,-0.00018583,0.00069773,0.00205301,0.00006935,0.00088662,0.00343752,-0.00026343,0.00029089,12:06:23..793,,,,
12:06:23..833,21.69957204,0.003247,-0.00018579,0.00069772,0.00205303,0.00006907,0.00088539,0.00343668,-0.00026347,0.000291,12:06:23..835,,,,
12:06:23..931,21.59097075,0.003247,-0.00018554,0.00069736,0.00205293,0.00007012,0.00088542,0.00343735,-0.00026334,0.00029081,12:06:23..932,,,,
12:06:23..964,21.38411115,0.003247,-0.00018596,0.00069759,0.00205271,0.00006983,0.00088567,0.00343642,-0.00026276,0.0002909,12:06:23..932,,,,
12:06:23..998,21.39962562,0.003109,-0.0001865,0.00069796,0.00205275,0.00006958,0.00088576,0.00343614,-0.00026298,0.00029159,12:06:24..029,,,,
12:06:24..080,21.37376817,0.003109,-0.00018635,0.00069794,0.0020531,0.0000695,0.00088561,0.00343611,-0.00026303,0.00029103,12:06:24..029,,,,
12:06:24..115,21.21345198,0.00307,-0.00018602,0.00069781,0.00205306,0.00007045,0.00088574,0.00343634,-0.00026266,0.00029201,12:06:24..081,,,,
12:06:24..189,21.11002218,0.00307,-0.00018672,0.00069722,0.00205362,0.00006893,0.0008848,0.00343539,-0.00026304,0.00029184,12:06:24..229,,,,
12:06:24..238,21.05313579,0.00307,-0.00018655,0.00069786,0.00205306,0.00007023,0.00088518,0.00343628,-0.0002628,0.00029215,12:06:24..229,,,,
12:06:24..270,21.05830728,0.003074,-0.00018672,0.0006978,0.0020534,0.00006898,0.00088515,0.00343621,-0.00026259,0.00029204,12:06:24..271,,,,
12:06:24..389,20.99107791,0.003074,-0.00018716,0.00069777,0.00205347,0.00006933,0.0008848,0.00343579,-0.00026293,0.00029165,12:06:24..387,,,,
12:06:24..421,20.76870384,0.003185,-0.00018745,0.00069755,0.00205333,0.0000689,0.00088482,0.00343577,-0.00026232,0.00029255,12:06:24..387,,,,
12:06:24..498,20.75836086,0.003185,-0.00018698,0.00069754,0.00205357,0.0000708,0.00088473,0.00343599,-0.00026198,0.00029238,12:06:24..556,,,,
12:06:24..601,20.66527404,0.00324,-0.0001876,0.00069755,0.00205348,0.00006886,0.00088459,0.00343518,-0.00026253,0.00029236,12:06:24..601,,,,
12:06:24..636,20.45324295,0.003243,-0.00018783,0.00069769,0.00205421,0.00006941,0.00088429,0.00343603,-0.0002618,0.00029346,12:06:24..601,,,,
12:06:24..725,20.47392891,0.003243,-0.00018716,0.00069741,0.0020534,0.00006992,0.00088466,0.00343615,-0.00026192,0.00029305,12:06:24..768,,,,
12:06:24..776,20.40669954,0.003243,-0.00018736,0.00069728,0.00205383,0.00006919,0.00088431,0.00343576,-0.00026204,0.00029305,12:06:24..768,,,,
12:06:24..809,20.28775527,0.003264,-0.00018707,0.00069794,0.00205403,0.00007003,0.00088445,0.00343776,-0.00026143,0.00029371,12:06:24..813,,,,
12:06:24..875,20.25672633,0.003264,-0.00018775,0.00069779,0.0020539,0.00006895,0.00088404,0.0034373,-0.00026138,0.00029376,12:06:24..907,,,,
12:06:24..915,20.17398249,0.003264,-0.0001876,0.00069745,0.00205404,0.00006995,0.00088429,0.0034373,-0.00026145,0.00029404,12:06:24..907,,,,
12:06:24..948,20.18949696,0.00322,-0.00018755,0.00069827,0.00205383,0.00006958,0.00088382,0.00343891,-0.00026124,0.00029441,12:06:24..951,,,,
12:06:25..010,20.13778206,0.003197,-0.0001876,0.00069781,0.00205396,0.00006892,0.00088375,0.00343894,-0.00026104,0.00029373,12:06:25..056,,,,
12:06:25..082,19.99815183,0.003197,-0.00018787,0.00069776,0.00205401,0.00006971,0.00088392,0.00343855,-0.00026126,0.00029369,12:06:25..056,,,,
12:06:25..115,19.97746587,0.003124,-0.00018808,0.00069788,0.00205373,0.00006997,0.00088337,0.00343928,-0.00026098,0.00029433,12:06:25..134,,,,
12:06:25..252,19.88437905,0.003124,-0.00018851,0.00069755,0.00205409,0.00006877,0.00088301,0.00343931,-0.0002611,0.00029433,12:06:25..250,,,,
12:06:25..285,19.72923435,0.003064,-0.00018846,0.00069784,0.00205425,0.00007024,0.00088303,0.00343878,-0.00026078,0.00029485,12:06:25..293,,,,
12:06:25..361,19.72923435,0.003028,-0.00018869,0.00069789,0.0020549,0.00006819,0.0008827,0.00343846,-0.0002608,0.00029443,12:06:25..405,,,,
12:06:25..425,19.58443263,0.003028,-0.0001879,0.00069812,0.00205446,0.00007016,0.00088328,0.00343907,-0.0002601,0.00029487,12:06:25..405,,,,
12:06:25..459,19.50686028,0.002902,-0.00018934,0.00069801,0.00205463,0.00006844,0.00088282,0.00343909,-0.00026027,0.00029505,12:06:25..490,,,,
12:06:25..600,19.4965173,0.002902,-0.00018842,0.00069787,0.00205452,0.00006969,0.0008828,0.00343996,-0.00026036,0.00029516,12:06:25..597,,,,
12:06:25..633,19.35171558,0.002849,-0.00018938,0.00069797,0.0020548,0.0000689,0.00088227,0.00343909,-0.00025951,0.00029533,12:06:25..643,,,,
12:06:25..748,19.34654409,0.002849,-0.00018908,0.00069797,0.00205463,0.00006909,0.00088224,0.00343951,-0.00026028,0.00029528,12:06:25..746,,,,
12:06:25..780,19.20691386,0.002846,-0.00018919,0.00069772,0.00205491,0.00006962,0.00088203,0.00343827,-0.00025981,0.00029554,12:06:25..789,,,,
12:06:25..913,19.21208535,0.002846,-0.00018944,0.000698,0.00205524,0.00006858,0.0008818,0.00343849,-0.0002599,0.0002961,12:06:25..911,,,,
12:06:25..945,19.03625469,0.00288,-0.00018917,0.00069785,0.00205504,0.00006977,0.00088146,0.00343859,-0.00025945,0.00029652,12:06:25..911,,,,
12:06:25..980,18.9793683,0.00288,-0.00018934,0.00069839,0.00205539,0.0000685,0.00088137,0.00343887,-0.00025882,0.00029628,12:06:25..998,,,,
12:06:26..044,19.01556873,0.002893,-0.00018917,0.00069797,0.00205545,0.00006904,0.00088122,0.0034388,-0.00025918,0.00029638,12:06:26..083,,,,
12:06:26..098,18.9793683,0.002893,-0.0001897,0.00069775,0.00205543,0.00006857,0.00088137,0.00343925,-0.00025961,0.00029628,12:06:26..083,,,,
12:06:26..132,18.9276534,0.002903,-0.00018971,0.00069808,0.00205577,0.00006933,0.00088098,0.0034381,-0.00025929,0.00029676,12:06:26..128,,,,
12:06:26..214,18.91731042,0.002932,-0.00019038,0.00069769,0.00205596,0.00006797,0.00088142,0.00343685,-0.00025882,0.00029654,12:06:26..170,,,,
12:06:26..245,18.83973807,0.00306,-0.00018981,0.00069792,0.00205579,0.00006918,0.0008811,0.00343651,-0.00025905,0.00029635,12:06:26..214,,,,
12:06:26..314,18.81388062,0.003145,-0.00019015,0.00069811,0.00205627,0.00006818,0.00088087,0.00343629,-0.00025939,0.00029703,12:06:26..312,,,,
12:06:26..374,18.69493635,0.003145,-0.00019009,0.00069799,0.00205611,0.00006971,0.00088055,0.00343591,-0.00025949,0.00029633,12:06:26..373,,,,
12:06:26..408,18.74147976,0.003249,-0.00019006,0.00069816,0.00205561,0.00006857,0.00088036,0.00343639,-0.00025928,0.00029692,12:06:26..416,,,,
12:06:26..460,18.66390741,0.003335,-0.00019032,0.00069795,0.00205632,0.00006823,0.00088001,0.00343581,-0.00025887,0.00029698,12:06:26..497,,,,
12:06:26..510,18.58116357,0.003335,-0.00019005,0.000698,0.00205594,0.00006911,0.00088051,0.00343589,-0.00025879,0.00029698,12:06:26..497,,,,
12:06:26..545,18.52427718,0.003435,-0.00019021,0.00069824,0.00205643,0.00006925,0.00088021,0.00343467,-0.00025868,0.00029716,12:06:26..541,,,,
12:06:26..579,18.5139342,0.00358,-0.00019053,0.00069821,0.00205583,0.00006886,0.00087996,0.00343512,-0.00025908,0.00029714,12:06:26..585,,,,
12:06:26..676,18.45187632,0.00358,-0.00019072,0.00069842,0.00205597,0.00006869,0.00088003,0.00343478,-0.00025876,0.0002973,12:06:26..673,,,,
12:06:26..708,18.35361801,0.003843,-0.00019043,0.00069791,0.0020558,0.00006891,0.00087972,0.00343448,-0.00025847,0.0002975,12:06:26..716,,,,
12:06:26..816,18.31741758,0.003843,-0.00019108,0.00069829,0.00205642,0.000068,0.00087989,0.00343489,-0.00025839,0.00029719,12:06:26..814,,,,
12:06:26..847,18.23984523,0.003843,-0.00019081,0.00069816,0.0020565,0.00006856,0.00087925,0.00343645,-0.00025801,0.00029793,12:06:26..814,,,,
12:06:26..882,18.17778735,0.003981,-0.00019101,0.00069804,0.00205683,0.00006819,0.00087957,0.00343703,-0.00025818,0.00029843,12:06:26..935,,,,
12:06:27..008,18.16227288,0.003981,-0.0001907,0.00069798,0.00205685,0.00006903,0.00087908,0.00343704,-0.0002584,0.00029762,12:06:27..009,,,,
12:06:27..041,18.0485001,0.003932,-0.00019103,0.00069797,0.0020571,0.00006833,0.00087916,0.00343545,-0.00025805,0.00029788,12:06:27..009,,,,
12:06:27..093,18.05884308,0.003932,-0.00019112,0.00069825,0.00205692,0.00006853,0.00087918,0.00343562,-0.00025827,0.00029844,12:06:27..125,,,,
12:06:27..164,17.98127073,0.003932,-0.00019118,0.00069772,0.00205654,0.00006798,0.0008792,0.00343483,-0.00025839,0.00029813,12:06:27..125,,,,
12:06:27..196,17.89852689,0.003891,-0.00019156,0.00069842,0.00205726,0.00006774,0.00087857,0.0034356,-0.00025806,0.00029833,12:06:27..210,,,,
12:06:27..287,17.8933554,0.003891,-0.00019139,0.00069823,0.00205679,0.0000685,0.00087912,0.00343562,-0.00025813,0.00029844,12:06:27..319,,,,
12:06:27..327,17.82612603,0.003891,-0.00019172,0.00069829,0.00205723,0.00006761,0.00087869,0.00343571,-0.0002573,0.00029787,12:06:27..319,,,,
12:06:27..361,17.72786772,0.003634,-0.00019135,0.00069833,0.00205705,0.00006885,0.00087869,0.00343652,-0.00025769,0.00029856,12:06:27..362,,,,
12:06:27..448,17.6864958,0.003634,-0.00019206,0.0006986,0.00205729,0.00006742,0.00087864,0.0034362,-0.00025776,0.00029888,12:06:27..494,,,,
12:06:27..502,17.6347809,0.003634,-0.00019149,0.00069806,0.00205731,0.00006884,0.0008789,0.0034363,-0.00025793,0.00029891,12:06:27..494,,,,
12:06:27..535,17.54169408,0.003504,-0.00019194,0.00069815,0.00205659,0.00006799,0.00087864,0.00343612,-0.0002576,0.00029888,12:06:27..539,,,,
12:06:27..587,17.50032216,0.003503,-0.00019208,0.00069797,0.00205722,0.00006782,0.00087802,0.00343611,-0.00025747,0.0002992,12:06:27..646,,,,
12:06:27..662,17.583066,0.003503,-0.00019165,0.0006983,0.00205726,0.0000682,0.00087835,0.00343657,-0.00025744,0.00029898,12:06:27..646,,,,
12:06:27..696,17.39172087,0.003477,-0.00019217,0.00069805,0.00205782,0.00006779,0.00087804,0.00343584,-0.00025743,0.00029912,12:06:27..735,,,,
12:06:27..818,17.45377875,0.003477,-0.00019164,0.00069838,0.00205774,0.00006859,0.00087826,0.00343612,-0.00025714,0.00029951,12:06:27..816,,,,
12:06:27..850,17.28829107,0.003477,-0.00019246,0.00069827,0.00205807,0.00006747,0.00087797,0.00343599,-0.00025692,0.00029944,12:06:27..816,,,,
12:06:27..886,17.26760511,0.00354,-0.00019197,0.00069832,0.00205857,0.00006832,0.00087801,0.0034358,-0.00025715,0.0002997,12:06:27..950,,,,
12:06:27..995,17.26243362,0.00354,-0.00019288,0.00069846,0.00205785,0.00006767,0.0008777,0.00343551,-0.00025688,0.00029982,12:06:27..994,,,,
12:06:28..028,17.15383233,0.003559,-0.00019291,0.00069861,0.0020582,0.00006771,0.00087786,0.00343664,-0.00025647,0.00030005,12:06:27..994,,,,
12:06:28..061,17.10211743,0.003513,-0.00019245,0.00069847,0.00205775,0.0000682,0.00087759,0.00343593,-0.00025725,0.00030006,12:06:28..116,,,,
12:06:28..182,17.04523104,0.003513,-0.00019285,0.00069864,0.0020582,0.00006771,0.00087757,0.00343542,-0.00025714,0.0002999,12:06:28..180,,,,
12:06:28..213,16.99868763,0.003509,-0.00019317,0.00069828,0.00205802,0.00006728,0.00087727,0.00343733,-0.00025689,0.00029957,12:06:28..224,,,,
12:06:28..293,16.98834465,0.003509,-0.00019268,0.00069845,0.00205835,0.00006789,0.00087703,0.0034373,-0.00025672,0.00029976,12:06:28..342,,,,
12:06:28..359,16.8073425,0.003509,-0.00019268,0.00069857,0.00205876,0.00006718,0.00087749,0.003437,-0.00025656,0.00029996,12:06:28..342,,,,
12:06:28..394,16.83837144,0.00333,-0.0001932,0.00069837,0.00205866,0.00006792,0.00087672,0.00343732,-0.00025628,0.00030057,12:06:28..428,,,,
12:06:28..534,16.81768548,0.00333,-0.00019334,0.00069865,0.0020586,0.00006809,0.00087714,0.00343711,-0.00025671,0.00030024,12:06:28..428,,,,
12:06:28..569,16.63668333,0.00333,-0.00019333,0.00069799,0.00205815,0.00006716,0.00087653,0.00343645,-0.0002564,0.00030032,12:06:28..535,,,,
12:06:28..603,16.61082588,0.003291,-0.00019324,0.00069804,0.00205894,0.00006773,0.00087684,0.00343693,-0.00025657,0.0003001,12:06:28..647,,,,
12:06:28..699,16.63668333,0.003291,-0.00019345,0.00069852,0.0020593,0.00006719,0.00087685,0.00343714,-0.00025677,0.00030041,12:06:28..714,,,,
12:06:28..731,16.51773906,0.003291,-0.00019361,0.00069864,0.00205884,0.00006696,0.00087686,0.00343771,-0.00025631,0.00030114,12:06:28..714,,,,
12:06:28..765,16.50222459,0.003309,-0.00019359,0.00069858,0.0020588,0.00006704,0.0008767,0.00343834,-0.00025603,0.00030055,12:06:28..759,,,,
12:06:28..827,16.49188161,0.003322,-0.00019382,0.00069815,0.00205874,0.00006738,0.00087655,0.0034376,-0.00025619,0.00030041,12:06:28..868,,,,
12:06:28..892,16.45050969,0.003383,-0.00019363,0.00069828,0.00205873,0.00006687,0.00087633,0.00343813,-0.00025632,0.00030118,12:06:28..930,,,,
12:06:28..970,16.38845181,0.003383,-0.00019355,0.00069866,0.00205915,0.00006744,0.0008771,0.00343756,-0.00025551,0.00030096,12:06:28..970,,,,
12:06:29..004,16.30570797,0.003383,-0.0001941,0.00069826,0.00205933,0.00006678,0.0008764,0.00343759,-0.00025582,0.00030123,12:06:28..970,,,,
12:06:29..038,16.26950754,0.003377,-0.00019433,0.00069822,0.00205954,0.0000665,0.00087665,0.00343879,-0.00025556,0.00030137,12:06:29..113,,,,
12:06:29..116,16.28502201,0.003327,-0.00019372,0.00069846,0.00205926,0.0000673,0.00087628,0.00343852,-0.00025561,0.0003012,12:06:29..155,,,,
12:06:29..174,16.22813562,0.003327,-0.00019409,0.00069875,0.00205918,0.00006655,0.00087615,0.00343822,-0.00025543,0.00030127,12:06:29..155,,,,
12:06:29..207,16.09367688,0.003149,-0.00019402,0.00069876,0.00205939,0.00006714,0.00087603,0.00344003,-0.0002554,0.00030117,12:06:29..248,,,,
12:06:29..273,16.14022029,0.003066,-0.00019411,0.0006985,0.0020593,0.00006657,0.0008763,0.00343937,-0.00025521,0.00030105,12:06:29..293,,,,
12:06:29..336,16.08850539,0.003066,-0.00019382,0.00069857,0.0020592,0.00006698,0.00087609,0.00343954,-0.00025548,0.0003015,12:06:29..337,,,,
12:06:29..369,16.06264794,0.00292,-0.00019448,0.00069868,0.00205978,0.00006638,0.00087616,0.0034384,-0.00025549,0.00030122,12:06:29..379,,,,
12:06:29..451,15.96956112,0.00292,-0.0001945,0.00069888,0.00205951,0.00006655,0.00087564,0.00343895,-0.00025532,0.00030205,12:06:29..496,,,,
12:06:29..510,15.94370367,0.00292,-0.00019455,0.00069766,0.00205972,0.00006613,0.00087594,0.00343947,-0.00025527,0.00030151,12:06:29..496,,,,
12:06:29..544,15.90233175,0.002682,-0.00019507,0.00069789,0.00205916,0.00006677,0.0008755,0.00344135,-0.00025525,0.00030234,12:06:29..583,,,,
12:06:29..658,15.83510238,0.002682,-0.00019467,0.00069899,0.00205915,0.00006688,0.00087566,0.00344167,-0.00025506,0.00030205,12:06:29..657,,,,
12:06:29..691,15.82993089,0.002682,-0.00019502,0.00069844,0.00205978,0.00006616,0.00087527,0.00344095,-0.00025501,0.00030262,12:06:29..657,,,,
12:06:29..724,15.77821599,0.002547,-0.00019468,0.00069851,0.00205943,0.00006668,0.00087553,0.00344063,-0.00025521,0.0003017,12:06:29..793,,,,
12:06:29..844,15.71098662,0.002547,-0.00019462,0.00069861,0.00205942,0.00006689,0.00087588,0.00344122,-0.00025445,0.00030251,12:06:29..854,,,,
12:06:29..875,15.65927172,0.002547,-0.0001952,0.00069813,0.00205955,0.00006635,0.00087511,0.00344073,-0.00025476,0.00030208,12:06:29..854,,,,
12:06:29..909,15.60755682,0.002279,-0.00019521,0.00069843,0.00205943,0.00006681,0.00087534,0.00344248,-0.00025511,0.00030248,12:06:29..964,,,,
12:06:30..014,15.66444321,0.002279,-0.00019517,0.00069846,0.00205956,0.00006636,0.00087556,0.00344206,-0.00025502,0.0003025,12:06:30..012,,,,
12:06:30..047,15.47309808,0.002176,-0.00019525,0.00069814,0.00205952,0.00006709,0.0008751,0.00344153,-0.00025455,0.0003025,12:06:30..012,,,,
12:06:30..132,15.4627551,0.002176,-0.00019529,0.00069781,0.00205989,0.00006612,0.00087525,0.00344054,-0.00025472,0.0003025,12:06:30..178,,,,
12:06:30..194,15.51447,0.002176,-0.000195,0.00069829,0.00205966,0.00006719,0.00087553,0.00344155,-0.00025464,0.0003025,12:06:30..178,,,,
12:06:30..228,15.33863934,0.002239,-0.00019557,0.00069821,0.00205967,0.00006608,0.00087507,0.00344136,-0.0002544,0.0003028,12:06:30..262,,,,
12:06:30..350,15.3076104,0.002239,-0.00019557,0.00069825,0.0020593,0.00006692,0.0008749,0.00344125,-0.00025446,0.00030267,12:06:30..349,,,,
12:06:30..384,15.38518275,0.002239,-0.00019581,0.00069868,0.00206012,0.0000666,0.00087455,0.00343974,-0.00025406,0.00030285,12:06:30..349,,,,
12:06:30..418,15.30243891,0.002508,-0.00019559,0.00069824,0.00205933,0.00006769,0.00087524,0.00344079,-0.00025412,0.00030327,12:06:30..485,,,,
12:06:30..536,15.17315166,0.002508,-0.00019589,0.00069855,0.00205972,0.0000665,0.00087488,0.0034403,-0.00025438,0.00030318,12:06:30..536,,,,
12:06:30..569,15.26623848,0.002624,-0.00019619,0.00069806,0.00205966,0.00006687,0.00087455,0.00343997,-0.00025435,0.00030252,12:06:30..570,,,,
12:06:30..697,15.29209593,0.002624,-0.00019586,0.00069849,0.00205965,0.00006653,0.00087471,0.00343954,-0.00025443,0.0003033,12:06:30..694,,,,
12:06:30..730,14.95594908,0.002697,-0.00019624,0.00069884,0.00205967,0.00006639,0.00087438,0.00344016,-0.00025388,0.00030368,12:06:30..738,,,,
12:06:30..848,15.05937888,0.002697,-0.00019571,0.00069852,0.00205975,0.00006744,0.00087482,0.00344125,-0.00025361,0.00030333,12:06:30..846,,,,
12:06:30..879,14.9456061,0.002697,-0.00019611,0.00069849,0.00206023,0.0000668,0.00087419,0.00344194,-0.00025321,0.0003035,12:06:30..846,,,,
12:06:30..912,14.76977544,0.00278,-0.00019644,0.00069826,0.00205943,0.00006755,0.00087415,0.00344174,-0.00025402,0.00030355,12:06:30..973,,,,
12:06:31..024,14.80597587,0.00278,-0.00019692,0.00069818,0.00205954,0.00006614,0.00087359,0.00344158,-0.00025378,0.00030375,12:06:31..034,,,,
12:06:31..066,14.94043461,0.00278,-0.0001963,0.00069896,0.00205996,0.0000674,0.00087427,0.0034419,-0.00025323,0.00030402,12:06:31..034,,,,
12:06:31..101,14.7904614,0.002842,-0.00019673,0.00069846,0.00206068,0.00006598,0.00087392,0.0034403,-0.00025338,0.00030366,12:06:31..121,,,,
12:06:31..222,14.69737458,0.002842,-0.00019645,0.0006986,0.00206021,0.00006716,0.00087397,0.0034404,-0.00025363,0.000304,12:06:31..220,,,,
12:06:31..254,14.82666183,0.002842,-0.00019682,0.00069845,0.00206053,0.00006683,0.0008735,0.0034411,-0.00025377,0.00030346,12:06:31..220,,,,
12:06:31..288,14.75943246,0.002917,-0.00019637,0.00069836,0.00205982,0.00006741,0.00087388,0.00344038,-0.00025361,0.00030356,12:06:31..349,,,,
12:06:31..415,14.67151713,0.002917,-0.00019673,0.00069842,0.00206034,0.00006618,0.0008739,0.00344002,-0.00025332,0.00030396,12:06:31..349,,,,
12:06:31..447,14.64565968,0.002909,-0.00019681,0.00069874,0.00206072,0.00006697,0.00087365,0.00344038,-0.00025331,0.00030373,12:06:31..452,,,,
12:06:31..562,14.65083117,0.002909,-0.0001971,0.00069879,0.00206048,0.00006685,0.00087351,0.00344053,-0.00025388,0.00030387,12:06:31..559,,,,
12:06:31..593,14.38191369,0.002909,-0.00019709,0.00069791,0.0020597,0.00006715,0.00087327,0.00344091,-0.00025365,0.00030404,12:06:31..559,,,,
12:06:31..627,14.40777114,0.002854,-0.00019751,0.00069804,0.00206056,0.00006683,0.00087327,0.00344014,-0.00025362,0.00030395,12:06:31..675,,,,
12:06:31..725,14.44397157,0.002854,-0.00019704,0.0006983,0.00206035,0.00006694,0.00087345,0.00343973,-0.00025355,0.00030447,12:06:31..723,,,,
12:06:31..757,14.43362859,0.002808,-0.00019714,0.00069798,0.00206,0.00006711,0.00087297,0.00343954,-0.00025381,0.00030395,12:06:31..767,,,,
12:06:31..887,14.29916985,0.002808,-0.00019721,0.00069815,0.00206033,0.0000663,0.00087328,0.00343921,-0.00025344,0.0003044,12:06:31..884,,,,
12:06:31..918,14.3767422,0.002808,-0.00019725,0.00069829,0.00206014,0.0000666,0.00087316,0.00343881,-0.00025355,0.00030431,12:06:31..884,,,,
12:06:31..952,14.29399836,0.002859,-0.00019743,0.0006985,0.00206024,0.00006743,0.00087266,0.00343804,-0.00025354,0.00030438,12:06:31..975,,,,
12:06:32..025,14.23194048,0.002859,-0.00019735,0.00069834,0.00206038,0.00006591,0.00087295,0.00343803,-0.00025356,0.00030437,12:06:31..975,,,,
12:06:32..058,14.05610982,0.002862,-0.00019783,0.00069844,0.00206031,0.00006647,0.00087309,0.00343787,-0.00025327,0.00030439,12:06:32..069,,,,
12:06:32..180,14.15953962,0.002862,-0.00019693,0.00069901,0.00206018,0.000068,0.00087297,0.0034388,-0.00025317,0.00030478,12:06:32..177,,,,
12:06:32..212,14.1181677,0.002817,-0.00019768,0.00069851,0.00206022,0.00006682,0.00087332,0.00343726,-0.00025287,0.00030542,12:06:32..177,,,,
12:06:32..292,13.97853747,0.002817,-0.00019773,0.00069838,0.00205982,0.00006712,0.0008725,0.00343703,-0.00025325,0.00030455,12:06:32..330,,,,
12:06:32..355,13.99405194,0.002817,-0.00019741,0.00069838,0.0020596,0.00006652,0.00087269,0.00343767,-0.00025317,0.00030499,12:06:32..330,,,,
12:06:32..388,14.07679578,0.002693,-0.00019784,0.00069835,0.00206048,0.00006729,0.0008726,0.00343743,-0.00025347,0.00030447,12:06:32..372,,,,
12:06:32..423,13.96819449,0.002577,-0.00019825,0.00069857,0.0020602,0.00006775,0.00087224,0.00343744,-0.00025325,0.00030483,12:06:32..490,,,,
12:06:32..545,13.84925022,0.002577,-0.00019812,0.00069853,0.00206026,0.00006643,0.00087259,0.00343683,-0.00025338,0.00030492,12:06:32..548,,,,
12:06:32..578,13.90613661,0.002577,-0.00019795,0.00069845,0.00206048,0.0000667,0.00087311,0.00343679,-0.00025318,0.00030463,12:06:32..548,,,,
12:06:32..611,13.95785151,0.00265,-0.00019843,0.0006987,0.00206126,0.00006666,0.00087204,0.00343726,-0.00025291,0.00030518,12:06:32..660,,,,
12:06:32..717,13.89579363,0.00265,-0.00019776,0.00069815,0.00206047,0.00006723,0.0008722,0.00343671,-0.0002531,0.00030502,12:06:32..727,,,,
12:06:32..748,13.78202085,0.00265,-0.00019857,0.00069856,0.00206051,0.00006682,0.00087257,0.00343654,-0.00025287,0.0003057,12:06:32..727,,,,
12:06:32..784,13.79236383,0.002663,-0.00019835,0.00069831,0.00206017,0.00006704,0.00087217,0.00343638,-0.00025339,0.00030496,12:06:32..771,,,,
12:06:32..817,13.74582042,0.002665,-0.00019809,0.0006986,0.00205975,0.00006748,0.00087211,0.00343621,-0.00025325,0.00030471,12:06:32..872,,,,
12:06:32..929,13.75099191,0.002665,-0.00019825,0.00069866,0.00206051,0.00006641,0.00087191,0.00343645,-0.00025305,0.00030484,12:06:32..929,,,,
12:06:32..966,13.63204764,0.002689,-0.00019886,0.00069858,0.00206061,0.00006647,0.00087222,0.00343732,-0.00025286,0.000305,12:06:32..973,,,,
12:06:33..064,13.66307658,0.002689,-0.00019858,0.00069865,0.00206008,0.00006683,0.00087189,0.00343771,-0.0002526,0.00030536,12:06:33..063,,,,
12:06:33..097,13.48207443,0.002689,-0.00019847,0.00069867,0.00205986,0.00006774,0.00087182,0.00343834,-0.00025241,0.00030561,12:06:33..063,,,,
12:06:33..132,13.49241741,0.002632,-0.00019878,0.00069851,0.00205956,0.00006761,0.00087184,0.00343706,-0.00025271,0.00030552,12:06:33..182,,,,
12:06:33..235,13.52861784,0.002632,-0.0001993,0.00069812,0.00205991,0.00006601,0.0008716,0.0034371,-0.0002526,0.00030519,12:06:33..244,,,,
12:06:33..287,13.52344635,0.002632,-0.0001985,0.00069839,0.00205966,0.00006755,0.00087152,0.00343754,-0.0002525,0.00030565,12:06:33..244,,,,
12:06:33..321,13.43035953,0.002636,-0.00019919,0.00069803,0.00206003,0.00006642,0.00087121,0.00343985,-0.00025257,0.00030529,12:06:33..288,,,,
12:06:33..356,13.40967357,0.002725,-0.00019901,0.00069854,0.00206021,0.00006691,0.00087122,0.00344066,-0.00025256,0.00030581,12:06:33..394,,,,
12:06:33..454,13.40967357,0.002725,-0.00019922,0.00069857,0.00206001,0.00006667,0.00087199,0.00343997,-0.00025225,0.00030548,12:06:33..394,,,,
12:06:33..485,13.30624377,0.002778,-0.00019894,0.00069881,0.00206019,0.00006729,0.00087128,0.00343953,-0.00025228,0.00030636,12:06:33..501,,,,
12:06:33..634,13.31658675,0.002778,-0.00019918,0.00069891,0.00206056,0.00006641,0.00087143,0.00343873,-0.00025204,0.00030567,12:06:33..501,,,,
12:06:33..667,13.32175824,0.002839,-0.00019953,0.0006988,0.00206034,0.00006706,0.0008712,0.00343812,-0.00025238,0.00030568,12:06:33..636,,,,
12:06:33..701,13.23384291,0.00287,-0.0001996,0.00069853,0.00206038,0.00006638,0.00087108,0.00343842,-0.00025231,0.00030587,12:06:33..767,,,,
12:06:33..821,13.15627056,0.00287,-0.00019947,0.00069844,0.0020602,0.00006727,0.00087148,0.00343881,-0.00025242,0.00030601,12:06:33..818,,,,
12:06:33..852,13.14075609,0.00287,-0.00019933,0.00069865,0.00206048,0.0000674,0.00087098,0.00343887,-0.00025232,0.00030579,12:06:33..818,,,,
12:06:33..887,13.10972715,0.002796,-0.00019999,0.00069848,0.00206014,0.00006651,0.00087091,0.00343897,-0.00025246,0.00030601,12:06:33..924,,,,
12:06:33..989,13.11489864,0.002796,-0.00019932,0.00069861,0.00206015,0.00006764,0.00087102,0.00343929,-0.00025208,0.00030632,12:06:33..986,,,,
12:06:34..022,13.02698331,0.002796,-0.00019938,0.0006985,0.0020603,0.00006722,0.00087106,0.00344,-0.00025221,0.00030633,12:06:33..986,,,,
12:06:34..056,13.10972715,0.002766,-0.00020004,0.00069837,0.00206059,0.0000677,0.00087092,0.00343892,-0.00025229,0.00030612,12:06:34..101,,,,
12:06:34..109,13.10455566,0.002761,-0.00020008,0.00069841,0.00206048,0.00006651,0.00087041,0.00343834,-0.00025243,0.00030617,12:06:34..155,,,,
12:06:34..164,12.92355351,0.002761,-0.00019919,0.00069844,0.00206022,0.000068,0.00087074,0.00343881,-0.00025222,0.0003061,12:06:34..155,,,,
12:06:34..198,12.90286755,0.002777,-0.00019974,0.00069828,0.00206039,0.00006672,0.00087051,0.00343962,-0.00025219,0.00030606,12:06:34..201,,,,
12:06:34..231,12.88218159,0.002854,-0.0002001,0.00069808,0.00206012,0.00006669,0.0008707,0.00343891,-0.00025217,0.00030592,12:06:34..244,,,,
12:06:34..303,12.91838202,0.002909,-0.00019981,0.00069873,0.00205965,0.00006709,0.00087053,0.00343913,-0.00025207,0.00030623,12:06:34..350,,,,
12:06:34..360,12.97526841,0.002909,-0.00020009,0.00069815,0.00206032,0.00006652,0.00087078,0.00343921,-0.00025202,0.00030631,12:06:34..350,,,,
12:06:34..395,12.75289434,0.003,-0.00019984,0.00069891,0.0020601,0.00006691,0.00087012,0.0034407,-0.00025228,0.00030644,12:06:34..428,,,,
12:06:34..479,12.73220838,0.003,-0.00019991,0.00069845,0.00206069,0.00006639,0.00087022,0.00344085,-0.00025188,0.00030635,12:06:34..476,,,,
12:06:34..526,12.83046669,0.003,-0.00020012,0.00069912,0.00206056,0.00006717,0.00087046,0.00344107,-0.00025174,0.00030628,12:06:34..524,,,,
12:06:34..559,12.80978073,0.003034,-0.00019987,0.0006985,0.00206006,0.00006775,0.00087035,0.00344018,-0.00025185,0.00030646,12:06:34..524,,,,
12:06:34..592,12.76840881,0.003019,-0.00020029,0.00069849,0.0020607,0.00006676,0.00087054,0.00344016,-0.00025241,0.00030616,12:06:34..568,,,,
12:06:34..683,12.6701505,0.00301,-0.00020025,0.00069851,0.00206055,0.00006713,0.00086994,0.00343999,-0.00025223,0.00030669,12:06:34..681,,,,
12:06:34..736,12.71669391,0.00301,-0.00020079,0.00069869,0.00206023,0.00006687,0.00087023,0.00344037,-0.00025173,0.00030648,12:06:34..734,,,,
12:06:34..768,12.71669391,0.00301,-0.00020064,0.00069819,0.00206014,0.0000671,0.00087028,0.00343958,-0.00025206,0.00030641,12:06:34..734,,,,
12:06:34..801,12.66497901,0.002981,-0.00020054,0.0006983,0.00206033,0.00006688,0.00086943,0.00343981,-0.00025166,0.00030623,12:06:34..777,,,,
12:06:34..851,12.62360709,0.002981,-0.00020072,0.00069864,0.0020597,0.00006658,0.00086971,0.00343961,-0.00025169,0.00030643,12:06:34..848,,,,
12:06:34..883,12.52017729,0.002921,-0.00020071,0.00069847,0.00206034,0.00006658,0.00086975,0.00343992,-0.00025131,0.00030615,12:06:34..889,,,,
12:06:34..939,12.54086325,0.002909,-0.00020096,0.00069789,0.00205997,0.00006665,0.00086972,0.00344034,-0.00025151,0.00030664,12:06:34..937,,,,
12:06:34..988,12.59257815,0.002909,-0.00020063,0.00069858,0.00206046,0.00006658,0.00086998,0.00344043,-0.00025141,0.00030643,12:06:34..986,,,,
12:06:35..021,12.57189219,0.00292,-0.0002005,0.00069829,0.00206039,0.00006732,0.00086939,0.00343887,-0.00025184,0.00030675,12:06:34..986,,,,
12:06:35..057,12.52534878,0.002925,-0.00020093,0.00069865,0.00206026,0.00006725,0.00086928,0.00343945,-0.00025129,0.00030679,12:06:35..073,,,,
12:06:35..102,12.44260494,0.002925,-0.00020128,0.0006983,0.00206054,0.00006601,0.00086912,0.00343914,-0.00025149,0.00030684,12:06:35..073,,,,
12:06:35..136,12.44260494,0.002925,-0.0002014,0.00069846,0.00206035,0.00006587,0.00086938,0.00343921,-0.00025153,0.00030672,12:06:35..182,,,,
12:06:35..250,12.45811941,0.002917,-0.00020092,0.00069818,0.00205967,0.00006732,0.00086969,0.00343981,-0.00025165,0.00030668,12:06:35..302,,,,
12:06:35..335,12.42709047,0.002917,-0.00020093,0.00069831,0.00206044,0.00006589,0.00086938,0.00343921,-0.00025177,0.00030614,12:06:35..302,,,,
