Time,Pressure,Flow Rate (ml/s),Force 1,Force 2,Force 3,Force 4,Force 5,Force 6,Force 7,Force 8,Flow Meter Time,,,, 
13:15:44..452,1.9651662,-0.008738,-0.00102484,0.00060279,0.00063484,0.00036339,0.00091587,0.00037239,-0.00021273,0.0003036,13:15:44..507,,,,
13:15:44..560,1.87725087,-0.008738,-0.00102397,0.00060257,0.00063577,0.00036317,0.00091643,0.0003724,-0.00021218,0.00030424,13:15:44..558,,,,
13:15:44..593,1.8617364,-0.008708,-0.00102481,0.00060285,0.00063455,0.00036352,0.00091622,0.00037255,-0.00021239,0.00030443,13:15:44..592,,,,
13:15:44..658,2.00653812,-0.00872,-0.00102447,0.00060269,0.00063514,0.00036347,0.00091651,0.00037272,-0.00021233,0.00030393,13:15:44..700,,,,
13:15:44..714,1.88759385,-0.00872,-0.00102451,0.00060276,0.00063521,0.00036278,0.00091632,0.00037242,-0.00021252,0.00030407,13:15:44..700,,,,
13:15:44..748,1.83070746,-0.008696,-0.00102452,0.00060278,0.00063475,0.00036331,0.00091571,0.00037262,-0.00021232,0.00030418,13:15:44..743,,,,
13:15:44..825,1.83070746,-0.008645,-0.00102435,0.00060244,0.00063539,0.00036385,0.00091643,0.00037228,-0.00021225,0.00030414,13:15:44..831,,,,
13:15:44..857,1.97550918,-0.008627,-0.00102468,0.00060346,0.00063458,0.00036357,0.00091577,0.00037261,-0.00021262,0.0003041,13:15:44..894,,,,
13:15:44..948,1.9134513,-0.008627,-0.00102396,0.00060289,0.00063562,0.00036334,0.00091636,0.00037229,-0.00021241,0.00030465,13:15:44..948,,,,
13:15:44..981,1.8100215,-0.008664,-0.00102424,0.00060284,0.00063531,0.0003636,0.00091618,0.00037235,-0.00021184,0.00030448,13:15:44..992,,,,
13:15:45..098,1.92379428,-0.008664,-0.00102454,0.00060243,0.00063467,0.00036276,0.00091635,0.00037224,-0.00021212,0.00030461,13:15:45..096,,,,
13:15:45..131,1.8100215,-0.008816,-0.00102435,0.00060332,0.00063529,0.00036327,0.00091623,0.00037203,-0.00021201,0.00030423,13:15:45..140,,,,
13:15:45..267,1.87207938,-0.008816,-0.00102444,0.00060287,0.00063505,0.00036347,0.00091623,0.00037216,-0.00021213,0.00030427,13:15:45..265,,,,
13:15:45..301,1.85656491,-0.009139,-0.00102394,0.0006032,0.00063512,0.0003631,0.00091579,0.00037251,-0.00021281,0.00030408,13:15:45..309,,,,
13:15:45..432,1.87725087,-0.009139,-0.00102449,0.00060293,0.00063491,0.0003633,0.00091589,0.00037244,-0.00021242,0.00030407,13:15:45..431,,,,
13:15:45..464,1.9134513,-0.009465,-0.00102456,0.00060287,0.00063497,0.00036318,0.00091605,0.00037239,-0.00021218,0.00030423,13:15:45..431,,,,
13:15:45..528,1.84622193,-0.009465,-0.00102444,0.0006028,0.00063494,0.00036361,0.00091635,0.00037243,-0.00021249,0.00030388,13:15:45..560,,,,
13:15:45..567,1.93413726,-0.009465,-0.00102435,0.00060261,0.00063504,0.00036304,0.00091598,0.00037209,-0.00021241,0.00030394,13:15:45..560,,,,
13:15:45..601,1.95999471,-0.009662,-0.00102503,0.00060267,0.00063461,0.00036264,0.00091589,0.00037231,-0.00021232,0.00030445,13:15:45..602,,,,
13:15:45..711,1.92896577,-0.009662,-0.00102472,0.00060273,0.00063536,0.00036309,0.00091653,0.00037203,-0.00021217,0.00030414,13:15:45..709,,,,
13:15:45..742,1.87725087,-0.009662,-0.00102469,0.00060241,0.0006349,0.0003634,0.00091615,0.00037231,-0.00021218,0.00030479,13:15:45..709,,,,
13:15:45..777,1.93413726,-0.009711,-0.00102413,0.00060239,0.00063518,0.00036341,0.00091611,0.00037216,-0.00021224,0.00030415,13:15:45..814,,,,
13:15:45..863,1.95999471,-0.009711,-0.0010248,0.00060242,0.00063471,0.00036334,0.00091549,0.00037213,-0.00021243,0.00030426,13:15:45..814,,,,
13:15:45..895,1.78933554,-0.009728,-0.00102472,0.00060299,0.00063491,0.00036308,0.00091564,0.00037242,-0.00021243,0.00030429,13:15:45..906,,,,
13:15:45..995,1.81519299,-0.009728,-0.00102453,0.00060313,0.00063532,0.00036324,0.00091582,0.00037244,-0.00021223,0.00030348,13:15:45..993,,,,
13:15:46..026,1.87207938,-0.009736,-0.00102477,0.00060288,0.00063473,0.00036318,0.00091568,0.00037235,-0.0002124,0.00030409,13:15:46..037,,,,
13:15:46..143,1.87207938,-0.009736,-0.00102441,0.00060272,0.00063555,0.00036365,0.00091604,0.00037231,-0.00021221,0.00030365,13:15:46..143,,,,
13:15:46..177,1.95482322,-0.009736,-0.00102435,0.00060271,0.00063445,0.00036276,0.00091567,0.00037229,-0.00021286,0.00030385,13:15:46..143,,,,
13:15:46..212,1.92379428,-0.009436,-0.00102444,0.00060284,0.00063458,0.00036333,0.00091578,0.00037237,-0.00021207,0.00030436,13:15:46..275,,,,
13:15:46..324,1.94448024,-0.009436,-0.0010242,0.00060274,0.00063514,0.00036345,0.00091613,0.00037246,-0.00021235,0.00030378,13:15:46..334,,,,
13:15:46..357,1.88242236,-0.009436,-0.00102436,0.00060281,0.00063474,0.00036269,0.00091659,0.00037225,-0.00021227,0.00030444,13:15:46..334,,,,
13:15:46..390,1.94448024,-0.00935,-0.00102468,0.00060279,0.00063465,0.00036354,0.0009161,0.00037262,-0.00021292,0.00030392,13:15:46..428,,,,
13:15:46..505,1.94448024,-0.00935,-0.0010247,0.00060278,0.00063505,0.00036331,0.00091643,0.0003721,-0.00021249,0.00030371,13:15:46..504,,,,
13:15:46..536,1.90310832,-0.009301,-0.00102495,0.00060288,0.00063486,0.00036327,0.00091604,0.00037234,-0.00021254,0.00030418,13:15:46..547,,,,
13:15:46..672,1.88242236,-0.009301,-0.00102431,0.00060262,0.00063512,0.00036333,0.00091671,0.00037222,-0.00021268,0.00030428,13:15:46..670,,,,
13:15:46..703,14.25262644,-0.008865,-0.00102443,0.00060311,0.00063513,0.00036325,0.00091594,0.00037237,-0.00021232,0.00030426,13:15:46..713,,,,
13:15:46..845,26.29185516,-0.008865,-0.00102464,0.00060265,0.00063504,0.00036353,0.00091636,0.00037231,-0.00021206,0.00030376,13:15:46..713,,,,
13:15:46..876,23.87676933,-0.000578,-0.00102408,0.00060323,0.00063481,0.00036332,0.00091678,0.00037233,-0.00021245,0.00030478,13:15:46..845,,,,
13:15:46..962,20.14812504,-0.000578,-0.00102419,0.00060375,0.00063456,0.00036347,0.00091593,0.00037253,-0.00021278,0.00030421,13:15:46..999,,,,
13:15:47..033,17.46929322,-0.000578,-0.00102408,0.00060379,0.00063554,0.00036355,0.00091664,0.00037294,-0.0002122,0.00030475,13:15:46..999,,,,
13:15:47..067,15.05937888,0.031289,-0.00102454,0.00060417,0.00063655,0.00036621,0.00091689,0.00037382,-0.00021281,0.00030627,13:15:47..041,,,,
13:15:47..158,14.5318869,0.031289,-0.00102396,0.00060459,0.00063698,0.00036612,0.00091811,0.00037371,-0.00021293,0.00030627,13:15:47..221,,,,
13:15:47..230,15.92301771,0.031289,-0.00102454,0.00060395,0.00063671,0.00036626,0.00091663,0.00037327,-0.00021307,0.00030664,13:15:47..221,,,,
13:15:47..264,15.23003805,0.078217,-0.00102376,0.00060389,0.00063795,0.00036977,0.00092046,0.00037502,-0.00021343,0.00030902,13:15:47..266,,,,
13:15:47..399,15.49895553,0.078217,-0.00102383,0.00060398,0.00063735,0.00037001,0.00091977,0.00037436,-0.00021323,0.00030863,13:15:47..399,,,,
13:15:47..431,15.02834994,0.115692,-0.00102194,0.00060418,0.00063761,0.00037333,0.0009225,0.00037562,-0.00021402,0.00031155,13:15:47..399,,,,
13:15:47..501,15.13695123,0.115692,-0.0010217,0.00060409,0.00063837,0.00037392,0.0009233,0.00037575,-0.00021398,0.00031164,13:15:47..544,,,,
13:15:47..551,14.93526312,0.115692,-0.00102216,0.00060406,0.00063762,0.00037337,0.00092227,0.00037615,-0.0002141,0.00031152,13:15:47..544,,,,
13:15:47..585,15.40586871,0.151529,-0.001021,0.00060332,0.00063911,0.00037847,0.00092574,0.00037767,-0.00021411,0.00031395,13:15:47..587,,,,
13:15:47..672,15.36966828,0.151529,-0.00102054,0.00060314,0.00063932,0.00037841,0.00092605,0.00037774,-0.00021406,0.00031372,13:15:47..720,,,,
13:15:47..738,15.39035424,0.151529,-0.00102082,0.00060283,0.0006391,0.00037887,0.0009254,0.00037771,-0.00021405,0.00031359,13:15:47..720,,,,
13:15:47..772,15.36449679,0.202691,-0.00101952,0.00060121,0.00063966,0.00038277,0.00093034,0.00038051,-0.00021447,0.00031827,13:15:47..810,,,,
13:15:47..878,15.5661849,0.202691,-0.00101942,0.00060126,0.00063926,0.00038323,0.0009306,0.0003806,-0.00021453,0.00031795,13:15:47..893,,,,
13:15:47..910,15.64892874,0.211329,-0.00101856,0.00060013,0.00063889,0.00038406,0.00093163,0.00038102,-0.00021435,0.00031843,13:15:47..893,,,,
13:15:47..972,15.88681728,0.219426,-0.00101822,0.00060006,0.00063963,0.00038359,0.00093295,0.00038105,-0.00021394,0.00031876,13:15:48..019,,,,
13:15:48..032,16.55393949,0.219426,-0.00101839,0.00060049,0.0006387,0.00038367,0.00093209,0.00038146,-0.00021439,0.00031919,13:15:48..019,,,,
13:15:48..066,16.71425568,0.247018,-0.00101656,0.00059772,0.0006406,0.00038999,0.00093858,0.00038424,-0.0002147,0.00032353,13:15:48..109,,,,
13:15:48..192,16.79182803,0.247018,-0.00101612,0.00059839,0.00064083,0.00039039,0.00093879,0.0003847,-0.000214,0.00032384,13:15:48..191,,,,
13:15:48..225,17.4279213,0.258227,-0.00101428,0.00059669,0.00064116,0.00039413,0.00094418,0.00038801,-0.00021363,0.00032715,13:15:48..236,,,,
13:15:48..302,17.60892345,0.258227,-0.00101441,0.00059704,0.00064113,0.00039492,0.00094402,0.00038765,-0.00021384,0.000327,13:15:48..346,,,,
13:15:48..354,18.16744437,0.258227,-0.00101398,0.00059657,0.00064057,0.00039462,0.00094435,0.00038768,-0.00021393,0.00032721,13:15:48..346,,,,
13:15:48..386,18.57599208,0.271982,-0.00101246,0.00059585,0.00064119,0.00039894,0.00094949,0.00039083,-0.00021397,0.00033001,13:15:48..346,,,,
13:15:48..459,18.76216572,0.282554,-0.0010118,0.00059471,0.00064146,0.0003987,0.00095045,0.00039035,-0.00021378,0.00032981,13:15:48..502,,,,
13:15:48..560,19.24311429,0.282554,-0.00101235,0.00059542,0.00064104,0.00039957,0.00095026,0.00039116,-0.00021377,0.00032995,13:15:48..561,,,,
13:15:48..595,20.20501143,0.282554,-0.00100943,0.00059352,0.00064201,0.00040428,0.00095767,0.00039437,-0.00021321,0.00033426,13:15:48..561,,,,
13:15:48..628,20.33429868,0.292272,-0.0010095,0.00059251,0.00064215,0.00040584,0.00095963,0.00039547,-0.0002136,0.00033409,13:15:48..703,,,,
13:15:48..768,20.7893898,0.292272,-0.00100875,0.00059345,0.00064272,0.00040619,0.00095937,0.00039545,-0.00021261,0.00033474,13:15:48..703,,,,
13:15:48..800,21.95814654,0.29556,-0.001007,0.00059133,0.00064425,0.00041144,0.00096662,0.00039914,-0.00021283,0.00033764,13:15:48..772,,,,
13:15:48..880,22.1856921,0.29556,-0.00100671,0.00059127,0.00064399,0.00041122,0.00096593,0.00039897,-0.00021256,0.00033774,13:15:48..926,,,,
13:15:48..934,22.48046703,0.29556,-0.00100712,0.00059151,0.00064389,0.00041118,0.00096636,0.00039886,-0.00021285,0.00033762,13:15:48..926,,,,
13:15:48..967,23.0131305,0.298774,-0.00100498,0.00059015,0.00064398,0.00041627,0.00097428,0.00040299,-0.00021267,0.00034055,13:15:48..969,,,,
13:15:49..040,23.28204798,0.298774,-0.00100504,0.00058985,0.00064469,0.00041584,0.00097514,0.00040193,-0.00021284,0.00034069,13:15:49..083,,,,
13:15:49..090,23.88711231,0.298774,-0.00100506,0.00058984,0.00064404,0.00041635,0.00097407,0.00040255,-0.00021279,0.00034075,13:15:49..083,,,,
13:15:49..123,24.33703194,0.300384,-0.00100338,0.00058832,0.0006448,0.00042055,0.00098078,0.00040559,-0.00021274,0.00034313,13:15:49..127,,,,
13:15:49..201,24.5128626,0.300384,-0.00100319,0.00058863,0.00064573,0.00042079,0.00098124,0.00040552,-0.00021226,0.00034306,13:15:49..260,,,,
13:15:49..296,25.43338782,0.300384,-0.00100318,0.00058842,0.0006456,0.00042083,0.0009804,0.00040558,-0.0002124,0.00034321,13:15:49..260,,,,
13:15:49..330,26.21428281,0.300807,-0.00100079,0.00058637,0.00064657,0.00042656,0.00098908,0.00040963,-0.00021216,0.00034552,13:15:49..346,,,,
13:15:49..435,26.25565473,0.300807,-0.00100032,0.00058679,0.00064701,0.00042695,0.00098996,0.00040993,-0.00021206,0.00034532,13:15:49..475,,,,
13:15:49..483,26.85554757,0.300807,-0.00100054,0.00058683,0.0006471,0.00042688,0.00098984,0.00040985,-0.0002122,0.00034528,13:15:49..475,,,,
13:15:49..517,27.47612637,0.299981,-0.000999,0.00058542,0.0006479,0.00043138,0.00099691,0.00041265,-0.00021232,0.0003481,13:15:49..518,,,,
13:15:49..582,27.70884342,0.299981,-0.0009988,0.0005858,0.00064848,0.00043202,0.00099817,0.00041287,-0.00021198,0.00034829,13:15:49..641,,,,
13:15:49..656,27.99844686,0.299981,-0.00099834,0.0005859,0.00064791,0.0004321,0.00099786,0.00041274,-0.00021228,0.00034826,13:15:49..641,,,,
13:15:49..690,28.57765374,0.298186,-0.00099743,0.00058506,0.00064923,0.00043502,0.00100416,0.00041515,-0.00021228,0.00034953,13:15:49..727,,,,
13:15:49..830,28.72762695,0.298186,-0.00099716,0.00058489,0.00064906,0.0004354,0.00100379,0.00041558,-0.00021205,0.00034968,13:15:49..828,,,,
13:15:49..862,29.44646406,0.298186,-0.00099578,0.00058397,0.00064943,0.00043854,0.00100993,0.00041807,-0.00021159,0.00035185,13:15:49..828,,,,
13:15:49..895,29.66366664,0.295316,-0.00099568,0.00058368,0.00064975,0.00043963,0.00101123,0.0004188,-0.00021196,0.0003526,13:15:49..960,,,,
13:15:50..018,29.59126578,0.295316,-0.00099478,0.00058384,0.00064997,0.00043924,0.00101146,0.00041855,-0.00021193,0.0003521,13:15:49..960,,,,
13:15:50..050,30.18598713,0.293921,-0.00099444,0.00058287,0.00065057,0.00044321,0.00101585,0.00042045,-0.00021165,0.00035314,13:15:50..018,,,,
13:15:50..127,30.0980718,0.293921,-0.00099442,0.00058257,0.00065046,0.0004425,0.00101647,0.0004204,-0.0002121,0.00035274,13:15:50..186,,,,
13:15:50..230,30.96171063,0.292422,-0.00099387,0.00058255,0.00065047,0.00044278,0.0010164,0.00042023,-0.00021191,0.00035298,13:15:50..229,,,,
13:15:50..264,31.42714473,0.290725,-0.00099247,0.00058127,0.00065122,0.00044587,0.00102187,0.00042219,-0.00021199,0.00035393,13:15:50..274,,,,
13:15:50..346,31.41163026,0.290725,-0.00099231,0.00058134,0.00065144,0.00044603,0.00102142,0.00042265,-0.00021191,0.00035422,13:15:50..396,,,,
13:15:50..403,31.95463671,0.290725,-0.00099238,0.00058144,0.00065152,0.00044627,0.00102181,0.00042285,-0.0002118,0.00035417,13:15:50..396,,,,
13:15:50..438,32.05289502,0.287371,-0.00099158,0.00058055,0.00065129,0.00044805,0.00102575,0.00042395,-0.00021164,0.00035419,13:15:50..440,,,,
13:15:50..555,31.93912224,0.287371,-0.00099162,0.00058072,0.00065179,0.00044807,0.00102582,0.00042362,-0.00021217,0.00035452,13:15:50..440,,,,
13:15:50..587,32.16149631,0.285038,-0.00099081,0.00058069,0.0006533,0.00045011,0.00102824,0.00042512,-0.00021241,0.00035276,13:15:50..600,,,,
13:15:50..690,32.59590147,0.285038,-0.00099161,0.00058031,0.00065259,0.00044891,0.00102737,0.00042519,-0.00021273,0.00035269,13:15:50..689,,,,
13:15:50..723,31.76329158,0.283444,-0.00099006,0.00058196,0.00065242,0.00044921,0.00102592,0.00042412,-0.00021172,0.00034577,13:15:50..731,,,,
13:15:50..811,32.81827554,0.283444,-0.00098947,0.00058245,0.00065274,0.00044876,0.00102604,0.00042384,-0.0002114,0.00034598,13:15:50..857,,,,
13:15:50..864,32.60624445,0.283444,-0.00099005,0.00058211,0.00065256,0.0004491,0.00102596,0.00042353,-0.00021194,0.00034577,13:15:50..857,,,,
13:15:50..898,33.93014589,0.280841,-0.00098832,0.00058119,0.00065235,0.00045115,0.00103379,0.00042682,-0.00021121,0.00034987,13:15:50..900,,,,
13:15:50..967,34.0801191,0.280841,-0.00098894,0.00058124,0.00065165,0.00045074,0.00103323,0.00042659,-0.00021162,0.00034926,13:15:51..004,,,,
13:15:51..012,33.48022626,0.280841,-0.0009888,0.00058105,0.00065251,0.00045177,0.00103388,0.0004265,-0.00021136,0.00034933,13:15:51..004,,,,
13:15:51..045,34.36972254,0.279047,-0.0009884,0.0005799,0.00065258,0.00045331,0.00103613,0.00042796,-0.00021107,0.00035061,13:15:51..049,,,,
13:15:51..125,34.68518343,0.277882,-0.00098753,0.00058006,0.00065307,0.00045369,0.00103674,0.00042806,-0.00021096,0.00035062,13:15:51..158,,,,
13:15:51..202,34.56623916,0.277882,-0.00098808,0.00058006,0.00065276,0.00045363,0.00103633,0.00042804,-0.00021139,0.00035078,13:15:51..202,,,,
13:15:51..235,34.94375793,0.276526,-0.00098649,0.00057951,0.00065354,0.00045587,0.00104074,0.00042981,-0.00021088,0.00035266,13:15:51..245,,,,
13:15:51..310,34.79378472,0.276526,-0.00098683,0.00057969,0.00065353,0.00045572,0.00104099,0.00043009,-0.00021081,0.00035264,13:15:51..344,,,,
13:15:51..351,35.25404733,0.276526,-0.00098702,0.00057956,0.00065353,0.00045563,0.0010407,0.00042987,-0.00021121,0.00035236,13:15:51..344,,,,
13:15:51..386,35.20750392,0.274491,-0.00098643,0.00057915,0.00065359,0.00045657,0.00104237,0.00043022,-0.00021095,0.00035236,13:15:51..388,,,,
13:15:51..508,35.17647498,0.274491,-0.00098598,0.00057908,0.00065393,0.0004562,0.00104317,0.00042953,-0.00021155,0.00035279,13:15:51..506,,,,
13:15:51..541,35.45573544,0.272706,-0.00098572,0.00057831,0.00065352,0.00045593,0.00104394,0.00043075,-0.00021141,0.00035286,13:15:51..506,,,,
13:15:51..605,35.49193587,0.272706,-0.00098562,0.00057894,0.00065444,0.00045604,0.00104454,0.00043119,-0.00021111,0.00035313,13:15:51..646,,,,
13:15:51..661,35.56950822,0.272706,-0.00098554,0.00057864,0.00065366,0.00045592,0.00104423,0.00043106,-0.00021103,0.00035317,13:15:51..646,,,,
13:15:51..695,35.42987799,0.271199,-0.00098564,0.00057847,0.00065408,0.0004571,0.00104496,0.00043129,-0.00021131,0.000353,13:15:51..734,,,,
13:15:51..818,35.62639461,0.271199,-0.00098529,0.00057864,0.00065472,0.00045718,0.00104514,0.00043128,-0.00021113,0.00035343,13:15:51..816,,,,
13:15:51..850,35.74016739,0.269731,-0.00098483,0.00057861,0.00065422,0.00045622,0.0010459,0.00043154,-0.00021085,0.00035348,13:15:51..816,,,,
13:15:51..912,35.61605163,0.269731,-0.00098497,0.00057859,0.00065414,0.00045657,0.0010458,0.00043181,-0.00021095,0.00035336,13:15:51..955,,,,
13:15:51..963,35.58502269,0.269731,-0.00098462,0.00057831,0.00065468,0.00045613,0.00104685,0.00043171,-0.00021065,0.00035341,13:15:51..955,,,,
13:15:51..996,35.74016739,0.268449,-0.00098453,0.00057783,0.00065439,0.00045658,0.00104618,0.00043155,-0.00021125,0.00035343,13:15:51..998,,,,
13:15:52..055,35.81256825,0.267748,-0.00098477,0.00057832,0.00065426,0.00045726,0.00104624,0.00043174,-0.00021147,0.00035356,13:15:52..100,,,,
13:15:52..156,35.79705378,0.267748,-0.0009841,0.00057871,0.00065455,0.00045747,0.001047,0.00043163,-0.00021053,0.00035306,13:15:52..156,,,,
13:15:52..189,35.99874189,0.267089,-0.00098457,0.00057803,0.00065435,0.00045789,0.00104772,0.00043232,-0.00021109,0.0003535,13:15:52..156,,,,
13:15:52..267,35.80222527,0.266456,-0.00098431,0.00057817,0.00065466,0.00045786,0.00104771,0.00043266,-0.00021075,0.00035429,13:15:52..302,,,,
13:15:52..346,36.01942785,0.266456,-0.00098479,0.00057834,0.00065451,0.00045749,0.00104743,0.00043241,-0.00021116,0.00035329,13:15:52..346,,,,
13:15:52..379,35.87462613,0.266456,-0.00098442,0.00057874,0.00065408,0.00045712,0.00104768,0.00043214,-0.00021102,0.00035367,13:15:52..346,,,,
13:15:52..413,35.95219848,0.265396,-0.00098431,0.00057862,0.00065431,0.00045728,0.0010476,0.00043282,-0.0002113,0.00035372,13:15:52..485,,,,
13:15:52..539,35.84359719,0.265396,-0.00098398,0.00057854,0.00065462,0.00045767,0.0010481,0.00043263,-0.00021096,0.00035316,13:15:52..485,,,,
13:15:52..571,36.07114275,0.264924,-0.00098393,0.00057907,0.00065554,0.00045851,0.00104846,0.00043266,-0.00021085,0.00035368,13:15:52..587,,,,
13:15:52..708,35.85394017,0.264924,-0.00098373,0.00057886,0.00065592,0.00045879,0.00104922,0.00043269,-0.00021111,0.00035397,13:15:52..706,,,,
13:15:52..740,36.02977083,0.264924,-0.00098376,0.00057792,0.00065446,0.00045748,0.00104877,0.00043298,-0.00021094,0.00035382,13:15:52..706,,,,
13:15:52..773,35.90565507,0.263818,-0.00098374,0.00057847,0.00065458,0.0004584,0.00104887,0.00043288,-0.00021048,0.00035346,13:15:52..836,,,,
13:15:52..886,36.21594447,0.263818,-0.00098333,0.00057859,0.00065483,0.00045752,0.00104943,0.00043277,-0.00021074,0.00035357,13:15:52..884,,,,
13:15:52..917,36.16422957,0.263618,-0.00098365,0.00057813,0.00065439,0.00045823,0.00105023,0.00043334,-0.00021126,0.00035366,13:15:52..917,,,,
13:15:52..952,35.95736997,0.263468,-0.00098347,0.00057847,0.00065495,0.00045824,0.00105014,0.00043331,-0.00021105,0.00035363,13:15:52..960,,,,
13:15:53..037,36.15388659,0.263468,-0.00098363,0.00057807,0.00065461,0.00045918,0.00105064,0.0004333,-0.00021094,0.00035393,13:15:53..037,,,,
13:15:53..070,36.04011381,0.263239,-0.00098356,0.00057835,0.00065416,0.00045766,0.00104895,0.00043321,-0.00021097,0.00035394,13:15:53..082,,,,
13:15:53..190,36.11251467,0.263239,-0.00098333,0.00057812,0.00065472,0.00045744,0.0010501,0.00043322,-0.00021056,0.00035433,13:15:53..188,,,,
13:15:53..222,36.16940106,0.263239,-0.0009835,0.00057806,0.00065434,0.00045766,0.0010497,0.00043348,-0.00021104,0.0003541,13:15:53..188,,,,
13:15:53..257,36.15905808,0.262949,-0.00098282,0.0005786,0.00065521,0.00045938,0.00105183,0.00043383,-0.00021111,0.00035402,13:15:53..312,,,,
13:15:53..362,36.22111596,0.262949,-0.00098292,0.00057847,0.00065467,0.00045887,0.00105131,0.00043339,-0.00021081,0.00035414,13:15:53..362,,,,
13:15:53..394,36.44349003,0.262815,-0.00098293,0.00057806,0.0006551,0.0004585,0.00105162,0.00043331,-0.00021074,0.00035388,13:15:53..408,,,,
13:15:53..452,36.21594447,0.262569,-0.00098337,0.00057839,0.00065505,0.00045862,0.00105078,0.00043421,-0.00021036,0.00035435,13:15:53..452,,,,
13:15:53..496,36.31420278,0.262479,-0.00098303,0.00057814,0.00065502,0.00045852,0.00105149,0.00043375,-0.00021099,0.00035389,13:15:53..517,,,,
13:15:53..563,36.31937427,0.262479,-0.00098249,0.00057838,0.00065477,0.00045881,0.00105051,0.00043335,-0.00021122,0.00035436,13:15:53..517,,,,
13:15:53..598,36.56760579,0.262293,-0.00098232,0.0005778,0.0006549,0.00045833,0.00105135,0.00043329,-0.00021111,0.00035377,13:15:53..609,,,,
13:15:53..737,36.42280407,0.262293,-0.00098277,0.00057778,0.00065435,0.00045835,0.00105106,0.00043368,-0.00021124,0.00035437,13:15:53..735,,,,
13:15:53..769,36.30903129,0.262057,-0.00098273,0.00057781,0.00065501,0.00045892,0.00105098,0.00043362,-0.00021059,0.00035444,13:15:53..777,,,,
13:15:53..898,36.26248788,0.262057,-0.000983,0.00057759,0.00065448,0.00045854,0.00105058,0.00043313,-0.00021034,0.0003544,13:15:53..895,,,,
13:15:53..930,36.22111596,0.26187,-0.00098219,0.00057805,0.00065486,0.00045883,0.00105114,0.00043411,-0.00021052,0.00035433,13:15:53..937,,,,
13:15:54..054,36.12285765,0.26187,-0.00098263,0.00057821,0.00065461,0.0004582,0.00105103,0.0004339,-0.00021047,0.00035471,13:15:54..052,,,,
13:15:54..087,36.19525851,0.26187,-0.00098219,0.00057827,0.00065507,0.00045872,0.0010517,0.00043385,-0.0002111,0.00035458,13:15:54..052,,,,
13:15:54..121,36.22111596,0.261788,-0.00098303,0.00057779,0.00065488,0.00045864,0.0010515,0.00043374,-0.00021059,0.0003538,13:15:54..206,,,,
13:15:54..256,36.59863473,0.261788,-0.00098247,0.00057835,0.00065572,0.00045835,0.00105159,0.00043414,-0.00021061,0.00035412,13:15:54..255,,,,
13:15:54..288,36.3555747,0.261788,-0.00098235,0.00057841,0.0006554,0.00045844,0.00105179,0.00043369,-0.00021034,0.00035376,13:15:54..255,,,,
13:15:54..322,36.21594447,0.261933,-0.00098255,0.00057856,0.00065548,0.00045766,0.00105175,0.00043457,-0.00021062,0.00035401,13:15:54..381,,,,
13:15:54..431,36.23145894,0.261933,-0.00098255,0.00057828,0.00065521,0.00045757,0.00105106,0.00043401,-0.00021066,0.00035398,13:15:54..441,,,,
13:15:54..463,36.21594447,0.261933,-0.00098244,0.00057837,0.00065511,0.00045808,0.00105172,0.00043382,-0.0002106,0.00035453,13:15:54..441,,,,
13:15:54..496,36.11768616,0.261958,-0.00098154,0.00057881,0.00065523,0.00045848,0.00105126,0.00043439,-0.00021076,0.00035392,13:15:54..531,,,,
13:15:54..626,36.28317384,0.261958,-0.00098185,0.00057868,0.00065599,0.0004585,0.00105146,0.00043425,-0.00021075,0.00035349,13:15:54..625,,,,
13:15:54..657,36.17457255,0.262261,-0.0009823,0.00057833,0.00065562,0.0004586,0.00105143,0.00043414,-0.00021093,0.0003541,13:15:54..668,,,,
13:15:54..784,36.25731639,0.262261,-0.00098199,0.00057821,0.00065529,0.00045874,0.0010515,0.00043389,-0.00021077,0.00035398,13:15:54..781,,,,
13:15:54..815,36.29351682,0.262714,-0.00098202,0.00057868,0.00065623,0.00045833,0.00105215,0.00043415,-0.0002103,0.00035416,13:15:54..825,,,,
13:15:54..919,36.27283086,0.262714,-0.00098232,0.00057891,0.00065496,0.00045787,0.00105131,0.00043436,-0.00021031,0.0003539,13:15:54..917,,,,
13:15:54..952,36.11251467,0.262744,-0.00098249,0.00057827,0.00065529,0.00045866,0.00105165,0.000434,-0.00021047,0.00035362,13:15:54..961,,,,
13:15:55..066,36.22628745,0.262744,-0.00098234,0.00057823,0.00065468,0.00045795,0.00105107,0.00043368,-0.00021067,0.0003535,13:15:55..066,,,,
13:15:55..098,36.23663043,0.262744,-0.00098179,0.00057865,0.00065609,0.00045858,0.00105173,0.0004345,-0.00021002,0.00035402,13:15:55..066,,,,
13:15:55..131,36.34523172,0.262486,-0.0009818,0.00057858,0.00065577,0.00045853,0.00105187,0.00043355,-0.00021035,0.00035392,13:15:55..181,,,,
13:15:55..232,36.32971725,0.262486,-0.00098203,0.00057805,0.0006551,0.00045833,0.00105101,0.0004341,-0.00021041,0.00035431,13:15:55..232,,,,
13:15:55..264,36.34006023,0.26229,-0.00098219,0.00057888,0.00065598,0.0004587,0.0010521,0.00043447,-0.00021066,0.00035425,13:15:55..275,,,,
13:15:55..355,36.24180192,0.26229,-0.00098114,0.00057878,0.00065534,0.00045911,0.00105187,0.00043428,-0.00021052,0.00035393,13:15:55..353,,,,
13:15:55..387,36.16422957,0.261994,-0.0009821,0.00057853,0.00065592,0.00045867,0.00105256,0.00043372,-0.00021047,0.00035365,13:15:55..398,,,,
13:15:55..493,36.13320063,0.261994,-0.00098214,0.0005791,0.00065521,0.00045832,0.00105175,0.0004336,-0.0002106,0.00035389,13:15:55..491,,,,
13:15:55..525,36.06597126,0.261428,-0.0009815,0.00057921,0.00065613,0.00045874,0.00105236,0.00043424,-0.00021074,0.00035371,13:15:55..535,,,,
13:15:55..663,36.13320063,0.261428,-0.00098211,0.00057871,0.00065552,0.00045844,0.00105187,0.0004341,-0.00021033,0.00035342,13:15:55..661,,,,
13:15:55..695,36.18491553,0.261073,-0.00098238,0.00057879,0.00065498,0.00045819,0.00105131,0.00043428,-0.00021077,0.00035395,13:15:55..704,,,,
13:15:55..826,36.40211811,0.261073,-0.0009819,0.00057867,0.00065621,0.00045844,0.00105182,0.00043395,-0.0002104,0.00035359,13:15:55..824,,,,
13:15:55..857,36.23663043,0.260699,-0.00098216,0.00057864,0.00065542,0.00045815,0.00105158,0.00043398,-0.00021057,0.00035352,13:15:55..869,,,,
13:15:55..967,36.24180192,0.260699,-0.0009814,0.00057856,0.00065585,0.00045839,0.00105214,0.00043425,-0.00021053,0.00035351,13:15:55..966,,,,
13:15:56..001,36.3555747,0.260508,-0.00098149,0.00057869,0.0006552,0.00045818,0.00105142,0.00043331,-0.00021016,0.00035374,13:15:56..011,,,,
13:15:56..098,36.15388659,0.260508,-0.00098195,0.00057838,0.00065497,0.00045863,0.00105088,0.00043292,-0.00021061,0.00035392,13:15:56..097,,,,
13:15:56..131,36.05562828,0.260457,-0.00098157,0.00057868,0.0006561,0.00045789,0.00105153,0.00043338,-0.00021066,0.00035303,13:15:56..139,,,,
13:15:56..240,36.23145894,0.260457,-0.00098191,0.00057872,0.00065543,0.00045813,0.00105083,0.00043359,-0.0002106,0.00035348,13:15:56..238,,,,
13:15:56..272,36.17457255,0.26036,-0.00098158,0.000579,0.00065609,0.00045802,0.0010515,0.0004339,-0.00021101,0.00035284,13:15:56..280,,,,
13:15:56..372,36.19008702,0.26036,-0.00098157,0.00057881,0.00065583,0.00045877,0.00105163,0.00043398,-0.00021062,0.00035322,13:15:56..370,,,,
13:15:56..403,35.96771295,0.260299,-0.00098171,0.00057941,0.0006553,0.00045823,0.00105173,0.00043361,-0.00021066,0.00035303,13:15:56..415,,,,
13:15:56..478,35.93668401,0.260165,-0.00098191,0.00057912,0.0006556,0.00045785,0.00105127,0.00043341,-0.00021069,0.00035309,13:15:56..518,,,,
13:15:56..562,36.34006023,0.260165,-0.00098178,0.00057893,0.00065561,0.00045799,0.00105093,0.00043361,-0.00021052,0.00035293,13:15:56..562,,,,
13:15:56..596,36.80549433,0.260165,-0.00098179,0.00057903,0.00065538,0.00045721,0.00105119,0.00043373,-0.00021064,0.00035259,13:15:56..562,,,,
13:15:56..630,36.33488874,0.260161,-0.00098142,0.00057913,0.00065633,0.00045656,0.0010512,0.00043387,-0.00021038,0.00035249,13:15:56..678,,,,
13:15:56..727,36.32454576,0.260161,-0.00098205,0.00057923,0.00065555,0.00045721,0.0010509,0.00043364,-0.00021068,0.00035293,13:15:56..726,,,,
13:15:56..760,36.54691983,0.260254,-0.00098183,0.00057893,0.00065591,0.00045752,0.0010513,0.00043382,-0.00021054,0.00035242,13:15:56..770,,,,
13:15:56..862,36.52106238,0.260254,-0.00098195,0.0005791,0.00065614,0.00045777,0.0010509,0.00043375,-0.00020991,0.00035287,13:15:56..860,,,,
13:15:56..894,36.59346324,0.260417,-0.00098164,0.00057885,0.00065582,0.0004584,0.00105007,0.00043425,-0.00021047,0.00035299,13:15:56..903,,,,
13:15:56..995,36.56760579,0.260417,-0.00098146,0.000579,0.00065626,0.00045844,0.00105048,0.00043437,-0.00021041,0.00035258,13:15:56..993,,,,
13:15:57..027,36.76412241,0.260691,-0.00098182,0.00057946,0.00065569,0.00045724,0.00105087,0.00043417,-0.00021023,0.00035299,13:15:57..038,,,,
13:15:57..149,36.45383301,0.260691,-0.00098136,0.00057927,0.00065583,0.00045716,0.00105181,0.00043324,-0.00021021,0.00035286,13:15:57..147,,,,
13:15:57..181,36.71240751,0.260703,-0.00098145,0.0005792,0.00065542,0.0004582,0.00105024,0.00043374,-0.00020996,0.00035311,13:15:57..190,,,,
13:15:57..236,36.64000665,0.260721,-0.00098147,0.00057867,0.00065548,0.00045841,0.00105137,0.00043402,-0.0002104,0.00035261,13:15:57..234,,,,
13:15:57..302,36.49003344,0.260721,-0.00098175,0.00057896,0.00065517,0.00045847,0.00105055,0.00043381,-0.00021044,0.00035293,13:15:57..280,,,,
13:15:57..336,36.70206453,0.261061,-0.00098132,0.00057945,0.00065614,0.00045858,0.0010511,0.00043441,-0.00021002,0.00035239,13:15:57..369,,,,
13:15:57..466,36.5107194,0.261061,-0.00098184,0.00057914,0.00065638,0.00045824,0.00105133,0.00043346,-0.00021077,0.00035235,13:15:57..465,,,,
13:15:57..501,36.62449218,0.261354,-0.00098186,0.00057906,0.00065572,0.00045769,0.00104987,0.00043345,-0.00021025,0.00035267,13:15:57..508,,,,
13:15:57..618,36.34523172,0.261354,-0.00098136,0.00057875,0.00065612,0.00045785,0.00105082,0.00043368,-0.00021019,0.00035203,13:15:57..618,,,,
13:15:57..651,36.60380622,0.261409,-0.00098215,0.00057845,0.00065526,0.00045762,0.00105064,0.00043379,-0.00021051,0.00035227,13:15:57..618,,,,
13:15:57..728,36.27283086,0.261409,-0.00098154,0.00057902,0.00065572,0.00045701,0.00105113,0.00043362,-0.00021036,0.00035217,13:15:57..767,,,,
13:15:57..773,36.63483516,0.261409,-0.00098165,0.00057883,0.00065504,0.00045781,0.00104987,0.00043364,-0.00021048,0.00035256,13:15:57..767,,,,
13:15:57..805,36.23145894,0.261291,-0.00098171,0.00057885,0.00065482,0.00045731,0.00105005,0.00043387,-0.00021013,0.00035224,13:15:57..810,,,,
13:15:57..926,36.00391338,0.261291,-0.00098147,0.00057885,0.0006558,0.00045708,0.00105057,0.00043392,-0.00021039,0.0003525,13:15:57..923,,,,
13:15:57..958,36.53657685,0.261163,-0.00098173,0.0005794,0.00065581,0.00045672,0.00105014,0.00043317,-0.0002104,0.00035322,13:15:57..967,,,,
13:15:58..055,36.42280407,0.261163,-0.00098206,0.00057868,0.00065523,0.00045719,0.00104928,0.00043343,-0.0002106,0.00035235,13:15:58..054,,,,
13:15:58..087,36.47451897,0.261058,-0.00098141,0.0005792,0.00065582,0.00045728,0.00104928,0.00043358,-0.00021019,0.00035227,13:15:58..099,,,,
13:15:58..194,36.717579,0.261058,-0.00098126,0.00057965,0.00065587,0.00045703,0.00105007,0.00043299,-0.00021058,0.00035261,13:15:58..192,,,,
13:15:58..226,36.26248788,0.260931,-0.0009823,0.0005791,0.0006553,0.00045703,0.00105035,0.00043329,-0.00021087,0.00035267,13:15:58..234,,,,
13:15:58..311,36.46934748,0.260931,-0.00098157,0.00057901,0.00065563,0.00045692,0.00105107,0.00043288,-0.00021068,0.00035241,13:15:58..309,,,,
13:15:58..342,36.75377943,0.260944,-0.00098123,0.00057926,0.00065569,0.00045709,0.00105089,0.00043369,-0.00020999,0.00035252,13:15:58..352,,,,
13:15:58..434,36.59346324,0.260944,-0.00098193,0.0005793,0.00065549,0.00045698,0.00105045,0.00043354,-0.00021059,0.00035226,13:15:58..431,,,,
13:15:58..466,36.55726281,0.261023,-0.00098178,0.00057929,0.0006563,0.0004583,0.00105061,0.00043401,-0.00021008,0.00035235,13:15:58..431,,,,
13:15:58..562,36.4590045,0.261023,-0.00098102,0.00057913,0.00065659,0.00045841,0.00105144,0.0004343,-0.00020974,0.00035246,13:15:58..601,,,,
13:15:58..609,36.4072896,0.261023,-0.00098178,0.00057924,0.00065578,0.00045808,0.0010506,0.00043404,-0.00021004,0.00035243,13:15:58..601,,,,
13:15:58..642,36.47969046,0.26097,-0.00098124,0.00057879,0.0006556,0.00045713,0.0010506,0.00043354,-0.00021066,0.00035277,13:15:58..645,,,,
13:15:58..712,36.69172155,0.26097,-0.00098106,0.00057887,0.00065636,0.00045685,0.00105094,0.00043338,-0.00021031,0.00035278,13:15:58..753,,,,
13:15:58..763,36.46934748,0.26097,-0.0009815,0.00057921,0.00065627,0.00045643,0.00105089,0.00043386,-0.00021027,0.0003528,13:15:58..753,,,,
13:15:58..795,36.96581052,0.260794,-0.00098124,0.00057933,0.00065593,0.00045708,0.00105141,0.00043385,-0.00021056,0.00035288,13:15:58..852,,,,
13:15:58..903,36.70723602,0.260794,-0.00098115,0.00057938,0.00065591,0.0004569,0.00105104,0.00043394,-0.0002107,0.00035278,13:15:58..902,,,,
13:15:58..935,36.59863473,0.260721,-0.00098123,0.00057965,0.00065607,0.00045754,0.00105054,0.00043416,-0.00021005,0.00035247,13:15:58..946,,,,
13:15:59..040,36.46934748,0.260721,-0.00098117,0.00057929,0.00065613,0.00045767,0.0010512,0.00043343,-0.00021027,0.00035234,13:15:59..038,,,,
13:15:59..072,36.1487151,0.260721,-0.00098117,0.00057967,0.00065595,0.00045694,0.00105078,0.00043361,-0.00021014,0.00035277,13:15:59..038,,,,
13:15:59..107,36.53657685,0.260644,-0.00098177,0.00057922,0.00065534,0.00045648,0.0010506,0.00043338,-0.00021014,0.00035268,13:15:59..164,,,,
13:15:59..214,36.83652327,0.260644,-0.00098059,0.000579,0.00065606,0.00045644,0.00105053,0.00043354,-0.00021071,0.00035263,13:15:59..212,,,,
13:15:59..246,36.54691983,0.260632,-0.00098126,0.00057917,0.00065579,0.00045681,0.00105094,0.0004337,-0.00021055,0.00035233,13:15:59..257,,,,
13:15:59..310,36.42280407,0.260727,-0.00098071,0.00057934,0.00065604,0.00045716,0.00105119,0.0004334,-0.00021062,0.00035255,13:15:59..354,,,,
13:15:59..406,36.63483516,0.260727,-0.00098119,0.00057929,0.000656,0.00045705,0.00105121,0.00043358,-0.00021066,0.00035231,13:15:59..406,,,,
13:15:59..440,36.51589089,0.260812,-0.00098115,0.00057909,0.0006558,0.00045741,0.00105001,0.00043347,-0.00020999,0.00035253,13:15:59..448,,,,
13:15:59..543,36.39177513,0.260812,-0.00098125,0.00057957,0.00065612,0.00045726,0.00105044,0.00043377,-0.00021005,0.00035265,13:15:59..540,,,,
13:15:59..575,36.68137857,0.260719,-0.00098067,0.00057959,0.00065591,0.00045637,0.00105019,0.00043345,-0.00021054,0.00035222,13:15:59..585,,,,
13:15:59..670,36.53140536,0.260719,-0.00098123,0.00057972,0.00065616,0.00045692,0.00104998,0.0004339,-0.00021061,0.00035243,13:15:59..668,,,,
13:15:59..701,36.53657685,0.260745,-0.00098139,0.00057987,0.00065521,0.00045656,0.0010501,0.00043402,-0.00021022,0.0003528,13:15:59..711,,,,
13:15:59..757,36.41763258,0.260745,-0.00098087,0.00057998,0.00065641,0.0004567,0.00105115,0.00043342,-0.00021017,0.00035235,13:15:59..754,,,,
13:15:59..795,36.69689304,0.260745,-0.00098088,0.00057975,0.00065529,0.00045648,0.00105007,0.00043361,-0.00021017,0.00035219,13:15:59..754,,,,
13:15:59..827,36.5624343,0.260745,-0.00098091,0.00057951,0.00065634,0.00045812,0.00105054,0.0004336,-0.00021017,0.00035235,13:15:59..799,,,,
13:15:59..860,36.28834533,0.260529,-0.00098106,0.00057923,0.00065609,0.00045708,0.00105052,0.00043325,-0.0002103,0.00035283,13:15:59..921,,,,
13:15:59..973,36.38660364,0.260529,-0.00098125,0.00057955,0.00065581,0.00045716,0.00105052,0.00043406,-0.00021055,0.00035248,13:15:59..971,,,,
13:16:00..005,36.52623387,0.260279,-0.00098049,0.00057961,0.00065644,0.0004571,0.00105054,0.00043348,-0.0002105,0.00035274,13:16:00..017,,,,
13:16:00..148,36.74860794,0.260279,-0.00098087,0.00057943,0.00065593,0.00045701,0.00105011,0.00043408,-0.00021044,0.0003524,13:16:00..146,,,,
13:16:00..179,36.72275049,0.25989,-0.00098101,0.00057963,0.00065604,0.00045694,0.00105114,0.00043322,-0.00021034,0.00035236,13:16:00..180,,,,
13:16:00..212,36.80549433,0.259571,-0.00098045,0.000579,0.00065637,0.00045758,0.00105053,0.00043354,-0.00021007,0.00035252,13:16:00..222,,,,
13:16:00..323,36.7692939,0.259571,-0.0009809,0.00057956,0.00065632,0.00045752,0.00105118,0.00043391,-0.00021016,0.00035238,13:16:00..321,,,,
13:16:00..355,36.88306668,0.25936,-0.00098116,0.00057948,0.00065587,0.00045714,0.00105103,0.00043392,-0.00021078,0.00035247,13:16:00..364,,,,
13:16:00..485,36.9761535,0.25936,-0.00098094,0.0005793,0.0006562,0.00045696,0.00105135,0.00043347,-0.00021029,0.00035252,13:16:00..483,,,,
13:16:00..518,36.86238072,0.259263,-0.00098122,0.00057953,0.00065559,0.00045737,0.00105116,0.0004341,-0.00021033,0.00035269,13:16:00..526,,,,
13:16:00..635,36.89858115,0.259263,-0.00098118,0.00057972,0.00065635,0.00045683,0.00105096,0.00043367,-0.00020996,0.00035295,13:16:00..633,,,,
13:16:00..667,36.90892413,0.259263,-0.0009815,0.00057882,0.00065579,0.00045719,0.00105072,0.00043358,-0.00021014,0.00035266,13:16:00..633,,,,
13:16:00..701,36.70206453,0.259388,-0.00098075,0.00057922,0.00065608,0.00045803,0.0010503,0.00043411,-0.00021033,0.0003529,13:16:00..764,,,,
13:16:00..817,36.67103559,0.259388,-0.00098075,0.00057914,0.0006556,0.0004575,0.00105015,0.00043423,-0.00021067,0.00035254,13:16:00..816,,,,
13:16:00..849,36.65034963,0.259573,-0.00098118,0.00057935,0.00065568,0.00045608,0.00104958,0.0004336,-0.00021064,0.00035223,13:16:00..859,,,,
13:16:00..952,36.64000665,0.259573,-0.00098069,0.00057969,0.00065609,0.00045629,0.00105108,0.00043309,-0.00021041,0.0003521,13:16:00..950,,,,
13:16:00..985,36.5624343,0.259824,-0.00098043,0.00057969,0.00065632,0.0004573,0.00104955,0.00043316,-0.00021056,0.00035221,13:16:00..994,,,,
13:16:01..044,36.3555747,0.259966,-0.00098097,0.00057978,0.00065604,0.0004573,0.00104949,0.00043338,-0.00020998,0.00035218,13:16:01..090,,,,
13:16:01..098,36.77446539,0.259966,-0.00098064,0.00057966,0.00065639,0.00045665,0.00104995,0.00043321,-0.00021056,0.0003521,13:16:01..090,,,,
13:16:01..130,36.64000665,0.260157,-0.000981,0.00057969,0.00065519,0.00045577,0.00104943,0.00043453,-0.00021056,0.00035273,13:16:01..134,,,,
13:16:01..257,36.43314705,0.260157,-0.00098076,0.00058007,0.00065569,0.00045574,0.00105027,0.00043394,-0.00020983,0.00035294,13:16:01..255,,,,
13:16:01..289,36.59346324,0.26041,-0.0009808,0.00058007,0.00065599,0.00045678,0.00105043,0.00043295,-0.00021054,0.00035194,13:16:01..255,,,,
13:16:01..355,36.5624343,0.26041,-0.00098088,0.0005799,0.00065577,0.00045645,0.00104955,0.00043354,-0.00020982,0.00035217,13:16:01..385,,,,
13:16:01..393,36.54174834,0.26041,-0.00098081,0.00057974,0.00065583,0.00045563,0.00105051,0.00043305,-0.00021009,0.00035219,13:16:01..385,,,,
13:16:01..428,36.58829175,0.260748,-0.00098143,0.00057977,0.00065623,0.00045639,0.00105062,0.00043314,-0.00021012,0.00035238,13:16:01..429,,,,
13:16:01..562,36.6658641,0.260748,-0.00098076,0.00057986,0.00065632,0.00045701,0.00105012,0.00043392,-0.00021,0.00035267,13:16:01..560,,,,
13:16:01..595,36.56760579,0.261062,-0.000981,0.00057979,0.00065566,0.00045672,0.00105083,0.00043444,-0.00021042,0.00035221,13:16:01..604,,,,
13:16:01..717,36.73309347,0.261062,-0.00098046,0.00057987,0.00065655,0.00045724,0.00105149,0.00043374,-0.00021039,0.00035179,13:16:01..715,,,,
13:16:01..750,36.717579,0.261139,-0.00098079,0.00058015,0.00065594,0.00045733,0.00105072,0.00043361,-0.00021056,0.00035246,13:16:01..759,,,,
13:16:01..869,36.86238072,0.261139,-0.000981,0.0005796,0.00065544,0.0004575,0.00105155,0.0004332,-0.00021005,0.00035235,13:16:01..867,,,,
13:16:01..901,37.06924032,0.261357,-0.00098034,0.0005797,0.00065601,0.00045648,0.0010512,0.00043332,-0.00021002,0.00035275,13:16:01..909,,,,
13:16:02..013,36.78997986,0.261357,-0.00098093,0.00057975,0.00065541,0.0004565,0.00105073,0.00043318,-0.00021085,0.00035232,13:16:02..011,,,,
13:16:02..044,36.84686625,0.261357,-0.00098073,0.00057908,0.00065598,0.00045776,0.00105069,0.00043374,-0.00021039,0.00035265,13:16:02..011,,,,
13:16:02..079,36.84686625,0.261607,-0.00098033,0.00057963,0.00065625,0.00045785,0.00105129,0.00043369,-0.00021075,0.00035217,13:16:02..054,,,,
13:16:02..114,36.9244386,0.261637,-0.0009801,0.00057988,0.0006564,0.00045761,0.00105113,0.00043357,-0.00021029,0.0003527,13:16:02..153,,,,
13:16:02..165,37.12095522,0.261637,-0.00098084,0.00058004,0.00065624,0.00045829,0.00105059,0.0004337,-0.00021041,0.00035272,13:16:02..153,,,,
13:16:02..198,36.87789519,0.261651,-0.00098067,0.00057956,0.00065649,0.00045763,0.00105115,0.00043344,-0.00021058,0.00035199,13:16:02..198,,,,
13:16:02..266,36.53140536,0.26164,-0.0009812,0.00057988,0.00065618,0.00045767,0.00105063,0.00043417,-0.00021067,0.00035183,13:16:02..306,,,,
13:16:02..318,36.67103559,0.261596,-0.00098028,0.00057979,0.00065623,0.0004576,0.00105079,0.00043357,-0.00021011,0.00035222,13:16:02..306,,,,
13:16:02..352,36.80549433,0.261596,-0.00098087,0.00057987,0.0006563,0.00045712,0.0010514,0.00043394,-0.00020996,0.00035187,13:16:02..348,,,,
13:16:02..385,36.72275049,0.261511,-0.00098117,0.00057942,0.00065591,0.00045747,0.0010507,0.00043429,-0.00020983,0.00035265,13:16:02..391,,,,
13:16:02..458,36.59346324,0.261511,-0.00098035,0.0005799,0.00065647,0.00045744,0.00105186,0.00043392,-0.00020995,0.00035245,13:16:02..503,,,,
13:16:02..510,36.80032284,0.261511,-0.00098111,0.00057978,0.00065572,0.00045735,0.00105083,0.00043442,-0.00021024,0.00035218,13:16:02..503,,,,
13:16:02..544,36.74860794,0.260969,-0.00097987,0.00058,0.00065609,0.00045689,0.00105136,0.00043333,-0.00021004,0.00035245,13:16:02..503,,,,
13:16:02..609,36.77963688,0.260969,-0.00098072,0.00057949,0.00065544,0.00045714,0.00105015,0.00043337,-0.00021026,0.00035236,13:16:02..655,,,,
13:16:02..660,36.68655006,0.260969,-0.00098076,0.00057954,0.0006562,0.0004567,0.00105154,0.0004331,-0.00021056,0.00035266,13:16:02..655,,,,
13:16:02..693,36.56760579,0.260585,-0.00098061,0.00057977,0.00065636,0.00045684,0.00105224,0.00043389,-0.00021083,0.00035212,13:16:02..697,,,,
13:16:02..806,37.07441181,0.260585,-0.00098074,0.00057934,0.00065583,0.00045722,0.00105146,0.0004341,-0.00021073,0.0003519,13:16:02..804,,,,
13:16:02..838,36.67103559,0.260432,-0.00098088,0.00057989,0.0006562,0.00045715,0.00105061,0.00043401,-0.00021017,0.00035226,13:16:02..846,,,,
13:16:02..950,36.717579,0.260432,-0.0009806,0.00057997,0.00065619,0.00045646,0.00105017,0.00043369,-0.00021044,0.000352,13:16:02..948,,,,
13:16:02..981,36.83135178,0.260493,-0.00098068,0.00057955,0.00065547,0.00045665,0.00104993,0.00043354,-0.0002103,0.0003517,13:16:02..983,,,,
13:16:03..081,36.76412241,0.260493,-0.00098025,0.00057958,0.00065562,0.00045711,0.00105107,0.00043403,-0.00021037,0.00035221,13:16:03..078,,,,
13:16:03..114,36.8210088,0.260633,-0.00098011,0.0005801,0.00065593,0.00045666,0.00105132,0.00043303,-0.00021035,0.0003518,13:16:03..113,,,,
13:16:03..172,36.6141492,0.260633,-0.00098054,0.00057989,0.00065568,0.00045574,0.00104997,0.00043286,-0.00021048,0.00035208,13:16:03..169,,,,
13:16:03..214,36.89858115,0.2607,-0.00098029,0.00057992,0.00065622,0.00045561,0.00105054,0.00043317,-0.00021067,0.00035201,13:16:03..213,,,,
13:16:03..248,36.83135178,0.2607,-0.00098072,0.00057988,0.0006558,0.00045766,0.00104956,0.0004341,-0.00021055,0.00035203,13:16:03..213,,,,
13:16:03..282,36.79515135,0.261033,-0.00098037,0.00057992,0.00065604,0.00045696,0.00105054,0.00043311,-0.00021088,0.00035177,13:16:03..336,,,,
13:16:03..394,36.86238072,0.261033,-0.00098022,0.00057992,0.00065569,0.00045727,0.00105027,0.00043341,-0.00021049,0.00035178,13:16:03..393,,,,
13:16:03..425,36.58829175,0.261033,-0.00098023,0.00057997,0.00065625,0.00045611,0.00104983,0.00043313,-0.00021032,0.00035195,13:16:03..393,,,,
13:16:03..458,36.70206453,0.261119,-0.00098087,0.00057984,0.00065496,0.00045633,0.00105003,0.00043319,-0.00021079,0.00035164,13:16:03..538,,,,
13:16:03..589,36.75895092,0.261119,-0.00098044,0.00058021,0.00065577,0.00045623,0.00105052,0.00043354,-0.00021016,0.0003518,13:16:03..589,,,,
13:16:03..620,36.83652327,0.261056,-0.00098043,0.00058067,0.00065626,0.00045656,0.00104944,0.00043342,-0.00021059,0.00035164,13:16:03..632,,,,
13:16:03..737,36.78480837,0.261056,-0.0009803,0.00057997,0.00065663,0.00045617,0.00104968,0.00043274,-0.00021015,0.00035124,13:16:03..735,,,,
13:16:03..768,36.76412241,0.260962,-0.00098045,0.0005799,0.000656,0.00045661,0.00104899,0.00043295,-0.00021017,0.0003509,13:16:03..735,,,,
13:16:03..842,36.81583731,0.260962,-0.00098035,0.00057964,0.00065594,0.00045649,0.00104867,0.00043237,-0.00021041,0.00035121,13:16:03..877,,,,
13:16:03..912,36.81583731,0.260962,-0.0009804,0.00057982,0.00065571,0.00045676,0.00104931,0.00043304,-0.00021007,0.00035164,13:16:03..877,,,,
13:16:03..945,36.65552112,0.261055,-0.00098016,0.00058014,0.00065655,0.00045609,0.00104855,0.00043284,-0.00021026,0.00035158,13:16:03..920,,,,
13:16:03..980,36.62449218,0.260769,-0.00098081,0.00058035,0.00065581,0.00045704,0.0010496,0.00043315,-0.00021013,0.00035213,13:16:04..027,,,,
13:16:04..079,36.54174834,0.260769,-0.00098036,0.00058011,0.00065604,0.00045714,0.00104973,0.00043277,-0.00021022,0.00035154,13:16:04..078,,,,
13:16:04..111,36.55726281,0.260503,-0.00098086,0.00058008,0.00065566,0.00045594,0.00104874,0.00043286,-0.00021054,0.00035197,13:16:04..121,,,,
13:16:04..216,36.61932069,0.260503,-0.00098063,0.00058011,0.0006566,0.0004556,0.00104934,0.00043267,-0.00020989,0.00035144,13:16:04..214,,,,
13:16:04..248,36.61932069,0.260128,-0.00098064,0.00058045,0.00065574,0.00045549,0.00104917,0.00043295,-0.0002104,0.00035165,13:16:04..259,,,,
13:16:04..343,36.59346324,0.260128,-0.00098029,0.00058008,0.00065571,0.00045604,0.00104931,0.00043277,-0.00021102,0.00035113,13:16:04..340,,,,
13:16:04..375,36.66069261,0.260085,-0.0009808,0.00057984,0.00065628,0.00045611,0.00104939,0.00043336,-0.00021028,0.0003517,13:16:04..382,,,,
13:16:04..476,36.69172155,0.260085,-0.0009804,0.00058009,0.00065652,0.0004559,0.00104998,0.00043356,-0.00020978,0.00035167,13:16:04..474,,,,
13:16:04..508,36.61932069,0.260148,-0.0009805,0.00057989,0.00065563,0.00045638,0.00104955,0.0004334,-0.00021035,0.00035161,13:16:04..474,,,,
13:16:04..585,36.59863473,0.260148,-0.00098083,0.00058013,0.00065659,0.0004559,0.00104939,0.00043304,-0.00021004,0.00035154,13:16:04..623,,,,
13:16:04..646,36.55209132,0.260148,-0.00098032,0.00058022,0.00065622,0.00045613,0.0010493,0.00043304,-0.0002102,0.00035166,13:16:04..623,,,,
13:16:04..680,36.95546754,0.260559,-0.00098011,0.00058025,0.00065593,0.00045581,0.0010503,0.00043328,-0.00021045,0.00035222,13:16:04..708,,,,
13:16:04..808,36.72275049,0.260559,-0.00098089,0.00057973,0.00065571,0.00045566,0.00104952,0.00043312,-0.00021034,0.00035135,13:16:04..807,,,,
13:16:04..841,37.01235393,0.260678,-0.00097998,0.00058007,0.00065607,0.00045623,0.00104948,0.00043317,-0.00021073,0.00035136,13:16:04..807,,,,
13:16:04..903,36.82618029,0.260678,-0.00098002,0.00058007,0.00065595,0.00045625,0.00104989,0.00043333,-0.0002107,0.00035172,13:16:04..942,,,,
13:16:04..949,36.83135178,0.260678,-0.0009803,0.00057942,0.00065547,0.00045625,0.00104996,0.00043325,-0.00021036,0.00035171,13:16:04..942,,,,
13:16:04..982,36.68655006,0.260627,-0.00098028,0.00057979,0.00065566,0.00045579,0.00104956,0.00043383,-0.0002103,0.00035184,13:16:04..986,,,,
13:16:05..080,36.59863473,0.260627,-0.00098007,0.0005802,0.00065642,0.00045538,0.00105096,0.00043304,-0.00021021,0.00035137,13:16:05..080,,,,
13:16:05..114,36.73309347,0.2606,-0.00098039,0.00058022,0.00065569,0.000456,0.00104942,0.0004333,-0.00021033,0.00035109,13:16:05..125,,,,
13:16:05..242,36.42280407,0.2606,-0.00098037,0.00058025,0.00065621,0.00045601,0.00104983,0.00043317,-0.00020998,0.00035152,13:16:05..240,,,,
13:16:05..275,36.67103559,0.260577,-0.00098049,0.00057999,0.00065557,0.00045572,0.00104851,0.00043363,-0.00021051,0.00035132,13:16:05..283,,,,
13:16:05..411,36.68655006,0.260577,-0.00098009,0.00058013,0.00065603,0.00045545,0.00104953,0.00043369,-0.00021056,0.000352,13:16:05..409,,,,
13:16:05..445,36.75377943,0.260668,-0.00098014,0.00058002,0.00065584,0.00045582,0.00105005,0.00043297,-0.00021026,0.00035152,13:16:05..452,,,,
13:16:05..515,36.72275049,0.260716,-0.00098054,0.00058032,0.00065591,0.00045605,0.00104966,0.00043332,-0.00021051,0.00035184,13:16:05..557,,,,
13:16:05..566,36.64517814,0.260716,-0.00098002,0.0005801,0.00065641,0.00045611,0.00104992,0.00043286,-0.00021081,0.00035192,13:16:05..557,,,,
13:16:05..598,36.95546754,0.26078,-0.00097996,0.00058019,0.00065638,0.0004559,0.00104963,0.00043359,-0.00021035,0.00035172,13:16:05..602,,,,
13:16:05..729,36.7692939,0.26078,-0.0009807,0.00058001,0.00065568,0.00045624,0.00104945,0.00043374,-0.00021082,0.00035075,13:16:05..726,,,,
13:16:05..760,36.67620708,0.261083,-0.00098068,0.00057954,0.00065587,0.00045547,0.00104807,0.00043321,-0.00021049,0.00035093,13:16:05..770,,,,
13:16:05..887,36.52106238,0.261083,-0.00098057,0.00058025,0.00065638,0.0004556,0.00104918,0.00043317,-0.0002103,0.00035132,13:16:05..885,,,,
13:16:05..918,36.61932069,0.261481,-0.00098072,0.00058012,0.00065528,0.00045589,0.00104887,0.00043295,-0.00021115,0.00035163,13:16:05..928,,,,
13:16:06..029,36.78997986,0.261481,-0.00098036,0.00057945,0.00065652,0.00045543,0.00104959,0.0004332,-0.00021033,0.00035101,13:16:06..029,,,,
13:16:06..060,36.4590045,0.261546,-0.00098009,0.00057966,0.00065604,0.0004554,0.00104955,0.00043336,-0.00021036,0.00035116,13:16:06..073,,,,
13:16:06..123,36.75377943,0.261476,-0.00098075,0.00057984,0.00065555,0.00045596,0.00104949,0.00043319,-0.0002105,0.00035139,13:16:06..166,,,,
13:16:06..212,36.85720923,0.261476,-0.0009803,0.0005798,0.00065583,0.00045618,0.00104924,0.00043281,-0.0002104,0.00035133,13:16:06..211,,,,
13:16:06..245,36.72275049,0.261476,-0.00098046,0.00058007,0.00065555,0.00045648,0.00104875,0.00043312,-0.00021032,0.00035156,13:16:06..211,,,,
13:16:06..279,36.72792198,0.261167,-0.00097973,0.00058015,0.00065624,0.000456,0.00104893,0.00043348,-0.00021014,0.00035098,13:16:06..333,,,,
13:16:06..385,36.77446539,0.261167,-0.00097991,0.00058014,0.00065537,0.00045548,0.00104869,0.0004331,-0.00021034,0.00035062,13:16:06..384,,,,
13:16:06..417,36.96581052,0.261169,-0.00098006,0.00058047,0.00065585,0.0004561,0.0010493,0.00043341,-0.00021023,0.00035154,13:16:06..429,,,,
13:16:06..522,36.84169476,0.261169,-0.00097995,0.00057956,0.00065624,0.00045649,0.00104991,0.00043279,-0.00021033,0.00035096,13:16:06..520,,,,
13:16:06..553,36.73309347,0.261169,-0.00098029,0.00057993,0.00065599,0.00045596,0.00104957,0.00043372,-0.00021023,0.00035137,13:16:06..520,,,,
13:16:06..587,36.75377943,0.261346,-0.00098013,0.00058011,0.00065574,0.00045576,0.00104927,0.00043304,-0.0002105,0.00035124,13:16:06..661,,,,
13:16:06..712,36.77446539,0.261346,-0.00098017,0.00058024,0.00065613,0.00045677,0.00105008,0.00043338,-0.00021051,0.00035142,13:16:06..710,,,,
13:16:06..744,36.62966367,0.261386,-0.00097993,0.00058022,0.00065532,0.00045555,0.00104944,0.00043336,-0.00021042,0.00035095,13:16:06..754,,,,
13:16:06..859,36.70723602,0.261386,-0.0009803,0.00057975,0.00065569,0.00045584,0.00104928,0.0004332,-0.00021023,0.00035074,13:16:06..858,,,,
13:16:06..892,36.76412241,0.261443,-0.00098012,0.0005796,0.00065542,0.00045593,0.00104811,0.0004329,-0.00021065,0.00035161,13:16:06..901,,,,
13:16:07..019,36.717579,0.261443,-0.00098,0.00058037,0.00065635,0.00045605,0.0010494,0.00043365,-0.00021039,0.00035157,13:16:07..016,,,,
13:16:07..050,36.717579,0.261443,-0.00098002,0.0005805,0.00065547,0.00045584,0.00104831,0.00043385,-0.00021047,0.00035088,13:16:07..016,,,,
13:16:07..084,36.61932069,0.261579,-0.00098032,0.00057998,0.00065611,0.00045609,0.00104863,0.00043311,-0.00021081,0.00035145,13:16:07..124,,,,
13:16:07..188,36.69689304,0.261579,-0.00097987,0.0005802,0.00065676,0.00045581,0.0010499,0.00043291,-0.00021055,0.00035124,13:16:07..185,,,,
13:16:07..219,36.67620708,0.261492,-0.00098021,0.00058011,0.0006556,0.00045575,0.00104969,0.00043347,-0.00021002,0.00035099,13:16:07..228,,,,
13:16:07..335,36.93995307,0.261492,-0.00098011,0.00058051,0.00065631,0.00045573,0.00105001,0.00043366,-0.00020993,0.00035109,13:16:07..332,,,,
13:16:07..366,36.91926711,0.261213,-0.00097984,0.00057969,0.0006561,0.00045637,0.00105116,0.00043358,-0.00021018,0.00035127,13:16:07..377,,,,
13:16:07..501,36.83135178,0.261213,-0.00098041,0.00057989,0.00065532,0.00045602,0.00104958,0.00043332,-0.00021042,0.00035129,13:16:07..498,,,,
13:16:07..533,36.94512456,0.261072,-0.00098021,0.0005801,0.00065583,0.00045602,0.00104885,0.0004331,-0.00021045,0.00035115,13:16:07..498,,,,
13:16:07..568,36.98649648,0.260954,-0.00098014,0.00057988,0.00065606,0.00045593,0.00105008,0.00043309,-0.0002106,0.0003513,13:16:07..578,,,,
13:16:07..693,37.1312982,0.260954,-0.00097974,0.00057986,0.0006557,0.00045585,0.00104949,0.00043302,-0.00021064,0.0003511,13:16:07..691,,,,
13:16:07..725,36.77963688,0.260827,-0.00098061,0.0005803,0.0006558,0.00045543,0.00104941,0.00043305,-0.00021038,0.000351,13:16:07..726,,,,
13:16:07..830,36.80032284,0.260827,-0.00097994,0.00058023,0.00065617,0.00045583,0.00105012,0.00043329,-0.00021015,0.00035126,13:16:07..828,,,,
13:16:07..862,37.07441181,0.260771,-0.00098047,0.00058055,0.00065563,0.0004565,0.0010498,0.00043283,-0.00021087,0.00035149,13:16:07..870,,,,
13:16:07..975,36.83135178,0.260771,-0.00098013,0.00057977,0.00065622,0.00045646,0.00104967,0.00043297,-0.00021014,0.00035153,13:16:07..972,,,,
13:16:08..006,36.85720923,0.260481,-0.00098029,0.00058022,0.00065554,0.00045547,0.0010494,0.00043362,-0.00021041,0.00035137,13:16:08..016,,,,
13:16:08..081,36.68655006,0.260204,-0.0009805,0.00058033,0.0006559,0.0004552,0.00104933,0.00043336,-0.00021062,0.00035108,13:16:08..125,,,,
13:16:08..171,36.67103559,0.260204,-0.00098045,0.00058049,0.00065575,0.00045578,0.00104858,0.00043359,-0.00021074,0.0003508,13:16:08..170,,,,
13:16:08..203,36.83652327,0.260204,-0.00098038,0.00058017,0.00065619,0.00045568,0.00105017,0.00043305,-0.00021022,0.00035064,13:16:08..170,,,,
13:16:08..236,36.78997986,0.260074,-0.00098027,0.00058048,0.00065547,0.00045525,0.00104924,0.00043315,-0.00021007,0.00035091,13:16:08..284,,,,
13:16:08..345,36.86238072,0.260074,-0.00097995,0.00058038,0.00065582,0.00045527,0.00104941,0.00043342,-0.00021053,0.00035054,13:16:08..345,,,,
13:16:08..376,36.83652327,0.260074,-0.00098002,0.00058053,0.0006562,0.00045703,0.00104906,0.00043369,-0.0002104,0.00035151,13:16:08..345,,,,
13:16:08..410,36.8727237,0.260059,-0.00098022,0.00058015,0.00065537,0.00045598,0.00104871,0.00043314,-0.00021048,0.00035147,13:16:08..469,,,,
13:16:08..513,36.86238072,0.260062,-0.00097983,0.0005798,0.00065565,0.00045581,0.00104977,0.00043334,-0.00021044,0.00035149,13:16:08..511,,,,
13:16:08..547,37.02269691,0.260095,-0.00098052,0.00057931,0.00065573,0.00045583,0.00104951,0.00043322,-0.00021093,0.00035092,13:16:08..511,,,,
13:16:08..625,36.91409562,0.260095,-0.00098061,0.00057973,0.0006558,0.00045592,0.00105013,0.00043317,-0.00020998,0.00035184,13:16:08..668,,,,
13:16:08..676,37.04338287,0.260095,-0.00098048,0.00057962,0.00065582,0.0004557,0.0010495,0.00043363,-0.00021049,0.00035148,13:16:08..668,,,,
13:16:08..709,35.98322742,0.260123,-0.00098059,0.00057981,0.00065584,0.00045689,0.00104989,0.00043369,-0.00021042,0.00035162,13:16:08..714,,,,
13:16:08..744,32.75104617,0.259958,-0.00097994,0.00058015,0.00065563,0.00045509,0.00104859,0.00043259,-0.00021059,0.00035143,13:16:08..759,,,,
13:16:08..805,29.9429271,0.25895,-0.00098011,0.00058008,0.00065544,0.00045484,0.00104908,0.00043308,-0.00021001,0.00035094,13:16:08..849,,,,
13:16:08..900,32.37869889,0.25895,-0.00098007,0.0005793,0.00065519,0.00045532,0.00104879,0.00043279,-0.00021068,0.00035124,13:16:08..899,,,,
13:16:08..933,-13.4975889,0.253634,-0.00098692,0.00058548,0.00065208,0.00044069,0.00102392,0.00042472,-0.00020825,0.00034412,13:16:08..942,,,,
13:16:09..016,2.8960344,0.253634,-0.00098703,0.00058574,0.00065199,0.00044097,0.00102382,0.00042379,-0.00020832,0.00034388,13:16:09..051,,,,
13:16:09..060,32.02703757,0.253634,-0.00098752,0.00058572,0.00065215,0.00044076,0.00102325,0.00042375,-0.00020837,0.00034375,13:16:09..051,,,,
13:16:09..093,26.03845215,0.230535,-0.00099877,0.00059685,0.00064579,0.00041298,0.00097377,0.00040343,-0.000207,0.00032405,13:16:09..095,,,,
13:16:09..167,22.47529554,0.230535,-0.00099823,0.00059728,0.00064621,0.000413,0.00097478,0.00040302,-0.00020723,0.00032465,13:16:09..204,,,,
13:16:09..211,13.27004334,0.230535,-0.00099851,0.0005967,0.00064553,0.00041329,0.00097392,0.00040332,-0.00020749,0.00032453,13:16:09..204,,,,
13:16:09..246,8.56398744,0.199508,-0.00100272,0.00060082,0.00064405,0.00040271,0.00095881,0.00039677,-0.00020746,0.00031977,13:16:09..247,,,,
13:16:09..299,9.28799604,0.188746,-0.00100265,0.00060026,0.00064408,0.00040288,0.00095899,0.00039667,-0.00020736,0.00032003,13:16:09..345,,,,
13:16:09..365,9.37591137,0.188746,-0.00100277,0.00060007,0.00064354,0.0004028,0.00095829,0.00039628,-0.00020737,0.00031978,13:16:09..345,,,,
13:16:09..399,9.94994676,0.156917,-0.00100609,0.00060336,0.00064293,0.00039416,0.00094578,0.00039126,-0.00020777,0.00031719,13:16:09..421,,,,
13:16:09..528,11.82719763,0.156917,-0.00100615,0.00060321,0.00064216,0.00039384,0.00094558,0.00039078,-0.00020778,0.00031704,13:16:09..525,,,,
13:16:09..560,9.27765306,0.156917,-0.00100825,0.00060575,0.00064145,0.00038862,0.00093579,0.00038642,-0.00020796,0.0003151,13:16:09..525,,,,
13:16:09..593,8.31575592,0.118614,-0.00100817,0.00060627,0.00064231,0.00038732,0.00093522,0.00038561,-0.00020811,0.00031488,13:16:09..660,,,,
13:16:09..711,6.67639359,0.118614,-0.00100866,0.00060606,0.00064196,0.0003877,0.00093529,0.00038564,-0.00020854,0.00031508,13:16:09..710,,,,
13:16:09..743,5.87998413,0.10192,-0.00101042,0.00060718,0.00064143,0.00038256,0.00093038,0.00038337,-0.00020708,0.00031684,13:16:09..754,,,,
13:16:09..805,5.34732066,0.094252,-0.00101078,0.00060686,0.00064095,0.00038252,0.000929,0.00038332,-0.00020713,0.00031685,13:16:09..861,,,,
13:16:09..900,6.62985018,0.094252,-0.00101028,0.00060672,0.00064188,0.00038219,0.00092986,0.00038242,-0.00020737,0.00031699,13:16:09..861,,,,
13:16:09..933,5.17666149,0.073699,-0.0010134,0.00060787,0.00064143,0.00037883,0.0009258,0.00038055,-0.00020682,0.0003121,13:16:09..946,,,,
13:16:10..084,5.3783496,0.073699,-0.00101401,0.00060789,0.00064089,0.00037919,0.0009249,0.00038132,-0.0002071,0.00031244,13:16:10..082,,,,
13:16:10..115,4.09064859,0.073699,-0.00101495,0.00060882,0.00064141,0.00037637,0.00092288,0.00037993,-0.00020672,0.00031036,13:16:10..082,,,,
13:16:10..150,3.87344601,0.047129,-0.00101542,0.00060896,0.00064124,0.00037684,0.00092284,0.00038037,-0.00020713,0.00031022,13:16:10..214,,,,
13:16:10..264,3.8269026,0.047129,-0.00101517,0.00060851,0.00064162,0.00037673,0.00092263,0.00038036,-0.00020646,0.00031004,13:16:10..263,,,,
13:16:10..296,4.04927667,0.038939,-0.00101534,0.00060847,0.00064153,0.00037609,0.00092335,0.00038052,-0.00020645,0.0003104,13:16:10..307,,,,
13:16:10..412,4.19924988,0.038939,-0.00101605,0.00060879,0.00064128,0.00037573,0.0009225,0.00038055,-0.00020642,0.00031039,13:16:10..409,,,,
13:16:10..444,4.0337622,0.028616,-0.0010159,0.00060908,0.00064175,0.00037528,0.00092296,0.00037953,-0.00020617,0.00031015,13:16:10..451,,,,
13:16:10..565,4.09582008,0.028616,-0.001016,0.00060877,0.00064175,0.00037586,0.00092266,0.00038024,-0.00020649,0.0003104,13:16:10..563,,,,
13:16:10..597,4.01307624,0.020452,-0.00101615,0.00060896,0.00064144,0.00037565,0.00092289,0.00038,-0.00020611,0.00031052,13:16:10..606,,,,
13:16:10..745,4.43196693,0.020452,-0.00101654,0.00060875,0.00064185,0.00037544,0.00092257,0.0003796,-0.00020643,0.00030984,13:16:10..743,,,,
13:16:10..776,4.4991963,0.020452,-0.00101676,0.000609,0.00064185,0.00037547,0.00092228,0.00037986,-0.00020634,0.00031026,13:16:10..743,,,,
13:16:10..810,4.33888011,0.010538,-0.00101613,0.00060916,0.00064239,0.00037537,0.00092293,0.00037983,-0.00020629,0.00030997,13:16:10..859,,,,
13:16:10..922,4.08030561,0.010538,-0.00101699,0.00060924,0.00064132,0.00037592,0.0009226,0.00037977,-0.00020646,0.00031051,13:16:10..919,,,,
13:16:10..954,3.96653283,0.007629,-0.00101666,0.00060903,0.00064164,0.00037533,0.0009232,0.00037931,-0.00020604,0.00030992,13:16:10..963,,,,
13:16:11..051,4.02859071,0.007629,-0.00101655,0.00060956,0.00064155,0.00037554,0.00092242,0.00037984,-0.00020641,0.0003101,13:16:11..049,,,,
13:16:11..084,4.12684902,0.004054,-0.00101727,0.000609,0.00064082,0.00037455,0.00092221,0.00037994,-0.00020617,0.00030975,13:16:11..093,,,,
13:16:11..150,4.18373541,0.003044,-0.00101713,0.00060937,0.00064154,0.00037469,0.00092339,0.00037945,-0.00020614,0.0003098,13:16:11..190,,,,
13:16:11..196,4.37508054,0.003044,-0.00101738,0.00060892,0.00064081,0.00037493,0.0009225,0.00037983,-0.00020685,0.0003101,13:16:11..190,,,,
13:16:11..230,4.05961965,0.001189,-0.00101753,0.00060895,0.00064125,0.00037499,0.00092298,0.00037945,-0.00020616,0.00030963,13:16:11..233,,,,
13:16:11..335,4.0854771,0.001189,-0.00101732,0.00060916,0.00064145,0.00037517,0.00092328,0.00037933,-0.00020622,0.00030999,13:16:11..332,,,,
13:16:11..367,4.15270647,-0.000418,-0.00101755,0.00060884,0.00064135,0.00037449,0.00092317,0.00037934,-0.00020633,0.00030966,13:16:11..376,,,,
13:16:11..405,4.32336564,-0.001127,-0.00101731,0.00060909,0.00064061,0.00037461,0.00092295,0.00038015,-0.00020621,0.00030993,13:16:11..419,,,,
13:16:11..458,4.23027882,-0.002322,-0.00101728,0.00060908,0.00064131,0.00037452,0.00092373,0.00037977,-0.00020602,0.00030937,13:16:11..497,,,,
13:16:11..543,3.97170432,-0.002322,-0.00101748,0.00060939,0.00064116,0.00037433,0.00092239,0.00037976,-0.0002064,0.00030982,13:16:11..541,,,,
13:16:11..575,4.3440516,-0.002322,-0.00101801,0.00060904,0.00064108,0.0003747,0.00092239,0.00037996,-0.0002069,0.00030976,13:16:11..541,,,,
13:16:11..608,4.1889069,-0.004018,-0.00101773,0.00060917,0.00064186,0.00037472,0.00092347,0.00037994,-0.00020595,0.00031017,13:16:11..662,,,,
13:16:11..712,4.02341922,-0.004018,-0.00101816,0.00060884,0.00064094,0.00037402,0.00092275,0.00037943,-0.00020651,0.00030973,13:16:11..710,,,,
13:16:11..744,4.07513412,-0.00433,-0.00101794,0.00060882,0.00064151,0.00037403,0.00092306,0.0003795,-0.0002064,0.0003101,13:16:11..754,,,,
13:16:11..820,4.14236349,-0.004909,-0.00101848,0.00060932,0.00064075,0.00037425,0.00092289,0.00037993,-0.0002065,0.0003095,13:16:11..875,,,,
13:16:11..893,4.21993584,-0.004909,-0.00101784,0.00060885,0.00064141,0.00037435,0.00092339,0.00037969,-0.00020629,0.00030986,13:16:11..875,,,,
13:16:11..925,4.26647925,-0.005144,-0.00101793,0.00060877,0.00064126,0.00037374,0.0009229,0.00037987,-0.00020614,0.00030938,13:16:11..918,,,,
13:16:11..959,4.28716521,-0.005367,-0.0010184,0.00060876,0.00064051,0.00037418,0.00092259,0.00037989,-0.00020632,0.0003096,13:16:11..960,,,,
13:16:12..074,4.13202051,-0.005367,-0.00101786,0.00060921,0.00064155,0.00037425,0.00092296,0.00037916,-0.0002061,0.00030962,13:16:12..072,,,,
13:16:12..105,4.23545031,-0.00606,-0.00101817,0.00060892,0.0006413,0.00037397,0.00092314,0.00037931,-0.00020648,0.00030985,13:16:12..115,,,,
13:16:12..214,4.23027882,-0.00606,-0.001018,0.00060899,0.00064106,0.00037374,0.00092295,0.00037933,-0.00020609,0.00030911,13:16:12..252,,,,
13:16:12..260,4.02859071,-0.00606,-0.00101797,0.00060879,0.0006413,0.0003736,0.00092277,0.00038011,-0.00020634,0.00030942,13:16:12..252,,,,
13:16:12..293,4.23545031,-0.006461,-0.00101844,0.00060859,0.00064077,0.00037331,0.00092237,0.00037938,-0.00020668,0.00030938,13:16:12..297,,,,
13:16:12..367,4.36990905,-0.006461,-0.0010182,0.00060895,0.00064128,0.00037365,0.00092282,0.00037937,-0.0002062,0.00030929,13:16:12..411,,,,
13:16:12..447,4.06996263,-0.006461,-0.00101882,0.00060871,0.00064108,0.00037351,0.00092267,0.00037903,-0.00020646,0.0003092,13:16:12..411,,,,
13:16:12..480,4.11650604,-0.006885,-0.00101885,0.00060909,0.00064134,0.00037374,0.00092245,0.00037937,-0.00020665,0.00030895,13:16:12..454,,,,
13:16:12..564,4.21993584,-0.006885,-0.00101831,0.00060922,0.00064085,0.00037328,0.00092276,0.0003791,-0.00020687,0.0003093,13:16:12..599,,,,
13:16:12..608,4.25613627,-0.006885,-0.00101856,0.00060851,0.00064096,0.00037302,0.00092238,0.00037916,-0.000206,0.00030898,13:16:12..599,,,,
13:16:12..639,3.98721879,-0.007085,-0.00101778,0.00060867,0.00064116,0.0003735,0.00092276,0.00037902,-0.00020609,0.0003094,13:16:12..642,,,,
13:16:12..707,3.97687581,-0.007085,-0.00101842,0.00060847,0.00064055,0.00037326,0.000922,0.00037975,-0.00020621,0.00030932,13:16:12..745,,,,
13:16:12..753,4.39059501,-0.007085,-0.00101841,0.00060844,0.00064124,0.00037316,0.00092278,0.00037935,-0.00020593,0.00030932,13:16:12..745,,,,
13:16:12..786,4.15270647,-0.007447,-0.00101789,0.00060885,0.00064095,0.0003729,0.00092243,0.00037938,-0.00020638,0.00030911,13:16:12..789,,,,
13:16:12..884,4.02859071,-0.007447,-0.00101833,0.00060892,0.00064112,0.0003733,0.00092271,0.00037924,-0.00020645,0.00030918,13:16:12..881,,,,
13:16:12..916,4.18373541,-0.007689,-0.00101801,0.00060849,0.00064123,0.00037296,0.00092277,0.0003789,-0.00020651,0.0003095,13:16:12..881,,,,
13:16:12..984,4.25613627,-0.007689,-0.00101897,0.00060838,0.00064086,0.00037336,0.00092234,0.00037935,-0.00020631,0.00030931,13:16:13..018,,,,
13:16:13..027,4.28716521,-0.007689,-0.00101801,0.00060896,0.00064106,0.00037293,0.00092308,0.00037905,-0.00020645,0.00030923,13:16:13..018,,,,
13:16:13..059,3.99239028,-0.007998,-0.00101839,0.00060856,0.00064067,0.00037299,0.00092216,0.00037927,-0.00020645,0.00030884,13:16:13..061,,,,
13:16:13..181,4.01307624,-0.007998,-0.00101851,0.00060842,0.0006408,0.00037301,0.00092232,0.00037897,-0.00020605,0.00030935,13:16:13..179,,,,
13:16:13..213,4.17339243,-0.008246,-0.00101817,0.00060873,0.00064112,0.00037281,0.00092275,0.0003791,-0.00020653,0.00030928,13:16:13..214,,,,
13:16:13..347,4.16304945,-0.008246,-0.00101891,0.00060848,0.00064067,0.00037272,0.0009222,0.00037886,-0.00020642,0.00030897,13:16:13..345,,,,
13:16:13..379,4.38542352,-0.008259,-0.00101867,0.00060854,0.00064067,0.00037285,0.00092259,0.00037863,-0.000206,0.00030903,13:16:13..387,,,,
13:16:13..498,4.36473756,-0.008259,-0.00101891,0.00060847,0.00064095,0.00037269,0.00092198,0.00037937,-0.00020647,0.00030909,13:16:13..496,,,,
13:16:13..530,4.12684902,-0.008353,-0.00101858,0.0006083,0.00064066,0.00037259,0.00092172,0.00037955,-0.00020585,0.00030911,13:16:13..539,,,,
13:16:13..603,4.2406218,-0.008381,-0.0010188,0.00060851,0.00064067,0.00037248,0.00092247,0.000379,-0.00020602,0.00030918,13:16:13..657,,,,
13:16:13..713,4.30785117,-0.008381,-0.00101876,0.0006083,0.00064081,0.0003728,0.00092181,0.00037867,-0.00020591,0.00030894,13:16:13..713,,,,
13:16:13..747,3.97170432,-0.008355,-0.00101888,0.00060835,0.00064061,0.00037251,0.00092185,0.00037895,-0.00020628,0.00030875,13:16:13..755,,,,
13:16:13..850,4.14236349,-0.008355,-0.00101933,0.00060809,0.00064017,0.00037233,0.00092129,0.00037906,-0.00020591,0.0003091,13:16:13..889,,,,
13:16:13..895,4.10616306,-0.008355,-0.00101879,0.00060837,0.00064058,0.00037295,0.00092218,0.00037907,-0.00020641,0.00030872,13:16:13..889,,,,
13:16:13..929,4.21476435,-0.008359,-0.00101879,0.00060824,0.00064051,0.00037215,0.0009222,0.00037891,-0.0002064,0.00030908,13:16:13..932,,,,
13:16:13..999,4.12684902,-0.008397,-0.00101927,0.00060776,0.00064062,0.00037261,0.00092137,0.00037878,-0.00020634,0.00030921,13:16:14..041,,,,
13:16:14..050,4.19407839,-0.008397,-0.00101903,0.00060829,0.00064061,0.00037247,0.00092177,0.00037879,-0.00020651,0.0003088,13:16:14..041,,,,
13:16:14..085,4.31819415,-0.008417,-0.00101932,0.00060781,0.00064017,0.00037197,0.00092157,0.00037858,-0.00020648,0.00030884,13:16:14..129,,,,
13:16:14..215,4.16822094,-0.008417,-0.00101962,0.00060825,0.00064,0.00037258,0.00092094,0.00037867,-0.00020668,0.00030876,13:16:14..214,,,,
13:16:14..248,4.19924988,-0.008417,-0.00101909,0.00060767,0.00064035,0.00037205,0.00092151,0.00037902,-0.00020613,0.00030857,13:16:14..214,,,,
13:16:14..282,4.14753498,-0.008416,-0.00101903,0.000608,0.00064035,0.00037221,0.00092186,0.00037821,-0.00020643,0.00030859,13:16:14..345,,,,
13:16:14..398,4.20959286,-0.008416,-0.00101945,0.000608,0.00064007,0.00037226,0.00092089,0.00037907,-0.00020678,0.00030901,13:16:14..397,,,,
13:16:14..429,4.08030561,-0.008416,-0.00101921,0.00060769,0.00063975,0.00037233,0.00092085,0.00037911,-0.00020676,0.00030902,13:16:14..397,,,,
13:16:14..463,4.22510733,-0.008426,-0.00101961,0.00060771,0.00064009,0.00037184,0.00092078,0.00037857,-0.00020636,0.00030848,13:16:14..506,,,,
13:16:14..556,4.23027882,-0.008426,-0.00101894,0.00060758,0.00064053,0.00037214,0.00092114,0.00037881,-0.00020616,0.00030885,13:16:14..555,,,,
13:16:14..591,4.15787796,-0.008443,-0.00101889,0.00060756,0.00063981,0.00037225,0.00092099,0.00037892,-0.00020646,0.00030901,13:16:14..598,,,,
13:16:14..666,4.11133455,-0.008402,-0.00101895,0.00060793,0.00063993,0.00037187,0.00092139,0.00037878,-0.00020598,0.00030882,13:16:14..665,,,,
13:16:14..742,4.15787796,-0.008402,-0.00101949,0.00060795,0.00063989,0.0003719,0.00092106,0.00037872,-0.0002064,0.00030887,13:16:14..707,,,,
13:16:14..774,4.26647925,-0.00836,-0.00101947,0.00060772,0.00063956,0.00037207,0.00092115,0.00037877,-0.00020682,0.00030882,13:16:14..795,,,,
13:16:14..886,4.137192,-0.00836,-0.00101936,0.00060743,0.00063992,0.00037165,0.00092078,0.00037891,-0.0002066,0.00030833,13:16:14..884,,,,
13:16:14..917,4.16822094,-0.00836,-0.00101884,0.00060794,0.0006402,0.0003718,0.00092104,0.00037882,-0.00020601,0.00030864,13:16:14..884,,,,
13:16:14..952,4.25096478,-0.008106,-0.00101903,0.00060783,0.00063995,0.00037174,0.00092114,0.00037871,-0.00020613,0.00030879,13:16:15..022,,,,
13:16:15..071,4.1889069,-0.008106,-0.0010191,0.00060764,0.0006395,0.00037138,0.00092072,0.00037871,-0.00020673,0.00030817,13:16:15..069,,,,
13:16:15..103,4.15270647,-0.008039,-0.00101923,0.00060747,0.00063981,0.00037173,0.00092066,0.00037853,-0.00020635,0.00030843,13:16:15..112,,,,
13:16:15..217,4.27682223,-0.008039,-0.00101918,0.00060775,0.0006397,0.00037152,0.00092073,0.00037917,-0.00020655,0.00030833,13:16:15..214,,,,
13:16:15..248,4.11650604,-0.008039,-0.00101941,0.0006078,0.00063949,0.00037157,0.00092078,0.00037918,-0.0002063,0.00030853,13:16:15..214,,,,
13:16:15..281,4.15787796,-0.007902,-0.00101887,0.0006071,0.00063979,0.0003713,0.00092062,0.00037855,-0.00020615,0.00030867,13:16:15..328,,,,
13:16:15..378,4.19407839,-0.007902,-0.00101941,0.0006077,0.00063994,0.00037146,0.00092068,0.00037908,-0.00020601,0.00030899,13:16:15..376,,,,
13:16:15..409,4.1889069,-0.007844,-0.00101949,0.00060715,0.00063935,0.00037098,0.00091983,0.00037863,-0.00020639,0.00030804,13:16:15..376,,,,
13:16:15..497,4.16822094,-0.007844,-0.00101894,0.00060754,0.00064008,0.00037113,0.00092071,0.00037854,-0.00020632,0.00030836,13:16:15..532,,,,
13:16:15..541,4.17339243,-0.007844,-0.00101909,0.0006069,0.00063917,0.00037107,0.00092035,0.00037894,-0.00020637,0.00030835,13:16:15..532,,,,
13:16:15..575,4.23545031,-0.007807,-0.00101932,0.00060758,0.00063943,0.00037145,0.00092002,0.00037812,-0.00020615,0.00030838,13:16:15..576,,,,
13:16:15..694,4.18373541,-0.007807,-0.00101958,0.00060729,0.0006395,0.0003715,0.00092059,0.00037826,-0.00020629,0.00030833,13:16:15..692,,,,
13:16:15..726,4.21993584,-0.007844,-0.00101926,0.00060713,0.00063955,0.00037089,0.00092026,0.00037855,-0.00020598,0.00030849,13:16:15..735,,,,
13:16:15..833,4.25096478,-0.007844,-0.00101967,0.00060727,0.00063948,0.00037091,0.00092042,0.00037825,-0.00020623,0.00030824,13:16:15..830,,,,
13:16:15..865,4.14236349,-0.007916,-0.00101978,0.00060683,0.00063966,0.00037088,0.00092023,0.00037858,-0.00020613,0.00030799,13:16:15..876,,,,
13:16:15..969,4.24579329,-0.007916,-0.00101924,0.0006075,0.00063915,0.00037117,0.00092019,0.00037874,-0.00020614,0.00030821,13:16:15..967,,,,
13:16:16..001,4.14753498,-0.00811,-0.00101946,0.00060743,0.00063914,0.00037088,0.00091987,0.00037876,-0.00020657,0.00030824,13:16:16..011,,,,
13:16:16..120,4.11133455,-0.00811,-0.00101924,0.00060676,0.00063927,0.00037061,0.00091999,0.0003785,-0.00020633,0.00030816,13:16:16..117,,,,
13:16:16..152,4.3440516,-0.008307,-0.00101949,0.00060707,0.00063972,0.0003705,0.00092017,0.00037849,-0.000206,0.0003078,13:16:16..162,,,,
13:16:16..229,4.23027882,-0.008338,-0.00101953,0.0006074,0.00063933,0.00037026,0.00092004,0.00037869,-0.00020642,0.00030836,13:16:16..270,,,,
13:16:16..276,4.0854771,-0.008338,-0.0010194,0.00060671,0.00063926,0.00037023,0.00092056,0.0003787,-0.00020647,0.00030798,13:16:16..270,,,,
13:16:16..308,4.1889069,-0.008338,-0.00101932,0.00060701,0.00063941,0.00037047,0.00091986,0.00037826,-0.00020638,0.00030796,13:16:16..270,,,,
13:16:16..342,4.14753498,-0.008323,-0.00101976,0.00060735,0.00063941,0.00037021,0.00092025,0.00037816,-0.00020651,0.00030819,13:16:16..381,,,,
13:16:16..427,4.26647925,-0.008323,-0.00101967,0.00060684,0.00063921,0.00037056,0.00091926,0.00037833,-0.00020599,0.00030856,13:16:16..426,,,,
13:16:16..459,4.11133455,-0.008277,-0.00101951,0.00060668,0.0006395,0.00037051,0.00092004,0.00037823,-0.00020646,0.00030822,13:16:16..469,,,,
13:16:16..585,4.06996263,-0.008277,-0.00101985,0.00060668,0.00063877,0.00037028,0.00091929,0.0003785,-0.0002064,0.00030839,13:16:16..582,,,,
13:16:16..616,4.16822094,-0.008239,-0.00101922,0.00060695,0.00063928,0.00037029,0.00091985,0.00037809,-0.00020625,0.00030847,13:16:16..625,,,,
13:16:16..704,4.15787796,-0.008251,-0.00101939,0.0006068,0.00063949,0.00037021,0.00091972,0.00037826,-0.00020662,0.00030814,13:16:16..753,,,,
13:16:16..801,4.06996263,-0.008251,-0.00101932,0.00060684,0.00063893,0.00036998,0.00091957,0.00037817,-0.00020657,0.0003082,13:16:16..753,,,,
13:16:16..834,4.31302266,-0.008252,-0.00101966,0.00060695,0.00063878,0.0003698,0.00091915,0.00037819,-0.00020652,0.00030848,13:16:16..847,,,,
13:16:16..894,4.21476435,-0.008264,-0.00101934,0.0006068,0.00063943,0.00037008,0.00091999,0.000378,-0.00020629,0.00030861,13:16:16..939,,,,
13:16:16..959,4.10616306,-0.008264,-0.00101957,0.00060694,0.00063886,0.00036989,0.00091915,0.00037841,-0.00020634,0.00030814,13:16:16..939,,,,
13:16:16..992,4.14236349,-0.008346,-0.00101939,0.00060668,0.00063925,0.00036991,0.0009192,0.00037787,-0.00020623,0.00030845,13:16:17..028,,,,
13:16:17..116,4.10099157,-0.008346,-0.00101946,0.00060645,0.00063871,0.00036949,0.00091985,0.00037784,-0.0002068,0.00030824,13:16:17..115,,,,
13:16:17..148,4.04927667,-0.008346,-0.00101955,0.00060672,0.00063886,0.00036956,0.00091947,0.00037822,-0.00020661,0.00030795,13:16:17..115,,,,
13:16:17..183,3.98721879,-0.008365,-0.00101959,0.0006065,0.00063923,0.00036961,0.00091928,0.00037856,-0.00020645,0.00030827,13:16:17..160,,,,
13:16:17..225,4.14753498,-0.008365,-0.00101988,0.00060664,0.00063903,0.00036947,0.00091951,0.00037771,-0.00020678,0.00030797,13:16:17..265,,,,
13:16:17..279,4.33370862,-0.008382,-0.00101998,0.00060636,0.00063874,0.00036901,0.00091941,0.00037735,-0.00020664,0.00030767,13:16:17..314,,,,
13:16:17..347,4.17856392,-0.008382,-0.00101969,0.00060616,0.00063861,0.00036944,0.00091966,0.0003777,-0.00020648,0.00030829,13:16:17..314,,,,
13:16:17..380,4.1889069,-0.008407,-0.00101973,0.00060618,0.00063875,0.00036909,0.00091901,0.00037727,-0.00020693,0.00030827,13:16:17..356,,,,
13:16:17..414,4.0337622,-0.008516,-0.0010198,0.00060697,0.00063905,0.0003693,0.00091925,0.00037765,-0.0002066,0.00030822,13:16:17..471,,,,
13:16:17..526,4.07513412,-0.008516,-0.00101965,0.00060655,0.00063936,0.00036947,0.00091953,0.00037738,-0.00020629,0.00030809,13:16:17..525,,,,
13:16:17..559,4.13202051,-0.008589,-0.0010199,0.00060641,0.000639,0.00036925,0.00091898,0.00037781,-0.00020701,0.00030779,13:16:17..569,,,,
13:16:17..621,4.02341922,-0.008672,-0.00101972,0.00060638,0.00063926,0.00036953,0.00091918,0.00037799,-0.00020681,0.0003083,13:16:17..676,,,,
13:16:17..737,4.20959286,-0.008672,-0.00102008,0.00060679,0.00063908,0.00036941,0.00091897,0.00037769,-0.0002068,0.00030822,13:16:17..676,,,,
13:16:17..772,4.26647925,-0.008798,-0.00101962,0.00060662,0.00063855,0.00036933,0.00091877,0.0003773,-0.00020609,0.00030826,13:16:17..781,,,,
13:16:17..838,4.17856392,-0.008842,-0.00101894,0.00060671,0.00063898,0.00036901,0.000919,0.00037702,-0.00020671,0.00030813,13:16:17..881,,,,
13:16:17..905,4.14236349,-0.008842,-0.00101959,0.00060639,0.00063883,0.00036914,0.0009188,0.00037777,-0.00020655,0.00030861,13:16:17..881,,,,
13:16:17..937,4.19407839,-0.008847,-0.00101988,0.00060602,0.00063911,0.00036894,0.0009185,0.00037747,-0.00020677,0.00030814,13:16:17..923,,,,
13:16:17..972,4.06996263,-0.008895,-0.00101925,0.00060597,0.00063917,0.0003686,0.0009186,0.00037686,-0.00020708,0.00030788,13:16:18..022,,,,
13:16:18..067,4.13202051,-0.00892,-0.00101981,0.00060638,0.00063874,0.00036896,0.00091859,0.00037718,-0.00020657,0.00030853,13:16:18..067,,,,
13:16:18..101,4.09064859,-0.008956,-0.00101967,0.00060592,0.0006388,0.00036907,0.00091876,0.00037739,-0.00020682,0.00030819,13:16:18..110,,,,
13:16:18..217,4.11650604,-0.008956,-0.00101924,0.0006062,0.00063887,0.00036878,0.00091847,0.0003773,-0.00020661,0.00030811,13:16:18..215,,,,
13:16:18..248,4.16304945,-0.008956,-0.00102009,0.00060612,0.00063915,0.00036887,0.00091874,0.00037696,-0.00020676,0.00030813,13:16:18..215,,,,
13:16:18..282,4.28199372,-0.008827,-0.00102002,0.00060607,0.0006388,0.00036863,0.00091902,0.00037677,-0.00020682,0.00030857,13:16:18..323,,,,
13:16:18..374,4.27165074,-0.008827,-0.00101972,0.0006063,0.00063904,0.00036877,0.00091865,0.000378,-0.00020657,0.00030793,13:16:18..386,,,,
13:16:18..405,4.09582008,-0.008777,-0.0010196,0.00060615,0.00063921,0.00036864,0.00091907,0.00037718,-0.00020668,0.00030836,13:16:18..386,,,,
13:16:18..455,4.32853713,-0.008777,-0.00101967,0.00060583,0.00063833,0.00036855,0.00091794,0.00037705,-0.00020672,0.00030797,13:16:18..476,,,,
13:16:18..498,4.23027882,-0.008777,-0.00101979,0.00060597,0.0006394,0.00036832,0.00091878,0.00037673,-0.00020641,0.00030855,13:16:18..476,,,,
13:16:18..531,4.05961965,-0.008736,-0.00102007,0.00060593,0.00063867,0.00036854,0.00091853,0.00037721,-0.00020671,0.00030824,13:16:18..564,,,,
13:16:18..690,4.137192,-0.008736,-0.00102051,0.00060606,0.00063897,0.00036882,0.0009182,0.00037746,-0.00020644,0.00030833,13:16:18..689,,,,
13:16:18..722,4.41645246,-0.008736,-0.00102051,0.00060617,0.00063866,0.00036802,0.00091827,0.0003766,-0.00020683,0.00030842,13:16:18..689,,,,
13:16:18..756,4.16304945,-0.008817,-0.00102028,0.00060595,0.00063841,0.00036818,0.00091804,0.00037695,-0.00020682,0.00030833,13:16:18..823,,,,
13:16:18..872,3.91481793,-0.008817,-0.00102026,0.00060612,0.00063884,0.0003684,0.00091866,0.00037696,-0.00020674,0.00030839,13:16:18..872,,,,
13:16:18..904,4.30267968,-0.008817,-0.00102026,0.00060626,0.00063853,0.00036791,0.00091839,0.00037653,-0.00020686,0.00030827,13:16:18..872,,,,
13:16:18..938,4.21993584,-0.008821,-0.00102001,0.00060563,0.0006385,0.00036831,0.00091775,0.0003768,-0.00020653,0.00030829,13:16:18..994,,,,
13:16:19..043,4.13202051,-0.008716,-0.00101993,0.00060622,0.00063943,0.00036817,0.0009182,0.00037663,-0.00020694,0.00030857,13:16:19..041,,,,
13:16:19..076,4.15270647,-0.008613,-0.00101994,0.00060575,0.00063867,0.00036834,0.0009182,0.00037657,-0.00020678,0.00030841,13:16:19..085,,,,
13:16:19..171,4.3957665,-0.008613,-0.00101998,0.00060614,0.00063877,0.00036844,0.00091834,0.00037678,-0.00020623,0.00030857,13:16:19..169,,,,
13:16:19..205,3.96653283,-0.008535,-0.00102017,0.00060561,0.00063902,0.00036796,0.00091841,0.00037672,-0.00020646,0.00030827,13:16:19..212,,,,
13:16:19..329,4.06996263,-0.008535,-0.00102033,0.00060625,0.0006385,0.00036836,0.00091809,0.00037634,-0.00020638,0.0003084,13:16:19..326,,,,
13:16:19..362,4.25096478,-0.008557,-0.00101995,0.00060606,0.00063826,0.00036801,0.00091734,0.00037621,-0.00020703,0.0003083,13:16:19..370,,,,
13:16:19..470,4.23545031,-0.008557,-0.00101956,0.00060566,0.00063894,0.00036821,0.00091861,0.00037674,-0.00020651,0.00030838,13:16:19..467,,,,
13:16:19..501,4.23545031,-0.008506,-0.00102008,0.00060616,0.00063896,0.00036819,0.00091841,0.00037653,-0.00020738,0.00030824,13:16:19..467,,,,
13:16:19..572,4.27165074,-0.008506,-0.00101995,0.00060598,0.00063862,0.00036784,0.00091781,0.00037659,-0.00020702,0.00030845,13:16:19..613,,,,
13:16:19..621,4.13202051,-0.008506,-0.00102054,0.0006061,0.00063875,0.00036805,0.00091835,0.00037648,-0.00020685,0.00030817,13:16:19..613,,,,
13:16:19..653,4.19407839,-0.008376,-0.00102076,0.00060561,0.00063868,0.00036762,0.0009181,0.00037633,-0.00020669,0.00030846,13:16:19..657,,,,
13:16:19..781,4.15787796,-0.008376,-0.00102013,0.00060641,0.00063869,0.0003678,0.00091821,0.00037625,-0.00020678,0.00030803,13:16:19..778,,,,
13:16:19..812,4.26130776,-0.008424,-0.00102032,0.00060574,0.00063865,0.00036773,0.0009182,0.00037603,-0.00020704,0.00030832,13:16:19..822,,,,
13:16:19..935,4.19924988,-0.008424,-0.00102014,0.00060625,0.0006384,0.0003673,0.00091744,0.00037651,-0.00020708,0.00030841,13:16:19..932,,,,
13:16:19..966,4.15787796,-0.00856,-0.00102015,0.00060599,0.00063843,0.00036722,0.00091798,0.00037596,-0.00020675,0.00030835,13:16:19..976,,,,
13:16:20..025,4.24579329,-0.008582,-0.00102011,0.00060609,0.00063878,0.00036735,0.00091829,0.00037601,-0.00020645,0.00030786,13:16:20..066,,,,
13:16:20..071,4.23027882,-0.008582,-0.00102057,0.00060567,0.00063866,0.00036707,0.00091756,0.00037611,-0.00020699,0.0003079,13:16:20..066,,,,
13:16:20..104,4.13202051,-0.008569,-0.00101994,0.00060584,0.00063834,0.00036686,0.0009182,0.0003762,-0.00020676,0.00030798,13:16:20..111,,,,
13:16:20..217,4.0337622,-0.008569,-0.00102042,0.00060587,0.00063818,0.00036718,0.00091728,0.00037602,-0.00020696,0.00030823,13:16:20..215,,,,
13:16:20..249,4.21476435,-0.008421,-0.00102058,0.00060556,0.00063881,0.00036742,0.00091759,0.00037627,-0.00020651,0.0003085,13:16:20..257,,,,
13:16:20..359,4.12167753,-0.008421,-0.0010207,0.00060588,0.00063845,0.00036704,0.00091741,0.00037623,-0.00020659,0.0003082,13:16:20..357,,,,
13:16:20..391,4.20959286,-0.008306,-0.00102075,0.00060579,0.00063866,0.00036692,0.00091739,0.00037634,-0.00020632,0.00030812,13:16:20..400,,,,
13:16:20..529,4.26647925,-0.008306,-0.00102021,0.00060548,0.0006387,0.00036697,0.0009178,0.00037574,-0.00020679,0.00030793,13:16:20..526,,,,
13:16:20..561,4.10616306,-0.008246,-0.00102013,0.00060573,0.0006384,0.00036722,0.0009177,0.00037571,-0.0002067,0.00030801,13:16:20..570,,,,
13:16:20..677,4.17339243,-0.008246,-0.00102083,0.00060554,0.00063778,0.00036708,0.00091729,0.00037603,-0.0002069,0.00030798,13:16:20..674,,,,
13:16:20..708,4.11133455,-0.00834,-0.0010206,0.00060606,0.00063838,0.00036707,0.00091729,0.00037561,-0.00020677,0.00030802,13:16:20..717,,,,
13:16:20..846,4.10616306,-0.00834,-0.00102056,0.00060566,0.00063879,0.00036713,0.00091763,0.00037556,-0.00020679,0.00030822,13:16:20..844,,,,
13:16:20..878,4.21476435,-0.00834,-0.00102085,0.00060578,0.00063841,0.00036706,0.00091724,0.00037626,-0.00020722,0.00030874,13:16:20..844,,,,
13:16:20..912,4.12684902,-0.008487,-0.00102079,0.00060595,0.00063821,0.00036697,0.00091767,0.00037575,-0.00020716,0.00030821,13:16:20..952,,,,
13:16:21..013,4.10616306,-0.008487,-0.00102038,0.00060619,0.00063857,0.00036688,0.00091748,0.00037591,-0.00020688,0.00030833,13:16:21..012,,,,
13:16:21..045,4.22510733,-0.008537,-0.00102091,0.00060575,0.00063862,0.00036665,0.00091785,0.0003755,-0.00020702,0.00030799,13:16:21..055,,,,
13:16:21..157,4.17339243,-0.008537,-0.00102061,0.00060589,0.00063778,0.00036677,0.00091695,0.00037538,-0.00020711,0.00030815,13:16:21..154,,,,
13:16:21..188,4.06479114,-0.008537,-0.00102145,0.00060534,0.00063815,0.00036658,0.00091751,0.00037538,-0.00020715,0.00030805,13:16:21..154,,,,
13:16:21..222,4.15270647,-0.008499,-0.00102099,0.00060566,0.00063812,0.00036647,0.00091787,0.0003756,-0.00020707,0.00030808,13:16:21..288,,,,
13:16:21..338,4.22510733,-0.008499,-0.00102076,0.00060603,0.00063821,0.00036681,0.000917,0.00037598,-0.00020686,0.00030812,13:16:21..337,,,,
13:16:21..369,4.11133455,-0.008499,-0.00102077,0.00060577,0.00063839,0.00036639,0.00091736,0.00037535,-0.00020692,0.00030767,13:16:21..337,,,,
13:16:21..403,4.13202051,-0.008348,-0.00102087,0.00060603,0.00063843,0.00036675,0.0009175,0.00037577,-0.00020651,0.000308,13:16:21..446,,,,
13:16:21..495,4.17856392,-0.008348,-0.00102092,0.00060568,0.00063805,0.0003662,0.00091752,0.00037589,-0.0002067,0.00030825,13:16:21..492,,,,
13:16:21..526,4.26130776,-0.008265,-0.00102117,0.00060607,0.00063857,0.00036626,0.00091778,0.00037542,-0.00020735,0.00030783,13:16:21..535,,,,
13:16:21..577,4.25096478,-0.008232,-0.00102163,0.00060612,0.00063774,0.00036625,0.00091655,0.00037559,-0.00020729,0.00030794,13:16:21..577,,,,
13:16:21..618,4.03893369,-0.008199,-0.00102131,0.00060601,0.00063845,0.00036658,0.00091743,0.00037502,-0.00020739,0.00030777,13:16:21..670,,,,
13:16:21..680,4.09582008,-0.008199,-0.00102108,0.000606,0.00063828,0.00036682,0.00091719,0.00037558,-0.00020726,0.00030821,13:16:21..670,,,,
13:16:21..714,4.28199372,-0.008075,-0.00102092,0.0006063,0.0006386,0.00036654,0.00091715,0.00037536,-0.00020693,0.00030806,13:16:21..780,,,,
13:16:21..830,4.15270647,-0.008075,-0.00102132,0.00060571,0.00063813,0.00036633,0.00091669,0.00037559,-0.00020727,0.00030795,13:16:21..829,,,,
13:16:21..862,4.12684902,-0.008075,-0.00102129,0.00060579,0.00063788,0.00036658,0.00091693,0.00037507,-0.00020732,0.00030792,13:16:21..829,,,,
13:16:21..896,4.11133455,-0.007894,-0.00102134,0.0006059,0.00063826,0.00036636,0.00091757,0.00037551,-0.00020706,0.00030764,13:16:21..940,,,,
13:16:21..991,4.20959286,-0.007894,-0.00102199,0.00060559,0.00063785,0.00036626,0.00091688,0.0003761,-0.00020746,0.00030759,13:16:21..990,,,,
13:16:22..024,4.02341922,-0.007824,-0.00102108,0.00060597,0.00063821,0.00036642,0.00091734,0.00037568,-0.00020672,0.00030773,13:16:22..033,,,,
13:16:22..131,4.14753498,-0.007824,-0.00102164,0.00060563,0.00063748,0.00036623,0.00091642,0.00037536,-0.00020733,0.00030769,13:16:22..128,,,,
13:16:22..163,4.04927667,-0.007824,-0.00102158,0.00060605,0.00063766,0.00036643,0.00091721,0.00037563,-0.00020706,0.00030803,13:16:22..171,,,,
13:16:22..292,4.24579329,-0.007824,-0.0010212,0.00060596,0.00063776,0.00036636,0.00091712,0.00037579,-0.00020677,0.00030746,13:16:22..289,,,,
13:16:22..326,4.12167753,-0.007875,-0.00102126,0.00060565,0.00063804,0.00036643,0.00091736,0.00037558,-0.00020745,0.00030726,13:16:22..332,,,,
13:16:22..416,4.25613627,-0.007875,-0.0010215,0.00060603,0.00063743,0.00036626,0.00091737,0.00037533,-0.00020707,0.00030808,13:16:22..415,,,,
13:16:22..449,4.17856392,-0.007942,-0.00102189,0.00060591,0.00063759,0.00036638,0.00091666,0.00037533,-0.00020721,0.00030748,13:16:22..457,,,,
13:16:22..538,4.27682223,-0.007942,-0.0010214,0.00060545,0.0006379,0.000366,0.00091731,0.00037567,-0.00020736,0.00030733,13:16:22..536,,,,
13:16:22..570,4.03893369,-0.008,-0.00102104,0.00060582,0.00063747,0.0003659,0.00091671,0.00037586,-0.00020714,0.00030781,13:16:22..578,,,,
13:16:22..631,4.26130776,-0.007958,-0.00102141,0.00060586,0.00063819,0.0003661,0.0009173,0.00037523,-0.00020744,0.00030755,13:16:22..674,,,,
13:16:22..728,4.20442137,-0.007958,-0.00102154,0.00060587,0.00063773,0.00036627,0.00091651,0.00037538,-0.00020726,0.00030775,13:16:22..727,,,,
13:16:22..761,4.21476435,-0.007976,-0.00102171,0.00060522,0.00063731,0.00036589,0.00091688,0.00037584,-0.00020702,0.00030762,13:16:22..771,,,,
13:16:22..878,4.12167753,-0.007976,-0.00102132,0.00060599,0.00063797,0.00036625,0.00091751,0.00037524,-0.00020659,0.00030707,13:16:22..877,,,,
13:16:22..912,4.23545031,-0.008055,-0.0010217,0.00060579,0.00063718,0.00036605,0.00091672,0.00037569,-0.00020766,0.00030751,13:16:22..922,,,,
13:16:23..031,4.16822094,-0.008055,-0.00102218,0.00060563,0.00063763,0.00036561,0.00091699,0.00037539,-0.00020731,0.00030719,13:16:23..029,,,,
13:16:23..063,4.06996263,-0.008104,-0.00102179,0.0006058,0.00063741,0.00036618,0.00091641,0.0003755,-0.00020742,0.00030728,13:16:23..073,,,,
13:16:23..170,4.01307624,-0.008104,-0.00102153,0.00060588,0.00063753,0.00036626,0.00091729,0.00037532,-0.00020689,0.00030722,13:16:23..168,,,,
13:16:23..202,4.21993584,-0.008212,-0.00102224,0.00060576,0.0006373,0.00036581,0.00091675,0.00037556,-0.00020789,0.00030724,13:16:23..212,,,,
13:16:23..321,4.0854771,-0.008212,-0.00102177,0.00060624,0.00063753,0.00036584,0.00091649,0.0003753,-0.00020723,0.00030773,13:16:23..318,,,,
13:16:23..352,4.18373541,-0.008377,-0.00102181,0.00060611,0.00063714,0.00036596,0.00091691,0.00037544,-0.00020755,0.00030694,13:16:23..318,,,,
13:16:23..432,4.39059501,-0.008377,-0.00102151,0.00060571,0.00063778,0.00036591,0.00091696,0.00037517,-0.00020749,0.00030737,13:16:23..460,,,,
13:16:23..468,3.97170432,-0.008377,-0.00102196,0.00060606,0.00063709,0.00036577,0.0009165,0.00037542,-0.00020767,0.00030749,13:16:23..460,,,,
13:16:23..502,3.83724558,-0.008426,-0.00102193,0.00060586,0.00063745,0.00036553,0.00091718,0.00037529,-0.00020776,0.00030688,13:16:23..505,,,,
13:16:23..602,4.23545031,-0.008426,-0.00102244,0.00060567,0.00063716,0.00036583,0.00091649,0.0003755,-0.00020712,0.00030709,13:16:23..600,,,,
13:16:23..633,4.19407839,-0.008384,-0.00102201,0.00060534,0.00063701,0.00036599,0.00091626,0.00037597,-0.00020698,0.0003073,13:16:23..644,,,,
13:16:23..710,4.06479114,-0.008384,-0.00102226,0.00060609,0.0006376,0.00036604,0.00091691,0.00037501,-0.00020709,0.00030719,13:16:23..707,,,,
13:16:23..749,4.05961965,-0.008384,-0.00102205,0.0006056,0.00063743,0.0003658,0.00091665,0.00037574,-0.00020745,0.00030732,13:16:23..707,,,,
13:16:23..782,4.30785117,-0.008293,-0.00102133,0.00060539,0.00063746,0.00036584,0.00091689,0.00037481,-0.00020703,0.0003074,13:16:23..752,,,,
13:16:23..815,4.42679544,-0.008148,-0.00102172,0.00060606,0.00063745,0.00036572,0.00091712,0.0003751,-0.00020753,0.00030726,13:16:23..863,,,,
13:16:23..913,4.27682223,-0.008148,-0.00102188,0.00060578,0.00063731,0.0003658,0.00091652,0.00037549,-0.00020716,0.00030745,13:16:23..922,,,,
13:16:23..944,4.12684902,-0.008148,-0.00102226,0.00060555,0.00063733,0.00036583,0.00091617,0.00037502,-0.00020714,0.00030703,13:16:23..922,,,,
13:16:23..977,4.27682223,-0.008198,-0.00102195,0.00060589,0.00063751,0.00036588,0.00091676,0.00037543,-0.00020729,0.00030696,13:16:24..009,,,,
13:16:24..058,4.29750819,-0.008198,-0.00102265,0.00060522,0.00063706,0.00036538,0.0009162,0.00037529,-0.00020805,0.00030664,13:16:24..057,,,,
13:16:24..090,4.12684902,-0.008217,-0.00102218,0.00060575,0.0006371,0.00036555,0.0009163,0.00037522,-0.00020742,0.00030674,13:16:24..100,,,,
13:16:24..154,4.0337622,-0.008176,-0.00102179,0.00060554,0.0006369,0.00036585,0.00091686,0.00037502,-0.00020754,0.00030679,13:16:24..195,,,,
13:16:24..202,4.23545031,-0.008176,-0.00102218,0.000606,0.00063727,0.00036556,0.00091689,0.00037571,-0.0002071,0.00030737,13:16:24..195,,,,
13:16:24..234,4.30267968,-0.008191,-0.00102209,0.00060573,0.00063757,0.00036555,0.00091711,0.00037499,-0.00020716,0.00030709,13:16:24..238,,,,
13:16:24..343,4.15270647,-0.008191,-0.00102235,0.00060594,0.00063702,0.00036586,0.00091642,0.00037537,-0.0002075,0.00030704,13:16:24..342,,,,
13:16:24..374,4.22510733,-0.008191,-0.00102255,0.00060539,0.00063712,0.00036534,0.00091653,0.00037515,-0.00020736,0.0003065,13:16:24..342,,,,
13:16:24..408,4.18373541,-0.008274,-0.00102204,0.00060561,0.00063752,0.00036594,0.00091683,0.00037478,-0.0002072,0.00030664,13:16:24..447,,,,
13:16:24..498,4.21476435,-0.008274,-0.00102266,0.00060596,0.00063683,0.00036583,0.00091593,0.0003755,-0.00020724,0.00030684,13:16:24..497,,,,
13:16:24..530,4.12167753,-0.008371,-0.00102191,0.00060526,0.00063747,0.00036554,0.00091673,0.000375,-0.00020729,0.00030678,13:16:24..497,,,,
13:16:24..607,4.0854771,-0.008371,-0.00102244,0.00060572,0.00063678,0.00036555,0.00091609,0.00037524,-0.0002072,0.00030681,13:16:24..648,,,,
13:16:24..672,4.21993584,-0.008371,-0.0010224,0.00060554,0.00063694,0.00036525,0.00091649,0.00037495,-0.00020758,0.00030698,13:16:24..648,,,,
13:16:24..704,4.09064859,-0.008397,-0.00102234,0.00060557,0.00063692,0.00036535,0.00091668,0.0003754,-0.00020715,0.00030649,13:16:24..692,,,,
13:16:24..738,4.19407839,-0.008323,-0.00102256,0.00060577,0.00063714,0.00036589,0.00091667,0.0003753,-0.00020727,0.00030692,13:16:24..802,,,,
13:16:24..849,4.21993584,-0.008269,-0.00102297,0.00060559,0.00063718,0.00036564,0.00091635,0.00037532,-0.0002077,0.00030731,13:16:24..802,,,,
13:16:24..881,4.12684902,-0.008269,-0.00102257,0.00060503,0.00063686,0.00036512,0.00091576,0.00037497,-0.00020832,0.00030626,13:16:24..852,,,,
13:16:24..915,4.16822094,-0.008212,-0.00102216,0.00060608,0.00063751,0.00036573,0.00091605,0.00037518,-0.00020729,0.00030626,13:16:24..985,,,,
13:16:25..040,4.19924988,-0.008212,-0.00102248,0.00060558,0.00063692,0.0003656,0.00091654,0.00037517,-0.00020714,0.00030711,13:16:24..985,,,,
13:16:25..072,4.11133455,-0.008212,-0.00102291,0.0006054,0.00063686,0.00036571,0.0009161,0.00037527,-0.00020726,0.00030643,13:16:25..043,,,,
13:16:25..106,4.10099157,-0.008221,-0.00102236,0.00060579,0.00063673,0.00036573,0.00091612,0.00037538,-0.00020703,0.00030701,13:16:25..151,,,,
13:16:25..217,4.19924988,-0.008221,-0.00102238,0.00060541,0.00063689,0.00036582,0.00091621,0.00037517,-0.00020729,0.00030664,13:16:25..214,,,,
13:16:25..248,4.15787796,-0.008221,-0.00102259,0.00060563,0.00063659,0.00036549,0.00091608,0.00037515,-0.00020777,0.00030663,13:16:25..214,,,,
13:16:25..282,4.10099157,-0.008136,-0.0010224,0.00060541,0.00063686,0.00036589,0.00091593,0.00037531,-0.00020739,0.00030616,13:16:25..343,,,,
13:16:25..407,4.1889069,-0.008136,-0.0010222,0.00060545,0.0006373,0.0003655,0.00091622,0.0003747,-0.00020761,0.00030651,13:16:25..410,,,,
13:16:25..439,4.0854771,-0.008188,-0.0010227,0.00060541,0.00063681,0.00036538,0.00091615,0.00037551,-0.0002074,0.00030637,13:16:25..453,,,,
13:16:25..559,4.12167753,-0.008188,-0.00102238,0.00060528,0.00063704,0.00036533,0.0009169,0.00037479,-0.00020735,0.00030664,13:16:25..558,,,,
13:16:25..592,4.20959286,-0.008172,-0.00102244,0.00060502,0.00063698,0.00036546,0.00091661,0.000375,-0.0002073,0.00030603,13:16:25..591,,,,
13:16:25..625,4.16304945,-0.008181,-0.00102289,0.00060536,0.00063648,0.00036532,0.00091644,0.000375,-0.00020757,0.00030666,13:16:25..634,,,,
13:16:25..763,4.11133455,-0.008181,-0.00102286,0.00060542,0.00063639,0.00036549,0.00091618,0.00037525,-0.0002076,0.00030634,13:16:25..760,,,,
13:16:25..798,4.20959286,-0.008302,-0.00102316,0.0006055,0.000637,0.00036533,0.00091619,0.00037503,-0.00020744,0.00030635,13:16:25..760,,,,
13:16:25..830,4.15270647,-0.008395,-0.0010226,0.00060542,0.00063675,0.00036541,0.00091639,0.00037498,-0.00020787,0.00030634,13:16:25..851,,,,
13:16:25..954,4.15787796,-0.008395,-0.00102298,0.00060511,0.00063586,0.00036484,0.00091536,0.00037487,-0.00020787,0.00030629,13:16:25..952,,,,
13:16:25..986,4.19924988,-0.008395,-0.00102279,0.00060527,0.0006362,0.00036493,0.00091547,0.0003745,-0.00020768,0.00030615,13:16:25..952,,,,
13:16:26..021,4.11650604,-0.008679,-0.00102321,0.00060539,0.00063627,0.00036527,0.00091592,0.0003747,-0.00020793,0.00030596,13:16:26..039,,,,
13:16:26..101,4.05961965,-0.008761,-0.00102214,0.00060554,0.00063719,0.00036547,0.00091661,0.000375,-0.00020771,0.00030612,13:16:26..098,,,,
13:16:26..144,4.24579329,-0.008761,-0.0010232,0.00060532,0.00063634,0.00036517,0.00091616,0.00037513,-0.00020788,0.00030574,13:16:26..142,,,,
13:16:26..177,4.1889069,-0.008855,-0.00102247,0.00060485,0.00063658,0.00036518,0.00091612,0.00037502,-0.00020764,0.00030612,13:16:26..188,,,,
13:16:26..215,4.15787796,-0.008925,-0.00102263,0.00060552,0.00063666,0.00036537,0.00091609,0.00037501,-0.0002073,0.00030664,13:16:26..231,,,,
13:16:26..274,4.12684902,-0.008966,-0.00102216,0.0006052,0.0006368,0.0003658,0.00091695,0.00037549,-0.00020696,0.0003064,13:16:26..275,,,,
13:16:26..325,4.19407839,-0.008966,-0.00102297,0.00060537,0.00063668,0.00036513,0.00091589,0.00037488,-0.00020803,0.00030583,13:16:26..275,,,,
13:16:26..362,4.16304945,-0.009018,-0.00102278,0.00060533,0.00063659,0.00036527,0.0009164,0.00037515,-0.00020749,0.00030609,13:16:26..370,,,,
13:16:26..474,4.17339243,-0.009018,-0.00102283,0.00060535,0.00063689,0.00036546,0.00091642,0.00037483,-0.00020786,0.00030643,13:16:26..473,,,,
13:16:26..510,4.12167753,-0.00907,-0.00102298,0.00060485,0.0006368,0.00036504,0.00091639,0.00037479,-0.00020746,0.0003061,13:16:26..518,,,,
13:16:26..632,4.1889069,-0.00907,-0.00102293,0.00060513,0.00063604,0.00036523,0.00091568,0.000375,-0.00020753,0.00030612,13:16:26..630,,,,
13:16:26..666,4.18373541,-0.009059,-0.00102265,0.00060527,0.000637,0.00036598,0.00091609,0.00037459,-0.00020749,0.00030636,13:16:26..673,,,,
13:16:26..779,4.20442137,-0.009059,-0.00102275,0.00060518,0.00063663,0.00036482,0.00091626,0.0003744,-0.00020769,0.0003062,13:16:26..778,,,,
13:16:26..814,4.17339243,-0.008993,-0.00102339,0.00060514,0.00063633,0.00036506,0.00091573,0.00037472,-0.0002079,0.00030577,13:16:26..820,,,,
13:16:26..921,4.15270647,-0.008993,-0.00102286,0.00060487,0.00063647,0.00036519,0.00091658,0.00037462,-0.00020785,0.00030581,13:16:26..918,,,,
13:16:26..960,4.16304945,-0.008847,-0.00102329,0.00060495,0.00063643,0.0003649,0.00091629,0.00037477,-0.00020741,0.00030601,13:16:26..961,,,,
13:16:26..994,4.12167753,-0.008847,-0.00102341,0.00060517,0.00063582,0.00036494,0.00091543,0.00037505,-0.00020778,0.00030548,13:16:26..961,,,,
13:16:27..028,4.14236349,-0.008778,-0.00102284,0.00060504,0.00063622,0.00036551,0.00091584,0.00037525,-0.00020758,0.00030583,13:16:27..049,,,,
13:16:27..150,4.17339243,-0.008778,-0.00102322,0.000605,0.00063641,0.00036512,0.00091643,0.00037487,-0.00020762,0.00030563,13:16:27..147,,,,
13:16:27..181,4.16304945,-0.008756,-0.00102347,0.00060502,0.00063644,0.00036497,0.000916,0.00037505,-0.00020804,0.00030629,13:16:27..147,,,,
13:16:27..258,4.13202051,-0.008756,-0.00102297,0.00060462,0.00063649,0.00036495,0.00091649,0.0003744,-0.00020801,0.00030601,13:16:27..299,,,,
13:16:27..321,4.1889069,-0.008756,-0.00102293,0.00060495,0.00063635,0.00036467,0.0009158,0.00037472,-0.0002078,0.000306,13:16:27..299,,,,
13:16:27..355,4.18373541,-0.008791,-0.00102317,0.00060518,0.00063622,0.00036485,0.00091593,0.00037471,-0.00020731,0.00030631,13:16:27..387,,,,
13:16:27..537,4.17856392,-0.008791,-0.00102263,0.00060458,0.00063669,0.00036481,0.00091655,0.00037414,-0.00020765,0.00030595,13:16:27..534,,,,
13:16:27..570,4.16822094,-0.008651,-0.00102333,0.00060477,0.0006357,0.00036525,0.00091581,0.00037443,-0.00020782,0.00030557,13:16:27..580,,,,
13:16:27..688,4.15270647,-0.008651,-0.00102299,0.00060515,0.00063667,0.0003651,0.00091634,0.00037451,-0.00020731,0.00030555,13:16:27..686,,,,
13:16:27..724,4.18373541,-0.008678,-0.00102296,0.0006051,0.00063642,0.00036537,0.00091605,0.00037474,-0.00020741,0.00030597,13:16:27..686,,,,
13:16:27..819,4.19407839,-0.008678,-0.00102344,0.00060484,0.00063622,0.00036488,0.0009162,0.0003745,-0.00020756,0.00030572,13:16:27..864,,,,
13:16:27..874,4.16822094,-0.008678,-0.00102352,0.00060472,0.00063587,0.00036479,0.00091583,0.0003749,-0.0002075,0.0003056,13:16:27..864,,,,
13:16:27..905,4.16304945,-0.008767,-0.00102341,0.00060481,0.00063641,0.00036486,0.00091621,0.00037478,-0.00020733,0.00030536,13:16:27..906,,,,
13:16:28..053,4.19924988,-0.008767,-0.00102304,0.00060477,0.00063622,0.00036479,0.00091641,0.00037469,-0.00020774,0.00030546,13:16:28..050,,,,
13:16:28..085,4.14236349,-0.008825,-0.00102288,0.00060536,0.00063624,0.00036464,0.00091624,0.00037453,-0.00020776,0.00030547,13:16:28..093,,,,
13:16:28..209,4.16304945,-0.008825,-0.00102339,0.00060475,0.0006365,0.00036504,0.00091588,0.00037497,-0.00020756,0.00030567,13:16:28..207,,,,
13:16:28..240,4.13202051,-0.008825,-0.00102298,0.00060476,0.00063666,0.00036464,0.00091607,0.00037434,-0.00020761,0.00030578,13:16:28..207,,,,
13:16:28..274,4.14753498,-0.008775,-0.00102313,0.00060503,0.00063635,0.00036489,0.00091608,0.00037478,-0.0002073,0.00030574,13:16:28..335,,,,
13:16:28..386,4.20442137,-0.008775,-0.00102315,0.00060483,0.00063681,0.00036481,0.00091588,0.00037436,-0.00020762,0.00030553,13:16:28..384,,,,
13:16:28..417,4.17339243,-0.008802,-0.00102336,0.00060475,0.00063584,0.00036436,0.00091559,0.00037449,-0.0002076,0.00030535,13:16:28..430,,,,
13:16:28..554,4.1889069,-0.008802,-0.00102335,0.00060482,0.00063643,0.00036425,0.00091623,0.00037408,-0.00020767,0.00030561,13:16:28..551,,,,
13:16:28..585,4.17339243,-0.008802,-0.00102317,0.00060488,0.00063632,0.0003645,0.00091569,0.00037436,-0.00020762,0.00030528,13:16:28..551,,,,
13:16:28..618,4.16822094,-0.008967,-0.00102334,0.00060494,0.00063655,0.00036457,0.00091626,0.00037432,-0.00020771,0.0003052,13:16:28..677,,,,
13:16:28..729,4.18373541,-0.008967,-0.00102382,0.00060476,0.00063565,0.00036438,0.00091588,0.00037411,-0.000208,0.00030502,13:16:28..728,,,,
13:16:28..760,4.15787796,-0.008967,-0.0010233,0.0006051,0.00063632,0.00036476,0.00091566,0.0003743,-0.00020754,0.00030501,13:16:28..728,,,,
13:16:28..794,4.15270647,-0.009106,-0.00102293,0.00060456,0.00063613,0.00036461,0.00091635,0.00037456,-0.00020768,0.00030502,13:16:28..854,,,,
13:16:28..898,4.10099157,-0.009153,-0.00102377,0.00060483,0.00063598,0.00036473,0.00091533,0.0003745,-0.0002076,0.00030503,13:16:28..897,,,,
13:16:28..931,4.17856392,-0.009157,-0.00102354,0.00060482,0.00063625,0.00036477,0.00091644,0.00037424,-0.0002077,0.00030515,13:16:28..897,,,,
13:16:29..012,4.20442137,-0.009157,-0.00102349,0.00060448,0.00063601,0.00036434,0.00091587,0.0003738,-0.00020782,0.00030507,13:16:29..047,,,,
13:16:29..087,4.12684902,-0.009157,-0.00102345,0.0006048,0.00063623,0.00036402,0.00091614,0.00037452,-0.00020756,0.00030494,13:16:29..047,,,,
13:16:29..124,4.21476435,-0.009144,-0.0010236,0.00060461,0.00063577,0.00036445,0.00091541,0.00037445,-0.00020794,0.00030489,13:16:29..091,,,,
13:16:29..156,4.14236349,-0.009062,-0.0010236,0.00060462,0.00063662,0.00036461,0.00091569,0.00037382,-0.00020739,0.00030522,13:16:29..177,,,,
13:16:29..245,4.10099157,-0.009062,-0.00102347,0.00060478,0.0006362,0.0003644,0.00091546,0.00037409,-0.00020761,0.00030486,13:16:29..243,,,,
13:16:29..282,4.2406218,-0.009062,-0.00102329,0.00060467,0.00063591,0.00036435,0.00091578,0.00037426,-0.00020731,0.00030498,13:16:29..243,,,,
13:16:29..316,4.2406218,-0.008969,-0.00102368,0.00060425,0.0006359,0.00036406,0.0009159,0.00037396,-0.00020741,0.00030522,13:16:29..354,,,,
13:16:29..365,4.16822094,-0.009002,-0.00102358,0.00060482,0.00063606,0.00036443,0.00091649,0.00037399,-0.00020727,0.00030484,13:16:29..397,,,,
13:16:29..445,4.137192,-0.009002,-0.00102341,0.00060507,0.00063609,0.0003643,0.00091571,0.00037459,-0.0002077,0.00030556,13:16:29..443,,,,
13:16:29..479,4.18373541,-0.009002,-0.00102366,0.00060488,0.00063642,0.00036447,0.00091657,0.00037374,-0.00020772,0.00030483,13:16:29..488,,,,
13:16:29..512,4.18373541,-0.009096,-0.00102321,0.00060494,0.00063587,0.00036449,0.00091608,0.00037394,-0.00020725,0.0003051,13:16:29..531,,,,
13:16:29..588,4.17856392,-0.009096,-0.00102343,0.00060498,0.000636,0.00036414,0.00091529,0.00037426,-0.00020801,0.00030468,13:16:29..588,,,,
13:16:29..627,4.11650604,-0.009096,-0.00102322,0.00060477,0.00063659,0.00036442,0.00091647,0.0003739,-0.00020732,0.00030488,13:16:29..588,,,,
13:16:29..662,4.16822094,-0.009124,-0.0010233,0.00060503,0.00063633,0.00036478,0.00091627,0.00037387,-0.00020734,0.00030503,13:16:29..675,,,,
13:16:29..709,4.22510733,-0.009124,-0.00102359,0.00060459,0.00063578,0.00036442,0.00091535,0.00037406,-0.00020769,0.00030466,13:16:29..675,,,,
13:16:29..744,4.1889069,-0.009193,-0.0010234,0.00060459,0.00063621,0.00036438,0.00091527,0.00037423,-0.00020763,0.00030461,13:16:29..770,,,,
13:16:29..784,4.14236349,-0.00915,-0.00102342,0.00060446,0.0006363,0.00036451,0.00091613,0.00037418,-0.00020771,0.00030508,13:16:29..831,,,,
13:16:29..840,4.12684902,-0.00915,-0.00102393,0.00060408,0.00063575,0.00036388,0.00091542,0.00037407,-0.0002072,0.00030481,13:16:29..831,,,,
13:16:29..874,4.16822094,-0.009101,-0.00102353,0.00060486,0.00063597,0.00036437,0.00091522,0.00037383,-0.00020746,0.00030509,13:16:29..875,,,,
13:16:29..907,4.20959286,-0.009059,-0.00102369,0.0006046,0.00063612,0.00036421,0.0009155,0.00037405,-0.00020708,0.00030495,13:16:29..965,,,,
13:16:29..988,4.18373541,-0.008946,-0.0010232,0.0006043,0.00063626,0.0003644,0.00091574,0.00037443,-0.00020754,0.00030478,13:16:30..046,,,,
13:16:30..065,4.137192,-0.008946,-0.00102326,0.00060485,0.00063598,0.00036438,0.00091548,0.00037406,-0.00020734,0.00030467,13:16:30..046,,,,
13:16:30..099,4.20442137,-0.008807,-0.00102305,0.0006044,0.00063641,0.00036447,0.00091599,0.00037402,-0.00020721,0.00030509,13:16:30..090,,,,
13:16:30..132,4.17339243,-0.008748,-0.00102334,0.00060482,0.00063629,0.00036407,0.00091599,0.00037402,-0.00020735,0.00030469,13:16:30..134,,,,
13:16:30..236,4.16822094,-0.008748,-0.00102334,0.00060496,0.00063597,0.00036463,0.00091579,0.00037419,-0.00020736,0.00030484,13:16:30..233,,,,
