Time,Pressure,Flow Rate (ml/s),Force 1,Force 2,Force 3,Force 4,Force 5,Force 6,Force 7,Force 8,Flow Meter Time,,,, 
13:29:30..529,5.11460361,0.000895,-0.00027768,0.00053694,0.00375027,0.00003952,0.00157952,0.00796419,-0.00018115,-0.00146404,13:29:30..614,,,,
13:29:30..702,5.16631851,0.000895,-0.00027776,0.00053696,0.0037502,0.00003937,0.00157979,0.00796547,-0.00018103,-0.00146349,13:29:30..614,,,,
13:29:30..736,5.05254573,0.000739,-0.00027773,0.0005368,0.00375043,0.00003962,0.00157985,0.00796454,-0.00018145,-0.001464,13:29:30..747,,,,
13:29:30..944,5.09391765,0.000739,-0.00027767,0.00053682,0.00375023,0.0000392,0.00158024,0.0079657,-0.00018098,-0.0014642,13:29:30..942,,,,
13:29:30..975,5.14563255,0.000457,-0.0002775,0.0005367,0.00375003,0.00003982,0.00157937,0.00795788,-0.00018126,-0.00146411,13:29:30..942,,,,
13:29:31..052,5.10426063,0.000457,-0.00027754,0.00053669,0.00375033,0.00003991,0.00157953,0.00795761,-0.00018091,-0.00146445,13:29:31..102,,,,
13:29:31..112,5.06288871,0.000457,-0.00027715,0.00053716,0.00375051,0.00003935,0.00157938,0.00795757,-0.00018118,-0.00146373,13:29:31..102,,,,
13:29:31..146,5.08874616,0.000575,-0.00027726,0.00053703,0.00375019,0.00003943,0.00157972,0.00796065,-0.0001811,-0.00146384,13:29:31..147,,,,
13:29:31..198,5.13011808,0.000575,-0.00027739,0.00053656,0.00375032,0.00003999,0.00157943,0.00796064,-0.00018119,-0.00146381,13:29:31..196,,,,
13:29:31..231,5.07840318,0.000608,-0.00027779,0.00053646,0.00375031,0.00003917,0.0015792,0.0079614,-0.00018161,-0.00146406,13:29:31..240,,,,
13:29:31..280,5.05254573,0.000659,-0.0002775,0.00053637,0.00375034,0.00003973,0.00157925,0.00796133,-0.0001818,-0.00146448,13:29:31..334,,,,
13:29:31..350,5.10426063,0.000659,-0.00027745,0.00053653,0.00375016,0.00003904,0.00157948,0.00796027,-0.0001811,-0.00146389,13:29:31..334,,,,
13:29:31..383,5.09391765,0.000967,-0.00027778,0.00053637,0.00374981,0.00003883,0.00157923,0.00796125,-0.00018141,-0.00146396,13:29:31..449,,,,
13:29:31..513,5.07840318,0.000967,-0.00027714,0.00053658,0.00375055,0.00003956,0.00157973,0.0079619,-0.00018135,-0.00146378,13:29:31..545,,,,
13:29:31..558,5.14046106,0.000967,-0.00027794,0.00053679,0.00375045,0.00003889,0.00157925,0.00796074,-0.00018101,-0.00146372,13:29:31..545,,,,
13:29:31..591,5.12494659,0.000975,-0.00027729,0.00053686,0.00375106,0.00003956,0.00157973,0.00796574,-0.00018137,-0.00146297,13:29:31..662,,,,
13:29:31..720,5.09908914,0.000975,-0.0002772,0.00053659,0.00375149,0.00003998,0.00157964,0.00796624,-0.00018117,-0.00146377,13:29:31..720,,,,
13:29:31..751,5.16631851,0.000876,-0.00027782,0.00053654,0.00375185,0.00003924,0.00157919,0.0079649,-0.00018089,-0.00146422,13:29:31..762,,,,
13:29:31..850,5.14046106,0.000876,-0.00027783,0.00053645,0.00375113,0.00004004,0.00157943,0.00796641,-0.00018116,-0.00146385,13:29:31..848,,,,
13:29:31..881,5.07323169,0.000747,-0.00027728,0.00053651,0.00375157,0.00003951,0.00157961,0.00796329,-0.00018104,-0.00146357,13:29:31..892,,,,
13:29:32..013,5.09391765,0.000747,-0.0002775,0.00053661,0.0037515,0.00003938,0.00157968,0.00796351,-0.00018124,-0.00146363,13:29:32..012,,,,
13:29:32..044,5.10426063,0.000584,-0.00027744,0.0005369,0.00375171,0.00003952,0.00157952,0.00796281,-0.00018099,-0.00146362,13:29:32..056,,,,
13:29:32..093,5.06288871,0.000584,-0.0002776,0.00053649,0.00375144,0.00003937,0.00157955,0.00796193,-0.00018145,-0.00146382,13:29:32..056,,,,
13:29:32..125,5.13528957,0.000526,-0.00027757,0.00053707,0.00375149,0.00003909,0.00157939,0.00795797,-0.00018082,-0.00146337,13:29:32..169,,,,
13:29:32..273,5.13528957,0.000526,-0.00027759,0.0005366,0.00375141,0.00004004,0.00157911,0.00795668,-0.00018088,-0.00146383,13:29:32..272,,,,
13:29:32..307,5.09908914,0.000476,-0.00027766,0.00053674,0.00375218,0.00003968,0.00157941,0.00796052,-0.00018126,-0.00146252,13:29:32..316,,,,
13:29:32..352,5.08357467,0.000427,-0.00027748,0.00053679,0.00375216,0.00003937,0.00157934,0.00796272,-0.00018138,-0.00146242,13:29:32..359,,,,
13:29:32..417,5.10426063,0.000413,-0.00027734,0.00053643,0.00375221,0.00003988,0.00157984,0.00796165,-0.00018147,-0.00146243,13:29:32..442,,,,
13:29:32..502,5.07840318,0.000413,-0.00027725,0.00053693,0.00375243,0.00003968,0.0015797,0.00796009,-0.00018078,-0.00146263,13:29:32..442,,,,
13:29:32..535,5.12494659,0.000457,-0.00027725,0.00053624,0.00375177,0.00004028,0.00157907,0.00796455,-0.00018146,-0.00146298,13:29:32..548,,,,
13:29:32..684,5.09908914,0.000457,-0.00027738,0.00053675,0.00375131,0.00003884,0.00157889,0.00796357,-0.00018134,-0.00146329,13:29:32..684,,,,
13:29:32..718,5.10426063,0.000587,-0.00027782,0.00053608,0.00375161,0.00003976,0.00157933,0.00796339,-0.00018121,-0.00146336,13:29:32..800,,,,
13:29:32..860,5.14563255,0.000587,-0.00027793,0.00053654,0.00375166,0.00003901,0.00157927,0.00796408,-0.00018103,-0.00146324,13:29:32..860,,,,
13:29:32..891,5.1197751,0.000562,-0.00027783,0.00053692,0.00375257,0.00003998,0.00157954,0.00796907,-0.00018174,-0.00146336,13:29:32..903,,,,
13:29:33..031,5.1197751,0.000562,-0.00027761,0.00053695,0.00375243,0.00003955,0.00157978,0.00797177,-0.00018072,-0.00146325,13:29:33..029,,,,
13:29:33..064,5.09391765,0.000466,-0.0002776,0.00053658,0.00375151,0.00003932,0.00157931,0.00797363,-0.00018123,-0.00146282,13:29:33..072,,,,
13:29:33..122,5.08357467,0.000466,-0.0002778,0.00053606,0.00375185,0.00004023,0.00157944,0.00797359,-0.00018158,-0.00146285,13:29:33..184,,,,
13:29:33..201,5.10943212,0.000466,-0.00027792,0.00053653,0.00375178,0.00003941,0.00157944,0.00797339,-0.00018155,-0.00146202,13:29:33..184,,,,
13:29:33..234,5.09908914,0.000256,-0.00027802,0.00053661,0.00375257,0.00003925,0.00157924,0.00797132,-0.00018115,-0.00146373,13:29:33..283,,,,
13:29:33..366,5.05771722,0.000256,-0.00027813,0.00053665,0.00375216,0.00003945,0.00157981,0.00797374,-0.0001807,-0.00146321,13:29:33..365,,,,
13:29:33..398,5.14046106,0.000189,-0.00027753,0.0005366,0.00375323,0.00003938,0.00157926,0.00796675,-0.00018111,-0.00146246,13:29:33..409,,,,
13:29:33..527,5.1197751,0.000189,-0.00027769,0.00053641,0.0037532,0.00003972,0.00157944,0.0079673,-0.0001815,-0.00146284,13:29:33..525,,,,
13:29:33..558,14.21125452,0.001146,-0.00027753,0.00053603,0.00375267,0.00003936,0.0015795,0.00796915,-0.00018171,-0.00146325,13:29:33..569,,,,
13:29:33..722,10.72049877,0.001146,-0.00027762,0.0005366,0.00375303,0.0000391,0.00157977,0.0079706,-0.00018152,-0.00146321,13:29:33..569,,,,
13:29:33..752,8.61053085,0.010728,-0.00027706,0.00053659,0.00375353,0.00003947,0.0015814,0.00797423,-0.00018192,-0.0014628,13:29:33..766,,,,
13:29:33..921,9.38108286,0.010728,-0.00027806,0.00053676,0.00375331,0.00003946,0.00158182,0.00797632,-0.00018176,-0.00146334,13:29:33..766,,,,
13:29:33..952,10.00683315,0.031588,-0.00027758,0.00053573,0.00375084,0.00003946,0.00158686,0.00796461,-0.00018418,-0.00146352,13:29:33..966,,,,
13:29:34..123,9.63965736,0.031588,-0.00027744,0.00053584,0.00375098,0.0000386,0.00158741,0.00796808,-0.00018395,-0.0014633,13:29:33..966,,,,
13:29:34..155,10.65844089,0.058949,-0.00027491,0.00053685,0.00374942,0.00003746,0.00159379,0.0079733,-0.00018707,-0.00146362,13:29:34..168,,,,
13:29:34..319,11.02561668,0.058949,-0.00027516,0.000536,0.00374871,0.00003823,0.00159353,0.00797344,-0.00018729,-0.00146389,13:29:34..328,,,,
13:29:34..351,12.54086325,0.058949,-0.00027481,0.00053653,0.00374753,0.00003793,0.0015943,0.00797511,-0.00018748,-0.00146472,13:29:34..328,,,,
13:29:34..386,12.97009692,0.094113,-0.0002712,0.00053855,0.00374395,0.00003686,0.00160249,0.00798927,-0.00019109,-0.00146751,13:29:34..414,,,,
13:29:34..581,13.38381612,0.094113,-0.00027135,0.00053844,0.00374458,0.00003665,0.00160259,0.00798838,-0.0001913,-0.00146751,13:29:34..579,,,,
13:29:34..613,16.49188161,0.118323,-0.00026504,0.00054176,0.00374063,0.00003539,0.00161134,0.00800464,-0.00019539,-0.00147349,13:29:34..624,,,,
13:29:34..757,17.2727766,0.140233,-0.00026506,0.00054167,0.00374029,0.0000348,0.00161161,0.00800549,-0.00019497,-0.0014734,13:29:34..856,,,,
13:29:34..956,20.41187103,0.140233,-0.00026506,0.00054166,0.00374079,0.00003608,0.00161184,0.00800569,-0.00019527,-0.00147383,13:29:34..959,,,,
13:29:34..990,25.04035458,0.148226,-0.00025848,0.00054551,0.00373632,0.00003417,0.00161982,0.00803271,-0.00019917,-0.00148366,13:29:35..004,,,,
13:29:35..133,25.90399341,0.148226,-0.00025872,0.00054519,0.00373618,0.00003348,0.00161967,0.00803334,-0.00019967,-0.00148395,13:29:35..217,,,,
13:29:35..230,28.97068698,0.148226,-0.00025773,0.00054556,0.00373694,0.00003431,0.00162001,0.00803262,-0.00019949,-0.00148402,13:29:35..217,,,,
13:29:35..263,30.95653914,0.153551,-0.00024674,0.00055175,0.00373028,0.00003127,0.00162793,0.00805885,-0.00020555,-0.00149862,13:29:35..303,,,,
13:29:35..499,31.5978039,0.153551,-0.00024695,0.00055143,0.00372964,0.00003053,0.00162803,0.00806016,-0.0002051,-0.00149851,13:29:35..527,,,,
13:29:35..541,35.54365077,0.153551,-0.00024695,0.00055145,0.00373015,0.0000317,0.00162823,0.00805986,-0.00020559,-0.00149887,13:29:35..527,,,,
13:29:35..574,36.25731639,0.146387,-0.00023559,0.00055734,0.00372642,0.00002973,0.00163286,0.00808944,-0.00020939,-0.00150999,13:29:35..613,,,,
13:29:35..744,36.61932069,0.146387,-0.0002361,0.00055703,0.00372622,0.00002881,0.00163253,0.00808953,-0.00020949,-0.00151015,13:29:35..743,,,,
13:29:35..777,38.24316855,0.136023,-0.00022604,0.00056163,0.0037212,0.00002687,0.00163462,0.00810356,-0.00021361,-0.00152211,13:29:35..788,,,,
13:29:35..930,38.53794348,0.136023,-0.00022587,0.00056215,0.00372117,0.00002766,0.00163519,0.00810421,-0.00021385,-0.0015218,13:29:35..998,,,,
13:29:36..009,39.18955122,0.136023,-0.00022583,0.00056218,0.00372097,0.00002726,0.00163548,0.0081044,-0.00021363,-0.00152209,13:29:35..998,,,,
13:29:36..043,39.28780953,0.115129,-0.00021939,0.0005648,0.00371801,0.00002786,0.00163587,0.00811946,-0.00021587,-0.00152801,13:29:36..102,,,,
13:29:36..174,39.23609463,0.115129,-0.00021963,0.00056488,0.00371809,0.00002682,0.00163558,0.00811623,-0.00021577,-0.00152822,13:29:36..187,,,,
13:29:36..206,39.01889205,0.115129,-0.00021945,0.00056568,0.00371727,0.00002705,0.00163551,0.00811553,-0.00021573,-0.0015291,13:29:36..187,,,,
13:29:36..239,38.91546225,0.099492,-0.0002177,0.00056625,0.00371707,0.00002773,0.0016348,0.0081227,-0.00021633,-0.00153146,13:29:36..321,,,,
13:29:36..418,38.82754692,0.099492,-0.00021767,0.00056642,0.00371753,0.00002772,0.00163524,0.00812552,-0.0002161,-0.00153131,13:29:36..418,,,,
13:29:36..451,38.16042471,0.088036,-0.0002183,0.00056614,0.00371794,0.00002835,0.00163398,0.00812,-0.00021529,-0.00153104,13:29:36..463,,,,
13:29:36..588,38.03113746,0.088036,-0.00021796,0.00056573,0.00371808,0.00002889,0.00163391,0.00811934,-0.0002153,-0.00153141,13:29:36..587,,,,
13:29:36..621,37.42090164,0.073671,-0.00021995,0.00056619,0.00371969,0.00002911,0.00163272,0.00811207,-0.00021396,-0.00152904,13:29:36..629,,,,
13:29:36..734,37.27092843,0.073671,-0.00022,0.00056582,0.00371991,0.00002982,0.00163327,0.00811174,-0.0002143,-0.00152896,13:29:36..734,,,,
13:29:36..767,36.84169476,0.067172,-0.00022123,0.0005654,0.00372134,0.00003005,0.00163227,0.00810853,-0.00021286,-0.00152583,13:29:36..778,,,,
13:29:36..827,36.7692939,0.061167,-0.00022135,0.00056565,0.00372087,0.00003031,0.00163258,0.00810989,-0.00021297,-0.00152622,13:29:36..903,,,,
13:29:36..912,36.53657685,0.061167,-0.00022151,0.00056558,0.00372085,0.00003034,0.00163244,0.0081072,-0.00021306,-0.001526,13:29:36..903,,,,
13:29:36..946,36.26248788,0.055775,-0.00022233,0.00056533,0.00372178,0.00003092,0.00163221,0.00810075,-0.00021285,-0.0015247,13:29:36..948,,,,
13:29:37..082,36.14354361,0.055775,-0.00022214,0.00056524,0.00372181,0.00003021,0.00163237,0.00810148,-0.00021268,-0.00152497,13:29:37..080,,,,
13:29:37..113,35.96771295,0.048879,-0.00022288,0.00056511,0.00372232,0.00003053,0.00163204,0.00810087,-0.0002119,-0.00152394,13:29:37..122,,,,
13:29:37..257,35.87462613,0.048879,-0.00022296,0.00056551,0.00372249,0.0000312,0.00163244,0.00810116,-0.00021162,-0.00152376,13:29:37..256,,,,
13:29:37..292,35.74533888,0.041998,-0.00022337,0.00056545,0.0037229,0.000031,0.00163184,0.00809955,-0.00021165,-0.00152324,13:29:37..299,,,,
13:29:37..445,35.74016739,0.041998,-0.00022253,0.00056543,0.00372317,0.00003196,0.00163195,0.00810014,-0.00021155,-0.00152341,13:29:37..445,,,,
13:29:37..478,35.75051037,0.037287,-0.00022258,0.00056535,0.00372238,0.0000314,0.00163203,0.00810142,-0.00021121,-0.00152302,13:29:37..488,,,,
13:29:37..636,35.76602484,0.037287,-0.0002227,0.00056558,0.00372277,0.00003139,0.00163219,0.00809997,-0.00021098,-0.00152307,13:29:37..633,,,,
13:29:37..668,35.95736997,0.034363,-0.00022264,0.00056549,0.0037226,0.00003209,0.00163165,0.00810503,-0.00021166,-0.00152385,13:29:37..679,,,,
13:29:37..727,35.9935704,0.033847,-0.00022283,0.00056558,0.0037228,0.00003124,0.00163197,0.00810458,-0.00021182,-0.00152387,13:29:37..800,,,,
13:29:37..832,36.05045679,0.033394,-0.00022263,0.00056564,0.0037231,0.00003141,0.00163186,0.00810418,-0.00021186,-0.00152423,13:29:37..800,,,,
13:29:37..869,36.13837212,0.032667,-0.0002219,0.00056592,0.0037223,0.00003133,0.00163243,0.0081021,-0.00021163,-0.00152461,13:29:37..875,,,,
13:29:37..989,36.13837212,0.032667,-0.00022127,0.00056613,0.00372238,0.00003264,0.0016326,0.00810142,-0.00021146,-0.00152444,13:29:37..989,,,,
13:29:38..022,36.26765937,0.032007,-0.00022165,0.00056645,0.00372294,0.00003204,0.00163212,0.00810423,-0.00021132,-0.00152495,13:29:38..032,,,,
13:29:38..146,36.29868831,0.032007,-0.00022152,0.00056628,0.00372201,0.0000319,0.00163255,0.00810322,-0.00021186,-0.00152519,13:29:38..145,,,,
13:29:38..177,36.42797556,0.031503,-0.00022136,0.00056619,0.00372292,0.00003151,0.00163274,0.00810315,-0.00021172,-0.00152537,13:29:38..188,,,,
13:29:38..322,36.36074619,0.031503,-0.00022147,0.00056636,0.00372338,0.00003182,0.00163269,0.00810254,-0.00021204,-0.00152587,13:29:38..320,,,,
13:29:38..354,36.4072896,0.031229,-0.00022177,0.00056653,0.0037236,0.00003229,0.0016329,0.0081117,-0.00021187,-0.00152559,13:29:38..363,,,,
13:29:38..389,36.39694662,0.031229,-0.00022151,0.00056665,0.00372311,0.00003287,0.00163257,0.00811011,-0.00021233,-0.00152496,13:29:38..363,,,,
13:29:38..424,36.43314705,0.030878,-0.00022122,0.00056635,0.00372363,0.00003293,0.00163264,0.00811136,-0.00021189,-0.00152516,13:29:38..469,,,,
13:29:38..549,36.51589089,0.030878,-0.00022163,0.00056613,0.00372334,0.00003191,0.00163238,0.00811106,-0.00021162,-0.00152552,13:29:38..547,,,,
13:29:38..580,36.47451897,0.030605,-0.00022141,0.00056625,0.00372292,0.00003185,0.00163245,0.00811025,-0.0002122,-0.00152562,13:29:38..645,,,,
13:29:38..709,36.42797556,0.030605,-0.00022146,0.00056633,0.00372274,0.00003267,0.00163275,0.00810547,-0.00021212,-0.00152594,13:29:38..645,,,,
13:29:38..741,36.4072896,0.030588,-0.00022136,0.00056628,0.00372279,0.0000325,0.0016328,0.00811013,-0.00021196,-0.00152636,13:29:38..755,,,,
13:29:38..844,36.4072896,0.030588,-0.00022138,0.00056652,0.00372312,0.00003291,0.00163301,0.00811071,-0.00021221,-0.00152606,13:29:38..844,,,,
13:29:38..876,36.36074619,0.03068,-0.00022117,0.00056646,0.00372312,0.0000326,0.00163255,0.00810739,-0.00021211,-0.00152544,13:29:38..888,,,,
13:29:38..953,36.34523172,0.03071,-0.00022104,0.00056678,0.00372356,0.00003318,0.00163298,0.00810684,-0.00021178,-0.00152594,13:29:39..024,,,,
13:29:39..044,36.37626066,0.03071,-0.0002213,0.00056656,0.00372352,0.00003239,0.00163311,0.00810865,-0.00021178,-0.0015257,13:29:39..024,,,,
13:29:39..077,36.37108917,0.030803,-0.00022088,0.00056635,0.00372313,0.00003295,0.00163303,0.00810679,-0.00021149,-0.00152504,13:29:39..123,,,,
13:29:39..190,36.31420278,0.030803,-0.00022082,0.00056663,0.00372271,0.00003357,0.00163282,0.00810748,-0.0002114,-0.00152606,13:29:39..190,,,,
13:29:39..222,36.29351682,0.03083,-0.00022088,0.0005667,0.00372349,0.00003351,0.0016325,0.00811012,-0.00021213,-0.0015251,13:29:39..234,,,,
13:29:39..356,36.32454576,0.03083,-0.00022125,0.00056665,0.00372341,0.00003256,0.00163244,0.00810831,-0.00021192,-0.00152498,13:29:39..354,,,,
13:29:39..389,36.28317384,0.030914,-0.00022092,0.00056684,0.00372329,0.00003311,0.00163293,0.00811293,-0.00021177,-0.00152507,13:29:39..399,,,,
13:29:39..432,36.27800235,0.030949,-0.00022093,0.00056675,0.00372378,0.00003334,0.00163283,0.00811037,-0.00021176,-0.00152474,13:29:39..434,,,,
13:29:39..463,36.35040321,0.030989,-0.00022119,0.00056641,0.00372411,0.0000331,0.0016322,0.00810889,-0.00021177,-0.00152483,13:29:39..477,,,,
13:29:39..519,36.29868831,0.031012,-0.00022072,0.00056669,0.00372425,0.00003323,0.00163284,0.00810999,-0.00021158,-0.00152518,13:29:39..579,,,,
13:29:39..587,36.31937427,0.031012,-0.00022145,0.00056693,0.0037246,0.00003316,0.00163208,0.00810843,-0.00021163,-0.00152509,13:29:39..579,,,,
13:29:39..619,36.30903129,0.031022,-0.00022134,0.00056678,0.00372527,0.00003344,0.00163324,0.00810454,-0.00021172,-0.00152527,13:29:39..623,,,,
13:29:39..675,36.32971725,0.031003,-0.00022149,0.00056704,0.00372493,0.00003328,0.00163276,0.00810375,-0.00021154,-0.0015256,13:29:39..740,,,,
13:29:39..774,36.26248788,0.031003,-0.00022116,0.00056677,0.00372485,0.00003318,0.00163247,0.00810471,-0.00021189,-0.00152555,13:29:39..740,,,,
13:29:39..808,36.3038598,0.030853,-0.00022154,0.00056643,0.003725,0.00003325,0.00163234,0.00811142,-0.00021191,-0.00152606,13:29:39..828,,,,
13:29:39..969,36.25731639,0.030853,-0.00022107,0.00056708,0.00372487,0.00003328,0.00163212,0.00811154,-0.0002117,-0.00152543,13:29:39..967,,,,
13:29:40..003,36.23663043,0.030789,-0.00022086,0.00056678,0.00372539,0.00003363,0.0016327,0.008107,-0.00021111,-0.00152519,13:29:40..010,,,,
13:29:40..130,36.23145894,0.030789,-0.00022088,0.00056661,0.00372533,0.00003425,0.00163263,0.0081043,-0.00021166,-0.0015255,13:29:40..129,,,,
13:29:40..164,36.27283086,0.030945,-0.00022134,0.000567,0.00372353,0.00003372,0.00163256,0.00810954,-0.00021097,-0.00152547,13:29:40..173,,,,
13:29:40..209,36.28834533,0.030945,-0.00022123,0.00056704,0.00372344,0.00003391,0.00163228,0.00810997,-0.00021137,-0.00152504,13:29:40..173,,,,
13:29:40..241,36.27283086,0.031117,-0.00022079,0.00056687,0.00372155,0.00003407,0.00163287,0.00810626,-0.0002113,-0.00152554,13:29:40..291,,,,
13:29:40..385,36.2521449,0.031117,-0.00022088,0.00056676,0.00372143,0.00003357,0.00163269,0.00810667,-0.00021142,-0.00152577,13:29:40..384,,,,
13:29:40..418,36.26765937,0.031328,-0.00022123,0.0005666,0.00372104,0.00003424,0.0016325,0.00810669,-0.00021135,-0.00152554,13:29:40..426,,,,
13:29:40..546,36.28317384,0.031328,-0.0002207,0.00056703,0.00372106,0.00003406,0.00163288,0.00810722,-0.00021165,-0.00152548,13:29:40..545,,,,
13:29:40..578,36.26765937,0.031515,-0.00022091,0.00056734,0.00371885,0.0000341,0.00163268,0.00811092,-0.00021106,-0.00152619,13:29:40..587,,,,
13:29:40..704,36.26248788,0.031515,-0.00022082,0.00056723,0.00371866,0.00003405,0.00163232,0.00810965,-0.00021163,-0.00152662,13:29:40..702,,,,
13:29:40..737,36.26248788,0.03175,-0.00022089,0.00056701,0.00371757,0.00003433,0.00163243,0.00810699,-0.00021167,-0.00152614,13:29:40..746,,,,
13:29:40..866,36.24180192,0.03175,-0.00022103,0.00056716,0.00371746,0.0000338,0.00163247,0.00810737,-0.00021091,-0.00152647,13:29:40..864,,,,
13:29:40..899,36.21594447,0.03198,-0.00022049,0.00056695,0.00371874,0.00003455,0.00163273,0.00811234,-0.0002108,-0.00152679,13:29:40..908,,,,
13:29:41..099,36.27283086,0.03198,-0.00022093,0.00056701,0.00371813,0.00003411,0.00163217,0.00811282,-0.00021121,-0.00152689,13:29:41..097,,,,
13:29:41..131,36.27283086,0.03237,-0.0002208,0.0005675,0.00371769,0.00003461,0.00163244,0.00811302,-0.00021162,-0.0015271,13:29:41..141,,,,
13:29:41..296,36.27800235,0.03237,-0.00022111,0.00056727,0.00371815,0.00003413,0.00163238,0.00811194,-0.00021163,-0.00152684,13:29:41..296,,,,
13:29:41..330,36.23663043,0.032731,-0.0002206,0.00056741,0.00371742,0.00003405,0.00163221,0.00811018,-0.00021198,-0.00152642,13:29:41..341,,,,
13:29:41..391,36.27800235,0.032731,-0.00022068,0.00056757,0.00371785,0.00003509,0.00163239,0.00811092,-0.00021117,-0.00152668,13:29:41..390,,,,
13:29:41..424,36.17457255,0.032832,-0.00022079,0.00056724,0.00371775,0.0000342,0.00163237,0.00810954,-0.00021139,-0.00152616,13:29:41..433,,,,
13:29:41..486,36.25731639,0.032832,-0.00022057,0.00056719,0.00371804,0.00003458,0.00163204,0.00810855,-0.00021142,-0.00152674,13:29:41..537,,,,
13:29:41..557,36.23663043,0.032832,-0.00022087,0.00056775,0.00371773,0.00003445,0.00163227,0.00810931,-0.00021156,-0.00152629,13:29:41..537,,,,
13:29:41..590,36.24697341,0.033063,-0.00022066,0.00056766,0.00371693,0.00003481,0.00163261,0.00810388,-0.00021138,-0.00152587,13:29:41..645,,,,
13:29:41..712,36.20560149,0.033063,-0.00022061,0.0005679,0.00371725,0.0000354,0.00163267,0.00810474,-0.00021171,-0.00152585,13:29:41..645,,,,
13:29:41..744,36.23145894,0.033165,-0.00022098,0.00056746,0.00371753,0.00003501,0.00163229,0.00810465,-0.00021171,-0.00152634,13:29:41..759,,,,
13:29:41..891,36.23145894,0.033165,-0.00022108,0.00056759,0.00371766,0.0000348,0.00163231,0.00810658,-0.00021187,-0.00152601,13:29:41..890,,,,
13:29:41..923,36.22111596,0.033259,-0.00022067,0.00056744,0.00371798,0.00003425,0.00163234,0.00810532,-0.00021173,-0.00152622,13:29:41..934,,,,
13:29:42..057,36.20560149,0.033259,-0.0002206,0.00056756,0.00371736,0.00003522,0.00163267,0.00810822,-0.00021143,-0.00152635,13:29:42..055,,,,
13:29:42..088,36.21077298,0.033319,-0.00022055,0.00056793,0.00371772,0.00003503,0.00163242,0.00810721,-0.00021155,-0.00152588,13:29:42..098,,,,
13:29:42..215,36.23145894,0.033319,-0.00022065,0.00056789,0.00371784,0.00003465,0.00163236,0.00810868,-0.00021174,-0.0015252,13:29:42..213,,,,
13:29:42..247,36.17457255,0.033329,-0.00022077,0.00056807,0.00371733,0.00003543,0.00163225,0.0081119,-0.00021177,-0.0015268,13:29:42..213,,,,
13:29:42..299,36.17974404,0.033354,-0.00022088,0.00056736,0.00371704,0.00003449,0.00163185,0.00811163,-0.00021137,-0.00152663,13:29:42..297,,,,
13:29:42..383,36.1487151,0.033418,-0.00022054,0.00056792,0.00371745,0.00003562,0.00163229,0.00811302,-0.00021152,-0.00152695,13:29:42..385,,,,
13:29:42..417,36.17974404,0.033455,-0.00022068,0.00056804,0.00371693,0.00003562,0.00163261,0.00810969,-0.00021147,-0.00152608,13:29:42..430,,,,
13:29:42..451,36.18491553,0.033475,-0.00022084,0.00056785,0.00371752,0.00003443,0.00163241,0.00811167,-0.00021135,-0.00152639,13:29:42..475,,,,
13:29:42..500,36.15388659,0.033494,-0.00022039,0.00056753,0.00371787,0.00003534,0.00163246,0.0081112,-0.00021188,-0.00152608,13:29:42..520,,,,
13:29:42..579,36.20560149,0.033494,-0.00022035,0.0005678,0.00371745,0.00003474,0.00163254,0.00811081,-0.00021118,-0.00152633,13:29:42..520,,,,
13:29:42..614,36.21077298,0.033562,-0.00022096,0.00056788,0.00371121,0.00003536,0.00163218,0.00810074,-0.00021165,-0.00152648,13:29:42..632,,,,
13:29:42..726,36.16422957,0.033562,-0.00022059,0.00056785,0.00371145,0.00003447,0.0016325,0.00810301,-0.00021111,-0.00152656,13:29:42..724,,,,
13:29:42..758,36.21077298,0.033549,-0.00022021,0.00056789,0.00370936,0.00003484,0.00163256,0.00810311,-0.00021116,-0.00152671,13:29:42..806,,,,
13:29:42..908,36.20043,0.033549,-0.00022101,0.00056761,0.00370944,0.00003504,0.00163254,0.00810285,-0.00021153,-0.00152644,13:29:42..907,,,,
13:29:42..940,36.20043,0.033576,-0.00022021,0.00056812,0.00370841,0.0000355,0.00163248,0.00810538,-0.0002109,-0.00152592,13:29:42..949,,,,
13:29:43..091,36.17974404,0.033576,-0.00022049,0.00056823,0.00370801,0.00003448,0.00163174,0.00810386,-0.00021146,-0.00152583,13:29:43..089,,,,
13:29:43..124,36.14354361,0.033539,-0.00022081,0.00056795,0.00370741,0.00003493,0.00163234,0.00810441,-0.00021131,-0.00152626,13:29:43..136,,,,
13:29:43..183,36.22628745,0.033497,-0.00022073,0.00056759,0.00370745,0.00003539,0.00163184,0.00810292,-0.00021133,-0.00152679,13:29:43..244,,,,
13:29:43..263,36.13837212,0.033497,-0.00022108,0.00056809,0.00370764,0.00003447,0.00163231,0.00810454,-0.00021122,-0.00152659,13:29:43..244,,,,
13:29:43..299,36.18491553,0.033498,-0.00022082,0.00056774,0.00370728,0.00003506,0.00163242,0.00810101,-0.00021139,-0.0015265,13:29:43..289,,,,
13:29:43..347,36.18491553,0.03351,-0.00022047,0.00056778,0.00370757,0.00003577,0.00163212,0.00810107,-0.00021183,-0.00152636,13:29:43..346,,,,
13:29:43..435,36.15388659,0.03351,-0.00022046,0.00056781,0.0037074,0.0000351,0.00163227,0.00810119,-0.00021177,-0.00152641,13:29:43..435,,,,
13:29:43..466,36.1487151,0.033518,-0.00022073,0.0005677,0.00370783,0.00003512,0.00163199,0.00810653,-0.00021134,-0.00152605,13:29:43..479,,,,
13:29:43..503,36.11251467,0.033518,-0.00022062,0.00056782,0.00370793,0.00003555,0.00163204,0.00810321,-0.00021152,-0.00152631,13:29:43..479,,,,
13:29:43..534,36.15388659,0.033529,-0.00022034,0.0005677,0.00370779,0.00003586,0.00163249,0.00810232,-0.00021174,-0.00152685,13:29:43..588,,,,
13:29:43..654,36.15905808,0.033529,-0.00022036,0.00056768,0.0037082,0.00003537,0.00163231,0.00810279,-0.0002111,-0.00152603,13:29:43..653,,,,
13:29:43..686,36.12802914,0.033584,-0.00022035,0.00056803,0.00370892,0.00003539,0.00163167,0.00810483,-0.00021136,-0.00152693,13:29:43..698,,,,
13:29:43..736,36.18491553,0.033584,-0.00022067,0.0005678,0.0037088,0.00003478,0.00163209,0.0081085,-0.00021107,-0.00152681,13:29:43..741,,,,
13:29:43..770,36.10217169,0.033664,-0.0002205,0.00056807,0.0037098,0.00003505,0.00163168,0.00810169,-0.00021148,-0.00152654,13:29:43..785,,,,
13:29:43..910,36.1487151,0.033664,-0.0002204,0.0005677,0.00370955,0.00003554,0.00163211,0.00810186,-0.0002113,-0.00152675,13:29:43..910,,,,
13:29:43..943,36.14354361,0.034023,-0.00022074,0.00056803,0.00370955,0.00003526,0.00163192,0.00810112,-0.00021171,-0.00152707,13:29:43..954,,,,
13:29:44..077,36.09182871,0.034023,-0.00022065,0.00056797,0.00371028,0.00003587,0.00163253,0.00810104,-0.00021162,-0.00152705,13:29:44..075,,,,
13:29:44..108,36.14354361,0.034237,-0.00022072,0.00056806,0.00370954,0.00003483,0.00163226,0.00809993,-0.00021143,-0.00152715,13:29:44..121,,,,
13:29:44..244,36.16422957,0.034237,-0.00022049,0.00056854,0.00370952,0.00003517,0.0016323,0.00810405,-0.00021159,-0.00152675,13:29:44..244,,,,
13:29:44..277,36.14354361,0.034551,-0.00022077,0.00056792,0.00371044,0.00003588,0.0016322,0.00810156,-0.00021144,-0.00152718,13:29:44..288,,,,
13:29:44..415,36.12285765,0.034551,-0.00022074,0.00056793,0.00371009,0.00003539,0.00163144,0.00810136,-0.00021181,-0.00152754,13:29:44..413,,,,
13:29:44..446,36.13320063,0.034912,-0.00022032,0.00056775,0.003709,0.00003581,0.00163207,0.00810224,-0.00021155,-0.00152706,13:29:44..457,,,,
13:29:44..568,36.17457255,0.034912,-0.00022045,0.00056811,0.0037093,0.00003593,0.00163172,0.00810305,-0.00021125,-0.0015268,13:29:44..567,,,,
13:29:44..600,36.16940106,0.035161,-0.00022009,0.00056816,0.00370909,0.00003594,0.0016319,0.00809962,-0.00021097,-0.00152719,13:29:44..658,,,,
13:29:44..722,36.12285765,0.035161,-0.00022043,0.00056771,0.00370914,0.00003513,0.00163216,0.00809815,-0.00021115,-0.00152718,13:29:44..658,,,,
13:29:44..753,36.12802914,0.035252,-0.00022054,0.00056782,0.00370856,0.00003537,0.00163199,0.00809848,-0.00021118,-0.00152749,13:29:44..768,,,,
13:29:44..885,36.11251467,0.035252,-0.00022032,0.00056783,0.003709,0.00003606,0.00163228,0.00809894,-0.000211,-0.00152736,13:29:44..883,,,,
13:29:44..916,36.0970002,0.035467,-0.00022059,0.0005682,0.0037085,0.00003523,0.00163178,0.00809956,-0.00021147,-0.00152787,13:29:44..928,,,,
13:29:44..974,36.13320063,0.035517,-0.00022032,0.00056791,0.00370846,0.00003644,0.00163217,0.0080993,-0.0002113,-0.00152773,13:29:45..016,,,,
13:29:45..054,36.08148573,0.035517,-0.0002208,0.00056797,0.00370812,0.00003535,0.00163194,0.00809979,-0.00021133,-0.00152796,13:29:45..016,,,,
13:29:45..086,36.05045679,0.035731,-0.00022069,0.0005679,0.00370848,0.00003632,0.00163194,0.00810382,-0.00021116,-0.00152711,13:29:45..059,,,,
13:29:45..227,36.07114275,0.035731,-0.00022012,0.00056823,0.00370865,0.00003531,0.00163179,0.00810482,-0.00021124,-0.00152749,13:29:45..225,,,,
13:29:45..259,36.05562828,0.035731,-0.00022008,0.00056809,0.00370937,0.00003622,0.00163142,0.00809973,-0.00021119,-0.00152723,13:29:45..225,,,,
13:29:45..294,36.11251467,0.036158,-0.00022063,0.00056776,0.00370796,0.00003656,0.00163176,0.00809977,-0.00021155,-0.00152764,13:29:45..324,,,,
13:29:45..397,36.13837212,0.036158,-0.00022061,0.00056806,0.00370822,0.00003533,0.00163211,0.00809914,-0.00021122,-0.00152738,13:29:45..324,,,,
13:29:45..429,36.13320063,0.036393,-0.00022042,0.00056765,0.0037071,0.0000358,0.00163182,0.00810085,-0.00021139,-0.0015273,13:29:45..442,,,,
13:29:45..533,36.06079977,0.036393,-0.00022045,0.00056805,0.00370715,0.00003581,0.00163168,0.00810022,-0.00021127,-0.00152753,13:29:45..531,,,,
13:29:45..565,36.13837212,0.036768,-0.00022041,0.00056803,0.00370657,0.00003617,0.00163144,0.00809853,-0.00021148,-0.00152776,13:29:45..575,,,,
13:29:45..689,36.11768616,0.036768,-0.00022058,0.00056785,0.00370614,0.00003549,0.001632,0.0080975,-0.00021117,-0.00152768,13:29:45..687,,,,
13:29:45..721,36.12802914,0.036999,-0.00022043,0.00056788,0.00370742,0.0000367,0.00163182,0.00809731,-0.00021157,-0.00152731,13:29:45..731,,,,
13:29:45..842,36.08148573,0.036999,-0.00022035,0.00056777,0.003707,0.00003582,0.00163171,0.00809798,-0.00021109,-0.00152759,13:29:45..840,,,,
13:29:45..874,36.13320063,0.037022,-0.00022042,0.00056812,0.00370748,0.00003554,0.0016321,0.0080975,-0.00021127,-0.0015278,13:29:45..883,,,,
13:29:45..995,36.0970002,0.037022,-0.0002204,0.00056774,0.00370748,0.00003597,0.00163199,0.00809892,-0.00021163,-0.00152795,13:29:45..993,,,,
13:29:46..027,36.08148573,0.037081,-0.00022077,0.00056794,0.00370904,0.00003595,0.00163136,0.00809562,-0.00021142,-0.00152787,13:29:46..036,,,,
13:29:46..146,36.05562828,0.037081,-0.00021993,0.00056804,0.00370944,0.00003642,0.00163167,0.00809576,-0.00021159,-0.00152784,13:29:46..144,,,,
13:29:46..179,36.07631424,0.037215,-0.00022034,0.00056816,0.0037097,0.0000358,0.00163168,0.00810261,-0.00021151,-0.0015278,13:29:46..189,,,,
13:29:46..318,36.06597126,0.037215,-0.00021996,0.00056761,0.00370945,0.00003699,0.00163163,0.00810085,-0.00021148,-0.00152774,13:29:46..316,,,,
13:29:46..350,36.10734318,0.037335,-0.00022055,0.00056782,0.00370894,0.00003624,0.00163134,0.00810494,-0.00021166,-0.00152821,13:29:46..359,,,,
13:29:46..403,36.04011381,0.037335,-0.00022077,0.00056816,0.00370919,0.00003546,0.00163154,0.00810736,-0.00021074,-0.00152799,13:29:46..400,,,,
13:29:46..434,36.06597126,0.037406,-0.0002206,0.00056821,0.00370926,0.00003555,0.00163196,0.00810354,-0.00021115,-0.00152781,13:29:46..443,,,,
13:29:46..570,36.11768616,0.037406,-0.00021996,0.00056808,0.00370907,0.00003672,0.00163181,0.00810608,-0.00021111,-0.00152777,13:29:46..568,,,,
13:29:46..603,36.11768616,0.037551,-0.0002208,0.00056777,0.00371102,0.00003634,0.00163166,0.00810691,-0.00021107,-0.00152845,13:29:46..612,,,,
13:29:46..675,36.07631424,0.037551,-0.00022073,0.0005677,0.00371116,0.00003561,0.00163153,0.00810564,-0.00021135,-0.00152828,13:29:46..731,,,,
13:29:46..739,36.12285765,0.037551,-0.00022034,0.00056799,0.00371134,0.00003646,0.00163162,0.00810479,-0.00021187,-0.00152818,13:29:46..731,,,,
13:29:46..774,36.11768616,0.037694,-0.00022041,0.00056842,0.00371162,0.0000364,0.00163161,0.0081118,-0.00021153,-0.00152856,13:29:46..775,,,,
13:29:46..903,36.10734318,0.037694,-0.00022031,0.00056819,0.00371137,0.00003602,0.0016314,0.00811068,-0.00021125,-0.00152854,13:29:46..901,,,,
13:29:46..936,36.04011381,0.037749,-0.00022025,0.00056776,0.00371156,0.00003631,0.00163118,0.00810721,-0.00021163,-0.00152864,13:29:46..944,,,,
13:29:47..033,36.11768616,0.037749,-0.00022073,0.00056806,0.00371148,0.00003596,0.00163149,0.0081084,-0.00021133,-0.00152863,13:29:47..031,,,,
13:29:47..066,36.03494232,0.037845,-0.00022076,0.00056795,0.00370955,0.00003588,0.0016311,0.00810884,-0.00021078,-0.00152903,13:29:47..074,,,,
13:29:47..191,36.05045679,0.037845,-0.00022075,0.00056764,0.00370942,0.0000363,0.00163138,0.00811045,-0.00021184,-0.0015295,13:29:47..189,,,,
13:29:47..222,36.01942785,0.037834,-0.00022052,0.00056787,0.00370969,0.00003574,0.00163129,0.00810606,-0.00021126,-0.00152856,13:29:47..234,,,,
13:29:47..288,36.02977083,0.037818,-0.00022062,0.00056795,0.00370954,0.0000364,0.00163113,0.0081039,-0.000211,-0.00152835,13:29:47..287,,,,
13:29:47..349,36.0452853,0.037818,-0.00022052,0.00056851,0.00370949,0.00003592,0.00163128,0.00810458,-0.00021109,-0.00152849,13:29:47..347,,,,
13:29:47..381,36.06597126,0.037733,-0.00022036,0.0005678,0.00370923,0.000036,0.0016305,0.0081038,-0.00021128,-0.00152867,13:29:47..390,,,,
13:29:47..522,36.05562828,0.037733,-0.00022041,0.00056781,0.00370957,0.00003587,0.00163096,0.00810443,-0.00021122,-0.00152886,13:29:47..521,,,,
13:29:47..554,36.06597126,0.037717,-0.00022031,0.00056775,0.00370905,0.00003577,0.00163091,0.00810766,-0.00021137,-0.00152928,13:29:47..563,,,,
13:29:47..672,36.0452853,0.037717,-0.0002205,0.00056768,0.00370916,0.00003644,0.00163143,0.00810876,-0.00021097,-0.00152921,13:29:47..672,,,,
13:29:47..705,36.07631424,0.037829,-0.00022069,0.00056802,0.00370991,0.00003636,0.00163122,0.00810928,-0.0002115,-0.00152899,13:29:47..717,,,,
13:29:47..834,36.0452853,0.037829,-0.00022081,0.00056781,0.00370989,0.00003563,0.00163067,0.00810933,-0.00021115,-0.00152876,13:29:47..831,,,,
13:29:47..865,36.12285765,0.037871,-0.00022044,0.00056829,0.00370976,0.00003675,0.00163135,0.00811158,-0.00021148,-0.00152809,13:29:47..875,,,,
13:29:48..009,36.12285765,0.037871,-0.00022074,0.00056791,0.00370984,0.00003593,0.00163133,0.00811173,-0.00021169,-0.00152829,13:29:48..081,,,,
13:29:48..088,36.05562828,0.037871,-0.00022,0.00056769,0.00370978,0.00003701,0.00163119,0.00811049,-0.00021138,-0.00152798,13:29:48..081,,,,
13:29:48..121,36.04011381,0.038313,-0.00022023,0.00056846,0.00370939,0.0000361,0.00163075,0.00810904,-0.00021125,-0.00152837,13:29:48..167,,,,
13:29:48..239,36.00391338,0.038313,-0.00022022,0.00056806,0.00370932,0.0000367,0.00163143,0.00811096,-0.00021123,-0.00152777,13:29:48..253,,,,
13:29:48..291,36.10217169,0.038313,-0.00022045,0.00056789,0.00370956,0.00003606,0.00163107,0.00810943,-0.00021109,-0.00152793,13:29:48..253,,,,
13:29:48..325,36.01942785,0.038512,-0.0002205,0.00056793,0.00370945,0.00003556,0.00163089,0.00811004,-0.00021052,-0.0015282,13:29:48..341,,,,
13:29:48..474,36.07114275,0.038512,-0.00022056,0.00056813,0.0037091,0.00003658,0.00163128,0.00810582,-0.00021125,-0.00152828,13:29:48..473,,,,
13:29:48..507,36.05045679,0.03864,-0.00022023,0.00056796,0.00370964,0.00003682,0.00163093,0.00810559,-0.00021125,-0.00152876,13:29:48..518,,,,
13:29:48..564,36.01425636,0.03864,-0.00022041,0.0005679,0.00371031,0.00003588,0.00163045,0.00810667,-0.00021102,-0.00152843,13:29:48..619,,,,
13:29:48..630,36.10734318,0.03864,-0.00022029,0.00056796,0.00370969,0.000037,0.00163109,0.00810556,-0.00021107,-0.00152861,13:29:48..619,,,,
13:29:48..664,36.10217169,0.038959,-0.00022015,0.0005684,0.00371036,0.00003593,0.00163083,0.0081075,-0.00021105,-0.00152906,13:29:48..725,,,,
13:29:48..790,36.00391338,0.038959,-0.00022027,0.00056771,0.00371051,0.00003665,0.00163101,0.00810804,-0.00021097,-0.00152858,13:29:48..788,,,,
13:29:48..822,36.06597126,0.039091,-0.00022045,0.00056759,0.00370995,0.00003573,0.00163053,0.00810528,-0.0002112,-0.00152857,13:29:48..831,,,,
13:29:48..876,36.05045679,0.039091,-0.00022015,0.00056769,0.00370954,0.00003641,0.00163094,0.00810647,-0.0002112,-0.00152845,13:29:48..876,,,,
13:29:48..909,36.02459934,0.039137,-0.00022031,0.00056797,0.00371019,0.00003629,0.00163069,0.0081084,-0.00021074,-0.00152888,13:29:48..919,,,,
13:29:48..956,36.03494232,0.039195,-0.00022044,0.00056782,0.00370985,0.00003582,0.00163044,0.00810795,-0.00021097,-0.00152886,13:29:49..027,,,,
13:29:49..053,36.12285765,0.039195,-0.00022054,0.00056779,0.00370986,0.00003589,0.00163089,0.00810808,-0.00021093,-0.00152869,13:29:49..027,,,,
13:29:49..085,35.95736997,0.039276,-0.00022046,0.00056782,0.00371058,0.00003633,0.00163037,0.0081066,-0.00021089,-0.00152825,13:29:49..111,,,,
13:29:49..143,35.97805593,0.039276,-0.00022027,0.00056808,0.00370997,0.00003615,0.00163076,0.00810733,-0.00021088,-0.00152864,13:29:49..111,,,,
13:29:49..176,36.13837212,0.039333,-0.00022,0.0005682,0.00370943,0.00003581,0.00163095,0.00810866,-0.00021105,-0.0015295,13:29:49..205,,,,
13:29:49..293,36.12285765,0.039333,-0.00022059,0.0005677,0.0037097,0.00003607,0.00163074,0.00810692,-0.00021115,-0.00152952,13:29:49..291,,,,
13:29:49..324,36.07114275,0.039362,-0.00022075,0.00056795,0.00371103,0.00003616,0.00163058,0.00811442,-0.0002109,-0.00152896,13:29:49..326,,,,
13:29:49..373,36.05562828,0.039362,-0.00022002,0.00056771,0.00371041,0.00003655,0.00163023,0.00811311,-0.00021125,-0.00152928,13:29:49..371,,,,
13:29:49..405,36.08148573,0.039398,-0.00022058,0.0005678,0.00371153,0.00003573,0.00163053,0.00811151,-0.00021083,-0.00152974,13:29:49..406,,,,
13:29:49..440,36.08665722,0.039438,-0.0002206,0.00056774,0.00371138,0.00003602,0.00163038,0.0081106,-0.00021096,-0.00152976,13:29:49..486,,,,
13:29:49..530,36.05045679,0.039489,-0.00022045,0.00056771,0.00371128,0.00003695,0.00163054,0.00810988,-0.00021013,-0.00152957,13:29:49..531,,,,
13:29:49..565,36.05562828,0.039503,-0.00022066,0.00056796,0.0037117,0.00003573,0.00163006,0.00811257,-0.00021058,-0.00152982,13:29:49..574,,,,
13:29:49..625,36.01942785,0.039503,-0.00021998,0.00056777,0.00371142,0.00003679,0.00163091,0.00811031,-0.00021049,-0.00152988,13:29:49..679,,,,
13:29:49..693,36.01425636,0.039503,-0.00022043,0.00056763,0.00371141,0.00003599,0.00163023,0.00811072,-0.00021096,-0.00153029,13:29:49..679,,,,
13:29:49..728,36.02459934,0.039496,-0.00022077,0.00056771,0.00371237,0.00003648,0.00163022,0.00811307,-0.00021117,-0.00153037,13:29:49..785,,,,
13:29:49..855,36.0452853,0.039496,-0.00022093,0.00056789,0.00371247,0.00003575,0.00163004,0.00811324,-0.00021096,-0.00153022,13:29:49..853,,,,
13:29:49..886,35.96771295,0.039481,-0.00022088,0.00056756,0.00371165,0.00003639,0.00163014,0.00811658,-0.00021092,-0.00153017,13:29:49..898,,,,
13:29:49..931,36.04011381,0.039524,-0.00022056,0.00056771,0.00371168,0.0000363,0.00163011,0.00811683,-0.00021044,-0.00153004,13:29:49..942,,,,
13:29:50..004,36.03494232,0.039524,-0.0002209,0.00056756,0.00371171,0.00003577,0.00162975,0.00811711,-0.00021086,-0.00152989,13:29:50..044,,,,
13:29:50..052,36.06079977,0.039524,-0.00022062,0.00056773,0.00371156,0.0000366,0.00163066,0.00811626,-0.00021066,-0.00152975,13:29:50..044,,,,
13:29:50..085,36.01425636,0.039483,-0.00022092,0.00056766,0.00371189,0.00003568,0.00163033,0.00811526,-0.00021069,-0.00152968,13:29:50..147,,,,
13:29:50..213,36.0452853,0.039483,-0.00022042,0.00056749,0.00371226,0.00003648,0.00163022,0.00811497,-0.00021099,-0.00152968,13:29:50..211,,,,
13:29:50..246,35.98322742,0.039444,-0.00022068,0.00056758,0.00371145,0.00003601,0.00162998,0.00811414,-0.00021079,-0.00152973,13:29:50..257,,,,
13:29:50..389,35.98322742,0.039444,-0.00022085,0.00056778,0.00371178,0.00003589,0.00162979,0.00811347,-0.00021076,-0.00152968,13:29:50..387,,,,
13:29:50..421,35.99874189,0.039456,-0.00022082,0.0005677,0.00371226,0.00003608,0.00163021,0.0081065,-0.00021045,-0.00153004,13:29:50..432,,,,
13:29:50..553,36.01425636,0.039456,-0.00022076,0.0005677,0.00371228,0.00003649,0.00162995,0.008107,-0.00021055,-0.0015295,13:29:50..550,,,,
13:29:50..584,36.01425636,0.039384,-0.00022096,0.00056793,0.00371276,0.00003643,0.00163005,0.008103,-0.0002106,-0.00152999,13:29:50..593,,,,
13:29:50..662,36.04011381,0.03934,-0.00022052,0.00056763,0.00371246,0.00003644,0.00163022,0.00810227,-0.00021043,-0.00152975,13:29:50..748,,,,
13:29:50..805,35.97805593,0.03934,-0.00022084,0.00056819,0.00371205,0.00003605,0.00163008,0.00810122,-0.00021036,-0.0015299,13:29:50..748,,,,
13:29:50..839,35.97805593,0.039328,-0.00022089,0.0005676,0.00371263,0.00003569,0.00162991,0.00810964,-0.0002107,-0.00152966,13:29:50..851,,,,
13:29:50..888,36.01942785,0.039349,-0.00022078,0.00056732,0.00371302,0.00003637,0.00163036,0.0081092,-0.00021066,-0.00152979,13:29:50..895,,,,
13:29:50..977,36.01942785,0.039349,-0.00022049,0.00056737,0.00371317,0.00003531,0.00162993,0.00810982,-0.00021055,-0.00152979,13:29:50..978,,,,
13:29:51..011,35.92116954,0.039403,-0.00022077,0.00056779,0.00371372,0.00003622,0.00162978,0.00810703,-0.00020971,-0.00152913,13:29:51..022,,,,
13:29:51..083,35.98839891,0.039403,-0.00022072,0.00056732,0.00371336,0.00003653,0.0016297,0.00810875,-0.00021021,-0.00152923,13:29:51..150,,,,
13:29:51..159,35.9935704,0.039403,-0.00022067,0.00056745,0.00371304,0.00003572,0.00162964,0.00810828,-0.00021019,-0.00152924,13:29:51..150,,,,
13:29:51..192,35.96254146,0.039533,-0.00022082,0.00056688,0.00371412,0.00003661,0.00162977,0.0081104,-0.00021023,-0.00152892,13:29:51..194,,,,
13:29:51..226,35.99874189,0.039581,-0.00022078,0.00056722,0.00371382,0.00003558,0.00162994,0.00810536,-0.00021036,-0.00152926,13:29:51..278,,,,
13:29:51..336,35.90565507,0.039581,-0.00022088,0.00056759,0.0037138,0.00003638,0.00163002,0.00810837,-0.00020992,-0.00152842,13:29:51..336,,,,
13:29:51..369,35.97288444,0.03962,-0.00022111,0.00056724,0.00371293,0.00003548,0.0016299,0.00810238,-0.00021002,-0.00152948,13:29:51..381,,,,
13:29:51..412,35.91082656,0.039692,-0.00022123,0.00056716,0.00371292,0.00003652,0.0016296,0.0081021,-0.00021093,-0.00152925,13:29:51..425,,,,
13:29:51..487,35.97805593,0.039692,-0.00022099,0.00056742,0.00371371,0.00003558,0.00162976,0.00810066,-0.00021029,-0.00152921,13:29:51..425,,,,
13:29:51..523,35.97288444,0.039745,-0.00022126,0.00056711,0.00371435,0.00003607,0.00162962,0.00810755,-0.00021007,-0.00152896,13:29:51..537,,,,
13:29:51..666,35.88496911,0.039745,-0.00022119,0.00056708,0.00371469,0.00003589,0.00162995,0.00810788,-0.00020999,-0.00152963,13:29:51..665,,,,
13:29:51..699,35.96254146,0.03977,-0.00022088,0.00056687,0.00371418,0.00003575,0.00163014,0.00810477,-0.00020969,-0.00152919,13:29:51..708,,,,
13:29:51..760,35.92634103,0.03977,-0.00022059,0.00056702,0.00371438,0.00003638,0.00162978,0.00810659,-0.00021008,-0.00152883,13:29:51..815,,,,
13:29:51..820,35.99874189,0.03977,-0.0002206,0.00056695,0.00371396,0.00003555,0.00162956,0.00810822,-0.00020981,-0.00152918,13:29:51..815,,,,
13:29:51..853,35.93668401,0.03985,-0.00022135,0.0005668,0.00371399,0.00003594,0.00162978,0.00809943,-0.00020998,-0.00152895,13:29:51..858,,,,
13:29:51..983,35.98839891,0.03985,-0.00022127,0.00056673,0.00371412,0.00003555,0.00162961,0.00809889,-0.00020989,-0.00152881,13:29:51..982,,,,
13:29:52..016,35.90048358,0.0399,-0.00022093,0.00056668,0.00371417,0.00003613,0.00163009,0.00810511,-0.00020938,-0.0015282,13:29:52..025,,,,
13:29:52..078,35.94702699,0.0399,-0.00022122,0.00056664,0.0037146,0.00003602,0.0016297,0.00810319,-0.00021021,-0.00152868,13:29:52..146,,,,
13:29:52..155,35.92634103,0.0399,-0.0002213,0.00056683,0.00371445,0.00003602,0.00162916,0.00810285,-0.00020973,-0.0015286,13:29:52..146,,,,
13:29:52..187,35.96771295,0.039997,-0.000221,0.00056698,0.00371406,0.00003616,0.00162952,0.00810316,-0.00021007,-0.0015292,13:29:52..189,,,,
13:29:52..323,36.00908487,0.039997,-0.00022131,0.00056689,0.0037139,0.00003584,0.00162954,0.0081038,-0.00020987,-0.00152856,13:29:52..321,,,,
13:29:52..354,35.98322742,0.040024,-0.00022155,0.00056684,0.00371357,0.00003538,0.0016296,0.00809937,-0.0002103,-0.00152911,13:29:52..365,,,,
13:29:52..517,35.97288444,0.040024,-0.00022136,0.00056656,0.00371346,0.00003627,0.0016296,0.00809975,-0.00020987,-0.00152915,13:29:52..515,,,,
13:29:52..550,35.97805593,0.040144,-0.00022154,0.00056617,0.00371292,0.0000362,0.00162931,0.00810127,-0.00021022,-0.00152899,13:29:52..557,,,,
13:29:52..715,35.98839891,0.040144,-0.00022151,0.00056663,0.00371329,0.00003582,0.00162942,0.00810043,-0.00020975,-0.00152881,13:29:52..713,,,,
13:29:52..747,35.97805593,0.040259,-0.00022155,0.00056613,0.00371193,0.0000359,0.00162967,0.00809967,-0.00020978,-0.00152909,13:29:52..756,,,,
13:29:52..906,36.01942785,0.040259,-0.00022159,0.00056611,0.00371198,0.00003636,0.00162969,0.00810057,-0.00020944,-0.00152911,13:29:52..904,,,,
13:29:52..937,35.98322742,0.040434,-0.00022206,0.00056649,0.00371317,0.00003556,0.00162945,0.00810227,-0.0002097,-0.00152918,13:29:52..947,,,,
13:29:52..984,35.95736997,0.040434,-0.00022213,0.00056586,0.00371303,0.00003662,0.00162978,0.00810206,-0.00020976,-0.00152931,13:29:52..947,,,,
13:29:53..017,35.9418555,0.040458,-0.00022211,0.00056586,0.0037139,0.00003601,0.00162935,0.00809639,-0.00020978,-0.00152925,13:29:53..053,,,,
13:29:53..153,35.8901406,0.040458,-0.00022207,0.0005659,0.00371402,0.00003573,0.00162964,0.00809734,-0.00021014,-0.00152897,13:29:53..152,,,,
13:29:53..186,35.92116954,0.040506,-0.00022207,0.00056586,0.00371358,0.00003615,0.00162964,0.00810148,-0.00020983,-0.0015292,13:29:53..195,,,,
13:29:53..336,35.95219848,0.040506,-0.0002222,0.00056531,0.00371382,0.00003575,0.00162978,0.00810081,-0.00021013,-0.00152938,13:29:53..334,,,,
13:29:53..368,35.96254146,0.040608,-0.00022203,0.00056611,0.00371317,0.00003582,0.00162927,0.00809807,-0.00020969,-0.00152982,13:29:53..377,,,,
13:29:53..434,35.95736997,0.040608,-0.00022198,0.00056605,0.00371326,0.00003632,0.00162937,0.0080975,-0.00021011,-0.00153016,13:29:53..509,,,,
13:29:53..515,35.85911166,0.040608,-0.00022214,0.00056612,0.00371303,0.0000358,0.0016291,0.00809776,-0.00020978,-0.00153012,13:29:53..509,,,,
13:29:53..548,35.95219848,0.040593,-0.00022215,0.00056602,0.00371254,0.00003588,0.00162941,0.0080992,-0.00021003,-0.00153007,13:29:53..553,,,,
13:29:53..726,35.88496911,0.040593,-0.00022271,0.00056596,0.00371233,0.00003595,0.00162861,0.00809838,-0.00021007,-0.00152972,13:29:53..724,,,,
13:29:53..758,35.87979762,0.040618,-0.00022282,0.00056579,0.00371153,0.0000355,0.00162896,0.00810373,-0.00021023,-0.00152932,13:29:53..768,,,,
13:29:53..905,35.86945464,0.040618,-0.00022248,0.00056597,0.00371141,0.00003646,0.00162929,0.00810145,-0.0002101,-0.00152921,13:29:53..905,,,,
13:29:53..940,35.91082656,0.040601,-0.0002228,0.00056552,0.00371015,0.00003539,0.00162913,0.00809788,-0.00020999,-0.00152973,13:29:53..950,,,,
13:29:54..001,35.86428315,0.040635,-0.00022259,0.0005658,0.00371046,0.00003628,0.00162952,0.00809748,-0.00020996,-0.00152988,13:29:54..071,,,,
13:29:54..083,35.85911166,0.040635,-0.00022254,0.00056561,0.00371052,0.00003523,0.00162911,0.00809837,-0.00020987,-0.00152944,13:29:54..071,,,,
13:29:54..116,35.89531209,0.040664,-0.00022269,0.00056575,0.00371104,0.00003651,0.00162913,0.00809696,-0.00021013,-0.00152904,13:29:54..195,,,,
13:29:54..302,35.89531209,0.040664,-0.00022311,0.00056567,0.0037113,0.00003569,0.00162921,0.0080979,-0.00020949,-0.00152945,13:29:54..301,,,,
13:29:54..335,35.93151252,0.040694,-0.00022301,0.0005655,0.00371036,0.00003593,0.00162906,0.00810484,-0.00020966,-0.00152895,13:29:54..346,,,,
13:29:54..471,35.89531209,0.040694,-0.00022295,0.00056596,0.00371042,0.0000365,0.00162907,0.00810505,-0.00020935,-0.00152866,13:29:54..471,,,,
13:29:54..506,35.90048358,0.040731,-0.00022337,0.00056555,0.00370961,0.00003598,0.00162908,0.0081016,-0.00020972,-0.00152949,13:29:54..513,,,,
13:29:54..590,35.86945464,0.040731,-0.00022322,0.00056591,0.00370968,0.00003568,0.00162901,0.00810131,-0.00020979,-0.00152915,13:29:54..662,,,,
13:29:54..670,35.90048358,0.040731,-0.0002232,0.00056566,0.0037099,0.00003519,0.00162859,0.0081012,-0.00020945,-0.00152949,13:29:54..662,,,,
13:29:54..707,35.95219848,0.040646,-0.00022292,0.00056612,0.0037104,0.0000356,0.00162886,0.00810532,-0.00020937,-0.00152885,13:29:54..784,,,,
13:29:54..862,35.93151252,0.040646,-0.00022268,0.00056549,0.00370999,0.00003578,0.001629,0.00810295,-0.00020985,-0.00152918,13:29:54..784,,,,
13:29:54..895,36.49520493,0.040646,-0.0002233,0.00056546,0.00371029,0.00003541,0.00162911,0.00810265,-0.00020955,-0.0015295,13:29:54..907,,,,
13:29:55..048,36.39694662,0.040646,-0.0002233,0.00056585,0.0037105,0.00003622,0.00162864,0.0081024,-0.00021001,-0.00152986,13:29:55..045,,,,
13:29:55..080,35.50745034,0.041021,-0.00022263,0.00056589,0.00371038,0.00003519,0.00162906,0.00810659,-0.00021023,-0.00152992,13:29:55..088,,,,
13:29:55..262,36.01425636,0.041021,-0.0002225,0.00056593,0.00371055,0.00003632,0.00162873,0.00810783,-0.00020976,-0.00153003,13:29:55..260,,,,
13:29:55..295,36.24180192,0.041335,-0.00022282,0.00056551,0.00371076,0.00003539,0.0016282,0.00810372,-0.00021015,-0.00152964,13:29:55..302,,,,
13:29:55..446,36.67620708,0.041335,-0.00022298,0.00056521,0.00371083,0.0000358,0.00162881,0.00810342,-0.00020979,-0.00152964,13:29:55..446,,,,
13:29:55..480,35.82291123,0.041232,-0.00022325,0.00056572,0.00371052,0.00003535,0.00162852,0.00810136,-0.00020945,-0.00152958,13:29:55..562,,,,
13:29:55..641,35.99874189,0.041232,-0.00022309,0.00056572,0.00371049,0.0000362,0.00162905,0.00810217,-0.00020984,-0.00152945,13:29:55..641,,,,
13:29:55..675,35.87979762,0.041142,-0.00022245,0.00056552,0.00371051,0.00003578,0.00162828,0.0081015,-0.00020885,-0.00152895,13:29:55..684,,,,
13:29:55..801,35.31610521,0.041142,-0.00022263,0.00056556,0.00371085,0.00003563,0.00162825,0.0081009,-0.00020953,-0.0015289,13:29:55..799,,,,
13:29:55..834,35.89531209,0.041082,-0.00022254,0.00056557,0.00371155,0.00003494,0.00162832,0.00809699,-0.00020941,-0.00152918,13:29:55..836,,,,
13:29:55..997,35.93668401,0.041082,-0.00022283,0.00056497,0.00371107,0.00003582,0.00162815,0.00809703,-0.00020967,-0.00152918,13:29:55..997,,,,
13:29:56..031,35.59536567,0.04109,-0.00022302,0.00056527,0.00371103,0.00003526,0.00162835,0.00809527,-0.00020988,-0.00152869,13:29:56..043,,,,
13:29:56..092,35.59019418,0.04109,-0.00022298,0.00056492,0.00371162,0.00003522,0.00162857,0.00809369,-0.00020925,-0.00152877,13:29:56..160,,,,
13:29:56..171,35.94702699,0.04109,-0.00022279,0.00056553,0.00371057,0.00003496,0.00162844,0.00809408,-0.00020928,-0.001529,13:29:56..160,,,,
13:29:56..204,35.99874189,0.041198,-0.00022337,0.00056486,0.00371102,0.00003506,0.00162828,0.00809194,-0.00020961,-0.00152945,13:29:56..251,,,,
13:29:56..344,35.79188229,0.041198,-0.00022314,0.00056479,0.00371113,0.00003464,0.00162791,0.00809155,-0.00020942,-0.00152924,13:29:56..343,,,,
13:29:56..376,35.96771295,0.041264,-0.00022306,0.00056486,0.00371085,0.00003532,0.00162811,0.0080959,-0.00020947,-0.00152937,13:29:56..388,,,,
13:29:56..498,35.91599805,0.041264,-0.00022319,0.00056529,0.00371056,0.00003496,0.00162821,0.00809548,-0.00020909,-0.00152887,13:29:56..496,,,,
13:29:56..530,35.86945464,0.041414,-0.00022256,0.00056534,0.00371194,0.00003495,0.00162773,0.00809386,-0.0002097,-0.00152979,13:29:56..539,,,,
13:29:56..637,35.69362398,0.041414,-0.00022318,0.0005647,0.00371183,0.00003422,0.00162785,0.00809325,-0.00020968,-0.00152987,13:29:56..635,,,,
13:29:56..672,35.7349959,0.041689,-0.00022282,0.00056491,0.00371218,0.00003514,0.0016278,0.0080954,-0.0002094,-0.00152967,13:29:56..679,,,,
13:29:56..724,35.89531209,0.041689,-0.0002229,0.00056513,0.00371224,0.00003485,0.00162802,0.00809587,-0.00020953,-0.00153006,13:29:56..723,,,,
13:29:56..756,35.92116954,0.041745,-0.00022297,0.00056491,0.00371048,0.00003563,0.00162768,0.00809912,-0.00020959,-0.0015292,13:29:56..766,,,,
13:29:56..790,35.82291123,0.04169,-0.00022326,0.00056489,0.00371129,0.00003544,0.00162806,0.0080958,-0.00020924,-0.00152914,13:29:56..842,,,,
13:29:56..892,35.86945464,0.04169,-0.00022287,0.00056478,0.00371165,0.00003507,0.00162784,0.00809573,-0.00020938,-0.00152925,13:29:56..893,,,,
13:29:56..926,35.78153931,0.041577,-0.00022338,0.00056491,0.00371191,0.00003517,0.00162793,0.00809243,-0.00020987,-0.00152908,13:29:56..975,,,,
13:29:57..050,35.84359719,0.041577,-0.00022354,0.00056493,0.00371165,0.00003558,0.00162781,0.00809288,-0.00020941,-0.00152959,13:29:57..062,,,,
13:29:57..082,35.78153931,0.041577,-0.00022284,0.00056496,0.00371205,0.00003553,0.00162795,0.00809635,-0.00020953,-0.00152938,13:29:57..062,,,,
13:29:57..116,35.683281,0.041661,-0.0002236,0.00056521,0.00371121,0.00003457,0.00162806,0.00809832,-0.00020927,-0.00152927,13:29:57..190,,,,
13:29:57..277,35.79188229,0.041661,-0.00022347,0.00056463,0.00371162,0.00003534,0.00162841,0.00809847,-0.00020973,-0.00152912,13:29:57..277,,,,
13:29:57..310,35.79705378,0.041702,-0.0002233,0.00056468,0.00371048,0.00003446,0.00162726,0.00810119,-0.00020957,-0.00152898,13:29:57..321,,,,
13:29:57..472,35.76085335,0.041702,-0.00022356,0.00056479,0.0037108,0.000034,0.00162786,0.00810161,-0.00020964,-0.00152962,13:29:57..469,,,,
13:29:57..504,35.88496911,0.041721,-0.0002237,0.00056463,0.00371056,0.00003414,0.00162736,0.00809884,-0.00020944,-0.00152967,13:29:57..514,,,,
13:29:57..559,35.93151252,0.041726,-0.00022313,0.00056492,0.00371084,0.00003457,0.00162771,0.00809915,-0.00020962,-0.00152956,13:29:57..557,,,,
13:29:57..590,35.86945464,0.041748,-0.00022333,0.00056498,0.00371069,0.00003492,0.00162778,0.0080941,-0.00020967,-0.00152939,13:29:57..600,,,,
13:29:57..737,35.79705378,0.041748,-0.00022367,0.00056441,0.0037109,0.00003395,0.00162759,0.00809409,-0.00020981,-0.00152955,13:29:57..736,,,,
13:29:57..770,35.72465292,0.041761,-0.00022308,0.00056489,0.00371068,0.00003491,0.00162748,0.00809866,-0.00020944,-0.00152939,13:29:57..781,,,,
13:29:57..911,35.87462613,0.041761,-0.00022347,0.00056444,0.00371097,0.00003431,0.00162775,0.00809863,-0.00020949,-0.00152945,13:29:57..909,,,,
13:29:57..943,35.8384257,0.04169,-0.00022288,0.00056411,0.00371287,0.00003531,0.0016275,0.00809601,-0.00020895,-0.00152965,13:29:57..951,,,,
13:29:58..083,35.77636782,0.04169,-0.00022349,0.00056468,0.00371318,0.00003431,0.00162763,0.00809578,-0.00020929,-0.00152935,13:29:58..081,,,,
13:29:58..116,35.76602484,0.041635,-0.00022327,0.00056463,0.00371205,0.00003492,0.00162807,0.0080946,-0.00020952,-0.00152925,13:29:58..125,,,,
13:29:58..234,35.69362398,0.041635,-0.00022342,0.00056488,0.00371245,0.00003434,0.00162772,0.0080942,-0.00020935,-0.00152942,13:29:58..232,,,,
13:29:58..266,35.80222527,0.041584,-0.00022289,0.00056478,0.00371304,0.00003469,0.00162795,0.00809426,-0.0002094,-0.0015294,13:29:58..278,,,,
13:29:58..423,35.83325421,0.041584,-0.0002235,0.00056489,0.00371273,0.00003447,0.00162733,0.00809561,-0.00020899,-0.00152961,13:29:58..421,,,,
13:29:58..456,35.80739676,0.041585,-0.00022308,0.00056444,0.00371331,0.00003476,0.00162763,0.00809662,-0.00020946,-0.00153003,13:29:58..464,,,,
13:29:58..510,35.71430994,0.041585,-0.00022329,0.0005648,0.00371326,0.00003452,0.00162748,0.00809636,-0.00020918,-0.00153023,13:29:58..508,,,,
13:29:58..543,35.71948143,0.041538,-0.00022329,0.00056494,0.0037139,0.00003443,0.00162774,0.00810073,-0.00020948,-0.00152922,13:29:58..552,,,,
13:29:58..671,35.77119633,0.041538,-0.00022316,0.00056431,0.00371331,0.00003466,0.00162765,0.00810217,-0.00020945,-0.00152939,13:29:58..670,,,,
13:29:58..701,35.82808272,0.041383,-0.00022338,0.00056519,0.00371222,0.0000345,0.00162761,0.00809472,-0.00020921,-0.0015295,13:29:58..703,,,,
13:29:58..893,35.75051037,0.041383,-0.00022353,0.00056463,0.00371186,0.00003417,0.00162771,0.00809482,-0.00020908,-0.00152955,13:29:58..891,,,,
13:29:58..925,35.78153931,0.041274,-0.00022321,0.00056479,0.00371172,0.00003444,0.00162779,0.00808888,-0.00020924,-0.00153064,13:29:58..936,,,,
13:29:59..111,35.92634103,0.041274,-0.00022377,0.00056452,0.00371165,0.00003387,0.0016271,0.00808928,-0.00020923,-0.00153026,13:29:59..111,,,,
13:29:59..144,35.72982441,0.041016,-0.00022379,0.00056505,0.00371131,0.0000338,0.00162724,0.00809367,-0.00020869,-0.00152974,13:29:59..222,,,,
13:29:59..296,35.69879547,0.041016,-0.00022322,0.00056507,0.00371112,0.00003402,0.00162736,0.00809319,-0.00020955,-0.00152983,13:29:59..222,,,,
13:29:59..328,35.7349959,0.040916,-0.00022332,0.00056448,0.00371381,0.00003369,0.00162763,0.00809269,-0.00020906,-0.0015303,13:29:59..341,,,,
13:29:59..444,35.76602484,0.040916,-0.00022319,0.0005644,0.00371383,0.00003393,0.00162714,0.00809186,-0.00020926,-0.0015303,13:29:59..442,,,,
13:29:59..477,35.75568186,0.040818,-0.00022335,0.00056447,0.00371413,0.00003442,0.00162716,0.00809397,-0.00020888,-0.00153071,13:29:59..486,,,,
13:29:59..600,35.75051037,0.040818,-0.000223,0.00056466,0.00371414,0.00003366,0.00162683,0.00809457,-0.00020863,-0.0015309,13:29:59..598,,,,
13:29:59..632,35.78153931,0.040828,-0.00022277,0.00056477,0.00371433,0.0000343,0.00162742,0.00809172,-0.00020911,-0.00153131,13:29:59..640,,,,
13:29:59..783,35.67810951,0.040828,-0.00022322,0.00056456,0.00371418,0.00003356,0.0016267,0.00809164,-0.00020945,-0.00153113,13:29:59..640,,,,
13:29:59..815,35.75051037,0.040982,-0.00022298,0.00056456,0.00371393,0.00003443,0.00162716,0.00808905,-0.00020933,-0.0015313,13:29:59..783,,,,
13:29:59..848,35.65742355,0.041181,-0.00022335,0.00056426,0.00371416,0.00003364,0.00162677,0.00809033,-0.00020933,-0.00153137,13:29:59..871,,,,
13:29:59..962,35.69362398,0.041403,-0.000223,0.00056401,0.00371429,0.0000342,0.00162667,0.0080903,-0.00020938,-0.0015307,13:30:00..033,,,,
13:30:00..090,35.74016739,0.041478,-0.00022298,0.00056421,0.0037146,0.00003368,0.00162659,0.0080903,-0.000209,-0.00153104,13:30:00..090,,,,
13:30:00..161,35.70396696,0.041478,-0.00022333,0.00056422,0.0037142,0.00003392,0.00162664,0.00809167,-0.00020951,-0.00153132,13:30:00..133,,,,
13:30:00..194,35.7349959,0.041494,-0.00022341,0.00056397,0.00371464,0.0000333,0.00162664,0.00809107,-0.00020936,-0.0015301,13:30:00..177,,,,
13:30:00..228,35.80222527,0.0415,-0.0002237,0.0005639,0.00371485,0.00003337,0.00162669,0.00808896,-0.00020868,-0.00153073,13:30:00..300,,,,
13:30:00..309,35.79188229,0.041513,-0.0002234,0.0005642,0.00371503,0.00003435,0.00162662,0.00808905,-0.00020892,-0.0015305,13:30:00..300,,,,
13:30:00..367,35.70913845,0.041511,-0.00022327,0.00056429,0.0037149,0.00003338,0.00162666,0.00808991,-0.00020896,-0.00153021,13:30:00..408,,,,
13:30:00..439,35.81773974,0.041511,-0.00022314,0.00056442,0.00371479,0.00003398,0.00162682,0.00809075,-0.00020932,-0.00153081,13:30:00..408,,,,
13:30:00..472,35.70913845,0.041508,-0.00022346,0.00056397,0.00371464,0.000034,0.00162649,0.008096,-0.00020885,-0.00153073,13:30:00..494,,,,
13:30:00..676,35.71948143,0.041556,-0.00022334,0.00056414,0.00371442,0.00003319,0.0016262,0.00809617,-0.00020921,-0.00153016,13:30:00..690,,,,
13:30:00..752,35.74016739,0.041556,-0.00022335,0.00056417,0.00371466,0.00003386,0.0016265,0.00809625,-0.00020879,-0.00153058,13:30:00..752,,,,
13:30:00..784,35.72465292,0.041625,-0.00022336,0.00056403,0.00371602,0.00003409,0.00162611,0.0080934,-0.00020937,-0.00152942,13:30:00..796,,,,
13:30:00..817,35.7867108,0.041717,-0.00022359,0.00056416,0.00371591,0.00003314,0.00162635,0.00809977,-0.00020877,-0.00152988,13:30:00..840,,,,
13:30:00..958,35.72465292,0.041717,-0.00022295,0.00056429,0.00371589,0.00003407,0.00162681,0.00810108,-0.00020919,-0.00152967,13:30:00..958,,,,
13:30:00..992,34.51452426,0.041768,-0.00022357,0.00056441,0.00371478,0.00003381,0.00162681,0.00809741,-0.00020866,-0.00152972,13:30:01..002,,,,
13:30:01..101,29.98947051,0.041768,-0.00022387,0.0005646,0.00371444,0.0000336,0.00162664,0.00809728,-0.00020879,-0.0015296,13:30:01..155,,,,
13:30:01..164,35.57467971,0.041768,-0.000224,0.00056428,0.00371486,0.00003354,0.00162669,0.00809764,-0.00020885,-0.00153004,13:30:01..155,,,,
13:30:01..196,37.10544075,0.039643,-0.00022615,0.00056343,0.00371618,0.00003376,0.00162563,0.0080901,-0.0002072,-0.00152437,13:30:01..200,,,,
13:30:01..231,33.81637311,0.038242,-0.0002297,0.00056306,0.00371903,0.00003471,0.0016241,0.00808366,-0.00020537,-0.0015185,13:30:01..244,,,,
13:30:01..265,32.34249846,0.035291,-0.00023092,0.00056263,0.003722,0.00003596,0.00162366,0.00808155,-0.00020451,-0.00151618,13:30:01..288,,,,
13:30:01..358,31.04962596,0.033886,-0.00023085,0.00056246,0.00372163,0.00003503,0.00162412,0.00808177,-0.00020425,-0.00151659,13:30:01..426,,,,
13:30:01..440,25.99708023,0.033886,-0.00023059,0.00056282,0.00372193,0.00003581,0.00162381,0.00808133,-0.00020432,-0.00151612,13:30:01..426,,,,
13:30:01..474,30.11875776,0.030927,-0.00023282,0.00056239,0.00372215,0.00003641,0.00162222,0.00808107,-0.00020257,-0.00151075,13:30:01..576,,,,
13:30:01..578,29.86535475,0.027863,-0.00023331,0.00056202,0.00372191,0.00003621,0.0016221,0.00808114,-0.00020237,-0.00151067,13:30:01..621,,,,
13:30:01..662,28.01396133,0.026421,-0.00023371,0.00056197,0.00372226,0.00003595,0.0016221,0.00808154,-0.00020254,-0.00151017,13:30:01..621,,,,
13:30:01..695,26.00225172,0.025066,-0.00023548,0.00056191,0.00372375,0.00003675,0.00162124,0.0080756,-0.00020128,-0.00150725,13:30:01..715,,,,
13:30:01..729,26.05913811,0.022547,-0.00023573,0.00056173,0.00372305,0.00003594,0.00162099,0.00807434,-0.00020115,-0.0015077,13:30:01..715,,,,
13:30:01..884,26.17291089,0.022547,-0.00023523,0.00056207,0.00372343,0.00003695,0.00162163,0.00807455,-0.00020131,-0.00150703,13:30:01..758,,,,
13:30:01..917,25.85745,0.019057,-0.00023804,0.00056127,0.00372544,0.00003713,0.00161943,0.00806858,-0.00019952,-0.00150381,13:30:01..929,,,,
13:30:02..069,25.55750358,0.019057,-0.00023758,0.00056111,0.0037255,0.00003714,0.00161959,0.00806929,-0.00019959,-0.00150294,13:30:01..929,,,,
13:30:02..103,24.75075114,0.015151,-0.00023952,0.00056121,0.00372609,0.00003779,0.00161845,0.00806377,-0.00019903,-0.00149976,13:30:02..120,,,,
13:30:02..252,24.59043495,0.015151,-0.00023947,0.00056154,0.00372665,0.00003803,0.00161835,0.00806423,-0.00019906,-0.00150005,13:30:02..251,,,,
13:30:02..286,23.82505443,0.012028,-0.00024048,0.00056087,0.00372809,0.00003838,0.00161735,0.00805438,-0.00019833,-0.00149749,13:30:02..297,,,,
13:30:02..425,23.77851102,0.012028,-0.00024049,0.00056082,0.00372811,0.00003857,0.00161721,0.00805608,-0.00019805,-0.00149705,13:30:02..424,,,,
13:30:02..459,23.40616374,0.010215,-0.00024178,0.00056056,0.00372914,0.00003853,0.0016166,0.00805116,-0.0001973,-0.00149517,13:30:02..424,,,,
13:30:02..533,23.3234199,0.010215,-0.00024175,0.00056073,0.00372886,0.00003834,0.00161677,0.00805174,-0.00019756,-0.00149536,13:30:02..582,,,,
13:30:02..588,23.07001689,0.010215,-0.0002414,0.00056085,0.00372942,0.00003864,0.00161694,0.00805069,-0.00019723,-0.00149511,13:30:02..582,,,,
13:30:02..622,22.86315729,0.008006,-0.00024201,0.00056084,0.00372964,0.00003819,0.00161621,0.00805137,-0.00019708,-0.00149349,13:30:02..693,,,,
13:30:02..759,22.63561173,0.008006,-0.00024159,0.00056096,0.00372979,0.0000386,0.00161583,0.00805151,-0.00019731,-0.00149378,13:30:02..693,,,,
13:30:02..790,22.22706402,0.007629,-0.00024259,0.00056013,0.00372939,0.00003911,0.00161528,0.00804787,-0.00019711,-0.00149291,13:30:02..759,,,,
13:30:02..910,22.17017763,0.007629,-0.00024301,0.00056009,0.00372915,0.00003844,0.00161517,0.00804778,-0.0001973,-0.00149222,13:30:02..907,,,,
13:30:02..940,22.00986144,0.006421,-0.00024325,0.00056007,0.00372999,0.00003915,0.00161476,0.0080475,-0.00019654,-0.00149218,13:30:02..950,,,,
13:30:03..115,22.01503293,0.006421,-0.00024335,0.00056041,0.00372997,0.00003786,0.00161486,0.00804627,-0.00019637,-0.00149212,13:30:03..113,,,,
13:30:03..147,21.59097075,0.005592,-0.00024403,0.00055979,0.00373089,0.00003842,0.00161455,0.00804873,-0.00019607,-0.00149155,13:30:03..155,,,,
13:30:03..304,21.39445413,0.005592,-0.00024391,0.0005598,0.0037311,0.00003953,0.00161458,0.00805047,-0.0001963,-0.00149147,13:30:03..300,,,,
13:30:03..336,21.22379496,0.004967,-0.00024436,0.00055999,0.00373141,0.00003911,0.00161421,0.00804283,-0.0001955,-0.00148949,13:30:03..300,,,,
13:30:03..425,21.16690857,0.004706,-0.00024418,0.00056014,0.00373099,0.0000392,0.00161389,0.00804178,-0.00019551,-0.00148953,13:30:03..476,,,,
13:30:03..531,21.02210685,0.004706,-0.00024385,0.00055988,0.00373098,0.00003925,0.00161431,0.0080433,-0.00019563,-0.00148961,13:30:03..531,,,,
13:30:03..566,20.68596,0.004427,-0.00024487,0.00055953,0.00373127,0.00003864,0.00161365,0.00804188,-0.00019464,-0.0014882,13:30:03..576,,,,
13:30:03..726,20.69630298,0.004427,-0.00024518,0.00055974,0.00373139,0.00003954,0.00161413,0.00804173,-0.00019542,-0.00148763,13:30:03..725,,,,
13:30:03..759,20.51012934,0.003923,-0.00024544,0.00055981,0.00373168,0.00003826,0.0016131,0.00803439,-0.00019491,-0.00148686,13:30:03..806,,,,
13:30:03..895,20.43255699,0.003923,-0.00024582,0.00055966,0.00373144,0.00003941,0.00161312,0.00803488,-0.00019524,-0.00148737,13:30:03..907,,,,
13:30:03..928,20.16363951,0.003923,-0.00024552,0.00055993,0.00373237,0.00003862,0.00161327,0.00803259,-0.00019428,-0.00148602,13:30:03..907,,,,
13:30:03..963,20.14295355,0.003541,-0.00024537,0.00055923,0.00373342,0.00003902,0.00161301,0.00803442,-0.00019452,-0.00148592,13:30:04..022,,,,
13:30:04..102,20.12743908,0.003541,-0.00024597,0.00055945,0.00373286,0.00003911,0.00161331,0.00803414,-0.00019446,-0.00148589,13:30:04..106,,,,
13:30:04..134,19.93609395,0.0032,-0.00024611,0.00055977,0.00373362,0.00003883,0.00161298,0.00803406,-0.00019412,-0.00148557,13:30:04..150,,,,
13:30:04..298,19.83266415,0.0032,-0.00024642,0.00055922,0.00373293,0.00003899,0.00161219,0.00803216,-0.00019437,-0.00148591,13:30:04..296,,,,
13:30:04..330,19.651662,0.00283,-0.00024707,0.00055915,0.00373576,0.00003821,0.00161241,0.00803399,-0.00019419,-0.00148478,13:30:04..296,,,,
13:30:04..451,19.64649051,0.00283,-0.00024669,0.00055907,0.00373589,0.00003896,0.00161259,0.00803598,-0.00019428,-0.00148442,13:30:04..535,,,,
13:30:04..546,19.47065985,0.00283,-0.00024698,0.00055911,0.00373563,0.00003864,0.00161216,0.00803711,-0.00019416,-0.00148481,13:30:04..535,,,,
13:30:04..577,19.34654409,0.002377,-0.00024753,0.00055899,0.00373707,0.00003833,0.00161191,0.00803049,-0.00019403,-0.001484,13:30:04..582,,,,
13:30:04..657,19.29482919,0.002377,-0.00024748,0.00055888,0.00373689,0.00003903,0.00161188,0.00803117,-0.00019413,-0.00148427,13:30:04..735,,,,
13:30:04..744,19.25862876,0.002377,-0.00024714,0.00055893,0.00373744,0.00003885,0.00161229,0.00803034,-0.00019332,-0.00148355,13:30:04..735,,,,
13:30:04..778,19.09314108,0.00211,-0.00024764,0.00055878,0.00373775,0.00003912,0.00161187,0.00802728,-0.0001937,-0.00148359,13:30:04..781,,,,
13:30:04..813,19.02074022,0.002009,-0.00024787,0.00055918,0.00373724,0.00003881,0.00161157,0.00802884,-0.00019362,-0.00148316,13:30:04..824,,,,
13:30:04..961,18.99488277,0.002009,-0.00024744,0.00055943,0.00373765,0.00003939,0.00161203,0.0080289,-0.00019401,-0.00148336,13:30:04..959,,,,
13:30:04..995,18.93282489,0.001913,-0.00024772,0.00055881,0.00373735,0.00003962,0.00161171,0.0080321,-0.00019383,-0.00148248,13:30:05..002,,,,
13:30:05..149,18.81905211,0.001913,-0.00024839,0.00055871,0.0037368,0.00003849,0.00161113,0.0080333,-0.00019349,-0.00148288,13:30:05..148,,,,
13:30:05..185,18.68459337,0.001785,-0.00024793,0.0005587,0.00373772,0.00003954,0.00161103,0.00802988,-0.00019335,-0.00148216,13:30:05..192,,,,
13:30:05..316,18.68459337,0.001785,-0.00024818,0.00055869,0.00373756,0.00003856,0.00161137,0.0080304,-0.00019332,-0.00148275,13:30:05..315,,,,
13:30:05..350,18.55013463,0.00173,-0.00024862,0.00055844,0.00373716,0.00003822,0.00161016,0.00802802,-0.00019352,-0.00148202,13:30:05..361,,,,
13:30:05..494,18.50359122,0.00173,-0.00024845,0.00055857,0.00373794,0.00003935,0.00161088,0.00802877,-0.00019352,-0.00148194,13:30:05..491,,,,
13:30:05..526,18.42601887,0.001582,-0.00024888,0.00055872,0.00373771,0.00003956,0.00161069,0.00802693,-0.00019341,-0.00148186,13:30:05..535,,,,
13:30:05..658,18.32776056,0.001582,-0.00024955,0.0005579,0.003738,0.00003897,0.00161036,0.00802798,-0.00019307,-0.00148204,13:30:05..657,,,,
13:30:05..692,18.24501672,0.001532,-0.00024944,0.00055859,0.00373787,0.00003908,0.0016104,0.00802514,-0.00019286,-0.00148064,13:30:05..702,,,,
13:30:05..813,18.19330182,0.001532,-0.00024921,0.0005588,0.00373817,0.00003993,0.00161063,0.00802461,-0.00019309,-0.00148117,13:30:05..811,,,,
13:30:05..846,18.07435755,0.00146,-0.00024986,0.00055805,0.00373895,0.00003955,0.00161012,0.00802918,-0.00019278,-0.00148126,13:30:05..854,,,,
13:30:05..904,18.11572947,0.00146,-0.00024926,0.00055842,0.00373883,0.00003937,0.00161023,0.00802958,-0.00019247,-0.00148084,13:30:05..962,,,,
13:30:06..003,18.04332861,0.00146,-0.00024953,0.0005585,0.00373947,0.0000396,0.00160998,0.00802984,-0.00019323,-0.00148077,13:30:05..962,,,,
13:30:06..035,17.91921285,0.00144,-0.0002492,0.00055849,0.00373908,0.00003965,0.00160993,0.00803411,-0.00019252,-0.00148078,13:30:06..048,,,,
13:30:06..193,17.92955583,0.00144,-0.00024936,0.00055871,0.00373935,0.00003979,0.00161027,0.00803286,-0.00019238,-0.0014807,13:30:06..190,,,,
13:30:06..224,17.79509709,0.001444,-0.00024986,0.00055798,0.00373909,0.00003935,0.00161003,0.00802584,-0.00019268,-0.00147996,13:30:06..234,,,,
13:30:06..393,17.72786772,0.001444,-0.00025001,0.00055817,0.00373929,0.00003969,0.00160984,0.00802674,-0.0001928,-0.00148016,13:30:06..390,,,,
13:30:06..426,17.59858047,0.001404,-0.00024964,0.00055813,0.00373982,0.00004,0.00160953,0.0080227,-0.00019217,-0.00147927,13:30:06..433,,,,
13:30:06..553,17.61926643,0.001404,-0.00025003,0.00055839,0.00373929,0.00003931,0.00160972,0.00802091,-0.00019234,-0.00147895,13:30:06..552,,,,
13:30:06..587,17.5313511,0.00133,-0.00024985,0.00055842,0.00374008,0.00003916,0.00160892,0.00802329,-0.00019204,-0.00147798,13:30:06..650,,,,
13:30:06..708,17.50032216,0.00133,-0.00024995,0.00055889,0.00373975,0.00004021,0.00160905,0.00802438,-0.00019256,-0.00147794,13:30:06..650,,,,
13:30:06..742,17.3762064,0.001319,-0.0002502,0.00055782,0.00374043,0.00003995,0.00160927,0.00802458,-0.00019222,-0.00147874,13:30:06..753,,,,
13:30:06..887,17.38654938,0.001319,-0.00025007,0.00055816,0.00374115,0.00003976,0.00160967,0.00802463,-0.00019209,-0.00147871,13:30:06..886,,,,
13:30:06..921,17.27794809,0.001319,-0.00025017,0.00055806,0.00374131,0.00004014,0.00160939,0.00802054,-0.00019198,-0.00147815,13:30:06..886,,,,
13:30:06..952,17.24174766,0.001319,-0.00025029,0.00055856,0.00374164,0.00003968,0.00160943,0.00802262,-0.00019217,-0.00147783,13:30:06..995,,,,
13:30:07..072,17.22623319,0.001319,-0.00025029,0.00055805,0.00374126,0.0000397,0.0016091,0.00802167,-0.00019239,-0.00147826,13:30:07..082,,,,
13:30:07..103,17.17968978,0.00131,-0.00025117,0.00055798,0.00374208,0.00003896,0.0016087,0.0080201,-0.00019203,-0.00147795,13:30:07..128,,,,
13:30:07..165,17.1176319,0.001316,-0.0002509,0.00055774,0.00374162,0.00004008,0.00160931,0.00801994,-0.00019236,-0.00147784,13:30:07..256,,,,
13:30:07..272,17.08660296,0.001316,-0.0002506,0.00055832,0.00374209,0.00003969,0.00160934,0.0080199,-0.0001913,-0.00147798,13:30:07..256,,,,
13:30:07..304,17.03488806,0.001483,-0.00025065,0.00055783,0.00374284,0.00003973,0.00160883,0.00801845,-0.00019209,-0.00147715,13:30:07..342,,,,
13:30:07..469,17.02971657,0.001483,-0.00025118,0.00055772,0.00374325,0.00003989,0.00160948,0.00801974,-0.00019186,-0.0014775,13:30:07..468,,,,
13:30:07..503,16.90560081,0.001408,-0.00025137,0.00055803,0.0037437,0.00004072,0.00160892,0.00801839,-0.00019186,-0.00147664,13:30:07..513,,,,
13:30:07..648,16.83319995,0.001408,-0.00025143,0.00055783,0.00374298,0.00003973,0.00160868,0.00801751,-0.0001913,-0.00147709,13:30:07..647,,,,
13:30:07..681,16.76079909,0.00133,-0.00025164,0.00055778,0.00374401,0.00003996,0.00160823,0.0080137,-0.00019175,-0.00147693,13:30:07..690,,,,
13:30:07..861,16.72459866,0.00133,-0.00025142,0.00055789,0.00374434,0.00003969,0.00160819,0.00801407,-0.00019178,-0.00147696,13:30:07..858,,,,
13:30:07..894,16.64702631,0.001322,-0.00025108,0.00055747,0.00374418,0.00004015,0.00160833,0.00801363,-0.00019174,-0.00147705,13:30:07..902,,,,
13:30:08..023,16.57979694,0.001322,-0.00025153,0.00055787,0.00374411,0.00003998,0.00160822,0.00801226,-0.00019156,-0.00147649,13:30:08..022,,,,
13:30:08..056,16.548768,0.00131,-0.00025171,0.00055797,0.00374378,0.00004022,0.00160808,0.0080125,-0.00019203,-0.00147691,13:30:08..066,,,,
13:30:08..107,16.548768,0.001347,-0.00025169,0.00055748,0.00374394,0.00004052,0.00160832,0.00801231,-0.00019203,-0.00147693,13:30:08..109,,,,
13:30:08..170,16.52291055,0.001347,-0.00025168,0.00055755,0.00374399,0.00004037,0.00160795,0.00801432,-0.0001917,-0.00147631,13:30:08..183,,,,
13:30:08..204,16.41948075,0.001376,-0.00025192,0.00055734,0.00374441,0.00004069,0.00160806,0.00801823,-0.00019166,-0.00147643,13:30:08..226,,,,
13:30:08..241,16.41948075,0.001376,-0.00025174,0.00055751,0.00374494,0.00003998,0.00160769,0.00801857,-0.00019161,-0.00147625,13:30:08..226,,,,
13:30:08..275,16.41430926,0.001428,-0.00025195,0.00055732,0.00374403,0.00004053,0.00160792,0.00801811,-0.00019156,-0.0014761,13:30:08..337,,,,
13:30:08..406,16.3936233,0.001428,-0.00025218,0.00055715,0.0037442,0.00003959,0.00160756,0.00802011,-0.00019211,-0.00147593,13:30:08..406,,,,
13:30:08..438,16.32122244,0.001479,-0.00025175,0.0005582,0.00374508,0.00004033,0.00160752,0.00801161,-0.000191,-0.00147597,13:30:08..451,,,,
13:30:08..497,16.27467903,0.001488,-0.00025194,0.00055787,0.00374527,0.00004092,0.00160792,0.00801315,-0.00019165,-0.00147583,13:30:08..560,,,,
13:30:08..589,16.24365009,0.001488,-0.00025218,0.00055752,0.00374494,0.00004044,0.00160813,0.00801192,-0.00019161,-0.00147574,13:30:08..560,,,,
13:30:08..621,16.14539178,0.001558,-0.00025252,0.00055746,0.00374496,0.00004067,0.0016075,0.00801568,-0.00019168,-0.00147478,13:30:08..648,,,,
13:30:08..780,16.20227817,0.001558,-0.00025236,0.00055743,0.00374535,0.00004002,0.00160749,0.00801605,-0.00019099,-0.00147512,13:30:08..778,,,,
13:30:08..811,16.10401986,0.001479,-0.00025254,0.00055717,0.00374648,0.00004051,0.00160776,0.00801329,-0.00019154,-0.00147521,13:30:08..813,,,,
13:30:08..944,16.07816241,0.001479,-0.00025279,0.0005573,0.00374653,0.00003979,0.00160728,0.00801484,-0.00019084,-0.00147531,13:30:08..943,,,,
13:30:08..979,16.03679049,0.001562,-0.00025255,0.00055708,0.00374706,0.00004122,0.00160725,0.00801347,-0.0001909,-0.00147501,13:30:08..986,,,,
13:30:09..035,16.01093304,0.001562,-0.00025324,0.00055683,0.00374659,0.00003947,0.00160666,0.00801166,-0.00019133,-0.00147557,13:30:09..088,,,,
13:30:09..098,15.95404665,0.001562,-0.00025286,0.00055694,0.00374658,0.00004046,0.00160738,0.00801007,-0.00019161,-0.00147473,13:30:09..088,,,,
13:30:09..132,15.95404665,0.001514,-0.00025324,0.00055771,0.0037457,0.00004044,0.00160735,0.0080099,-0.00019106,-0.00147515,13:30:09..216,,,,
13:30:09..289,15.93336069,0.001514,-0.00025288,0.00055722,0.00374645,0.00004039,0.00160745,0.00800985,-0.00019075,-0.00147518,13:30:09..288,,,,
13:30:09..322,15.8764743,0.00154,-0.00025266,0.00055689,0.00374692,0.00004066,0.00160701,0.00801096,-0.00019086,-0.00147449,13:30:09..331,,,,
13:30:09..473,15.84027387,0.00154,-0.00025279,0.00055721,0.00374692,0.0000406,0.00160707,0.0080116,-0.00019127,-0.00147472,13:30:09..471,,,,
13:30:09..504,15.75235854,0.001447,-0.00025275,0.00055715,0.00374485,0.00004094,0.00160682,0.00800978,-0.00019062,-0.00147403,13:30:09..514,,,,
13:30:09..566,15.78338748,0.001427,-0.00025267,0.00055719,0.00374495,0.00004041,0.00160659,0.00801054,-0.0001913,-0.00147495,13:30:09..627,,,,
13:30:09..649,15.71615811,0.001427,-0.00025281,0.00055729,0.00374466,0.00004062,0.00160678,0.00801103,-0.00019145,-0.001475,13:30:09..627,,,,
13:30:09..685,15.63858576,0.001403,-0.00025324,0.00055681,0.00374475,0.00004021,0.0016064,0.00801266,-0.00019113,-0.00147456,13:30:09..713,,,,
13:30:09..817,15.64892874,0.001403,-0.00025304,0.00055682,0.00374537,0.00004075,0.00160662,0.00801112,-0.00019089,-0.00147437,13:30:09..817,,,,
13:30:09..849,15.58169937,0.001392,-0.00025332,0.00055672,0.00374447,0.00004019,0.0016061,0.00801114,-0.00019087,-0.00147429,13:30:09..861,,,,
13:30:09..971,15.6178998,0.001392,-0.00025351,0.00055672,0.0037447,0.00004051,0.00160656,0.00801096,-0.00019117,-0.00147485,13:30:09..969,,,,
13:30:10..003,15.51964149,0.001337,-0.00025357,0.00055716,0.00374532,0.00004036,0.00160603,0.00801367,-0.00019088,-0.00147361,13:30:10..012,,,,
13:30:10..070,15.48344106,0.001344,-0.00025345,0.00055667,0.00374492,0.000041,0.00160583,0.00801331,-0.00019107,-0.00147413,13:30:10..153,,,,
13:30:10..237,15.51447,0.001344,-0.00025318,0.00055667,0.00374488,0.00004068,0.001606,0.0080131,-0.00019087,-0.00147391,13:30:10..237,,,,
13:30:10..270,15.38001126,0.001388,-0.00025388,0.00055694,0.00374818,0.00004052,0.00160579,0.00801186,-0.00019088,-0.00147368,13:30:10..282,,,,
13:30:10..349,15.37483977,0.001427,-0.00025366,0.00055709,0.00374772,0.00004106,0.00160594,0.00801172,-0.00019131,-0.00147343,13:30:10..409,,,,
13:30:10..498,15.28175295,0.001427,-0.00025375,0.00055667,0.00374743,0.00004017,0.00160589,0.00801265,-0.00019041,-0.00147337,13:30:10..498,,,,
13:30:10..531,15.2558955,0.001383,-0.00025389,0.00055675,0.0037476,0.00004023,0.00160556,0.00801209,-0.00019046,-0.00147342,13:30:10..540,,,,
13:30:10..638,15.26106699,0.001383,-0.00025386,0.0005568,0.00374778,0.00004127,0.00160559,0.00801222,-0.00019083,-0.00147359,13:30:10..638,,,,
13:30:10..671,15.23520954,0.001317,-0.00025382,0.0005563,0.00374748,0.00004063,0.00160574,0.00800907,-0.00019069,-0.00147309,13:30:10..684,,,,
13:30:10..797,15.21452358,0.001317,-0.0002542,0.00055615,0.00374737,0.00004069,0.00160553,0.00800861,-0.00019113,-0.00147293,13:30:10..796,,,,
13:30:10..829,15.1524657,0.001294,-0.00025466,0.00055615,0.00374787,0.00004057,0.00160494,0.00801049,-0.00019105,-0.00147306,13:30:10..840,,,,
13:30:10..971,15.12660825,0.001294,-0.00025458,0.0005566,0.00374781,0.00004051,0.00160523,0.00801113,-0.00019097,-0.00147358,13:30:10..970,,,,
13:30:11..006,15.02834994,0.001321,-0.00025428,0.0005564,0.00374844,0.00004095,0.00160497,0.00800766,-0.00019045,-0.0014737,13:30:11..014,,,,
13:30:11..152,15.08006484,0.001321,-0.00025422,0.00055628,0.00374811,0.00004081,0.00160527,0.00800903,-0.00019072,-0.0014732,13:30:11..149,,,,
13:30:11..183,14.97663504,0.001358,-0.00025487,0.0005562,0.00374818,0.00004049,0.00160503,0.00800684,-0.00019029,-0.00147298,13:30:11..192,,,,
13:30:11..333,14.98697802,0.001358,-0.0002545,0.00055686,0.00374809,0.00004044,0.00160426,0.00800654,-0.00019038,-0.001473,13:30:11..330,,,,
13:30:11..364,14.95594908,0.001221,-0.00025496,0.00055578,0.00374968,0.00004019,0.00160504,0.00800657,-0.00019021,-0.00147204,13:30:11..437,,,,
13:30:11..502,14.93526312,0.001221,-0.00025465,0.00055568,0.00374965,0.00004071,0.0016055,0.0080079,-0.00019034,-0.00147259,13:30:11..500,,,,
13:30:11..535,14.85769077,0.001108,-0.00025457,0.00055632,0.00374891,0.00004081,0.00160475,0.0080074,-0.00019003,-0.00147208,13:30:11..542,,,,
13:30:11..661,14.83183332,0.001108,-0.00025494,0.0005557,0.00374874,0.0000403,0.00160458,0.00800669,-0.00019007,-0.00147216,13:30:11..659,,,,
13:30:11..693,14.85251928,0.001019,-0.00025494,0.00055623,0.00374949,0.000041,0.00160488,0.00800611,-0.00019015,-0.00147215,13:30:11..693,,,,
13:30:11..837,14.82666183,0.001019,-0.0002549,0.00055596,0.00374915,0.00004054,0.00160466,0.00800666,-0.00018992,-0.0014723,13:30:11..834,,,,
13:30:11..869,14.76460395,0.000976,-0.00025505,0.00055605,0.00374885,0.00004064,0.00160444,0.00800537,-0.00018979,-0.00147205,13:30:11..879,,,,
13:30:12..005,14.78011842,0.000976,-0.00025455,0.00055605,0.00374931,0.00004128,0.00160432,0.00800533,-0.00018982,-0.00147224,13:30:12..002,,,,
13:30:12..037,14.6870316,0.000969,-0.00025515,0.00055591,0.00374927,0.0000405,0.00160459,0.0080057,-0.00018941,-0.00147106,13:30:12..046,,,,
13:30:12..194,14.68186011,0.000969,-0.00025496,0.00055608,0.00374915,0.00004074,0.00160426,0.00800468,-0.00019024,-0.00147163,13:30:12..255,,,,
13:30:12..266,14.61980223,0.000969,-0.00025504,0.00055646,0.00374949,0.00004013,0.00160453,0.00800604,-0.00018964,-0.00147157,13:30:12..255,,,,
13:30:12..298,14.63014521,0.001089,-0.00025523,0.0005553,0.00374975,0.00004038,0.00160408,0.00800549,-0.00018974,-0.00147218,13:30:12..340,,,,
13:30:12..494,14.56808733,0.001089,-0.00025572,0.0005555,0.00374985,0.00004032,0.00160399,0.00800504,-0.00018987,-0.00147192,13:30:12..494,,,,
13:30:12..529,14.50602945,0.001095,-0.00025546,0.00055551,0.0037507,0.00004027,0.00160362,0.00800262,-0.00018968,-0.00147172,13:30:12..539,,,,
13:30:12..672,14.51637243,0.001095,-0.00025482,0.00055587,0.00375085,0.0000408,0.00160384,0.00800258,-0.0001897,-0.0014717,13:30:12..539,,,,
13:30:12..708,14.51637243,0.001033,-0.00025553,0.00055497,0.00375057,0.00004068,0.00160381,0.00800835,-0.00018981,-0.0014722,13:30:12..757,,,,
13:30:12..872,14.45948604,0.001033,-0.0002558,0.00055513,0.00375037,0.0000405,0.00160338,0.00800726,-0.00018946,-0.00147197,13:30:12..897,,,,
13:30:12..911,14.40259965,0.001033,-0.000256,0.00055521,0.00375009,0.00004078,0.00160356,0.00800822,-0.00018971,-0.00147217,13:30:12..897,,,,
13:30:12..942,14.40259965,0.00096,-0.00025561,0.00055518,0.00375098,0.00004061,0.0016034,0.00800763,-0.00018906,-0.00147173,13:30:12..940,,,,
13:30:12..977,14.29916985,0.00095,-0.00025582,0.00055557,0.00375107,0.0000414,0.00160325,0.00800647,-0.00018922,-0.00147188,13:30:12..985,,,,
13:30:13..056,14.33019879,0.000877,-0.00025603,0.00055535,0.00375103,0.00004077,0.00160307,0.00800679,-0.00018934,-0.00147193,13:30:13..112,,,,
13:30:13..160,14.28365538,0.000877,-0.00025581,0.00055511,0.00375159,0.00004102,0.00160323,0.00800722,-0.0001892,-0.00147191,13:30:13..159,,,,
13:30:13..192,14.31985581,0.000839,-0.00025592,0.00055573,0.00375147,0.00004052,0.00160303,0.00800401,-0.00018937,-0.00147114,13:30:13..159,,,,
13:30:13..275,14.26296942,0.000831,-0.00025583,0.00055557,0.00375117,0.00004141,0.00160307,0.00800289,-0.00018932,-0.00147104,13:30:13..326,,,,
13:30:13..347,14.31985581,0.000822,-0.00025642,0.00055523,0.00375136,0.00004052,0.00160307,0.00800425,-0.00018945,-0.00147142,13:30:13..369,,,,
13:30:13..404,14.23194048,0.000822,-0.00025577,0.00055488,0.0037514,0.00004107,0.00160312,0.00800538,-0.00018953,-0.0014716,13:30:13..369,,,,
13:30:13..437,14.24228346,0.000817,-0.00025592,0.00055506,0.00375175,0.00004096,0.00160365,0.00800271,-0.0001891,-0.00147109,13:30:13..413,,,,
13:30:13..471,14.24745495,0.000846,-0.00025587,0.00055543,0.00375198,0.00004069,0.00160303,0.00800313,-0.00018942,-0.00147076,13:30:13..510,,,,
13:30:13..596,14.15953962,0.000846,-0.0002561,0.00055527,0.00375205,0.0000405,0.00160278,0.00800246,-0.00018871,-0.00147106,13:30:13..595,,,,
13:30:13..631,14.1181677,0.000846,-0.00025584,0.00055492,0.00375232,0.00004137,0.0016032,0.00800362,-0.00018913,-0.00147061,13:30:13..595,,,,
13:30:13..665,14.1698826,0.000925,-0.00025648,0.00055444,0.0037519,0.00004128,0.00160281,0.0080023,-0.00018896,-0.00147131,13:30:13..683,,,,
13:30:13..828,14.12851068,0.000925,-0.00025664,0.00055444,0.00375176,0.00004042,0.00160278,0.00800272,-0.00018896,-0.00147079,13:30:13..828,,,,
13:30:13..860,14.13368217,0.001026,-0.00025688,0.00055524,0.00375243,0.00004078,0.00160255,0.00800152,-0.00018883,-0.00147077,13:30:13..871,,,,
13:30:13..996,14.08196727,0.001026,-0.0002568,0.00055437,0.00375286,0.00004101,0.00160259,0.00800217,-0.00018891,-0.00147022,13:30:13..995,,,,
13:30:14..030,13.99405194,0.001191,-0.00025672,0.00055493,0.00375263,0.00004132,0.00160266,0.00800461,-0.00018898,-0.00147076,13:30:14..039,,,,
13:30:14..161,14.00439492,0.001191,-0.00025673,0.00055467,0.00375295,0.00004088,0.00160241,0.00800384,-0.00018891,-0.00147066,13:30:14..160,,,,
13:30:14..195,13.963023,0.001275,-0.00025712,0.00055452,0.00375309,0.00004099,0.00160255,0.00800139,-0.00018881,-0.00147064,13:30:14..160,,,,
13:30:14..246,13.95785151,0.001291,-0.00025681,0.00055438,0.00375288,0.00004055,0.00160248,0.00800115,-0.00018858,-0.0014703,13:30:14..301,,,,
13:30:14..327,13.98370896,0.001291,-0.00025715,0.00055396,0.00375339,0.00004096,0.00160236,0.00800133,-0.00018917,-0.00147095,13:30:14..301,,,,
13:30:14..361,13.90613661,0.001331,-0.00025656,0.00055468,0.00375368,0.00004161,0.00160238,0.00799831,-0.00018883,-0.00147039,13:30:14..390,,,,
13:30:14..474,13.93716555,0.001331,-0.00025734,0.00055434,0.00375333,0.00004032,0.0016023,0.00799831,-0.00018907,-0.00147034,13:30:14..473,,,,
13:30:14..508,13.90096512,0.001301,-0.00025688,0.00055424,0.003754,0.00004053,0.001602,0.00799531,-0.00018908,-0.0014698,13:30:14..516,,,,
13:30:14..621,13.88027916,0.001301,-0.00025681,0.00055437,0.00375409,0.00004099,0.00160243,0.00799489,-0.00018863,-0.00147046,13:30:14..619,,,,
13:30:14..654,13.84925022,0.001326,-0.00025676,0.00055404,0.00375348,0.00004065,0.00160218,0.00799782,-0.00018864,-0.00147007,13:30:14..663,,,,
13:30:14..798,13.82856426,0.001326,-0.00025693,0.00055455,0.00375384,0.00004119,0.00160218,0.00799779,-0.00018882,-0.00146981,13:30:14..797,,,,
13:30:14..830,13.79236383,0.00132,-0.00025755,0.00055442,0.00375394,0.0000409,0.00160155,0.00799604,-0.00018874,-0.00147027,13:30:14..841,,,,
13:30:14..942,13.80270681,0.00132,-0.0002571,0.00055416,0.00375396,0.00004059,0.00160191,0.0079965,-0.00018854,-0.00146987,13:30:14..940,,,,
13:30:14..973,13.73547744,0.001313,-0.00025727,0.0005542,0.00375342,0.00004064,0.00160158,0.00799776,-0.00018867,-0.00146962,13:30:14..984,,,,
13:30:15..080,13.7561634,0.001313,-0.00025693,0.00055435,0.00375409,0.00004149,0.00160215,0.00799864,-0.00018839,-0.00147017,13:30:15..077,,,,
13:30:15..113,13.74582042,0.001309,-0.00025751,0.00055434,0.00375311,0.00004105,0.00160234,0.00799781,-0.00018862,-0.00146988,13:30:15..123,,,,
13:30:15..229,13.69927701,0.001309,-0.00025753,0.00055386,0.00375352,0.00004095,0.0016018,0.00799816,-0.00018831,-0.00147004,13:30:15..226,,,,
13:30:15..260,13.67341956,0.001158,-0.00025713,0.00055397,0.0037536,0.0000404,0.0016017,0.00799516,-0.00018859,-0.00146959,13:30:15..226,,,,
13:30:15..345,13.66824807,0.001158,-0.00025734,0.00055426,0.00375328,0.00004101,0.00160192,0.00799581,-0.00018834,-0.00146962,13:30:15..385,,,,
13:30:15..419,13.63721913,0.001158,-0.00025801,0.00055411,0.00375342,0.0000408,0.00160165,0.00799514,-0.0001885,-0.00146947,13:30:15..385,,,,
13:30:15..452,13.67341956,0.001011,-0.00025769,0.00055417,0.00375336,0.00004073,0.00160168,0.00799576,-0.00018845,-0.00146946,13:30:15..420,,,,
13:30:15..541,13.65790509,0.001011,-0.00025819,0.00055386,0.00375329,0.00004081,0.00160113,0.00799559,-0.00018857,-0.00146982,13:30:15..604,,,,
13:30:15..626,13.58550423,0.001011,-0.00025773,0.00055413,0.00375293,0.00004075,0.00160147,0.0079953,-0.00018871,-0.00146955,13:30:15..604,,,,
13:30:15..659,13.58550423,0.000843,-0.00025767,0.00055391,0.00375322,0.00004052,0.00160175,0.00799425,-0.00018837,-0.00146908,13:30:15..693,,,,
13:30:15..778,13.6010187,0.000843,-0.00025742,0.000554,0.00375356,0.00004119,0.00160139,0.0079938,-0.00018846,-0.00146912,13:30:15..776,,,,
13:30:15..809,13.53378933,0.000843,-0.00025801,0.00055355,0.00375334,0.00004085,0.0016011,0.00799635,-0.00018841,-0.00146934,13:30:15..776,,,,
13:30:15..843,13.54413231,0.000996,-0.00025773,0.00055335,0.00375295,0.00004126,0.0016014,0.00799474,-0.0001884,-0.00146971,13:30:15..881,,,,
13:30:15..937,13.53896082,0.000996,-0.00025827,0.00055369,0.0037532,0.00004076,0.00160125,0.00799396,-0.0001883,-0.00146911,13:30:15..935,,,,
13:30:15..969,13.48207443,0.001065,-0.00025787,0.00055377,0.00375393,0.00004064,0.00160125,0.00799209,-0.00018857,-0.00146918,13:30:15..982,,,,
13:30:16..098,13.48724592,0.001065,-0.00025776,0.00055362,0.00375421,0.00004102,0.00160125,0.0079933,-0.00018858,-0.00146884,13:30:16..096,,,,
13:30:16..129,13.47173145,0.001065,-0.00025806,0.00055367,0.00375396,0.00004163,0.00160085,0.00799321,-0.00018827,-0.00146795,13:30:16..096,,,,
13:30:16..163,13.37347314,0.001123,-0.00025746,0.00055323,0.00375379,0.00004134,0.00160137,0.00799198,-0.00018835,-0.00146777,13:30:16..198,,,,
13:30:16..261,13.40967357,0.001123,-0.00025831,0.00055337,0.00375398,0.00004059,0.00160105,0.00799317,-0.00018829,-0.00146824,13:30:16..198,,,,
13:30:16..293,13.45104549,0.001159,-0.00025794,0.00055333,0.00375427,0.0000414,0.00160077,0.00799403,-0.00018871,-0.0014686,13:30:16..308,,,,
13:30:16..425,13.445874,0.001159,-0.00025833,0.00055343,0.00375466,0.00004068,0.0016009,0.00799319,-0.00018806,-0.0014677,13:30:16..424,,,,
13:30:16..457,13.37347314,0.001231,-0.00025823,0.00055376,0.00375445,0.00004097,0.00160151,0.00799205,-0.00018829,-0.00146763,13:30:16..424,,,,
13:30:16..538,13.40967357,0.001231,-0.00025815,0.0005532,0.00375426,0.00004085,0.00160083,0.00799158,-0.000188,-0.00146774,13:30:16..582,,,,
13:30:16..614,13.34761569,0.001231,-0.0002578,0.00055325,0.00375441,0.00004135,0.00160085,0.00799235,-0.00018791,-0.00146799,13:30:16..582,,,,
13:30:16..648,13.31141526,0.001177,-0.00025857,0.00055334,0.00375527,0.00004102,0.00160087,0.00799262,-0.00018797,-0.00146745,13:30:16..623,,,,
13:30:16..740,13.30624377,0.001177,-0.00025854,0.00055282,0.0037553,0.00004085,0.00160071,0.00799347,-0.00018801,-0.00146744,13:30:16..779,,,,
13:30:16..787,13.24935738,0.001177,-0.00025843,0.00055327,0.00375507,0.00004107,0.00160053,0.00799386,-0.0001883,-0.00146784,13:30:16..779,,,,
13:30:16..821,13.24418589,0.001076,-0.00025911,0.00055291,0.00375486,0.00004122,0.00160011,0.00799278,-0.00018821,-0.00146791,13:30:16..822,,,,
13:30:16..945,13.31141526,0.001076,-0.00025803,0.00055346,0.00375466,0.00004137,0.00160065,0.00799363,-0.00018767,-0.00146776,13:30:16..942,,,,
13:30:16..977,13.25970036,0.000967,-0.00025851,0.0005531,0.00375433,0.00004089,0.00160045,0.00799155,-0.00018834,-0.00146772,13:30:16..985,,,,
13:30:17..109,13.18212801,0.000967,-0.00025887,0.00055309,0.00375496,0.00004108,0.00160044,0.00799158,-0.00018878,-0.00146768,13:30:17..107,,,,
13:30:17..140,13.22867142,0.000967,-0.00025869,0.0005535,0.00375521,0.00004136,0.00160055,0.0079925,-0.00018814,-0.00146793,13:30:17..107,,,,
13:30:17..174,13.19764248,0.001019,-0.00025869,0.00055331,0.00375616,0.00004126,0.00160037,0.00799301,-0.00018796,-0.00146798,13:30:17..225,,,,
13:30:17..291,13.19247099,0.001019,-0.00025818,0.00055293,0.00375554,0.0000412,0.00160062,0.00799283,-0.00018788,-0.00146819,13:30:17..290,,,,
13:30:17..323,13.16661354,0.000984,-0.00025826,0.00055301,0.00375653,0.00004153,0.00160053,0.00799547,-0.00018804,-0.00146776,13:30:17..323,,,,
13:30:17..453,13.11489864,0.000984,-0.00025839,0.00055282,0.00375617,0.00004106,0.0016006,0.0079938,-0.00018772,-0.00146771,13:30:17..451,,,,
13:30:17..485,13.16661354,0.000925,-0.00025935,0.00055309,0.00375645,0.00004044,0.00160011,0.00799537,-0.00018809,-0.00146792,13:30:17..495,,,,
13:30:17..624,13.09938417,0.000925,-0.00025905,0.00055288,0.00375662,0.0000417,0.00160018,0.00799557,-0.00018822,-0.00146833,13:30:17..622,,,,
13:30:17..655,13.09421268,0.000957,-0.00025827,0.00055331,0.00375823,0.00004182,0.00160038,0.00799192,-0.00018787,-0.0014683,13:30:17..622,,,,
13:30:17..734,13.07352672,0.000957,-0.00025901,0.00055318,0.0037576,0.00004089,0.00160035,0.00799258,-0.00018816,-0.00146881,13:30:17..770,,,,
13:30:17..786,13.08904119,0.000957,-0.00025887,0.00055273,0.00375792,0.00004141,0.00160037,0.00799123,-0.00018773,-0.00146847,13:30:17..770,,,,
13:30:17..819,13.05284076,0.000927,-0.00025926,0.00055302,0.0037586,0.00004059,0.00159978,0.00799786,-0.00018816,-0.00146804,13:30:17..857,,,,
13:30:17..953,13.0321548,0.000927,-0.00025911,0.00055274,0.00375897,0.00004119,0.00160043,0.0079981,-0.00018807,-0.00146801,13:30:17..950,,,,
13:30:17..984,13.01664033,0.001021,-0.00025919,0.0005525,0.0037595,0.00004133,0.00160038,0.00799305,-0.00018828,-0.00146755,13:30:17..994,,,,
13:30:18..105,13.02698331,0.001021,-0.00025949,0.00055249,0.0037595,0.0000409,0.00159993,0.00799347,-0.00018796,-0.00146775,13:30:18..102,,,,
13:30:18..136,12.99078288,0.001127,-0.00025956,0.00055292,0.00375973,0.00004144,0.00159997,0.00799242,-0.00018802,-0.00146815,13:30:18..146,,,,
13:30:18..249,12.92355351,0.001127,-0.00025932,0.00055298,0.0037599,0.00004102,0.00160051,0.00799319,-0.00018791,-0.00146792,13:30:18..247,,,,
13:30:18..281,12.97526841,0.001133,-0.00026017,0.00055232,0.0037598,0.00004059,0.00159978,0.00799136,-0.00018816,-0.00146766,13:30:18..291,,,,
13:30:18..385,12.95975394,0.001133,-0.00025918,0.00055248,0.00375953,0.00004158,0.00160019,0.00799271,-0.0001881,-0.0014681,13:30:18..383,,,,
13:30:18..416,12.89252457,0.001088,-0.00025974,0.00055217,0.00376024,0.0000408,0.00159991,0.00798824,-0.0001879,-0.00146832,13:30:18..383,,,,
13:30:18..504,12.90286755,0.001088,-0.00025961,0.0005522,0.00376025,0.00004088,0.0015998,0.00798841,-0.00018795,-0.00146798,13:30:18..522,,,,
13:30:18..539,12.90286755,0.001088,-0.00025972,0.00055267,0.00376061,0.0000414,0.00159984,0.00798809,-0.00018811,-0.00146788,13:30:18..522,,,,
13:30:18..573,12.8770101,0.001047,-0.00025938,0.00055265,0.00376038,0.00004095,0.00159923,0.00798609,-0.00018807,-0.00146847,13:30:18..611,,,,
13:30:18..713,12.84080967,0.001047,-0.00025957,0.00055256,0.00376052,0.00004145,0.00159974,0.00798666,-0.00018841,-0.00146843,13:30:18..710,,,,
13:30:18..744,12.79943775,0.00106,-0.00025947,0.00055187,0.00376056,0.00004134,0.0015995,0.00798727,-0.00018812,-0.00146847,13:30:18..753,,,,
13:30:18..869,12.86149563,0.00106,-0.00026018,0.00055257,0.00376013,0.00004079,0.00159942,0.0079882,-0.00018803,-0.00146797,13:30:18..866,,,,
13:30:18..900,12.76323732,0.001147,-0.00026035,0.00055223,0.00376062,0.00004194,0.00159996,0.0079867,-0.00018796,-0.00146786,13:30:18..866,,,,
13:30:18..982,12.78909477,0.001147,-0.00026032,0.00055195,0.00376033,0.00004065,0.00159936,0.0079856,-0.00018812,-0.00146838,13:30:19..025,,,,
13:30:19..035,12.80978073,0.001147,-0.00026003,0.00055187,0.00376095,0.00004183,0.00159982,0.00798475,-0.00018777,-0.00146847,13:30:19..025,,,,
13:30:19..067,12.73737987,0.001345,-0.00026026,0.00055229,0.00376027,0.00004014,0.00159961,0.00798483,-0.00018817,-0.00146831,13:30:19..070,,,,
13:30:19..175,12.78392328,0.001345,-0.00025997,0.00055189,0.00376108,0.00004126,0.00159924,0.00798495,-0.00018848,-0.00146864,13:30:19..173,,,,
13:30:19..207,12.74255136,0.001341,-0.00025983,0.00055179,0.00376109,0.00004176,0.00159907,0.00798287,-0.00018802,-0.00146825,13:30:19..216,,,,
13:30:19..319,12.74772285,0.001341,-0.00026006,0.0005523,0.00376139,0.00004065,0.00159916,0.00798262,-0.00018776,-0.00146853,13:30:19..317,,,,
13:30:19..351,12.68566497,0.001317,-0.00026035,0.00055161,0.00376135,0.00004115,0.00159972,0.00798441,-0.0001881,-0.00146813,13:30:19..359,,,,
13:30:19..470,12.69600795,0.001317,-0.00026013,0.00055188,0.00376121,0.00004021,0.00159918,0.0079835,-0.00018814,-0.00146783,13:30:19..468,,,,
13:30:19..502,12.64946454,0.001256,-0.00026056,0.00055218,0.00376083,0.00004055,0.00159934,0.0079864,-0.00018778,-0.00146843,13:30:19..468,,,,
13:30:19..563,12.55637772,0.001256,-0.0002605,0.00055212,0.00376074,0.00004122,0.00159897,0.00798652,-0.0001881,-0.00146817,13:30:19..616,,,,
13:30:19..629,12.64946454,0.001256,-0.00026027,0.00055225,0.00376121,0.00004044,0.00159888,0.00798654,-0.00018825,-0.00146799,13:30:19..616,,,,
13:30:19..661,12.65980752,0.001174,-0.00026031,0.00055225,0.00376112,0.00004097,0.00159888,0.00798349,-0.00018789,-0.00146851,13:30:19..716,,,,
13:30:19..768,12.60292113,0.001174,-0.00026032,0.00055203,0.00376145,0.0000409,0.00159903,0.00798528,-0.00018865,-0.00146839,13:30:19..767,,,,
13:30:19..799,12.56154921,0.001137,-0.00026078,0.00055184,0.00376148,0.00004063,0.0015988,0.00798101,-0.00018763,-0.00146858,13:30:19..810,,,,
13:30:19..909,12.63395007,0.001137,-0.00026054,0.00055189,0.00376118,0.00004112,0.00159889,0.00798218,-0.00018818,-0.00146852,13:30:19..907,,,,
13:30:19..941,12.54086325,0.001007,-0.00026013,0.00055192,0.0037614,0.00004074,0.00159933,0.00796845,-0.00018748,-0.00146807,13:30:19..907,,,,
13:30:20..007,12.50466282,0.001007,-0.00026032,0.00055176,0.00376139,0.00004094,0.00159885,0.00797088,-0.00018814,-0.00146834,13:30:20..049,,,,
13:30:20..058,12.55120623,0.001007,-0.00026066,0.00055166,0.00376128,0.0000404,0.00159888,0.00797045,-0.00018781,-0.00146856,13:30:20..049,,,,
13:30:20..090,12.63912156,0.000986,-0.00026075,0.00055198,0.00376146,0.00004099,0.00159881,0.00796688,-0.00018818,-0.00146889,13:30:20..092,,,,
13:30:20..222,12.60809262,0.000986,-0.00026019,0.00055168,0.00376166,0.00004124,0.00159886,0.00796659,-0.00018826,-0.00146811,13:30:20..219,,,,
13:30:20..254,12.55637772,0.000904,-0.00026079,0.00055159,0.00376175,0.00004102,0.00159814,0.00796631,-0.00018789,-0.00146837,13:30:20..264,,,,
13:30:20..364,12.57189219,0.000904,-0.00026034,0.0005517,0.00376204,0.0000412,0.00159893,0.00796631,-0.00018781,-0.00146843,13:30:20..360,,,,
13:30:20..394,12.44260494,0.000904,-0.00026031,0.00055165,0.00376182,0.00004147,0.00159857,0.00796511,-0.00018799,-0.00146818,13:30:20..403,,,,
13:30:20..530,12.40640451,0.000904,-0.00026098,0.0005516,0.00376171,0.00004023,0.00159866,0.00796491,-0.00018778,-0.0014675,13:30:20..527,,,,
13:30:20..563,12.47363388,0.000985,-0.00026127,0.00055123,0.00376136,0.00004086,0.00159885,0.00796757,-0.00018766,-0.00146853,13:30:20..571,,,,
13:30:20..717,12.4632909,0.000985,-0.00026123,0.00055102,0.00376066,0.00004021,0.00159813,0.00796681,-0.00018836,-0.00146883,13:30:20..715,,,,
13:30:20..748,12.49431984,0.001066,-0.0002612,0.00055147,0.00376171,0.0000406,0.0015984,0.00796697,-0.000188,-0.00146837,13:30:20..715,,,,
13:30:20..834,12.45294792,0.001066,-0.00026088,0.00055102,0.00376195,0.00004125,0.00159886,0.0079666,-0.00018754,-0.00146854,13:30:20..896,,,,
13:30:20..929,12.36503259,0.001066,-0.00026141,0.000551,0.00376179,0.00004032,0.00159886,0.00796688,-0.0001879,-0.0014689,13:30:20..896,,,,
13:30:20..961,12.37020408,0.000961,-0.00026102,0.000551,0.00376168,0.00004099,0.0015983,0.00796654,-0.00018816,-0.00146869,13:30:20..987,,,,
13:30:21..080,12.411576,0.000961,-0.00026073,0.00055094,0.00376193,0.00004018,0.00159816,0.00796819,-0.00018779,-0.00146844,13:30:21..080,,,,
13:30:21..114,12.37537557,0.000894,-0.0002613,0.00055129,0.00376135,0.00004007,0.0015982,0.00796697,-0.00018817,-0.00146899,13:30:21..123,,,,
13:30:21..235,12.32883216,0.000894,-0.0002611,0.00055114,0.00376169,0.00004078,0.00159834,0.00796723,-0.00018791,-0.00146841,13:30:21..233,,,,
13:30:21..266,12.40640451,0.000894,-0.00026169,0.00055086,0.0037612,0.00004048,0.00159753,0.00796814,-0.00018819,-0.00146822,13:30:21..233,,,,
13:30:21..300,12.31331769,0.000867,-0.00026171,0.00055056,0.00376231,0.0000402,0.00159778,0.00796601,-0.00018815,-0.00146845,13:30:21..358,,,,
13:30:21..410,12.29263173,0.00087,-0.00026109,0.00055087,0.00376191,0.00004097,0.00159796,0.00796643,-0.00018789,-0.00146796,13:30:21..427,,,,
13:30:21..473,12.28746024,0.00087,-0.0002615,0.00055065,0.00376227,0.0000405,0.00159772,0.00796597,-0.00018799,-0.00146811,13:30:21..474,,,,
13:30:21..507,12.28746024,0.00087,-0.00026141,0.00055037,0.00376139,0.00004107,0.00159758,0.00796672,-0.00018823,-0.00146872,13:30:21..474,,,,
13:30:21..541,12.2564313,0.000784,-0.00026154,0.00055094,0.00376175,0.00004008,0.0015977,0.00796594,-0.00018772,-0.00146846,13:30:21..572,,,,
13:30:21..627,12.19437342,0.000784,-0.00026096,0.0005514,0.00376217,0.00004115,0.00159805,0.00796682,-0.00018745,-0.00146816,13:30:21..637,,,,
13:30:21..659,12.31331769,0.000784,-0.00026131,0.00055061,0.00376234,0.00004086,0.0015978,0.00797019,-0.00018773,-0.00146801,13:30:21..637,,,,
13:30:21..693,12.2047164,0.000811,-0.00026141,0.00055086,0.0037621,0.00004081,0.0015976,0.00796676,-0.00018788,-0.00146885,13:30:21..742,,,,
13:30:21..830,12.22540236,0.000811,-0.00026163,0.00055076,0.00376178,0.00004041,0.00159746,0.00796673,-0.00018816,-0.00146891,13:30:21..828,,,,
13:30:21..862,12.20988789,0.000811,-0.00026117,0.00055088,0.00376155,0.0000408,0.00159758,0.00796408,-0.00018799,-0.00146887,13:30:21..828,,,,
13:30:21..896,12.20988789,0.000942,-0.00026172,0.00055033,0.00376181,0.00004021,0.00159692,0.00796365,-0.00018796,-0.00146851,13:30:21..951,,,,
13:30:22..022,12.28228875,0.000942,-0.00026163,0.00055091,0.00376172,0.0000408,0.00159747,0.00796346,-0.00018795,-0.00146833,13:30:22..020,,,,
13:30:22..055,12.17885895,0.000983,-0.00026185,0.00055075,0.00376319,0.00004052,0.00159743,0.00796521,-0.00018827,-0.00146776,13:30:22..064,,,,
13:30:22..090,12.1530015,0.000975,-0.0002617,0.00055059,0.00376365,0.00004089,0.00159743,0.00796363,-0.00018774,-0.00146843,13:30:22..064,,,,
13:30:22..193,12.18403044,0.000975,-0.00026186,0.00055086,0.0037636,0.00004042,0.00159707,0.00796176,-0.00018787,-0.00146841,13:30:22..191,,,,
13:30:22..237,12.07025766,0.000978,-0.00026184,0.00055069,0.00376358,0.0000404,0.00159752,0.00796256,-0.00018799,-0.00146799,13:30:22..236,,,,
13:30:22..270,12.16851597,0.000978,-0.00026217,0.00055011,0.00376328,0.00003991,0.00159723,0.00796062,-0.00018799,-0.00146844,13:30:22..236,,,,
13:30:22..304,12.22540236,0.000926,-0.00026165,0.00055038,0.00376322,0.00004087,0.00159698,0.00795722,-0.00018804,-0.00146834,13:30:22..324,,,,
13:30:22..395,12.1530015,0.000905,-0.00026208,0.00055056,0.00376317,0.00004031,0.00159688,0.00795887,-0.00018789,-0.00146825,13:30:22..450,,,,
13:30:22..504,12.10645809,0.000905,-0.00026174,0.00055026,0.00376314,0.00004111,0.00159719,0.00795914,-0.000188,-0.00146852,13:30:22..504,,,,
13:30:22..539,12.13748703,0.000945,-0.00026201,0.00055027,0.00376449,0.00003982,0.00159677,0.00796145,-0.00018771,-0.00146796,13:30:22..550,,,,
13:30:22..668,12.13748703,0.000945,-0.00026166,0.00054999,0.00376468,0.00004079,0.00159753,0.00796236,-0.00018777,-0.00146751,13:30:22..667,,,,
13:30:22..703,12.10645809,0.001104,-0.00026267,0.00054999,0.00376398,0.00004017,0.00159701,0.00796271,-0.00018772,-0.00146732,13:30:22..710,,,,
13:30:22..832,12.11680107,0.001104,-0.00026221,0.00055011,0.00376381,0.00004085,0.00159688,0.00796338,-0.00018768,-0.00146775,13:30:22..831,,,,
13:30:22..864,12.06508617,0.001253,-0.00026235,0.00054999,0.0037644,0.00004057,0.00159689,0.00796515,-0.00018815,-0.00146694,13:30:22..874,,,,
13:30:22..979,12.02888574,0.001253,-0.0002624,0.00054998,0.00376473,0.00004055,0.00159666,0.00796486,-0.0001882,-0.0014674,13:30:22..977,,,,
13:30:23..011,12.04440021,0.001293,-0.00026171,0.00055042,0.00376474,0.00004042,0.00159655,0.00796227,-0.00018784,-0.00146677,13:30:23..021,,,,
13:30:23..121,12.01854276,0.001293,-0.0002619,0.00054996,0.00376486,0.00004099,0.00159727,0.00796341,-0.00018807,-0.00146707,13:30:23..118,,,,
13:30:23..152,11.90476998,0.001292,-0.00026253,0.00054965,0.00376431,0.00004092,0.00159626,0.0079592,-0.00018772,-0.00146704,13:30:23..161,,,,
13:30:23..217,12.02888574,0.001292,-0.00026252,0.00054975,0.00376435,0.00003999,0.00159658,0.00795883,-0.00018789,-0.00146674,13:30:23..285,,,,
13:30:23..291,12.00302829,0.001292,-0.00026215,0.00054975,0.00376455,0.00004054,0.00159671,0.0079592,-0.00018787,-0.00146737,13:30:23..285,,,,
13:30:23..324,11.92028445,0.001295,-0.00026238,0.00054999,0.00376499,0.00004009,0.00159655,0.00796057,-0.00018772,-0.00146751,13:30:23..328,,,,
13:30:23..408,11.94097041,0.001295,-0.0002621,0.00054993,0.00376489,0.00004058,0.00159634,0.00796059,-0.00018797,-0.00146774,13:30:23..504,,,,
13:30:23..512,11.93579892,0.001295,-0.0002619,0.00054979,0.00376498,0.00004033,0.00159649,0.00796046,-0.00018739,-0.00146717,13:30:23..504,,,,
13:30:23..545,11.89959849,0.001165,-0.00026203,0.00054963,0.0037654,0.00003969,0.0015958,0.00796302,-0.00018821,-0.00146802,13:30:23..549,,,,
13:30:23..602,11.9461419,0.001097,-0.00026236,0.0005497,0.00376514,0.00004087,0.00159645,0.00796256,-0.00018781,-0.00146767,13:30:23..656,,,,
13:30:23..664,11.97199935,0.000992,-0.00026249,0.00054974,0.00376513,0.00004003,0.00159623,0.00796153,-0.00018775,-0.00146765,13:30:23..700,,,,
13:30:23..725,11.89959849,0.000992,-0.00026239,0.00054987,0.00376514,0.00004111,0.00159609,0.00796286,-0.00018811,-0.00146783,13:30:23..700,,,,
13:30:23..758,11.88408402,0.000959,-0.00026242,0.00055002,0.00376605,0.00004049,0.0015964,0.00796604,-0.00018815,-0.00146762,13:30:23..784,,,,
13:30:23..889,11.81685465,0.000959,-0.00026258,0.00054957,0.00376588,0.00004028,0.00159626,0.00796699,-0.00018813,-0.0014675,13:30:23..889,,,,
13:30:23..925,11.87891253,0.00095,-0.00026266,0.00054946,0.00376578,0.00004039,0.00159582,0.00796354,-0.00018768,-0.00146784,13:30:23..932,,,,
13:30:24..012,11.83754061,0.00097,-0.0002622,0.0005496,0.00376642,0.0000403,0.00159589,0.00796358,-0.00018755,-0.00146769,13:30:24..078,,,,
13:30:24..090,11.83236912,0.00097,-0.00026259,0.00054974,0.00376613,0.00004041,0.00159642,0.00796291,-0.00018764,-0.00146768,13:30:24..078,,,,
13:30:24..122,11.86339806,0.000983,-0.00026247,0.0005498,0.00376552,0.00003976,0.00159593,0.00796299,-0.00018789,-0.00146815,13:30:24..184,,,,
13:30:24..186,11.80134018,0.000938,-0.00026248,0.00054955,0.00376566,0.00004061,0.00159595,0.00796268,-0.0001882,-0.00146768,13:30:24..228,,,,
13:30:24..260,11.80134018,0.000938,-0.00026222,0.00054978,0.00376596,0.00004027,0.00159609,0.00796261,-0.00018819,-0.00146769,13:30:24..228,,,,
13:30:24..293,11.75996826,0.00089,-0.0002624,0.00054943,0.00376615,0.00004058,0.00159606,0.007968,-0.00018778,-0.00146802,13:30:24..270,,,,
13:30:24..327,11.73411081,0.000822,-0.00026276,0.00054923,0.00376659,0.00004057,0.00159565,0.00796143,-0.00018795,-0.00146787,13:30:24..362,,,,
13:30:24..379,11.78582571,0.000804,-0.00026284,0.00054896,0.00376653,0.00003992,0.00159541,0.00796373,-0.00018793,-0.00146775,13:30:24..452,,,,
13:30:24..466,11.78065422,0.000781,-0.00026273,0.00054933,0.00376653,0.00004049,0.00159582,0.00796205,-0.000188,-0.00146815,13:30:24..452,,,,
13:30:24..508,11.77031124,0.000781,-0.000263,0.00054902,0.0037666,0.00003952,0.00159559,0.00796221,-0.00018745,-0.00146772,13:30:24..496,,,,
13:30:24..540,11.76513975,0.000781,-0.0002627,0.00054944,0.00376601,0.00004002,0.00159627,0.00796269,-0.00018756,-0.00146786,13:30:24..531,,,,
13:30:24..574,11.77548273,0.000754,-0.00026302,0.00054913,0.00376573,0.00003967,0.00159525,0.00795878,-0.00018752,-0.00146807,13:30:24..575,,,,
13:30:24..654,11.77548273,0.00085,-0.00026319,0.00054925,0.00376585,0.00004103,0.00159628,0.00795821,-0.00018783,-0.00146775,13:30:24..713,,,,
13:30:24..723,11.70825336,0.00085,-0.00026301,0.00054937,0.003766,0.00003998,0.00159574,0.00795889,-0.00018798,-0.00146775,13:30:24..713,,,,
13:30:24..756,11.69791038,0.000946,-0.00026346,0.00054932,0.00376534,0.00004018,0.00159521,0.0079576,-0.00018828,-0.00146791,13:30:24..759,,,,
13:30:24..822,11.72376783,0.000946,-0.00026313,0.00054941,0.00376559,0.00003974,0.00159577,0.00795754,-0.00018758,-0.00146772,13:30:24..890,,,,
13:30:24..907,11.72376783,0.000946,-0.00026336,0.00054933,0.00376581,0.00004033,0.00159589,0.00795779,-0.00018822,-0.00146808,13:30:24..890,,,,
13:30:24..939,11.75479677,0.001044,-0.00026322,0.00054946,0.00376726,0.00004026,0.00159584,0.00795745,-0.00018814,-0.00146784,13:30:24..935,,,,
13:30:24..974,11.65653846,0.001166,-0.00026328,0.00054895,0.0037671,0.00003985,0.00159553,0.00795563,-0.00018763,-0.00146733,13:30:24..980,,,,
13:30:25..174,11.65653846,0.001166,-0.00026321,0.00054895,0.00376774,0.00004045,0.0015955,0.00795625,-0.00018784,-0.00146729,13:30:25..253,,,,
13:30:25..266,11.62033803,0.001166,-0.00026301,0.00054927,0.00376771,0.00003973,0.00159564,0.00795609,-0.00018788,-0.0014672,13:30:25..253,,,,
13:30:25..298,11.66688144,0.001274,-0.00026363,0.00054874,0.00376782,0.00003954,0.00159534,0.00796081,-0.00018798,-0.00146753,13:30:25..370,,,,
13:30:25..426,11.5841376,0.001255,-0.00026344,0.00054912,0.00376807,0.00003995,0.00159531,0.00795991,-0.00018822,-0.001468,13:30:25..438,,,,
13:30:25..488,11.60999505,0.001255,-0.00026369,0.00054926,0.00376745,0.00003973,0.00159511,0.00796052,-0.00018775,-0.00146776,13:30:25..490,,,,
13:30:25..522,11.57379462,0.001158,-0.00026379,0.00054878,0.00376714,0.00003978,0.00159559,0.007957,-0.00018778,-0.00146784,13:30:25..524,,,,
13:30:25..576,11.59965207,0.001119,-0.00026378,0.00054906,0.00376662,0.00004026,0.0015956,0.00795757,-0.00018792,-0.00146793,13:30:25..611,,,,
13:30:25..651,11.57896611,0.001078,-0.00026379,0.00054839,0.0037669,0.00003988,0.00159497,0.0079578,-0.00018839,-0.00146845,13:30:25..611,,,,
13:30:25..684,11.5841376,0.001057,-0.00026383,0.00054849,0.00376793,0.00003991,0.00159578,0.0079596,-0.00018797,-0.0014674,13:30:25..699,,,,
13:30:25..802,11.58930909,0.001057,-0.00026384,0.00054843,0.00376729,0.0000404,0.0015957,0.00796064,-0.00018801,-0.00146772,13:30:25..801,,,,
13:30:25..836,11.54276568,0.001052,-0.00026417,0.00054848,0.00376752,0.00003985,0.00159538,0.00796077,-0.00018816,-0.00146767,13:30:25..845,,,,
13:30:25..984,11.50139376,0.001052,-0.0002637,0.00054859,0.00376754,0.0000406,0.00159516,0.00796148,-0.00018785,-0.00146754,13:30:25..983,,,,
13:30:26..018,11.5324227,0.001023,-0.00026391,0.00054805,0.00376753,0.00004018,0.00159531,0.00795973,-0.00018805,-0.0014679,13:30:26..025,,,,
13:30:26..088,11.57379462,0.001023,-0.00026358,0.00054855,0.0037676,0.0000393,0.00159471,0.00796068,-0.00018815,-0.00146784,13:30:26..157,,,,
13:30:26..173,11.52725121,0.001023,-0.00026414,0.00054805,0.00376692,0.00004004,0.00159519,0.00796019,-0.00018826,-0.00146786,13:30:26..157,,,,
13:30:26..206,11.50656525,0.001105,-0.00026419,0.00054829,0.0037676,0.0000397,0.00159481,0.00796271,-0.00018781,-0.00146795,13:30:26..292,,,,
13:30:26..410,11.46002184,0.001105,-0.00026395,0.00054847,0.00376756,0.0000406,0.00159493,0.007962,-0.00018783,-0.00146787,13:30:26..409,,,,
13:30:26..442,11.52207972,0.001155,-0.00026379,0.00054845,0.00376722,0.00003965,0.00159506,0.0079621,-0.00018821,-0.00146843,13:30:26..452,,,,
13:30:26..607,11.54276568,0.001155,-0.00026381,0.00054844,0.00376766,0.00004026,0.00159479,0.00796276,-0.00018826,-0.00146779,13:30:26..607,,,,
13:30:26..641,11.4289929,0.001096,-0.0002639,0.00054824,0.00376798,0.00004017,0.00159446,0.00796386,-0.00018804,-0.00146837,13:30:26..607,,,,
13:30:26..676,11.45485035,0.000998,-0.00026396,0.00054852,0.00376809,0.00003998,0.00159462,0.00796526,-0.00018828,-0.00146807,13:30:26..732,,,,
13:30:26..790,11.43933588,0.000998,-0.00026433,0.00054789,0.00376809,0.00004016,0.00159475,0.00796517,-0.00018864,-0.0014683,13:30:26..788,,,,
13:30:26..822,11.43416439,0.000988,-0.00026496,0.00054805,0.00376892,0.0000396,0.00159477,0.00796459,-0.00018795,-0.00146811,13:30:26..831,,,,
13:30:26..884,11.42382141,0.000988,-0.00026434,0.00054825,0.00376893,0.00004086,0.00159466,0.00796345,-0.00018808,-0.00146833,13:30:26..902,,,,
13:30:26..917,11.39279247,0.000988,-0.00026418,0.00054808,0.00376986,0.00003968,0.00159437,0.00796505,-0.00018772,-0.00146811,13:30:26..902,,,,
13:30:26..950,11.38762098,0.000971,-0.00026475,0.00054823,0.00376963,0.00003938,0.00159474,0.00796325,-0.00018835,-0.00146748,13:30:27..007,,,,
13:30:27..012,11.38244949,0.000948,-0.00026467,0.00054754,0.00376976,0.00003949,0.00159455,0.00796315,-0.00018835,-0.00146775,13:30:27..051,,,,
13:30:27..060,11.34107757,0.000948,-0.0002644,0.00054765,0.00376987,0.00003972,0.00159469,0.00796247,-0.00018791,-0.00146756,13:30:27..051,,,,
13:30:27..094,11.38244949,0.000932,-0.00026396,0.00054804,0.00376929,0.00004055,0.00159446,0.00796463,-0.00018807,-0.00146755,13:30:27..097,,,,
13:30:27..128,11.33073459,0.000901,-0.00026391,0.00054797,0.00376984,0.00003988,0.00159428,0.00796659,-0.00018808,-0.00146808,13:30:27..140,,,,
13:30:27..181,11.33590608,0.000875,-0.00026423,0.00054842,0.00376917,0.00003969,0.00159449,0.00796711,-0.00018848,-0.00146808,13:30:27..183,,,,
13:30:27..212,11.35659204,0.00083,-0.00026448,0.00054803,0.0037695,0.00003972,0.00159416,0.00796404,-0.00018845,-0.00146798,13:30:27..225,,,,
13:30:27..277,11.34624906,0.000806,-0.00026407,0.00054793,0.00376924,0.00004002,0.00159457,0.00796519,-0.00018769,-0.00146737,13:30:27..275,,,,
13:30:27..340,11.34107757,0.000806,-0.00026421,0.00054852,0.00376988,0.00003968,0.00159435,0.00796542,-0.00018776,-0.00146715,13:30:27..339,,,,
13:30:27..374,11.34107757,0.000714,-0.00026434,0.00054825,0.00376958,0.00003931,0.00159426,0.00796531,-0.00018787,-0.00146719,13:30:27..382,,,,
13:30:27..420,11.27901969,0.000714,-0.0002641,0.00054795,0.00376899,0.00004044,0.00159448,0.00796264,-0.000188,-0.00146702,13:30:27..499,,,,
13:30:27..511,11.35142055,0.000714,-0.00026418,0.00054894,0.0037703,0.00003962,0.00159441,0.00796381,-0.0001881,-0.00146717,13:30:27..499,,,,
13:30:27..543,11.26350522,0.000687,-0.00026434,0.00054784,0.00376928,0.0000403,0.00159431,0.0079632,-0.00018797,-0.00146727,13:30:27..544,,,,
13:30:27..576,11.27901969,0.000709,-0.00026496,0.00054698,0.00376952,0.00003951,0.00159483,0.00796206,-0.00018779,-0.0014671,13:30:27..684,,,,
13:30:27..695,11.31522012,0.000793,-0.0002646,0.00054792,0.00376987,0.00004002,0.00159433,0.00796254,-0.00018801,-0.00146741,13:30:27..783,,,,
13:30:27..841,11.2738482,0.000793,-0.00026472,0.0005478,0.00376963,0.00003946,0.00159436,0.00796226,-0.00018796,-0.00146722,13:30:27..844,,,,
13:30:27..875,11.23764777,0.000739,-0.00026465,0.0005478,0.00376931,0.00003974,0.00159438,0.00796146,-0.00018774,-0.00146702,13:30:27..887,,,,
13:30:27..964,11.21696181,0.000666,-0.00026419,0.00054754,0.00376931,0.00003998,0.0015942,0.00796153,-0.0001879,-0.00146738,13:30:28..028,,,,
13:30:28..089,11.25833373,0.000666,-0.00026461,0.00054783,0.00376924,0.00003922,0.00159408,0.0079619,-0.00018809,-0.00146762,13:30:28..088,,,,
13:30:28..122,11.22730479,0.000612,-0.0002647,0.00054817,0.00376916,0.00003977,0.00159421,0.00796184,-0.000188,-0.00146756,13:30:28..088,,,,
13:30:28..210,11.18593287,0.000612,-0.00026446,0.00054781,0.00376894,0.00003969,0.0015941,0.00796132,-0.000188,-0.00146759,13:30:28..261,,,,
13:30:28..297,11.23247628,0.000612,-0.00026493,0.00054777,0.00376855,0.00003941,0.00159443,0.00796216,-0.00018803,-0.00146805,13:30:28..261,,,,
