Time,Pressure,Flow Rate (ml/s),Force 1,Force 2,Force 3,Force 4,Force 5,Force 6,Force 7,Force 8,Flow Meter Time,,,, 
16:04:30..001,4.67502696,-0.003716,-0.00030054,0.00020819,0.00621171,-0.00005921,0.00148679,0.0045062,-0.0002448,-0.00229796,16:04:30..052,,,,
16:04:30..064,4.62848355,-0.003736,-0.00030067,0.00020831,0.00621174,-0.00005974,0.00148663,0.00450565,-0.00024575,-0.00229829,16:04:30..095,,,,
16:04:30..131,4.51988226,-0.003736,-0.00030041,0.00020848,0.00621197,-0.00005902,0.00148696,0.00450592,-0.00024524,-0.00229761,16:04:30..095,,,,
16:04:30..166,4.63882653,-0.003813,-0.00030081,0.00020866,0.00621137,-0.00005949,0.0014877,0.00450599,-0.00024519,-0.00229764,16:04:30..183,,,,
16:04:30..228,4.58711163,-0.003826,-0.00030079,0.0002082,0.00621169,-0.00005956,0.00148675,0.00450659,-0.00024524,-0.00229775,16:04:30..266,,,,
16:04:30..277,4.59745461,-0.003826,-0.00030056,0.0002083,0.00621203,-0.00005914,0.00148713,0.00450653,-0.00024559,-0.00229792,16:04:30..266,,,,
16:04:30..310,4.58194014,-0.003812,-0.00030109,0.00020788,0.0062117,-0.00005991,0.00148744,0.0045062,-0.0002449,-0.00229815,16:04:30..309,,,,
16:04:30..343,4.57676865,-0.00381,-0.00030096,0.00020851,0.00621175,-0.00005949,0.00148686,0.00450638,-0.00024568,-0.0022985,16:04:30..309,,,,
16:04:30..377,4.5509112,-0.003851,-0.00030053,0.00020853,0.00621215,-0.00005896,0.00148703,0.0045055,-0.00024531,-0.00229737,16:04:30..367,,,,
16:04:30..420,4.62848355,-0.003849,-0.00030089,0.0002079,0.00621216,-0.00005978,0.0014874,0.00450555,-0.00024579,-0.00229762,16:04:30..455,,,,
16:04:30..494,4.63365504,-0.003849,-0.00030081,0.00020826,0.00621157,-0.00005905,0.00148716,0.00450644,-0.00024524,-0.00229795,16:04:30..494,,,,
16:04:30..528,4.61296908,-0.003892,-0.00030054,0.0002082,0.00621208,-0.00005941,0.00148705,0.00450667,-0.00024539,-0.00229789,16:04:30..536,,,,
16:04:30..577,4.59228312,-0.003946,-0.00030075,0.0002079,0.00621144,-0.00005903,0.00148722,0.00450651,-0.00024553,-0.00229776,16:04:30..579,,,,
16:04:30..614,4.58711163,-0.003946,-0.00030101,0.00020784,0.00621153,-0.00006008,0.00148707,0.0045064,-0.0002451,-0.00229767,16:04:30..579,,,,
16:04:30..646,4.60779759,-0.00395,-0.00030059,0.00020805,0.00621321,-0.00005924,0.00148743,0.00450587,-0.00024557,-0.0022975,16:04:30..668,,,,
16:04:30..722,4.63882653,-0.00395,-0.00030075,0.00020783,0.00621392,-0.00006002,0.00148694,0.00450625,-0.00024538,-0.00229775,16:04:30..720,,,,
16:04:30..753,4.53539673,-0.003939,-0.00030091,0.00020836,0.00621326,-0.00005965,0.00148685,0.00450523,-0.00024586,-0.00229825,16:04:30..761,,,,
16:04:30..838,4.61296908,-0.003939,-0.00030081,0.00020815,0.00621273,-0.00005967,0.00148644,0.00450535,-0.00024559,-0.00229857,16:04:30..836,,,,
16:04:30..869,4.57159716,-0.003861,-0.00030117,0.00020799,0.00621218,-0.00005956,0.00148687,0.0045061,-0.00024601,-0.00229777,16:04:30..880,,,,
16:04:30..942,4.57676865,-0.003861,-0.00030068,0.00020832,0.00621229,-0.00005934,0.00148702,0.00450573,-0.00024506,-0.00229766,16:04:30..975,,,,
16:04:30..994,4.59228312,-0.003861,-0.00030078,0.00020822,0.00621225,-0.00005944,0.00148684,0.00450532,-0.00024557,-0.00229838,16:04:30..975,,,,
16:04:31..027,4.57159716,-0.003865,-0.00030141,0.00020814,0.00621415,-0.00005982,0.00148688,0.00450588,-0.00024595,-0.00229789,16:04:31..062,,,,
16:04:31..095,4.62331206,-0.003865,-0.000301,0.00020797,0.00621316,-0.00005904,0.00148691,0.00450544,-0.00024576,-0.00229726,16:04:31..062,,,,
16:04:31..127,4.59745461,-0.003934,-0.00030073,0.00020836,0.00621306,-0.00005933,0.00148723,0.00450663,-0.0002451,-0.00229668,16:04:31..148,,,,
16:04:31..237,4.56642567,-0.003934,-0.00030105,0.00020821,0.00621334,-0.00005947,0.00148707,0.00450597,-0.00024545,-0.00229706,16:04:31..236,,,,
16:04:31..268,4.51988226,-0.003885,-0.00030084,0.00020788,0.00621301,-0.00005932,0.00148696,0.00450571,-0.00024557,-0.0022973,16:04:31..278,,,,
16:04:31..339,4.54056822,-0.003885,-0.00030111,0.00020808,0.00621289,-0.00006004,0.00148709,0.00450598,-0.00024559,-0.00229688,16:04:31..337,,,,
16:04:31..370,4.56642567,-0.003859,-0.00030112,0.0002082,0.00621275,-0.00005981,0.00148703,0.00450573,-0.00024528,-0.00229773,16:04:31..381,,,,
16:04:31..409,4.57676865,-0.003859,-0.0003011,0.00020859,0.00621258,-0.0000594,0.00148688,0.00450556,-0.00024539,-0.00229768,16:04:31..381,,,,
16:04:31..441,4.57159716,-0.003875,-0.0003005,0.00020856,0.00621254,-0.00005949,0.00148701,0.00450589,-0.00024564,-0.00229779,16:04:31..472,,,,
16:04:31..491,4.62331206,-0.003875,-0.00030132,0.00020848,0.00621243,-0.00005922,0.00148682,0.00450605,-0.00024584,-0.00229766,16:04:31..472,,,,
16:04:31..523,4.53022524,-0.003891,-0.00030093,0.0002082,0.00621215,-0.00005972,0.00148702,0.00450586,-0.00024581,-0.00229826,16:04:31..575,,,,
16:04:31..613,4.57676865,-0.003891,-0.00030084,0.00020831,0.00621281,-0.00005943,0.00148688,0.00450588,-0.00024552,-0.00229781,16:04:31..575,,,,
16:04:31..645,4.53022524,-0.003975,-0.00030069,0.00020816,0.00621345,-0.00005979,0.00148759,0.00450686,-0.00024542,-0.00229797,16:04:31..663,,,,
16:04:31..735,4.56642567,-0.003975,-0.00030154,0.00020759,0.00621305,-0.00006003,0.00148717,0.00450636,-0.00024558,-0.00229786,16:04:31..733,,,,
16:04:31..766,4.59745461,-0.003992,-0.00030107,0.00020799,0.00621248,-0.00005969,0.00148677,0.00450653,-0.00024633,-0.00229773,16:04:31..767,,,,
16:04:31..878,4.53539673,-0.003992,-0.00030096,0.00020843,0.00621293,-0.00005995,0.00148765,0.00450689,-0.00024511,-0.00229744,16:04:31..876,,,,
16:04:31..910,4.52505375,-0.004011,-0.00030109,0.00020803,0.0062107,-0.00005965,0.00148716,0.0045057,-0.00024535,-0.00229817,16:04:31..919,,,,
16:04:31..950,4.58711163,-0.004022,-0.00030091,0.00020783,0.00621083,-0.00005929,0.00148681,0.00450564,-0.00024535,-0.00229844,16:04:32..015,,,,
16:04:32..025,4.66468398,-0.004022,-0.00030107,0.00020773,0.00621126,-0.00005943,0.00148706,0.00450515,-0.0002455,-0.00229792,16:04:32..015,,,,
16:04:32..057,4.49402481,-0.004001,-0.00030071,0.00020797,0.0062126,-0.00005997,0.00148672,0.00450653,-0.00024554,-0.00229832,16:04:32..059,,,,
16:04:32..159,4.58194014,-0.004001,-0.00030123,0.00020818,0.00621212,-0.00005926,0.00148688,0.00450641,-0.00024519,-0.00229856,16:04:32..157,,,,
16:04:32..190,4.54573971,-0.003988,-0.00030067,0.00020841,0.00621203,-0.00005917,0.00148698,0.00450697,-0.00024532,-0.00229822,16:04:32..200,,,,
16:04:32..287,4.59745461,-0.003988,-0.0003007,0.00020827,0.00621196,-0.00005972,0.0014866,0.00450652,-0.00024579,-0.00229864,16:04:32..285,,,,
16:04:32..320,4.54573971,-0.003988,-0.00030133,0.00020807,0.00621154,-0.00006005,0.00148699,0.00450609,-0.00024573,-0.00229841,16:04:32..328,,,,
16:04:32..393,4.59745461,-0.003988,-0.0003009,0.00020784,0.00621143,-0.00005938,0.00148681,0.00450589,-0.00024575,-0.00229814,16:04:32..393,,,,
16:04:32..425,4.58711163,-0.004001,-0.00030091,0.00020814,0.0062116,-0.00006016,0.00148688,0.00450619,-0.00024556,-0.00229838,16:04:32..436,,,,
16:04:32..535,4.54056822,-0.004001,-0.00030123,0.00020804,0.00621196,-0.00005925,0.00148669,0.00450649,-0.00024556,-0.00229843,16:04:32..535,,,,
16:04:32..567,4.58194014,-0.004004,-0.00030096,0.00020794,0.00621079,-0.00005953,0.00148689,0.00450637,-0.00024536,-0.00229907,16:04:32..581,,,,
16:04:32..658,4.61296908,-0.004004,-0.00030077,0.00020768,0.00621103,-0.00005936,0.00148695,0.00450658,-0.00024565,-0.00229921,16:04:32..657,,,,
16:04:32..692,4.54056822,-0.003976,-0.00030137,0.00020796,0.00621151,-0.00006007,0.00148648,0.00450643,-0.00024532,-0.00229906,16:04:32..701,,,,
16:04:32..774,4.54573971,-0.003976,-0.00030129,0.00020783,0.00621206,-0.0000593,0.00148671,0.00450612,-0.00024526,-0.00229945,16:04:32..701,,,,
16:04:32..806,4.58711163,-0.003927,-0.00030099,0.00020793,0.00621345,-0.00005955,0.00148708,0.00450702,-0.00024549,-0.00229916,16:04:32..815,,,,
16:04:32..885,4.57159716,-0.003927,-0.00030063,0.000208,0.00621301,-0.00005975,0.00148653,0.00450649,-0.00024562,-0.0022985,16:04:32..884,,,,
16:04:32..917,4.54056822,-0.003839,-0.00030136,0.00020789,0.00621303,-0.00005994,0.00148713,0.00450614,-0.00024585,-0.0022997,16:04:32..927,,,,
16:04:32..996,4.54573971,-0.003839,-0.00030131,0.00020798,0.00621341,-0.00005972,0.00148681,0.00450611,-0.00024522,-0.00229952,16:04:32..994,,,,
16:04:33..028,4.61814057,-0.003776,-0.00030126,0.0002073,0.00621132,-0.00005997,0.00148686,0.00450641,-0.0002456,-0.00229946,16:04:33..039,,,,
16:04:33..107,4.61296908,-0.003776,-0.00030134,0.00020729,0.00621156,-0.00005932,0.00148665,0.00450535,-0.00024575,-0.00229918,16:04:33..106,,,,
16:04:33..140,4.55608269,-0.003738,-0.00030109,0.00020769,0.0062135,-0.00005953,0.00148662,0.0045054,-0.00024588,-0.00229901,16:04:33..149,,,,
16:04:33..233,4.4991963,-0.003738,-0.00030124,0.00020804,0.00621308,-0.00006001,0.00148722,0.00450579,-0.0002458,-0.00229915,16:04:33..231,,,,
16:04:33..265,4.57159716,-0.003607,-0.00030124,0.00020781,0.006213,-0.00005957,0.00148686,0.00450608,-0.00024558,-0.00229901,16:04:33..277,,,,
16:04:33..373,4.50953928,-0.003607,-0.00030141,0.00020777,0.00621257,-0.00005955,0.00148668,0.00450556,-0.00024587,-0.00229847,16:04:33..371,,,,
16:04:33..405,4.5509112,-0.003592,-0.00030135,0.00020824,0.00621205,-0.00005946,0.00148646,0.00450639,-0.0002455,-0.0022989,16:04:33..415,,,,
16:04:33..485,4.49402481,-0.003592,-0.00030157,0.00020789,0.0062115,-0.00006016,0.00148688,0.00450699,-0.00024577,-0.00229869,16:04:33..483,,,,
16:04:33..516,4.61814057,-0.00361,-0.00030181,0.00020786,0.00621243,-0.0000599,0.00148649,0.00450482,-0.00024585,-0.00229888,16:04:33..526,,,,
16:04:33..557,6.31438929,-0.003658,-0.00030106,0.00020789,0.00621253,-0.00005952,0.00148681,0.00450494,-0.00024584,-0.00229854,16:04:33..602,,,,
16:04:33..612,19.59477561,-0.003658,-0.00030119,0.00020776,0.00621284,-0.00005974,0.00148682,0.00450526,-0.00024587,-0.00229845,16:04:33..602,,,,
16:04:33..646,15.74201556,-0.002912,-0.00030185,0.0002076,0.00621204,-0.00005982,0.0014868,0.00450613,-0.00024566,-0.00229879,16:04:33..646,,,,
16:04:33..726,9.99131868,-0.002912,-0.00030158,0.00020735,0.00621231,-0.00005988,0.00148663,0.00450599,-0.00024606,-0.0022985,16:04:33..725,,,,
16:04:33..759,13.5493038,0.004431,-0.00030056,0.00020781,0.00621091,-0.00005892,0.0014874,0.0045067,-0.00024547,-0.0022976,16:04:33..768,,,,
16:04:33..854,8.70878916,0.004431,-0.00030079,0.00020764,0.00621136,-0.00005925,0.00148709,0.00450642,-0.00024556,-0.00229772,16:04:33..853,,,,
16:04:33..885,12.2047164,0.014979,-0.00029902,0.00020796,0.00620993,-0.00005893,0.001488,0.00450937,-0.00024456,-0.00229421,16:04:33..898,,,,
16:04:33..962,12.0495717,0.014979,-0.00029907,0.0002077,0.00620959,-0.0000591,0.00148785,0.00450934,-0.00024453,-0.00229427,16:04:33..961,,,,
16:04:33..994,11.82202614,0.037722,-0.00029659,0.00020896,0.0062086,-0.00005811,0.00148985,0.00451321,-0.00024327,-0.00228895,16:04:33..961,,,,
16:04:34..083,11.35659204,0.037722,-0.00029656,0.00020892,0.0062084,-0.0000588,0.00148964,0.0045133,-0.00024301,-0.00228942,16:04:34..124,,,,
16:04:34..133,11.36693502,0.037722,-0.00029666,0.00020881,0.00620829,-0.00005871,0.00148976,0.00451347,-0.00024331,-0.0022891,16:04:34..124,,,,
16:04:34..167,13.07869821,0.085264,-0.00028924,0.00021236,0.00620532,-0.00005908,0.00149591,0.00452553,-0.00024019,-0.00228059,16:04:34..258,,,,
16:04:34..313,12.75289434,0.085264,-0.00028974,0.00021234,0.00620482,-0.00005909,0.00149584,0.0045259,-0.00024076,-0.00228038,16:04:34..310,,,,
16:04:34..344,14.61463074,0.104548,-0.00028126,0.00021524,0.00619969,-0.0000596,0.00150557,0.00454353,-0.00023689,-0.00227154,16:04:34..354,,,,
16:04:34..438,14.44914306,0.104548,-0.00028103,0.0002154,0.0061998,-0.00005963,0.00150639,0.00454404,-0.00023695,-0.00227192,16:04:34..486,,,,
16:04:34..491,16.78665654,0.104548,-0.00028111,0.00021577,0.00619989,-0.00005899,0.00150657,0.00454451,-0.00023642,-0.00227152,16:04:34..486,,,,
16:04:34..525,17.56755153,0.131374,-0.00027077,0.00021785,0.00619413,-0.00006113,0.00151717,0.00456764,-0.00023145,-0.00226104,16:04:34..528,,,,
16:04:34..617,18.100215,0.131374,-0.00027055,0.0002183,0.00619435,-0.0000606,0.00151701,0.00456743,-0.00023124,-0.00226128,16:04:34..669,,,,
16:04:34..677,19.33620111,0.131374,-0.00027059,0.00021782,0.0061933,-0.00006153,0.0015172,0.00456801,-0.0002315,-0.00226096,16:04:34..669,,,,
16:04:34..710,20.66527404,0.161223,-0.00025843,0.00022124,0.00618726,-0.00006268,0.00152737,0.00458902,-0.00022689,-0.00225314,16:04:34..712,,,,
16:04:34..821,21.15656559,0.161223,-0.00025847,0.00022178,0.00618794,-0.00006243,0.00152703,0.00458898,-0.00022692,-0.00225251,16:04:34..882,,,,
16:04:34..921,23.20447563,0.161223,-0.00025847,0.00022163,0.00618697,-0.00006268,0.00152752,0.00458896,-0.00022692,-0.00225319,16:04:34..882,,,,
16:04:34..954,24.25945959,0.187758,-0.00024388,0.00022594,0.0061815,-0.00006358,0.00154063,0.00461852,-0.00022181,-0.00224576,16:04:34..961,,,,
16:04:35..040,25.09724097,0.187758,-0.00024454,0.0002258,0.00618097,-0.0000649,0.00154089,0.00461899,-0.00022243,-0.0022458,16:04:35..059,,,,
16:04:35..074,26.10568152,0.187758,-0.000243,0.00022608,0.00617983,-0.00006449,0.00154207,0.0046206,-0.00022146,-0.00224471,16:04:35..059,,,,
16:04:35..108,26.72626032,0.197763,-0.00023808,0.00022745,0.00617698,-0.000065,0.00154847,0.00463408,-0.00021988,-0.00224338,16:04:35..174,,,,
16:04:35..212,27.29512422,0.200256,-0.0002379,0.0002277,0.00617656,-0.00006447,0.00154888,0.0046338,-0.00021998,-0.0022439,16:04:35..174,,,,
16:04:35..244,28.23116391,0.204127,-0.00023145,0.00023025,0.00617513,-0.00006497,0.00155406,0.00464415,-0.00021801,-0.00224117,16:04:35..261,,,,
16:04:35..392,28.85174271,0.204127,-0.00023144,0.00023023,0.00617503,-0.000066,0.0015542,0.00464432,-0.00021782,-0.00224129,16:04:35..390,,,,
16:04:35..424,30.37216077,0.207412,-0.00022381,0.00023226,0.00617302,-0.00006566,0.00155876,0.00465655,-0.00021627,-0.00224108,16:04:35..390,,,,
16:04:35..498,30.63073527,0.207412,-0.00022393,0.00023231,0.00617286,-0.00006612,0.00155918,0.00465649,-0.00021579,-0.00224093,16:04:35..557,,,,
16:04:35..569,31.0806549,0.207412,-0.00022399,0.00023256,0.00617321,-0.0000658,0.00155867,0.00465624,-0.00021564,-0.00224068,16:04:35..557,,,,
16:04:35..604,31.77363456,0.208344,-0.00021871,0.00023409,0.00617125,-0.00006615,0.00156333,0.00466646,-0.00021396,-0.00223891,16:04:35..643,,,,
16:04:35..694,31.80983499,0.208344,-0.00021807,0.00023481,0.00617197,-0.00006639,0.00156371,0.00466581,-0.00021395,-0.00223916,16:04:35..691,,,,
16:04:35..727,32.49247167,0.207625,-0.00021533,0.00023595,0.00617055,-0.00006592,0.00156563,0.0046719,-0.00021269,-0.00223848,16:04:35..736,,,,
16:04:35..821,32.41489932,0.207625,-0.00021511,0.00023548,0.00617116,-0.00006693,0.00156568,0.00467235,-0.00021323,-0.00223864,16:04:35..736,,,,
16:04:35..854,33.46988328,0.206294,-0.0002132,0.00023681,0.00617176,-0.00006694,0.00156819,0.0046777,-0.00021228,-0.00223928,16:04:35..871,,,,
16:04:35..909,33.40265391,0.205507,-0.00021272,0.00023698,0.00617125,-0.00006588,0.00156797,0.0046773,-0.00021212,-0.00223935,16:04:35..938,,,,
16:04:35..945,33.73880076,0.205507,-0.00021281,0.0002365,0.00617083,-0.00006667,0.00156815,0.00467738,-0.00021232,-0.00223966,16:04:35..938,,,,
16:04:35..979,33.89394546,0.203684,-0.00021077,0.00023742,0.00616785,-0.00006657,0.00157036,0.00468114,-0.00021133,-0.00223887,16:04:35..982,,,,
16:04:36..073,33.97151781,0.203684,-0.00021091,0.00023691,0.00616777,-0.00006622,0.0015699,0.00468135,-0.00021161,-0.00223905,16:04:36..072,,,,
16:04:36..104,34.26112125,0.200323,-0.00020913,0.0002377,0.00616747,-0.00006639,0.00157174,0.00468501,-0.00021036,-0.00223868,16:04:36..072,,,,
16:04:36..264,34.36972254,0.200323,-0.00020882,0.00023766,0.00616789,-0.00006614,0.00157173,0.00468507,-0.00021086,-0.00223817,16:04:36..311,,,,
16:04:36..326,34.86618558,0.200323,-0.00020945,0.00023744,0.00616787,-0.00006655,0.00157161,0.00468465,-0.00021064,-0.00223828,16:04:36..311,,,,
16:04:36..357,35.18681796,0.194229,-0.00020501,0.00023897,0.00616812,-0.00006569,0.00157432,0.00469004,-0.00020948,-0.00223751,16:04:36..388,,,,
16:04:36..481,35.22818988,0.194229,-0.00020506,0.00023847,0.00616742,-0.00006591,0.0015741,0.00468989,-0.00020945,-0.00223783,16:04:36..388,,,,
16:04:36..514,35.45573544,0.190663,-0.0002036,0.00023966,0.00616655,-0.00006596,0.00157483,0.00469286,-0.00020893,-0.00223702,16:04:36..526,,,,
16:04:36..639,35.3729916,0.190663,-0.00020375,0.00023957,0.00616622,-0.00006592,0.00157513,0.00469261,-0.00020911,-0.0022371,16:04:36..637,,,,
16:04:36..672,35.4764214,0.187371,-0.00020304,0.00023962,0.00616819,-0.00006571,0.00157561,0.00469415,-0.00020892,-0.00223781,16:04:36..681,,,,
16:04:36..798,35.61088014,0.187371,-0.00020308,0.00023965,0.00616798,-0.00006654,0.00157566,0.00469445,-0.00020871,-0.00223731,16:04:36..796,,,,
16:04:36..831,35.72982441,0.184482,-0.00020251,0.00023981,0.0061669,-0.00006552,0.00157663,0.00469567,-0.00020904,-0.00223672,16:04:36..841,,,,
16:04:36..932,36.0452853,0.184482,-0.00020205,0.0002401,0.00616748,-0.00006618,0.00157735,0.00469631,-0.00020856,-0.00223678,16:04:36..931,,,,
16:04:36..965,36.06079977,0.181891,-0.00020204,0.00024031,0.00616711,-0.00006586,0.00157739,0.00469747,-0.00020796,-0.00223648,16:04:36..973,,,,
16:04:37..020,35.89531209,0.181891,-0.00020171,0.00024049,0.00616689,-0.00006538,0.00157693,0.00469782,-0.00020843,-0.00223679,16:04:37..066,,,,
16:04:37..071,36.11768616,0.181891,-0.00020183,0.00024017,0.00616711,-0.00006557,0.00157742,0.00469763,-0.00020893,-0.00223715,16:04:37..066,,,,
16:04:37..104,35.98839891,0.179449,-0.00020097,0.00024057,0.00616665,-0.00006564,0.00157743,0.00469923,-0.00020831,-0.00223772,16:04:37..108,,,,
16:04:37..229,35.99874189,0.179449,-0.00020118,0.00024079,0.00616678,-0.00006485,0.00157736,0.00469934,-0.00020804,-0.0022374,16:04:37..227,,,,
16:04:37..261,36.13320063,0.177271,-0.00020068,0.00024036,0.00616726,-0.00006512,0.0015779,0.00469964,-0.00020823,-0.00223726,16:04:37..270,,,,
16:04:37..335,36.07631424,0.177271,-0.00020053,0.00024103,0.00616733,-0.00006526,0.00157799,0.00469954,-0.00020801,-0.0022374,16:04:37..332,,,,
16:04:37..368,36.0970002,0.176564,-0.00020029,0.00024102,0.00616694,-0.00006494,0.00157796,0.00469962,-0.00020834,-0.00223708,16:04:37..375,,,,
16:04:37..406,36.27283086,0.175888,-0.00020011,0.00024087,0.00616678,-0.00006549,0.00157764,0.00470094,-0.0002079,-0.00223713,16:04:37..424,,,,
16:04:37..443,36.26765937,0.175888,-0.0002,0.00024143,0.00616684,-0.00006493,0.00157792,0.00469973,-0.00020792,-0.00223742,16:04:37..424,,,,
16:04:37..477,36.21594447,0.174508,-0.00020021,0.00024055,0.00616592,-0.00006526,0.00157818,0.0047003,-0.00020753,-0.00223742,16:04:37..521,,,,
16:04:37..564,36.20043,0.173889,-0.00020048,0.00024122,0.00616567,-0.00006521,0.00157835,0.00470042,-0.00020778,-0.00223721,16:04:37..564,,,,
16:04:37..599,36.24697341,0.172678,-0.00020036,0.00024079,0.006167,-0.00006507,0.00157793,0.00470008,-0.00020778,-0.00223678,16:04:37..608,,,,
16:04:37..694,36.16940106,0.172678,-0.00020046,0.00024103,0.0061664,-0.00006498,0.00157809,0.00470007,-0.00020837,-0.00223694,16:04:37..694,,,,
16:04:37..727,36.20560149,0.171574,-0.00019968,0.00024112,0.00616628,-0.00006497,0.00157804,0.00470179,-0.00020796,-0.0022376,16:04:37..737,,,,
16:04:37..766,36.43314705,0.171574,-0.00019962,0.000241,0.00616611,-0.00006475,0.00157853,0.00470169,-0.00020801,-0.00223767,16:04:37..818,,,,
16:04:37..834,36.43314705,0.171574,-0.00020034,0.00024136,0.00616603,-0.00006524,0.00157845,0.00470181,-0.00020781,-0.00223712,16:04:37..818,,,,
16:04:37..867,36.19525851,0.170264,-0.00019991,0.00024132,0.00616672,-0.00006481,0.00157842,0.00470209,-0.00020754,-0.00223774,16:04:37..916,,,,
16:04:37..958,36.33488874,0.169906,-0.00020033,0.00024082,0.0061672,-0.00006507,0.00157828,0.00470192,-0.00020781,-0.00223792,16:04:37..958,,,,
16:04:37..991,36.21077298,0.16919,-0.00019958,0.00024115,0.0061664,-0.00006441,0.00157888,0.00470091,-0.00020726,-0.00223733,16:04:38..002,,,,
16:04:38..081,36.25731639,0.16919,-0.00020004,0.00024072,0.00616575,-0.00006498,0.00157858,0.00470093,-0.00020767,-0.00223754,16:04:38..080,,,,
16:04:38..113,36.44866152,0.168565,-0.00020052,0.00024085,0.00616608,-0.00006409,0.00157827,0.00470259,-0.00020715,-0.00223762,16:04:38..122,,,,
16:04:38..172,36.46934748,0.168565,-0.00019961,0.00024116,0.0061659,-0.00006469,0.00157854,0.00470218,-0.00020786,-0.00223759,16:04:38..122,,,,
16:04:38..204,36.10734318,0.168308,-0.00019944,0.00024118,0.00616633,-0.00006439,0.0015788,0.00470264,-0.0002075,-0.00223797,16:04:38..216,,,,
16:04:38..250,36.41246109,0.168082,-0.00019966,0.00024136,0.00616589,-0.0000642,0.00157848,0.0047025,-0.00020768,-0.00223789,16:04:38..310,,,,
16:04:38..319,36.55726281,0.168082,-0.00019968,0.00024124,0.00616556,-0.00006421,0.00157843,0.0047031,-0.0002072,-0.00223782,16:04:38..310,,,,
16:04:38..353,36.32971725,0.16771,-0.00019929,0.00024167,0.00616668,-0.00006368,0.00157908,0.00470183,-0.00020744,-0.00223871,16:04:38..355,,,,
16:04:38..394,36.3038598,0.16758,-0.00019998,0.00024114,0.00616632,-0.00006422,0.00157877,0.00470211,-0.00020719,-0.00223804,16:04:38..462,,,,
16:04:38..471,36.28834533,0.16758,-0.00019961,0.00024069,0.00616684,-0.00006388,0.00157921,0.00470237,-0.00020723,-0.0022387,16:04:38..462,,,,
16:04:38..504,36.52106238,0.167163,-0.00019927,0.00024141,0.00616672,-0.00006374,0.00157897,0.00470213,-0.00020756,-0.0022378,16:04:38..505,,,,
16:04:38..569,36.45383301,0.167163,-0.00019928,0.00024137,0.00616665,-0.00006427,0.00157887,0.00470211,-0.00020718,-0.00223799,16:04:38..567,,,,
16:04:38..602,36.34006023,0.167008,-0.00019954,0.00024187,0.00616584,-0.00006415,0.00157874,0.00470311,-0.00020696,-0.00223819,16:04:38..611,,,,
16:04:38..648,36.4590045,0.166879,-0.00019992,0.00024131,0.00616556,-0.00006464,0.00157884,0.00470314,-0.00020699,-0.00223819,16:04:38..679,,,,
16:04:38..686,36.27800235,0.166879,-0.0001995,0.00024149,0.00616538,-0.0000639,0.00157862,0.00470338,-0.0002072,-0.00223798,16:04:38..679,,,,
16:04:38..720,36.34523172,0.166704,-0.00019935,0.00024177,0.00616559,-0.00006458,0.00157914,0.00470347,-0.00020757,-0.00223806,16:04:38..722,,,,
16:04:38..815,36.50037642,0.166704,-0.00019923,0.00024152,0.00616544,-0.00006372,0.00157943,0.00470308,-0.00020694,-0.00223789,16:04:38..813,,,,
16:04:38..846,36.50037642,0.166555,-0.00019928,0.00024219,0.00616636,-0.00006418,0.00157938,0.0047024,-0.00020694,-0.00223752,16:04:38..856,,,,
16:04:38..892,36.40211811,0.166522,-0.00019933,0.00024145,0.00616526,-0.00006387,0.0015789,0.00470286,-0.00020723,-0.00223802,16:04:38..935,,,,
16:04:38..941,36.38143215,0.166522,-0.00019954,0.00024125,0.00616509,-0.00006398,0.00157938,0.0047024,-0.00020728,-0.00223732,16:04:38..935,,,,
16:04:38..975,36.38143215,0.166569,-0.00019911,0.00024175,0.00616738,-0.00006436,0.0015791,0.00470242,-0.00020693,-0.0022381,16:04:38..978,,,,
16:04:39..051,36.44349003,0.166569,-0.00019891,0.0002416,0.00616624,-0.00006358,0.0015793,0.0047025,-0.00020725,-0.00223769,16:04:39..049,,,,
16:04:39..083,36.46934748,0.166598,-0.00019914,0.00024182,0.00616784,-0.00006438,0.00157941,0.00470296,-0.00020714,-0.00223767,16:04:39..090,,,,
16:04:39..182,36.38143215,0.166598,-0.00019901,0.0002414,0.00616852,-0.00006349,0.00157939,0.0047025,-0.00020721,-0.00223813,16:04:39..180,,,,
16:04:39..215,36.47969046,0.166583,-0.00019904,0.00024139,0.00616683,-0.00006328,0.00157956,0.00470273,-0.00020737,-0.00223784,16:04:39..225,,,,
16:04:39..265,36.50554791,0.166549,-0.00019948,0.00024184,0.00616709,-0.00006399,0.0015794,0.00470294,-0.00020678,-0.00223805,16:04:39..309,,,,
16:04:39..319,36.34523172,0.166549,-0.00019875,0.00024153,0.00616633,-0.00006324,0.00157972,0.00470268,-0.00020738,-0.00223812,16:04:39..309,,,,
16:04:39..355,36.29868831,0.166404,-0.00019892,0.0002419,0.00616672,-0.0000635,0.00157976,0.00470242,-0.00020669,-0.00223796,16:04:39..354,,,,
16:04:39..388,36.53140536,0.166352,-0.00019921,0.00024168,0.00616697,-0.00006318,0.0015797,0.00470297,-0.0002067,-0.00223815,16:04:39..397,,,,
16:04:39..430,36.48486195,0.166263,-0.00019888,0.0002416,0.00616705,-0.00006407,0.00157983,0.00470308,-0.00020703,-0.00223818,16:04:39..460,,,,
16:04:39..469,36.54691983,0.166263,-0.00019983,0.00024151,0.00616657,-0.0000638,0.00157995,0.00470316,-0.00020725,-0.0022384,16:04:39..460,,,,
16:04:39..501,36.55209132,0.16611,-0.00019863,0.00024179,0.00616602,-0.0000633,0.0015795,0.004702,-0.00020702,-0.00223808,16:04:39..505,,,,
16:04:39..560,36.45383301,0.16611,-0.00019901,0.0002419,0.0061659,-0.0000636,0.00158,0.00470236,-0.00020692,-0.002238,16:04:39..611,,,,
16:04:39..618,36.40211811,0.16611,-0.00019897,0.00024192,0.00616548,-0.00006308,0.00158023,0.00470236,-0.00020713,-0.00223798,16:04:39..611,,,,
16:04:39..650,36.52623387,0.165841,-0.00019854,0.00024203,0.00616633,-0.00006316,0.00157939,0.00470237,-0.00020679,-0.00223797,16:04:39..655,,,,
16:04:39..755,36.65552112,0.165841,-0.00019874,0.00024179,0.00616647,-0.00006388,0.00157954,0.00470298,-0.00020698,-0.00223803,16:04:39..752,,,,
16:04:39..788,36.43831854,0.165827,-0.00019795,0.00024169,0.00616614,-0.00006385,0.00157988,0.00470223,-0.00020722,-0.00223872,16:04:39..795,,,,
16:04:39..858,36.55209132,0.165827,-0.0001981,0.00024222,0.00616595,-0.00006311,0.00157964,0.00470185,-0.00020698,-0.00223871,16:04:39..856,,,,
16:04:39..891,36.36074619,0.165782,-0.00019794,0.00024192,0.00616622,-0.00006359,0.00157977,0.0047019,-0.0002066,-0.00223887,16:04:39..897,,,,
16:04:39..935,36.52106238,0.165713,-0.00019786,0.0002421,0.00616654,-0.00006316,0.00157968,0.004702,-0.00020716,-0.00223867,16:04:39..968,,,,
16:04:39..974,36.45383301,0.165713,-0.00019776,0.00024225,0.00616604,-0.00006371,0.00157986,0.00470269,-0.00020687,-0.00223859,16:04:39..968,,,,
16:04:40..006,36.46417599,0.165648,-0.00019818,0.000242,0.00616657,-0.00006313,0.0015797,0.00470237,-0.00020673,-0.00223848,16:04:40..010,,,,
16:04:40..046,36.48486195,0.165597,-0.00019787,0.00024171,0.00616673,-0.00006298,0.00158038,0.00470215,-0.00020655,-0.00223836,16:04:40..076,,,,
16:04:40..082,36.32454576,0.165597,-0.00019784,0.00024207,0.00616682,-0.00006323,0.00157988,0.0047023,-0.00020685,-0.002238,16:04:40..076,,,,
16:04:40..116,36.50554791,0.165477,-0.00019794,0.00024181,0.0061667,-0.00006331,0.0015801,0.00470367,-0.00020673,-0.00223893,16:04:40..178,,,,
16:04:40..225,36.60380622,0.165477,-0.00019795,0.00024215,0.0061667,-0.00006312,0.00157959,0.00470278,-0.00020614,-0.00223843,16:04:40..178,,,,
16:04:40..257,36.66069261,0.1654,-0.00019863,0.00024213,0.00616639,-0.0000633,0.00157968,0.00470231,-0.00020654,-0.00223915,16:04:40..268,,,,
16:04:40..319,36.55726281,0.1654,-0.00019796,0.0002425,0.00616618,-0.00006304,0.00157998,0.00470294,-0.00020655,-0.00223919,16:04:40..360,,,,
16:04:40..375,36.35040321,0.1654,-0.0001978,0.00024226,0.00616575,-0.00006323,0.00158009,0.0047025,-0.0002067,-0.00223905,16:04:40..360,,,,
16:04:40..408,36.49520493,0.165408,-0.00019799,0.00024259,0.00616625,-0.00006324,0.00157999,0.00470262,-0.00020648,-0.00223903,16:04:40..439,,,,
16:04:40..493,36.59346324,0.165408,-0.0001982,0.0002421,0.00616565,-0.0000628,0.00157967,0.00470211,-0.00020695,-0.00223889,16:04:40..491,,,,
16:04:40..527,36.27800235,0.165436,-0.00019782,0.00024237,0.0061656,-0.00006366,0.00157989,0.00470223,-0.00020657,-0.00223952,16:04:40..534,,,,
16:04:40..625,36.38143215,0.165436,-0.00019818,0.0002423,0.00616605,-0.00006306,0.00157977,0.00470263,-0.00020677,-0.00223908,16:04:40..625,,,,
16:04:40..660,36.60897771,0.165417,-0.00019774,0.00024226,0.00616826,-0.00006331,0.00157971,0.00470372,-0.00020693,-0.00223981,16:04:40..668,,,,
16:04:40..772,36.40211811,0.165417,-0.00019786,0.00024211,0.00616937,-0.00006269,0.00157974,0.00470391,-0.00020686,-0.00224005,16:04:40..770,,,,
16:04:40..803,36.52106238,0.165416,-0.00019814,0.0002424,0.0061694,-0.00006277,0.00157936,0.00470301,-0.00020682,-0.00223907,16:04:40..812,,,,
16:04:40..841,36.47451897,0.165435,-0.00019814,0.00024251,0.00616952,-0.00006251,0.00157976,0.00470285,-0.00020643,-0.00223945,16:04:40..874,,,,
16:04:40..880,36.57277728,0.165435,-0.00019818,0.00024205,0.00616951,-0.00006316,0.00157979,0.00470244,-0.00020669,-0.00223914,16:04:40..874,,,,
16:04:40..913,36.50037642,0.165413,-0.00019882,0.00024202,0.00616978,-0.00006258,0.00157944,0.00470354,-0.00020668,-0.00223899,16:04:40..917,,,,
16:04:40..952,36.47969046,0.165387,-0.00019863,0.00024217,0.00616943,-0.00006268,0.00157995,0.00470354,-0.00020682,-0.00223917,16:04:40..990,,,,
16:04:40..996,36.58829175,0.165387,-0.00019838,0.00024228,0.0061698,-0.00006298,0.00158041,0.00470328,-0.00020662,-0.00223944,16:04:40..990,,,,
16:04:41..031,36.40211811,0.165255,-0.00019807,0.00024248,0.0061655,-0.00006295,0.00157991,0.00470292,-0.00020691,-0.00223922,16:04:41..035,,,,
16:04:41..066,36.47451897,0.165151,-0.00019781,0.00024264,0.00616576,-0.00006304,0.00157989,0.00470352,-0.00020636,-0.00223852,16:04:41..123,,,,
16:04:41..131,36.5107194,0.165151,-0.00019806,0.00024255,0.00616609,-0.00006327,0.00158015,0.00470359,-0.00020656,-0.00223895,16:04:41..123,,,,
16:04:41..165,36.42797556,0.165029,-0.00019776,0.0002424,0.00616581,-0.00006318,0.00158063,0.00470344,-0.00020636,-0.00223904,16:04:41..167,,,,
16:04:41..199,36.42797556,0.164813,-0.00019889,0.00024251,0.00616737,-0.00006265,0.00157959,0.0047025,-0.00020702,-0.00223871,16:04:41..232,,,,
16:04:41..300,36.54174834,0.164813,-0.00019864,0.00024239,0.00616755,-0.00006388,0.00158002,0.00470331,-0.00020669,-0.00223917,16:04:41..299,,,,
16:04:41..333,36.55209132,0.164595,-0.0001982,0.00024232,0.0061677,-0.00006295,0.00157993,0.00470256,-0.00020685,-0.00223942,16:04:41..341,,,,
16:04:41..391,36.39177513,0.164595,-0.0001983,0.00024212,0.00616727,-0.00006271,0.00158033,0.00470336,-0.00020667,-0.00223942,16:04:41..390,,,,
16:04:41..424,36.29351682,0.164371,-0.00019838,0.00024226,0.00616559,-0.00006302,0.00157946,0.00470304,-0.00020643,-0.00223943,16:04:41..433,,,,
16:04:41..522,36.46417599,0.164371,-0.0001985,0.00024206,0.00616541,-0.00006264,0.0015792,0.00470276,-0.00020675,-0.00224026,16:04:41..520,,,,
16:04:41..554,36.40211811,0.164094,-0.00019888,0.00024197,0.00616748,-0.00006277,0.00157957,0.00470365,-0.00020627,-0.00223953,16:04:41..564,,,,
16:04:41..660,36.48486195,0.164094,-0.00019852,0.00024194,0.00616712,-0.00006223,0.00157979,0.0047031,-0.00020631,-0.00223965,16:04:41..658,,,,
16:04:41..692,36.44866152,0.163931,-0.00019832,0.00024208,0.00616524,-0.00006294,0.00157951,0.00470238,-0.00020692,-0.0022398,16:04:41..703,,,,
16:04:41..728,36.41246109,0.163928,-0.00019879,0.00024268,0.00616477,-0.00006313,0.00157948,0.00470253,-0.00020661,-0.00224001,16:04:41..703,,,,
16:04:41..761,36.51589089,0.16397,-0.000198,0.0002423,0.00616423,-0.00006315,0.00157936,0.00470192,-0.00020657,-0.00223917,16:04:41..747,,,,
16:04:41..815,36.44349003,0.16397,-0.00019832,0.0002423,0.00616593,-0.00006324,0.00157945,0.00470219,-0.00020669,-0.00223961,16:04:41..790,,,,
16:04:41..851,36.31937427,0.164254,-0.00019782,0.00024263,0.00616705,-0.00006252,0.00157974,0.0047025,-0.00020653,-0.00223984,16:04:41..878,,,,
16:04:41..947,36.46934748,0.164254,-0.00019797,0.00024226,0.00616724,-0.00006316,0.00157931,0.0047025,-0.00020674,-0.00224072,16:04:41..946,,,,
16:04:41..980,36.32971725,0.164353,-0.00019832,0.00024295,0.00616708,-0.00006261,0.00157993,0.00470225,-0.00020675,-0.00223949,16:04:41..988,,,,
16:04:42..021,36.25731639,0.164435,-0.00019823,0.00024218,0.00616686,-0.00006276,0.00157821,0.00470226,-0.0002066,-0.00223922,16:04:42..066,,,,
16:04:42..075,36.4590045,0.164435,-0.00019782,0.0002422,0.00616695,-0.00006238,0.00157917,0.00470203,-0.00020636,-0.00223962,16:04:42..066,,,,
16:04:42..109,36.47969046,0.164584,-0.00019815,0.00024236,0.00616549,-0.00006278,0.00157925,0.00470335,-0.00020652,-0.00224016,16:04:42..159,,,,
16:04:42..168,36.36074619,0.164584,-0.00019822,0.00024296,0.00616554,-0.00006317,0.00157968,0.00470341,-0.00020652,-0.00224,16:04:42..159,,,,
16:04:42..200,36.45383301,0.164559,-0.00019798,0.00024305,0.00616774,-0.00006266,0.00157907,0.0047016,-0.00020618,-0.00223982,16:04:42..202,,,,
16:04:42..293,36.45383301,0.164559,-0.00019808,0.0002426,0.006168,-0.00006328,0.00157938,0.00470131,-0.00020694,-0.00224013,16:04:42..292,,,,
16:04:42..326,36.4072896,0.164423,-0.00019804,0.0002422,0.00616779,-0.00006269,0.00157935,0.00470249,-0.00020673,-0.00223982,16:04:42..335,,,,
16:04:42..364,36.39694662,0.164423,-0.00019802,0.00024231,0.0061678,-0.00006283,0.00157922,0.00470265,-0.00020707,-0.00223999,16:04:42..335,,,,
16:04:42..398,36.37626066,0.16427,-0.0001981,0.00024263,0.00616696,-0.00006301,0.0015799,0.00470199,-0.00020647,-0.00223997,16:04:42..424,,,,
16:04:42..442,36.53140536,0.16427,-0.00019831,0.00024246,0.00616728,-0.00006276,0.00157926,0.00470157,-0.00020684,-0.00224007,16:04:42..424,,,,
16:04:42..476,36.46417599,0.164219,-0.00019796,0.00024235,0.00616607,-0.00006291,0.00157918,0.00470179,-0.00020691,-0.00224125,16:04:42..468,,,,
16:04:42..532,36.40211811,0.164219,-0.00019843,0.0002426,0.00616705,-0.00006296,0.00157926,0.00470206,-0.0002065,-0.00224104,16:04:42..511,,,,
16:04:42..563,36.39694662,0.164104,-0.00019835,0.00024242,0.00616665,-0.00006304,0.00157954,0.00470164,-0.00020649,-0.00223963,16:04:42..597,,,,
16:04:42..654,36.41763258,0.164104,-0.00019763,0.00024263,0.0061669,-0.00006252,0.00157913,0.00470115,-0.00020666,-0.00223977,16:04:42..651,,,,
16:04:42..687,36.44349003,0.164102,-0.00019809,0.00024206,0.00616472,-0.00006277,0.0015796,0.00470197,-0.0002066,-0.00224036,16:04:42..696,,,,
16:04:42..778,36.43831854,0.164102,-0.00019821,0.00024245,0.00616618,-0.00006225,0.00157931,0.00470146,-0.00020671,-0.00224001,16:04:42..775,,,,
16:04:42..811,36.38660364,0.164241,-0.00019831,0.0002424,0.0061668,-0.00006256,0.00157947,0.0047016,-0.00020613,-0.00224045,16:04:42..818,,,,
16:04:42..901,36.31420278,0.164241,-0.00019849,0.00024251,0.00616648,-0.00006315,0.00157916,0.00470186,-0.00020671,-0.00224079,16:04:42..901,,,,
16:04:42..932,36.50037642,0.164367,-0.00019803,0.000242,0.00616531,-0.00006299,0.0015791,0.00470281,-0.00020664,-0.00223978,16:04:42..934,,,,
16:04:42..969,36.31937427,0.164424,-0.00019808,0.00024215,0.00616553,-0.00006279,0.00157905,0.00470304,-0.00020686,-0.00223957,16:04:43..016,,,,
16:04:43..027,36.55209132,0.164424,-0.00019797,0.00024244,0.00616596,-0.0000627,0.00157897,0.00470283,-0.00020662,-0.00223956,16:04:43..016,,,,
16:04:43..060,36.35040321,0.164366,-0.00019812,0.00024233,0.00616548,-0.00006274,0.00157919,0.00470276,-0.00020655,-0.00224083,16:04:43..059,,,,
16:04:43..140,36.49003344,0.164366,-0.00019796,0.00024275,0.00616637,-0.00006219,0.00157938,0.00470219,-0.0002062,-0.00224036,16:04:43..101,,,,
16:04:43..174,36.36591768,0.164364,-0.00019831,0.00024243,0.00616757,-0.00006305,0.00157994,0.00470236,-0.00020644,-0.00224084,16:04:43..187,,,,
16:04:43..246,36.46934748,0.164364,-0.00019852,0.00024292,0.00616747,-0.00006192,0.00157949,0.00470213,-0.00020661,-0.0022405,16:04:43..245,,,,
16:04:43..280,36.39177513,0.164621,-0.00019838,0.00024237,0.00616655,-0.00006244,0.00157935,0.00470279,-0.00020674,-0.00223982,16:04:43..288,,,,
16:04:43..340,36.54691983,0.164621,-0.00019782,0.00024241,0.0061663,-0.00006259,0.00157908,0.00470269,-0.00020636,-0.00223989,16:04:43..339,,,,
16:04:43..373,36.52623387,0.164884,-0.00019834,0.00024241,0.00616772,-0.00006217,0.00157958,0.00470229,-0.00020637,-0.00224035,16:04:43..382,,,,
16:04:43..431,36.58312026,0.164884,-0.00019824,0.00024203,0.00616688,-0.00006245,0.00157906,0.00470209,-0.00020662,-0.00224021,16:04:43..382,,,,
16:04:43..464,36.29351682,0.165139,-0.0001989,0.00024245,0.0061681,-0.00006275,0.00157878,0.00470254,-0.00020698,-0.00224057,16:04:43..478,,,,
16:04:43..557,36.42280407,0.165139,-0.00019863,0.00024238,0.00616784,-0.00006223,0.00157951,0.00470306,-0.00020602,-0.00224067,16:04:43..554,,,,
16:04:43..589,36.49520493,0.165247,-0.00019825,0.00024237,0.00616774,-0.00006291,0.00157897,0.00470135,-0.00020652,-0.00224089,16:04:43..597,,,,
16:04:43..626,36.54691983,0.165329,-0.00019866,0.00024282,0.00616758,-0.0000623,0.00157919,0.00470145,-0.00020655,-0.00224043,16:04:43..661,,,,
16:04:43..668,36.44349003,0.165329,-0.00019811,0.00024226,0.00616794,-0.00006322,0.00157961,0.00470181,-0.00020652,-0.00224016,16:04:43..661,,,,
16:04:43..704,36.3555747,0.16531,-0.00019807,0.00024278,0.00616608,-0.0000622,0.00157899,0.00470224,-0.00020614,-0.00224061,16:04:43..705,,,,
16:04:43..781,36.37626066,0.16531,-0.00019821,0.00024269,0.00616673,-0.00006229,0.00157874,0.0047024,-0.00020667,-0.00224029,16:04:43..778,,,,
16:04:43..812,36.32971725,0.165213,-0.00019783,0.00024259,0.00616619,-0.00006259,0.00157901,0.00470279,-0.0002062,-0.00224076,16:04:43..821,,,,
16:04:43..852,36.3038598,0.165192,-0.00019816,0.00024261,0.00616601,-0.00006259,0.00157885,0.0047024,-0.00020686,-0.00224117,16:04:43..880,,,,
16:04:43..887,36.44349003,0.165192,-0.00019815,0.00024268,0.00616656,-0.00006238,0.00157924,0.00470216,-0.00020658,-0.00224104,16:04:43..880,,,,
16:04:43..922,36.50037642,0.165179,-0.00019843,0.0002426,0.00616572,-0.00006224,0.00157876,0.00470265,-0.00020645,-0.00224055,16:04:43..959,,,,
16:04:44..000,36.44866152,0.165179,-0.00019847,0.00024217,0.00616602,-0.00006227,0.00157886,0.00470255,-0.00020653,-0.0022408,16:04:43..959,,,,
16:04:44..031,36.31937427,0.165175,-0.00019847,0.00024232,0.00616421,-0.00006217,0.00157882,0.00470339,-0.00020685,-0.00224119,16:04:44..047,,,,
16:04:44..126,36.46934748,0.165175,-0.00019793,0.00024251,0.00616486,-0.00006237,0.00157877,0.00470358,-0.00020647,-0.00224132,16:04:44..125,,,,
16:04:44..158,36.26765937,0.16521,-0.00019814,0.00024287,0.00616647,-0.00006183,0.00157944,0.0047022,-0.00020666,-0.00224084,16:04:44..169,,,,
16:04:44..201,36.47969046,0.165219,-0.00019843,0.00024244,0.00616605,-0.00006235,0.00157909,0.00470218,-0.00020679,-0.00224104,16:04:44..220,,,,
16:04:44..244,36.53140536,0.165219,-0.00019843,0.00024269,0.00616567,-0.00006198,0.00157917,0.00470143,-0.00020712,-0.002241,16:04:44..220,,,,
16:04:44..278,36.39694662,0.165214,-0.00019821,0.00024258,0.00616601,-0.00006176,0.00157904,0.00470236,-0.00020642,-0.00224069,16:04:44..307,,,,
16:04:44..360,36.26765937,0.165214,-0.00019842,0.00024239,0.00616616,-0.00006221,0.00157912,0.00470162,-0.00020627,-0.0022405,16:04:44..357,,,,
16:04:44..391,36.45383301,0.165113,-0.00019832,0.00024212,0.00616514,-0.00006225,0.00157849,0.00470246,-0.00020667,-0.00224086,16:04:44..403,,,,
16:04:44..538,36.41763258,0.165113,-0.00019843,0.00024252,0.00616449,-0.00006242,0.00157865,0.004703,-0.00020663,-0.00224095,16:04:44..534,,,,
16:04:44..570,36.32454576,0.165136,-0.00019776,0.00024269,0.00616591,-0.00006188,0.001579,0.00470325,-0.0002065,-0.00224119,16:04:44..579,,,,
16:04:44..688,36.24697341,0.165136,-0.0001981,0.00024257,0.00616573,-0.00006225,0.00157893,0.00470273,-0.00020696,-0.00224104,16:04:44..686,,,,
16:04:44..720,36.48486195,0.165193,-0.00019864,0.00024262,0.00616481,-0.00006256,0.00157871,0.00470281,-0.0002065,-0.0022407,16:04:44..730,,,,
16:04:44..796,36.29868831,0.165193,-0.00019859,0.00024275,0.0061649,-0.00006201,0.00157884,0.00470257,-0.00020687,-0.00224043,16:04:44..795,,,,
16:04:44..828,36.5107194,0.165141,-0.00019844,0.00024261,0.00616467,-0.00006194,0.00157883,0.00470325,-0.00020654,-0.00224103,16:04:44..838,,,,
16:04:44..862,36.28317384,0.165066,-0.00019831,0.00024247,0.00616535,-0.0000621,0.00157853,0.00470354,-0.0002063,-0.0022403,16:04:44..914,,,,
16:04:44..927,36.30903129,0.165066,-0.00019854,0.00024231,0.00616439,-0.00006184,0.00157899,0.00470374,-0.00020653,-0.0022408,16:04:44..914,,,,
16:04:44..959,36.4590045,0.164924,-0.00019834,0.00024268,0.00616454,-0.00006194,0.00157888,0.0047033,-0.00020655,-0.00224157,16:04:44..959,,,,
16:04:45..055,36.4072896,0.164924,-0.00019866,0.00024248,0.00616453,-0.0000622,0.00157848,0.00470395,-0.00020654,-0.00224252,16:04:45..054,,,,
16:04:45..087,36.53140536,0.164831,-0.00019852,0.00024221,0.00616552,-0.00006174,0.00157888,0.00470306,-0.00020656,-0.00224172,16:04:45..098,,,,
16:04:45..145,36.34006023,0.164831,-0.0001979,0.00024226,0.0061654,-0.00006236,0.00157911,0.00470348,-0.00020679,-0.00224159,16:04:45..142,,,,
16:04:45..179,36.28834533,0.164758,-0.00019868,0.00024255,0.00616706,-0.00006159,0.00157935,0.00470316,-0.0002065,-0.002241,16:04:45..184,,,,
16:04:45..220,36.32454576,0.164704,-0.00019848,0.00024253,0.00616711,-0.00006226,0.00157873,0.0047035,-0.0002064,-0.00224101,16:04:45..253,,,,
16:04:45..260,36.55726281,0.164704,-0.00019879,0.0002425,0.00616668,-0.00006163,0.00157916,0.00470264,-0.00020662,-0.00224124,16:04:45..253,,,,
16:04:45..292,36.42797556,0.164641,-0.00019829,0.00024257,0.00616547,-0.00006203,0.00157901,0.00470412,-0.00020638,-0.0022413,16:04:45..298,,,,
16:04:45..339,36.38660364,0.164594,-0.00019836,0.00024237,0.00616645,-0.00006204,0.00157842,0.00470312,-0.00020641,-0.00224164,16:04:45..378,,,,
16:04:45..386,36.37626066,0.164594,-0.00019856,0.00024247,0.00616573,-0.00006251,0.00157913,0.00470375,-0.00020674,-0.00224155,16:04:45..378,,,,
16:04:45..420,36.28834533,0.164714,-0.00019839,0.00024252,0.0061644,-0.00006201,0.0015785,0.00470496,-0.00020677,-0.00224171,16:04:45..423,,,,
16:04:45..483,36.46417599,0.164714,-0.00019886,0.00024191,0.00616465,-0.00006246,0.00157881,0.00470416,-0.00020648,-0.00224153,16:04:45..481,,,,
16:04:45..515,36.43314705,0.164783,-0.00019863,0.00024278,0.00616563,-0.00006242,0.00157891,0.0047025,-0.00020652,-0.0022413,16:04:45..523,,,,
16:04:45..565,36.32971725,0.164817,-0.00019815,0.00024236,0.00616599,-0.00006156,0.00157864,0.00470268,-0.00020632,-0.00224102,16:04:45..620,,,,
16:04:45..638,36.3555747,0.164817,-0.00019844,0.00024268,0.00616628,-0.00006178,0.00157801,0.00470265,-0.00020669,-0.00224101,16:04:45..620,,,,
16:04:45..672,36.57277728,0.164857,-0.00019776,0.00024246,0.00616516,-0.00006215,0.00157891,0.00470308,-0.00020663,-0.00224107,16:04:45..705,,,,
16:04:45..741,36.39694662,0.164857,-0.00019827,0.00024275,0.00616579,-0.00006183,0.00157911,0.00470287,-0.00020692,-0.00224101,16:04:45..705,,,,
16:04:45..773,36.39177513,0.164914,-0.00019839,0.00024267,0.00616528,-0.00006181,0.00157895,0.00470348,-0.00020658,-0.00224084,16:04:45..781,,,,
16:04:45..870,36.41246109,0.164914,-0.00019835,0.0002426,0.00616514,-0.00006182,0.00157875,0.00470348,-0.00020665,-0.00224114,16:04:45..868,,,,
16:04:45..903,36.42797556,0.16518,-0.00019838,0.00024271,0.00616524,-0.00006187,0.00157849,0.00470297,-0.00020644,-0.00224133,16:04:45..910,,,,
16:04:45..968,36.31937427,0.16518,-0.00019825,0.00024169,0.00616507,-0.00006173,0.00157879,0.00470321,-0.00020698,-0.00224095,16:04:45..966,,,,
16:04:46..001,36.41246109,0.165275,-0.00019797,0.00024261,0.00616441,-0.00006167,0.00157888,0.00470277,-0.00020653,-0.00224081,16:04:46..009,,,,
16:04:46..036,36.3038598,0.165344,-0.00019823,0.00024268,0.00616436,-0.00006232,0.00157871,0.00470313,-0.0002068,-0.00224127,16:04:46..077,,,,
16:04:46..084,36.37108917,0.165344,-0.00019809,0.00024271,0.00616412,-0.00006161,0.00157898,0.00470304,-0.00020619,-0.00224126,16:04:46..077,,,,
16:04:46..120,36.38143215,0.165414,-0.00019872,0.00024235,0.00616329,-0.00006185,0.00157844,0.00470319,-0.00020628,-0.00224078,16:04:46..120,,,,
16:04:46..153,36.24697341,0.165568,-0.00019834,0.00024226,0.00616491,-0.00006198,0.00157833,0.00470375,-0.00020664,-0.00224104,16:04:46..199,,,,
16:04:46..255,36.3038598,0.165568,-0.00019849,0.0002426,0.00616473,-0.00006197,0.00157841,0.00470326,-0.00020612,-0.00224084,16:04:46..253,,,,
16:04:46..288,36.38143215,0.16577,-0.0001981,0.00024218,0.006164,-0.00006216,0.00157819,0.00470244,-0.00020665,-0.00224157,16:04:46..296,,,,
16:04:46..408,36.46417599,0.16577,-0.0001983,0.00024232,0.00616409,-0.00006194,0.00157871,0.00470246,-0.00020703,-0.00224158,16:04:46..407,,,,
16:04:46..442,36.36591768,0.165803,-0.00019847,0.00024238,0.00616419,-0.00006155,0.00157862,0.00470271,-0.00020658,-0.00224189,16:04:46..450,,,,
16:04:46..520,36.42797556,0.165803,-0.00019825,0.00024245,0.00616345,-0.00006209,0.00157804,0.00470269,-0.00020642,-0.00224214,16:04:46..519,,,,
16:04:46..552,36.41246109,0.16567,-0.00019824,0.00024241,0.00616484,-0.00006218,0.00157867,0.00470275,-0.00020655,-0.00224166,16:04:46..562,,,,
16:04:46..654,36.44349003,0.16567,-0.00019794,0.00024242,0.00616529,-0.00006118,0.0015786,0.00470225,-0.00020631,-0.00224139,16:04:46..652,,,,
16:04:46..686,36.36591768,0.165685,-0.00019799,0.00024241,0.00616494,-0.00006175,0.00157895,0.00470147,-0.00020657,-0.00224185,16:04:46..695,,,,
16:04:46..728,36.43314705,0.16569,-0.00019828,0.00024245,0.00616599,-0.00006192,0.00157861,0.00470199,-0.0002069,-0.00224189,16:04:46..768,,,,
16:04:46..776,36.35040321,0.16569,-0.00019849,0.00024184,0.00616487,-0.00006201,0.00157839,0.00470178,-0.00020694,-0.00224133,16:04:46..768,,,,
16:04:46..808,36.42797556,0.165505,-0.00019857,0.00024254,0.00616531,-0.00006133,0.00157837,0.00470358,-0.0002064,-0.00224132,16:04:46..812,,,,
16:04:46..888,36.51589089,0.165505,-0.00019851,0.00024272,0.00616528,-0.00006204,0.00157871,0.00470269,-0.00020667,-0.00224165,16:04:46..886,,,,
16:04:46..921,36.31420278,0.165441,-0.00019835,0.00024195,0.0061658,-0.00006158,0.00157835,0.00470251,-0.00020626,-0.00224127,16:04:46..929,,,,
16:04:46..969,36.30903129,0.165329,-0.00019804,0.00024217,0.00616619,-0.00006176,0.00157892,0.00470305,-0.00020656,-0.0022412,16:04:46..997,,,,
16:04:47..016,36.43314705,0.165329,-0.0001982,0.00024174,0.00616558,-0.00006201,0.00157824,0.00470224,-0.00020643,-0.00224148,16:04:46..997,,,,
16:04:47..052,36.43831854,0.165061,-0.00019803,0.00024219,0.00616603,-0.00006155,0.00157863,0.00470242,-0.00020646,-0.00224157,16:04:47..106,,,,
16:04:47..156,36.42797556,0.165061,-0.00019778,0.00024225,0.00616447,-0.00006225,0.00157835,0.00470258,-0.0002067,-0.00224183,16:04:47..155,,,,
16:04:47..189,36.41763258,0.165012,-0.0001989,0.00024251,0.0061652,-0.0000618,0.00157853,0.00470217,-0.00020689,-0.00224229,16:04:47..200,,,,
16:04:47..259,36.4072896,0.165012,-0.00019832,0.0002427,0.00616487,-0.00006159,0.00157893,0.00470196,-0.00020632,-0.00224198,16:04:47..257,,,,
16:04:47..290,36.47451897,0.164842,-0.00019797,0.00024239,0.00616535,-0.00006171,0.00157872,0.00470184,-0.00020689,-0.00224203,16:04:47..300,,,,
16:04:47..362,36.41763258,0.164842,-0.00019835,0.00024243,0.006165,-0.00006213,0.00157863,0.00470167,-0.0002067,-0.00224161,16:04:47..409,,,,
16:04:47..420,36.44866152,0.164842,-0.00019843,0.00024243,0.00616459,-0.00006231,0.00157883,0.00470193,-0.00020675,-0.00224183,16:04:47..409,,,,
16:04:47..455,36.32971725,0.164418,-0.00019847,0.00024247,0.00616302,-0.00006206,0.00157868,0.00470261,-0.00020677,-0.00224124,16:04:47..499,,,,
16:04:47..536,36.27800235,0.164418,-0.00019894,0.00024258,0.00616418,-0.00006222,0.00157852,0.00470285,-0.00020681,-0.00224137,16:04:47..499,,,,
16:04:47..568,36.43831854,0.164245,-0.00019838,0.00024234,0.00616471,-0.00006244,0.00157885,0.00470192,-0.00020666,-0.00224174,16:04:47..586,,,,
16:04:47..651,36.40211811,0.164245,-0.00019834,0.00024253,0.0061649,-0.0000616,0.0015793,0.00470147,-0.0002068,-0.00224147,16:04:47..649,,,,
16:04:47..683,36.39177513,0.164158,-0.00019848,0.00024226,0.00616447,-0.00006181,0.00157857,0.00470177,-0.00020703,-0.00224149,16:04:47..693,,,,
16:04:47..802,36.35040321,0.164158,-0.00019842,0.0002427,0.00616484,-0.00006167,0.00157835,0.00470231,-0.00020668,-0.00224167,16:04:47..800,,,,
16:04:47..835,36.53657685,0.164215,-0.00019865,0.00024258,0.0061638,-0.00006192,0.00157858,0.00470269,-0.00020673,-0.00224118,16:04:47..842,,,,
16:04:47..927,36.34523172,0.164215,-0.00019891,0.00024249,0.00616421,-0.00006107,0.00157814,0.00470279,-0.00020649,-0.00224115,16:04:47..925,,,,
16:04:47..958,36.41246109,0.164192,-0.000199,0.00024242,0.00616447,-0.00006166,0.0015787,0.00470266,-0.00020673,-0.00224168,16:04:47..967,,,,
16:04:48..005,36.27283086,0.164131,-0.00019931,0.00024199,0.0061636,-0.00006133,0.00157865,0.0047028,-0.0002065,-0.00224207,16:04:48..054,,,,
16:04:48..070,36.19525851,0.164131,-0.00019908,0.00024253,0.0061635,-0.00006195,0.00157903,0.00470281,-0.0002067,-0.00224188,16:04:48..054,,,,
16:04:48..102,36.48486195,0.164179,-0.00019827,0.00024232,0.00616312,-0.00006189,0.00157885,0.00470237,-0.00020681,-0.00224163,16:04:48..155,,,,
16:04:48..202,36.39694662,0.16424,-0.00019854,0.00024214,0.00616355,-0.00006155,0.0015781,0.00470299,-0.0002066,-0.00224166,16:04:48..199,,,,
16:04:48..233,36.29868831,0.164318,-0.0001994,0.00024218,0.0061651,-0.0000618,0.00157907,0.00470164,-0.00020668,-0.0022423,16:04:48..243,,,,
16:04:48..323,36.39694662,0.164318,-0.00019879,0.00024256,0.00616514,-0.0000615,0.00157848,0.00470195,-0.00020673,-0.00224218,16:04:48..321,,,,
16:04:48..356,36.41763258,0.164735,-0.00019851,0.00024216,0.00616513,-0.00006114,0.0015788,0.00470225,-0.00020611,-0.00224242,16:04:48..363,,,,
16:04:48..429,36.42280407,0.164735,-0.00019878,0.00024234,0.00616481,-0.00006176,0.00157884,0.00470247,-0.00020662,-0.0022421,16:04:48..426,,,,
16:04:48..462,36.26248788,0.164998,-0.00019854,0.00024209,0.00616379,-0.0000617,0.00157869,0.00470201,-0.00020688,-0.00224222,16:04:48..470,,,,
16:04:48..548,36.4072896,0.164998,-0.00019891,0.00024223,0.00616276,-0.00006227,0.00157851,0.00470116,-0.00020654,-0.0022421,16:04:48..470,,,,
16:04:48..582,36.43831854,0.165116,-0.00019876,0.00024239,0.00616329,-0.00006149,0.00157851,0.0047019,-0.00020709,-0.00224242,16:04:48..591,,,,
16:04:48..630,36.48486195,0.165224,-0.00019841,0.0002421,0.00616417,-0.00006176,0.00157873,0.00470261,-0.00020713,-0.00224244,16:04:48..674,,,,
16:04:48..685,36.3038598,0.165224,-0.00019871,0.00024195,0.00616325,-0.00006174,0.00157882,0.0047024,-0.00020663,-0.00224245,16:04:48..674,,,,
16:04:48..719,36.4072896,0.165437,-0.00019829,0.00024259,0.00616414,-0.00006149,0.00157829,0.00470176,-0.00020661,-0.00224259,16:04:48..720,,,,
16:04:48..821,36.38143215,0.165437,-0.00019865,0.0002423,0.00616386,-0.00006102,0.00157821,0.00470141,-0.00020668,-0.00224201,16:04:48..819,,,,
16:04:48..854,36.46934748,0.16561,-0.00019863,0.00024236,0.00616428,-0.00006127,0.00157892,0.00470185,-0.00020712,-0.00224202,16:04:48..864,,,,
16:04:48..934,36.38143215,0.16561,-0.00019897,0.00024226,0.00616415,-0.00006188,0.00157839,0.00470168,-0.00020623,-0.00224177,16:04:48..934,,,,
16:04:48..966,36.44349003,0.165716,-0.0001985,0.00024237,0.00616387,-0.00006134,0.00157863,0.00470175,-0.00020667,-0.00224196,16:04:48..977,,,,
16:04:49..059,36.28317384,0.165716,-0.00019843,0.00024204,0.0061637,-0.00006167,0.0015792,0.00470172,-0.00020652,-0.00224275,16:04:49..057,,,,
16:04:49..091,36.5107194,0.165817,-0.00019942,0.0002419,0.0061651,-0.00006192,0.00157829,0.004701,-0.00020697,-0.00224267,16:04:49..101,,,,
16:04:49..168,36.29351682,0.165817,-0.00019918,0.00024201,0.00616479,-0.00006112,0.00157877,0.00470135,-0.00020672,-0.00224267,16:04:49..167,,,,
16:04:49..199,36.37108917,0.165728,-0.00019832,0.00024224,0.00616453,-0.00006103,0.00157875,0.00470137,-0.00020667,-0.00224272,16:04:49..211,,,,
16:04:49..283,36.38660364,0.165728,-0.00019843,0.00024251,0.00616465,-0.00006155,0.00157845,0.00470138,-0.00020667,-0.00224271,16:04:49..281,,,,
16:04:49..315,36.43831854,0.165648,-0.00019978,0.0002415,0.00616577,-0.00006174,0.00157827,0.00470016,-0.00020688,-0.00224215,16:04:49..325,,,,
16:04:49..355,36.34523172,0.16556,-0.00019954,0.00024223,0.00616508,-0.00006163,0.00157857,0.00470016,-0.00020694,-0.00224215,16:04:49..372,,,,
16:04:49..387,36.27283086,0.16556,-0.00019924,0.00024201,0.00616495,-0.00006166,0.00157835,0.00470044,-0.0002067,-0.00224168,16:04:49..372,,,,
16:04:49..421,36.24180192,0.165455,-0.00019923,0.00024227,0.00616513,-0.00006181,0.00157863,0.00469982,-0.00020715,-0.00224165,16:04:49..414,,,,
16:04:49..487,36.35040321,0.165455,-0.00019923,0.00024268,0.00616565,-0.00006164,0.001578,0.0046994,-0.00020708,-0.00224145,16:04:49..456,,,,
16:04:49..518,36.26248788,0.165364,-0.00019932,0.00024201,0.00616482,-0.00006192,0.00157839,0.00470074,-0.00020626,-0.00224212,16:04:49..545,,,,
16:04:49..571,36.42797556,0.165364,-0.00019942,0.0002422,0.00616506,-0.00006107,0.00157846,0.00470014,-0.00020684,-0.00224284,16:04:49..545,,,,
16:04:49..603,36.26248788,0.165306,-0.00019899,0.00024226,0.00616481,-0.00006158,0.00157845,0.00469952,-0.00020641,-0.00224212,16:04:49..630,,,,
16:04:49..658,36.31420278,0.165306,-0.00019955,0.00024218,0.00616516,-0.00006165,0.00157805,0.00469915,-0.00020685,-0.00224204,16:04:49..630,,,,
16:04:49..691,36.44866152,0.165145,-0.00019937,0.0002421,0.00616496,-0.00006137,0.00157855,0.00470075,-0.00020695,-0.00224216,16:04:49..730,,,,
16:04:49..803,36.20043,0.165145,-0.0001994,0.00024222,0.00616474,-0.0000611,0.00157882,0.0047004,-0.00020734,-0.0022424,16:04:49..801,,,,
16:04:49..835,36.4072896,0.165141,-0.00019922,0.00024191,0.00616483,-0.00006154,0.00157796,0.00470007,-0.00020703,-0.00224213,16:04:49..847,,,,
16:04:49..955,36.41246109,0.165141,-0.00019935,0.00024199,0.00616473,-0.00006147,0.00157882,0.00470065,-0.0002071,-0.00224185,16:04:49..953,,,,
16:04:49..986,36.39177513,0.165313,-0.00019882,0.00024206,0.00616508,-0.00006119,0.00157819,0.00470003,-0.00020701,-0.0022427,16:04:49..997,,,,
16:04:50..101,36.24697341,0.165313,-0.00019883,0.00024177,0.00616413,-0.00006191,0.00157832,0.00469975,-0.00020701,-0.00224314,16:04:50..098,,,,
16:04:50..134,36.41246109,0.165352,-0.00019932,0.00024199,0.00616286,-0.00006149,0.00157852,0.00470082,-0.0002071,-0.00224196,16:04:50..141,,,,
16:04:50..225,36.4590045,0.165352,-0.00019961,0.00024183,0.00616321,-0.00006178,0.00157836,0.0047004,-0.00020724,-0.00224215,16:04:50..223,,,,
16:04:50..256,36.28317384,0.165358,-0.00019886,0.00024205,0.00616218,-0.00006175,0.00157826,0.00470092,-0.00020644,-0.00224162,16:04:50..267,,,,
16:04:50..366,36.34523172,0.165358,-0.00019906,0.00024144,0.00616164,-0.00006092,0.00157799,0.00470092,-0.00020745,-0.00224221,16:04:50..364,,,,
16:04:50..399,36.5107194,0.165313,-0.00019888,0.00024217,0.00616121,-0.00006129,0.00157815,0.00470135,-0.00020706,-0.00224245,16:04:50..410,,,,
16:04:50..482,36.29868831,0.165313,-0.00019905,0.00024246,0.006161,-0.0000614,0.0015782,0.00470158,-0.00020698,-0.00224219,16:04:50..480,,,,
16:04:50..513,36.38660364,0.165295,-0.00019838,0.00024168,0.00616222,-0.00006173,0.00157827,0.00470082,-0.00020736,-0.00224279,16:04:50..526,,,,
16:04:50..571,36.41763258,0.165259,-0.00019866,0.00024189,0.00616263,-0.000061,0.00157832,0.00470113,-0.00020665,-0.00224267,16:04:50..570,,,,
16:04:50..602,36.32454576,0.165206,-0.00019981,0.0002416,0.00616299,-0.00006175,0.00157809,0.00470158,-0.00020708,-0.00224304,16:04:50..614,,,,
16:04:50..643,36.49520493,0.165151,-0.00019925,0.00024183,0.00616296,-0.00006121,0.00157821,0.00470095,-0.00020698,-0.00224288,16:04:50..661,,,,
16:04:50..674,36.46934748,0.165151,-0.00019916,0.00024215,0.00616567,-0.00006131,0.00157817,0.00470075,-0.00020701,-0.00224226,16:04:50..661,,,,
16:04:50..708,36.27800235,0.165081,-0.00019995,0.00024199,0.00616461,-0.0000612,0.00157827,0.00470087,-0.00020695,-0.00224309,16:04:50..704,,,,
16:04:50..776,35.97805593,0.165081,-0.00019955,0.00024218,0.0061647,-0.00006174,0.00157792,0.00470065,-0.00020694,-0.00224267,16:04:50..747,,,,
16:04:50..808,31.07548341,0.165036,-0.00019957,0.00024173,0.00616384,-0.00006145,0.00157748,0.00470066,-0.00020634,-0.0022425,16:04:50..833,,,,
16:04:50..855,22.10811975,0.165036,-0.00019921,0.00024186,0.00616458,-0.00006106,0.00157773,0.00470019,-0.00020662,-0.00224204,16:04:50..833,,,,
16:04:50..886,4.18373541,0.161814,-0.0002055,0.00023909,0.00616727,-0.00006067,0.00157216,0.00468844,-0.00020793,-0.00224383,16:04:50..920,,,,
16:04:51..002,0.45509112,0.161814,-0.00020543,0.00023916,0.00616726,-0.00006107,0.00157147,0.00468772,-0.00020781,-0.00224426,16:04:51..000,,,,
16:04:51..036,39.18955122,0.14614,-0.00023101,0.00023208,0.00617934,-0.00005791,0.00154856,0.00462859,-0.00021692,-0.00225709,16:04:51..043,,,,
16:04:51..133,37.43641611,0.14614,-0.00023154,0.000232,0.00617952,-0.00005765,0.00154758,0.00462826,-0.00021745,-0.00225775,16:04:51..132,,,,
16:04:51..168,15.01800696,0.132882,-0.00023773,0.00023018,0.00618037,-0.00005743,0.0015402,0.00461333,-0.00021884,-0.00226013,16:04:51..178,,,,
16:04:51..257,11.78065422,0.132882,-0.00023762,0.00023022,0.00618052,-0.00005705,0.00153987,0.00461313,-0.00021967,-0.00225991,16:04:51..255,,,,
16:04:51..290,16.47119565,0.119865,-0.00024558,0.00022733,0.00618604,-0.00005672,0.00153371,0.0045982,-0.00022258,-0.00226348,16:04:51..300,,,,
16:04:51..326,20.17398249,0.11319,-0.00024546,0.0002269,0.00618623,-0.00005655,0.00153339,0.00459794,-0.00022255,-0.00226358,16:04:51..345,,,,
16:04:51..357,22.92521517,0.11319,-0.00024731,0.00022743,0.0061885,-0.00005583,0.00153138,0.00459217,-0.00022382,-0.0022658,16:04:51..345,,,,
16:04:51..392,23.18896116,0.09973,-0.00024977,0.00022699,0.00618661,-0.00005578,0.00152843,0.0045846,-0.00022467,-0.00226809,16:04:51..432,,,,
16:04:51..486,21.55994181,0.09973,-0.00025002,0.00022687,0.00618649,-0.00005664,0.0015285,0.00458493,-0.00022529,-0.00226822,16:04:51..485,,,,
16:04:51..521,9.32419647,0.087181,-0.00025519,0.00022487,0.00619083,-0.00005591,0.00152436,0.00457528,-0.00022645,-0.00227101,16:04:51..527,,,,
16:04:51..597,17.82095454,0.087181,-0.00025486,0.0002245,0.00619074,-0.00005519,0.00152445,0.00457544,-0.00022693,-0.00227105,16:04:51..596,,,,
16:04:51..630,11.7909972,0.075846,-0.00025838,0.00022416,0.00619358,-0.00005517,0.00152145,0.00456859,-0.0002292,-0.00227435,16:04:51..641,,,,
16:04:51..669,14.51637243,0.070534,-0.00025839,0.00022483,0.00619457,-0.00005532,0.00152188,0.00456905,-0.00022875,-0.00227408,16:04:51..689,,,,
16:04:51..701,18.06401457,0.065421,-0.00025913,0.00022443,0.00619397,-0.0000549,0.00152049,0.00456613,-0.00022889,-0.00227473,16:04:51..689,,,,
16:04:51..785,17.00385912,0.065421,-0.00025938,0.00022404,0.00619419,-0.00005563,0.00152067,0.00456624,-0.000229,-0.00227528,16:04:51..786,,,,
16:04:51..819,13.57516125,0.056053,-0.00026367,0.0002233,0.00619582,-0.00005483,0.00151727,0.00455774,-0.00023131,-0.00227896,16:04:51..828,,,,
16:04:51..927,13.7044485,0.056053,-0.00026356,0.0002232,0.00619674,-0.00005514,0.00151716,0.00455819,-0.00023132,-0.00227899,16:04:51..925,,,,
16:04:51..960,12.54086325,0.044263,-0.00026712,0.0002223,0.00619776,-0.00005434,0.00151449,0.00455127,-0.00023258,-0.00228107,16:04:51..969,,,,
16:04:52..060,13.0838697,0.044263,-0.00026706,0.00022195,0.00619758,-0.00005476,0.00151431,0.00455129,-0.00023265,-0.00228131,16:04:52..059,,,,
16:04:52..094,12.57706368,0.037553,-0.00026941,0.00022199,0.00620268,-0.00005443,0.00151206,0.00454567,-0.00023355,-0.00228376,16:04:52..103,,,,
16:04:52..145,12.14783001,0.034529,-0.00027005,0.00022164,0.0062022,-0.00005424,0.00151218,0.0045453,-0.00023398,-0.00228393,16:04:52..186,,,,
16:04:52..193,11.62550952,0.034529,-0.00026943,0.000222,0.0062027,-0.00005381,0.00151236,0.00454604,-0.00023368,-0.00228319,16:04:52..186,,,,
16:04:52..225,11.46519333,0.029089,-0.0002714,0.00022184,0.0062002,-0.00005422,0.00151038,0.00454078,-0.00023458,-0.00228461,16:04:52..228,,,,
16:04:52..325,11.01010221,0.029089,-0.00027182,0.00022168,0.00620059,-0.00005416,0.00150997,0.00454016,-0.0002344,-0.00228482,16:04:52..322,,,,
16:04:52..358,11.29970565,0.024405,-0.00027325,0.00022111,0.00620362,-0.00005445,0.001508,0.00453645,-0.00023528,-0.00228643,16:04:52..367,,,,
16:04:52..400,11.03595966,0.022333,-0.00027371,0.00022127,0.0062034,-0.00005373,0.00150813,0.00453648,-0.00023512,-0.00228639,16:04:52..459,,,,
16:04:52..472,10.84978602,0.022333,-0.00027313,0.00022105,0.00620354,-0.0000546,0.0015083,0.00453673,-0.00023515,-0.00228596,16:04:52..459,,,,
16:04:52..505,10.47226725,0.015504,-0.00027498,0.0002209,0.00620528,-0.00005394,0.00150655,0.00453281,-0.00023568,-0.00228675,16:04:52..548,,,,
16:04:52..615,10.20334977,0.015504,-0.00027479,0.00022108,0.0062053,-0.00005368,0.00150651,0.00453277,-0.00023548,-0.00228691,16:04:52..613,,,,
16:04:52..648,9.90340335,0.012804,-0.00027667,0.00022009,0.00620694,-0.00005357,0.00150553,0.00452906,-0.00023632,-0.00228876,16:04:52..657,,,,
16:04:52..751,9.8775459,0.012804,-0.00027626,0.00022026,0.00620666,-0.00005404,0.00150521,0.00452993,-0.00023633,-0.00228796,16:04:52..749,,,,
16:04:52..783,9.59828544,0.009528,-0.00027788,0.00022016,0.00620905,-0.00005352,0.00150461,0.00452634,-0.00023727,-0.00228917,16:04:52..794,,,,
16:04:52..868,9.5155416,0.009528,-0.00027797,0.00021977,0.00620949,-0.00005395,0.00150438,0.00452599,-0.00023731,-0.00228949,16:04:52..866,,,,
16:04:52..900,9.31902498,0.008575,-0.00027855,0.00021972,0.00620878,-0.00005378,0.00150387,0.00452409,-0.00023734,-0.00229005,16:04:52..912,,,,
16:04:52..952,9.27248157,0.00773,-0.0002789,0.00021967,0.00620829,-0.00005334,0.00150377,0.00452385,-0.00023741,-0.0022904,16:04:52..997,,,,
16:04:53..008,9.22076667,0.00773,-0.00027879,0.00021967,0.00620804,-0.00005392,0.00150378,0.00452374,-0.0002374,-0.00229049,16:04:52..997,,,,
16:04:53..040,8.98287813,0.005628,-0.00028,0.00021941,0.00620999,-0.00005369,0.00150299,0.0045215,-0.00023782,-0.00229165,16:04:53..042,,,,
16:04:53..128,8.97770664,0.005628,-0.00027997,0.00021888,0.00620987,-0.00005348,0.00150263,0.00452126,-0.00023809,-0.00229159,16:04:53..125,,,,
16:04:53..160,8.69327469,0.004479,-0.00028039,0.00021956,0.00620891,-0.0000531,0.00150253,0.00451966,-0.00023836,-0.0022928,16:04:53..170,,,,
16:04:53..238,8.66741724,0.004479,-0.00028086,0.0002195,0.00620885,-0.00005385,0.00150267,0.00451986,-0.00023813,-0.00229258,16:04:53..235,,,,
16:04:53..270,8.51744403,0.003467,-0.00028134,0.00021876,0.00620936,-0.00005367,0.00150194,0.00451905,-0.00023832,-0.00229284,16:04:53..277,,,,
16:04:53..393,8.44504317,0.003467,-0.00028151,0.0002188,0.00620955,-0.00005321,0.00150205,0.0045186,-0.00023873,-0.00229309,16:04:53..390,,,,
16:04:53..425,8.19164016,0.001907,-0.00028231,0.00021896,0.00621027,-0.00005313,0.00150145,0.00451671,-0.00023914,-0.00229349,16:04:53..469,,,,
16:04:53..538,8.23818357,0.001907,-0.00028217,0.00021876,0.00621034,-0.00005355,0.00150115,0.00451673,-0.00023881,-0.00229399,16:04:53..535,,,,
16:04:53..569,7.97443758,0.001045,-0.0002836,0.00021828,0.00621055,-0.0000543,0.00150074,0.00451534,-0.00023917,-0.0022948,16:04:53..578,,,,
16:04:53..628,7.90720821,0.001045,-0.00028338,0.00021868,0.00621079,-0.00005284,0.00150111,0.00451507,-0.00023919,-0.00229459,16:04:53..626,,,,
16:04:53..660,7.87617927,0.001045,-0.00028391,0.00021824,0.00621258,-0.00005352,0.0015005,0.0045146,-0.00023916,-0.00229515,16:04:53..669,,,,
16:04:53..694,7.77792096,0.000804,-0.00028388,0.00021883,0.00621261,-0.00005339,0.00150046,0.00451454,-0.00023922,-0.00229474,16:04:53..712,,,,
16:04:53..729,7.73654904,0.000804,-0.00028367,0.00021859,0.00621229,-0.00005346,0.00150091,0.00451538,-0.00023904,-0.00229464,16:04:53..712,,,,
16:04:53..764,7.68483414,0.000148,-0.00028392,0.00021858,0.006213,-0.00005299,0.00150077,0.00451517,-0.00023947,-0.00229513,16:04:53..804,,,,
16:04:53..852,7.61760477,0.000148,-0.00028387,0.00021831,0.00621259,-0.00005325,0.00150015,0.00451495,-0.00023973,-0.00229543,16:04:53..850,,,,
16:04:53..885,7.51934646,-0.000246,-0.0002847,0.00021808,0.00621268,-0.000054,0.00149995,0.00451347,-0.00024026,-0.00229684,16:04:53..892,,,,
16:04:53..975,7.40040219,-0.000246,-0.00028459,0.00021805,0.00621319,-0.00005319,0.00150041,0.00451326,-0.00023945,-0.00229674,16:04:53..973,,,,
16:04:54..007,7.3952307,-0.000406,-0.00028532,0.00021748,0.00621227,-0.00005308,0.00149928,0.00451235,-0.0002403,-0.00229761,16:04:54..017,,,,
16:04:54..051,7.30731537,-0.000406,-0.00028506,0.00021778,0.00621251,-0.00005321,0.0014998,0.00451264,-0.00023972,-0.00229755,16:04:54..017,,,,
16:04:54..084,7.18319961,-0.000693,-0.00028595,0.00021767,0.00621411,-0.00005267,0.00149969,0.00451138,-0.00023988,-0.0022976,16:04:54..103,,,,
16:04:54..120,7.18319961,-0.000693,-0.00028561,0.00021762,0.00621385,-0.0000532,0.00149994,0.00451128,-0.0002401,-0.00229754,16:04:54..103,,,,
16:04:54..153,7.09011279,-0.000803,-0.00028624,0.00021718,0.00621543,-0.0000538,0.00149937,0.00451092,-0.00024075,-0.00229794,16:04:54..147,,,,
16:04:54..191,7.0849413,-0.000803,-0.00028604,0.00021774,0.00621583,-0.00005324,0.00149955,0.00451111,-0.00023998,-0.00229729,16:04:54..147,,,,
16:04:54..227,7.07976981,-0.000922,-0.00028631,0.00021756,0.0062145,-0.00005307,0.0014999,0.00451054,-0.00024005,-0.00229828,16:04:54..235,,,,
16:04:54..260,7.01254044,-0.000922,-0.00028668,0.00021739,0.00621453,-0.00005331,0.00149929,0.00451024,-0.00024035,-0.00229846,16:04:54..235,,,,
16:04:54..294,6.94531107,-0.001077,-0.00028636,0.00021749,0.00621581,-0.00005305,0.00149956,0.00451124,-0.0002398,-0.00229818,16:04:54..326,,,,
16:04:54..345,6.85739574,-0.001077,-0.00028617,0.0002178,0.00621585,-0.00005352,0.00149962,0.00451117,-0.00024066,-0.00229779,16:04:54..326,,,,
16:04:54..377,6.91428213,-0.001209,-0.00028682,0.00021722,0.00621442,-0.00005318,0.00149871,0.00450918,-0.00024033,-0.00229842,16:04:54..414,,,,
16:04:54..458,6.84188127,-0.001209,-0.00028641,0.00021719,0.0062152,-0.00005331,0.00149932,0.00450923,-0.00024017,-0.0022991,16:04:54..414,,,,
16:04:54..489,6.70225104,-0.001398,-0.00028738,0.00021695,0.00621389,-0.00005364,0.00149851,0.0045083,-0.00024062,-0.00229971,16:04:54..503,,,,
16:04:54..525,6.69190806,-0.001472,-0.00028747,0.00021737,0.00621407,-0.00005346,0.0014988,0.00450836,-0.00024048,-0.00229939,16:04:54..503,,,,
16:04:54..556,6.6195072,-0.001472,-0.00028734,0.00021734,0.00621383,-0.000053,0.00149836,0.00450815,-0.00024026,-0.0022995,16:04:54..547,,,,
16:04:54..591,6.60916422,-0.001114,-0.00028743,0.00021696,0.00621447,-0.00005361,0.00149885,0.004508,-0.00024098,-0.00229936,16:04:54..591,,,,
16:04:54..692,6.57813528,-0.001114,-0.00028748,0.00021699,0.00621465,-0.00005323,0.00149854,0.00450846,-0.00024074,-0.00230022,16:04:54..690,,,,
16:04:54..725,6.47987697,-0.000977,-0.00028808,0.00021735,0.00621503,-0.00005342,0.00149824,0.00450704,-0.00024105,-0.00230007,16:04:54..766,,,,
16:04:54..794,6.45919101,-0.000977,-0.00028827,0.0002171,0.00621425,-0.00005362,0.00149799,0.00450751,-0.00024061,-0.0023002,16:04:54..766,,,,
16:04:54..825,6.34541823,-0.000626,-0.00028826,0.00021696,0.00621418,-0.00005363,0.00149774,0.00450743,-0.0002411,-0.00230008,16:04:54..802,,,,
16:04:54..898,6.35058972,-0.000626,-0.00028819,0.00021676,0.0062141,-0.00005345,0.00149816,0.00450761,-0.00024098,-0.00229949,16:04:54..926,,,,
16:04:54..932,6.26267439,-0.000626,-0.00028798,0.00021687,0.00621511,-0.00005337,0.00149829,0.00450832,-0.00024039,-0.00229971,16:04:54..926,,,,
16:04:54..965,6.24715992,-0.000478,-0.00028886,0.00021702,0.00621449,-0.00005362,0.00149749,0.00450835,-0.00024116,-0.00230071,16:04:54..969,,,,
16:04:55..057,6.24715992,-0.000478,-0.0002885,0.0002171,0.00621447,-0.00005294,0.00149775,0.00450827,-0.00024077,-0.00230066,16:04:55..055,,,,
16:04:55..090,6.09201522,-0.000292,-0.0002888,0.0002164,0.00621668,-0.00005306,0.0014974,0.00450669,-0.00024079,-0.00230068,16:04:55..099,,,,
16:04:55..149,6.19544502,-0.000292,-0.00028932,0.00021633,0.00621676,-0.00005315,0.00149791,0.00450677,-0.00024094,-0.0023005,16:04:55..177,,,,
16:04:55..183,6.11787267,-0.000292,-0.00028894,0.0002168,0.00621621,-0.00005354,0.00149746,0.00450624,-0.00024091,-0.00230078,16:04:55..177,,,,
16:04:55..217,6.09718671,-0.000193,-0.00028914,0.000217,0.00621621,-0.00005296,0.00149787,0.0045066,-0.0002411,-0.00230113,16:04:55..221,,,,
16:04:55..253,6.00927138,-0.00017,-0.00028922,0.00021705,0.00621664,-0.0000535,0.00149771,0.00450684,-0.00024067,-0.00230006,16:04:55..287,,,,
16:04:55..337,6.06098628,-0.00017,-0.00028923,0.00021654,0.00621677,-0.0000529,0.00149737,0.00450668,-0.0002411,-0.00230063,16:04:55..287,,,,
16:04:55..370,6.04030032,-0.000122,-0.00028985,0.00021639,0.00621605,-0.00005373,0.00149706,0.00450713,-0.00024117,-0.00230104,16:04:55..381,,,,
16:04:55..453,6.06098628,-0.000122,-0.00028971,0.00021669,0.0062163,-0.00005317,0.00149738,0.00450654,-0.00024148,-0.00230102,16:04:55..450,,,,
16:04:55..487,6.06615777,-0.000114,-0.00028968,0.00021702,0.00621732,-0.00005289,0.00149722,0.00450673,-0.00024037,-0.00230069,16:04:55..495,,,,
16:04:55..534,5.95238499,-0.000082,-0.00028924,0.00021675,0.006217,-0.00005383,0.00149724,0.00450632,-0.00024128,-0.00230099,16:04:55..551,,,,
16:04:55..569,6.02478585,-0.000082,-0.00028958,0.0002168,0.00621764,-0.00005306,0.00149752,0.0045071,-0.00024105,-0.00230094,16:04:55..551,,,,
16:04:55..604,6.00409989,-0.000073,-0.0002901,0.0002164,0.00621557,-0.00005384,0.00149738,0.00450742,-0.00024139,-0.00230144,16:04:55..639,,,,
16:04:55..704,6.07132926,-0.000073,-0.00028959,0.00021621,0.00621579,-0.00005344,0.0014973,0.0045064,-0.00024062,-0.00230162,16:04:55..702,,,,
16:04:55..736,6.05581479,-0.000089,-0.00029004,0.00021648,0.00621657,-0.00005367,0.00149697,0.00450727,-0.00024114,-0.00230151,16:04:55..747,,,,
16:04:55..854,5.98858542,-0.000089,-0.00028944,0.00021642,0.00621725,-0.00005331,0.00149737,0.00450682,-0.00024143,-0.00230137,16:04:55..851,,,,
16:04:55..886,5.98858542,-0.000047,-0.00028998,0.00021675,0.00621848,-0.00005363,0.00149674,0.00450715,-0.00024111,-0.00230092,16:04:55..894,,,,
16:04:55..977,5.96789946,-0.000047,-0.00028946,0.00021661,0.00621848,-0.00005349,0.00149706,0.00450682,-0.00024116,-0.00230149,16:04:55..975,,,,
16:04:56..008,6.06098628,-0.000035,-0.00029003,0.00021683,0.0062188,-0.00005361,0.00149676,0.00450814,-0.00024079,-0.00230038,16:04:56..010,,,,
16:04:56..055,6.01961436,-0.000035,-0.00028989,0.00021721,0.00621878,-0.00005393,0.00149669,0.00450748,-0.00024106,-0.00230171,16:04:56..096,,,,
16:04:56..123,6.00927138,-0.000035,-0.00028997,0.000216,0.0062189,-0.00005346,0.00149668,0.00450836,-0.00024121,-0.00230085,16:04:56..096,,,,
16:04:56..157,5.99375691,-0.00007,-0.00028991,0.00021651,0.00621746,-0.00005383,0.00149691,0.00450707,-0.00024083,-0.00230055,16:04:56..183,,,,
16:04:56..273,5.9989284,-0.00007,-0.00028962,0.00021617,0.00621769,-0.00005343,0.00149699,0.00450632,-0.00024102,-0.00230034,16:04:56..271,,,,
16:04:56..304,6.01961436,-0.00015,-0.00028938,0.00021636,0.00621952,-0.00005365,0.00149681,0.00450919,-0.00024079,-0.00230113,16:04:56..316,,,,
16:04:56..355,5.98341393,-0.00015,-0.0002907,0.00021625,0.00621904,-0.00005337,0.00149602,0.00450859,-0.00024129,-0.00230103,16:04:56..393,,,,
16:04:56..401,5.99375691,-0.00015,-0.00029052,0.00021635,0.00621884,-0.00005422,0.00149638,0.00450869,-0.00024125,-0.00230114,16:04:56..393,,,,
16:04:56..434,5.97307095,-0.000223,-0.00029027,0.00021614,0.00621913,-0.00005446,0.00149631,0.00450904,-0.00024151,-0.00230003,16:04:56..438,,,,
16:04:56..471,6.04547181,-0.000261,-0.00029031,0.00021628,0.00621891,-0.00005363,0.00149639,0.00450878,-0.00024118,-0.00230041,16:04:56..511,,,,
16:04:56..522,5.96789946,-0.000261,-0.00029017,0.00021617,0.00621897,-0.00005373,0.00149665,0.00450905,-0.0002411,-0.00230036,16:04:56..511,,,,
16:04:56..556,6.05581479,-0.000352,-0.00029101,0.00021618,0.00621717,-0.00005374,0.00149623,0.00450768,-0.00024121,-0.00230062,16:04:56..597,,,,
16:04:56..659,5.98341393,-0.000352,-0.00029003,0.00021649,0.00621778,-0.00005406,0.00149634,0.00450795,-0.00024132,-0.00230032,16:04:56..656,,,,
16:04:56..690,5.95238499,-0.00042,-0.00028976,0.00021677,0.00621931,-0.00005387,0.00149663,0.00450818,-0.00024128,-0.00230051,16:04:56..700,,,,
16:04:56..759,6.01961436,-0.00042,-0.00029,0.00021669,0.00621983,-0.00005372,0.00149668,0.00450841,-0.00024135,-0.00230044,16:04:56..757,,,,
16:04:56..791,6.07132926,-0.000479,-0.00029003,0.00021657,0.00621903,-0.00005366,0.00149676,0.00450844,-0.00024105,-0.00230091,16:04:56..801,,,,
16:04:56..841,6.06098628,-0.000479,-0.00029017,0.0002167,0.00621891,-0.0000537,0.00149627,0.00450839,-0.00024088,-0.00230093,16:04:56..877,,,,
16:04:56..883,6.02478585,-0.000479,-0.00028995,0.00021651,0.00621908,-0.00005369,0.00149629,0.00450784,-0.0002411,-0.00230094,16:04:56..877,,,,
16:04:56..918,6.0506433,-0.000556,-0.00029014,0.00021653,0.00621887,-0.00005361,0.00149649,0.00450814,-0.00024095,-0.00230061,16:04:56..921,,,,
16:04:56..967,5.9989284,-0.000573,-0.00029066,0.00021674,0.00621858,-0.00005398,0.00149661,0.00450849,-0.00024102,-0.00230034,16:04:57..021,,,,
16:04:57..029,5.99375691,-0.000573,-0.00029019,0.00021647,0.00621861,-0.00005358,0.00149588,0.00450807,-0.00024122,-0.00230066,16:04:57..021,,,,
16:04:57..063,6.04547181,-0.000635,-0.00029051,0.00021632,0.00621805,-0.000054,0.00149659,0.00450785,-0.00024102,-0.0023004,16:04:57..066,,,,
16:04:57..100,6.00927138,-0.000635,-0.00029002,0.00021644,0.006218,-0.00005401,0.00149662,0.00450732,-0.00024134,-0.00230065,16:04:57..136,,,,
16:04:57..143,5.9989284,-0.000635,-0.00029038,0.00021624,0.00621807,-0.00005458,0.00149616,0.00450792,-0.00024126,-0.00230062,16:04:57..136,,,,
16:04:57..176,6.01444287,-0.000708,-0.00029071,0.00021621,0.0062192,-0.00005425,0.00149639,0.00450799,-0.00024124,-0.00229998,16:04:57..183,,,,
16:04:57..210,5.95755648,-0.000755,-0.00029034,0.00021627,0.00621913,-0.00005415,0.0014965,0.00450818,-0.00024113,-0.00229964,16:04:57..249,,,,
16:04:57..257,5.98858542,-0.000755,-0.00029056,0.00021651,0.00621973,-0.00005348,0.00149645,0.00450768,-0.00024119,-0.00229989,16:04:57..249,,,,
16:04:57..290,6.03512883,-0.000802,-0.00029085,0.00021607,0.00621881,-0.00005396,0.00149614,0.00450775,-0.00024097,-0.00230017,16:04:57..308,,,,
16:04:57..365,5.98858542,-0.000802,-0.00028987,0.00021657,0.00621879,-0.00005442,0.00149641,0.00450779,-0.00024168,-0.0022999,16:04:57..363,,,,
16:04:57..397,5.96272797,-0.000815,-0.00029029,0.00021671,0.00621875,-0.00005404,0.00149655,0.00450788,-0.00024083,-0.0023003,16:04:57..408,,,,
16:04:57..438,6.00927138,-0.000829,-0.00029055,0.00021666,0.00621916,-0.00005427,0.00149663,0.0045082,-0.00024175,-0.00230013,16:04:57..479,,,,
16:04:57..486,6.01444287,-0.000829,-0.00029035,0.00021654,0.00621965,-0.00005362,0.00149637,0.00450815,-0.00024129,-0.00230045,16:04:57..479,,,,
16:04:57..522,6.00409989,-0.000882,-0.00029042,0.00021594,0.00621975,-0.00005464,0.00149627,0.00450766,-0.00024117,-0.00229998,16:04:57..522,,,,
16:04:57..615,6.02995734,-0.000882,-0.00029045,0.0002165,0.00621946,-0.00005388,0.00149625,0.00450775,-0.00024117,-0.00229978,16:04:57..615,,,,
16:04:57..650,6.00927138,-0.000886,-0.0002902,0.00021631,0.00621979,-0.00005391,0.00149681,0.00450808,-0.00024165,-0.00229974,16:04:57..660,,,,
16:04:57..743,5.99375691,-0.000886,-0.00029081,0.00021566,0.00621945,-0.00005462,0.00149591,0.0045079,-0.00024162,-0.00229999,16:04:57..741,,,,
16:04:57..776,6.20061651,-0.000872,-0.00029049,0.00021629,0.00622008,-0.00005463,0.00149629,0.00450684,-0.00024131,-0.00230007,16:04:57..786,,,,
16:04:57..858,6.07132926,-0.000872,-0.00029069,0.00021639,0.00621988,-0.0000544,0.00149622,0.00450627,-0.00024107,-0.00229967,16:04:57..856,,,,
16:04:57..891,5.93687052,-0.00087,-0.00029077,0.00021632,0.00621929,-0.00005441,0.00149638,0.0045076,-0.00024101,-0.00229959,16:04:57..899,,,,
16:04:57..930,6.14890161,-0.000886,-0.0002904,0.00021595,0.00621956,-0.00005528,0.0014965,0.00450784,-0.00024119,-0.00229954,16:04:57..970,,,,
16:04:57..980,6.02995734,-0.000886,-0.00029025,0.00021653,0.00621957,-0.00005411,0.00149616,0.00450729,-0.00024134,-0.00229985,16:04:57..970,,,,
16:04:58..013,5.93169903,-0.0009,-0.00029008,0.00021608,0.0062181,-0.00005458,0.00149643,0.00450769,-0.0002413,-0.00230022,16:04:58..017,,,,
16:04:58..056,6.06615777,-0.000911,-0.00029035,0.00021638,0.00621784,-0.00005431,0.00149636,0.00450734,-0.00024139,-0.00229979,16:04:58..076,,,,
16:04:58..089,6.05581479,-0.000911,-0.00029016,0.00021638,0.00621807,-0.00005496,0.00149643,0.00450797,-0.0002411,-0.00229973,16:04:58..076,,,,
16:04:58..123,5.94204201,-0.000941,-0.00029,0.00021653,0.00621932,-0.00005481,0.00149663,0.00450753,-0.00024142,-0.00230013,16:04:58..121,,,,
16:04:58..196,5.9989284,-0.000941,-0.00029114,0.00021572,0.00621965,-0.00005436,0.00149641,0.00450744,-0.0002412,-0.0022994,16:04:58..163,,,,
16:04:58..228,6.04030032,-0.000953,-0.00029043,0.00021641,0.00622105,-0.00005488,0.00149614,0.00450801,-0.00024097,-0.0022994,16:04:58..240,,,,
16:04:58..263,6.01444287,-0.000953,-0.00029065,0.00021633,0.00622117,-0.0000538,0.00149621,0.00450691,-0.00024131,-0.00229956,16:04:58..240,,,,
16:04:58..294,5.91618456,-0.000964,-0.00029055,0.00021605,0.00622134,-0.00005459,0.00149629,0.00450703,-0.00024144,-0.00229984,16:04:58..283,,,,
16:04:58..328,5.97824244,-0.000972,-0.00029071,0.00021607,0.00621983,-0.00005452,0.00149615,0.00450807,-0.00024086,-0.00229978,16:04:58..359,,,,
16:04:58..399,6.02478585,-0.000972,-0.00029047,0.00021603,0.00622051,-0.0000545,0.00149594,0.00450717,-0.00024114,-0.00229959,16:04:58..359,,,,
16:04:58..431,6.01444287,-0.001019,-0.00029055,0.00021612,0.00622246,-0.0000542,0.00149588,0.00450811,-0.00024096,-0.00229993,16:04:58..446,,,,
16:04:58..497,6.01444287,-0.001019,-0.00029016,0.00021598,0.00622222,-0.00005464,0.00149632,0.00450811,-0.000241,-0.00229944,16:04:58..495,,,,
16:04:58..528,6.01444287,-0.001042,-0.0002904,0.00021594,0.00622219,-0.00005517,0.00149619,0.00450778,-0.00024144,-0.00229908,16:04:58..539,,,,
16:04:58..574,6.02478585,-0.001047,-0.00029084,0.00021586,0.00622156,-0.0000546,0.00149627,0.00450699,-0.0002411,-0.00229953,16:04:58..613,,,,
16:04:58..622,6.01961436,-0.001047,-0.00029063,0.00021593,0.00622071,-0.00005505,0.00149608,0.00450756,-0.00024107,-0.0022993,16:04:58..613,,,,
16:04:58..657,5.98858542,-0.001036,-0.00029062,0.00021587,0.00622227,-0.00005528,0.0014963,0.00450759,-0.00024123,-0.00229986,16:04:58..656,,,,
16:04:58..725,5.96789946,-0.001036,-0.00029016,0.00021604,0.00622219,-0.0000544,0.00149661,0.00450771,-0.0002411,-0.00229964,16:04:58..699,,,,
16:04:58..756,6.00409989,-0.000981,-0.00029037,0.00021615,0.00622023,-0.00005437,0.0014965,0.00450712,-0.0002413,-0.00229964,16:04:58..786,,,,
16:04:58..811,6.02995734,-0.000981,-0.00029047,0.00021605,0.00622098,-0.00005482,0.00149606,0.00450703,-0.0002414,-0.00229977,16:04:58..786,,,,
16:04:58..843,6.00409989,-0.000922,-0.00029034,0.00021584,0.00621959,-0.00005541,0.00149616,0.00450706,-0.00024161,-0.00230006,16:04:58..831,,,,
16:04:58..915,6.00927138,-0.000922,-0.00029062,0.00021607,0.00622011,-0.00005465,0.00149614,0.00450726,-0.00024158,-0.00230008,16:04:58..875,,,,
16:04:58..947,5.98858542,-0.000854,-0.00029035,0.00021556,0.00621868,-0.00005471,0.00149594,0.00450742,-0.00024141,-0.00229997,16:04:58..961,,,,
16:04:59..030,6.01961436,-0.000854,-0.00029049,0.00021596,0.00621885,-0.00005503,0.00149619,0.00450742,-0.0002417,-0.00229968,16:04:59..027,,,,
16:04:59..062,5.98341393,-0.00084,-0.00029046,0.00021593,0.00621927,-0.00005471,0.00149634,0.0045063,-0.0002417,-0.00229994,16:04:59..071,,,,
16:04:59..142,5.9989284,-0.00084,-0.0002908,0.00021605,0.00621899,-0.00005543,0.00149585,0.00450691,-0.00024138,-0.00230007,16:04:59..140,,,,
16:04:59..174,6.02995734,-0.000857,-0.00029069,0.00021598,0.00622009,-0.00005526,0.00149644,0.00450722,-0.00024124,-0.00229884,16:04:59..183,,,,
16:04:59..249,5.96272797,-0.000857,-0.00029068,0.00021622,0.0062195,-0.0000551,0.0014958,0.0045073,-0.00024165,-0.00229914,16:04:59..246,,,,
16:04:59..281,6.02995734,-0.000839,-0.00029059,0.00021585,0.00622065,-0.00005463,0.00149594,0.00450708,-0.00024184,-0.00229984,16:04:59..290,,,,
16:04:59..345,6.01444287,-0.000839,-0.00029031,0.00021583,0.006221,-0.00005543,0.00149594,0.00450664,-0.0002412,-0.00229937,16:04:59..371,,,,
16:04:59..379,5.98858542,-0.000839,-0.00029053,0.00021554,0.00622065,-0.00005486,0.00149585,0.00450695,-0.00024157,-0.00229937,16:04:59..371,,,,
16:04:59..412,6.02478585,-0.000781,-0.00029014,0.00021585,0.00622071,-0.000055,0.00149583,0.00450739,-0.00024142,-0.00229971,16:04:59..414,,,,
16:04:59..488,6.05581479,-0.000781,-0.00029045,0.00021633,0.00622047,-0.00005517,0.00149642,0.00450723,-0.00024113,-0.00229921,16:04:59..487,,,,
16:04:59..520,5.97824244,-0.000781,-0.00029043,0.00021562,0.00622116,-0.00005507,0.00149589,0.00450656,-0.0002416,-0.00229983,16:04:59..530,,,,
16:04:59..569,5.97824244,-0.000775,-0.00029079,0.00021575,0.00622151,-0.00005542,0.00149593,0.00450641,-0.00024175,-0.00229965,16:04:59..593,,,,
16:04:59..600,6.02995734,-0.000775,-0.00029061,0.00021567,0.00622143,-0.00005526,0.00149584,0.00450646,-0.00024142,-0.00229963,16:04:59..593,,,,
16:04:59..635,6.00409989,-0.000831,-0.00029084,0.000216,0.00621993,-0.00005573,0.001496,0.00450672,-0.00024132,-0.00229897,16:04:59..637,,,,
16:04:59..710,5.99375691,-0.000831,-0.00029047,0.00021578,0.00622046,-0.00005459,0.00149591,0.00450627,-0.00024154,-0.00229931,16:04:59..709,,,,
16:04:59..745,5.9989284,-0.000762,-0.00029088,0.00021584,0.00621896,-0.00005525,0.00149635,0.00450655,-0.0002419,-0.00230021,16:04:59..752,,,,
16:04:59..830,6.0506433,-0.000762,-0.00029064,0.00021576,0.00621931,-0.00005557,0.0014955,0.00450675,-0.00024166,-0.0023,16:04:59..830,,,,
16:04:59..864,5.96272797,-0.000641,-0.00029037,0.00021557,0.00622063,-0.00005591,0.0014958,0.00450646,-0.00024193,-0.00229954,16:04:59..875,,,,
16:04:59..966,5.97824244,-0.000641,-0.00029058,0.00021573,0.00622079,-0.00005489,0.00149598,0.00450637,-0.00024138,-0.00229966,16:04:59..964,,,,
16:04:59..997,5.97307095,-0.000527,-0.00029028,0.00021605,0.00622157,-0.00005498,0.0014958,0.00450714,-0.00024135,-0.00229964,16:05:00..007,,,,
16:05:00..050,6.00409989,-0.000474,-0.00029054,0.00021537,0.00622167,-0.00005599,0.00149573,0.00450726,-0.00024187,-0.00229928,16:05:00..088,,,,
16:05:00..097,5.9989284,-0.000474,-0.00029067,0.00021567,0.00622168,-0.00005526,0.00149573,0.00450709,-0.00024201,-0.00229942,16:05:00..088,,,,
16:05:00..131,5.98858542,-0.000378,-0.00029102,0.00021516,0.00622166,-0.00005581,0.00149534,0.00450648,-0.00024183,-0.00230016,16:05:00..197,,,,
16:05:00..247,6.02478585,-0.000378,-0.00029065,0.00021603,0.00622235,-0.0000556,0.00149557,0.00450696,-0.00024146,-0.00230005,16:05:00..245,,,,
16:05:00..278,5.98858542,-0.000356,-0.0002907,0.00021588,0.00622231,-0.00005515,0.00149544,0.00450719,-0.00024163,-0.0022991,16:05:00..288,,,,
16:05:00..315,5.94204201,-0.000356,-0.00029054,0.00021538,0.00622193,-0.00005594,0.00149581,0.00450773,-0.0002418,-0.00229957,16:05:00..373,,,,
16:05:00..379,6.00409989,-0.000356,-0.00029052,0.00021582,0.00622164,-0.00005529,0.00149595,0.00450757,-0.00024207,-0.0022993,16:05:00..373,,,,
16:05:00..413,5.9989284,-0.000363,-0.0002911,0.00021574,0.00622133,-0.00005579,0.00149529,0.00450715,-0.00024169,-0.00230065,16:05:00..418,,,,
16:05:00..446,5.95755648,-0.000332,-0.00029066,0.00021565,0.00622225,-0.00005568,0.00149545,0.00450669,-0.00024184,-0.00229998,16:05:00..498,,,,
16:05:00..529,5.95238499,-0.000332,-0.00029118,0.00021557,0.00622195,-0.00005525,0.00149571,0.00450649,-0.00024171,-0.00230004,16:05:00..498,,,,
16:05:00..561,5.9989284,-0.000258,-0.00029016,0.00021531,0.00622213,-0.00005531,0.00149541,0.00450665,-0.00024175,-0.00229937,16:05:00..587,,,,
16:05:00..649,6.02995734,-0.000258,-0.00029022,0.00021535,0.00622182,-0.00005598,0.00149571,0.00450695,-0.00024154,-0.00229981,16:05:00..646,,,,
16:05:00..679,6.01444287,-0.000266,-0.00029084,0.00021577,0.00622151,-0.00005597,0.00149511,0.00450659,-0.00024148,-0.00229952,16:05:00..689,,,,
16:05:00..722,5.96789946,-0.000286,-0.00029062,0.00021576,0.00622216,-0.00005565,0.00149538,0.00450706,-0.0002419,-0.00229951,16:05:00..760,,,,
16:05:00..767,6.01961436,-0.000286,-0.00029054,0.00021511,0.00622171,-0.00005551,0.00149539,0.00450713,-0.00024105,-0.00229944,16:05:00..760,,,,
16:05:00..800,6.08167224,-0.000386,-0.00029053,0.00021547,0.00622209,-0.00005541,0.00149554,0.00450656,-0.00024149,-0.00229977,16:05:00..806,,,,
16:05:00..864,5.9989284,-0.000386,-0.00029102,0.00021536,0.00622195,-0.00005571,0.00149534,0.00450675,-0.00024185,-0.00229991,16:05:00..903,,,,
16:05:00..922,5.97307095,-0.000386,-0.0002908,0.0002153,0.00622225,-0.00005578,0.00149539,0.00450647,-0.00024193,-0.00230038,16:05:00..903,,,,
16:05:00..956,6.03512883,-0.00047,-0.00029117,0.00021564,0.00622129,-0.00005622,0.00149538,0.00450731,-0.00024176,-0.00230061,16:05:00..989,,,,
16:05:01..050,6.03512883,-0.00047,-0.00029097,0.00021558,0.00622105,-0.00005608,0.0014951,0.00450712,-0.00024198,-0.0023002,16:05:01..049,,,,
16:05:01..082,6.05581479,-0.000494,-0.00029109,0.00021534,0.00622202,-0.00005611,0.00149526,0.00450738,-0.00024216,-0.00229949,16:05:01..091,,,,
16:05:01..121,5.96789946,-0.000511,-0.00029084,0.00021582,0.00622198,-0.00005535,0.00149499,0.00450709,-0.00024195,-0.00229974,16:05:01..137,,,,
16:05:01..154,6.01444287,-0.000511,-0.00029052,0.00021569,0.00622275,-0.00005577,0.00149534,0.00450734,-0.00024187,-0.00229913,16:05:01..137,,,,
16:05:01..188,6.03512883,-0.000488,-0.00029081,0.00021556,0.00622089,-0.00005573,0.00149527,0.0045071,-0.00024172,-0.00229951,16:05:01..239,,,,
16:05:01..290,6.00409989,-0.000488,-0.00029074,0.00021506,0.00622157,-0.00005617,0.00149535,0.00450692,-0.00024165,-0.00229972,16:05:01..288,,,,
16:05:01..323,6.01444287,-0.000435,-0.000291,0.00021521,0.00622253,-0.00005589,0.00149509,0.00450648,-0.0002415,-0.00229924,16:05:01..331,,,,
16:05:01..362,5.98858542,-0.00039,-0.00029084,0.00021479,0.00622242,-0.00005609,0.00149528,0.00450674,-0.00024178,-0.00229926,16:05:01..418,,,,
16:05:01..433,6.01444287,-0.00039,-0.00029089,0.00021499,0.00622198,-0.00005619,0.00149501,0.00450614,-0.00024228,-0.00229929,16:05:01..418,,,,
16:05:01..464,6.00409989,-0.000336,-0.00029079,0.00021533,0.0062226,-0.00005621,0.00149523,0.00450521,-0.00024212,-0.0022997,16:05:01..503,,,,
16:05:01..557,5.96789946,-0.000336,-0.00029075,0.00021533,0.00622306,-0.00005557,0.00149513,0.00450536,-0.00024192,-0.00230006,16:05:01..554,,,,
16:05:01..588,6.03512883,-0.000324,-0.000291,0.00021484,0.00622195,-0.00005659,0.00149487,0.00450588,-0.00024243,-0.00230043,16:05:01..595,,,,
16:05:01..652,5.97824244,-0.000324,-0.00029086,0.00021541,0.00622194,-0.00005598,0.00149501,0.00450571,-0.00024159,-0.00230016,16:05:01..650,,,,
16:05:01..686,5.92652754,-0.00032,-0.00029077,0.000215,0.00622211,-0.00005602,0.00149505,0.0045053,-0.00024199,-0.00229944,16:05:01..694,,,,
16:05:01..728,5.94204201,-0.00032,-0.00029105,0.00021482,0.00622199,-0.00005591,0.00149485,0.0045054,-0.00024165,-0.0022994,16:05:01..777,,,,
16:05:01..783,6.00927138,-0.00032,-0.00029074,0.000215,0.00622208,-0.00005641,0.00149512,0.00450493,-0.00024199,-0.00229901,16:05:01..777,,,,
16:05:01..816,5.9989284,-0.000317,-0.0002909,0.00021462,0.00621951,-0.00005589,0.00149446,0.00450637,-0.00024243,-0.00229856,16:05:01..822,,,,
16:05:01..851,5.92135605,-0.000323,-0.00029092,0.00021462,0.00622094,-0.00005625,0.00149479,0.00450593,-0.00024232,-0.00229971,16:05:01..886,,,,
16:05:01..920,5.96272797,-0.000323,-0.00029091,0.00021449,0.00622025,-0.00005663,0.00149501,0.00450561,-0.0002419,-0.00229956,16:05:01..886,,,,
16:05:01..953,5.98341393,-0.000358,-0.00029084,0.00021469,0.00622069,-0.00005647,0.00149512,0.00450475,-0.00024224,-0.00229932,16:05:01..974,,,,
16:05:01..987,5.99375691,-0.000398,-0.00029098,0.00021491,0.00622095,-0.00005599,0.001495,0.00450535,-0.00024224,-0.00229909,16:05:02..029,,,,
16:05:02..036,5.96789946,-0.000398,-0.00029043,0.0002151,0.00622082,-0.00005626,0.0014949,0.00450573,-0.00024174,-0.00229877,16:05:02..029,,,,
16:05:02..069,5.97307095,-0.000527,-0.00029108,0.00021521,0.00622151,-0.00005594,0.0014943,0.00450473,-0.00024232,-0.00229952,16:05:02..029,,,,
16:05:02..126,5.93687052,-0.000527,-0.00029064,0.00021456,0.00622068,-0.00005669,0.00149486,0.00450536,-0.00024189,-0.00229911,16:05:02..127,,,,
16:05:02..157,5.95238499,-0.000582,-0.00029077,0.0002148,0.00621992,-0.00005615,0.00149519,0.00450475,-0.00024182,-0.00229976,16:05:02..171,,,,
16:05:02..198,5.97824244,-0.000635,-0.00029091,0.0002149,0.00621964,-0.00005715,0.0014943,0.00450412,-0.00024256,-0.0023001,16:05:02..215,,,,
16:05:02..229,5.93687052,-0.00067,-0.00029083,0.00021482,0.00622038,-0.0000561,0.00149509,0.00450569,-0.00024218,-0.00229949,16:05:02..264,,,,
16:05:02..332,5.98341393,-0.00067,-0.000291,0.00021471,0.0062197,-0.00005621,0.00149513,0.00450539,-0.00024203,-0.00229988,16:05:02..331,,,,
16:05:02..365,5.91618456,-0.000754,-0.00029103,0.00021463,0.00622027,-0.00005639,0.00149503,0.00450622,-0.00024219,-0.00229964,16:05:02..375,,,,
16:05:02..456,5.91101307,-0.000754,-0.00029086,0.00021494,0.00621981,-0.00005659,0.00149466,0.00450614,-0.00024217,-0.00229967,16:05:02..453,,,,
16:05:02..488,5.98341393,-0.000861,-0.00029091,0.00021458,0.00622078,-0.00005667,0.00149455,0.00450563,-0.00024187,-0.00229949,16:05:02..497,,,,
16:05:02..541,5.95238499,-0.00089,-0.00029109,0.0002149,0.00622108,-0.00005594,0.0014948,0.00450533,-0.00024158,-0.00229969,16:05:02..568,,,,
16:05:02..574,5.91618456,-0.00089,-0.00029082,0.0002149,0.0062217,-0.00005639,0.00149481,0.00450507,-0.00024194,-0.00229946,16:05:02..568,,,,
16:05:02..608,5.90584158,-0.000871,-0.00029123,0.00021493,0.00622056,-0.00005674,0.00149421,0.00450512,-0.00024219,-0.00229944,16:05:02..610,,,,
16:05:02..644,5.98858542,-0.000869,-0.00029107,0.00021485,0.00622088,-0.00005635,0.00149458,0.00450529,-0.00024214,-0.00229974,16:05:02..682,,,,
16:05:02..693,5.91101307,-0.000869,-0.00029092,0.00021503,0.00622031,-0.00005699,0.00149437,0.00450518,-0.00024202,-0.00229979,16:05:02..682,,,,
16:05:02..726,5.94204201,-0.000876,-0.00029072,0.00021494,0.00622087,-0.00005653,0.00149458,0.00450512,-0.00024237,-0.00229881,16:05:02..767,,,,
16:05:02..805,5.93687052,-0.000876,-0.00029107,0.00021529,0.00622057,-0.00005701,0.00149443,0.00450454,-0.00024233,-0.0022997,16:05:02..767,,,,
16:05:02..836,5.93687052,-0.000927,-0.00029106,0.00021461,0.00622137,-0.00005613,0.00149451,0.00450514,-0.00024233,-0.00229931,16:05:02..855,,,,
16:05:02..882,5.9472135,-0.000944,-0.00029082,0.00021488,0.00622165,-0.00005635,0.0014949,0.00450501,-0.00024267,-0.00229924,16:05:02..898,,,,
16:05:02..913,5.94204201,-0.000964,-0.00029093,0.00021499,0.00622109,-0.00005655,0.00149459,0.00450557,-0.00024232,-0.0022991,16:05:02..898,,,,
16:05:02..964,5.90584158,-0.000964,-0.00029117,0.00021468,0.00622066,-0.00005675,0.00149425,0.00450516,-0.00024253,-0.00229922,16:05:02..942,,,,
16:05:02..997,5.90584158,-0.001049,-0.00029129,0.00021481,0.00621986,-0.00005693,0.00149441,0.00450467,-0.0002425,-0.00229923,16:05:03..029,,,,
16:05:03..100,5.8954986,-0.001049,-0.00029117,0.00021499,0.00622053,-0.00005669,0.00149438,0.00450461,-0.00024236,-0.00229942,16:05:03..098,,,,
16:05:03..132,5.92652754,-0.001145,-0.00029093,0.00021506,0.00622213,-0.00005642,0.00149394,0.00450474,-0.00024258,-0.00229959,16:05:03..143,,,,
16:05:03..221,5.93687052,-0.001145,-0.0002912,0.0002146,0.00622178,-0.0000571,0.00149393,0.00450531,-0.00024236,-0.00229928,16:05:03..219,,,,
16:05:03..252,5.9472135,-0.00118,-0.00029137,0.00021442,0.00622131,-0.00005699,0.00149415,0.00450468,-0.00024249,-0.00229916,16:05:03..263,,,,
16:05:03..292,5.91101307,-0.00118,-0.00029129,0.00021454,0.0062212,-0.00005649,0.00149375,0.00450474,-0.00024242,-0.0022994,16:05:03..263,,,,
16:05:03..324,5.87998413,-0.001195,-0.00029129,0.00021454,0.00622105,-0.00005635,0.00149402,0.00450464,-0.0002425,-0.00229944,16:05:03..353,,,,
16:05:03..384,5.93169903,-0.001195,-0.00029097,0.00021471,0.00622114,-0.00005717,0.00149449,0.00450506,-0.00024254,-0.00229952,16:05:03..353,,,,
16:05:03..415,5.93687052,-0.001148,-0.000291,0.00021472,0.00622104,-0.00005637,0.00149433,0.00450456,-0.00024235,-0.00229879,16:05:03..437,,,,
16:05:03..465,5.95238499,-0.001148,-0.00029122,0.00021475,0.0062205,-0.00005652,0.00149404,0.00450536,-0.00024237,-0.00229951,16:05:03..437,,,,
16:05:03..497,5.8954986,-0.001101,-0.00029137,0.00021429,0.00622046,-0.00005687,0.00149403,0.00450574,-0.00024204,-0.00229922,16:05:03..516,,,,
16:05:03..551,5.89032711,-0.001061,-0.00029096,0.0002141,0.00622123,-0.00005625,0.00149425,0.00450533,-0.0002426,-0.00229921,16:05:03..590,,,,
16:05:03..602,5.92135605,-0.001061,-0.00029134,0.00021444,0.00622115,-0.00005687,0.00149464,0.0045049,-0.00024261,-0.00229945,16:05:03..590,,,,
16:05:03..635,5.90067009,-0.000976,-0.00029109,0.00021434,0.00622078,-0.00005718,0.00149379,0.00450389,-0.00024266,-0.00229932,16:05:03..677,,,,
16:05:03..711,5.85412668,-0.000976,-0.00029134,0.00021468,0.00622032,-0.00005687,0.00149435,0.00450383,-0.00024222,-0.00229988,16:05:03..677,,,,
16:05:03..743,5.9472135,-0.000984,-0.00029105,0.00021467,0.00622157,-0.00005638,0.00149385,0.00450482,-0.00024244,-0.00229981,16:05:03..766,,,,
16:05:03..781,5.92652754,-0.000976,-0.0002911,0.00021507,0.00622071,-0.00005716,0.00149367,0.00450512,-0.00024262,-0.0022998,16:05:03..809,,,,
16:05:03..812,5.93687052,-0.000976,-0.00029145,0.00021493,0.00622119,-0.00005677,0.00149378,0.00450547,-0.00024243,-0.0022998,16:05:03..809,,,,
16:05:03..846,5.90067009,-0.000987,-0.00029125,0.00021462,0.00622247,-0.00005672,0.00149389,0.00450464,-0.00024238,-0.00229906,16:05:03..844,,,,
16:05:03..913,5.86446966,-0.000987,-0.00029151,0.00021452,0.00622184,-0.00005712,0.00149374,0.004504,-0.00024287,-0.00229932,16:05:03..887,,,,
16:05:03..945,5.94204201,-0.000984,-0.00029111,0.00021466,0.00621915,-0.00005664,0.0014935,0.00450542,-0.00024257,-0.00229975,16:05:03..975,,,,
16:05:04..048,5.91101307,-0.000984,-0.00029151,0.00021464,0.00621866,-0.00005729,0.00149335,0.00450462,-0.00024263,-0.0022998,16:05:04..046,,,,
16:05:04..080,5.86964115,-0.001041,-0.00029168,0.00021433,0.00621981,-0.0000568,0.00149381,0.00450429,-0.00024263,-0.00230007,16:05:04..135,,,,
16:05:04..182,5.87481264,-0.001041,-0.00029124,0.00021469,0.00622012,-0.00005625,0.00149357,0.0045047,-0.00024206,-0.00229989,16:05:04..180,,,,
16:05:04..214,5.92135605,-0.001076,-0.00029157,0.00021443,0.00621917,-0.00005694,0.00149328,0.00450401,-0.00024239,-0.00230001,16:05:04..223,,,,
16:05:04..261,5.85412668,-0.001127,-0.00029168,0.0002147,0.00621894,-0.00005638,0.00149347,0.00450486,-0.00024256,-0.00230029,16:05:04..265,,,,
16:05:04..309,5.89032711,-0.001127,-0.00029151,0.0002145,0.00621907,-0.00005692,0.00149325,0.00450455,-0.00024282,-0.00229971,16:05:04..265,,,,
16:05:04..342,5.93687052,-0.001168,-0.00029147,0.00021525,0.00622089,-0.00005684,0.00149381,0.00450494,-0.00024255,-0.00229948,16:05:04..354,,,,
16:05:04..394,5.86964115,-0.001148,-0.00029132,0.0002145,0.00622125,-0.00005699,0.00149347,0.00450465,-0.00024236,-0.00229976,16:05:04..450,,,,
16:05:04..457,5.87998413,-0.001148,-0.00029107,0.00021465,0.00622074,-0.00005687,0.00149364,0.00450471,-0.00024239,-0.00229981,16:05:04..450,,,,
16:05:04..490,5.83861221,-0.001103,-0.00029102,0.00021447,0.00622045,-0.00005707,0.00149353,0.00450518,-0.00024227,-0.00229993,16:05:04..494,,,,
16:05:04..627,5.9472135,-0.001103,-0.00029119,0.00021458,0.00622086,-0.00005689,0.00149355,0.00450558,-0.00024249,-0.0023002,16:05:04..624,,,,
16:05:04..660,5.87998413,-0.001149,-0.00029157,0.00021505,0.00622144,-0.00005655,0.00149385,0.00450438,-0.00024251,-0.00230044,16:05:04..666,,,,
16:05:04..693,5.91618456,-0.001155,-0.00029213,0.00021458,0.00622021,-0.00005728,0.00149323,0.00450448,-0.00024277,-0.00230027,16:05:04..761,,,,
16:05:04..768,5.89032711,-0.001155,-0.00029121,0.00021409,0.00622061,-0.00005661,0.00149349,0.00450472,-0.00024229,-0.00230094,16:05:04..761,,,,
16:05:04..804,5.81275476,-0.001149,-0.00029151,0.00021462,0.00621982,-0.00005717,0.00149298,0.00450368,-0.00024262,-0.00230005,16:05:04..804,,,,
16:05:04..849,5.85929817,-0.001187,-0.0002917,0.00021428,0.00621986,-0.00005652,0.00149316,0.00450388,-0.00024308,-0.00230029,16:05:04..899,,,,
16:05:04..908,5.93687052,-0.001187,-0.00029169,0.0002143,0.00622045,-0.00005746,0.00149297,0.004504,-0.00024244,-0.00230021,16:05:04..899,,,,
16:05:04..939,5.84895519,-0.001228,-0.00029178,0.00021447,0.00622092,-0.00005722,0.00149324,0.00450465,-0.00024327,-0.00229995,16:05:04..941,,,,
16:05:04..974,5.91618456,-0.001243,-0.00029137,0.00021447,0.00622034,-0.00005716,0.00149334,0.0045041,-0.00024272,-0.00229994,16:05:04..941,,,,
16:05:05..028,5.85929817,-0.001243,-0.00029158,0.00021443,0.00622071,-0.00005704,0.00149319,0.00450374,-0.00024312,-0.00230007,16:05:05..070,,,,
16:05:05..080,5.80758327,-0.001243,-0.00029168,0.0002147,0.00622042,-0.00005702,0.00149322,0.00450395,-0.00024244,-0.00230015,16:05:05..070,,,,
16:05:05..114,5.87481264,-0.001294,-0.00029205,0.00021418,0.00622011,-0.00005693,0.00149303,0.00450418,-0.00024242,-0.00230016,16:05:05..115,,,,
16:05:05..176,5.85412668,-0.001294,-0.00029221,0.00021414,0.00622046,-0.00005719,0.00149343,0.00450364,-0.00024296,-0.00230045,16:05:05..217,,,,
16:05:05..225,5.85929817,-0.001294,-0.00029168,0.000214,0.00622063,-0.00005737,0.00149292,0.00450414,-0.00024271,-0.00230041,16:05:05..217,,,,
16:05:05..257,5.87998413,-0.001429,-0.00029179,0.00021417,0.00622061,-0.00005695,0.00149303,0.00450381,-0.00024271,-0.00229991,16:05:05..260,,,,
16:05:05..372,5.87998413,-0.001429,-0.00029171,0.00021444,0.00622079,-0.00005735,0.00149293,0.00450388,-0.00024269,-0.00229993,16:05:05..369,,,,
16:05:05..404,5.88515562,-0.001484,-0.00029175,0.00021453,0.00622081,-0.00005688,0.00149325,0.00450318,-0.00024241,-0.00229985,16:05:05..411,,,,
16:05:05..470,5.87481264,-0.001484,-0.00029165,0.00021454,0.00622111,-0.00005689,0.00149316,0.00450344,-0.00024267,-0.00229958,16:05:05..511,,,,
16:05:05..517,5.88515562,-0.001484,-0.00029143,0.0002144,0.00622108,-0.00005708,0.00149347,0.00450351,-0.0002423,-0.00230014,16:05:05..511,,,,
16:05:05..550,5.75586837,-0.001272,-0.000292,0.00021413,0.0062194,-0.00005704,0.00149319,0.00450285,-0.00024293,-0.00230008,16:05:05..553,,,,
16:05:05..641,5.80758327,-0.001272,-0.00029172,0.0002145,0.00622028,-0.00005682,0.00149286,0.00450243,-0.0002428,-0.00230034,16:05:05..638,,,,
16:05:05..672,5.86446966,-0.001215,-0.00029243,0.00021406,0.00622162,-0.00005713,0.00149319,0.00450393,-0.00024325,-0.00229976,16:05:05..722,,,,
16:05:05..767,5.86446966,-0.001203,-0.0002922,0.00021413,0.00622174,-0.00005704,0.00149323,0.00450393,-0.0002434,-0.00229994,16:05:05..765,,,,
16:05:05..798,5.82826923,-0.001202,-0.00029208,0.00021417,0.00622022,-0.00005655,0.00149324,0.00450287,-0.00024238,-0.00229997,16:05:05..810,,,,
16:05:05..844,5.80241178,-0.001184,-0.00029235,0.00021444,0.00622068,-0.00005727,0.00149258,0.0045029,-0.00024278,-0.0022996,16:05:05..879,,,,
16:05:05..893,5.87998413,-0.001184,-0.00029209,0.00021421,0.00622014,-0.00005621,0.0014932,0.00450231,-0.00024325,-0.00230012,16:05:05..879,,,,
16:05:05..927,5.83344072,-0.001051,-0.00029191,0.00021495,0.00621995,-0.00005725,0.00149319,0.00450353,-0.00024262,-0.00229991,16:05:05..962,,,,
16:05:06..064,5.82826923,-0.001051,-0.00029225,0.0002144,0.00621937,-0.00005663,0.00149292,0.0045038,-0.0002433,-0.00229985,16:05:06..061,,,,
16:05:06..095,5.82309774,-0.000939,-0.00029182,0.00021468,0.00621996,-0.00005701,0.00149313,0.00450305,-0.00024268,-0.00229942,16:05:06..104,,,,
16:05:06..187,5.86964115,-0.000939,-0.00029221,0.00021382,0.0062192,-0.00005749,0.00149312,0.00450298,-0.00024305,-0.00230014,16:05:06..185,,,,
16:05:06..218,5.84895519,-0.00088,-0.00029217,0.00021373,0.00621933,-0.00005691,0.00149335,0.00450476,-0.00024292,-0.00229965,16:05:06..229,,,,
16:05:06..256,5.81792625,-0.00088,-0.00029212,0.00021377,0.00621938,-0.00005682,0.00149279,0.00450432,-0.00024303,-0.00229975,16:05:06..284,,,,
16:05:06..293,5.77655433,-0.00088,-0.00029216,0.00021417,0.00621986,-0.0000571,0.00149313,0.00450543,-0.00024291,-0.00229912,16:05:06..284,,,,
16:05:06..326,5.84895519,-0.000797,-0.00029214,0.00021425,0.00622093,-0.0000567,0.00149283,0.00450449,-0.00024285,-0.0022993,16:05:06..331,,,,
16:05:06..361,5.85929817,-0.000797,-0.00029229,0.00021458,0.00622069,-0.0000575,0.0014928,0.00450385,-0.00024312,-0.00229945,16:05:06..399,,,,
16:05:06..439,5.8954986,-0.000797,-0.00029214,0.00021416,0.00622155,-0.00005698,0.0014926,0.00450373,-0.00024292,-0.00229974,16:05:06..399,,,,
16:05:06..471,5.82309774,-0.000727,-0.00029209,0.00021402,0.00622043,-0.00005721,0.00149254,0.00450319,-0.00024325,-0.00230099,16:05:06..486,,,,
16:05:06..549,5.87998413,-0.000727,-0.00029223,0.00021421,0.00622072,-0.00005755,0.00149255,0.00450293,-0.00024286,-0.00230008,16:05:06..546,,,,
16:05:06..582,5.88515562,-0.000746,-0.00029213,0.00021436,0.00622041,-0.00005725,0.00149267,0.00450386,-0.00024337,-0.00230048,16:05:06..590,,,,
16:05:06..681,5.90067009,-0.000746,-0.00029216,0.00021438,0.00622007,-0.00005731,0.00149288,0.00450421,-0.00024321,-0.00229999,16:05:06..679,,,,
16:05:06..713,5.77138284,-0.000779,-0.00029253,0.00021362,0.00622041,-0.00005764,0.00149227,0.00450366,-0.00024338,-0.00229994,16:05:06..723,,,,
16:05:06..810,5.78689731,-0.000779,-0.0002926,0.00021416,0.00621985,-0.00005731,0.00149228,0.00450329,-0.00024314,-0.00230036,16:05:06..808,,,,
16:05:06..841,5.89032711,-0.000858,-0.00029235,0.00021426,0.00622058,-0.00005762,0.0014927,0.00450447,-0.00024338,-0.00229979,16:05:06..851,,,,
16:05:06..958,5.87481264,-0.000858,-0.00029261,0.00021407,0.00622118,-0.00005735,0.00149199,0.00450381,-0.00024355,-0.00229982,16:05:06..955,,,,
16:05:06..991,5.82309774,-0.001067,-0.00029276,0.00021421,0.00621808,-0.00005747,0.00149235,0.00450334,-0.00024359,-0.00230023,16:05:06..998,,,,
16:05:07..095,5.83861221,-0.001067,-0.00029253,0.00021421,0.00621917,-0.00005736,0.00149221,0.00450357,-0.00024358,-0.0023007,16:05:07..092,,,,
16:05:07..127,5.83344072,-0.001165,-0.00029211,0.00021457,0.00622038,-0.000057,0.00149266,0.00450367,-0.00024322,-0.00230039,16:05:07..136,,,,
16:05:07..183,5.80758327,-0.001204,-0.00029256,0.0002147,0.00622074,-0.00005781,0.00149286,0.00450417,-0.00024332,-0.00230027,16:05:07..233,,,,
16:05:07..249,5.84895519,-0.001204,-0.0002925,0.00021428,0.00622024,-0.00005744,0.00149229,0.00450304,-0.00024319,-0.00230026,16:05:07..233,,,,
16:05:07..282,5.86446966,-0.001236,-0.00029282,0.00021414,0.00622004,-0.00005742,0.00149266,0.00450385,-0.000243,-0.00230059,16:05:07..324,,,,
16:05:07..380,5.8437837,-0.001236,-0.00029256,0.00021439,0.00622056,-0.0000568,0.00149227,0.00450383,-0.0002438,-0.00230053,16:05:07..377,,,,
16:05:07..411,5.80758327,-0.001208,-0.00029222,0.00021425,0.00622152,-0.00005759,0.00149283,0.00450401,-0.00024342,-0.00230049,16:05:07..419,,,,
16:05:07..509,5.81275476,-0.001208,-0.00029254,0.00021438,0.00622101,-0.00005786,0.00149241,0.00450299,-0.00024362,-0.00230083,16:05:07..506,,,,
16:05:07..541,5.81792625,-0.00116,-0.00029231,0.00021412,0.00622076,-0.00005819,0.00149207,0.00450288,-0.00024354,-0.00230074,16:05:07..549,,,,
16:05:07..590,5.8437837,-0.00116,-0.00029248,0.0002143,0.00622056,-0.00005742,0.00149219,0.00450247,-0.0002435,-0.00230079,16:05:07..549,,,,
16:05:07..622,5.81792625,-0.001107,-0.00029249,0.00021443,0.006222,-0.00005764,0.00149229,0.00450313,-0.00024336,-0.00230063,16:05:07..627,,,,
16:05:07..656,5.85929817,-0.001087,-0.0002922,0.00021438,0.00622105,-0.00005753,0.00149223,0.00450381,-0.00024374,-0.0023006,16:05:07..672,,,,
16:05:07..764,5.86446966,-0.001087,-0.00029241,0.00021462,0.00622115,-0.0000573,0.00149224,0.00450329,-0.00024355,-0.00230089,16:05:07..762,,,,
16:05:07..795,5.96789946,-0.000974,-0.00029281,0.0002146,0.00622108,-0.00005746,0.00149197,0.00450262,-0.00024334,-0.00230002,16:05:07..805,,,,
16:05:07..900,5.77138284,-0.000974,-0.0002925,0.00021418,0.00622135,-0.00005804,0.00149176,0.00450292,-0.00024384,-0.00230065,16:05:07..898,,,,
16:05:07..932,5.95238499,-0.000937,-0.00029286,0.00021386,0.00622055,-0.00005776,0.00149201,0.00450375,-0.0002437,-0.00230067,16:05:07..944,,,,
16:05:07..973,5.8437837,-0.00095,-0.0002926,0.00021397,0.00621966,-0.00005775,0.00149185,0.00450399,-0.00024342,-0.00230034,16:05:08..030,,,,
16:05:08..041,5.77655433,-0.00095,-0.00029239,0.00021384,0.00621964,-0.0000576,0.00149192,0.00450332,-0.00024347,-0.00230015,16:05:08..030,,,,
16:05:08..075,5.87481264,-0.000917,-0.00029272,0.00021402,0.00622143,-0.00005804,0.00149195,0.0045029,-0.00024313,-0.00230079,16:05:08..073,,,,
16:05:08..157,5.81275476,-0.000917,-0.0002928,0.00021428,0.00622108,-0.00005772,0.00149178,0.00450314,-0.00024364,-0.00230066,16:05:08..115,,,,
16:05:08..189,5.86964115,-0.000864,-0.00029268,0.00021402,0.00622105,-0.00005732,0.00149219,0.00450252,-0.00024355,-0.00230044,16:05:08..203,,,,
16:05:08..236,5.88515562,-0.000797,-0.00029253,0.00021425,0.00622104,-0.00005787,0.00149236,0.00450357,-0.0002435,-0.00230072,16:05:08..294,,,,
16:05:08..304,5.86446966,-0.000797,-0.00029293,0.00021447,0.00622119,-0.00005743,0.00149212,0.00450291,-0.00024386,-0.00230069,16:05:08..294,,,,
16:05:08..337,5.83861221,-0.000584,-0.0002922,0.00021429,0.00622203,-0.0000572,0.00149223,0.00450392,-0.00024295,-0.00230028,16:05:08..338,,,,
16:05:08..385,5.83344072,-0.000584,-0.00029283,0.00021406,0.00622217,-0.00005775,0.00149229,0.00450339,-0.00024342,-0.00230014,16:05:08..439,,,,
16:05:08..447,5.83344072,-0.000584,-0.00029247,0.00021434,0.00622269,-0.00005758,0.001492,0.00450349,-0.00024327,-0.00229969,16:05:08..439,,,,
16:05:08..479,5.95755648,-0.000476,-0.00029296,0.00021398,0.00622223,-0.00005805,0.00149173,0.00450282,-0.00024351,-0.00230079,16:05:08..485,,,,
16:05:08..513,5.5852092,-0.000422,-0.00029311,0.00021377,0.00622253,-0.00005731,0.00149205,0.00450345,-0.00024422,-0.00230116,16:05:08..545,,,,
16:05:08..602,5.64209559,-0.000422,-0.00029303,0.00021437,0.00622296,-0.00005781,0.00149211,0.00450355,-0.00024382,-0.0023011,16:05:08..600,,,,
16:05:08..633,5.65243857,-0.000436,-0.00029321,0.00021396,0.0062241,-0.00005819,0.00149143,0.00450362,-0.00024348,-0.00230015,16:05:08..645,,,,
16:05:08..745,5.9989284,-0.000436,-0.0002932,0.0002143,0.00622328,-0.00005739,0.00149163,0.00450354,-0.0002436,-0.00229994,16:05:08..742,,,,
16:05:08..777,5.95238499,-0.000523,-0.00029328,0.00021411,0.00622122,-0.00005793,0.00149145,0.00450348,-0.00024353,-0.00229978,16:05:08..786,,,,
16:05:08..858,5.65761006,-0.000523,-0.00029342,0.00021406,0.00622157,-0.00005769,0.00149159,0.00450296,-0.00024348,-0.00230058,16:05:08..855,,,,
16:05:08..891,6.07132926,-0.000557,-0.00029292,0.00021346,0.00622144,-0.00005775,0.00149161,0.00450315,-0.00024363,-0.00230034,16:05:08..898,,,,
16:05:08..924,6.01961436,-0.000576,-0.00029318,0.00021375,0.00622171,-0.00005782,0.0014918,0.00450293,-0.0002439,-0.00230032,16:05:08..966,,,,
16:05:08..974,5.79724029,-0.000576,-0.00029299,0.00021416,0.0062217,-0.0000577,0.00149171,0.00450233,-0.00024352,-0.00230007,16:05:08..966,,,,
16:05:09..008,5.55935175,-0.000606,-0.00029269,0.00021405,0.00622079,-0.00005743,0.00149212,0.00450391,-0.00024324,-0.00230039,16:05:09..011,,,,
16:05:09..073,6.47987697,-0.000606,-0.00029316,0.00021418,0.00622116,-0.00005793,0.00149178,0.00450376,-0.00024344,-0.00230017,16:05:09..011,,,,
16:05:09..104,5.37317811,-0.000625,-0.00029253,0.00021411,0.00622229,-0.00005779,0.00149185,0.00450409,-0.00024313,-0.00229983,16:05:09..118,,,,
16:05:09..192,5.61623814,-0.000625,-0.00029317,0.00021409,0.00622221,-0.00005799,0.00149184,0.00450337,-0.00024361,-0.00230048,16:05:09..191,,,,
16:05:09..225,5.44557897,-0.000605,-0.00029246,0.0002146,0.00622205,-0.00005753,0.00149179,0.00450293,-0.00024373,-0.00230049,16:05:09..234,,,,
16:05:09..285,5.37317811,-0.000605,-0.00029263,0.00021401,0.00622108,-0.00005814,0.00149157,0.0045027,-0.00024401,-0.00230044,16:05:09..304,,,,
16:05:09..316,6.07132926,-0.000604,-0.00029274,0.00021404,0.00622185,-0.00005768,0.00149198,0.00450219,-0.00024333,-0.00229959,16:05:09..304,,,,
16:05:09..398,5.95238499,-0.000604,-0.00029281,0.00021435,0.00622172,-0.00005793,0.00149169,0.00450226,-0.00024374,-0.00230029,16:05:09..396,,,,
16:05:09..430,6.04030032,-0.0006,-0.00029281,0.00021418,0.00622052,-0.00005809,0.00149106,0.00450318,-0.00024377,-0.00230007,16:05:09..439,,,,
16:05:09..488,6.02478585,-0.0006,-0.00029327,0.00021401,0.00622073,-0.00005787,0.00149154,0.00450283,-0.00024369,-0.00229973,16:05:09..527,,,,
16:05:09..541,5.57486622,-0.0006,-0.00029294,0.00021386,0.00622081,-0.0000579,0.0014912,0.00450327,-0.00024383,-0.00229999,16:05:09..527,,,,
16:05:09..575,5.86964115,-0.000615,-0.0002929,0.00021402,0.0062202,-0.00005716,0.00149159,0.00450322,-0.00024409,-0.00230018,16:05:09..572,,,,
16:05:09..669,5.73001092,-0.000615,-0.00029328,0.00021401,0.0062203,-0.00005778,0.00149158,0.00450252,-0.00024326,-0.00230062,16:05:09..669,,,,
16:05:09..701,5.93687052,-0.000631,-0.00029308,0.00021417,0.00622295,-0.00005826,0.0014915,0.00450316,-0.00024404,-0.00230027,16:05:09..712,,,,
16:05:09..795,5.86964115,-0.000631,-0.00029315,0.00021381,0.00622219,-0.00005777,0.00149143,0.00450344,-0.00024359,-0.00230066,16:05:09..792,,,,
16:05:09..826,5.85412668,-0.000619,-0.00029292,0.00021436,0.00622222,-0.000058,0.00149212,0.00450303,-0.00024375,-0.00230069,16:05:09..836,,,,
16:05:09..867,5.83861221,-0.000631,-0.00029298,0.00021412,0.00622308,-0.00005763,0.00149182,0.00450339,-0.0002437,-0.00230025,16:05:09..920,,,,
16:05:09..932,5.76103986,-0.000631,-0.00029325,0.0002142,0.00622307,-0.00005808,0.00149111,0.00450327,-0.00024402,-0.00230024,16:05:09..920,,,,
16:05:09..965,5.8437837,-0.000577,-0.00029323,0.00021408,0.0062219,-0.00005766,0.00149135,0.00450283,-0.00024367,-0.00230029,16:05:09..966,,,,
16:05:10..008,5.78689731,-0.000577,-0.0002928,0.00021387,0.00622205,-0.00005803,0.0014916,0.00450337,-0.00024337,-0.00230053,16:05:10..062,,,,
16:05:10..071,5.88515562,-0.000577,-0.00029299,0.00021402,0.00622171,-0.00005763,0.00149178,0.00450305,-0.00024408,-0.00230037,16:05:10..062,,,,
16:05:10..105,5.87481264,-0.00063,-0.00029343,0.00021368,0.00622187,-0.00005763,0.00149117,0.00450319,-0.00024381,-0.00230052,16:05:10..107,,,,
16:05:10..139,5.85929817,-0.000762,-0.00029325,0.00021414,0.00622187,-0.0000578,0.00149151,0.00450339,-0.00024369,-0.00230067,16:05:10..168,,,,
16:05:10..222,5.79724029,-0.000762,-0.00029318,0.00021374,0.00622235,-0.000058,0.00149145,0.00450334,-0.00024395,-0.00230067,16:05:10..220,,,,
16:05:10..255,5.80758327,-0.000764,-0.00029302,0.00021435,0.00622111,-0.00005762,0.00149171,0.00450303,-0.00024373,-0.00230069,16:05:10..263,,,,
16:05:10..404,5.82826923,-0.000764,-0.00029316,0.00021377,0.00622153,-0.00005736,0.00149141,0.00450313,-0.00024353,-0.00230101,16:05:10..401,,,,
16:05:10..437,5.82309774,-0.000718,-0.00029297,0.00021385,0.0062209,-0.00005777,0.00149119,0.00450295,-0.00024375,-0.00230042,16:05:10..480,,,,
16:05:10..558,5.82826923,-0.000718,-0.00029343,0.00021389,0.00622101,-0.00005801,0.00149123,0.00450347,-0.00024346,-0.00230035,16:05:10..480,,,,
16:05:10..589,5.85929817,-0.000714,-0.00029311,0.00021377,0.00622205,-0.00005773,0.00149111,0.00450346,-0.00024357,-0.00230002,16:05:10..603,,,,
16:05:10..680,5.80758327,-0.000714,-0.00029341,0.00021386,0.00622214,-0.00005793,0.00149169,0.00450342,-0.00024362,-0.00230056,16:05:10..677,,,,
16:05:10..712,5.81792625,-0.000711,-0.00029316,0.00021344,0.00622187,-0.00005757,0.0014916,0.00450338,-0.00024376,-0.00230027,16:05:10..719,,,,
16:05:10..757,5.82309774,-0.000706,-0.00029348,0.00021376,0.00622257,-0.00005752,0.00149162,0.00450329,-0.0002441,-0.00230037,16:05:10..798,,,,
16:05:10..807,5.80758327,-0.000706,-0.00029359,0.00021361,0.00622193,-0.00005779,0.00149119,0.00450274,-0.00024403,-0.00230045,16:05:10..798,,,,
16:05:10..840,5.82309774,-0.000698,-0.00029351,0.00021364,0.00622339,-0.00005847,0.00149115,0.00450152,-0.00024404,-0.00230074,16:05:10..841,,,,
16:05:10..892,5.80758327,-0.000698,-0.00029328,0.00021401,0.00622242,-0.0000577,0.00149119,0.00450179,-0.00024364,-0.00230079,16:05:10..961,,,,
16:05:10..968,5.81792625,-0.000698,-0.00029308,0.00021359,0.00622266,-0.00005772,0.00149125,0.00450207,-0.00024409,-0.00230073,16:05:10..961,,,,
16:05:11..001,5.8437837,-0.000677,-0.00029342,0.00021353,0.00622105,-0.00005774,0.00149126,0.0045027,-0.00024374,-0.00230011,16:05:11..006,,,,
16:05:11..083,5.86446966,-0.000677,-0.00029314,0.00021396,0.00622109,-0.00005785,0.00149175,0.00450237,-0.00024372,-0.00230036,16:05:11..081,,,,
16:05:11..115,5.8437837,-0.000736,-0.00029321,0.00021363,0.00622149,-0.00005799,0.00149164,0.00450242,-0.00024384,-0.00230045,16:05:11..115,,,,
16:05:11..177,5.85929817,-0.000736,-0.00029371,0.00021394,0.00622134,-0.00005723,0.00149165,0.00450225,-0.00024443,-0.00230027,16:05:11..157,,,,
16:05:11..207,5.73518241,-0.000845,-0.00029366,0.00021397,0.00622243,-0.0000575,0.00149139,0.00450198,-0.00024401,-0.00230068,16:05:11..247,,,,
16:05:11..295,5.92652754,-0.000845,-0.00029359,0.00021375,0.00622204,-0.00005808,0.00149153,0.00450203,-0.00024375,-0.00230116,16:05:11..292,,,,
16:05:11..327,5.75069688,-0.000871,-0.00029429,0.00021382,0.00622018,-0.00005813,0.0014913,0.00450247,-0.00024441,-0.00230078,16:05:11..335,,,,
16:05:11..360,5.87481264,-0.000903,-0.00029373,0.00021334,0.0062202,-0.00005783,0.00149107,0.00450231,-0.00024425,-0.00230043,16:05:11..395,,,,
16:05:11..432,5.85412668,-0.000903,-0.00029363,0.00021374,0.00622033,-0.00005827,0.00149123,0.0045032,-0.00024393,-0.00230117,16:05:11..395,,,,
16:05:11..466,5.78689731,-0.000909,-0.00029361,0.00021365,0.00621971,-0.0000576,0.00149169,0.00450244,-0.00024414,-0.00230103,16:05:11..482,,,,
16:05:11..512,5.86446966,-0.00087,-0.00029333,0.00021359,0.00621967,-0.00005847,0.00149141,0.00450247,-0.00024381,-0.00230096,16:05:11..555,,,,
16:05:11..568,5.86446966,-0.00087,-0.00029374,0.00021374,0.00622025,-0.00005752,0.00149144,0.00450219,-0.0002445,-0.00230061,16:05:11..555,,,,
16:05:11..602,5.79724029,-0.000749,-0.00029386,0.00021381,0.00622374,-0.00005783,0.00149126,0.00450192,-0.00024449,-0.0023012,16:05:11..645,,,,
16:05:11..676,5.85412668,-0.000749,-0.00029348,0.00021359,0.00622476,-0.0000577,0.00149126,0.0045022,-0.000244,-0.00230066,16:05:11..645,,,,
16:05:11..709,5.77655433,-0.000695,-0.00029352,0.00021407,0.00622306,-0.00005794,0.00149126,0.00450291,-0.00024381,-0.00230027,16:05:11..733,,,,
16:05:11..757,5.81792625,-0.000693,-0.00029345,0.0002138,0.006223,-0.00005788,0.00149136,0.00450249,-0.00024421,-0.00230031,16:05:11..801,,,,
16:05:11..810,5.80758327,-0.000693,-0.00029383,0.00021328,0.00622233,-0.00005775,0.00149105,0.00450202,-0.00024386,-0.00230102,16:05:11..801,,,,
16:05:11..844,5.81792625,-0.000716,-0.00029347,0.00021375,0.00622341,-0.0000575,0.00149122,0.0045025,-0.00024419,-0.00230016,16:05:11..846,,,,
16:05:11..880,5.78172582,-0.000739,-0.00029343,0.00021388,0.00622337,-0.00005809,0.00149103,0.0045025,-0.00024402,-0.00230001,16:05:11..927,,,,
16:05:11..936,5.84895519,-0.000739,-0.00029368,0.00021384,0.0062232,-0.00005772,0.00149135,0.00450224,-0.00024396,-0.00230059,16:05:11..927,,,,
16:05:11..969,5.81275476,-0.000804,-0.00029389,0.00021385,0.00622223,-0.0000576,0.00149163,0.00450235,-0.00024397,-0.00230073,16:05:11..971,,,,
16:05:12..003,5.81792625,-0.000811,-0.0002939,0.00021359,0.00622222,-0.00005817,0.0014909,0.0045023,-0.0002441,-0.00230091,16:05:11..971,,,,
16:05:12..036,5.83861221,-0.000825,-0.00029334,0.00021387,0.00622272,-0.00005757,0.00149125,0.00450299,-0.00024396,-0.00230089,16:05:12..013,,,,
16:05:12..092,5.80758327,-0.000825,-0.00029381,0.00021339,0.0062233,-0.0000583,0.00149075,0.00450263,-0.00024434,-0.00230093,16:05:12..057,,,,
16:05:12..123,5.85929817,-0.00082,-0.00029386,0.00021367,0.00622053,-0.00005773,0.00149092,0.00450191,-0.00024425,-0.00230055,16:05:12..101,,,,
16:05:12..157,5.78172582,-0.00082,-0.00029381,0.00021393,0.00622163,-0.00005782,0.00149104,0.00450252,-0.0002446,-0.0023013,16:05:12..188,,,,
16:05:12..224,5.80758327,-0.00082,-0.00029383,0.00021377,0.00622183,-0.00005799,0.0014909,0.00450278,-0.0002442,-0.00230135,16:05:12..188,,,,
16:05:12..259,5.78172582,-0.000799,-0.00029387,0.00021388,0.00622251,-0.00005756,0.00149104,0.00450295,-0.00024424,-0.00230068,16:05:12..264,,,,
16:05:12..305,5.8437837,-0.000792,-0.00029336,0.00021367,0.00622281,-0.00005819,0.0014907,0.0045034,-0.00024404,-0.0023015,16:05:12..357,,,,
16:05:12..374,5.78172582,-0.000792,-0.00029382,0.00021351,0.00622294,-0.00005761,0.00149129,0.00450315,-0.0002433,-0.00230117,16:05:12..357,,,,
16:05:12..409,5.86964115,-0.000838,-0.00029374,0.00021359,0.00622316,-0.0000581,0.00149102,0.00450227,-0.0002438,-0.00230103,16:05:12..444,,,,
16:05:12..497,5.7920688,-0.000838,-0.00029383,0.00021375,0.00622292,-0.00005784,0.00149082,0.00450177,-0.00024431,-0.0023015,16:05:12..494,,,,
16:05:12..530,5.77138284,-0.000804,-0.00029412,0.000214,0.00622235,-0.00005771,0.00149113,0.00450165,-0.00024421,-0.00230157,16:05:12..539,,,,
16:05:12..613,5.82826923,-0.000804,-0.00029411,0.00021366,0.00622201,-0.00005861,0.00149061,0.0045024,-0.00024438,-0.00230134,16:05:12..610,,,,
16:05:12..645,5.8437837,-0.000775,-0.00029409,0.00021357,0.00622291,-0.00005844,0.00149109,0.00450258,-0.00024433,-0.00230096,16:05:12..652,,,,
16:05:12..749,5.86446966,-0.000775,-0.00029391,0.00021401,0.00622298,-0.00005806,0.00149141,0.00450273,-0.00024421,-0.00230098,16:05:12..746,,,,
16:05:12..780,5.81792625,-0.000753,-0.00029438,0.00021363,0.00622191,-0.00005809,0.00149078,0.00450179,-0.0002444,-0.00230104,16:05:12..789,,,,
16:05:12..935,5.7920688,-0.000753,-0.0002943,0.00021313,0.00622219,-0.00005821,0.00149103,0.00450217,-0.00024387,-0.00230129,16:05:12..932,,,,
16:05:12..969,5.82309774,-0.00068,-0.00029414,0.00021365,0.00622258,-0.00005826,0.001491,0.00450296,-0.00024407,-0.00230102,16:05:12..978,,,,
16:05:13..060,5.7920688,-0.00068,-0.00029396,0.00021354,0.00622315,-0.000058,0.0014914,0.00450279,-0.00024395,-0.00230108,16:05:13..059,,,,
16:05:13..094,5.85929817,-0.000602,-0.00029431,0.00021372,0.00622219,-0.0000583,0.00149083,0.00450347,-0.00024413,-0.00230141,16:05:13..104,,,,
16:05:13..139,5.85929817,-0.000602,-0.00029408,0.00021399,0.00622214,-0.00005775,0.00149119,0.00450315,-0.00024443,-0.00230143,16:05:13..175,,,,
16:05:13..181,5.77138284,-0.000602,-0.00029417,0.00021368,0.00622141,-0.00005819,0.00149114,0.00450313,-0.00024424,-0.00230148,16:05:13..175,,,,
16:05:13..213,5.77655433,-0.000582,-0.00029412,0.0002137,0.00622184,-0.00005797,0.00149066,0.00450322,-0.0002443,-0.00230133,16:05:13..217,,,,
16:05:13..259,5.83344072,-0.000577,-0.00029399,0.00021404,0.00622173,-0.00005802,0.00149143,0.00450271,-0.00024422,-0.00230107,16:05:13..324,,,,
16:05:13..337,5.86446966,-0.000577,-0.00029431,0.00021383,0.00622169,-0.00005827,0.00149094,0.00450315,-0.00024421,-0.00230138,16:05:13..324,,,,
16:05:13..370,5.84895519,-0.000668,-0.00029434,0.00021384,0.00622195,-0.00005792,0.00149107,0.00450253,-0.00024428,-0.0023008,16:05:13..412,,,,
16:05:13..474,5.84895519,-0.000668,-0.00029397,0.00021333,0.0062223,-0.00005818,0.00149084,0.00450275,-0.00024387,-0.00230128,16:05:13..478,,,,
16:05:13..506,5.83861221,-0.00076,-0.00029447,0.00021386,0.00622144,-0.00005853,0.00149066,0.00450272,-0.00024402,-0.00230153,16:05:13..523,,,,
16:05:13..591,5.81275476,-0.00076,-0.00029417,0.00021408,0.00622157,-0.00005777,0.00149117,0.0045024,-0.00024426,-0.00230134,16:05:13..588,,,,
16:05:13..624,5.77138284,-0.000856,-0.0002943,0.00021394,0.00622241,-0.00005803,0.00149046,0.00450209,-0.00024438,-0.00230159,16:05:13..633,,,,
16:05:13..720,5.8437837,-0.000856,-0.00029373,0.00021394,0.00622282,-0.0000586,0.00149054,0.00450241,-0.00024442,-0.0023012,16:05:13..717,,,,
16:05:13..752,5.85412668,-0.000955,-0.00029414,0.00021338,0.00622121,-0.00005809,0.00149061,0.00450221,-0.00024456,-0.00230183,16:05:13..761,,,,
16:05:13..790,5.81792625,-0.001036,-0.00029445,0.00021373,0.00622122,-0.00005842,0.00149029,0.00450204,-0.00024441,-0.00230175,16:05:13..836,,,,
16:05:13..849,5.83344072,-0.001036,-0.00029437,0.00021392,0.00622164,-0.00005776,0.0014905,0.00450215,-0.00024395,-0.0023016,16:05:13..836,,,,
16:05:13..882,5.8437837,-0.001287,-0.00029449,0.00021307,0.00622276,-0.00005876,0.00149078,0.00450276,-0.00024436,-0.00230184,16:05:13..941,,,,
16:05:14..013,5.85929817,-0.001287,-0.00029419,0.00021371,0.00622267,-0.00005783,0.00149088,0.00450281,-0.00024403,-0.00230216,16:05:14..011,,,,
16:05:14..045,5.81792625,-0.001454,-0.00029405,0.00021344,0.00622258,-0.00005865,0.00149077,0.00450203,-0.00024414,-0.00230127,16:05:14..057,,,,
16:05:14..141,5.85412668,-0.001454,-0.00029441,0.0002135,0.00622307,-0.00005791,0.00149073,0.0045026,-0.00024413,-0.00230143,16:05:14..139,,,,
16:05:14..174,5.81275476,-0.001505,-0.00029412,0.00021394,0.00622333,-0.00005819,0.00149061,0.00450257,-0.00024433,-0.00230186,16:05:14..182,,,,
16:05:14..218,5.80758327,-0.00152,-0.00029402,0.00021369,0.00622367,-0.00005838,0.00149027,0.00450215,-0.0002444,-0.00230169,16:05:14..254,,,,
16:05:14..264,5.79724029,-0.00152,-0.00029429,0.00021397,0.00622396,-0.00005843,0.00149068,0.0045027,-0.00024473,-0.00230199,16:05:14..254,,,,
16:05:14..298,5.83861221,-0.001598,-0.00029428,0.00021365,0.00622318,-0.00005749,0.00149079,0.0045031,-0.00024389,-0.00230127,16:05:14..299,,,,
16:05:14..361,5.8437837,-0.001598,-0.00029451,0.00021339,0.00622284,-0.00005833,0.00149091,0.00450285,-0.0002447,-0.00230157,16:05:14..360,,,,
16:05:14..393,5.83344072,-0.001716,-0.00029419,0.00021333,0.0062228,-0.00005771,0.00149109,0.00450294,-0.00024421,-0.00230147,16:05:14..404,,,,
16:05:14..447,5.78689731,-0.001771,-0.0002944,0.00021335,0.0062229,-0.00005861,0.00149082,0.00450338,-0.00024392,-0.00230068,16:05:14..502,,,,
16:05:14..516,5.7920688,-0.001771,-0.00029432,0.00021383,0.00622263,-0.00005767,0.00149063,0.00450335,-0.00024448,-0.00230078,16:05:14..502,,,,
16:05:14..549,5.81792625,-0.001799,-0.00029444,0.00021342,0.0062234,-0.00005863,0.00149091,0.00450229,-0.0002441,-0.0023016,16:05:14..612,,,,
16:05:14..655,5.80758327,-0.001724,-0.0002941,0.00021335,0.00622262,-0.00005784,0.00149078,0.00450213,-0.00024415,-0.00230197,16:05:14..655,,,,
16:05:14..686,5.77655433,-0.001686,-0.00029442,0.00021329,0.00622189,-0.00005817,0.0014906,0.00450203,-0.00024439,-0.00230198,16:05:14..697,,,,
16:05:14..771,5.80758327,-0.001686,-0.00029425,0.00021385,0.00622242,-0.00005859,0.00149097,0.00450221,-0.00024415,-0.00230211,16:05:14..769,,,,
16:05:14..803,5.7920688,-0.001596,-0.00029439,0.00021374,0.00622277,-0.00005839,0.00149059,0.00450246,-0.00024465,-0.00230162,16:05:14..812,,,,
16:05:14..837,5.82826923,-0.001596,-0.00029411,0.00021331,0.00622264,-0.00005838,0.00149061,0.00450294,-0.00024497,-0.00230106,16:05:14..812,,,,
16:05:14..871,5.78689731,-0.001497,-0.00029452,0.00021346,0.00622315,-0.00005817,0.00149052,0.00450279,-0.00024472,-0.00230155,16:05:14..893,,,,
16:05:14..951,5.7920688,-0.001497,-0.00029448,0.00021365,0.0062229,-0.00005824,0.00149099,0.00450238,-0.00024397,-0.00230175,16:05:14..949,,,,
16:05:14..982,5.75069688,-0.001424,-0.00029443,0.00021308,0.006222,-0.00005821,0.00149085,0.00450227,-0.00024449,-0.0023019,16:05:14..993,,,,
16:05:15..079,5.78689731,-0.001424,-0.00029434,0.00021351,0.00622225,-0.00005838,0.00149087,0.00450236,-0.00024413,-0.00230169,16:05:15..076,,,,
16:05:15..111,5.83344072,-0.001333,-0.00029395,0.00021368,0.00622244,-0.00005822,0.00149089,0.00450237,-0.0002448,-0.00230172,16:05:15..122,,,,
16:05:15..179,5.76621135,-0.001333,-0.00029435,0.00021379,0.00622225,-0.00005891,0.00149055,0.00450235,-0.00024456,-0.00230187,16:05:15..176,,,,
16:05:15..211,5.73001092,-0.001239,-0.00029442,0.00021362,0.00622257,-0.0000581,0.00149012,0.00450232,-0.00024428,-0.00230181,16:05:15..218,,,,
16:05:15..268,5.76103986,-0.001239,-0.00029473,0.00021332,0.00622166,-0.00005826,0.00149026,0.00450212,-0.00024438,-0.00230188,16:05:15..265,,,,
16:05:15..300,5.77138284,-0.001171,-0.00029444,0.00021381,0.0062227,-0.00005854,0.00149053,0.00450282,-0.00024435,-0.00230234,16:05:15..308,,,,
16:05:15..358,5.77138284,-0.001171,-0.00029402,0.00021332,0.00622274,-0.00005785,0.00149068,0.00450347,-0.00024457,-0.00230125,16:05:15..308,,,,
16:05:15..390,5.77655433,-0.001174,-0.0002941,0.00021355,0.0062244,-0.00005813,0.00149115,0.00450298,-0.00024432,-0.00230154,16:05:15..404,,,,
16:05:15..447,5.76103986,-0.001174,-0.00029392,0.00021325,0.00622431,-0.00005869,0.0014904,0.00450261,-0.00024404,-0.00230119,16:05:15..443,,,,
16:05:15..478,5.73001092,-0.001175,-0.00029414,0.00021371,0.0062241,-0.00005858,0.00149059,0.00450243,-0.00024468,-0.0023013,16:05:15..486,,,,
16:05:15..575,5.77138284,-0.001175,-0.00029423,0.00021311,0.0062248,-0.00005814,0.00149105,0.00450252,-0.00024459,-0.00230113,16:05:15..572,,,,
16:05:15..608,5.71449645,-0.001115,-0.00029457,0.00021331,0.0062233,-0.00005845,0.00149027,0.00450162,-0.00024439,-0.00230153,16:05:15..614,,,,
16:05:15..681,5.73518241,-0.001115,-0.00029448,0.00021333,0.00622341,-0.000058,0.00149089,0.00450165,-0.00024505,-0.00230159,16:05:15..678,,,,
16:05:15..713,5.78172582,-0.001116,-0.00029431,0.0002134,0.00622421,-0.00005852,0.00149026,0.00450241,-0.00024453,-0.0023016,16:05:15..721,,,,
16:05:15..759,5.81275476,-0.001134,-0.00029475,0.00021371,0.00622403,-0.00005821,0.00149037,0.0045021,-0.00024468,-0.00230185,16:05:15..816,,,,
16:05:15..825,5.75586837,-0.001134,-0.00029459,0.0002133,0.00622376,-0.00005844,0.0014904,0.00450257,-0.00024461,-0.00230183,16:05:15..816,,,,
16:05:15..858,5.74552539,-0.001241,-0.00029388,0.00021335,0.00622439,-0.0000583,0.00149117,0.00450275,-0.00024477,-0.00230232,16:05:15..865,,,,
16:05:15..941,5.70932496,-0.001241,-0.00029422,0.00021329,0.00622437,-0.00005858,0.00149108,0.00450283,-0.0002441,-0.00230227,16:05:15..940,,,,
16:05:15..973,5.72483943,-0.001372,-0.0002942,0.00021341,0.00622387,-0.00005856,0.00149051,0.00450236,-0.00024444,-0.00230249,16:05:15..984,,,,
16:05:16..089,5.75069688,-0.001372,-0.00029417,0.00021325,0.00622416,-0.0000582,0.00149068,0.00450215,-0.00024437,-0.0023019,16:05:16..154,,,,
16:05:16..168,5.7403539,-0.001372,-0.00029422,0.00021265,0.00622408,-0.00005841,0.00149066,0.00450189,-0.00024434,-0.00230216,16:05:16..154,,,,
16:05:16..203,5.67829602,-0.001513,-0.00029439,0.00021314,0.00622385,-0.00005842,0.00149026,0.00450144,-0.00024463,-0.00230156,16:05:16..241,,,,
16:05:16..373,5.74552539,-0.001513,-0.00029461,0.0002134,0.00622361,-0.00005845,0.00149016,0.00450217,-0.00024454,-0.00230184,16:05:16..371,,,,
16:05:16..405,5.69898198,-0.001591,-0.00029449,0.00021359,0.0062236,-0.00005818,0.0014911,0.00450158,-0.00024456,-0.00230092,16:05:16..371,,,,
16:05:16..485,5.688639,-0.001591,-0.00029425,0.00021346,0.00622348,-0.0000585,0.00149056,0.00450198,-0.00024471,-0.002301,16:05:16..530,,,,
16:05:16..536,5.70932496,-0.001591,-0.0002945,0.00021333,0.00622366,-0.0000588,0.00149059,0.00450214,-0.00024463,-0.00230087,16:05:16..530,,,,
16:05:16..571,5.73001092,-0.001743,-0.00029478,0.00021323,0.00622448,-0.00005842,0.00149013,0.00450206,-0.00024469,-0.00230183,16:05:16..572,,,,
16:05:16..677,5.688639,-0.001743,-0.00029453,0.00021288,0.00622618,-0.0000585,0.00149048,0.00450177,-0.00024492,-0.00230167,16:05:16..675,,,,
16:05:16..709,5.73518241,-0.001791,-0.00029433,0.00021304,0.00622284,-0.00005819,0.00149022,0.00450189,-0.00024434,-0.00230172,16:05:16..675,,,,
16:05:16..804,5.75586837,-0.001791,-0.00029458,0.00021307,0.00622234,-0.0000587,0.00149027,0.00450192,-0.00024443,-0.00230135,16:05:16..870,,,,
16:05:16..876,5.66278155,-0.001791,-0.00029432,0.00021298,0.0062228,-0.00005828,0.00149045,0.00450182,-0.00024496,-0.00230133,16:05:16..870,,,,
16:05:16..910,5.70415347,-0.001655,-0.00029451,0.00021311,0.00622364,-0.00005859,0.0014902,0.00450215,-0.00024433,-0.00230158,16:05:16..915,,,,
16:05:17..000,5.78172582,-0.001655,-0.00029434,0.000213,0.00622336,-0.00005845,0.00149058,0.0045022,-0.00024455,-0.00230135,16:05:17..044,,,,
16:05:17..052,5.61623814,-0.001655,-0.00029434,0.00021324,0.00622323,-0.00005848,0.00149036,0.00450281,-0.00024475,-0.00230144,16:05:17..044,,,,
16:05:17..084,5.61106665,-0.001628,-0.00029468,0.00021305,0.00622355,-0.00005868,0.00149001,0.00450204,-0.00024433,-0.00230161,16:05:17..088,,,,
16:05:17..179,5.70415347,-0.001628,-0.00029457,0.00021317,0.00622421,-0.00005789,0.00149051,0.00450208,-0.00024405,-0.0023014,16:05:17..219,,,,
16:05:17..249,5.67829602,-0.001628,-0.00029454,0.00021328,0.00622309,-0.00005864,0.00149059,0.00450176,-0.00024457,-0.00230165,16:05:17..219,,,,
16:05:17..284,5.67312453,-0.00159,-0.00029461,0.00021271,0.00622278,-0.00005856,0.00149006,0.00450157,-0.00024429,-0.00230215,16:05:17..265,,,,
16:05:17..350,5.69898198,-0.001573,-0.00029425,0.00021271,0.00622269,-0.00005879,0.00149035,0.00450154,-0.00024439,-0.00230165,16:05:17..417,,,,
16:05:17..426,5.688639,-0.001573,-0.00029456,0.00021306,0.00622183,-0.00005865,0.00148944,0.00450136,-0.00024468,-0.00230155,16:05:17..417,,,,
16:05:17..459,5.71966794,-0.001536,-0.00029425,0.00021283,0.00622397,-0.00005859,0.00149037,0.00450181,-0.00024454,-0.00230184,16:05:17..462,,,,
16:05:17..520,5.67829602,-0.001536,-0.00029422,0.00021318,0.00622433,-0.00005868,0.00149019,0.00450207,-0.0002452,-0.00230208,16:05:17..572,,,,
16:05:17..582,5.60589516,-0.001536,-0.00029411,0.0002128,0.0062241,-0.00005848,0.00149007,0.00450194,-0.00024511,-0.00230199,16:05:17..572,,,,
16:05:17..614,5.66278155,-0.001555,-0.00029475,0.00021252,0.00622367,-0.00005864,0.00149061,0.00450153,-0.00024485,-0.00230174,16:05:17..678,,,,
16:05:17..720,5.67312453,-0.001555,-0.0002946,0.00021293,0.0062234,-0.00005816,0.00149035,0.00450194,-0.00024469,-0.00230177,16:05:17..719,,,,
16:05:17..754,5.64726708,-0.001632,-0.00029429,0.00021327,0.00622355,-0.00005843,0.00149049,0.00450191,-0.00024426,-0.00230126,16:05:17..764,,,,
16:05:17..858,5.5852092,-0.001632,-0.00029442,0.00021301,0.00622304,-0.00005829,0.00148998,0.0045016,-0.00024464,-0.00230101,16:05:17..856,,,,
16:05:17..891,5.73518241,-0.001818,-0.00029458,0.00021286,0.00622303,-0.00005851,0.00149035,0.00450187,-0.00024473,-0.00230077,16:05:17..901,,,,
16:05:18..010,5.64209559,-0.001818,-0.00029453,0.00021301,0.00622251,-0.00005859,0.00149007,0.00450167,-0.00024492,-0.00230151,16:05:18..006,,,,
16:05:18..041,5.64726708,-0.001807,-0.00029474,0.00021289,0.00622141,-0.00005886,0.00148972,0.00450192,-0.0002453,-0.00230154,16:05:18..049,,,,
16:05:18..137,5.60589516,-0.001807,-0.00029429,0.00021297,0.00622246,-0.00005836,0.00148981,0.00450177,-0.00024506,-0.00230172,16:05:18..134,,,,
16:05:18..170,5.68346751,-0.001753,-0.00029427,0.0002124,0.00622167,-0.00005863,0.00149007,0.0045021,-0.00024489,-0.00230183,16:05:18..177,,,,
16:05:18..264,5.61106665,-0.001753,-0.00029465,0.00021264,0.00622255,-0.00005908,0.00149012,0.00450226,-0.00024465,-0.0023017,16:05:18..261,,,,
16:05:18..295,5.66278155,-0.001672,-0.00029452,0.00021254,0.00622153,-0.00005806,0.00148999,0.00450219,-0.00024477,-0.00230142,16:05:18..261,,,,
16:05:18..413,5.65243857,-0.001672,-0.0002948,0.00021245,0.00622233,-0.0000587,0.00149047,0.00450248,-0.00024483,-0.0023021,16:05:18..447,,,,
16:05:18..459,5.61106665,-0.001672,-0.00029483,0.0002126,0.00622246,-0.0000587,0.00148991,0.00450246,-0.00024437,-0.00230144,16:05:18..447,,,,
16:05:18..494,5.57486622,-0.001591,-0.0002947,0.0002127,0.00622237,-0.00005863,0.00148987,0.00450203,-0.00024496,-0.00230137,16:05:18..536,,,,
16:05:18..658,5.73518241,-0.001591,-0.00029431,0.0002131,0.00622244,-0.00005932,0.00148973,0.00450249,-0.0002445,-0.00230161,16:05:18..655,,,,
16:05:18..689,5.64726708,-0.001471,-0.00029426,0.0002125,0.00622306,-0.00005849,0.00149039,0.00450248,-0.00024496,-0.00230168,16:05:18..655,,,,
16:05:18..767,5.6369241,-0.001471,-0.00029453,0.00021249,0.00622274,-0.0000594,0.00149,0.0045022,-0.00024474,-0.00230169,16:05:18..807,,,,
16:05:18..815,5.78172582,-0.001471,-0.00029465,0.0002126,0.0062233,-0.00005815,0.00148983,0.00450193,-0.00024475,-0.00230128,16:05:18..807,,,,
16:05:18..847,5.57486622,-0.001496,-0.0002943,0.00021274,0.00622262,-0.00005841,0.00149009,0.00450326,-0.00024502,-0.00230114,16:05:18..850,,,,
16:05:18..907,5.52315132,-0.001517,-0.00029441,0.00021216,0.00622248,-0.00005842,0.00148994,0.00450351,-0.00024461,-0.00230095,16:05:18..986,,,,
16:05:19..036,5.77138284,-0.001517,-0.00029434,0.00021258,0.00622234,-0.00005876,0.00149012,0.00450335,-0.00024457,-0.00230112,16:05:19..034,,,,
16:05:19..070,5.68346751,-0.001547,-0.00029455,0.00021298,0.00622378,-0.00005905,0.00149021,0.00450299,-0.00024487,-0.00230142,16:05:19..076,,,,
16:05:19..185,5.63175261,-0.001547,-0.00029431,0.00021247,0.00622386,-0.00005907,0.00148992,0.00450287,-0.00024472,-0.00230115,16:05:19..214,,,,
16:05:19..232,5.78172582,-0.001547,-0.00029497,0.00021243,0.00622414,-0.00005908,0.00148993,0.00450281,-0.00024494,-0.00230123,16:05:19..214,,,,
16:05:19..265,5.59038069,-0.001509,-0.00029441,0.00021275,0.00622377,-0.0000586,0.00149001,0.00450239,-0.00024496,-0.00230098,16:05:19..332,,,,
16:05:19..383,5.58003771,-0.001509,-0.00029453,0.00021309,0.00622393,-0.00005925,0.00148982,0.00450272,-0.00024489,-0.002302,16:05:19..380,,,,
16:05:19..414,5.688639,-0.001438,-0.00029447,0.00021266,0.00622359,-0.00005865,0.00149017,0.00450349,-0.00024508,-0.00230137,16:05:19..424,,,,
16:05:19..493,5.74552539,-0.001438,-0.00029431,0.00021239,0.00622415,-0.00005919,0.0014899,0.00450309,-0.00024505,-0.00230147,16:05:19..491,,,,
16:05:19..525,5.5852092,-0.001337,-0.00029486,0.00021222,0.00622336,-0.00005947,0.00148921,0.00450296,-0.00024492,-0.00230197,16:05:19..534,,,,
16:05:19..575,5.60072367,-0.001337,-0.00029424,0.00021299,0.0062233,-0.00005872,0.0014895,0.00450245,-0.00024492,-0.0023014,16:05:19..626,,,,
16:05:19..632,5.70932496,-0.001337,-0.00029452,0.00021247,0.00622317,-0.00005905,0.0014899,0.00450336,-0.00024457,-0.00230137,16:05:19..626,,,,
16:05:19..667,5.71449645,-0.001273,-0.00029434,0.00021277,0.00622316,-0.00005939,0.00149021,0.00450245,-0.00024483,-0.00230192,16:05:19..669,,,,
16:05:19..700,5.66795304,-0.001304,-0.00029447,0.00021291,0.00622201,-0.00005889,0.00148973,0.00450282,-0.00024537,-0.00230214,16:05:19..702,,,,
16:05:19..795,5.61106665,-0.001304,-0.00029455,0.0002127,0.00622265,-0.00005909,0.00148952,0.00450284,-0.0002448,-0.00230109,16:05:19..791,,,,
16:05:19..829,5.67829602,-0.001244,-0.00029419,0.00021295,0.00622232,-0.00005956,0.00149014,0.00450259,-0.00024521,-0.0023009,16:05:19..836,,,,
16:05:19..866,5.69381049,-0.001226,-0.00029458,0.0002124,0.00622244,-0.00005905,0.00149023,0.00450209,-0.00024525,-0.00230134,16:05:19..907,,,,
16:05:19..918,5.688639,-0.001226,-0.00029435,0.00021257,0.00622245,-0.0000593,0.00148978,0.00450221,-0.00024468,-0.00230155,16:05:19..907,,,,
16:05:19..949,5.58003771,-0.001259,-0.00029457,0.00021233,0.00622193,-0.00005911,0.00148963,0.00450301,-0.00024483,-0.00230099,16:05:19..951,,,,
16:05:20..058,5.59555218,-0.001259,-0.00029425,0.00021259,0.00622216,-0.0000588,0.00149018,0.00450309,-0.00024483,-0.00230071,16:05:20..054,,,,
16:05:20..089,5.77138284,-0.001261,-0.00029449,0.00021219,0.00622167,-0.00005881,0.00148966,0.00450281,-0.00024484,-0.00230111,16:05:20..100,,,,
16:05:20..154,5.71966794,-0.001261,-0.00029433,0.00021258,0.00622131,-0.00005946,0.00148984,0.00450296,-0.00024526,-0.00230159,16:05:20..151,,,,
16:05:20..186,5.55418026,-0.001287,-0.00029433,0.00021274,0.0062219,-0.00005882,0.00148969,0.00450272,-0.00024498,-0.00230233,16:05:20..195,,,,
16:05:20..248,5.54383728,-0.001287,-0.00029461,0.00021242,0.0062218,-0.00005935,0.00148963,0.0045026,-0.00024476,-0.00230155,16:05:20..245,,,,
16:05:20..280,5.71966794,-0.001307,-0.00029434,0.00021236,0.00622223,-0.00005901,0.00148913,0.00450183,-0.00024518,-0.00230228,16:05:20..290,,,,
16:05:20..375,5.7403539,-0.001307,-0.00029457,0.00021258,0.00622211,-0.00005904,0.0014894,0.00450192,-0.00024495,-0.00230193,16:05:20..374,,,,
16:05:20..408,5.57486622,-0.001298,-0.00029483,0.00021281,0.0062214,-0.00005931,0.00148925,0.00450282,-0.00024468,-0.00230144,16:05:20..419,,,,
16:05:20..472,5.5334943,-0.001333,-0.00029506,0.00021239,0.00622132,-0.00005939,0.00148973,0.00450265,-0.00024459,-0.00230154,16:05:20..521,,,,
16:05:20..542,5.73001092,-0.001333,-0.00029439,0.00021197,0.00622184,-0.00005923,0.00148916,0.0045024,-0.00024521,-0.00230148,16:05:20..521,,,,
16:05:20..576,4.82500017,-0.00137,-0.00029439,0.00021245,0.00622249,-0.00005955,0.00148976,0.00450217,-0.00024488,-0.00230165,16:05:20..565,,,,
16:05:20..610,5.59555218,-0.001414,-0.00029422,0.00021224,0.00622149,-0.00005908,0.00148991,0.00450238,-0.00024462,-0.00230191,16:05:20..607,,,,
16:05:20..644,6.71259402,-0.001463,-0.0002945,0.00021213,0.00622175,-0.00005924,0.00148938,0.0045024,-0.00024516,-0.002302,16:05:20..652,,,,
16:05:20..689,6.22130247,-0.001618,-0.00029432,0.00021253,0.00622154,-0.00005879,0.00148973,0.00450267,-0.00024478,-0.00230175,16:05:20..696,,,,
16:05:20..762,5.688639,-0.001618,-0.00029483,0.00021238,0.00622178,-0.00005947,0.0014897,0.00450283,-0.00024506,-0.00230204,16:05:20..761,,,,
16:05:20..798,5.49212238,-0.001723,-0.00029436,0.00021222,0.00622167,-0.00005973,0.00148915,0.00450223,-0.00024519,-0.00230137,16:05:20..804,,,,
16:05:20..853,4.7060559,-0.001723,-0.00029452,0.00021209,0.00622167,-0.00005936,0.0014896,0.00450234,-0.00024485,-0.00230121,16:05:20..851,,,,
16:05:20..898,5.45075046,-0.001735,-0.00029413,0.00021245,0.00622191,-0.00005953,0.0014895,0.00450303,-0.00024508,-0.00230116,16:05:20..896,,,,
16:05:20..928,5.60072367,-0.001727,-0.00029448,0.00021298,0.00622174,-0.00005898,0.00148929,0.00450276,-0.00024474,-0.0023018,16:05:20..939,,,,
16:05:20..974,5.8954986,-0.001747,-0.00029414,0.0002121,0.00622192,-0.00005922,0.00148951,0.00450247,-0.00024503,-0.00230192,16:05:20..973,,,,
16:05:21..011,6.33507525,-0.001747,-0.00029454,0.00021267,0.0062217,-0.00005892,0.00148949,0.00450232,-0.00024551,-0.00230189,16:05:20..973,,,,
16:05:21..045,5.83861221,-0.001775,-0.00029452,0.00021212,0.00622357,-0.00005973,0.00148902,0.00450309,-0.00024476,-0.00230074,16:05:21..050,,,,
16:05:21..098,5.42489301,-0.001775,-0.00029463,0.00021191,0.00622313,-0.00005919,0.00148942,0.00450287,-0.00024509,-0.00230141,16:05:21..096,,,,
16:05:21..131,5.54900877,-0.00177,-0.00029413,0.00021199,0.00622249,-0.00005873,0.00148982,0.0045027,-0.0002452,-0.00230121,16:05:21..141,,,,
16:05:21..185,5.63175261,-0.001742,-0.00029439,0.00021228,0.00622165,-0.00005923,0.00148935,0.00450295,-0.00024516,-0.00230111,16:05:21..199,,,,
16:05:21..216,5.6369241,-0.001742,-0.00029407,0.00021253,0.00622193,-0.00005953,0.00148957,0.00450316,-0.00024481,-0.00230075,16:05:21..199,,,,
16:05:21..251,5.688639,-0.001681,-0.00029416,0.00021309,0.006222,-0.00005941,0.00148929,0.00450321,-0.00024457,-0.00230102,16:05:21..242,,,,
16:05:21..286,5.67312453,-0.001623,-0.0002948,0.0002121,0.00622092,-0.00005946,0.00148943,0.00450289,-0.00024495,-0.00230113,16:05:21..336,,,,
16:05:21..347,5.5334943,-0.001604,-0.00029423,0.00021267,0.0062218,-0.00005933,0.00148969,0.00450257,-0.00024488,-0.00230094,16:05:21..380,,,,
16:05:21..406,5.68346751,-0.001604,-0.00029448,0.00021269,0.00622137,-0.00005964,0.00148939,0.00450268,-0.00024497,-0.00230134,16:05:21..380,,,,
16:05:21..440,5.80241178,-0.001613,-0.00029422,0.00021281,0.00622283,-0.00005976,0.00148969,0.00450288,-0.00024483,-0.00230171,16:05:21..476,,,,
16:05:21..488,5.77138284,-0.001704,-0.00029429,0.00021236,0.00622184,-0.00005935,0.00148963,0.00450248,-0.00024485,-0.00230158,16:05:21..521,,,,
16:05:21..572,5.68346751,-0.001704,-0.00029419,0.00021268,0.00622251,-0.00005905,0.00148994,0.00450329,-0.00024457,-0.00230106,16:05:21..571,,,,
16:05:21..606,5.59038069,-0.001672,-0.00029416,0.00021274,0.00622208,-0.00005985,0.00148955,0.00450261,-0.00024466,-0.00230188,16:05:21..615,,,,
16:05:21..731,5.65243857,-0.001672,-0.00029453,0.00021229,0.00622212,-0.00005889,0.00148963,0.00450245,-0.00024464,-0.00230127,16:05:21..728,,,,
