Time,Pressure,Flow Rate (ml/s),Force 1,Force 2,Force 3,Force 4,Force 5,Force 6,Force 7,Force 8,Flow Meter Time,,,, 
15:46:04..869,4.13202051,-0.000658,-0.00030819,0.00018735,0.00618003,-0.00004686,0.00146739,0.00449689,-0.00025315,-0.00235618,15:46:04..837,,,,
15:46:04..932,4.23027882,-0.000658,-0.00030819,0.00018742,0.00618052,-0.00004706,0.00146701,0.0044974,-0.0002524,-0.00235564,15:46:04..936,,,,
15:46:04..966,4.03893369,-0.000658,-0.00030815,0.00018723,0.00617942,-0.00004679,0.00146671,0.00449727,-0.00025295,-0.00235633,15:46:04..936,,,,
15:46:05..000,4.95945891,-0.000664,-0.00030744,0.0001881,0.00618018,-0.00004952,0.00146596,0.00450078,-0.00025114,-0.00235193,15:46:04..979,,,,
15:46:05..034,4.60779759,-0.000704,-0.00030764,0.0001885,0.00617985,-0.00004957,0.00146596,0.00450181,-0.00025107,-0.00235318,15:46:05..100,,,,
15:46:05..169,5.04220275,-0.000704,-0.0003077,0.00018806,0.00618025,-0.00004957,0.00146565,0.00450119,-0.00025125,-0.00235303,15:46:05..168,,,,
15:46:05..202,5.05254573,-0.000728,-0.00030796,0.0001881,0.00617924,-0.00004857,0.00146474,0.00449816,-0.00025185,-0.00234959,15:46:05..212,,,,
15:46:05..343,5.30077725,-0.000728,-0.00030771,0.00018772,0.00617908,-0.00004847,0.0014647,0.00449863,-0.00025195,-0.00234948,15:46:05..340,,,,
15:46:05..374,4.78362825,-0.000647,-0.00030598,0.00018812,0.00618032,-0.0000478,0.00146485,0.00449588,-0.00025197,-0.002351,15:46:05..383,,,,
15:46:05..426,4.8094857,-0.000501,-0.00030583,0.00018847,0.0061807,-0.00004784,0.00146489,0.00449602,-0.00025132,-0.00235086,15:46:05..497,,,,
15:46:05..506,4.98014487,-0.000501,-0.00030584,0.00018813,0.00618062,-0.00004781,0.00146474,0.00449596,-0.00025161,-0.00235056,15:46:05..497,,,,
15:46:05..538,5.42489301,-0.000452,-0.00030444,0.00018969,0.00617987,-0.00004998,0.00146557,0.0045033,-0.0002521,-0.00235,15:46:05..540,,,,
15:46:05..644,4.90774401,-0.000452,-0.00030503,0.00018963,0.0061798,-0.0000501,0.00146571,0.00450385,-0.0002521,-0.00234986,15:46:05..642,,,,
15:46:05..675,4.66468398,-0.000452,-0.00030542,0.00018984,0.00617972,-0.00004932,0.00146675,0.0044987,-0.00025318,-0.00235325,15:46:05..642,,,,
15:46:05..708,4.12167753,-0.00043,-0.0003054,0.00018949,0.00618007,-0.00004915,0.00146702,0.0044994,-0.000252,-0.0023551,15:46:05..755,,,,
15:46:05..816,4.00273326,-0.00043,-0.00030495,0.00018936,0.00617972,-0.00004893,0.00146731,0.00449992,-0.00025198,-0.00235463,15:46:05..755,,,,
15:46:05..849,4.44230991,-0.000439,-0.00030519,0.00018846,0.00617993,-0.00004957,0.00146613,0.00450662,-0.00024998,-0.00235074,15:46:05..859,,,,
15:46:05..972,4.99048785,-0.000439,-0.00030499,0.00018823,0.00618019,-0.00004943,0.00146594,0.00450717,-0.00025087,-0.00235097,15:46:05..969,,,,
15:46:06..004,4.76811378,-0.000494,-0.00030518,0.00018923,0.00617915,-0.00004997,0.00146717,0.00450318,-0.0002529,-0.00235281,15:46:06..015,,,,
15:46:06..117,4.42679544,-0.000494,-0.00030502,0.00018935,0.00617979,-0.00004983,0.00146727,0.00450327,-0.00025246,-0.00235245,15:46:06..115,,,,
15:46:06..150,4.61814057,-0.000407,-0.00030472,0.00018814,0.00617761,-0.00004906,0.00146479,0.00450007,-0.00025062,-0.00234936,15:46:06..161,,,,
15:46:06..262,4.48368183,-0.000407,-0.00030469,0.00018801,0.00617759,-0.00004933,0.00146506,0.00450022,-0.00025035,-0.00234974,15:46:06..260,,,,
15:46:06..294,4.79397123,-0.000312,-0.00030355,0.00018933,0.00617771,-0.00005007,0.00146608,0.00450564,-0.00024977,-0.0023504,15:46:06..305,,,,
15:46:06..412,4.90257252,-0.000312,-0.00030408,0.00018916,0.00617768,-0.00005037,0.00146607,0.00450542,-0.00025025,-0.00235056,15:46:06..410,,,,
15:46:06..445,4.61814057,-0.000363,-0.00030362,0.00018977,0.00617911,-0.00005034,0.00146566,0.00450217,-0.00025177,-0.00234952,15:46:06..453,,,,
15:46:06..564,4.68536994,-0.000363,-0.0003038,0.00018944,0.00617899,-0.00004983,0.00146568,0.0045026,-0.0002518,-0.00234919,15:46:06..562,,,,
15:46:06..596,4.77845676,-0.000418,-0.00030408,0.00018942,0.00617745,-0.00004916,0.00146609,0.00450019,-0.00025256,-0.00235155,15:46:06..606,,,,
15:46:06..694,5.03703126,-0.000418,-0.00030417,0.00018971,0.00617731,-0.00004887,0.00146563,0.00449951,-0.00025297,-0.00235156,15:46:06..692,,,,
15:46:06..725,5.03703126,-0.000499,-0.00030455,0.00018895,0.00617645,-0.00004965,0.00146572,0.00450208,-0.00025132,-0.00235297,15:46:06..735,,,,
15:46:06..836,5.00083083,-0.000499,-0.00030427,0.00018901,0.00617697,-0.00004962,0.00146606,0.00450194,-0.00025116,-0.00235314,15:46:06..834,,,,
15:46:06..869,4.44230991,-0.000501,-0.00030444,0.00018903,0.00617481,-0.00005067,0.00146456,0.00450562,-0.00025055,-0.00234877,15:46:06..877,,,,
15:46:07..002,4.34922309,-0.000501,-0.00030448,0.00018863,0.00617529,-0.00005101,0.001465,0.00450661,-0.00025015,-0.00234916,15:46:07..001,,,,
15:46:07..034,4.54056822,-0.000501,-0.00030412,0.0001889,0.00617392,-0.00004978,0.00146434,0.00450496,-0.00025064,-0.002354,15:46:07..001,,,,
15:46:07..068,4.76811378,-0.000667,-0.00030335,0.00018871,0.00617458,-0.00004954,0.00146566,0.00450812,-0.00024993,-0.00235376,15:46:07..131,,,,
15:46:07..186,4.89740103,-0.000667,-0.00030368,0.0001887,0.00617425,-0.00004913,0.00146551,0.00450791,-0.00025052,-0.00235319,15:46:07..131,,,,
15:46:07..217,4.66985547,-0.000737,-0.00030544,0.00018894,0.00617653,-0.0000494,0.001467,0.00452383,-0.00024829,-0.00235454,15:46:07..186,,,,
15:46:07..309,4.46299587,-0.000737,-0.00030559,0.00018869,0.00617614,-0.0000488,0.0014673,0.00452369,-0.00024896,-0.00235461,15:46:07..341,,,,
15:46:07..355,4.84568613,-0.000737,-0.00030575,0.00018898,0.00617604,-0.00004906,0.00146731,0.00452331,-0.00024872,-0.00235473,15:46:07..341,,,,
15:46:07..389,4.84568613,-0.000803,-0.00030495,0.00018942,0.00617793,-0.00004715,0.00147069,0.00452543,-0.00024967,-0.00235737,15:46:07..384,,,,
15:46:07..532,4.84568613,-0.000803,-0.00030479,0.00018991,0.0061777,-0.00004679,0.00147106,0.00452499,-0.00024926,-0.00235685,15:46:07..530,,,,
15:46:07..563,5.05771722,-0.000803,-0.00030511,0.00018924,0.00617726,-0.00004777,0.00146972,0.00452066,-0.00025007,-0.00235677,15:46:07..530,,,,
15:46:07..597,4.95428742,-0.001022,-0.00030504,0.00018996,0.0061772,-0.00004814,0.00146896,0.00451954,-0.00024976,-0.00235518,15:46:07..659,,,,
15:46:07..722,4.58711163,-0.001022,-0.00030527,0.00019001,0.00617679,-0.000048,0.00146979,0.00451946,-0.00025005,-0.00235492,15:46:07..722,,,,
15:46:07..754,4.31819415,-0.00103,-0.00030569,0.00018926,0.00617631,-0.00004423,0.0014703,0.00452603,-0.00025005,-0.00235855,15:46:07..765,,,,
15:46:07..892,4.92842997,-0.00103,-0.00030564,0.00018986,0.00617585,-0.00004468,0.00147011,0.00452566,-0.0002501,-0.00235878,15:46:07..890,,,,
15:46:07..925,4.37508054,-0.000861,-0.00030618,0.00019032,0.00617521,-0.00004729,0.00146631,0.00451448,-0.00025077,-0.00235412,15:46:07..934,,,,
15:46:08..067,4.80431421,-0.000861,-0.00030674,0.00019042,0.00617603,-0.00004727,0.00146649,0.0045142,-0.00025097,-0.00235413,15:46:08..066,,,,
15:46:08..099,4.35956607,-0.000861,-0.00030356,0.00018832,0.00617495,-0.00005076,0.00145916,0.004492,-0.00024999,-0.00233068,15:46:08..066,,,,
15:46:08..133,4.17339243,-0.000593,-0.0003041,0.00019034,0.00617613,-0.00004832,0.00146114,0.00449145,-0.00025072,-0.00233367,15:46:08..197,,,,
15:46:08..247,4.39059501,-0.000593,-0.000304,0.00019054,0.0061758,-0.00004805,0.00146095,0.00449112,-0.00025076,-0.00233369,15:46:08..259,,,,
15:46:08..279,5.14563255,-0.000593,-0.00030515,0.00018867,0.00617572,-0.00004829,0.00146083,0.00449089,-0.00025121,-0.00233309,15:46:08..259,,,,
15:46:08..312,5.33697768,-0.000596,-0.00030387,0.00018887,0.00617631,-0.00004787,0.00146387,0.00449527,-0.00025094,-0.00234319,15:46:08..346,,,,
15:46:08..425,5.14046106,-0.000596,-0.00030369,0.00018956,0.0061762,-0.00004759,0.00146392,0.00449577,-0.00025055,-0.00234352,15:46:08..424,,,,
15:46:08..459,4.45265289,-0.000583,-0.00030478,0.00019131,0.00617682,-0.00004902,0.00146577,0.00449521,-0.00025262,-0.00234427,15:46:08..466,,,,
15:46:08..517,4.65951249,-0.000583,-0.00030457,0.00019172,0.00617639,-0.00004934,0.00146523,0.00449504,-0.00025221,-0.00234435,15:46:08..516,,,,
15:46:08..552,4.88705805,-0.000568,-0.0003039,0.00019163,0.00617569,-0.00004884,0.00146463,0.00449396,-0.00025502,-0.00234387,15:46:08..562,,,,
15:46:08..586,4.79397123,-0.000586,-0.00030432,0.00019059,0.00617731,-0.00004794,0.0014643,0.00449386,-0.00025399,-0.00234014,15:46:08..604,,,,
15:46:08..626,4.77328527,-0.000608,-0.000304,0.00019083,0.00617701,-0.00004815,0.00146402,0.00449398,-0.00025436,-0.00234058,15:46:08..647,,,,
15:46:08..676,4.79397123,-0.000627,-0.00030426,0.00019089,0.00617696,-0.00004786,0.00146413,0.00449328,-0.0002542,-0.00234089,15:46:08..726,,,,
15:46:08..734,4.43196693,-0.000627,-0.00030449,0.00019095,0.00617591,-0.00004798,0.00146404,0.00449325,-0.00025421,-0.00234063,15:46:08..726,,,,
15:46:08..767,4.51988226,-0.000661,-0.00030498,0.00019062,0.00617621,-0.00004905,0.00146727,0.00449912,-0.00025228,-0.00234718,15:46:08..769,,,,
15:46:08..883,4.23027882,-0.000661,-0.00030447,0.00019075,0.00617635,-0.00004901,0.00146727,0.00449882,-0.00025277,-0.00234718,15:46:08..882,,,,
15:46:08..915,4.57676865,-0.000775,-0.00030511,0.00019247,0.00617555,-0.00004919,0.0014648,0.00449768,-0.0002534,-0.00234328,15:46:08..927,,,,
15:46:09..037,4.73191335,-0.000775,-0.00030471,0.00019244,0.00617433,-0.00004881,0.00146427,0.00449717,-0.00025326,-0.00234288,15:46:09..036,,,,
15:46:09..069,4.87671507,-0.000937,-0.00030386,0.00019135,0.00617545,-0.00004786,0.00146489,0.00449704,-0.00025136,-0.00234594,15:46:09..082,,,,
15:46:09..189,4.79397123,-0.000937,-0.0003037,0.00019072,0.00617625,-0.00004806,0.00146445,0.00449675,-0.00025221,-0.00234598,15:46:09..187,,,,
15:46:09..222,4.77845676,-0.000974,-0.00030453,0.00019245,0.00617669,-0.0000497,0.00146252,0.00449378,-0.00025385,-0.0023431,15:46:09..187,,,,
15:46:09..256,4.44230991,-0.000986,-0.00030439,0.000193,0.00617743,-0.00004922,0.00146243,0.00449473,-0.00025327,-0.00234484,15:46:09..268,,,,
15:46:09..365,4.45265289,-0.000986,-0.00030438,0.00019289,0.00617794,-0.0000494,0.00146236,0.0044949,-0.00025291,-0.00234454,15:46:09..364,,,,
15:46:09..397,4.54056822,-0.001013,-0.00030391,0.00019161,0.00617533,-0.00004802,0.00146718,0.00449895,-0.00025151,-0.00234441,15:46:09..408,,,,
15:46:09..470,4.50953928,-0.00095,-0.0003036,0.00019182,0.00617555,-0.0000483,0.00146682,0.00449901,-0.00025211,-0.0023445,15:46:09..512,,,,
15:46:09..573,5.10943212,-0.00095,-0.00030343,0.00019162,0.00617549,-0.00004788,0.00146717,0.00449956,-0.00025213,-0.00234524,15:46:09..575,,,,
15:46:09..606,5.24389086,-0.000985,-0.00030543,0.00019107,0.00617595,-0.00004562,0.00147055,0.00451354,-0.00025087,-0.00235099,15:46:09..621,,,,
15:46:09..701,4.97497338,-0.000985,-0.00030538,0.00019115,0.00617506,-0.00004581,0.00147004,0.00451324,-0.00025033,-0.00235134,15:46:09..701,,,,
15:46:09..733,4.61814057,-0.000985,-0.0003047,0.00019187,0.00617542,-0.00004754,0.00147072,0.00450454,-0.00025166,-0.00234831,15:46:09..701,,,,
15:46:09..767,4.56642567,-0.000898,-0.00030572,0.00019176,0.00617491,-0.00004749,0.00146719,0.00450098,-0.00025179,-0.00234656,15:46:09..824,,,,
15:46:09..875,4.43196693,-0.000898,-0.00030534,0.00019183,0.00617544,-0.00004736,0.00146697,0.00450044,-0.00025214,-0.0023464,15:46:09..824,,,,
15:46:09..906,5.14046106,-0.000813,-0.00030676,0.00019163,0.00617751,-0.00004687,0.00146263,0.00449405,-0.00025469,-0.00233672,15:46:09..919,,,,
15:46:10..020,4.95945891,-0.000813,-0.0003065,0.00019174,0.00617727,-0.00004724,0.00146303,0.00449336,-0.00025493,-0.00233653,15:46:10..018,,,,
15:46:10..051,4.51988226,-0.000813,-0.00030646,0.00019166,0.00617506,-0.00004545,0.00146448,0.00449532,-0.00025414,-0.00234263,15:46:10..018,,,,
15:46:10..084,4.35956607,-0.000625,-0.00030713,0.00019142,0.00617451,-0.00004559,0.00146416,0.00449511,-0.00025337,-0.00234253,15:46:10..134,,,,
15:46:10..183,4.28716521,-0.000625,-0.00030644,0.00019177,0.00617449,-0.00004533,0.00146475,0.00449563,-0.00025298,-0.00234243,15:46:10..134,,,,
15:46:10..214,4.84568613,-0.000625,-0.00030789,0.00018968,0.00617171,-0.00004786,0.00146157,0.00449385,-0.00025001,-0.00233189,15:46:10..183,,,,
15:46:10..248,4.93360146,-0.000533,-0.0003068,0.00019023,0.00617063,-0.00004798,0.00146101,0.00449243,-0.00024949,-0.00233269,15:46:10..304,,,,
15:46:10..356,4.63882653,-0.000533,-0.00030733,0.00019051,0.00617,-0.00004843,0.00146115,0.00449273,-0.00024945,-0.00233235,15:46:10..355,,,,
15:46:10..388,4.3957665,-0.000508,-0.00030554,0.00019002,0.0061713,-0.0000479,0.00146402,0.00449664,-0.00024982,-0.00233965,15:46:10..389,,,,
15:46:10..502,4.73191335,-0.000508,-0.00030595,0.00018978,0.00617178,-0.00004846,0.00146379,0.00449603,-0.0002501,-0.00233971,15:46:10..500,,,,
15:46:10..533,4.70088441,-0.000435,-0.00030553,0.0001902,0.00617254,-0.00004816,0.0014642,0.00450105,-0.00025145,-0.00234425,15:46:10..543,,,,
15:46:10..653,4.57676865,-0.000435,-0.00030542,0.00019018,0.00617309,-0.00004821,0.00146474,0.00450156,-0.0002516,-0.00234488,15:46:10..651,,,,
15:46:10..685,4.69054143,-0.000435,-0.00030698,0.00018895,0.00617429,-0.00004775,0.0014625,0.00450205,-0.00025022,-0.00234221,15:46:10..651,,,,
15:46:10..720,4.87154358,-0.000366,-0.00030676,0.00018829,0.00617319,-0.00004881,0.00146172,0.00450162,-0.00025059,-0.00233618,15:46:10..776,,,,
15:46:10..821,4.83017166,-0.000366,-0.00030689,0.00018852,0.00617361,-0.00004814,0.00146169,0.00450167,-0.00025044,-0.0023354,15:46:10..776,,,,
15:46:10..853,4.52505375,-0.000391,-0.00030662,0.00018781,0.00617385,-0.00004689,0.00146402,0.00450435,-0.00025076,-0.00234171,15:46:10..821,,,,
15:46:10..935,4.7060559,-0.000391,-0.00030662,0.00018786,0.00617407,-0.0000468,0.00146396,0.00450465,-0.00025091,-0.00234193,15:46:10..980,,,,
15:46:10..987,4.64916951,-0.000391,-0.00030662,0.00018775,0.00617366,-0.00004675,0.00146442,0.00450461,-0.00025059,-0.00234162,15:46:10..980,,,,
15:46:11..021,4.81465719,-0.000439,-0.00030588,0.00018939,0.00617525,-0.00004834,0.00146685,0.00451542,-0.00024634,-0.00234265,15:46:11..022,,,,
15:46:11..152,5.03185977,-0.000439,-0.00030505,0.00018975,0.00617577,-0.00004847,0.00146668,0.00451557,-0.00024632,-0.00234181,15:46:11..150,,,,
15:46:11..183,4.8612006,-0.000439,-0.00030593,0.00018883,0.00617556,-0.0000473,0.00146585,0.00450849,-0.00024625,-0.00234235,15:46:11..150,,,,
15:46:11..217,4.78362825,-0.000485,-0.00030621,0.00018821,0.0061762,-0.00004639,0.00146641,0.00451242,-0.00024557,-0.00234344,15:46:11..273,,,,
15:46:11..328,4.78879974,-0.000485,-0.00030599,0.00018796,0.00617701,-0.00004623,0.00146639,0.00451244,-0.00024573,-0.00234317,15:46:11..327,,,,
15:46:11..360,4.84568613,-0.000497,-0.00030562,0.0001884,0.00617644,-0.00004733,0.00146879,0.004528,-0.00024287,-0.00234166,15:46:11..371,,,,
15:46:11..482,4.4991963,-0.000497,-0.00030539,0.00018815,0.00617606,-0.00004726,0.00146858,0.00452831,-0.00024268,-0.00234148,15:46:11..481,,,,
15:46:11..516,4.62848355,-0.000476,-0.00030467,0.00018876,0.00617752,-0.00004803,0.00147367,0.0045342,-0.00024185,-0.00234361,15:46:11..523,,,,
15:46:11..635,4.65951249,-0.000476,-0.00030478,0.00018859,0.0061793,-0.00004756,0.00147385,0.00453462,-0.00024195,-0.00234319,15:46:11..633,,,,
15:46:11..668,4.70088441,-0.000463,-0.00030416,0.00018922,0.006179,-0.00004732,0.0014709,0.00453518,-0.00024345,-0.00234582,15:46:11..677,,,,
15:46:11..783,4.71639888,-0.000463,-0.00030444,0.00018895,0.00617938,-0.00004732,0.00147042,0.0045351,-0.00024359,-0.00234654,15:46:11..781,,,,
15:46:11..815,4.94394444,-0.000421,-0.00030377,0.00018968,0.00617998,-0.0000477,0.0014709,0.00453304,-0.00024389,-0.00234606,15:46:11..826,,,,
15:46:11..927,4.53539673,-0.000421,-0.00030426,0.0001895,0.0061797,-0.00004763,0.00147035,0.00453342,-0.00024415,-0.00234621,15:46:11..925,,,,
15:46:11..958,4.31302266,-0.000452,-0.00030451,0.00018921,0.00618007,-0.00004791,0.00146827,0.00451232,-0.00024766,-0.00234568,15:46:11..925,,,,
15:46:12..036,4.61814057,-0.000452,-0.00030412,0.00018913,0.00617991,-0.00004751,0.00146867,0.0045125,-0.00024726,-0.00234593,15:46:12..091,,,,
15:46:12..100,4.74225633,-0.000452,-0.00030451,0.00018956,0.0061798,-0.00004767,0.00146851,0.00451245,-0.00024723,-0.00234522,15:46:12..091,,,,
15:46:12..134,5.21286192,-0.000458,-0.00030581,0.00018868,0.00617855,-0.00004754,0.00146896,0.00450623,-0.00024955,-0.00234711,15:46:12..136,,,,
15:46:12..264,5.23871937,-0.000458,-0.00030632,0.0001883,0.00617841,-0.0000477,0.00146842,0.00450673,-0.00024932,-0.0023471,15:46:12..263,,,,
15:46:12..298,4.35956607,-0.000493,-0.00030609,0.00018842,0.00617895,-0.00004808,0.00146853,0.00450714,-0.00024987,-0.00234592,15:46:12..305,,,,
15:46:12..411,4.79397123,-0.000493,-0.00030589,0.0001887,0.00617878,-0.0000475,0.00146881,0.0045073,-0.00024956,-0.00234543,15:46:12..409,,,,
15:46:12..443,4.92325848,-0.000588,-0.0003045,0.00018933,0.00617968,-0.00004792,0.00146736,0.00450615,-0.00024816,-0.00234471,15:46:12..409,,,,
15:46:12..539,4.85602911,-0.000629,-0.00030467,0.00018911,0.00618003,-0.00004807,0.00146727,0.00450604,-0.00024826,-0.00234453,15:46:12..561,,,,
15:46:12..608,4.29750819,-0.000629,-0.00030431,0.00018934,0.00617981,-0.00004819,0.00146735,0.00450655,-0.00024851,-0.00234487,15:46:12..622,,,,
15:46:12..641,4.67502696,-0.000629,-0.00030431,0.0001895,0.00617975,-0.00004788,0.00146771,0.00450622,-0.0002483,-0.00234576,15:46:12..622,,,,
15:46:12..674,4.20442137,-0.000765,-0.00030539,0.00018936,0.00617999,-0.00004702,0.00147073,0.00452225,-0.0002484,-0.00234985,15:46:12..711,,,,
15:46:12..788,4.61296908,-0.000765,-0.00030601,0.00018956,0.00617965,-0.00004702,0.00147056,0.0045226,-0.0002486,-0.00234983,15:46:12..787,,,,
15:46:12..819,4.84051464,-0.000856,-0.0003065,0.00018943,0.00618066,-0.00004455,0.00147128,0.00453371,-0.00024894,-0.00235305,15:46:12..830,,,,
15:46:12..960,5.35766364,-0.000856,-0.00030637,0.00018916,0.00618042,-0.00004531,0.00147102,0.00453322,-0.00024912,-0.00235238,15:46:12..958,,,,
15:46:12..993,5.05254573,-0.000786,-0.00030562,0.00018934,0.00617901,-0.00004635,0.00146795,0.00450584,-0.00025025,-0.00234765,15:46:13..002,,,,
15:46:13..047,4.83534315,-0.000745,-0.00030588,0.00018975,0.00617909,-0.00004691,0.00146809,0.00450618,-0.00025024,-0.00234766,15:46:13..092,,,,
15:46:13..137,5.33180619,-0.000745,-0.00030579,0.00018985,0.00617851,-0.00004643,0.0014678,0.00450556,-0.0002504,-0.0023477,15:46:13..137,,,,
15:46:13..170,4.22510733,-0.000701,-0.00030596,0.00018955,0.00618069,-0.00004532,0.00147242,0.00454804,-0.00024652,-0.00235172,15:46:13..180,,,,
15:46:13..286,4.5509112,-0.000701,-0.00030626,0.00018973,0.00618026,-0.00004514,0.00147216,0.00454808,-0.00024673,-0.00235225,15:46:13..284,,,,
15:46:13..318,4.61296908,-0.000649,-0.00030597,0.00018983,0.00618142,-0.00004313,0.00147514,0.00455621,-0.00024486,-0.00235131,15:46:13..326,,,,
15:46:13..453,4.84568613,-0.000649,-0.00030587,0.00018988,0.00618057,-0.00004356,0.00147512,0.00455654,-0.00024508,-0.0023512,15:46:13..451,,,,
15:46:13..485,4.43196693,-0.000649,-0.00030533,0.00018918,0.00618031,-0.00004417,0.00147637,0.00455854,-0.00024126,-0.0023484,15:46:13..451,,,,
15:46:13..518,4.83534315,-0.000621,-0.00030491,0.00018861,0.00618101,-0.00004485,0.00147286,0.00452955,-0.00024022,-0.00234181,15:46:13..571,,,,
15:46:13..639,4.74742782,-0.000621,-0.00030477,0.00018852,0.00618092,-0.00004456,0.00147263,0.00452973,-0.00023987,-0.00234104,15:46:13..639,,,,
15:46:13..671,5.0163453,-0.000621,-0.00030626,0.00018773,0.00617912,-0.00004672,0.00146633,0.00450321,-0.00024462,-0.00233272,15:46:13..639,,,,
15:46:13..706,5.05771722,-0.000593,-0.00030571,0.00018788,0.0061794,-0.00004706,0.00146582,0.00450143,-0.000245,-0.00233241,15:46:13..741,,,,
15:46:13..802,4.99048785,-0.000593,-0.00030566,0.00018794,0.00617911,-0.00004643,0.0014655,0.00450153,-0.00024483,-0.00233203,15:46:13..802,,,,
15:46:13..836,4.60779759,-0.000618,-0.00030627,0.0001877,0.00617945,-0.00004586,0.00146641,0.00450326,-0.00024544,-0.00233421,15:46:13..847,,,,
15:46:13..977,4.56642567,-0.000618,-0.00030583,0.00018768,0.00617879,-0.00004598,0.00146593,0.00450364,-0.0002452,-0.00233452,15:46:13..975,,,,
15:46:14..010,4.48885332,-0.000696,-0.00030573,0.00018825,0.00618054,-0.00004627,0.00146826,0.00452698,-0.0002418,-0.00233582,15:46:13..975,,,,
15:46:14..092,4.58194014,-0.000696,-0.00030566,0.00018796,0.00618112,-0.00004649,0.00146873,0.00452646,-0.00024171,-0.00233587,15:46:14..127,,,,
15:46:14..140,4.73191335,-0.000696,-0.00030531,0.00018807,0.00618235,-0.00004635,0.00146885,0.0045263,-0.00024147,-0.00233546,15:46:14..127,,,,
15:46:14..173,4.68019845,-0.000763,-0.00030495,0.00018806,0.00618302,-0.00004559,0.00146751,0.00452769,-0.00024095,-0.00233084,15:46:14..212,,,,
15:46:14..295,4.64399802,-0.000763,-0.00030466,0.0001878,0.00618245,-0.0000459,0.00146725,0.00452823,-0.00024108,-0.00233157,15:46:14..294,,,,
15:46:14..327,4.88188656,-0.000763,-0.00030504,0.00018822,0.00617984,-0.00004624,0.00146505,0.00451966,-0.00024346,-0.0023354,15:46:14..294,,,,
15:46:14..362,4.62331206,-0.000762,-0.00030528,0.00018818,0.00618092,-0.0000458,0.0014664,0.00452207,-0.00024304,-0.00233608,15:46:14..395,,,,
15:46:14..437,4.54573971,-0.000762,-0.0003057,0.00018842,0.00618115,-0.00004596,0.00146693,0.00452189,-0.00024324,-0.00233589,15:46:14..395,,,,
15:46:14..471,4.94911593,-0.00077,-0.00030535,0.00018771,0.00618041,-0.00004577,0.00146844,0.00451882,-0.00024394,-0.00233354,15:46:14..481,,,,
15:46:14..576,5.00083083,-0.00077,-0.00030539,0.00018816,0.00618047,-0.00004562,0.00146873,0.00451924,-0.00024401,-0.0023337,15:46:14..573,,,,
15:46:14..608,4.54056822,-0.000813,-0.00030519,0.00018785,0.0061802,-0.00004465,0.00147015,0.0045251,-0.000245,-0.00233785,15:46:14..617,,,,
15:46:14..654,4.59228312,-0.00081,-0.0003049,0.0001883,0.00618024,-0.00004512,0.0014705,0.00452555,-0.00024473,-0.00233826,15:46:14..662,,,,
15:46:14..694,4.56642567,-0.00082,-0.00030535,0.00018815,0.00618031,-0.00004473,0.00147018,0.00452615,-0.00024456,-0.00233783,15:46:14..724,,,,
15:46:14..739,4.20959286,-0.00082,-0.00030499,0.00018807,0.0061804,-0.00004507,0.0014701,0.00452599,-0.00024464,-0.00233857,15:46:14..724,,,,
15:46:14..774,4.62331206,-0.000749,-0.0003069,0.00018735,0.00618249,-0.00004609,0.00146643,0.00451346,-0.00024557,-0.00233516,15:46:14..812,,,,
15:46:14..885,4.81982868,-0.000749,-0.00030676,0.00018738,0.00618316,-0.00004642,0.00146656,0.00451411,-0.00024582,-0.00233519,15:46:14..886,,,,
15:46:14..919,4.76294229,-0.000742,-0.00030656,0.00018784,0.00617911,-0.00004478,0.00146734,0.00452033,-0.00024625,-0.00233567,15:46:14..886,,,,
15:46:15..006,4.77845676,-0.000742,-0.00030613,0.00018729,0.00617981,-0.00004542,0.00146789,0.00452082,-0.0002462,-0.00233599,15:46:15..047,,,,
15:46:15..056,4.32336564,-0.000742,-0.00030615,0.000188,0.00617954,-0.0000449,0.00146779,0.0045204,-0.00024582,-0.00233624,15:46:15..047,,,,
15:46:15..090,4.77845676,-0.000713,-0.00030673,0.00018856,0.00618075,-0.00004306,0.00147128,0.00453484,-0.00024764,-0.00234488,15:46:15..090,,,,
15:46:15..124,4.69054143,-0.000731,-0.00030798,0.00018862,0.00618122,-0.00004337,0.00147087,0.00453914,-0.00024818,-0.00234605,15:46:15..132,,,,
15:46:15..224,4.50436779,-0.000731,-0.0003078,0.00018856,0.00618131,-0.00004286,0.0014704,0.00453911,-0.00024841,-0.00234603,15:46:15..268,,,,
15:46:15..275,5.0680602,-0.000731,-0.00030812,0.00018862,0.00618004,-0.00004286,0.00146989,0.00453925,-0.00024843,-0.00234557,15:46:15..268,,,,
15:46:15..309,4.65951249,-0.000871,-0.00030793,0.00018751,0.006183,-0.00004102,0.00147182,0.00454888,-0.00024617,-0.00234439,15:46:15..310,,,,
15:46:15..389,4.65951249,-0.000871,-0.00030778,0.00018781,0.00618279,-0.00004155,0.00147157,0.00454881,-0.00024638,-0.00234397,15:46:15..440,,,,
15:46:15..484,4.47851034,-0.000956,-0.00030769,0.00018799,0.00618267,-0.00004147,0.00147189,0.0045487,-0.00024587,-0.00234408,15:46:15..486,,,,
15:46:15..517,4.69054143,-0.000975,-0.00030862,0.00018755,0.0061825,-0.00004124,0.00147121,0.00453452,-0.00024807,-0.00234667,15:46:15..486,,,,
15:46:15..584,4.36990905,-0.000975,-0.00030794,0.00018815,0.00618295,-0.00004088,0.00147156,0.00453492,-0.00024739,-0.0023464,15:46:15..622,,,,
15:46:15..654,4.93360146,-0.000975,-0.00030819,0.00018797,0.00618212,-0.00004126,0.00147152,0.00453445,-0.00024806,-0.00234642,15:46:15..622,,,,
15:46:15..690,4.70088441,-0.000887,-0.0003088,0.00018734,0.00618376,-0.00004238,0.00146986,0.00452309,-0.00024788,-0.00234372,15:46:15..699,,,,
15:46:15..850,4.90774401,-0.000887,-0.00030886,0.00018747,0.00618095,-0.00004265,0.00146992,0.00452219,-0.0002487,-0.00234285,15:46:15..699,,,,
15:46:15..885,4.62331206,-0.000777,-0.00030879,0.00018678,0.00618165,-0.00004238,0.00146941,0.00452838,-0.00024592,-0.00233749,15:46:15..902,,,,
15:46:15..951,4.54056822,-0.00074,-0.00030885,0.00018685,0.0061819,-0.00004198,0.00146959,0.00452849,-0.0002456,-0.0023377,15:46:16..003,,,,
15:46:16..048,4.85085762,-0.00074,-0.00030832,0.00018664,0.00618183,-0.00004247,0.00146909,0.00452781,-0.00024587,-0.00233802,15:46:16..047,,,,
15:46:16..082,4.59228312,-0.000716,-0.00030932,0.0001868,0.00618194,-0.00004248,0.00146827,0.0045265,-0.00024666,-0.00233596,15:46:16..124,,,,
15:46:16..194,4.72157037,-0.000716,-0.00030954,0.00018644,0.00618306,-0.00004331,0.00146819,0.00452677,-0.00024618,-0.00233598,15:46:16..194,,,,
15:46:16..228,4.40610948,-0.000682,-0.00030785,0.00018758,0.00618241,-0.00004541,0.00146393,0.00449963,-0.00024569,-0.00233149,15:46:16..238,,,,
15:46:16..350,4.46816736,-0.000682,-0.00030778,0.00018715,0.00618235,-0.00004533,0.00146357,0.00450007,-0.00024596,-0.00233078,15:46:16..348,,,,
15:46:16..382,4.93877295,-0.00067,-0.00030787,0.00018696,0.00618336,-0.00004626,0.00146381,0.00450218,-0.0002449,-0.00233108,15:46:16..426,,,,
15:46:16..490,4.91808699,-0.00067,-0.00030869,0.00018696,0.00618429,-0.0000465,0.00146375,0.00450198,-0.00024481,-0.00233101,15:46:16..488,,,,
15:46:16..522,4.60779759,-0.000629,-0.00030815,0.00018621,0.00618334,-0.00004618,0.00146346,0.00450194,-0.00024633,-0.00232994,15:46:16..488,,,,
15:46:16..595,4.49402481,-0.000629,-0.00030822,0.00018618,0.00618374,-0.0000457,0.0014635,0.00450201,-0.00024632,-0.00232983,15:46:16..532,,,,
15:46:16..628,4.7577708,-0.000633,-0.00030858,0.00018602,0.00618225,-0.0000459,0.00146395,0.00450328,-0.00024624,-0.00232981,15:46:16..602,,,,
15:46:16..693,4.64916951,-0.000633,-0.00030792,0.00018651,0.00618202,-0.00004594,0.00146422,0.00450289,-0.0002455,-0.00232944,15:46:16..730,,,,
15:46:16..738,4.84568613,-0.000633,-0.00030824,0.00018624,0.00618181,-0.00004608,0.00146369,0.00450258,-0.0002459,-0.0023294,15:46:16..730,,,,
15:46:16..771,4.92325848,-0.000654,-0.0003087,0.00018652,0.00618177,-0.00004611,0.00146388,0.0045035,-0.00024626,-0.0023303,15:46:16..776,,,,
15:46:16..817,4.74742782,-0.000715,-0.00030832,0.00018675,0.00618143,-0.00004616,0.0014642,0.00450455,-0.00024619,-0.00233035,15:46:16..819,,,,
15:46:16..867,4.65951249,-0.000715,-0.00030838,0.0001867,0.00618127,-0.00004643,0.00146372,0.00450436,-0.00024599,-0.00233066,15:46:16..898,,,,
15:46:16..905,4.80431421,-0.000715,-0.00030849,0.00018657,0.00618109,-0.00004608,0.00146409,0.00450384,-0.0002465,-0.00233063,15:46:16..898,,,,
15:46:16..939,4.66468398,-0.00077,-0.00030815,0.00018664,0.00618057,-0.00004674,0.00146436,0.00450056,-0.00024808,-0.00232856,15:46:16..994,,,,
15:46:17..053,4.66985547,-0.00077,-0.00030815,0.00018647,0.00618095,-0.00004662,0.00146411,0.0045002,-0.00024829,-0.00232805,15:46:17..063,,,,
15:46:17..087,4.57159716,-0.000792,-0.00030687,0.00018718,0.00618122,-0.0000467,0.00146445,0.00449736,-0.00024946,-0.00232844,15:46:17..063,,,,
15:46:17..144,4.56642567,-0.000774,-0.00030741,0.00018737,0.00618117,-0.0000463,0.00146402,0.00449708,-0.00024965,-0.00232862,15:46:17..177,,,,
15:46:17..185,4.79397123,-0.000774,-0.00030738,0.00018712,0.00618088,-0.00004706,0.00146404,0.00449717,-0.00024972,-0.00232845,15:46:17..177,,,,
15:46:17..218,4.40610948,-0.000727,-0.00030712,0.00018704,0.00618124,-0.00004663,0.00146422,0.00450028,-0.00024749,-0.00232903,15:46:17..222,,,,
15:46:17..281,4.39059501,-0.000677,-0.00030711,0.00018717,0.00618333,-0.00004678,0.00146389,0.00449967,-0.00024736,-0.00232981,15:46:17..327,,,,
15:46:17..340,4.61814057,-0.000677,-0.00030744,0.00018705,0.00618222,-0.00004732,0.00146409,0.00449932,-0.00024725,-0.00232898,15:46:17..327,,,,
15:46:17..374,4.50953928,-0.000501,-0.000307,0.00018685,0.00618195,-0.00004679,0.0014579,0.00450055,-0.00024545,-0.00232865,15:46:17..413,,,,
15:46:17..493,4.59745461,-0.000501,-0.00030688,0.00018714,0.00618211,-0.00004651,0.00145816,0.00450175,-0.00024578,-0.00232863,15:46:17..494,,,,
15:46:17..527,4.61296908,-0.000468,-0.00030681,0.00018679,0.0061794,-0.00004626,0.00146484,0.00450348,-0.00024649,-0.00233159,15:46:17..494,,,,
15:46:17..585,4.61296908,-0.000468,-0.00030694,0.00018651,0.00617885,-0.00004594,0.00146458,0.00450345,-0.00024716,-0.00233192,15:46:17..617,,,,
15:46:17..637,4.95945891,-0.000468,-0.00030698,0.0001868,0.00617925,-0.00004569,0.00146416,0.00450366,-0.00024737,-0.00233197,15:46:17..617,,,,
15:46:17..669,4.78362825,-0.000442,-0.0003071,0.00018842,0.00618203,-0.00004339,0.00146938,0.00453204,-0.00024742,-0.00234303,15:46:17..704,,,,
15:46:17..797,4.91808699,-0.000442,-0.00030747,0.00018812,0.00618215,-0.00004313,0.00146979,0.00453259,-0.00024677,-0.00234273,15:46:17..796,,,,
15:46:17..830,4.46816736,-0.000489,-0.00030711,0.00018885,0.00618351,-0.00004058,0.00147194,0.00454155,-0.00024904,-0.00234364,15:46:17..842,,,,
15:46:17..909,4.57159716,-0.000528,-0.00030728,0.00018856,0.00618294,-0.00004084,0.00147178,0.00454108,-0.00024963,-0.0023442,15:46:17..950,,,,
15:46:17..957,4.98014487,-0.000528,-0.00030708,0.00018895,0.00618245,-0.00004091,0.00147168,0.00454088,-0.00024963,-0.00234459,15:46:17..950,,,,
15:46:17..991,4.80431421,-0.000595,-0.00030589,0.00019084,0.00618426,-0.00003994,0.0014728,0.00454249,-0.00025124,-0.00234516,15:46:17..950,,,,
15:46:18..062,4.79397123,-0.000688,-0.0003054,0.00019086,0.00618338,-0.00003991,0.00147315,0.00454263,-0.00025127,-0.0023452,15:46:18..111,,,,
15:46:18..171,4.91808699,-0.000688,-0.00030563,0.00019118,0.00618385,-0.00004036,0.0014727,0.00454167,-0.00025112,-0.00234523,15:46:18..111,,,,
15:46:18..204,4.74742782,-0.000707,-0.00030678,0.00018967,0.00618107,-0.0000412,0.00147142,0.00453945,-0.00025072,-0.00234022,15:46:18..172,,,,
15:46:18..315,4.9129155,-0.000707,-0.00030682,0.00018997,0.00618058,-0.00004098,0.00147093,0.00453918,-0.00025179,-0.00234114,15:46:18..375,,,,
15:46:18..383,5.08874616,-0.000707,-0.00030722,0.00019016,0.00618055,-0.00004043,0.0014713,0.00453892,-0.00025133,-0.0023397,15:46:18..375,,,,
15:46:18..417,4.45265289,-0.000701,-0.00030593,0.00018662,0.00618085,-0.00004513,0.00146354,0.00449372,-0.00025093,-0.0023279,15:46:18..418,,,,
15:46:18..480,5.16631851,-0.000701,-0.00030626,0.00018703,0.00618067,-0.00004537,0.00146425,0.00449353,-0.00025042,-0.00232748,15:46:18..526,,,,
15:46:18..537,4.5509112,-0.000701,-0.00030607,0.00018689,0.00618054,-0.00004522,0.00146419,0.0044941,-0.00025029,-0.00232756,15:46:18..526,,,,
15:46:18..571,4.70088441,-0.000639,-0.0003062,0.00018952,0.00618261,-0.00004713,0.00146358,0.00449619,-0.00024815,-0.00233152,15:46:18..614,,,,
15:46:18..687,4.68536994,-0.000639,-0.00030656,0.00018956,0.00618236,-0.00004752,0.00146329,0.00449545,-0.00024817,-0.00233123,15:46:18..685,,,,
15:46:18..718,4.3440516,-0.000575,-0.00030589,0.00018858,0.00618326,-0.00004601,0.00146408,0.0044988,-0.00024914,-0.00233206,15:46:18..729,,,,
15:46:18..817,4.88188656,-0.000575,-0.00030589,0.00018848,0.00618369,-0.0000459,0.0014645,0.00449875,-0.0002488,-0.00233135,15:46:18..814,,,,
15:46:18..850,4.97497338,-0.000543,-0.00030595,0.00018877,0.00618337,-0.00004609,0.00146397,0.00449914,-0.0002504,-0.00233307,15:46:18..861,,,,
15:46:18..982,5.05254573,-0.000543,-0.00030605,0.00018887,0.00618413,-0.00004538,0.00146405,0.00449958,-0.00025047,-0.00233241,15:46:18..980,,,,
15:46:19..014,4.39059501,-0.000622,-0.0003067,0.00018972,0.00618465,-0.00004598,0.00146371,0.00450056,-0.00025098,-0.00233386,15:46:19..024,,,,
15:46:19..119,4.54056822,-0.000622,-0.00030675,0.00018938,0.00618409,-0.00004666,0.00146429,0.00449997,-0.00025055,-0.00233445,15:46:19..118,,,,
15:46:19..152,5.28526278,-0.000636,-0.000306,0.00018925,0.00618444,-0.00004559,0.00146459,0.00449874,-0.00025033,-0.00233377,15:46:19..162,,,,
15:46:19..291,5.15080404,-0.000636,-0.0003062,0.00018982,0.00618398,-0.00004554,0.00146469,0.00449873,-0.00025044,-0.00233412,15:46:19..288,,,,
15:46:19..323,4.3440516,-0.000661,-0.00030588,0.00018925,0.00618281,-0.00004563,0.00146444,0.00449976,-0.00025068,-0.00233228,15:46:19..288,,,,
15:46:19..393,4.46816736,-0.000661,-0.00030583,0.00018947,0.00618278,-0.00004568,0.00146475,0.00449966,-0.00025045,-0.00233255,15:46:19..448,,,,
15:46:19..459,4.654341,-0.000661,-0.00030602,0.0001891,0.00618215,-0.00004612,0.0014645,0.00449954,-0.00025037,-0.00233252,15:46:19..448,,,,
15:46:19..493,4.88705805,-0.000615,-0.00030539,0.00018864,0.00618367,-0.00004582,0.00146461,0.00449811,-0.00024988,-0.00233158,15:46:19..558,,,,
15:46:19..613,5.14563255,-0.000615,-0.00030512,0.00018937,0.0061836,-0.00004541,0.00146475,0.00449831,-0.00025009,-0.00233093,15:46:19..611,,,,
15:46:19..646,4.77328527,-0.000627,-0.00030521,0.00018928,0.0061829,-0.0000461,0.00146448,0.00449776,-0.00024972,-0.00233375,15:46:19..656,,,,
15:46:19..757,4.98014487,-0.000627,-0.0003049,0.00018965,0.00618316,-0.00004576,0.00146491,0.00449783,-0.0002493,-0.00233306,15:46:19..755,,,,
15:46:19..789,4.75259931,-0.000675,-0.00030427,0.00018942,0.00618217,-0.00004614,0.00146602,0.00449427,-0.00024928,-0.00233498,15:46:19..797,,,,
15:46:19..854,4.91808699,-0.000742,-0.0003045,0.0001897,0.006183,-0.00004628,0.00146552,0.00449525,-0.00024917,-0.00233479,15:46:19..905,,,,
15:46:19..966,4.64916951,-0.000742,-0.00030441,0.00018941,0.00618264,-0.00004584,0.00146557,0.00449411,-0.00024891,-0.00233476,15:46:19..905,,,,
15:46:19..998,4.65951249,-0.000742,-0.00030448,0.00018924,0.00618398,-0.0000461,0.00146488,0.00449632,-0.00024936,-0.00233406,15:46:19..971,,,,
15:46:20..032,4.94394444,-0.000891,-0.00030427,0.00018992,0.00618456,-0.00004764,0.00145774,0.00449571,-0.0002496,-0.00233576,15:46:20..105,,,,
15:46:20..163,4.92842997,-0.000891,-0.00030451,0.0001898,0.00618353,-0.00004748,0.00145739,0.00449549,-0.00024951,-0.00233545,15:46:20..105,,,,
15:46:20..195,4.76811378,-0.000911,-0.000304,0.00018945,0.006185,-0.00004707,0.00146423,0.00449611,-0.0002492,-0.00233176,15:46:20..163,,,,
15:46:20..249,4.49402481,-0.000925,-0.00030411,0.00018939,0.0061841,-0.00004651,0.00146457,0.00449589,-0.00024925,-0.00233155,15:46:20..287,,,,
15:46:20..295,4.35439458,-0.000925,-0.0003044,0.00018948,0.006185,-0.00004725,0.00146488,0.00449571,-0.00024939,-0.00233145,15:46:20..287,,,,
15:46:20..329,4.75259931,-0.000973,-0.00030379,0.00018932,0.0061819,-0.0000456,0.00146629,0.00449389,-0.00024912,-0.00233341,15:46:20..331,,,,
15:46:20..424,4.71639888,-0.000973,-0.00030401,0.00018918,0.00618221,-0.00004601,0.00146644,0.00449391,-0.00024912,-0.00233296,15:46:20..422,,,,
15:46:20..455,4.84051464,-0.001054,-0.00030286,0.0001895,0.00618332,-0.00004597,0.00146693,0.00449504,-0.00024854,-0.00233278,15:46:20..535,,,,
15:46:20..578,4.90257252,-0.001058,-0.00030303,0.00018926,0.0061823,-0.00004701,0.00146629,0.00449471,-0.00024839,-0.00233238,15:46:20..578,,,,
15:46:20..610,4.4991963,-0.001058,-0.00030346,0.00018952,0.00618263,-0.00004566,0.00146663,0.00449446,-0.00024919,-0.00233291,15:46:20..578,,,,
15:46:20..643,4.5509112,-0.000964,-0.00030361,0.0001894,0.00618434,-0.00004502,0.00146713,0.00449491,-0.00024902,-0.00233377,15:46:20..696,,,,
15:46:20..756,4.64399802,-0.000964,-0.00030364,0.00018963,0.00618383,-0.00004553,0.00146733,0.00449497,-0.00024872,-0.00233408,15:46:20..775,,,,
15:46:20..818,4.89222954,-0.000964,-0.00030374,0.00018962,0.00618488,-0.00004481,0.00146657,0.00449477,-0.00024886,-0.00233406,15:46:20..775,,,,
15:46:20..852,4.77328527,-0.000973,-0.00030406,0.00018878,0.00618368,-0.00004558,0.00146745,0.00449618,-0.00024549,-0.00233137,15:46:20..819,,,,
15:46:20..885,4.45265289,-0.001003,-0.00030364,0.00018932,0.0061842,-0.00004553,0.00146848,0.00449726,-0.00024527,-0.00233075,15:46:20..939,,,,
15:46:21..020,4.30267968,-0.001003,-0.00030416,0.00018917,0.00618408,-0.00004518,0.0014682,0.00449664,-0.0002461,-0.00233046,15:46:21..029,,,,
15:46:21..051,5.1197751,-0.001033,-0.00030456,0.00018922,0.00618322,-0.00004224,0.00148018,0.00450431,-0.00024606,-0.00233357,15:46:21..029,,,,
15:46:21..110,5.11460361,-0.001055,-0.00030482,0.00018888,0.00618315,-0.00004205,0.00147983,0.00450468,-0.00024596,-0.00233316,15:46:21..119,,,,
15:46:21..173,5.10426063,-0.001055,-0.00030437,0.00018895,0.00618297,-0.00004236,0.00148017,0.00450444,-0.00024601,-0.00233324,15:46:21..173,,,,
15:46:21..207,4.5509112,-0.001109,-0.0003047,0.00018879,0.00618392,-0.00003814,0.00151926,0.00452428,-0.00024645,-0.00233611,15:46:21..215,,,,
15:46:21..301,4.40610948,-0.001109,-0.00030461,0.00018914,0.0061837,-0.00003802,0.00151899,0.00452512,-0.00024605,-0.00233654,15:46:21..348,,,,
15:46:21..356,4.72674186,-0.001109,-0.00030461,0.00018905,0.00618382,-0.00003774,0.00152061,0.00452494,-0.00024622,-0.00233672,15:46:21..348,,,,
15:46:21..389,4.77328527,-0.001071,-0.00030519,0.00019138,0.00618463,-0.00003378,0.00155678,0.00453728,-0.00024852,-0.00234594,15:46:21..391,,,,
15:46:21..451,5.04220275,-0.001071,-0.00030467,0.00019168,0.00618492,-0.00003353,0.00155668,0.00453737,-0.00024848,-0.00234563,15:46:21..495,,,,
15:46:21..506,4.95945891,-0.001071,-0.00030524,0.00019165,0.00618494,-0.0000335,0.00155611,0.00453671,-0.00024837,-0.00234629,15:46:21..495,,,,
15:46:21..541,4.86637209,-0.001016,-0.00030467,0.00019065,0.00618451,-0.00003509,0.00153641,0.00453065,-0.00024926,-0.00234462,15:46:21..537,,,,
15:46:21..573,4.654341,-0.000992,-0.0003051,0.00019208,0.00618507,-0.00003513,0.00154329,0.00453219,-0.00025101,-0.00234312,15:46:21..582,,,,
15:46:21..655,4.4474814,-0.000992,-0.00030529,0.00019181,0.00618554,-0.00003531,0.001543,0.00453173,-0.00025177,-0.0023431,15:46:21..653,,,,
15:46:21..687,4.72157037,-0.000853,-0.00030551,0.00019102,0.00618491,-0.00003603,0.00152008,0.00452274,-0.00025034,-0.00234745,15:46:21..696,,,,
15:46:21..790,4.7060559,-0.000853,-0.00030569,0.00019141,0.00618499,-0.00003641,0.00152028,0.00452311,-0.00025047,-0.00234736,15:46:21..787,,,,
15:46:21..822,4.9646304,-0.000832,-0.00030659,0.00018966,0.00618338,-0.00003909,0.00148865,0.00451095,-0.00025134,-0.00234007,15:46:21..831,,,,
15:46:21..933,5.00600232,-0.000832,-0.00030583,0.00019001,0.00618492,-0.00003954,0.00148869,0.00451077,-0.00025127,-0.00233973,15:46:21..831,,,,
15:46:21..965,4.54056822,-0.000836,-0.00030525,0.0001906,0.00618373,-0.00004192,0.00147808,0.00450362,-0.00025171,-0.00233627,15:46:21..979,,,,
15:46:22..087,4.51471077,-0.000836,-0.00030516,0.00019083,0.00618432,-0.00004197,0.00147842,0.00450369,-0.00025155,-0.00233651,15:46:22..086,,,,
15:46:22..120,4.59228312,-0.000848,-0.00030339,0.0001913,0.00618814,-0.00004501,0.00146425,0.00449677,-0.00024919,-0.00233762,15:46:22..128,,,,
15:46:22..231,4.50953928,-0.000848,-0.00030437,0.00019108,0.0061845,-0.0000454,0.00146377,0.00449659,-0.00024938,-0.00233743,15:46:22..230,,,,
15:46:22..266,4.07513412,-0.000791,-0.00030336,0.00019051,0.00618322,-0.00004445,0.00146707,0.00450361,-0.00024413,-0.00233361,15:46:22..273,,,,
15:46:22..379,3.96653283,-0.000791,-0.00030288,0.00019012,0.00618291,-0.00004477,0.00146739,0.00450396,-0.00024422,-0.00233407,15:46:22..377,,,,
15:46:22..411,4.99048785,-0.000761,-0.000304,0.00019021,0.00618644,-0.00004485,0.00145835,0.00449799,-0.0002493,-0.0023343,15:46:22..420,,,,
15:46:22..525,5.23354788,-0.000761,-0.0003044,0.00019028,0.0061857,-0.00004539,0.00145754,0.00449822,-0.00024916,-0.00233425,15:46:22..523,,,,
15:46:22..558,4.81465719,-0.000819,-0.00030274,0.00019125,0.00618297,-0.00004461,0.00146513,0.00449695,-0.00025113,-0.00233546,15:46:22..568,,,,
15:46:22..678,4.59745461,-0.000819,-0.0003029,0.00019072,0.00618414,-0.00004453,0.00146476,0.00449669,-0.00025143,-0.0023361,15:46:22..676,,,,
15:46:22..709,4.43713842,-0.000928,-0.00030294,0.00019179,0.00618445,-0.00004458,0.00146688,0.00449796,-0.00025314,-0.0023395,15:46:22..720,,,,
15:46:22..848,4.4991963,-0.000928,-0.00030306,0.00019167,0.00618279,-0.00004472,0.00146686,0.00449822,-0.00025245,-0.00233923,15:46:22..847,,,,
15:46:22..882,4.92325848,-0.001018,-0.00030164,0.00019094,0.00618348,-0.00004516,0.00146805,0.00449829,-0.00025078,-0.00233612,15:46:22..890,,,,
15:46:23..005,4.64399802,-0.001018,-0.00030129,0.00019105,0.00618502,-0.00004539,0.00146838,0.00449846,-0.00025107,-0.00233587,15:46:22..890,,,,
15:46:23..036,4.26130776,-0.000863,-0.00030234,0.00019136,0.00618541,-0.00004431,0.00146835,0.00449541,-0.00025083,-0.00234005,15:46:23..049,,,,
15:46:23..142,4.29750819,-0.000863,-0.00030269,0.00019155,0.00618517,-0.00004508,0.00146729,0.00449555,-0.0002511,-0.00234037,15:46:23..140,,,,
15:46:23..174,4.99048785,-0.000676,-0.00030208,0.00019025,0.00618395,-0.00004478,0.00146767,0.00449756,-0.00024879,-0.00233595,15:46:23..140,,,,
15:46:23..250,4.85085762,-0.000676,-0.00030224,0.00019029,0.00618305,-0.00004467,0.00146757,0.00449846,-0.00024908,-0.00233643,15:46:23..289,,,,
15:46:23..298,4.6026261,-0.000676,-0.00030224,0.00019074,0.00618222,-0.00004478,0.00146754,0.00449817,-0.00024858,-0.00233602,15:46:23..289,,,,
15:46:23..331,4.33888011,-0.000531,-0.00030218,0.00019145,0.00618366,-0.00004435,0.00146793,0.00449591,-0.00024983,-0.00233869,15:46:23..334,,,,
15:46:23..447,4.50436779,-0.000531,-0.00030262,0.00019117,0.00618374,-0.00004417,0.00146814,0.0044958,-0.00024924,-0.00233848,15:46:23..444,,,,
15:46:23..478,5.15080404,-0.000531,-0.00030296,0.0001917,0.0061847,-0.00004303,0.00146955,0.00451914,-0.00024925,-0.0023451,15:46:23..444,,,,
15:46:23..512,5.33697768,-0.00047,-0.00030314,0.00019188,0.00618467,-0.0000427,0.00147022,0.00452418,-0.00024923,-0.00234581,15:46:23..543,,,,
15:46:23..595,4.92842997,-0.00047,-0.00030261,0.00019148,0.00618492,-0.00004252,0.0014701,0.00452413,-0.00024958,-0.00234559,15:46:23..593,,,,
15:46:23..628,4.44230991,-0.000424,-0.0003034,0.00019244,0.00618612,-0.00004329,0.00146797,0.00451359,-0.0002525,-0.00234649,15:46:23..635,,,,
15:46:23..739,4.19924988,-0.000424,-0.00030343,0.00019234,0.00618728,-0.00004295,0.00146805,0.0045134,-0.00025283,-0.00234667,15:46:23..738,,,,
15:46:23..770,3.96653283,-0.000383,-0.00030326,0.00019208,0.00618707,-0.0000418,0.00146963,0.00452077,-0.00025045,-0.00234825,15:46:23..782,,,,
15:46:23..873,4.68536994,-0.000383,-0.00030301,0.00019167,0.0061866,-0.00004161,0.00146977,0.0045217,-0.00025079,-0.0023484,15:46:23..873,,,,
15:46:23..905,4.62331206,-0.00042,-0.00030276,0.00019399,0.00618741,-0.00003965,0.00147552,0.0045473,-0.00025235,-0.00235383,15:46:23..915,,,,
15:46:24..010,4.77845676,-0.00042,-0.00030311,0.00019389,0.00618759,-0.00003998,0.00147572,0.00454718,-0.00025209,-0.00235381,15:46:24..009,,,,
15:46:24..044,4.79397123,-0.000528,-0.0003053,0.00019222,0.0061861,-0.00003956,0.00147348,0.00454257,-0.00025015,-0.00235685,15:46:24..053,,,,
15:46:24..140,4.70088441,-0.000528,-0.00030625,0.00019224,0.00618585,-0.00003947,0.00147326,0.00454231,-0.00025034,-0.00235656,15:46:24..141,,,,
15:46:24..173,4.32853713,-0.000532,-0.00030161,0.00019529,0.00618744,-0.00004495,0.0014667,0.004493,-0.00024964,-0.0023336,15:46:24..184,,,,
15:46:24..262,3.96136134,-0.000532,-0.00030178,0.00019506,0.00618696,-0.00004453,0.00146645,0.00449271,-0.00024934,-0.00233396,15:46:24..262,,,,
15:46:24..294,4.69054143,-0.000563,-0.00030306,0.00019425,0.0061856,-0.0000444,0.00146672,0.004494,-0.00025365,-0.00233598,15:46:24..305,,,,
15:46:24..379,4.87154358,-0.000563,-0.00030295,0.0001946,0.00618657,-0.00004497,0.0014669,0.00449498,-0.00025366,-0.00233659,15:46:24..378,,,,
15:46:24..412,5.00600232,-0.000602,-0.00030576,0.0001899,0.00618436,-0.00004305,0.0014654,0.00450204,-0.00024744,-0.00233726,15:46:24..420,,,,
15:46:24..488,4.81465719,-0.000602,-0.0003053,0.00018982,0.00618488,-0.00004233,0.00146524,0.00450215,-0.00024725,-0.00233744,15:46:24..492,,,,
15:46:24..520,4.53539673,-0.000602,-0.00030474,0.00018901,0.00618568,-0.00004337,0.00146609,0.00451207,-0.00024522,-0.00233404,15:46:24..492,,,,
15:46:24..553,4.43196693,-0.000595,-0.00030537,0.00019012,0.00618526,-0.00004432,0.00146568,0.00450645,-0.00024763,-0.00233626,15:46:24..536,,,,
15:46:24..587,4.56642567,-0.000624,-0.00030499,0.00019109,0.00618393,-0.00004433,0.00146581,0.00450099,-0.00024724,-0.00233855,15:46:24..612,,,,
15:46:24..694,4.61296908,-0.000624,-0.0003053,0.00019169,0.00618332,-0.00004426,0.00146622,0.00450142,-0.00024777,-0.00233758,15:46:24..692,,,,
15:46:24..726,4.84568613,-0.000731,-0.00030461,0.00019046,0.00618449,-0.00004459,0.00146659,0.00450394,-0.00024624,-0.00233419,15:46:24..737,,,,
15:46:24..831,4.74742782,-0.000731,-0.00030419,0.00019072,0.00618353,-0.00004394,0.0014665,0.00450449,-0.00024596,-0.00233389,15:46:24..830,,,,
15:46:24..864,4.51988226,-0.000819,-0.00030448,0.00019056,0.00618512,-0.00004408,0.00146737,0.00450345,-0.00024668,-0.00233848,15:46:24..830,,,,
15:46:24..925,4.63365504,-0.000819,-0.00030437,0.00019091,0.00618436,-0.00004359,0.00146756,0.00450343,-0.00024596,-0.0023387,15:46:24..970,,,,
15:46:24..994,4.46299587,-0.000819,-0.00030499,0.00019005,0.00618456,-0.00004402,0.00146729,0.00450359,-0.00024653,-0.00233845,15:46:24..970,,,,
15:46:25..028,4.74225633,-0.000865,-0.0003043,0.00019064,0.00618346,-0.00004451,0.00146753,0.00450551,-0.00024614,-0.00233564,15:46:25..059,,,,
15:46:25..134,4.69054143,-0.000865,-0.00030457,0.00019043,0.00618304,-0.00004441,0.00146651,0.00450514,-0.00024641,-0.0023364,15:46:25..133,,,,
15:46:25..166,5.0680602,-0.00091,-0.00030451,0.00019093,0.00618204,-0.00004419,0.00146588,0.00450288,-0.00024715,-0.00233633,15:46:25..178,,,,
15:46:25..280,4.7060559,-0.00091,-0.0003047,0.00019044,0.00618238,-0.00004403,0.0014656,0.00450327,-0.00024679,-0.00233654,15:46:25..278,,,,
15:46:25..311,4.70088441,-0.000895,-0.00030509,0.00019105,0.00618292,-0.0000434,0.00146642,0.00450768,-0.00024715,-0.00234022,15:46:25..321,,,,
15:46:25..364,4.61296908,-0.000887,-0.00030527,0.00019087,0.00618194,-0.00004328,0.00146675,0.00450775,-0.00024795,-0.00234039,15:46:25..364,,,,
15:46:25..404,4.70088441,-0.000887,-0.00030517,0.0001907,0.00618228,-0.00004354,0.00146669,0.00450759,-0.00024759,-0.00234026,15:46:25..441,,,,
15:46:25..479,4.77328527,-0.000887,-0.00030468,0.00019102,0.00618295,-0.00004326,0.00146686,0.00450747,-0.00024751,-0.00234016,15:46:25..441,,,,
15:46:25..513,4.77328527,-0.000921,-0.00030448,0.00019118,0.0061813,-0.00004286,0.00146845,0.004508,-0.00024706,-0.00234363,15:46:25..485,,,,
15:46:25..550,4.88188656,-0.000919,-0.00030416,0.00019097,0.00618136,-0.00004291,0.00146936,0.00450769,-0.0002457,-0.00234297,15:46:25..605,,,,
15:46:25..654,4.98014487,-0.000919,-0.00030398,0.00019094,0.00618215,-0.00004282,0.00146949,0.00450772,-0.00024585,-0.00234284,15:46:25..605,,,,
15:46:25..686,4.88705805,-0.000889,-0.00030388,0.00019115,0.00618301,-0.00004333,0.00147165,0.00450742,-0.00024257,-0.00234002,15:46:25..688,,,,
15:46:25..803,4.85085762,-0.000889,-0.00030398,0.00019082,0.00618244,-0.00004306,0.00147145,0.00450701,-0.00024329,-0.00233987,15:46:25..802,,,,
15:46:25..835,5.14046106,-0.000888,-0.00030287,0.00018998,0.00618169,-0.00004258,0.00147347,0.00451146,-0.00023797,-0.00233403,15:46:25..843,,,,
15:46:25..937,4.59228312,-0.000888,-0.00030311,0.00018992,0.00618098,-0.00004299,0.00147264,0.00451137,-0.00023846,-0.00233456,15:46:25..934,,,,
15:46:25..969,5.05771722,-0.000749,-0.00030223,0.00019055,0.00618301,-0.00004263,0.00147306,0.00452157,-0.00023646,-0.00233121,15:46:25..979,,,,
15:46:26..050,4.62331206,-0.000749,-0.00030214,0.00019,0.0061826,-0.00004295,0.00147325,0.00452189,-0.00023605,-0.00233091,15:46:26..080,,,,
15:46:26..115,4.73708484,-0.000749,-0.00030225,0.00019011,0.00618258,-0.00004276,0.00147311,0.00452232,-0.00023662,-0.00233108,15:46:26..080,,,,
15:46:26..150,4.98014487,-0.000461,-0.00029856,0.00019129,0.00618175,-0.00004145,0.00147691,0.0045586,-0.00023276,-0.00231791,15:46:26..169,,,,
15:46:26..249,4.69054143,-0.000461,-0.00029862,0.00019134,0.00618292,-0.00004184,0.00147709,0.00455849,-0.00023285,-0.00231762,15:46:26..247,,,,
15:46:26..282,4.81982868,-0.000329,-0.00029705,0.00019107,0.00618184,-0.00004187,0.00147507,0.00455005,-0.000231,-0.00230973,15:46:26..247,,,,
15:46:26..345,4.53022524,-0.000329,-0.00029654,0.00019154,0.00618317,-0.0000416,0.00147531,0.00455002,-0.00023084,-0.00230901,15:46:26..382,,,,
15:46:26..419,4.92325848,-0.000329,-0.0002969,0.00019115,0.00618235,-0.00004216,0.0014752,0.00454917,-0.00023047,-0.00230931,15:46:26..382,,,,
15:46:26..453,4.77328527,-0.000077,-0.0002982,0.00019137,0.00618178,-0.00004153,0.00147454,0.00454107,-0.00023379,-0.00231752,15:46:26..425,,,,
15:46:26..523,4.62848355,-0.000077,-0.00029827,0.00019111,0.00618125,-0.00004215,0.00147426,0.00454114,-0.00023422,-0.00231691,15:46:26..574,,,,
15:46:26..583,4.7577708,-0.000077,-0.00029862,0.00019104,0.00618109,-0.00004201,0.00147465,0.00454111,-0.00023432,-0.00231685,15:46:26..574,,,,
15:46:26..614,4.18373541,0.000011,-0.0002995,0.00019119,0.00618269,-0.00004293,0.00146986,0.00453621,-0.00023671,-0.0023253,15:46:26..619,,,,
15:46:26..712,4.28716521,0.000011,-0.00029977,0.00019118,0.00618204,-0.00004304,0.00146972,0.00453619,-0.00023652,-0.00232536,15:46:26..709,,,,
15:46:26..744,4.45782438,-0.000076,-0.00030095,0.00019078,0.00618009,-0.00004325,0.00146179,0.00452944,-0.00023838,-0.00232654,15:46:26..709,,,,
15:46:26..825,4.42162395,-0.000076,-0.00030082,0.00019058,0.00618016,-0.00004321,0.00146108,0.00452902,-0.0002385,-0.00232672,15:46:26..865,,,,
15:46:26..901,4.93360146,-0.000076,-0.00030096,0.00019028,0.0061797,-0.00004338,0.00146115,0.00452946,-0.0002385,-0.00232722,15:46:26..865,,,,
15:46:26..935,4.64399802,-0.000323,-0.00030516,0.00019038,0.00618374,-0.00004406,0.00146315,0.00449844,-0.00024827,-0.00232846,15:46:26..953,,,,
15:46:27..051,5.07323169,-0.000323,-0.00030559,0.00019019,0.00618324,-0.00004419,0.00146337,0.00449886,-0.00024862,-0.002329,15:46:27..049,,,,
15:46:27..082,4.82500017,-0.00038,-0.00030486,0.00019045,0.00618044,-0.00004192,0.00146527,0.00450565,-0.0002467,-0.00233662,15:46:27..093,,,,
15:46:27..188,4.41645246,-0.00038,-0.00030461,0.00018981,0.00617973,-0.00004215,0.00146555,0.00450615,-0.00024636,-0.00233718,15:46:27..186,,,,
15:46:27..220,4.29750819,-0.000416,-0.00030679,0.00018906,0.00618011,-0.00004237,0.00146537,0.00452298,-0.00024316,-0.00233693,15:46:27..230,,,,
15:46:27..330,4.42679544,-0.000416,-0.00030688,0.00018917,0.0061802,-0.00004189,0.00146554,0.00452335,-0.00024361,-0.00233674,15:46:27..328,,,,
15:46:27..363,4.74225633,-0.000471,-0.00030693,0.00018878,0.00618455,-0.00004068,0.0014688,0.00454116,-0.0002405,-0.00233732,15:46:27..328,,,,
15:46:27..435,4.654341,-0.000471,-0.00030666,0.00018911,0.00618397,-0.00004094,0.00146891,0.00454128,-0.00024056,-0.00233714,15:46:27..464,,,,
15:46:27..472,4.92842997,-0.000471,-0.00030671,0.00018889,0.00618393,-0.00004066,0.00146896,0.00454103,-0.00024074,-0.00233733,15:46:27..464,,,,
15:46:27..508,4.3440516,-0.00058,-0.00030465,0.00018944,0.00618584,-0.00003873,0.00147385,0.00455204,-0.00023965,-0.00233716,15:46:27..506,,,,
15:46:27..613,4.31302266,-0.00058,-0.00030456,0.00018942,0.00618591,-0.00003969,0.00147324,0.0045523,-0.00023963,-0.0023374,15:46:27..613,,,,
15:46:27..646,4.56125418,-0.000644,-0.00030437,0.00019003,0.0061849,-0.00003941,0.00147702,0.00457383,-0.00023746,-0.0023382,15:46:27..657,,,,
15:46:27..764,4.74742782,-0.000644,-0.0003037,0.00019033,0.00618463,-0.0000391,0.00147706,0.00457403,-0.00023767,-0.00233765,15:46:27..762,,,,
15:46:27..795,4.44230991,-0.000707,-0.00030465,0.00019006,0.00618269,-0.00003724,0.001478,0.00458003,-0.00023935,-0.00234003,15:46:27..762,,,,
15:46:27..863,4.70088441,-0.000707,-0.00030456,0.00019037,0.00618218,-0.00003673,0.00147773,0.00457966,-0.00023937,-0.00233976,15:46:27..892,,,,
15:46:27..901,4.35439458,-0.000707,-0.0003049,0.00019022,0.00618287,-0.00003736,0.00147779,0.00457965,-0.00023913,-0.00234015,15:46:27..892,,,,
15:46:27..933,4.82500017,-0.000709,-0.0003041,0.00019037,0.00618459,-0.00003513,0.00148127,0.00458149,-0.00024066,-0.00234308,15:46:27..935,,,,
15:46:28..037,4.92325848,-0.000709,-0.000304,0.00018973,0.00618515,-0.00003574,0.001481,0.00458094,-0.0002406,-0.00234318,15:46:28..086,,,,
15:46:28..130,4.90774401,-0.000709,-0.00030372,0.00019028,0.00618476,-0.00003608,0.00148053,0.00457961,-0.00024103,-0.00234367,15:46:28..086,,,,
15:46:28..164,4.56642567,-0.000708,-0.00030409,0.00018956,0.00618358,-0.00004325,0.0014709,0.00452943,-0.00023847,-0.00233469,15:46:28..173,,,,
15:46:28..260,4.8612006,-0.000708,-0.00030401,0.00018928,0.00618414,-0.00004312,0.00147046,0.00452964,-0.00023872,-0.00233499,15:46:28..292,,,,
15:46:28..309,4.69054143,-0.000708,-0.00030419,0.00018959,0.00618379,-0.00004286,0.00147022,0.00453001,-0.00023884,-0.0023347,15:46:28..292,,,,
15:46:28..339,4.99048785,-0.000744,-0.00030378,0.00018879,0.00618247,-0.00004196,0.00147069,0.00453174,-0.00024018,-0.0023338,15:46:28..383,,,,
15:46:28..467,4.75259931,-0.000744,-0.00030376,0.00018828,0.0061823,-0.00004262,0.00147016,0.00453187,-0.00024052,-0.00233431,15:46:28..466,,,,
15:46:28..498,4.76294229,-0.000744,-0.00030406,0.00018929,0.00618225,-0.00004274,0.00147171,0.00454405,-0.00023996,-0.00234,15:46:28..466,,,,
15:46:28..532,4.31302266,-0.000717,-0.00030386,0.00018993,0.00618304,-0.00004252,0.00147181,0.0045449,-0.00024,-0.00234055,15:46:28..594,,,,
15:46:28..639,4.59228312,-0.000688,-0.000304,0.00018957,0.00618219,-0.00004275,0.00147115,0.00454454,-0.00024038,-0.00234107,15:46:28..637,,,,
15:46:28..670,4.61814057,-0.000617,-0.00030136,0.00019014,0.00618338,-0.00004225,0.00147494,0.00452823,-0.00024069,-0.00233607,15:46:28..681,,,,
15:46:28..774,4.46816736,-0.000617,-0.0003018,0.00018986,0.00618276,-0.00004259,0.00147529,0.00452779,-0.00024109,-0.00233616,15:46:28..772,,,,
15:46:28..806,4.56642567,-0.000628,-0.00030069,0.0001903,0.00618221,-0.00004335,0.00147273,0.00451735,-0.00024115,-0.00233113,15:46:28..817,,,,
15:46:28..915,4.41645246,-0.000628,-0.00030108,0.0001904,0.00618195,-0.00004344,0.00147306,0.00451776,-0.0002413,-0.00233146,15:46:28..913,,,,
15:46:28..948,4.32336564,-0.000649,-0.00030102,0.00018973,0.0061821,-0.00004375,0.00147031,0.00451056,-0.00024216,-0.00232936,15:46:29..011,,,,
15:46:29..055,4.36473756,-0.000695,-0.00030156,0.00018953,0.00618256,-0.00004384,0.00146986,0.00451081,-0.00024258,-0.00232876,15:46:29..054,,,,
15:46:29..087,4.48885332,-0.000702,-0.0003015,0.00018989,0.00618333,-0.00004354,0.00147167,0.00451849,-0.0002405,-0.00233022,15:46:29..054,,,,
15:46:29..173,4.47851034,-0.000704,-0.00030112,0.00018967,0.00618367,-0.00004345,0.0014719,0.0045189,-0.00024091,-0.00233036,15:46:29..221,,,,
15:46:29..268,4.78879974,-0.000704,-0.00030122,0.00018986,0.00618383,-0.00004368,0.00147145,0.00451961,-0.00024017,-0.00232984,15:46:29..267,,,,
15:46:29..302,5.07840318,-0.000731,-0.00030681,0.00018797,0.00618244,-0.00003894,0.00147396,0.00458109,-0.00023756,-0.00233471,15:46:29..312,,,,
15:46:29..426,5.44040748,-0.000731,-0.00030673,0.00018767,0.00618233,-0.00003824,0.00147461,0.00458114,-0.00023758,-0.00233486,15:46:29..424,,,,
15:46:29..458,5.13528957,-0.000757,-0.00030249,0.00018966,0.00618272,-0.00004022,0.00147225,0.00452216,-0.00024448,-0.00234042,15:46:29..424,,,,
15:46:29..529,4.53539673,-0.000757,-0.00030266,0.00019023,0.00618356,-0.00004079,0.00147246,0.00452178,-0.00024486,-0.00234072,15:46:29..567,,,,
15:46:29..576,4.48368183,-0.000757,-0.00030253,0.00019014,0.00618349,-0.00004032,0.00147247,0.00452227,-0.00024437,-0.00234038,15:46:29..567,,,,
15:46:29..610,4.69571292,-0.000822,-0.00030457,0.00018929,0.00618325,-0.0000415,0.00147291,0.00452487,-0.00024297,-0.0023418,15:46:29..654,,,,
15:46:29..712,4.49402481,-0.000822,-0.00030474,0.00018919,0.00618333,-0.00004184,0.00147269,0.00452445,-0.00024257,-0.00234136,15:46:29..654,,,,
15:46:29..745,4.74225633,-0.000846,-0.00030427,0.00018979,0.00618428,-0.00004065,0.00147357,0.00452325,-0.00024418,-0.00234558,15:46:29..757,,,,
15:46:29..870,4.73708484,-0.000846,-0.00030421,0.00019029,0.00618358,-0.00004049,0.00147432,0.0045232,-0.00024439,-0.00234508,15:46:29..868,,,,
15:46:29..902,4.6026261,-0.000948,-0.00030448,0.00019017,0.00618417,-0.00004142,0.00147239,0.00452282,-0.00024554,-0.00234408,15:46:29..912,,,,
15:46:30..029,4.45782438,-0.000948,-0.00030439,0.00019005,0.00618362,-0.00004141,0.00147224,0.00452238,-0.0002459,-0.00234406,15:46:30..026,,,,
15:46:30..060,4.79397123,-0.000996,-0.0003059,0.00019417,0.00618673,-0.00004072,0.00146783,0.00451024,-0.00025193,-0.00234652,15:46:30..069,,,,
15:46:30..192,4.7577708,-0.000996,-0.00030597,0.00019473,0.00618688,-0.00004116,0.0014677,0.00450987,-0.00025226,-0.00234681,15:46:30..189,,,,
15:46:30..224,4.63365504,-0.000946,-0.00030387,0.00018931,0.00618475,-0.0000384,0.00147438,0.00452126,-0.00024533,-0.00234494,15:46:30..232,,,,
15:46:30..333,4.65951249,-0.000946,-0.00030384,0.00018936,0.0061847,-0.00003852,0.00147465,0.00452248,-0.00024449,-0.00234406,15:46:30..331,,,,
15:46:30..365,3.84241707,-0.000844,-0.00030537,0.00019216,0.00618525,-0.00004464,0.0014657,0.00448632,-0.00024625,-0.00233838,15:46:30..377,,,,
15:46:30..483,4.2406218,-0.000844,-0.00030579,0.00019212,0.006185,-0.00004459,0.00146569,0.00448548,-0.00024629,-0.0023384,15:46:30..481,,,,
15:46:30..516,4.84568613,-0.000718,-0.00030595,0.0001883,0.00618123,-0.00004255,0.00146862,0.00449711,-0.00024159,-0.00233305,15:46:30..525,,,,
15:46:30..635,5.16114702,-0.000718,-0.0003058,0.00018828,0.00618147,-0.00004258,0.00146866,0.00449736,-0.00024155,-0.00233257,15:46:30..632,,,,
15:46:30..666,3.94067538,-0.000673,-0.00030507,0.00018903,0.00618231,-0.00004294,0.00147002,0.00448853,-0.00024109,-0.00233705,15:46:30..675,,,,
15:46:30..788,4.65951249,-0.000673,-0.00030529,0.00018909,0.00618264,-0.00004251,0.00146989,0.00448888,-0.00024145,-0.00233663,15:46:30..786,,,,
15:46:30..819,5.10943212,-0.000673,-0.00030435,0.00018928,0.00617874,-0.00004267,0.00147147,0.00451216,-0.00023689,-0.00233023,15:46:30..786,,,,
15:46:30..855,5.0680602,-0.000707,-0.00030469,0.00018901,0.00617849,-0.00004209,0.00147191,0.00451303,-0.00023717,-0.00233285,15:46:30..904,,,,
15:46:30..958,4.91808699,-0.000707,-0.0003045,0.00018861,0.00617908,-0.00004246,0.00147199,0.00451306,-0.00023718,-0.00233275,15:46:30..957,,,,
15:46:30..991,4.69054143,-0.000703,-0.00030517,0.00018837,0.00617812,-0.00004263,0.00147082,0.00450015,-0.00023849,-0.00233294,15:46:31..004,,,,
15:46:31..036,4.5509112,-0.000717,-0.00030491,0.00018817,0.00617775,-0.00004272,0.00147102,0.00449995,-0.00023908,-0.00233333,15:46:31..081,,,,
15:46:31..096,4.46816736,-0.000717,-0.00030491,0.00018809,0.00617737,-0.00004273,0.00147099,0.00450015,-0.00023836,-0.00233296,15:46:31..081,,,,
15:46:31..129,4.8094857,-0.000676,-0.00030508,0.00018898,0.00617878,-0.00004315,0.00147072,0.00450396,-0.00023985,-0.00233778,15:46:31..167,,,,
15:46:31..248,4.53539673,-0.000676,-0.00030527,0.00018892,0.00617844,-0.00004258,0.00147069,0.00450415,-0.00023977,-0.00233817,15:46:31..246,,,,
15:46:31..279,4.78362825,-0.000688,-0.00030496,0.00018866,0.00618102,-0.00004304,0.0014689,0.00449976,-0.00024024,-0.00233646,15:46:31..288,,,,
15:46:31..377,4.60779759,-0.000688,-0.00030511,0.00018854,0.00618188,-0.00004313,0.00146891,0.00449948,-0.00024065,-0.00233601,15:46:31..374,,,,
15:46:31..409,4.74742782,-0.00067,-0.00030558,0.00018828,0.00617964,-0.00004317,0.00146733,0.00449419,-0.00024177,-0.00233374,15:46:31..417,,,,
15:46:31..526,4.94394444,-0.00067,-0.000306,0.00018837,0.0061795,-0.00004343,0.0014675,0.00449391,-0.00024163,-0.00233362,15:46:31..524,,,,
15:46:31..557,4.61814057,-0.000731,-0.00030611,0.00018872,0.00617731,-0.00004378,0.00146873,0.00449837,-0.00024114,-0.00233533,15:46:31..566,,,,
15:46:31..664,4.51471077,-0.000731,-0.00030523,0.00018877,0.00617809,-0.00004358,0.00146856,0.00449864,-0.00024119,-0.00233501,15:46:31..662,,,,
15:46:31..696,4.76811378,-0.000739,-0.00030536,0.00018825,0.0061773,-0.00004308,0.00146928,0.00450032,-0.0002402,-0.00233406,15:46:31..662,,,,
15:46:31..770,4.66985547,-0.000739,-0.00030565,0.00018823,0.00617769,-0.00004374,0.00146929,0.00450078,-0.00024068,-0.00233435,15:46:31..800,,,,
15:46:31..819,5.24906235,-0.000739,-0.00030596,0.00018816,0.00617801,-0.00004353,0.00146949,0.00450056,-0.00024008,-0.00233456,15:46:31..800,,,,
15:46:31..853,4.67502696,-0.00075,-0.00030592,0.00018834,0.00617746,-0.00004349,0.00146793,0.00450929,-0.00024084,-0.00233357,15:46:31..887,,,,
15:46:31..992,4.83017166,-0.00075,-0.00030617,0.00018863,0.00617753,-0.00004345,0.00146779,0.0045094,-0.00024077,-0.00233295,15:46:31..990,,,,
15:46:32..025,4.54056822,-0.000713,-0.00030642,0.00018823,0.00617737,-0.00004401,0.0014649,0.00449876,-0.00024296,-0.00232643,15:46:32..035,,,,
15:46:32..148,4.45782438,-0.000713,-0.00030659,0.00018792,0.00617749,-0.00004406,0.00146488,0.00449824,-0.00024305,-0.00232645,15:46:32..146,,,,
15:46:32..180,4.81982868,-0.000617,-0.00030687,0.00018795,0.00617648,-0.00004403,0.00146464,0.00449273,-0.00024413,-0.00232671,15:46:32..190,,,,
15:46:32..295,5.40937854,-0.000617,-0.00030631,0.00018819,0.00617856,-0.00004394,0.00146459,0.00449285,-0.00024406,-0.00232599,15:46:32..293,,,,
15:46:32..327,4.53539673,-0.000506,-0.00030653,0.00018827,0.00617895,-0.00004424,0.00146476,0.00449194,-0.0002442,-0.00232882,15:46:32..337,,,,
15:46:32..431,4.96980189,-0.000506,-0.00030672,0.00018804,0.00617931,-0.00004413,0.00146492,0.00449269,-0.00024409,-0.00232876,15:46:32..429,,,,
15:46:32..463,4.58711163,-0.000478,-0.00030652,0.00018807,0.0061786,-0.00004399,0.00146598,0.00449559,-0.00024352,-0.00233023,15:46:32..475,,,,
15:46:32..515,5.1197751,-0.000558,-0.00030637,0.00018823,0.00617878,-0.00004389,0.00146613,0.00449603,-0.00024276,-0.00233015,15:46:32..519,,,,
15:46:32..583,4.56642567,-0.000558,-0.00030655,0.00018834,0.00617864,-0.00004424,0.00146619,0.00449641,-0.00024315,-0.00233007,15:46:32..519,,,,
15:46:32..616,4.79397123,-0.000655,-0.00030653,0.00018847,0.00617905,-0.00004468,0.00146614,0.00449629,-0.00024336,-0.00232955,15:46:32..631,,,,
15:46:32..717,4.25096478,-0.000655,-0.0003067,0.0001882,0.00617875,-0.00004439,0.00146577,0.0044962,-0.00024343,-0.00232961,15:46:32..715,,,,
15:46:32..750,4.69054143,-0.000743,-0.00030709,0.00018836,0.00617807,-0.00004446,0.00146533,0.0044987,-0.00024376,-0.0023304,15:46:32..758,,,,
15:46:32..853,4.25096478,-0.000743,-0.00030685,0.00018831,0.00617857,-0.00004473,0.00146529,0.00449845,-0.00024346,-0.00233064,15:46:32..850,,,,
15:46:32..885,5.04737424,-0.000844,-0.00030656,0.00018866,0.00617694,-0.00004454,0.00146555,0.00449593,-0.00024379,-0.00233135,15:46:32..894,,,,
15:46:33..030,4.83017166,-0.000844,-0.00030652,0.00018914,0.00617664,-0.00004444,0.0014657,0.00449613,-0.0002437,-0.00233128,15:46:33..027,,,,
15:46:33..061,4.31819415,-0.000844,-0.00030695,0.00018847,0.00617737,-0.00004512,0.00146551,0.00449128,-0.00024471,-0.00232952,15:46:33..027,,,,
15:46:33..095,4.22510733,-0.000706,-0.00030651,0.00018815,0.0061765,-0.00004407,0.00146612,0.0044937,-0.00024382,-0.00232965,15:46:33..154,,,,
15:46:33..206,4.02341922,-0.000706,-0.00030631,0.0001886,0.00617566,-0.00004442,0.00146612,0.00449351,-0.00024412,-0.00233001,15:46:33..205,,,,
15:46:33..237,4.51988226,-0.000706,-0.00030655,0.00018872,0.00617653,-0.00004477,0.0014658,0.00449649,-0.00024332,-0.00233079,15:46:33..205,,,,
15:46:33..272,4.76811378,-0.00066,-0.00030716,0.00018881,0.00617675,-0.0000448,0.00146592,0.00449564,-0.00024411,-0.00233184,15:46:33..248,,,,
15:46:33..306,5.94204201,-0.00066,-0.00030682,0.0001883,0.00617667,-0.00004426,0.00146622,0.00449618,-0.0002437,-0.00233207,15:46:33..347,,,,
15:46:33..371,5.95755648,-0.000677,-0.00030651,0.0001879,0.0061771,-0.0000451,0.00146588,0.0044962,-0.00024359,-0.00233214,15:46:33..427,,,,
15:46:33..433,4.01824773,-0.000677,-0.0003064,0.00018876,0.00617588,-0.00004452,0.00146621,0.00449571,-0.00024319,-0.00233175,15:46:33..427,,,,
15:46:33..466,4.6026261,-0.000746,-0.00030702,0.00018792,0.00617661,-0.00004482,0.00146624,0.00449777,-0.0002432,-0.00232923,15:46:33..469,,,,
15:46:33..579,4.33370862,-0.000746,-0.00030703,0.00018787,0.00617622,-0.00004498,0.00146568,0.00449761,-0.00024285,-0.00232948,15:46:33..577,,,,
15:46:33..611,4.86637209,-0.000724,-0.00030694,0.00018856,0.00617596,-0.00004496,0.0014665,0.00449676,-0.00024296,-0.00233008,15:46:33..621,,,,
15:46:33..734,4.69571292,-0.000724,-0.00030656,0.00018886,0.00617727,-0.0000449,0.00146649,0.004497,-0.0002429,-0.00232975,15:46:33..732,,,,
15:46:33..766,4.31819415,-0.000823,-0.00030678,0.0001886,0.00617384,-0.00004485,0.00146631,0.0044963,-0.00024293,-0.00233022,15:46:33..812,,,,
15:46:33..896,4.54573971,-0.000823,-0.00030678,0.00018828,0.00617411,-0.00004472,0.00146651,0.00449681,-0.00024306,-0.00233045,15:46:33..895,,,,
15:46:33..929,4.78362825,-0.000775,-0.00030719,0.00018806,0.00617382,-0.00004523,0.00146597,0.00449762,-0.00024418,-0.00232978,15:46:33..942,,,,
15:46:34..061,4.98531636,-0.000775,-0.00030694,0.0001885,0.00617388,-0.00004479,0.00146549,0.00449787,-0.00024416,-0.00232996,15:46:34..058,,,,
15:46:34..094,4.69571292,-0.000676,-0.00030701,0.00018883,0.00617316,-0.00004517,0.00146465,0.00449587,-0.00024524,-0.00232927,15:46:34..163,,,,
15:46:34..208,5.28009129,-0.000606,-0.00030729,0.00018839,0.00617355,-0.00004496,0.00146511,0.00449549,-0.00024567,-0.00233022,15:46:34..163,,,,
15:46:34..240,5.18183298,-0.000606,-0.00030725,0.00018852,0.00617272,-0.00004557,0.00146524,0.00449741,-0.00024495,-0.0023304,15:46:34..208,,,,
15:46:34..273,4.71122739,-0.000526,-0.00030686,0.00018791,0.00617281,-0.00004553,0.00146508,0.0044986,-0.00024504,-0.00233045,15:46:34..323,,,,
15:46:34..371,4.39059501,-0.000526,-0.0003072,0.00018841,0.00617302,-0.00004548,0.00146495,0.00449866,-0.00024508,-0.00233025,15:46:34..368,,,,
15:46:34..402,5.66278155,-0.000518,-0.00030719,0.00018877,0.00617176,-0.00004576,0.00146462,0.00449929,-0.00024595,-0.00233046,15:46:34..410,,,,
15:46:34..475,4.71122739,-0.000513,-0.00030726,0.00018847,0.00617155,-0.00004561,0.00146386,0.00449948,-0.00024571,-0.00233045,15:46:34..516,,,,
15:46:34..520,4.88705805,-0.000513,-0.00030706,0.00018858,0.00617272,-0.00004574,0.00146428,0.00449851,-0.00024584,-0.00233097,15:46:34..516,,,,
15:46:34..554,4.51988226,-0.000572,-0.00030742,0.00018833,0.0061714,-0.000045,0.00146452,0.00449476,-0.00024634,-0.0023322,15:46:34..516,,,,
15:46:34..628,4.20959286,-0.000572,-0.00030741,0.0001885,0.00617126,-0.00004529,0.001465,0.00449512,-0.00024617,-0.0023321,15:46:34..669,,,,
15:46:34..677,4.03893369,-0.000572,-0.0003074,0.00018875,0.00617128,-0.00004458,0.00146468,0.00449498,-0.0002464,-0.00233223,15:46:34..669,,,,
15:46:34..710,5.60072367,-0.000639,-0.00030711,0.00018859,0.006171,-0.00004502,0.00146436,0.00449581,-0.00024628,-0.00232787,15:46:34..712,,,,
15:46:34..826,4.55608269,-0.000639,-0.00030662,0.00018866,0.00617176,-0.0000454,0.00146386,0.00449624,-0.00024609,-0.00232758,15:46:34..823,,,,
15:46:34..859,5.38869258,-0.000768,-0.000307,0.00018876,0.00617259,-0.00004573,0.00146445,0.00449667,-0.00024661,-0.00233078,15:46:34..866,,,,
15:46:35..004,4.86637209,-0.000768,-0.000307,0.0001884,0.00617154,-0.00004535,0.00146423,0.00449637,-0.00024668,-0.00233081,15:46:35..002,,,,
15:46:35..036,4.09582008,-0.000743,-0.00030729,0.00018821,0.00617286,-0.00004506,0.00146474,0.00449813,-0.0002456,-0.00233226,15:46:35..044,,,,
15:46:35..095,4.54056822,-0.000742,-0.00030718,0.00018854,0.0061723,-0.00004514,0.00146475,0.00449793,-0.00024607,-0.00233235,15:46:35..152,,,,
15:46:35..178,4.76294229,-0.000742,-0.00030712,0.00018836,0.0061726,-0.00004558,0.00146445,0.00449825,-0.00024573,-0.00233248,15:46:35..152,,,,
15:46:35..213,4.91808699,-0.000773,-0.00030765,0.00018807,0.0061705,-0.00004544,0.00146421,0.00449619,-0.00024632,-0.00233289,15:46:35..195,,,,
15:46:35..246,4.42679544,-0.000822,-0.00030746,0.00018821,0.00617032,-0.00004575,0.00146446,0.00449731,-0.0002456,-0.00233286,15:46:35..326,,,,
15:46:35..379,4.58194014,-0.000822,-0.00030785,0.00018875,0.0061704,-0.00004531,0.00146449,0.00449733,-0.00024613,-0.00233297,15:46:35..378,,,,
15:46:35..411,4.78362825,-0.000809,-0.00030703,0.00018845,0.0061724,-0.0000454,0.0014651,0.00449717,-0.00024482,-0.00233381,15:46:35..420,,,,
15:46:35..483,4.42679544,-0.000809,-0.00030771,0.00018798,0.00617226,-0.00004548,0.00146423,0.00449724,-0.00024508,-0.00233417,15:46:35..480,,,,
15:46:35..521,5.16631851,-0.000809,-0.000307,0.00018832,0.00617224,-0.0000454,0.00146455,0.00449772,-0.000245,-0.00233393,15:46:35..480,,,,
15:46:35..554,4.95428742,-0.000779,-0.0003077,0.00018822,0.00617186,-0.00004534,0.00146484,0.00450055,-0.00024535,-0.00233527,15:46:35..523,,,,
15:46:35..589,4.25613627,-0.000749,-0.00030756,0.00018784,0.00617095,-0.00004553,0.0014647,0.00449975,-0.00024568,-0.0023335,15:46:35..646,,,,
15:46:35..719,4.69054143,-0.000749,-0.00030771,0.00018777,0.00617092,-0.00004537,0.00146415,0.00449958,-0.00024587,-0.00233388,15:46:35..716,,,,
15:46:35..751,4.47333885,-0.000815,-0.00030773,0.00018813,0.00617299,-0.00004532,0.00146363,0.00449644,-0.00024702,-0.00233209,15:46:35..759,,,,
15:46:35..892,4.80431421,-0.000815,-0.00030757,0.00018863,0.00617357,-0.00004559,0.00146356,0.00449663,-0.00024641,-0.00233205,15:46:35..889,,,,
15:46:35..924,4.8612006,-0.000926,-0.00030749,0.00018752,0.00617243,-0.0000455,0.00146443,0.00449924,-0.00024613,-0.0023326,15:46:35..932,,,,
15:46:36..056,4.81982868,-0.000926,-0.00030768,0.00018761,0.00617213,-0.00004527,0.00146431,0.00449892,-0.00024565,-0.00233234,15:46:36..053,,,,
15:46:36..086,4.66985547,-0.000926,-0.00030757,0.00018808,0.00617172,-0.00004559,0.00146382,0.00449695,-0.00024614,-0.00233313,15:46:36..053,,,,
15:46:36..120,4.38025203,-0.000906,-0.00030767,0.00018783,0.00617276,-0.00004586,0.00146407,0.0044972,-0.00024595,-0.00233243,15:46:36..196,,,,
15:46:36..245,4.20959286,-0.000906,-0.00030767,0.00018796,0.00617286,-0.00004515,0.00146448,0.00449759,-0.00024583,-0.00233275,15:46:36..244,,,,
15:46:36..277,5.02151679,-0.000869,-0.00030757,0.00018799,0.00617338,-0.00004531,0.0014645,0.00449276,-0.0002472,-0.00233308,15:46:36..287,,,,
15:46:36..389,5.78689731,-0.000869,-0.00030757,0.00018822,0.00617284,-0.00004539,0.00146483,0.00449269,-0.00024755,-0.00233305,15:46:36..386,,,,
15:46:36..421,5.30594874,-0.000879,-0.00030777,0.00018702,0.00617174,-0.000046,0.0014653,0.00449691,-0.00024636,-0.00233318,15:46:36..429,,,,
15:46:36..535,4.28199372,-0.000879,-0.00030827,0.00018748,0.00617183,-0.00004608,0.00146504,0.00449738,-0.00024563,-0.00233307,15:46:36..533,,,,
15:46:36..566,4.37508054,-0.000852,-0.00030771,0.00018801,0.00617399,-0.0000461,0.00146514,0.00449487,-0.00024632,-0.0023362,15:46:36..575,,,,
15:46:36..687,4.37508054,-0.000852,-0.00030805,0.00018799,0.00617389,-0.00004639,0.00146473,0.00449432,-0.00024656,-0.00233609,15:46:36..684,,,,
15:46:36..719,4.36990905,-0.000846,-0.00030685,0.0001878,0.00617272,-0.00004624,0.00146532,0.00449517,-0.00024545,-0.00233339,15:46:36..728,,,,
15:46:36..843,5.28526278,-0.000846,-0.00030755,0.00018803,0.00617264,-0.0000457,0.00146559,0.00449548,-0.00024544,-0.00233325,15:46:36..841,,,,
15:46:36..875,4.8612006,-0.000806,-0.00030777,0.00018752,0.00617151,-0.00004656,0.00146498,0.00449989,-0.00024557,-0.00233554,15:46:36..885,,,,
15:46:36..990,4.87671507,-0.000806,-0.00030748,0.00018718,0.00617206,-0.00004621,0.00146507,0.00449968,-0.00024523,-0.00233577,15:46:36..987,,,,
15:46:37..021,4.87154358,-0.000847,-0.00030743,0.0001877,0.00617269,-0.0000465,0.00146459,0.00449851,-0.00024667,-0.0023338,15:46:37..030,,,,
15:46:37..129,4.59228312,-0.000847,-0.00030747,0.00018777,0.00617223,-0.00004621,0.00146429,0.0044983,-0.00024653,-0.00233418,15:46:37..126,,,,
15:46:37..160,4.64399802,-0.000839,-0.00030767,0.00018705,0.00617211,-0.00004611,0.00146395,0.00449913,-0.00024699,-0.00233411,15:46:37..170,,,,
15:46:37..280,4.85602911,-0.000839,-0.0003078,0.00018748,0.00617213,-0.00004574,0.00146389,0.00449867,-0.000247,-0.00233437,15:46:37..277,,,,
15:46:37..312,5.02151679,-0.000714,-0.00030775,0.00018761,0.00617207,-0.00004638,0.00146412,0.00449825,-0.0002466,-0.00233455,15:46:37..277,,,,
15:46:37..362,4.66468398,-0.000618,-0.00030768,0.0001874,0.00617274,-0.00004683,0.0014641,0.00449833,-0.0002467,-0.00233459,15:46:37..396,,,,
15:46:37..447,4.62848355,-0.000618,-0.00030785,0.00018739,0.00617272,-0.00004686,0.00146391,0.00449824,-0.00024656,-0.00233522,15:46:37..396,,,,
15:46:37..481,4.53022524,-0.000618,-0.00030782,0.00018706,0.00617104,-0.00004658,0.00146401,0.00449845,-0.00024733,-0.00233482,15:46:37..448,,,,
15:46:37..516,4.57676865,-0.000497,-0.00030811,0.00018722,0.00617158,-0.00004625,0.00146383,0.0044982,-0.00024755,-0.00233388,15:46:37..586,,,,
15:46:37..638,4.87671507,-0.000497,-0.00030803,0.00018702,0.00617172,-0.00004591,0.00146401,0.00449845,-0.00024718,-0.00233382,15:46:37..637,,,,
15:46:37..669,4.80431421,-0.00056,-0.00030772,0.00018736,0.00617178,-0.000047,0.00146366,0.004496,-0.00024656,-0.00233449,15:46:37..682,,,,
15:46:37..780,4.72674186,-0.00056,-0.00030756,0.00018768,0.00617219,-0.00004617,0.00146382,0.00449648,-0.00024693,-0.0023346,15:46:37..777,,,,
15:46:37..811,4.72157037,-0.000594,-0.00030741,0.00018758,0.00617284,-0.00004664,0.00146299,0.00448835,-0.00024738,-0.00233243,15:46:37..822,,,,
15:46:37..857,4.56642567,-0.000594,-0.00030813,0.00018756,0.00617288,-0.00004678,0.00146308,0.00448851,-0.00024709,-0.00233305,15:46:37..868,,,,
15:46:37..903,4.6026261,-0.000594,-0.00030805,0.00018736,0.00617279,-0.00004725,0.00146328,0.00448834,-0.00024674,-0.00233282,15:46:37..868,,,,
15:46:37..936,4.68019845,-0.000545,-0.00030794,0.00018744,0.00617252,-0.00004617,0.00146264,0.00449452,-0.00024835,-0.00233223,15:46:37..911,,,,
15:46:37..992,4.66468398,-0.000518,-0.0003076,0.00018782,0.00617263,-0.00004634,0.00146319,0.00449417,-0.00024818,-0.00233203,15:46:38..036,,,,
15:46:38..051,4.84568613,-0.000518,-0.00030852,0.00018781,0.00617207,-0.00004653,0.0014627,0.00449375,-0.00024904,-0.00233241,15:46:38..036,,,,
15:46:38..086,4.85602911,-0.000557,-0.00030796,0.00018717,0.00617355,-0.00004615,0.00146331,0.00449661,-0.00024679,-0.00233114,15:46:38..120,,,,
15:46:38..185,4.8612006,-0.000557,-0.00030802,0.0001869,0.00617425,-0.00004671,0.00146333,0.00449722,-0.00024718,-0.00233119,15:46:38..183,,,,
15:46:38..216,4.64399802,-0.000587,-0.00030789,0.00018748,0.00617268,-0.00004733,0.00146337,0.00449411,-0.00024749,-0.00233115,15:46:38..225,,,,
15:46:38..327,4.43713842,-0.000587,-0.00030768,0.00018727,0.00617248,-0.00004694,0.00146312,0.00449387,-0.00024764,-0.00233171,15:46:38..323,,,,
15:46:38..359,4.58194014,-0.000689,-0.00030792,0.00018712,0.00617325,-0.00004712,0.00146326,0.00448725,-0.00024704,-0.0023332,15:46:38..369,,,,
15:46:38..464,4.7060559,-0.000689,-0.00030784,0.00018771,0.00617308,-0.00004671,0.00146333,0.00448712,-0.0002465,-0.00233323,15:46:38..462,,,,
15:46:38..496,4.53539673,-0.000772,-0.00030776,0.00018721,0.00617262,-0.00004679,0.00146277,0.00449466,-0.00024728,-0.00233045,15:46:38..506,,,,
15:46:38..612,4.85085762,-0.000772,-0.00030752,0.00018747,0.0061725,-0.00004737,0.00146292,0.00449485,-0.00024755,-0.00233039,15:46:38..609,,,,
15:46:38..644,4.81465719,-0.00072,-0.00030801,0.00018726,0.00617148,-0.00004679,0.00146276,0.00449508,-0.00024742,-0.00233466,15:46:38..652,,,,
15:46:38..708,4.64399802,-0.00068,-0.00030796,0.00018726,0.00617153,-0.000047,0.00146299,0.00449577,-0.00024749,-0.00233504,15:46:38..758,,,,
15:46:38..803,4.90774401,-0.00068,-0.00030844,0.00018685,0.00617148,-0.00004659,0.00146266,0.00449573,-0.00024676,-0.00233464,15:46:38..803,,,,
15:46:38..838,4.84051464,-0.000647,-0.00030808,0.00018675,0.00617062,-0.0000471,0.00146346,0.00449843,-0.0002467,-0.00233486,15:46:38..848,,,,
15:46:38..948,4.59228312,-0.000647,-0.00030786,0.00018652,0.0061706,-0.00004683,0.00146349,0.00449874,-0.00024648,-0.00233459,15:46:38..946,,,,
15:46:38..980,4.6026261,-0.000646,-0.00030743,0.00018687,0.00617191,-0.00004697,0.00146367,0.00449306,-0.00024651,-0.00233605,15:46:38..989,,,,
15:46:39..048,4.66985547,-0.000677,-0.00030753,0.00018679,0.00617253,-0.00004662,0.00146354,0.00449337,-0.0002461,-0.00233581,15:46:39..093,,,,
15:46:39..107,4.72674186,-0.000677,-0.00030776,0.0001871,0.00617253,-0.00004675,0.00146379,0.00449339,-0.00024651,-0.00233544,15:46:39..093,,,,
15:46:39..142,4.80431421,-0.000703,-0.00030824,0.00018631,0.00617227,-0.00004695,0.00146268,0.00449572,-0.00024732,-0.00233459,15:46:39..138,,,,
15:46:39..276,4.49402481,-0.000703,-0.00030777,0.00018661,0.00617252,-0.00004728,0.00146326,0.00449585,-0.00024643,-0.00233361,15:46:39..273,,,,
15:46:39..307,4.50436779,-0.000703,-0.00030768,0.00018709,0.00617322,-0.00004712,0.00146326,0.00448803,-0.00024714,-0.00233564,15:46:39..273,,,,
15:46:39..340,4.92325848,-0.000694,-0.00030807,0.00018689,0.00617293,-0.00004729,0.00146286,0.00448924,-0.00024802,-0.00233451,15:46:39..382,,,,
15:46:39..444,4.90774401,-0.000694,-0.00030835,0.00018744,0.0061727,-0.0000468,0.00146354,0.00448948,-0.00024752,-0.00233417,15:46:39..441,,,,
15:46:39..475,4.74225633,-0.000731,-0.00030822,0.00018715,0.0061725,-0.0000473,0.00146274,0.00448943,-0.00024839,-0.00233199,15:46:39..483,,,,
15:46:39..598,4.72674186,-0.000731,-0.00030792,0.00018704,0.00617295,-0.00004751,0.00146288,0.00448853,-0.00024868,-0.00233165,15:46:39..595,,,,
15:46:39..630,4.74225633,-0.000728,-0.00030779,0.00018716,0.00617249,-0.00004745,0.00146202,0.00449423,-0.00024833,-0.00233014,15:46:39..638,,,,
15:46:39..750,4.78362825,-0.000728,-0.00030771,0.00018655,0.00617306,-0.00004773,0.00146263,0.0044937,-0.0002483,-0.00232997,15:46:39..748,,,,
15:46:39..781,4.78879974,-0.000667,-0.00030751,0.00018809,0.00617382,-0.00004762,0.00146277,0.00448698,-0.00025002,-0.00233162,15:46:39..791,,,,
15:46:39..907,4.58194014,-0.000667,-0.00030751,0.00018815,0.00617366,-0.00004795,0.00146281,0.00448673,-0.00025022,-0.00233225,15:46:39..905,,,,
15:46:39..939,4.67502696,-0.000591,-0.00030767,0.0001874,0.00616993,-0.00004709,0.001462,0.00449102,-0.00024945,-0.00233103,15:46:40..007,,,,
15:46:40..062,4.72674186,-0.000591,-0.00030761,0.00018751,0.00617031,-0.00004706,0.00146247,0.00449154,-0.00024893,-0.00233154,15:46:40..059,,,,
15:46:40..094,4.72157037,-0.00048,-0.00030806,0.00018694,0.00617141,-0.00004783,0.00146195,0.00449557,-0.00024858,-0.00233389,15:46:40..175,,,,
15:46:40..228,4.4991963,-0.00048,-0.00030863,0.00018728,0.0061709,-0.00004829,0.00146224,0.00449504,-0.00024878,-0.00233408,15:46:40..226,,,,
15:46:40..261,4.90774401,-0.000409,-0.00030833,0.00018666,0.00617245,-0.00004725,0.00146211,0.00449551,-0.00024858,-0.00233396,15:46:40..226,,,,
15:46:40..333,4.76811378,-0.000409,-0.00030815,0.00018659,0.00617167,-0.00004717,0.00146247,0.0044954,-0.0002486,-0.00233335,15:46:40..364,,,,
15:46:40..384,4.69054143,-0.000409,-0.00030796,0.00018656,0.00617212,-0.0000469,0.00146227,0.00449602,-0.00024864,-0.00233343,15:46:40..364,,,,
15:46:40..417,4.42162395,-0.000352,-0.00030906,0.00018634,0.00617406,-0.00004733,0.00146239,0.00449552,-0.00024908,-0.00233788,15:46:40..408,,,,
15:46:40..452,4.2406218,-0.000277,-0.0003088,0.00018638,0.00617305,-0.00004718,0.00146249,0.00449659,-0.00024849,-0.00233756,15:46:40..453,,,,
15:46:40..576,4.1889069,-0.000277,-0.00030882,0.00018628,0.00617308,-0.00004714,0.00146258,0.00449639,-0.0002483,-0.00233778,15:46:40..575,,,,
15:46:40..609,4.48368183,-0.000222,-0.00030811,0.00018591,0.00617466,-0.00004648,0.00146386,0.00449948,-0.00024774,-0.0023397,15:46:40..620,,,,
15:46:40..718,5.87998413,-0.000222,-0.00030895,0.00018608,0.00617407,-0.00004669,0.00146371,0.00449858,-0.00024781,-0.00233949,15:46:40..715,,,,
15:46:40..750,5.21286192,-0.00031,-0.00030838,0.00018616,0.00617451,-0.00004636,0.00146386,0.00449655,-0.00024875,-0.0023397,15:46:40..758,,,,
15:46:40..858,6.37644717,-0.00031,-0.00030853,0.00018615,0.00617439,-0.00004597,0.00146447,0.00449731,-0.00024881,-0.00233961,15:46:40..855,,,,
15:46:40..891,3.85276005,-0.000351,-0.00030852,0.00018599,0.00617259,-0.0000467,0.00146376,0.0045021,-0.00024766,-0.00233855,15:46:40..855,,,,
15:46:40..976,4.62848355,-0.000351,-0.00030859,0.00018629,0.00617246,-0.00004636,0.00146339,0.00450247,-0.00024721,-0.00233905,15:46:41..005,,,,
15:46:41..024,4.33370862,-0.000351,-0.00030863,0.00018606,0.00617296,-0.00004649,0.00146325,0.00450197,-0.00024794,-0.00233948,15:46:41..005,,,,
15:46:41..058,5.48695089,-0.000381,-0.00030873,0.00018642,0.00617308,-0.00004606,0.0014633,0.00450164,-0.00024779,-0.00234211,15:46:41..091,,,,
15:46:41..172,5.80241178,-0.000381,-0.00030822,0.00018636,0.006173,-0.0000461,0.00146366,0.00450141,-0.00024805,-0.00234204,15:46:41..170,,,,
15:46:41..205,3.19598082,-0.000429,-0.00030844,0.00018592,0.00617393,-0.00004585,0.00146349,0.00450108,-0.00024747,-0.00234154,15:46:41..216,,,,
15:46:41..321,5.65243857,-0.000429,-0.0003086,0.00018637,0.00617428,-0.00004637,0.00146366,0.00450153,-0.00024761,-0.00234108,15:46:41..320,,,,
15:46:41..354,4.78879974,-0.000414,-0.00030845,0.00018608,0.00617272,-0.00004562,0.00146448,0.00450407,-0.00024669,-0.00234342,15:46:41..362,,,,
15:46:41..456,6.13338714,-0.000414,-0.00030804,0.00018661,0.0061722,-0.00004528,0.00146426,0.00450388,-0.00024648,-0.00234356,15:46:41..454,,,,
15:46:41..488,5.50763685,-0.000475,-0.00030846,0.00018723,0.00617311,-0.00004518,0.00146381,0.00450033,-0.00024836,-0.00234419,15:46:41..489,,,,
15:46:41..587,5.87481264,-0.000475,-0.00030861,0.00018656,0.00617375,-0.00004553,0.00146418,0.00450001,-0.00024861,-0.00234454,15:46:41..584,,,,
15:46:41..618,5.40420705,-0.000543,-0.00030859,0.00018568,0.00617086,-0.00004563,0.00146398,0.00450043,-0.00024886,-0.00234424,15:46:41..627,,,,
15:46:41..750,4.61296908,-0.000543,-0.00030861,0.00018638,0.00617105,-0.00004487,0.0014637,0.0045002,-0.00024857,-0.00234399,15:46:41..747,,,,
15:46:41..781,5.11460361,-0.000616,-0.00030818,0.00018698,0.00617302,-0.00004626,0.00146313,0.00449787,-0.00025146,-0.00233929,15:46:41..792,,,,
15:46:41..900,3.4131834,-0.000616,-0.00030857,0.00018695,0.00617335,-0.00004608,0.00146299,0.00449807,-0.00025167,-0.00233969,15:46:41..898,,,,
15:46:41..933,3.59418555,-0.000778,-0.00030809,0.00018661,0.00617361,-0.00004474,0.00146421,0.00450057,-0.00025004,-0.00234468,15:46:41..940,,,,
15:46:42..071,4.30785117,-0.000778,-0.0003082,0.00018663,0.00617275,-0.00004488,0.00146363,0.00450077,-0.00025036,-0.0023451,15:46:42..068,,,,
15:46:42..103,5.3783496,-0.000855,-0.00030792,0.00018752,0.00617286,-0.00004486,0.00146538,0.00449846,-0.00025199,-0.00234966,15:46:42..110,,,,
15:46:42..211,5.26974831,-0.000855,-0.00030797,0.0001876,0.00617168,-0.0000452,0.00146532,0.00449884,-0.00025167,-0.0023493,15:46:42..209,,,,
15:46:42..243,4.84051464,-0.000881,-0.00030711,0.00018716,0.00617326,-0.00004485,0.00146724,0.00450744,-0.00025036,-0.00235109,15:46:42..253,,,,
15:46:42..358,5.18700447,-0.000881,-0.00030728,0.00018655,0.00617336,-0.00004478,0.00146731,0.00450746,-0.0002501,-0.00235093,15:46:42..357,,,,
15:46:42..392,4.17856392,-0.000901,-0.00030785,0.00018678,0.0061727,-0.00004587,0.00146758,0.00451138,-0.00025042,-0.00235091,15:46:42..402,,,,
15:46:42..464,3.94584687,-0.000866,-0.0003077,0.00018727,0.00617288,-0.00004577,0.00146779,0.00451164,-0.00025051,-0.00235031,15:46:42..461,,,,
15:46:42..510,4.38025203,-0.000866,-0.00030808,0.00018692,0.00617239,-0.00004595,0.00146826,0.00451152,-0.00025017,-0.00235073,15:46:42..507,,,,
15:46:42..543,4.57159716,-0.000852,-0.00030755,0.00018692,0.00617213,-0.00004484,0.00146584,0.00449746,-0.00025316,-0.00234987,15:46:42..584,,,,
15:46:42..670,5.19217596,-0.000852,-0.00030756,0.00018752,0.00617238,-0.00004457,0.00146584,0.00449718,-0.00025312,-0.00234909,15:46:42..669,,,,
15:46:42..701,4.94394444,-0.000875,-0.00030867,0.0001868,0.006173,-0.00004434,0.00146856,0.00451518,-0.00025505,-0.00235468,15:46:42..702,,,,
15:46:42..815,4.59228312,-0.000875,-0.00030859,0.00018678,0.00617262,-0.00004443,0.00146751,0.00451584,-0.00025528,-0.00235488,15:46:42..812,,,,
15:46:42..846,4.30785117,-0.000933,-0.00030633,0.00018905,0.00617506,-0.0000453,0.00147439,0.00452446,-0.00025177,-0.00235456,15:46:42..859,,,,
15:46:42..961,3.98721879,-0.000933,-0.00030631,0.00018918,0.00617525,-0.00004581,0.00147436,0.00452425,-0.00025202,-0.00235509,15:46:42..958,,,,
15:46:42..991,4.54573971,-0.000948,-0.00030758,0.00018731,0.00617178,-0.00004424,0.00147072,0.00451848,-0.00025485,-0.00235613,15:46:42..958,,,,
15:46:43..063,4.89222954,-0.000948,-0.00030759,0.00018752,0.00617129,-0.00004516,0.00147069,0.00451813,-0.00025441,-0.00235632,15:46:43..102,,,,
15:46:43..107,4.82500017,-0.000948,-0.00030767,0.00018758,0.00617136,-0.00004404,0.00147097,0.00451853,-0.00025435,-0.00235631,15:46:43..102,,,,
15:46:43..140,4.53539673,-0.000985,-0.00030703,0.00018648,0.00617495,-0.00004444,0.00147141,0.00452435,-0.00025006,-0.00235442,15:46:43..146,,,,
15:46:43..266,4.66985547,-0.000985,-0.00030747,0.00018653,0.00617562,-0.00004395,0.00147147,0.00452461,-0.00024969,-0.00235417,15:46:43..265,,,,
15:46:43..301,4.48885332,-0.001038,-0.0003096,0.00018507,0.00617391,-0.00004578,0.00146315,0.00450453,-0.00024727,-0.00234062,15:46:43..307,,,,
15:46:43..425,4.5509112,-0.001038,-0.00030953,0.00018501,0.0061739,-0.00004573,0.001463,0.00450461,-0.00024695,-0.00234016,15:46:43..422,,,,
15:46:43..457,5.18183298,-0.001092,-0.00030981,0.00018361,0.00617296,-0.00004348,0.00146051,0.00449612,-0.00024705,-0.00233164,15:46:43..422,,,,
15:46:43..549,4.6026261,-0.001092,-0.00030925,0.00018403,0.00617384,-0.00004313,0.00146082,0.00449622,-0.00024651,-0.00233173,15:46:43..588,,,,
15:46:43..604,4.61296908,-0.001092,-0.00030974,0.0001834,0.00617357,-0.00004339,0.00146067,0.00449665,-0.00024652,-0.00233232,15:46:43..588,,,,
15:46:43..637,4.44230991,-0.001151,-0.00030826,0.00018558,0.00617508,-0.0000459,0.00146478,0.00451977,-0.00024141,-0.00233907,15:46:43..674,,,,
15:46:43..745,4.27165074,-0.001151,-0.00030847,0.00018542,0.00617417,-0.0000458,0.00146437,0.00451917,-0.00024168,-0.00233932,15:46:43..743,,,,
15:46:43..777,4.95945891,-0.001123,-0.00030798,0.0001856,0.00617381,-0.00004423,0.00146805,0.00452099,-0.00024199,-0.00234687,15:46:43..785,,,,
15:46:43..895,5.13011808,-0.001123,-0.00030827,0.00018546,0.00617397,-0.00004431,0.00146811,0.00452061,-0.00024219,-0.00234699,15:46:43..892,,,,
15:46:43..926,5.2749198,-0.000965,-0.00030864,0.00018393,0.0061729,-0.00004419,0.00146572,0.00452876,-0.00024072,-0.00234002,15:46:43..935,,,,
15:46:44..071,4.38542352,-0.000965,-0.00030872,0.0001838,0.00617231,-0.00004425,0.00146543,0.00452863,-0.00024084,-0.00233968,15:46:44..069,,,,
15:46:44..103,4.91808699,-0.000853,-0.00030893,0.00018482,0.00617295,-0.00004411,0.00146442,0.00451693,-0.00024132,-0.00234317,15:46:44..111,,,,
15:46:44..211,5.08357467,-0.000853,-0.00030875,0.00018464,0.00617295,-0.00004446,0.00146499,0.00451683,-0.00024174,-0.00234353,15:46:44..208,,,,
15:46:44..245,4.74225633,-0.000833,-0.00030881,0.00018414,0.00617233,-0.00004514,0.00146619,0.00452387,-0.00024032,-0.00233968,15:46:44..247,,,,
15:46:44..369,3.78035919,-0.000833,-0.00030917,0.00018448,0.00617178,-0.00004454,0.00146601,0.00452363,-0.00024012,-0.00233997,15:46:44..368,,,,
15:46:44..402,4.73191335,-0.000695,-0.0003094,0.00018402,0.00617137,-0.00004517,0.00146379,0.00451728,-0.00024143,-0.00233826,15:46:44..410,,,,
15:46:44..519,4.38025203,-0.000695,-0.00030913,0.00018437,0.00617088,-0.00004497,0.00146408,0.00451716,-0.00024205,-0.00233805,15:46:44..516,,,,
15:46:44..551,4.45265289,-0.000751,-0.00030951,0.00018448,0.00616811,-0.0000446,0.00146255,0.00451415,-0.00024175,-0.00233626,15:46:44..559,,,,
15:46:44..664,5.67829602,-0.000751,-0.00030932,0.00018397,0.0061692,-0.00004456,0.00146243,0.00451401,-0.00024246,-0.0023361,15:46:44..662,,,,
15:46:44..695,4.33888011,-0.000751,-0.00030914,0.00018412,0.00617171,-0.00004426,0.0014628,0.00451553,-0.00024201,-0.00233543,15:46:44..662,,,,
15:46:44..730,5.4300645,-0.000821,-0.00030949,0.00018303,0.00617004,-0.00004536,0.00146346,0.00451614,-0.00024165,-0.00233289,15:46:44..759,,,,
15:46:44..830,4.7060559,-0.000821,-0.00030894,0.00018357,0.0061704,-0.0000452,0.00146383,0.00451672,-0.00024116,-0.00233244,15:46:44..827,,,,
15:46:44..861,5.28526278,-0.000831,-0.00031019,0.0001836,0.00617099,-0.00004616,0.00146196,0.00450794,-0.00024423,-0.00233349,15:46:44..872,,,,
15:46:45..003,4.25096478,-0.000831,-0.00031019,0.00018414,0.00617124,-0.00004553,0.0014623,0.00450738,-0.00024349,-0.00233327,15:46:45..000,,,,
15:46:45..034,4.40093799,-0.000818,-0.00031016,0.00018242,0.00616891,-0.00004354,0.00146464,0.00451331,-0.00024318,-0.0023383,15:46:45..043,,,,
15:46:45..122,4.49402481,-0.000818,-0.00031069,0.00018208,0.00616861,-0.0000432,0.00146441,0.00451336,-0.00024328,-0.00233824,15:46:45..172,,,,
15:46:45..178,4.60779759,-0.000818,-0.00031057,0.00018202,0.00616893,-0.00004359,0.00146508,0.00451361,-0.00024301,-0.00233796,15:46:45..172,,,,
15:46:45..214,4.41128097,-0.000965,-0.0003113,0.00018294,0.00616413,-0.00004479,0.00146469,0.00452674,-0.00024116,-0.00233925,15:46:45..216,,,,
15:46:45..327,4.79397123,-0.000965,-0.00031144,0.00018292,0.0061638,-0.00004474,0.00146406,0.0045268,-0.00024165,-0.0023385,15:46:45..325,,,,
15:46:45..360,4.57676865,-0.000901,-0.0003119,0.0001829,0.00616626,-0.00004488,0.0014615,0.00450801,-0.00024415,-0.00233342,15:46:45..367,,,,
15:46:45..498,4.4474814,-0.000901,-0.00031223,0.0001829,0.00616593,-0.00004443,0.00146121,0.00450749,-0.00024428,-0.00233282,15:46:45..495,,,,
15:46:45..530,4.66468398,-0.000813,-0.00031037,0.00018323,0.00616893,-0.00004332,0.00146741,0.00452639,-0.00024281,-0.00234389,15:46:45..539,,,,
15:46:45..642,4.90774401,-0.000813,-0.00031021,0.00018331,0.00616826,-0.00004312,0.00146722,0.00452678,-0.00024279,-0.00234454,15:46:45..639,,,,
15:46:45..674,4.85085762,-0.000714,-0.00031064,0.00018377,0.00616851,-0.00004463,0.00146638,0.00452164,-0.00024175,-0.00234029,15:46:45..680,,,,
15:46:45..736,4.80431421,-0.000696,-0.00031052,0.00018326,0.00616835,-0.00004485,0.00146673,0.00452083,-0.00024209,-0.00234014,15:46:45..788,,,,
15:46:45..840,4.64916951,-0.000696,-0.00031069,0.00018337,0.00616856,-0.00004446,0.0014665,0.00452037,-0.00024219,-0.00233977,15:46:45..839,,,,
15:46:45..874,4.67502696,-0.000687,-0.00031022,0.00018302,0.00617034,-0.00004348,0.00146759,0.00453498,-0.00024112,-0.00234093,15:46:45..883,,,,
15:46:45..987,4.92325848,-0.000687,-0.00031036,0.00018262,0.00616894,-0.00004414,0.00146769,0.00453499,-0.00024109,-0.00234104,15:46:45..985,,,,
15:46:46..019,4.63365504,-0.000651,-0.00030889,0.0001842,0.00616948,-0.00004471,0.00146886,0.00453518,-0.00024084,-0.00234177,15:46:46..028,,,,
15:46:46..165,4.46816736,-0.000651,-0.00030898,0.00018438,0.00617,-0.00004496,0.00146904,0.00453548,-0.00024043,-0.0023417,15:46:46..162,,,,
15:46:46..197,4.72157037,-0.000569,-0.0003083,0.00018407,0.00616855,-0.00004379,0.00147006,0.00453923,-0.00024031,-0.00234137,15:46:46..208,,,,
15:46:46..340,4.95428742,-0.000569,-0.00030882,0.00018393,0.00616864,-0.00004445,0.00146979,0.00453932,-0.00024037,-0.00234208,15:46:46..337,,,,
15:46:46..373,5.12494659,-0.000591,-0.0003088,0.0001843,0.00616906,-0.00004498,0.00146834,0.00452818,-0.00024167,-0.00234095,15:46:46..383,,,,
15:46:46..481,4.56642567,-0.000591,-0.0003089,0.00018415,0.00616865,-0.00004528,0.00146887,0.00452801,-0.00024187,-0.00234083,15:46:46..478,,,,
15:46:46..512,4.76811378,-0.000687,-0.00030713,0.00018498,0.006169,-0.00004508,0.00147199,0.0045285,-0.00024258,-0.00234375,15:46:46..478,,,,
15:46:46..592,4.18373541,-0.000743,-0.00030719,0.00018486,0.00616834,-0.00004426,0.00147227,0.00452826,-0.00024235,-0.00234403,15:46:46..620,,,,
15:46:46..666,5.66278155,-0.000743,-0.00030711,0.00018466,0.00616884,-0.00004484,0.00147206,0.00452874,-0.00024295,-0.0023444,15:46:46..620,,,,
15:46:46..698,3.90447495,-0.000778,-0.00030748,0.00018407,0.0061696,-0.00004467,0.00146899,0.00453719,-0.00023931,-0.00233737,15:46:46..666,,,,
15:46:46..774,4.89740103,-0.000778,-0.00030745,0.0001838,0.00616987,-0.00004465,0.00146855,0.00453721,-0.00023942,-0.00233705,15:46:46..807,,,,
15:46:46..815,4.41645246,-0.000778,-0.00030759,0.00018391,0.00617001,-0.00004427,0.00146916,0.00453734,-0.0002395,-0.00233725,15:46:46..807,,,,
15:46:46..848,4.45265289,-0.000681,-0.00030866,0.00018385,0.00616908,-0.00004437,0.00146886,0.00455077,-0.0002396,-0.0023361,15:46:46..850,,,,
15:46:46..928,4.8094857,-0.000562,-0.00030839,0.00018394,0.00616996,-0.00004461,0.0014683,0.00455026,-0.00023914,-0.0023366,15:46:46..960,,,,
15:46:47..010,4.71639888,-0.000562,-0.00030842,0.00018419,0.00617006,-0.00004467,0.00146884,0.00455003,-0.00023942,-0.00233599,15:46:47..008,,,,
15:46:47..042,4.68019845,-0.000523,-0.00030768,0.00018394,0.00617041,-0.0000453,0.00146916,0.0045222,-0.0002433,-0.00233968,15:46:47..008,,,,
15:46:47..111,4.81982868,-0.000523,-0.0003075,0.00018436,0.0061703,-0.00004483,0.00146948,0.00452269,-0.00024314,-0.00233964,15:46:47..154,,,,
15:46:47..160,4.67502696,-0.000523,-0.00030714,0.00018447,0.00617084,-0.00004534,0.00146862,0.00452239,-0.00024341,-0.00233979,15:46:47..154,,,,
15:46:47..193,4.40610948,-0.000422,-0.00030825,0.00018376,0.00616857,-0.0000455,0.00146453,0.00450293,-0.00024538,-0.00233498,15:46:47..197,,,,
15:46:47..305,4.90774401,-0.000422,-0.00030811,0.00018386,0.00616819,-0.00004577,0.00146435,0.00450252,-0.0002447,-0.00233516,15:46:47..302,,,,
15:46:47..336,4.84051464,-0.00038,-0.00030767,0.00018341,0.00616961,-0.00004585,0.00146488,0.00450924,-0.00024339,-0.00233006,15:46:47..345,,,,
15:46:47..451,5.04737424,-0.00038,-0.00030789,0.0001835,0.00616913,-0.00004574,0.00146469,0.00450952,-0.00024346,-0.00232963,15:46:47..449,,,,
15:46:47..483,4.66468398,-0.000384,-0.00030983,0.00018349,0.00616898,-0.00004577,0.0014633,0.00451958,-0.00024314,-0.00233284,15:46:47..449,,,,
15:46:47..547,4.64916951,-0.000384,-0.0003089,0.00018353,0.00616897,-0.00004566,0.00146381,0.00451995,-0.00024266,-0.00233305,15:46:47..598,,,,
15:46:47..610,4.63882653,-0.000384,-0.00030922,0.00018342,0.00616886,-0.00004544,0.00146397,0.00452003,-0.00024264,-0.00233309,15:46:47..598,,,,
15:46:47..642,4.92325848,-0.000426,-0.00030966,0.00018288,0.00616927,-0.00004433,0.00146685,0.00451448,-0.00024605,-0.00234397,15:46:47..640,,,,
15:46:47..702,4.85602911,-0.000433,-0.00030973,0.00018249,0.0061689,-0.00004545,0.0014666,0.00451514,-0.0002462,-0.00234317,15:46:47..741,,,,
15:46:47..771,4.80431421,-0.000443,-0.00030987,0.00018264,0.00616891,-0.00004478,0.00146669,0.00451454,-0.00024602,-0.00234385,15:46:47..741,,,,
15:46:47..816,4.45265289,-0.000443,-0.00030977,0.00018282,0.00616879,-0.00004473,0.00146646,0.00451408,-0.00024623,-0.00234348,15:46:47..788,,,,
15:46:47..851,4.57159716,-0.000451,-0.00030924,0.00018455,0.00616952,-0.00004676,0.00146131,0.00450348,-0.0002464,-0.00233808,15:46:47..874,,,,
15:46:47..925,4.62848355,-0.000457,-0.00030874,0.00018502,0.00616974,-0.000047,0.00146107,0.00450331,-0.0002458,-0.00233717,15:46:48..008,,,,
15:46:48..017,5.17149,-0.000457,-0.00030885,0.00018421,0.00616934,-0.00004656,0.00146135,0.00450299,-0.00024617,-0.00233724,15:46:48..008,,,,
15:46:48..052,4.51471077,-0.000453,-0.00030816,0.00018235,0.00616905,-0.0000439,0.00146658,0.00452943,-0.00023987,-0.00232872,15:46:48..094,,,,
15:46:48..189,5.0163453,-0.000453,-0.00030797,0.00018245,0.00616873,-0.00004388,0.0014674,0.00452988,-0.00024003,-0.00232836,15:46:48..187,,,,
15:46:48..221,4.81982868,-0.000453,-0.00031137,0.00018406,0.00616982,-0.00004636,0.00146117,0.00450478,-0.00024744,-0.00234271,15:46:48..187,,,,
15:46:48..255,4.8094857,-0.000437,-0.00031106,0.00018315,0.00617047,-0.0000454,0.00146137,0.00450572,-0.00024703,-0.0023433,15:46:48..315,,,,
15:46:48..373,4.69571292,-0.000437,-0.00031117,0.00018334,0.00617108,-0.00004504,0.00146107,0.00450617,-0.00024714,-0.00234392,15:46:48..372,,,,
15:46:48..406,4.72674186,-0.000426,-0.00030871,0.00018331,0.00617168,-0.0000454,0.00146427,0.00452121,-0.00024385,-0.00233625,15:46:48..414,,,,
15:46:48..547,4.10099157,-0.000426,-0.00030881,0.00018342,0.00617232,-0.00004541,0.0014646,0.004521,-0.00024399,-0.00233644,15:46:48..544,,,,
15:46:48..580,4.36473756,-0.000341,-0.00030835,0.00018371,0.00616948,-0.00004552,0.00146315,0.00449589,-0.00024381,-0.00233217,15:46:48..586,,,,
15:46:48..640,5.20251894,-0.000356,-0.00030797,0.00018346,0.00616938,-0.00004584,0.0014634,0.00449622,-0.00024379,-0.00233218,15:46:48..682,,,,
15:46:48..726,4.69054143,-0.000382,-0.00030822,0.00018359,0.00616986,-0.00004512,0.00146287,0.00449626,-0.00024399,-0.00233275,15:46:48..726,,,,
15:46:48..759,5.06288871,-0.000387,-0.00031014,0.00018322,0.00616742,-0.00004589,0.00146493,0.00451819,-0.00024514,-0.00233967,15:46:48..770,,,,
15:46:48..871,4.38542352,-0.000387,-0.00030931,0.00018336,0.00616741,-0.00004582,0.00146492,0.00451796,-0.00024512,-0.00233947,15:46:48..868,,,,
15:46:48..904,5.00083083,-0.000432,-0.00030982,0.00018347,0.00616773,-0.00004579,0.00146487,0.00452349,-0.00024577,-0.00234386,15:46:48..911,,,,
15:46:49..040,4.58711163,-0.000432,-0.00030996,0.00018355,0.00616844,-0.00004599,0.00146441,0.00452335,-0.00024543,-0.00234295,15:46:49..038,,,,
15:46:49..073,4.59228312,-0.000521,-0.00030941,0.00018351,0.00616821,-0.00004536,0.00146406,0.00452386,-0.00023869,-0.00233221,15:46:49..080,,,,
15:46:49..178,4.56642567,-0.000521,-0.00030992,0.0001828,0.00616814,-0.00004468,0.00146362,0.00452356,-0.00023875,-0.00233216,15:46:49..175,,,,
15:46:49..209,4.654341,-0.000443,-0.00030571,0.0001849,0.00616842,-0.00004463,0.00146941,0.00454149,-0.00024092,-0.00233516,15:46:49..220,,,,
15:46:49..319,4.93360146,-0.000443,-0.00030536,0.00018467,0.00616832,-0.00004488,0.00146936,0.00454197,-0.00024087,-0.00233572,15:46:49..317,,,,
15:46:49..350,4.81982868,-0.000443,-0.00030995,0.0001842,0.0061681,-0.0000458,0.00146394,0.00452778,-0.00024238,-0.00233783,15:46:49..317,,,,
15:46:49..384,4.82500017,-0.000396,-0.00031027,0.00018276,0.00616714,-0.00004569,0.00146259,0.00452434,-0.00024105,-0.002334,15:46:49..444,,,,
15:46:49..492,4.62848355,-0.000396,-0.00031045,0.00018284,0.00616701,-0.00004615,0.00146257,0.0045241,-0.00024131,-0.00233421,15:46:49..489,,,,
15:46:49..523,4.62848355,-0.000402,-0.00030833,0.00018374,0.00617033,-0.0000451,0.00146369,0.00452109,-0.00023837,-0.00232956,15:46:49..533,,,,
15:46:49..556,4.57159716,-0.000402,-0.00030895,0.0001835,0.00617041,-0.00004515,0.00146332,0.00452075,-0.00023895,-0.00233015,15:46:49..533,,,,
15:46:49..591,4.61814057,-0.000365,-0.00030907,0.00018254,0.00616935,-0.0000459,0.00146159,0.00451248,-0.0002386,-0.00232534,15:46:49..575,,,,
15:46:49..701,4.59228312,-0.000365,-0.00030916,0.00018296,0.00616897,-0.00004567,0.00146124,0.00451283,-0.00023893,-0.00232461,15:46:49..699,,,,
15:46:49..732,4.49402481,-0.000405,-0.00030667,0.00018506,0.00617073,-0.00004536,0.00146941,0.00451747,-0.0002468,-0.00233404,15:46:49..776,,,,
15:46:49..830,4.71639888,-0.000405,-0.00030714,0.00018506,0.00617088,-0.000045,0.00147009,0.00451822,-0.00024655,-0.00233422,15:46:49..828,,,,
15:46:49..862,4.55608269,-0.000424,-0.00030781,0.00018543,0.00617057,-0.00004543,0.00146792,0.00453731,-0.00024253,-0.00233545,15:46:49..872,,,,
15:46:49..918,4.40093799,-0.000497,-0.00030784,0.00018494,0.00617025,-0.00004597,0.00146742,0.00453662,-0.00024266,-0.00233492,15:46:49..960,,,,
15:46:49..972,4.72157037,-0.000497,-0.0003075,0.00018517,0.0061702,-0.00004526,0.00146817,0.00453677,-0.00024228,-0.00233482,15:46:49..960,,,,
15:46:50..004,4.8612006,-0.000518,-0.00030771,0.0001843,0.00617082,-0.00004438,0.00146932,0.00454514,-0.00024059,-0.00233526,15:46:50..004,,,,
15:46:50..038,4.89740103,-0.000584,-0.00030883,0.00018338,0.00617073,-0.00004435,0.00146736,0.00455191,-0.00023487,-0.00233361,15:46:50..050,,,,
15:46:50..121,4.90774401,-0.000584,-0.00030889,0.0001831,0.00617101,-0.00004472,0.00146689,0.00455197,-0.0002345,-0.00233341,15:46:50..119,,,,
15:46:50..153,4.7060559,-0.000646,-0.00030693,0.00018456,0.0061704,-0.0000447,0.0014717,0.00455211,-0.00024469,-0.00233594,15:46:50..162,,,,
15:46:50..273,4.84568613,-0.000646,-0.000307,0.00018428,0.00617162,-0.00004521,0.00147172,0.00455187,-0.00024439,-0.00233563,15:46:50..271,,,,
15:46:50..305,4.73708484,-0.000646,-0.0003063,0.00018575,0.00617178,-0.00004508,0.00147608,0.00456264,-0.00024929,-0.0023385,15:46:50..271,,,,
15:46:50..339,4.98014487,-0.000735,-0.00030542,0.00018609,0.00617119,-0.00004527,0.00147813,0.0045595,-0.00025347,-0.00233808,15:46:50..386,,,,
15:46:50..436,4.68536994,-0.000735,-0.00030622,0.00018589,0.00617126,-0.00004509,0.00147841,0.00455905,-0.00025308,-0.00233795,15:46:50..435,,,,
15:46:50..469,4.59745461,-0.00077,-0.0003075,0.00018555,0.00617155,-0.00004529,0.00147255,0.00455216,-0.00024662,-0.00233974,15:46:50..477,,,,
15:46:50..586,4.70088441,-0.00077,-0.00030731,0.00018507,0.00617083,-0.00004539,0.0014722,0.00455136,-0.00024653,-0.0023396,15:46:50..583,,,,
15:46:50..618,4.82500017,-0.00079,-0.00030813,0.00018359,0.00616981,-0.00004486,0.00147126,0.00456024,-0.00023411,-0.00233346,15:46:50..616,,,,
15:46:50..744,4.99048785,-0.00079,-0.00030769,0.00018392,0.00617074,-0.00004466,0.0014711,0.00456073,-0.0002343,-0.00233331,15:46:50..742,,,,
15:46:50..775,4.81982868,-0.000761,-0.00030663,0.00018643,0.00617197,-0.00004617,0.0014749,0.0045493,-0.00025251,-0.00233778,15:46:50..785,,,,
15:46:50..891,4.1889069,-0.000761,-0.0003063,0.00018581,0.0061718,-0.00004594,0.00147493,0.0045494,-0.00025226,-0.0023382,15:46:50..889,,,,
15:46:50..923,4.53022524,-0.000761,-0.00030912,0.00018526,0.00617058,-0.0000456,0.00147092,0.00455843,-0.00024366,-0.00234044,15:46:50..889,,,,
15:46:50..957,4.4991963,-0.000925,-0.00030842,0.00018484,0.00617082,-0.00004602,0.00146903,0.00455028,-0.00024427,-0.00233988,15:46:51..011,,,,
15:46:51..062,4.73708484,-0.000925,-0.00030844,0.00018526,0.00617169,-0.00004629,0.00146895,0.00455095,-0.0002441,-0.00233963,15:46:51..061,,,,
15:46:51..094,4.79397123,-0.000993,-0.00030996,0.00018295,0.00616918,-0.0000457,0.00146408,0.00453866,-0.00023001,-0.00233013,15:46:51..105,,,,
15:46:51..154,4.76294229,-0.001019,-0.00030988,0.00018325,0.00616887,-0.00004627,0.00146439,0.00453889,-0.00023039,-0.0023303,15:46:51..195,,,,
15:46:51..221,4.90257252,-0.001019,-0.00031023,0.0001835,0.00616925,-0.00004607,0.00146442,0.00453873,-0.00022982,-0.00232956,15:46:51..195,,,,
15:46:51..255,4.4991963,-0.001085,-0.00030772,0.00018483,0.0061716,-0.00004557,0.0014737,0.00457641,-0.00022392,-0.0023324,15:46:51..280,,,,
15:46:51..391,4.62331206,-0.001085,-0.00030862,0.00018458,0.00617117,-0.00004565,0.00147292,0.00457649,-0.00022481,-0.0023332,15:46:51..388,,,,
15:46:51..422,5.10943212,-0.001096,-0.00030846,0.00018417,0.00616992,-0.00004515,0.00147216,0.00455726,-0.00023831,-0.00233466,15:46:51..429,,,,
15:46:51..501,4.77845676,-0.001096,-0.00030834,0.00018455,0.0061697,-0.00004555,0.00147199,0.00455746,-0.00023811,-0.00233499,15:46:51..542,,,,
15:46:51..567,4.8612006,-0.001096,-0.00030835,0.00018447,0.00616915,-0.00004522,0.00147177,0.00455667,-0.00023853,-0.00233443,15:46:51..542,,,,
15:46:51..602,4.42679544,-0.000897,-0.00030708,0.00018597,0.00617197,-0.00004571,0.00147809,0.00456,-0.00024475,-0.00233762,15:46:51..630,,,,
15:46:51..756,4.34922309,-0.000897,-0.00030777,0.00018564,0.00617156,-0.00004592,0.00147799,0.00455958,-0.00024444,-0.002338,15:46:51..755,,,,
15:46:51..789,5.02151679,-0.000769,-0.00030884,0.00018484,0.00617151,-0.00004563,0.00147848,0.00456465,-0.00024088,-0.00234041,15:46:51..797,,,,
15:46:51..899,4.79914272,-0.000769,-0.00030846,0.00018478,0.00617162,-0.0000451,0.00147866,0.00456458,-0.00024051,-0.00234084,15:46:51..896,,,,
15:46:51..930,4.84568613,-0.000668,-0.00030972,0.00018328,0.00617021,-0.00004563,0.00146733,0.00453829,-0.0002347,-0.00233564,15:46:51..941,,,,
15:46:52..058,4.79914272,-0.000668,-0.00030995,0.00018359,0.00617019,-0.00004626,0.00146705,0.00453804,-0.0002353,-0.00233581,15:46:52..054,,,,
15:46:52..089,4.95428742,-0.000592,-0.00030911,0.00018433,0.00617143,-0.00004617,0.00147482,0.00454221,-0.00023935,-0.00233968,15:46:52..099,,,,
15:46:52..202,4.32336564,-0.000592,-0.00030905,0.00018464,0.00617234,-0.00004624,0.00147478,0.00454134,-0.00023868,-0.00233927,15:46:52..199,,,,
15:46:52..235,4.61814057,-0.00057,-0.00030856,0.00018449,0.00617194,-0.00004609,0.00147405,0.00453769,-0.00022116,-0.0023342,15:46:52..199,,,,
15:46:52..335,4.66985547,-0.00057,-0.00030865,0.00018443,0.00617198,-0.00004644,0.00147357,0.00453721,-0.00022147,-0.00233546,15:46:52..379,,,,
15:46:52..385,4.93360146,-0.00057,-0.00030817,0.00018442,0.00617148,-0.00004601,0.00147378,0.00453744,-0.00022153,-0.00233465,15:46:52..379,,,,
15:46:52..420,4.6026261,-0.000607,-0.00031001,0.00018345,0.00616968,-0.00004577,0.00146665,0.00453923,-0.00020565,-0.00232807,15:46:52..413,,,,
15:46:52..531,4.62331206,-0.000607,-0.00030971,0.00018339,0.00617086,-0.00004683,0.00146651,0.00453982,-0.00020593,-0.00232773,15:46:52..413,,,,
15:46:52..566,4.77328527,-0.000737,-0.00030985,0.00018461,0.00617094,-0.00004529,0.00148053,0.00456234,-0.00021003,-0.00233705,15:46:52..531,,,,
15:46:52..641,4.50436779,-0.000737,-0.00030936,0.00018474,0.00617064,-0.00004509,0.00148104,0.00456236,-0.00020924,-0.00233698,15:46:52..678,,,,
15:46:52..724,4.73191335,-0.000871,-0.00030983,0.00018473,0.00617042,-0.0000451,0.00148108,0.00456206,-0.00020916,-0.00233783,15:46:52..722,,,,
15:46:52..756,4.73191335,-0.000915,-0.00031144,0.00018394,0.00617034,-0.00004571,0.00147888,0.00454878,-0.00020805,-0.00233736,15:46:52..766,,,,
15:46:52..862,4.61296908,-0.000915,-0.00031111,0.00018383,0.00617117,-0.00004606,0.00147811,0.00454948,-0.00020705,-0.00233697,15:46:52..911,,,,
15:46:52..933,4.79397123,-0.000915,-0.00031123,0.00018405,0.00617103,-0.00004643,0.00147756,0.00454987,-0.00020692,-0.002337,15:46:52..911,,,,
15:46:52..967,4.51471077,-0.000906,-0.00030973,0.00018299,0.00617115,-0.00004433,0.00149487,0.00456582,-0.00017413,-0.00232556,15:46:53..001,,,,
15:46:53..081,5.09391765,-0.000906,-0.00031013,0.00018314,0.00617117,-0.00004451,0.00149502,0.00456546,-0.00017438,-0.00232522,15:46:53..079,,,,
15:46:53..112,4.66468398,-0.000887,-0.00030877,0.00018461,0.00617235,-0.00004504,0.0014993,0.00454663,-0.0001966,-0.00233517,15:46:53..079,,,,
15:46:53..182,4.99048785,-0.000887,-0.00030873,0.00018476,0.00617199,-0.00004511,0.00149911,0.00454683,-0.00019712,-0.0023348,15:46:53..226,,,,
15:46:53..234,4.55608269,-0.000887,-0.00030891,0.00018457,0.00617231,-0.00004512,0.00149942,0.00454753,-0.00019684,-0.0023354,15:46:53..226,,,,
15:46:53..269,4.79914272,-0.000866,-0.00031054,0.00018373,0.00617153,-0.00004563,0.00149659,0.00453393,-0.00019931,-0.00233662,15:46:53..270,,,,
15:46:53..305,4.60779759,-0.00084,-0.0003106,0.00018375,0.00617146,-0.00004579,0.00149669,0.0045344,-0.00019903,-0.00233598,15:46:53..314,,,,
15:46:53..367,4.78879974,-0.00084,-0.00031088,0.0001834,0.00617089,-0.00004553,0.00149661,0.00453337,-0.00019972,-0.00233694,15:46:53..314,,,,
15:46:53..402,4.7577708,-0.00084,-0.00030985,0.00018396,0.00617228,-0.00004509,0.00151938,0.00453019,-0.00019137,-0.0023348,15:46:53..374,,,,
15:46:53..436,4.74742782,-0.000725,-0.0003098,0.00018379,0.00617145,-0.0000451,0.00151948,0.00452331,-0.00019431,-0.00233559,15:46:53..482,,,,
15:46:53..534,4.58711163,-0.000725,-0.00030997,0.00018347,0.0061719,-0.00004498,0.00151963,0.00452297,-0.00019482,-0.00233514,15:46:53..533,,,,
15:46:53..566,4.77328527,-0.000571,-0.00031176,0.0001827,0.00617175,-0.00004697,0.00147459,0.00451292,-0.00021596,-0.00233518,15:46:53..578,,,,
15:46:53..686,4.66985547,-0.000571,-0.00031178,0.00018238,0.00617203,-0.00004685,0.00147489,0.00451309,-0.00021635,-0.00233511,15:46:53..683,,,,
15:46:53..718,4.96980189,-0.000571,-0.00031164,0.00018312,0.00617194,-0.00004567,0.00149449,0.0045298,-0.00019748,-0.00233821,15:46:53..683,,,,
15:46:53..752,4.68019845,-0.000415,-0.00031081,0.00018423,0.00617295,-0.0000451,0.0014928,0.00453914,-0.00019006,-0.00234187,15:46:53..814,,,,
15:46:53..865,4.29750819,-0.000415,-0.00031121,0.00018438,0.00617245,-0.0000455,0.00149242,0.00453931,-0.0001898,-0.00234205,15:46:53..862,,,,
15:46:53..898,4.47851034,-0.000425,-0.00031248,0.0001825,0.00617052,-0.00004701,0.00146448,0.00452385,-0.00021989,-0.00233976,15:46:53..905,,,,
15:46:54..021,4.40093799,-0.000425,-0.00031277,0.00018237,0.00617121,-0.00004679,0.00146424,0.00452324,-0.00022072,-0.00233931,15:46:54..020,,,,
15:46:54..054,5.2749198,-0.000576,-0.00031051,0.00018219,0.00617183,-0.00004445,0.00148384,0.0045378,-0.00021627,-0.00234132,15:46:54..020,,,,
15:46:54..124,4.91808699,-0.000576,-0.00031007,0.00018183,0.00617136,-0.00004419,0.00148285,0.00453723,-0.00021686,-0.00234144,15:46:54..174,,,,
15:46:54..180,4.2923367,-0.000576,-0.00031038,0.00018221,0.00617145,-0.00004456,0.00148204,0.004537,-0.00021728,-0.00234097,15:46:54..174,,,,
15:46:54..212,4.89740103,-0.000706,-0.00031147,0.0001823,0.0061698,-0.00004694,0.00147973,0.00452919,-0.00024923,-0.00234571,15:46:54..219,,,,
15:46:54..333,4.79397123,-0.000706,-0.00031144,0.00018232,0.00616971,-0.00004678,0.00148252,0.00453083,-0.00025114,-0.00234639,15:46:54..331,,,,
15:46:54..364,5.15597553,-0.000853,-0.00031235,0.00018212,0.0061706,-0.00004573,0.00147443,0.00457167,-0.00016998,-0.0023365,15:46:54..331,,,,
15:46:54..399,4.90774401,-0.000895,-0.00031305,0.00018272,0.00617094,-0.00004727,0.00146596,0.00455852,-0.00017667,-0.00233432,15:46:54..408,,,,
15:46:54..491,3.68727237,-0.000895,-0.00031272,0.00018298,0.00617113,-0.00004687,0.00146584,0.00455797,-0.00017681,-0.00233545,15:46:54..489,,,,
15:46:54..524,4.4474814,-0.000869,-0.00031347,0.00018167,0.00616986,-0.0000462,0.0014648,0.00453824,-0.00018916,-0.00233545,15:46:54..489,,,,
15:46:54..584,4.30267968,-0.000869,-0.00031344,0.00018159,0.00616972,-0.00004661,0.00146483,0.00453785,-0.00018986,-0.00233574,15:46:54..622,,,,
15:46:54..631,5.34214917,-0.000869,-0.00031324,0.00018164,0.00617022,-0.00004587,0.00146507,0.00453687,-0.00018973,-0.00233511,15:46:54..622,,,,
15:46:54..665,5.0680602,-0.000842,-0.00031348,0.00018048,0.00616882,-0.00004631,0.00146073,0.00452107,-0.00020883,-0.00233298,15:46:54..667,,,,
15:46:54..783,5.1197751,-0.000842,-0.00031358,0.00018037,0.00616875,-0.0000463,0.0014604,0.00452082,-0.00020847,-0.00233305,15:46:54..780,,,,
15:46:54..815,4.31819415,-0.000775,-0.00031535,0.00018122,0.00616928,-0.00004645,0.00145859,0.00451108,-0.00022655,-0.00234644,15:46:54..825,,,,
15:46:54..948,4.36473756,-0.000775,-0.00031573,0.0001811,0.00616944,-0.00004612,0.0014585,0.00451088,-0.00022602,-0.00234558,15:46:54..944,,,,
15:46:54..979,5.03185977,-0.000775,-0.00031347,0.00017992,0.0061676,-0.00004568,0.00146225,0.00450176,-0.00021206,-0.00233281,15:46:54..944,,,,
15:46:55..013,5.09391765,-0.000776,-0.00031263,0.00018081,0.0061686,-0.00004491,0.00146567,0.00451457,-0.00018762,-0.0023316,15:46:55..052,,,,
15:46:55..127,5.06288871,-0.000776,-0.00031273,0.00018122,0.00616921,-0.0000446,0.00146529,0.00451424,-0.00018697,-0.0023325,15:46:55..126,,,,
15:46:55..160,4.53539673,-0.000844,-0.00031361,0.00018083,0.00616761,-0.00004739,0.00145799,0.00448569,-0.0002178,-0.00232126,15:46:55..202,,,,
15:46:55..287,4.45782438,-0.000844,-0.00031325,0.00018076,0.00616761,-0.00004713,0.00145867,0.00448524,-0.00021801,-0.00232157,15:46:55..285,,,,
15:46:55..319,4.61814057,-0.000886,-0.00031318,0.00018058,0.00616848,-0.00004526,0.00147009,0.00450593,-0.00020522,-0.00233867,15:46:55..285,,,,
15:46:55..392,4.76294229,-0.000886,-0.00031341,0.00018019,0.00616958,-0.00004571,0.0014695,0.00450605,-0.00020549,-0.00233836,15:46:55..430,,,,
15:46:55..442,4.35439458,-0.000886,-0.0003133,0.00018037,0.0061694,-0.00004528,0.00146919,0.00450607,-0.0002053,-0.00233764,15:46:55..430,,,,
15:46:55..476,4.92842997,-0.000949,-0.00031459,0.00018115,0.00616832,-0.00004714,0.00146322,0.00451261,-0.00020623,-0.00234253,15:46:55..517,,,,
15:46:55..582,4.88188656,-0.000949,-0.00031416,0.00018081,0.00616825,-0.000047,0.00146317,0.00451242,-0.00020642,-0.00234249,15:46:55..580,,,,
15:46:55..615,4.74225633,-0.001049,-0.00031358,0.00018072,0.00616952,-0.00004424,0.00147583,0.00454901,-0.00018865,-0.00234932,15:46:55..623,,,,
15:46:55..689,4.95428742,-0.001069,-0.00031395,0.00018077,0.00616886,-0.0000449,0.00147521,0.00454876,-0.00018817,-0.00234942,15:46:55..744,,,,
15:46:55..753,4.06479114,-0.001069,-0.00031353,0.00018079,0.006169,-0.00004366,0.00147482,0.00454876,-0.00018798,-0.00234853,15:46:55..744,,,,
15:46:55..787,4.52505375,-0.001123,-0.00031419,0.0001821,0.00616951,-0.00004653,0.00147403,0.00452899,-0.00018425,-0.00233803,15:46:55..788,,,,
15:46:55..892,4.27682223,-0.001123,-0.00031442,0.00018184,0.0061687,-0.00004688,0.00147454,0.00452846,-0.00018433,-0.00233823,15:46:55..889,,,,
15:46:55..924,4.4991963,-0.001141,-0.00031388,0.00018216,0.0061695,-0.00004614,0.00147314,0.00452929,-0.00020158,-0.0023482,15:46:55..932,,,,
15:46:56..056,4.76811378,-0.001141,-0.00031335,0.0001822,0.00616933,-0.00004609,0.0014729,0.00452953,-0.0002024,-0.00234796,15:46:56..053,,,,
15:46:56..086,4.93360146,-0.001094,-0.00031555,0.00018264,0.00616766,-0.00004501,0.00148091,0.0045452,-0.0001911,-0.00235538,15:46:56..096,,,,
15:46:56..191,4.67502696,-0.001094,-0.00031526,0.00018241,0.00616791,-0.00004521,0.00148127,0.00454456,-0.00019119,-0.00235567,15:46:56..188,,,,
15:46:56..222,4.7577708,-0.00107,-0.00031579,0.00018152,0.00616888,-0.00004563,0.00146925,0.00454517,-0.00018655,-0.00235194,15:46:56..232,,,,
15:46:56..330,4.54573971,-0.00107,-0.00031566,0.00018177,0.00616923,-0.00004555,0.00146926,0.00454499,-0.00018612,-0.00235161,15:46:56..327,,,,
15:46:56..361,4.60779759,-0.001113,-0.00031521,0.00018155,0.0061684,-0.00004449,0.00147315,0.00453208,-0.00018952,-0.00235077,15:46:56..369,,,,
15:46:56..472,4.71122739,-0.001113,-0.00031521,0.00018125,0.00616939,-0.0000446,0.00147357,0.00453234,-0.00018991,-0.00235032,15:46:56..469,,,,
15:46:56..504,4.654341,-0.001103,-0.00031399,0.00018084,0.00616771,-0.00004616,0.00147625,0.00451365,-0.00015122,-0.00233001,15:46:56..576,,,,
15:46:56..628,4.59745461,-0.001103,-0.00031422,0.00018044,0.0061676,-0.00004696,0.00147678,0.00451296,-0.00015109,-0.00232983,15:46:56..646,,,,
15:46:56..665,4.55608269,-0.001103,-0.0003145,0.00018042,0.00616784,-0.00004643,0.00147757,0.00451316,-0.00015017,-0.00232944,15:46:56..646,,,,
15:46:56..699,4.71639888,-0.001011,-0.00031425,0.00018109,0.0061685,-0.00004699,0.00147226,0.00453231,-0.00015457,-0.00233564,15:46:56..735,,,,
15:46:56..828,4.40610948,-0.001011,-0.00031474,0.00018119,0.00616851,-0.00004666,0.00147178,0.00453207,-0.00015483,-0.00233559,15:46:56..828,,,,
15:46:56..862,4.68536994,-0.000906,-0.00031411,0.00018157,0.0061676,-0.00004583,0.00148824,0.00451738,-0.00017909,-0.0023436,15:46:56..874,,,,
15:46:56..986,4.4991963,-0.000906,-0.00031395,0.00018178,0.00616741,-0.00004648,0.00148958,0.00451708,-0.00017913,-0.00234354,15:46:56..983,,,,
15:46:57..017,4.54056822,-0.000858,-0.0003142,0.00018184,0.00616769,-0.00004596,0.00148628,0.00451248,-0.00017958,-0.00234479,15:46:57..027,,,,
15:46:57..067,4.8094857,-0.000861,-0.00031393,0.00018187,0.0061673,-0.00004583,0.00148645,0.00451317,-0.00017832,-0.00234489,15:46:57..070,,,,
15:46:57..109,4.88705805,-0.000838,-0.00031396,0.00018172,0.00616748,-0.00004572,0.00148686,0.00451334,-0.00017736,-0.00234505,15:46:57..150,,,,
15:46:57..165,4.42162395,-0.000838,-0.00031422,0.00018198,0.00616763,-0.00004512,0.00148718,0.00451416,-0.00017638,-0.00234478,15:46:57..150,,,,
15:46:57..199,4.69054143,-0.000796,-0.0003151,0.00018224,0.00616928,-0.00004608,0.00148058,0.00452822,-0.00017904,-0.00234839,15:46:57..235,,,,
15:46:57..251,4.37508054,-0.000752,-0.00031534,0.00018212,0.00616896,-0.00004617,0.00148054,0.00452888,-0.00017867,-0.00234887,15:46:57..279,,,,
15:46:57..301,4.69571292,-0.000728,-0.00031512,0.00018189,0.00616895,-0.00004649,0.00148096,0.0045286,-0.00017888,-0.00234897,15:46:57..331,,,,
15:46:57..386,4.90774401,-0.000728,-0.00031528,0.00018264,0.00616903,-0.00004677,0.00148055,0.00452871,-0.00017852,-0.00234918,15:46:57..385,,,,
15:46:57..420,4.81982868,-0.000747,-0.00031403,0.00018121,0.00616945,-0.00004541,0.00152731,0.00453758,-0.00013076,-0.00234079,15:46:57..385,,,,
15:46:57..492,4.78362825,-0.000753,-0.00031367,0.00018191,0.00616947,-0.00004584,0.00152772,0.00453802,-0.0001305,-0.00234098,15:46:57..527,,,,
15:46:57..577,4.48885332,-0.000753,-0.00031436,0.00018107,0.00616953,-0.00004565,0.00152749,0.00453791,-0.00013093,-0.00234145,15:46:57..575,,,,
15:46:57..610,4.654341,-0.000756,-0.00031451,0.00018215,0.00616946,-0.00004414,0.00152318,0.00453162,-0.00016024,-0.00235026,15:46:57..619,,,,
15:46:57..741,4.50953928,-0.000756,-0.00031462,0.00018192,0.00616972,-0.00004457,0.0015227,0.00453161,-0.00016082,-0.00235083,15:46:57..738,,,,
15:46:57..774,4.84568613,-0.000818,-0.00031532,0.00018099,0.00616843,-0.0000448,0.00148169,0.00451799,-0.0001716,-0.00234999,15:46:57..783,,,,
15:46:57..868,4.8612006,-0.000818,-0.00031508,0.00018118,0.00616801,-0.00004492,0.0014821,0.0045178,-0.00017144,-0.00235001,15:46:57..865,,,,
15:46:57..900,4.52505375,-0.00085,-0.0003156,0.00018218,0.00616788,-0.00004534,0.00148537,0.00453096,-0.00017659,-0.00235314,15:46:57..908,,,,
15:46:58..018,4.30267968,-0.00085,-0.00031554,0.00018206,0.00616848,-0.00004584,0.00148596,0.00453092,-0.00017718,-0.00235346,15:46:58..016,,,,
15:46:58..051,4.8094857,-0.000908,-0.00031577,0.00018243,0.00617042,-0.00004413,0.00153214,0.00454776,-0.00013546,-0.0023538,15:46:58..059,,,,
15:46:58..157,4.81465719,-0.000908,-0.00031514,0.00018239,0.00617216,-0.00004399,0.00153238,0.00454826,-0.00013498,-0.00235382,15:46:58..154,,,,
15:46:58..188,4.68536994,-0.000954,-0.00031526,0.00018332,0.00617145,-0.00004519,0.00151343,0.00455117,-0.00014968,-0.00235374,15:46:58..154,,,,
15:46:58..256,4.56125418,-0.000954,-0.00031573,0.00018241,0.00617168,-0.00004472,0.00151315,0.00455052,-0.0001506,-0.00235407,15:46:58..293,,,,
15:46:58..301,4.70088441,-0.000954,-0.00031593,0.00018263,0.00617117,-0.00004488,0.00151309,0.00454991,-0.00015142,-0.00235445,15:46:58..293,,,,
15:46:58..335,4.58711163,-0.000929,-0.00031582,0.00018228,0.0061712,-0.00004444,0.00149015,0.00453639,-0.00018301,-0.00235373,15:46:58..337,,,,
15:46:58..437,4.78879974,-0.000929,-0.00031574,0.0001822,0.00617062,-0.00004446,0.00149029,0.00453535,-0.00018337,-0.00235415,15:46:58..434,,,,
15:46:58..470,4.71639888,-0.000954,-0.00031549,0.00018183,0.00617301,-0.0000452,0.00147537,0.00452583,-0.00019335,-0.0023504,15:46:58..479,,,,
15:46:58..580,4.57159716,-0.000954,-0.00031578,0.00018184,0.00617296,-0.000045,0.00147638,0.00452552,-0.00019314,-0.00235014,15:46:58..579,,,,
15:46:58..614,4.76811378,-0.000901,-0.00031475,0.00018203,0.00617345,-0.00004526,0.00149233,0.00452692,-0.00020174,-0.00235056,15:46:58..622,,,,
15:46:58..731,4.68536994,-0.000901,-0.00031498,0.00018158,0.00617408,-0.00004481,0.00149226,0.00452674,-0.00020182,-0.00235106,15:46:58..728,,,,
15:46:58..763,4.88705805,-0.000873,-0.00031557,0.00018367,0.00617346,-0.00004341,0.00153542,0.00455839,-0.00016146,-0.00235814,15:46:58..771,,,,
15:46:58..885,4.97497338,-0.000873,-0.00031541,0.00018282,0.00617325,-0.00004355,0.00153558,0.00455847,-0.00016028,-0.00235802,15:46:58..882,,,,
15:46:58..917,4.46299587,-0.000839,-0.00031481,0.00018192,0.00617328,-0.0000451,0.00152324,0.00453416,-0.0001673,-0.00235053,15:46:58..925,,,,
15:46:59..040,4.61814057,-0.000839,-0.00031493,0.00018263,0.00617457,-0.00004489,0.00152485,0.00453414,-0.00016677,-0.00235064,15:46:59..037,,,,
15:46:59..074,4.98014487,-0.000845,-0.00031614,0.00018217,0.00617357,-0.00004382,0.00156085,0.00453839,-0.00016403,-0.00235485,15:46:59..071,,,,
15:46:59..186,4.97497338,-0.000845,-0.00031643,0.00018239,0.0061728,-0.00004346,0.0015596,0.00453851,-0.00016392,-0.00235497,15:46:59..185,,,,
15:46:59..221,4.65951249,-0.000817,-0.00031747,0.00018228,0.00617091,-0.00004281,0.00160453,0.00455103,-0.00013423,-0.00235827,15:46:59..185,,,,
15:46:59..305,4.87154358,-0.000817,-0.00031735,0.00018241,0.00617085,-0.00004317,0.00160493,0.00455117,-0.00013467,-0.00235847,15:46:59..345,,,,
15:46:59..360,4.62331206,-0.000817,-0.00031777,0.00018206,0.00617078,-0.000043,0.00160569,0.00455059,-0.00013453,-0.00235783,15:46:59..345,,,,
15:46:59..393,4.62848355,-0.000819,-0.00031606,0.00018283,0.00617163,-0.00004339,0.00157063,0.00453649,-0.00012872,-0.00235361,15:46:59..432,,,,
15:46:59..504,4.71639888,-0.000819,-0.00031607,0.00018259,0.00617173,-0.00004364,0.00157113,0.00453657,-0.00012833,-0.00235353,15:46:59..502,,,,
15:46:59..535,4.46816736,-0.000819,-0.0003166,0.00018296,0.00617076,-0.0000435,0.0015518,0.00453285,-0.00015207,-0.00235486,15:46:59..502,,,,
15:46:59..569,4.84568613,-0.000821,-0.00031676,0.00018156,0.00617028,-0.00004452,0.00155376,0.0045274,-0.00015847,-0.00235362,15:46:59..626,,,,
15:46:59..678,4.89222954,-0.000821,-0.00031627,0.00018172,0.0061707,-0.00004447,0.00155377,0.00452771,-0.00015818,-0.00235367,15:46:59..675,,,,
15:46:59..710,4.93360146,-0.000838,-0.00031628,0.00018248,0.00617161,-0.00004454,0.00155873,0.00454384,-0.00013265,-0.00235429,15:46:59..719,,,,
15:46:59..809,4.55608269,-0.000838,-0.00031647,0.00018262,0.00617146,-0.00004435,0.00155821,0.00454329,-0.0001337,-0.00235456,15:46:59..807,,,,
15:46:59..841,4.53022524,-0.000919,-0.00031834,0.00018253,0.00617436,-0.00004339,0.00154391,0.0045538,-0.0001327,-0.00235799,15:46:59..851,,,,
15:46:59..931,4.62848355,-0.000919,-0.00031807,0.00018253,0.00617444,-0.00004276,0.00154413,0.00455396,-0.00013315,-0.00235812,15:46:59..929,,,,
15:46:59..963,4.95945891,-0.001038,-0.00031746,0.0001821,0.00617453,-0.00004346,0.00154123,0.00453918,-0.00015811,-0.00235654,15:46:59..929,,,,
15:47:00..064,5.19217596,-0.001038,-0.00031746,0.00018237,0.0061752,-0.00004339,0.0015416,0.00453884,-0.0001574,-0.00235711,15:47:00..101,,,,
15:47:00..110,4.51988226,-0.001038,-0.00031725,0.00018186,0.00617539,-0.00004354,0.00154162,0.0045392,-0.00015756,-0.00235647,15:47:00..101,,,,
15:47:00..143,4.2406218,-0.001059,-0.00031746,0.00018196,0.0061745,-0.00004525,0.00153073,0.00454416,-0.0000996,-0.00235216,15:47:00..182,,,,
15:47:00..243,4.11650604,-0.001059,-0.00031762,0.00018171,0.00617452,-0.00004477,0.00153029,0.00454404,-0.00009943,-0.00235201,15:47:00..242,,,,
15:47:00..275,4.93360146,-0.001103,-0.00031714,0.00018141,0.00617046,-0.00004459,0.00154198,0.00454737,-0.00009433,-0.00234838,15:47:00..286,,,,
15:47:00..378,4.81465719,-0.001103,-0.0003175,0.00018114,0.00617133,-0.00004504,0.0015418,0.00454737,-0.00009572,-0.00234855,15:47:00..376,,,,
15:47:00..411,4.94394444,-0.001147,-0.00031749,0.00018099,0.00617129,-0.00004346,0.00159161,0.00454573,-0.00009424,-0.00234935,15:47:00..419,,,,
15:47:00..479,4.66468398,-0.00115,-0.00031778,0.00018105,0.00617147,-0.00004392,0.00159193,0.00454565,-0.00009434,-0.00234919,15:47:00..528,,,,
15:47:00..574,4.53022524,-0.00115,-0.00031698,0.00018156,0.00617223,-0.00004341,0.00159329,0.00454535,-0.00009387,-0.00234926,15:47:00..572,,,,
15:47:00..607,4.6026261,-0.001179,-0.0003176,0.00018256,0.00617239,-0.00004334,0.00163707,0.00455066,-0.00008482,-0.00235245,15:47:00..615,,,,
15:47:00..731,4.67502696,-0.001179,-0.00031763,0.00018214,0.00617187,-0.0000438,0.00163791,0.00455033,-0.00008534,-0.0023522,15:47:00..728,,,,
15:47:00..762,4.83017166,-0.00117,-0.00031702,0.00018135,0.00616996,-0.00004332,0.00164776,0.00455962,-0.00008414,-0.00235247,15:47:00..771,,,,
15:47:00..822,4.69571292,-0.001138,-0.00031675,0.00018158,0.00616968,-0.0000428,0.00164768,0.00455956,-0.00008448,-0.00235206,15:47:00..862,,,,
15:47:00..902,4.6026261,-0.001138,-0.00031705,0.00018165,0.00616975,-0.00004288,0.00164698,0.00455992,-0.00008485,-0.00235219,15:47:00..862,,,,
15:47:00..936,4.73191335,-0.001083,-0.00031722,0.00018178,0.00617018,-0.00004249,0.00164308,0.00454471,-0.00010431,-0.00235411,15:47:00..905,,,,
15:47:01..010,4.84568613,-0.001083,-0.00031751,0.00018141,0.00617118,-0.00004275,0.0016428,0.00454438,-0.00010473,-0.00235393,15:47:01..047,,,,
15:47:01..055,4.60779759,-0.001083,-0.00031709,0.00018171,0.00617151,-0.00004199,0.00164296,0.00454537,-0.0001047,-0.00235375,15:47:01..047,,,,
15:47:01..088,4.88188656,-0.001108,-0.00031749,0.00018169,0.00617108,-0.0000424,0.0016514,0.00455641,-0.0000953,-0.00235448,15:47:01..091,,,,
15:47:01..187,4.66468398,-0.001108,-0.00031741,0.0001814,0.00617178,-0.00004277,0.0016507,0.00455622,-0.00009574,-0.0023549,15:47:01..184,,,,
15:47:01..219,4.66985547,-0.001065,-0.00031674,0.00018235,0.00617207,-0.00004319,0.00163551,0.00454562,-0.00011056,-0.00235673,15:47:01..230,,,,
15:47:01..337,4.90257252,-0.001065,-0.00031702,0.00018265,0.00617203,-0.00004261,0.00163548,0.00454557,-0.00011002,-0.0023568,15:47:01..334,,,,
15:47:01..368,4.79397123,-0.001079,-0.00031696,0.00018243,0.00616936,-0.0000446,0.00160923,0.00454386,-0.00009004,-0.00235336,15:47:01..334,,,,
15:47:01..444,4.61296908,-0.001056,-0.00031687,0.00018231,0.00617016,-0.00004398,0.0016094,0.00454411,-0.00009024,-0.00235323,15:47:01..487,,,,
15:47:01..532,4.53022524,-0.001056,-0.00031678,0.00018236,0.00617009,-0.00004413,0.00160965,0.00454387,-0.00008997,-0.00235339,15:47:01..533,,,,
15:47:01..565,4.37508054,-0.001049,-0.00031714,0.00018183,0.00617074,-0.00004234,0.00165537,0.00457204,-0.00003812,-0.00235038,15:47:01..533,,,,
15:47:01..648,4.94394444,-0.001049,-0.00031702,0.00018179,0.00617105,-0.00004203,0.00165523,0.00457278,-0.00003808,-0.00234947,15:47:01..685,,,,
15:47:01..693,4.41645246,-0.001049,-0.00031752,0.00018171,0.00617093,-0.00004242,0.00165475,0.00457346,-0.00003898,-0.00234931,15:47:01..685,,,,
15:47:01..725,5.10426063,-0.00103,-0.0003197,0.00017996,0.00616969,-0.00004275,0.00160708,0.00455869,-0.00009037,-0.00235202,15:47:01..729,,,,
15:47:01..838,4.95945891,-0.00103,-0.00031945,0.00018039,0.00616957,-0.00004283,0.00160816,0.00455915,-0.00008979,-0.00235152,15:47:01..835,,,,
15:47:01..869,4.49402481,-0.001086,-0.00031739,0.00018142,0.0061687,-0.00004349,0.00162164,0.00455582,-0.00008944,-0.00234972,15:47:01..880,,,,
15:47:01..991,4.85085762,-0.001086,-0.00031725,0.00018156,0.00616861,-0.00004321,0.00162201,0.00455596,-0.0000893,-0.0023502,15:47:01..988,,,,
15:47:02..024,4.67502696,-0.001098,-0.00031722,0.00018157,0.00616634,-0.00004347,0.00160964,0.00455198,-0.00011066,-0.00235191,15:47:01..988,,,,
15:47:02..092,4.72674186,-0.001098,-0.00031732,0.00018179,0.00616688,-0.00004367,0.00160872,0.00455235,-0.00011146,-0.00235207,15:47:02..130,,,,
15:47:02..137,4.43196693,-0.001098,-0.00031704,0.00018165,0.00616672,-0.00004368,0.00160842,0.00455174,-0.00011229,-0.00235258,15:47:02..130,,,,
15:47:02..171,5.08357467,-0.001075,-0.00031761,0.00018243,0.0061706,-0.00004273,0.00159391,0.00453215,-0.00014855,-0.00235743,15:47:02..173,,,,
15:47:02..281,4.87154358,-0.001075,-0.0003177,0.00018294,0.00617058,-0.00004293,0.00159401,0.00453281,-0.00014858,-0.00235731,15:47:02..279,,,,
15:47:02..313,4.66985547,-0.001119,-0.00031701,0.00018242,0.00616991,-0.00004336,0.00162862,0.00455654,-0.00011237,-0.00235367,15:47:02..323,,,,
15:47:02..377,4.55608269,-0.001101,-0.00031704,0.00018243,0.00616988,-0.00004356,0.00162872,0.00455675,-0.00011198,-0.00235367,15:47:02..431,,,,
15:47:02..457,4.51988226,-0.001101,-0.00031692,0.0001823,0.00616971,-0.000043,0.00162771,0.00455665,-0.00011229,-0.00235397,15:47:02..431,,,,
15:47:02..491,4.61814057,-0.000955,-0.00031676,0.0001821,0.00617078,-0.00004269,0.00165127,0.00454485,-0.00010377,-0.00235094,15:47:02..518,,,,
15:47:02..616,4.80431421,-0.000955,-0.00031671,0.0001818,0.00617034,-0.00004305,0.00165272,0.00454436,-0.00010364,-0.00235108,15:47:02..613,,,,
15:47:02..648,4.68536994,-0.00087,-0.00031616,0.00018282,0.00617073,-0.00004342,0.00161416,0.00453674,-0.00013459,-0.00235024,15:47:02..725,,,,
15:47:02..770,4.74225633,-0.000843,-0.00031677,0.00018266,0.00617069,-0.00004353,0.00161363,0.00453638,-0.00013509,-0.0023506,15:47:02..769,,,,
15:47:02..804,4.84051464,-0.000799,-0.00031662,0.00018192,0.00617084,-0.00004387,0.00163783,0.00455132,-0.00011188,-0.00234583,15:47:02..811,,,,
15:47:02..935,4.71122739,-0.000799,-0.00031657,0.00018206,0.00617089,-0.00004347,0.00163899,0.00455226,-0.00011037,-0.00234606,15:47:02..934,,,,
15:47:02..968,4.64399802,-0.000748,-0.00031653,0.00018107,0.00617124,-0.00004302,0.00163065,0.0045433,-0.00011683,-0.00234527,15:47:02..976,,,,
15:47:03..092,4.78879974,-0.000748,-0.0003167,0.00018141,0.00617125,-0.00004251,0.00163296,0.00454422,-0.00011605,-0.00234491,15:47:03..089,,,,
15:47:03..124,4.20442137,-0.000699,-0.0003163,0.00018327,0.00617337,-0.00004248,0.00170064,0.00459501,-0.0000672,-0.00234611,15:47:03..166,,,,
15:47:03..242,4.49402481,-0.000699,-0.00031596,0.00018376,0.00617333,-0.0000426,0.00169865,0.00459521,-0.00006794,-0.002347,15:47:03..240,,,,
15:47:03..273,4.83017166,-0.000725,-0.00031709,0.00018193,0.00617337,-0.00004218,0.00165576,0.00457755,-0.00010316,-0.002349,15:47:03..240,,,,
15:47:03..353,5.10943212,-0.000725,-0.00031679,0.00018176,0.00617319,-0.00004201,0.00165512,0.00457767,-0.00010362,-0.00234909,15:47:03..381,,,,
15:47:03..389,4.59228312,-0.000725,-0.00031663,0.00018212,0.00617366,-0.00004177,0.0016553,0.0045776,-0.00010363,-0.00234889,15:47:03..381,,,,
15:47:03..423,4.83534315,-0.000897,-0.00031617,0.00018175,0.00617403,-0.0000428,0.00168336,0.00456842,-0.00010308,-0.00234355,15:47:03..478,,,,
15:47:03..529,4.78362825,-0.000897,-0.00031603,0.00018162,0.00617352,-0.00004301,0.00168356,0.0045675,-0.00010265,-0.00234356,15:47:03..528,,,,
15:47:03..562,4.59228312,-0.000912,-0.00031625,0.00018285,0.00617462,-0.00004334,0.00169857,0.00455753,-0.00010686,-0.002344,15:47:03..571,,,,
15:47:03..641,4.68536994,-0.000912,-0.00031604,0.00018294,0.00617502,-0.00004362,0.00169912,0.00455748,-0.00010619,-0.00234408,15:47:03..638,,,,
15:47:03..674,4.74742782,-0.000777,-0.00031533,0.00018271,0.00617278,-0.00004226,0.00171011,0.00456079,-0.00010383,-0.00234334,15:47:03..717,,,,
15:47:03..781,4.84051464,-0.000777,-0.00031588,0.00018261,0.00617287,-0.00004251,0.00170933,0.00455993,-0.00010386,-0.00234397,15:47:03..778,,,,
15:47:03..814,4.68019845,-0.000678,-0.00031539,0.00018246,0.0061717,-0.0000439,0.00168327,0.0045449,-0.00011957,-0.00234295,15:47:03..826,,,,
15:47:03..920,5.0163453,-0.000678,-0.00031566,0.00018213,0.00617137,-0.00004336,0.00168352,0.00454457,-0.0001201,-0.00234326,15:47:03..918,,,,
15:47:03..952,4.80431421,-0.000661,-0.00031712,0.00018261,0.00617142,-0.00004257,0.00166767,0.00454489,-0.00012898,-0.00235101,15:47:03..961,,,,
15:47:04..066,4.81465719,-0.000661,-0.00031692,0.00018255,0.0061712,-0.00004246,0.00166896,0.00454421,-0.00012906,-0.00235113,15:47:04..063,,,,
15:47:04..097,4.60779759,-0.000584,-0.00031589,0.00018263,0.00617147,-0.00004232,0.0016902,0.00455991,-0.00011367,-0.00234943,15:47:04..107,,,,
15:47:04..158,4.54573971,-0.000504,-0.00031615,0.00018262,0.00617159,-0.00004282,0.00168994,0.00456021,-0.00011387,-0.00234977,15:47:04..205,,,,
15:47:04..249,4.59745461,-0.000468,-0.00031675,0.00018273,0.00617167,-0.00004271,0.00169005,0.00456076,-0.00011436,-0.00235007,15:47:04..249,,,,
15:47:04..282,4.59745461,-0.000468,-0.00031584,0.00018288,0.00617206,-0.00004217,0.00172126,0.00456887,-0.000096,-0.00234729,15:47:04..249,,,,
15:47:04..317,4.55608269,-0.000403,-0.00031656,0.00018188,0.00617195,-0.00004077,0.00176013,0.00457837,-0.00007978,-0.0023444,15:47:04..359,,,,
15:47:04..411,5.05771722,-0.000403,-0.00031648,0.00018173,0.00617258,-0.00004068,0.00176106,0.00457848,-0.00007906,-0.00234417,15:47:04..431,,,,
15:47:04..442,4.58194014,-0.000403,-0.00031673,0.00018132,0.00617162,-0.00004047,0.00177077,0.00457857,-0.00007589,-0.00234319,15:47:04..431,,,,
15:47:04..475,4.88705805,-0.000305,-0.0003158,0.00018274,0.00617234,-0.00004392,0.00172142,0.00459692,-0.00006198,-0.00233312,15:47:04..527,,,,
15:47:04..574,4.65951249,-0.000305,-0.0003163,0.00018222,0.00617203,-0.00004434,0.00172115,0.00459697,-0.00006217,-0.00233341,15:47:04..573,,,,
15:47:04..607,4.72157037,-0.000305,-0.0003146,0.00018277,0.00617357,-0.00004398,0.00171889,0.00457871,-0.00008996,-0.0023334,15:47:04..573,,,,
15:47:04..641,4.77845676,-0.000298,-0.00031434,0.00018319,0.00617164,-0.00004417,0.00169982,0.00457592,-0.00010528,-0.00233629,15:47:04..697,,,,
15:47:04..749,4.62848355,-0.000298,-0.00031447,0.00018299,0.006172,-0.00004355,0.00169934,0.0045758,-0.0001054,-0.00233624,15:47:04..748,,,,
15:47:04..782,4.81982868,-0.000406,-0.00031469,0.00018309,0.00617296,-0.00004366,0.00171667,0.00458324,-0.00008751,-0.00233494,15:47:04..791,,,,
15:47:04..905,4.54056822,-0.000406,-0.00031476,0.0001831,0.0061728,-0.0000436,0.0017174,0.00458301,-0.00008812,-0.00233485,15:47:04..902,,,,
15:47:04..938,4.49402481,-0.000561,-0.000315,0.00018338,0.00617244,-0.00004326,0.00171265,0.00459422,-0.00008471,-0.0023399,15:47:04..947,,,,
15:47:05..084,4.63882653,-0.000561,-0.00031519,0.00018346,0.00617231,-0.00004324,0.00171262,0.0045942,-0.00008449,-0.00233998,15:47:05..081,,,,
15:47:05..116,4.79914272,-0.000697,-0.00031506,0.00018317,0.00617348,-0.00004302,0.00172984,0.00459405,-0.00008793,-0.00234125,15:47:05..126,,,,
15:47:05..226,4.72674186,-0.000697,-0.00031488,0.00018324,0.0061731,-0.00004255,0.00173023,0.00459466,-0.00008819,-0.00234134,15:47:05..223,,,,
15:47:05..258,4.7060559,-0.000807,-0.00031552,0.00018344,0.00617219,-0.00004364,0.00169801,0.00458136,-0.00010643,-0.0023449,15:47:05..332,,,,
15:47:05..396,4.64399802,-0.000807,-0.00031541,0.00018357,0.00617193,-0.00004301,0.00169715,0.00458088,-0.00010702,-0.00234464,15:47:05..395,,,,
15:47:05..429,4.67502696,-0.000821,-0.00031545,0.00018341,0.00617288,-0.00004227,0.00170377,0.00456961,-0.00011602,-0.00234832,15:47:05..430,,,,
15:47:05..543,4.74225633,-0.000821,-0.00031523,0.00018306,0.00617231,-0.00004275,0.00170455,0.00456936,-0.00011541,-0.00234788,15:47:05..539,,,,
15:47:05..573,4.56125418,-0.000872,-0.00031622,0.0001835,0.00617218,-0.00004255,0.00171381,0.00458746,-0.00009901,-0.00234668,15:47:05..583,,,,
15:47:05..670,4.54573971,-0.000872,-0.00031559,0.00018352,0.00617297,-0.00004234,0.00171338,0.00458732,-0.00009933,-0.00234603,15:47:05..669,,,,
15:47:05..704,4.74742782,-0.0009,-0.00031546,0.00018317,0.00617378,-0.00004238,0.00168565,0.00457381,-0.00011297,-0.00234457,15:47:05..712,,,,
15:47:05..830,4.62331206,-0.0009,-0.00031519,0.00018309,0.00617409,-0.00004263,0.00168611,0.00457394,-0.00011324,-0.00234442,15:47:05..827,,,,
15:47:05..863,4.68019845,-0.000815,-0.00031537,0.00018342,0.00617271,-0.00004114,0.00175853,0.00458259,-0.00009664,-0.00234424,15:47:05..871,,,,
15:47:05..980,4.8612006,-0.000815,-0.00031551,0.00018321,0.00617261,-0.00004101,0.00175867,0.00458303,-0.00009646,-0.00234406,15:47:05..977,,,,
15:47:06..011,4.54056822,-0.000816,-0.0003156,0.00018358,0.00617321,-0.00004283,0.00168602,0.00457454,-0.00012605,-0.00235225,15:47:06..019,,,,
15:47:06..125,4.82500017,-0.000816,-0.00031614,0.00018376,0.00617278,-0.00004302,0.00168459,0.00457458,-0.0001269,-0.00235219,15:47:06..122,,,,
15:47:06..157,4.75259931,-0.000814,-0.00031643,0.0001836,0.00617229,-0.00004191,0.00164834,0.00456888,-0.0001392,-0.00235548,15:47:06..165,,,,
15:47:06..265,4.72674186,-0.000814,-0.00031641,0.00018414,0.00617177,-0.0000425,0.00164847,0.00456902,-0.00013943,-0.00235501,15:47:06..262,,,,
15:47:06..296,4.64399802,-0.000786,-0.00031833,0.00018347,0.0061724,-0.00004274,0.00162737,0.00455217,-0.00015638,-0.00235755,15:47:06..306,,,,
15:47:06..402,4.7577708,-0.000786,-0.00031825,0.00018387,0.00617309,-0.00004231,0.00162705,0.00455195,-0.00015632,-0.00235774,15:47:06..399,,,,
15:47:06..434,4.91808699,-0.000655,-0.00031817,0.00018364,0.00617213,-0.00004245,0.00163145,0.00454743,-0.00014756,-0.00235718,15:47:06..399,,,,
15:47:06..523,4.94911593,-0.000655,-0.00031796,0.00018338,0.00617188,-0.00004328,0.00163213,0.00454709,-0.00014751,-0.0023569,15:47:06..562,,,,
15:47:06..576,4.48368183,-0.000655,-0.00031833,0.00018342,0.00617212,-0.00004308,0.00163211,0.00454727,-0.00014704,-0.00235735,15:47:06..562,,,,
15:47:06..608,4.73708484,-0.000537,-0.00031825,0.00018294,0.00617088,-0.0000436,0.00160969,0.00454081,-0.00015209,-0.00235463,15:47:06..650,,,,
15:47:06..682,4.42162395,-0.000509,-0.00031823,0.0001831,0.00617173,-0.00004382,0.00160998,0.00454101,-0.00015175,-0.00235483,15:47:06..693,,,,
15:47:06..740,5.13528957,-0.000509,-0.00031819,0.00018302,0.0061711,-0.00004348,0.00161032,0.0045413,-0.00015186,-0.00235523,15:47:06..788,,,,
15:47:06..796,4.54056822,-0.000509,-0.0003182,0.00018289,0.0061704,-0.00004347,0.00161053,0.00454131,-0.00015176,-0.00235512,15:47:06..788,,,,
15:47:06..831,5.22837639,-0.000597,-0.00031911,0.00018168,0.00617089,-0.00004236,0.00162704,0.00454381,-0.00013805,-0.00235549,15:47:06..885,,,,
15:47:06..935,4.58711163,-0.000597,-0.0003192,0.00018155,0.00617048,-0.00004254,0.00162734,0.00454452,-0.00013791,-0.00235535,15:47:06..885,,,,
15:47:06..969,4.34922309,-0.000586,-0.0003196,0.00018337,0.00617109,-0.00004376,0.00161494,0.0045361,-0.00015291,-0.00235789,15:47:06..978,,,,
15:47:07..092,4.13202051,-0.000586,-0.00031922,0.00018278,0.00617157,-0.00004321,0.00161509,0.00453557,-0.00015308,-0.00235833,15:47:07..089,,,,
15:47:07..124,4.04410518,-0.000605,-0.00032088,0.00018267,0.00617308,-0.00004131,0.00162111,0.00454306,-0.00014825,-0.00236085,15:47:07..134,,,,
15:47:07..210,4.89740103,-0.000605,-0.00032096,0.00018245,0.00617324,-0.00004139,0.00162055,0.0045432,-0.00014777,-0.00236115,15:47:07..239,,,,
15:47:07..276,4.59745461,-0.000605,-0.00032072,0.0001823,0.00617409,-0.00004118,0.00162029,0.00454247,-0.0001483,-0.00236022,15:47:07..239,,,,
15:47:07..310,4.62848355,-0.000691,-0.00032177,0.00018166,0.00617128,-0.00004283,0.00161222,0.00453248,-0.00015919,-0.0023587,15:47:07..327,,,,
15:47:07..459,5.07323169,-0.000691,-0.00032186,0.00018196,0.00617167,-0.00004319,0.00161258,0.00453297,-0.00015959,-0.00235831,15:47:07..455,,,,
15:47:07..490,4.78362825,-0.000815,-0.00032298,0.00018015,0.00617172,-0.0000412,0.00163616,0.004558,-0.00013113,-0.00236058,15:47:07..498,,,,
15:47:07..604,5.16114702,-0.000815,-0.00032273,0.00018042,0.00617214,-0.0000416,0.00163625,0.00455764,-0.00013115,-0.00236037,15:47:07..601,,,,
15:47:07..636,4.31819415,-0.000923,-0.00032317,0.00018078,0.00617157,-0.00004288,0.00162139,0.00454038,-0.00014941,-0.00235928,15:47:07..644,,,,
15:47:07..784,4.33888011,-0.000923,-0.00032327,0.00018056,0.00617173,-0.00004298,0.00162179,0.00454048,-0.00014923,-0.00235868,15:47:07..781,,,,
15:47:07..815,4.50953928,-0.001,-0.00032221,0.00018122,0.0061713,-0.00004287,0.00162903,0.00454383,-0.00014979,-0.00235959,15:47:07..887,,,,
15:47:07..949,4.68536994,-0.001,-0.00032181,0.00018145,0.00617186,-0.00004309,0.00162946,0.004543,-0.00015018,-0.00235947,15:47:07..947,,,,
15:47:07..980,4.74742782,-0.001044,-0.00032215,0.00018081,0.00617163,-0.00004324,0.00162329,0.00454841,-0.00014157,-0.00235876,15:47:07..981,,,,
15:47:08..058,4.74225633,-0.001044,-0.00032212,0.00018083,0.00617174,-0.00004392,0.0016229,0.00454746,-0.00014192,-0.00235903,15:47:08..097,,,,
15:47:08..113,4.4474814,-0.001044,-0.00032218,0.00018087,0.00617133,-0.00004324,0.00162239,0.0045478,-0.00014136,-0.00235879,15:47:08..097,,,,
15:47:08..147,4.62331206,-0.001087,-0.00032196,0.00018079,0.00617126,-0.0000426,0.00162511,0.00455241,-0.00013492,-0.0023605,15:47:08..185,,,,
15:47:08..292,4.55608269,-0.001087,-0.00032183,0.00018062,0.00617167,-0.00004242,0.00162481,0.00455237,-0.00013544,-0.00236009,15:47:08..289,,,,
15:47:08..323,4.9129155,-0.001207,-0.00032068,0.00018093,0.00617085,-0.00004439,0.00160652,0.00453745,-0.00015137,-0.00235626,15:47:08..289,,,,
15:47:08..405,4.57159716,-0.001207,-0.00032113,0.00018094,0.00617078,-0.00004437,0.00160685,0.00453732,-0.00015174,-0.00235588,15:47:08..442,,,,
15:47:08..451,4.97497338,-0.001207,-0.00032046,0.00018189,0.00617067,-0.0000442,0.00160688,0.00453738,-0.00015171,-0.00235559,15:47:08..442,,,,
15:47:08..483,4.58711163,-0.001262,-0.00032027,0.00018144,0.00617079,-0.00004379,0.00160946,0.00453291,-0.0001563,-0.00235747,15:47:08..485,,,,
15:47:08..594,4.58194014,-0.001262,-0.00032037,0.00018153,0.00617072,-0.00004423,0.00160916,0.00453257,-0.00015677,-0.00235714,15:47:08..591,,,,
15:47:08..625,4.66468398,-0.001175,-0.00032099,0.00018138,0.00617102,-0.00004363,0.00161573,0.00452693,-0.00016156,-0.00235584,15:47:08..636,,,,
15:47:08..749,4.78362825,-0.001175,-0.00032032,0.00018117,0.00617141,-0.00004354,0.00161589,0.00452651,-0.00016191,-0.00235544,15:47:08..746,,,,
15:47:08..780,4.90257252,-0.001116,-0.00032077,0.00018083,0.00617184,-0.00004305,0.0016243,0.00452922,-0.00015015,-0.00235817,15:47:08..746,,,,
15:47:08..853,4.7577708,-0.001054,-0.00032179,0.00018073,0.00617121,-0.00004355,0.00162446,0.0045298,-0.00015006,-0.00235888,15:47:08..898,,,,
15:47:08..945,4.17339243,-0.001054,-0.00032133,0.00018127,0.00617139,-0.00004324,0.00162463,0.00453004,-0.00014937,-0.00235849,15:47:08..956,,,,
15:47:08..978,4.72674186,-0.001021,-0.00032121,0.00018193,0.00617247,-0.00004431,0.00161777,0.00453603,-0.00014015,-0.00235873,15:47:08..956,,,,
15:47:09..049,4.84051464,-0.001021,-0.00032073,0.00018173,0.00617278,-0.00004445,0.00161732,0.00453603,-0.00013978,-0.00235875,15:47:09..093,,,,
15:47:09..102,5.09391765,-0.001021,-0.00032123,0.00018168,0.00617248,-0.00004432,0.0016176,0.00453683,-0.00014058,-0.0023586,15:47:09..093,,,,
15:47:09..136,4.95945891,-0.001042,-0.00032057,0.0001802,0.00617042,-0.00004426,0.00159852,0.00453051,-0.00015955,-0.00235596,15:47:09..135,,,,
15:47:09..170,4.68536994,-0.001,-0.00032039,0.00018182,0.00617169,-0.00004413,0.00159472,0.00452201,-0.00016526,-0.00235449,15:47:09..177,,,,
15:47:09..298,4.62331206,-0.001,-0.0003198,0.00018154,0.00617186,-0.00004446,0.00159483,0.00452149,-0.00016544,-0.00235434,15:47:09..295,,,,
15:47:09..331,4.43196693,-0.000837,-0.00031979,0.00018118,0.0061721,-0.00004368,0.00159901,0.00452327,-0.00016334,-0.00235428,15:47:09..339,,,,
15:47:09..445,4.76294229,-0.000837,-0.00032009,0.00018118,0.00617227,-0.00004353,0.00159943,0.00452308,-0.00016359,-0.00235411,15:47:09..444,,,,
15:47:09..480,4.74225633,-0.000776,-0.00031996,0.00018187,0.00617155,-0.00004438,0.00160426,0.00452245,-0.00017181,-0.00235233,15:47:09..489,,,,
15:47:09..604,4.83534315,-0.000776,-0.00032035,0.00018117,0.0061716,-0.00004477,0.00160445,0.00452243,-0.00017249,-0.00235232,15:47:09..600,,,,
15:47:09..635,4.79397123,-0.000776,-0.00032075,0.0001816,0.0061718,-0.00004364,0.00161492,0.00453612,-0.00016475,-0.00235521,15:47:09..600,,,,
15:47:09..669,4.64399802,-0.000698,-0.00032054,0.00018094,0.00617144,-0.00004332,0.00161563,0.00453391,-0.00016738,-0.00235427,15:47:09..707,,,,
15:47:09..759,4.85085762,-0.000698,-0.00032094,0.00018085,0.00617134,-0.00004357,0.00161553,0.00453385,-0.00016724,-0.00235421,15:47:09..757,,,,
15:47:09..792,4.76294229,-0.000699,-0.00032121,0.00018038,0.0061707,-0.0000434,0.00162341,0.00454447,-0.00015299,-0.00235751,15:47:09..801,,,,
15:47:09..910,4.58711163,-0.000699,-0.00032117,0.00018058,0.00617084,-0.00004337,0.0016224,0.0045447,-0.00015387,-0.00235725,15:47:09..907,,,,
15:47:09..941,4.76811378,-0.000647,-0.00032048,0.00018084,0.00617268,-0.000043,0.00162629,0.0045478,-0.00015205,-0.00235706,15:47:09..949,,,,
15:47:10..081,4.9129155,-0.000647,-0.00032111,0.0001807,0.00617239,-0.00004309,0.00162642,0.00454755,-0.00015205,-0.00235755,15:47:10..079,,,,
15:47:10..114,4.92842997,-0.000717,-0.0003207,0.00018072,0.00617186,-0.00004455,0.00162309,0.00453359,-0.00017592,-0.00235242,15:47:10..120,,,,
15:47:10..258,4.68536994,-0.000717,-0.00032044,0.00018086,0.00617164,-0.00004418,0.00162312,0.00453354,-0.0001758,-0.00235185,15:47:10..256,,,,
15:47:10..289,4.40610948,-0.000748,-0.00032052,0.00018134,0.00617371,-0.00004383,0.00163001,0.00454637,-0.0001599,-0.00235785,15:47:10..297,,,,
15:47:10..417,4.7577708,-0.000748,-0.00032024,0.00018166,0.00617334,-0.0000438,0.00163037,0.00454673,-0.00015944,-0.0023578,15:47:10..414,,,,
15:47:10..449,4.5509112,-0.000644,-0.00032192,0.00018008,0.00616981,-0.00004322,0.00163269,0.00454883,-0.00015794,-0.00235594,15:47:10..414,,,,
15:47:10..520,4.70088441,-0.000644,-0.00032207,0.00017992,0.00616995,-0.000044,0.00163281,0.0045493,-0.00015811,-0.00235615,15:47:10..570,,,,
15:47:10..590,4.61296908,-0.000644,-0.0003221,0.00017999,0.00617006,-0.0000432,0.00163267,0.00454912,-0.0001579,-0.00235618,15:47:10..570,,,,
15:47:10..623,4.83017166,-0.000566,-0.00032189,0.00018042,0.00617254,-0.00004266,0.00164043,0.00455729,-0.00014656,-0.00235884,15:47:10..657,,,,
15:47:10..742,4.89740103,-0.000566,-0.00032157,0.00018052,0.00617175,-0.00004314,0.00164045,0.00455592,-0.00014616,-0.00235846,15:47:10..740,,,,
15:47:10..776,4.59228312,-0.000553,-0.000321,0.00018105,0.00617202,-0.00004388,0.00162983,0.00455061,-0.0001516,-0.0023566,15:47:10..846,,,,
15:47:10..890,4.36473756,-0.000553,-0.00032102,0.00018074,0.00617153,-0.00004385,0.0016296,0.00455025,-0.00015132,-0.00235654,15:47:10..846,,,,
15:47:10..922,4.72157037,-0.000504,-0.00032128,0.00017975,0.00617043,-0.00004338,0.00163469,0.00454386,-0.00015494,-0.0023566,15:47:10..891,,,,
15:47:10..957,4.90257252,-0.000515,-0.0003211,0.00018035,0.00617176,-0.00004329,0.00164137,0.00455216,-0.00014451,-0.00235866,15:47:11..027,,,,
15:47:11..084,4.96980189,-0.000515,-0.00032113,0.00018029,0.00617127,-0.00004381,0.00164161,0.00455251,-0.00014423,-0.00235833,15:47:11..082,,,,
15:47:11..116,4.49402481,-0.000533,-0.00032084,0.00018209,0.0061735,-0.00004467,0.00164391,0.00454288,-0.00015261,-0.00235669,15:47:11..126,,,,
15:47:11..234,4.83534315,-0.000533,-0.00032081,0.0001819,0.00617323,-0.00004431,0.0016444,0.00454351,-0.0001521,-0.00235642,15:47:11..232,,,,
15:47:11..267,4.41645246,-0.000497,-0.00031969,0.00018148,0.00617378,-0.00004425,0.0016365,0.0045366,-0.00016113,-0.0023539,15:47:11..275,,,,
15:47:11..371,4.93877295,-0.000497,-0.00031987,0.00018106,0.006174,-0.00004485,0.00163619,0.00453655,-0.00016094,-0.00235451,15:47:11..368,,,,
15:47:11..402,4.7060559,-0.000509,-0.00032163,0.0001801,0.00617242,-0.00004427,0.00162504,0.00454111,-0.00016474,-0.00235534,15:47:11..411,,,,
15:47:11..511,4.54056822,-0.000509,-0.00032109,0.00018069,0.00617248,-0.00004429,0.00162535,0.00454119,-0.00016509,-0.00235505,15:47:11..508,,,,
15:47:11..544,4.89740103,-0.000489,-0.00032149,0.00018039,0.00617178,-0.00004285,0.00161192,0.0045307,-0.00016967,-0.00235747,15:47:11..554,,,,
15:47:11..658,5.18183298,-0.000489,-0.00032129,0.00017998,0.00617215,-0.00004282,0.00161214,0.00453131,-0.0001692,-0.00235801,15:47:11..655,,,,
15:47:11..690,4.85085762,-0.000519,-0.00032062,0.00018036,0.0061716,-0.00004351,0.00161159,0.00453897,-0.00016467,-0.00235724,15:47:11..700,,,,
15:47:11..821,4.87154358,-0.000519,-0.00032127,0.00018021,0.00617183,-0.00004369,0.00161143,0.00453796,-0.00016475,-0.00235698,15:47:11..818,,,,
15:47:11..853,4.60779759,-0.000541,-0.00032074,0.00018067,0.00617138,-0.00004354,0.00160853,0.00453168,-0.00017043,-0.00235702,15:47:11..862,,,,
15:47:11..970,4.68536994,-0.000541,-0.00032055,0.00018063,0.00617184,-0.00004375,0.00160884,0.00453147,-0.00017012,-0.00235683,15:47:11..967,,,,
15:47:12..002,4.42162395,-0.000521,-0.00031906,0.00018066,0.00617142,-0.00004448,0.00163033,0.00453352,-0.00015827,-0.00235192,15:47:12..011,,,,
15:47:12..112,4.27165074,-0.000521,-0.00031884,0.00018093,0.00617152,-0.00004448,0.00163076,0.00453414,-0.00015786,-0.00235235,15:47:12..109,,,,
15:47:12..143,4.62331206,-0.000438,-0.00031968,0.00018263,0.00617335,-0.00004468,0.00159672,0.00450867,-0.00019131,-0.00235367,15:47:12..151,,,,
15:47:12..281,4.95945891,-0.000438,-0.00031958,0.00018217,0.00617246,-0.00004467,0.00159715,0.00450897,-0.0001913,-0.00235419,15:47:12..278,,,,
15:47:12..313,4.93877295,-0.000548,-0.00032037,0.00017983,0.0061719,-0.00004378,0.00159969,0.0045453,-0.00015444,-0.00235706,15:47:12..321,,,,
15:47:12..382,4.64916951,-0.000548,-0.00032098,0.00018014,0.00617207,-0.00004359,0.00159965,0.00454574,-0.00015503,-0.00235696,15:47:12..379,,,,
15:47:12..421,4.2406218,-0.000548,-0.00032061,0.0001802,0.00617259,-0.00004413,0.00159916,0.00454541,-0.00015485,-0.00235714,15:47:12..379,,,,
15:47:12..454,4.63365504,-0.000533,-0.000323,0.00018028,0.00617254,-0.00004282,0.00159125,0.00455507,-0.00013401,-0.00235881,15:47:12..422,,,,
15:47:12..492,4.84568613,-0.000523,-0.0003225,0.00017989,0.00617269,-0.00004297,0.00159652,0.00455343,-0.00012322,-0.00235722,15:47:12..545,,,,
15:47:12..598,4.90774401,-0.000523,-0.00032223,0.00018023,0.00617299,-0.00004267,0.00159757,0.004554,-0.00012227,-0.00235667,15:47:12..598,,,,
15:47:12..632,4.95428742,-0.000592,-0.00032246,0.00017929,0.00617012,-0.0000435,0.00157603,0.0045547,-0.00012732,-0.0023573,15:47:12..639,,,,
15:47:12..730,4.86637209,-0.000592,-0.00032201,0.00017934,0.00617048,-0.00004273,0.00157519,0.00455437,-0.00012761,-0.00235732,15:47:12..729,,,,
15:47:12..764,4.78362825,-0.000649,-0.00032278,0.00017913,0.00617069,-0.0000433,0.00157546,0.00455097,-0.00013165,-0.00235642,15:47:12..773,,,,
15:47:12..877,4.81465719,-0.000649,-0.00032241,0.00017868,0.00617083,-0.0000427,0.00157585,0.00455098,-0.00013166,-0.00235664,15:47:12..874,,,,
15:47:12..909,4.89740103,-0.0007,-0.00032256,0.00017914,0.00617133,-0.00004277,0.00163566,0.00453375,-0.00013044,-0.00235601,15:47:12..919,,,,
15:47:13..002,4.92325848,-0.0007,-0.00032236,0.00017983,0.00617128,-0.00004298,0.00163631,0.00453335,-0.00013068,-0.00235603,15:47:13..000,,,,
15:47:13..035,4.59745461,-0.000731,-0.00032299,0.00017929,0.00617091,-0.00004261,0.00165924,0.00454847,-0.00010753,-0.00235636,15:47:13..044,,,,
15:47:13..159,4.59228312,-0.000731,-0.00032228,0.00017963,0.00617068,-0.00004227,0.00165846,0.00454806,-0.00010737,-0.00235668,15:47:13..156,,,,
15:47:13..191,4.95945891,-0.000756,-0.00032185,0.00017952,0.00617074,-0.00004337,0.00168213,0.00452798,-0.00013132,-0.00235395,15:47:13..199,,,,
15:47:13..298,4.85085762,-0.000756,-0.00032193,0.00017991,0.00617184,-0.00004289,0.00168207,0.00452861,-0.00013118,-0.00235421,15:47:13..295,,,,
15:47:13..331,4.77845676,-0.000808,-0.00032202,0.0001788,0.00617135,-0.00004255,0.0016994,0.00455012,-0.00010185,-0.00235234,15:47:13..337,,,,
15:47:13..439,4.30785117,-0.000808,-0.00032228,0.0001787,0.00617136,-0.00004295,0.00169887,0.00454967,-0.00010192,-0.00235266,15:47:13..436,,,,
15:47:13..472,4.73708484,-0.00082,-0.00032301,0.00017839,0.00617167,-0.00004166,0.00173435,0.00457307,-0.00005632,-0.00235114,15:47:13..534,,,,
15:47:13..584,4.92842997,-0.00082,-0.00032294,0.00017881,0.00617222,-0.00004178,0.0017355,0.0045731,-0.00005587,-0.00235155,15:47:13..581,,,,
15:47:13..617,4.82500017,-0.000839,-0.00032161,0.00017925,0.00617254,-0.00004128,0.00174256,0.00456872,-0.00007142,-0.00234859,15:47:13..623,,,,
15:47:13..726,4.90257252,-0.000839,-0.00032142,0.0001794,0.00617324,-0.00004185,0.0017423,0.00456841,-0.00007169,-0.00234864,15:47:13..723,,,,
15:47:13..759,4.79914272,-0.000776,-0.00032189,0.0001784,0.00617029,-0.00004207,0.0016988,0.00456668,-0.00007325,-0.00234745,15:47:13..768,,,,
15:47:13..833,4.87671507,-0.000762,-0.00032161,0.00017808,0.00617029,-0.00004187,0.00169892,0.0045663,-0.0000737,-0.00234755,15:47:13..872,,,,
15:47:13..920,4.35956607,-0.000762,-0.00032197,0.00017831,0.00616994,-0.00004217,0.0016988,0.00456636,-0.00007444,-0.00234742,15:47:13..919,,,,
15:47:13..953,4.98014487,-0.000762,-0.00032068,0.00017894,0.00617099,-0.00004295,0.00168391,0.00455368,-0.00007819,-0.00234677,15:47:13..919,,,,
15:47:13..987,4.55608269,-0.000743,-0.00032122,0.00017952,0.006173,-0.00004307,0.00168519,0.00454794,-0.00007992,-0.00234709,15:47:14..022,,,,
15:47:14..085,4.49402481,-0.000743,-0.00032076,0.00017941,0.00617282,-0.00004389,0.00168563,0.00454855,-0.00008014,-0.00234678,15:47:14..082,,,,
15:47:14..118,4.7577708,-0.000779,-0.00032181,0.00017835,0.00617296,-0.00004139,0.00175427,0.00456735,-0.00005658,-0.00234839,15:47:14..126,,,,
15:47:14..222,4.75259931,-0.000779,-0.00032162,0.00017848,0.00617271,-0.00004095,0.00175309,0.00456726,-0.00005681,-0.00234822,15:47:14..218,,,,
15:47:14..255,4.93360146,-0.000692,-0.00032258,0.00017879,0.00617269,-0.00004227,0.00174728,0.00456787,-0.00007358,-0.00235212,15:47:14..263,,,,
15:47:14..358,4.85602911,-0.000692,-0.00032239,0.00017878,0.00617266,-0.00004165,0.00174748,0.0045679,-0.00007356,-0.00235173,15:47:14..355,,,,
15:47:14..390,4.58194014,-0.000637,-0.00032168,0.00017967,0.00617271,-0.00004242,0.00173658,0.00453749,-0.00010424,-0.00235045,15:47:14..355,,,,
15:47:14..453,4.57676865,-0.000637,-0.00032157,0.00017943,0.0061724,-0.00004337,0.00173692,0.00453785,-0.00010426,-0.00235057,15:47:14..499,,,,
15:47:14..526,4.88188656,-0.000637,-0.00032174,0.00017974,0.00617302,-0.00004277,0.00173791,0.00453785,-0.00010359,-0.00235031,15:47:14..499,,,,
15:47:14..561,4.27682223,-0.000608,-0.00032159,0.00017919,0.00617333,-0.0000425,0.00173944,0.00454137,-0.00010287,-0.00235096,15:47:14..587,,,,
15:47:14..694,4.48885332,-0.000608,-0.00032175,0.00017955,0.00617277,-0.00004224,0.00173951,0.00454127,-0.00010306,-0.00235072,15:47:14..693,,,,
15:47:14..727,4.84568613,-0.000608,-0.00032159,0.000178,0.00617193,-0.00004135,0.00176421,0.00455181,-0.00009588,-0.00234874,15:47:14..693,,,,
15:47:14..762,4.88705805,-0.000615,-0.00032086,0.0001788,0.0061725,-0.00004172,0.0017522,0.00454491,-0.00010067,-0.00234696,15:47:14..826,,,,
15:47:14..916,4.42679544,-0.000615,-0.00032114,0.00017888,0.00617231,-0.00004243,0.00175224,0.00454482,-0.0001006,-0.00234723,15:47:14..826,,,,
15:47:14..948,4.47851034,-0.000749,-0.00032154,0.00018002,0.00617282,-0.00004149,0.00180302,0.00458372,-0.00003431,-0.00234432,15:47:14..950,,,,
15:47:15..087,4.48368183,-0.000749,-0.00032163,0.00017977,0.00617255,-0.00004124,0.00180375,0.00458392,-0.0000336,-0.00234425,15:47:15..085,,,,
15:47:15..120,4.7577708,-0.000744,-0.00032179,0.00017859,0.00617296,-0.00003997,0.00181911,0.00458181,-0.0000498,-0.00234188,15:47:15..129,,,,
15:47:15..201,4.8612006,-0.000744,-0.00032121,0.00017868,0.00617223,-0.00003997,0.00181911,0.00458154,-0.00004914,-0.00234151,15:47:15..234,,,,
15:47:15..248,4.38025203,-0.000744,-0.0003215,0.00017876,0.00617247,-0.00004012,0.00181878,0.00458186,-0.00004966,-0.00234115,15:47:15..234,,,,
15:47:15..281,4.78362825,-0.000581,-0.00032228,0.00017923,0.00617377,-0.00004119,0.00177568,0.00457628,-0.00005546,-0.00234383,15:47:15..384,,,,
15:47:15..436,4.77328527,-0.000581,-0.00032197,0.00017922,0.00617386,-0.0000409,0.00177691,0.00457601,-0.000055,-0.00234391,15:47:15..433,,,,
15:47:15..469,4.64916951,-0.000566,-0.00032172,0.00017947,0.00617333,-0.0000399,0.0018168,0.00459871,-0.00002913,-0.00234028,15:47:15..477,,,,
15:47:15..575,4.61296908,-0.000566,-0.00032191,0.00017914,0.00617309,-0.00003982,0.00181604,0.00459848,-0.0000293,-0.00234018,15:47:15..572,,,,
15:47:15..608,4.85602911,-0.000533,-0.0003223,0.00017774,0.00617396,-0.00003975,0.00181357,0.00459356,-0.00002174,-0.00233903,15:47:15..616,,,,
15:47:15..726,5.13528957,-0.000533,-0.00032255,0.00017722,0.00617311,-0.00004006,0.0018136,0.00459368,-0.00002146,-0.00233903,15:47:15..722,,,,
15:47:15..758,4.63365504,-0.000567,-0.00032171,0.00017849,0.00617406,-0.00004099,0.00179056,0.00457045,-0.00006257,-0.00234326,15:47:15..764,,,,
15:47:15..876,4.85085762,-0.000567,-0.00032187,0.00017878,0.00617389,-0.00004062,0.00179072,0.00456957,-0.00006274,-0.00234337,15:47:15..873,,,,
15:47:15..908,4.42679544,-0.000491,-0.00032293,0.00017961,0.0061734,-0.00004123,0.00178966,0.00456568,-0.00007931,-0.00235097,15:47:15..873,,,,
15:47:15..984,4.59228312,-0.000491,-0.00032219,0.0001799,0.00617328,-0.00004066,0.00179029,0.00456582,-0.00007901,-0.00235071,15:47:16..020,,,,
15:47:16..028,4.38542352,-0.000491,-0.00032228,0.00017975,0.00617368,-0.00004053,0.00179069,0.0045661,-0.00007918,-0.0023506,15:47:16..020,,,,
15:47:16..062,4.64399802,-0.000332,-0.00032254,0.00017834,0.00617474,-0.00003975,0.00183962,0.00459202,-0.00005022,-0.00234949,15:47:16..064,,,,
15:47:16..146,4.52505375,-0.000332,-0.00032275,0.00017788,0.00617445,-0.00003959,0.00183869,0.00459151,-0.00005147,-0.00235009,15:47:16..177,,,,
15:47:16..203,4.61814057,-0.000332,-0.00032248,0.00017832,0.00617463,-0.00003915,0.00183735,0.00459259,-0.00005143,-0.0023503,15:47:16..177,,,,
15:47:16..239,5.15080404,-0.000318,-0.00032265,0.00017894,0.00617443,-0.00003937,0.00184436,0.00460088,-0.00003183,-0.00235141,15:47:16..267,,,,
15:47:16..374,5.16114702,-0.000318,-0.000323,0.00017907,0.00617559,-0.00003899,0.00184488,0.0046016,-0.00003166,-0.00235185,15:47:16..372,,,,
15:47:16..409,4.92325848,-0.000329,-0.00032297,0.00017941,0.00617353,-0.00004039,0.00180778,0.00458054,-0.00006662,-0.00235391,15:47:16..414,,,,
15:47:16..518,4.78362825,-0.000329,-0.00032246,0.00017945,0.00617328,-0.00004045,0.00180732,0.00458119,-0.0000666,-0.00235426,15:47:16..517,,,,
15:47:16..551,4.84051464,-0.000329,-0.00032164,0.00018019,0.00617477,-0.00004171,0.00179317,0.00456085,-0.00008741,-0.00235459,15:47:16..517,,,,
15:47:16..586,4.72157037,-0.000248,-0.00032239,0.00017988,0.00617481,-0.0000411,0.00179577,0.0045639,-0.00008347,-0.00235525,15:47:16..643,,,,
15:47:16..697,4.68019845,-0.000248,-0.0003222,0.00017958,0.00617495,-0.00004117,0.00179563,0.00456455,-0.00008331,-0.00235557,15:47:16..696,,,,
15:47:16..730,4.62331206,-0.000243,-0.00032253,0.00017929,0.00617444,-0.00004133,0.00178936,0.0045609,-0.00008896,-0.00235375,15:47:16..740,,,,
15:47:16..785,4.56642567,-0.000223,-0.00032273,0.00017933,0.00617438,-0.00004117,0.00178964,0.00456146,-0.00008934,-0.00235438,15:47:16..782,,,,
15:47:16..848,4.15270647,-0.000223,-0.00032275,0.00017913,0.00617419,-0.00004092,0.00178953,0.00456061,-0.00008906,-0.0023538,15:47:16..829,,,,
15:47:16..880,4.12684902,-0.000223,-0.00032273,0.0001789,0.00617354,-0.00004082,0.00178671,0.00456442,-0.00009252,-0.00235305,15:47:16..873,,,,
15:47:16..914,4.45782438,-0.000197,-0.00032106,0.00018022,0.0061742,-0.00004186,0.00178179,0.00453816,-0.0001146,-0.00235052,15:47:16..915,,,,
15:47:17..017,4.63882653,-0.000197,-0.00032075,0.00017985,0.00617386,-0.00004222,0.00178244,0.00453846,-0.00011484,-0.00235116,15:47:17..014,,,,
15:47:17..049,5.40420705,-0.000314,-0.00032097,0.00018044,0.00617454,-0.0000414,0.00180777,0.00456407,-0.00008191,-0.0023523,15:47:17..058,,,,
15:47:17..182,5.21803341,-0.000314,-0.00032132,0.00018079,0.00617349,-0.00004128,0.00180777,0.0045634,-0.00008117,-0.00235292,15:47:17..179,,,,
15:47:17..214,4.76294229,-0.000447,-0.00032269,0.00017792,0.00617185,-0.00004123,0.00180501,0.00456983,-0.00008096,-0.00235201,15:47:17..223,,,,
15:47:17..328,4.64916951,-0.000447,-0.00032277,0.00017753,0.00617197,-0.00004144,0.00180483,0.00456932,-0.00008095,-0.00235184,15:47:17..325,,,,
15:47:17..360,4.4474814,-0.000486,-0.00032272,0.00017936,0.00617202,-0.00004216,0.00180963,0.00457288,-0.00007294,-0.00235294,15:47:17..368,,,,
15:47:17..467,4.85602911,-0.000486,-0.00032231,0.00017901,0.00617224,-0.00004256,0.0018095,0.00457217,-0.00007307,-0.00235274,15:47:17..464,,,,
15:47:17..498,4.78879974,-0.000434,-0.00032093,0.00017992,0.00617193,-0.00004317,0.00180096,0.00456295,-0.0000894,-0.00235222,15:47:17..507,,,,
15:47:17..556,4.7577708,-0.000434,-0.00032103,0.00017994,0.00617242,-0.00004253,0.00180122,0.00456318,-0.0000893,-0.00235178,15:47:17..554,,,,
15:47:17..595,5.46626493,-0.000434,-0.00032104,0.0001804,0.00617223,-0.00004286,0.00180149,0.00456249,-0.00008937,-0.00235256,15:47:17..554,,,,
15:47:17..628,4.69054143,-0.000463,-0.00032133,0.00018033,0.0061739,-0.0000425,0.00181122,0.00456657,-0.00008318,-0.0023556,15:47:17..641,,,,
15:47:17..740,4.64916951,-0.000463,-0.00032178,0.00018045,0.00617424,-0.00004305,0.00181227,0.00456686,-0.00008256,-0.00235445,15:47:17..736,,,,
15:47:17..771,4.44230991,-0.000537,-0.00032125,0.00018,0.00617525,-0.00004271,0.00179687,0.00455536,-0.00009952,-0.00235224,15:47:17..736,,,,
15:47:17..844,4.5509112,-0.000537,-0.00032092,0.00018049,0.00617554,-0.00004225,0.00179721,0.00455589,-0.00009919,-0.00235201,15:47:17..881,,,,
15:47:17..902,4.68019845,-0.000537,-0.0003212,0.00017975,0.00617451,-0.00004249,0.00179687,0.00455547,-0.00009922,-0.00235258,15:47:17..881,,,,
15:47:17..937,4.56125418,-0.000538,-0.00032141,0.00018023,0.00617369,-0.00004281,0.00178484,0.00455344,-0.00009722,-0.00235432,15:47:17..970,,,,
15:47:18..049,4.61296908,-0.000538,-0.00032176,0.00018001,0.00617368,-0.00004279,0.00178509,0.00455336,-0.00009725,-0.00235371,15:47:18..047,,,,
15:47:18..082,4.71122739,-0.000579,-0.00032178,0.00018034,0.00617398,-0.00004231,0.00178647,0.00455795,-0.00009543,-0.00235485,15:47:18..091,,,,
15:47:18..159,4.66985547,-0.000579,-0.00032157,0.00017966,0.00617351,-0.00004226,0.0017865,0.00455792,-0.00009584,-0.00235488,15:47:18..156,,,,
15:47:18..192,5.00083083,-0.000635,-0.00032198,0.00017914,0.00617276,-0.00004191,0.00178483,0.00455854,-0.00009679,-0.0023544,15:47:18..156,,,,
15:47:18..261,4.84051464,-0.000635,-0.00032205,0.00017905,0.00617244,-0.00004167,0.00178484,0.00455794,-0.00009697,-0.00235461,15:47:18..296,,,,
15:47:18..312,4.88188656,-0.000635,-0.00032191,0.00017953,0.00617315,-0.00004203,0.0017845,0.00455842,-0.00009693,-0.00235464,15:47:18..296,,,,
15:47:18..345,4.44230991,-0.000731,-0.00032231,0.00017895,0.00617207,-0.00004102,0.00179407,0.00456515,-0.00009125,-0.00235501,15:47:18..386,,,,
15:47:18..405,4.51988226,-0.000736,-0.00032296,0.00017851,0.00617135,-0.00004118,0.00179367,0.00456512,-0.00009119,-0.00235551,15:47:18..429,,,,
15:47:18..461,4.66468398,-0.000736,-0.00032264,0.00017895,0.00617293,-0.00004095,0.0017934,0.00456561,-0.0000912,-0.00235434,15:47:18..429,,,,
15:47:18..496,4.41128097,-0.000733,-0.00032281,0.00017899,0.00617267,-0.00004234,0.00177586,0.00455653,-0.00009479,-0.00235258,15:47:18..517,,,,
15:47:18..603,4.79914272,-0.000733,-0.00032305,0.00017934,0.00617231,-0.00004226,0.00177543,0.00455578,-0.00009418,-0.00235281,15:47:18..600,,,,
15:47:18..636,4.61296908,-0.000886,-0.00032235,0.00018002,0.00617254,-0.0000417,0.00178958,0.00457032,-0.00007897,-0.00235618,15:47:18..691,,,,
15:47:18..745,4.84051464,-0.000886,-0.00032232,0.0001804,0.00617253,-0.00004125,0.00179042,0.00457036,-0.00007855,-0.00235632,15:47:18..744,,,,
15:47:18..778,4.69054143,-0.000998,-0.00032205,0.00017933,0.00617367,-0.00004124,0.00177942,0.00455377,-0.00010195,-0.00235424,15:47:18..744,,,,
15:47:18..845,5.0163453,-0.000998,-0.0003217,0.0001795,0.00617317,-0.00004117,0.00177975,0.00455347,-0.00010209,-0.00235421,15:47:18..881,,,,
15:47:18..890,4.6026261,-0.000998,-0.00032196,0.00017996,0.00617362,-0.00004136,0.00177934,0.00455361,-0.00010207,-0.0023542,15:47:18..881,,,,
15:47:18..923,4.76294229,-0.001103,-0.00032168,0.00017994,0.00617375,-0.00004219,0.0017698,0.00454498,-0.00011272,-0.00235249,15:47:18..924,,,,
15:47:19..053,4.71639888,-0.001103,-0.00032176,0.00018014,0.00617386,-0.00004224,0.00176956,0.00454591,-0.00011219,-0.00235208,15:47:19..049,,,,
15:47:19..085,4.57676865,-0.001103,-0.00032106,0.00018175,0.00617453,-0.00004317,0.00176715,0.00454474,-0.00011165,-0.00235358,15:47:19..049,,,,
15:47:19..120,4.36990905,-0.00122,-0.00032126,0.00018035,0.00617386,-0.00004191,0.00177832,0.00455096,-0.00010727,-0.00235448,15:47:19..153,,,,
15:47:19..214,4.89740103,-0.00122,-0.00032126,0.00018005,0.00617398,-0.00004161,0.0017785,0.00455151,-0.00010607,-0.00235462,15:47:19..213,,,,
15:47:19..246,4.58194014,-0.001198,-0.00032175,0.00017916,0.00617368,-0.00004109,0.0017759,0.0045588,-0.00010373,-0.00235113,15:47:19..213,,,,
15:47:19..315,4.73708484,-0.001198,-0.00032156,0.00017896,0.00617397,-0.00004166,0.00177519,0.00455918,-0.00010363,-0.00235113,15:47:19..360,,,,
15:47:19..375,4.69054143,-0.001198,-0.00032178,0.00017894,0.00617367,-0.00004148,0.00177465,0.00455875,-0.00010419,-0.00235129,15:47:19..360,,,,
15:47:19..409,4.7577708,-0.001139,-0.00032112,0.00017972,0.00617108,-0.00004282,0.00175498,0.00452327,-0.00013976,-0.00234604,15:47:19..447,,,,
15:47:19..520,4.65951249,-0.001139,-0.00032114,0.0001793,0.00617198,-0.00004292,0.00175486,0.00452266,-0.00014047,-0.00234628,15:47:19..518,,,,
15:47:19..552,4.70088441,-0.001123,-0.00032064,0.00017908,0.00617392,-0.00004105,0.00177496,0.00454196,-0.00012306,-0.00235087,15:47:19..562,,,,
15:47:19..655,4.74225633,-0.001123,-0.00032069,0.00017895,0.00617329,-0.00004108,0.00177457,0.00454179,-0.00012329,-0.00235038,15:47:19..652,,,,
15:47:19..687,4.68019845,-0.001112,-0.0003217,0.00017892,0.00617342,-0.00004174,0.0017524,0.00454304,-0.00012792,-0.00234926,15:47:19..696,,,,
15:47:19..801,4.85602911,-0.001112,-0.00032147,0.00017866,0.00617347,-0.00004165,0.00175187,0.00454308,-0.00012801,-0.00234933,15:47:19..798,,,,
15:47:19..832,5.1197751,-0.001187,-0.00032189,0.000179,0.00617131,-0.00004109,0.00173714,0.00454093,-0.00012779,-0.00234768,15:47:19..840,,,,
15:47:19..956,4.61296908,-0.001187,-0.00032171,0.00017893,0.00617037,-0.00004126,0.00173763,0.00454115,-0.00012792,-0.00234724,15:47:19..952,,,,
15:47:19..989,4.17339243,-0.001217,-0.00032092,0.00018023,0.00617114,-0.00004232,0.00173802,0.00452431,-0.00014242,-0.00234945,15:47:19..994,,,,
15:47:20..102,4.61296908,-0.001217,-0.00032064,0.00018023,0.00617056,-0.00004185,0.00173864,0.00452416,-0.00014293,-0.00234985,15:47:20..100,,,,
15:47:20..134,4.77845676,-0.001275,-0.00032131,0.00017889,0.00617303,-0.00003992,0.00177968,0.00455734,-0.00010636,-0.0023468,15:47:20..100,,,,
15:47:20..208,5.04220275,-0.001275,-0.00032114,0.0001789,0.00617233,-0.00003981,0.00177896,0.00455852,-0.00010698,-0.00234673,15:47:20..251,,,,
15:47:20..269,4.137192,-0.001275,-0.00032105,0.00017884,0.00617213,-0.00003953,0.00177861,0.00455845,-0.00010678,-0.00234677,15:47:20..251,,,,
15:47:20..302,4.54056822,-0.001255,-0.00032164,0.0001787,0.00617058,-0.00004108,0.00176582,0.00454713,-0.00011989,-0.00234675,15:47:20..339,,,,
15:47:20..413,4.47333885,-0.001255,-0.00032217,0.00017918,0.00617125,-0.00004143,0.0017658,0.00454665,-0.00011978,-0.00234697,15:47:20..410,,,,
15:47:20..445,5.07323169,-0.001298,-0.00032118,0.00017951,0.00617199,-0.0000405,0.00175486,0.00455096,-0.00011298,-0.00234379,15:47:20..452,,,,
15:47:20..573,5.13011808,-0.001298,-0.00032123,0.00017984,0.00617182,-0.00004074,0.00175513,0.00455135,-0.00011238,-0.00234436,15:47:20..570,,,,
15:47:20..605,4.55608269,-0.001212,-0.0003202,0.00017988,0.00617187,-0.00004068,0.00176803,0.00455033,-0.00010612,-0.00234072,15:47:20..615,,,,
15:47:20..725,4.9129155,-0.001212,-0.00032078,0.00017966,0.00617196,-0.00004095,0.00176867,0.00455156,-0.00010581,-0.0023406,15:47:20..722,,,,
15:47:20..757,4.60779759,-0.00095,-0.00032163,0.00017937,0.00617112,-0.00004296,0.00172661,0.00454284,-0.00011852,-0.00234534,15:47:20..797,,,,
15:47:20..885,4.85085762,-0.00095,-0.00032115,0.00017969,0.00617131,-0.00004227,0.00172603,0.00454308,-0.00011793,-0.00234555,15:47:20..882,,,,
15:47:20..917,4.84568613,-0.00095,-0.00032151,0.00018001,0.00617177,-0.00004221,0.00170533,0.00453274,-0.00013471,-0.00234714,15:47:20..882,,,,
15:47:20..951,4.66985547,-0.000809,-0.0003223,0.00017905,0.00617051,-0.0000417,0.00170426,0.00452843,-0.00014304,-0.00234636,15:47:21..017,,,,
15:47:21..067,4.62331206,-0.000809,-0.00032214,0.00017921,0.00617109,-0.00004119,0.00170442,0.00452815,-0.00014351,-0.00234634,15:47:21..063,,,,
15:47:21..098,4.59745461,-0.000774,-0.00032228,0.00017849,0.00617022,-0.00004166,0.0017136,0.00452498,-0.00014057,-0.00234166,15:47:21..107,,,,
15:47:21..230,4.59228312,-0.000774,-0.00032157,0.00017873,0.00617023,-0.0000411,0.00171433,0.00452515,-0.00014004,-0.00234248,15:47:21..227,,,,
15:47:21..261,4.76811378,-0.000631,-0.00032134,0.00017884,0.00617262,-0.00004173,0.00173683,0.00453328,-0.00012852,-0.00233949,15:47:21..322,,,,
15:47:21..385,5.28009129,-0.000631,-0.00032108,0.00017924,0.00617233,-0.00004142,0.00173768,0.00453346,-0.0001275,-0.00233918,15:47:21..406,,,,
15:47:21..417,4.64399802,-0.000631,-0.00032161,0.00017875,0.00617179,-0.00004224,0.0017529,0.0045344,-0.00012733,-0.00233593,15:47:21..406,,,,
15:47:21..451,4.54056822,-0.000609,-0.00032129,0.00017947,0.00617106,-0.00004302,0.00170907,0.00453279,-0.00013101,-0.00234036,15:47:21..450,,,,
15:47:21..485,4.3440516,-0.000586,-0.00032252,0.00017963,0.00617078,-0.00004071,0.00171096,0.00454336,-0.0001282,-0.00234599,15:47:21..495,,,,
15:47:21..557,4.60779759,-0.000586,-0.00032238,0.00017918,0.00617117,-0.00004073,0.0017112,0.00454342,-0.00012774,-0.00234608,15:47:21..616,,,,
15:47:21..624,4.63882653,-0.000586,-0.00032267,0.00017947,0.00617045,-0.00004078,0.00171203,0.00454357,-0.00012792,-0.00234578,15:47:21..616,,,,
15:47:21..659,4.68019845,-0.00047,-0.00032207,0.00017861,0.0061699,-0.00004156,0.00173067,0.00454904,-0.00011411,-0.00233779,15:47:21..661,,,,
15:47:21..793,4.94911593,-0.00047,-0.00032181,0.00017882,0.00617035,-0.00004172,0.00173064,0.00454881,-0.00011422,-0.00233737,15:47:21..792,,,,
15:47:21..827,5.10943212,-0.000456,-0.00032007,0.0001789,0.00617063,-0.00004186,0.00176501,0.00454559,-0.0001055,-0.00232477,15:47:21..837,,,,
15:47:21..921,4.78362825,-0.000547,-0.00031982,0.00017841,0.00617054,-0.00004162,0.00176602,0.00454477,-0.00010546,-0.00232497,15:47:21..965,,,,
15:47:22..034,4.87671507,-0.000547,-0.00031961,0.0001788,0.00617115,-0.00004172,0.00176675,0.00454566,-0.00010492,-0.00232469,15:47:22..033,,,,
15:47:22..067,4.7577708,-0.000612,-0.000321,0.0001781,0.00616899,-0.00004137,0.00177612,0.00456048,-0.00008331,-0.00231902,15:47:22..078,,,,
15:47:22..178,4.7060559,-0.000612,-0.00032025,0.00017814,0.0061696,-0.00004123,0.00177744,0.00456131,-0.00008309,-0.00231906,15:47:22..215,,,,
15:47:22..226,4.84051464,-0.000612,-0.0003206,0.00017789,0.0061693,-0.00004129,0.001778,0.00456176,-0.00008235,-0.00231853,15:47:22..215,,,,
15:47:22..259,4.95428742,-0.000786,-0.00032034,0.0001794,0.00617064,-0.00004218,0.00177881,0.00457188,-0.00008614,-0.00232132,15:47:22..260,,,,
15:47:22..350,4.84568613,-0.000786,-0.00032002,0.00017974,0.00617155,-0.00004136,0.00177898,0.00457193,-0.00008578,-0.00232181,15:47:22..381,,,,
15:47:22..418,4.73191335,-0.000786,-0.00032029,0.00017923,0.00617156,-0.00004183,0.00177812,0.00457242,-0.00008618,-0.00232132,15:47:22..381,,,,
15:47:22..451,4.58194014,-0.000818,-0.00032025,0.00017851,0.00617162,-0.0000411,0.0017545,0.00456575,-0.00009734,-0.00232939,15:47:22..425,,,,
15:47:22..487,4.85085762,-0.000808,-0.00031975,0.0001789,0.00617246,-0.00004225,0.00174919,0.00456295,-0.00010107,-0.00232871,15:47:22..541,,,,
15:47:22..593,4.74225633,-0.000808,-0.00031998,0.00017889,0.00617164,-0.00004222,0.00174884,0.00456275,-0.00010153,-0.00232899,15:47:22..592,,,,
15:47:22..624,4.98014487,-0.000779,-0.0003206,0.00017929,0.00616898,-0.00004248,0.00170589,0.00453899,-0.00012674,-0.00233931,15:47:22..634,,,,
15:47:22..745,4.90257252,-0.000779,-0.00032076,0.00017952,0.00616929,-0.00004274,0.00170556,0.00453877,-0.00012683,-0.0023396,15:47:22..742,,,,
15:47:22..777,4.63365504,-0.000783,-0.00031887,0.00017963,0.00617042,-0.00004138,0.00177444,0.00456765,-0.00008367,-0.00232801,15:47:22..786,,,,
15:47:22..918,4.33888011,-0.000783,-0.00031921,0.00017947,0.00617094,-0.00004157,0.00177365,0.00456805,-0.00008316,-0.00232824,15:47:22..915,,,,
15:47:22..949,4.76811378,-0.000783,-0.00032132,0.00017907,0.00617013,-0.00004283,0.00168238,0.0045444,-0.00012885,-0.00234574,15:47:22..915,,,,
15:47:22..982,5.13011808,-0.000708,-0.00032136,0.00017907,0.00617076,-0.00004242,0.00167054,0.00452786,-0.00013779,-0.00234632,15:47:23..030,,,,
15:47:23..082,4.71639888,-0.000708,-0.00032121,0.00017929,0.00617039,-0.00004308,0.00167115,0.0045279,-0.00013781,-0.00234629,15:47:23..078,,,,
15:47:23..114,4.86637209,-0.000661,-0.00032046,0.00017854,0.00616885,-0.00004119,0.00169172,0.00453771,-0.00013533,-0.00234652,15:47:23..124,,,,
15:47:23..251,4.60779759,-0.000661,-0.00032082,0.00017849,0.0061696,-0.00004154,0.00169144,0.00453749,-0.00013538,-0.00234615,15:47:23..248,,,,
15:47:23..283,4.66985547,-0.000535,-0.00032052,0.00018047,0.00616878,-0.00004408,0.00169738,0.0045176,-0.00015101,-0.002347,15:47:23..291,,,,
15:47:23..399,4.54573971,-0.000535,-0.00031994,0.00018023,0.00616949,-0.00004353,0.00169803,0.00451692,-0.00015057,-0.00234701,15:47:23..396,,,,
15:47:23..432,4.89222954,-0.000546,-0.00031871,0.00017989,0.0061695,-0.00004296,0.00173031,0.00456165,-0.00010585,-0.0023408,15:47:23..441,,,,
15:47:23..549,4.61814057,-0.000546,-0.00031806,0.0001794,0.00616993,-0.00004264,0.00172865,0.00456094,-0.00010689,-0.00234089,15:47:23..546,,,,
15:47:23..581,4.72157037,-0.000591,-0.00032028,0.00017917,0.00616881,-0.00004367,0.00172975,0.00455144,-0.0001088,-0.0023418,15:47:23..589,,,,
15:47:23..698,4.47851034,-0.000591,-0.00032038,0.00017933,0.00616882,-0.0000432,0.00173013,0.00455141,-0.0001088,-0.00234164,15:47:23..694,,,,
15:47:23..730,4.46299587,-0.000681,-0.00031894,0.00018005,0.00616877,-0.00004358,0.00169334,0.00452287,-0.00014476,-0.00234389,15:47:23..738,,,,
15:47:23..851,4.79914272,-0.000681,-0.00031928,0.00017992,0.00616802,-0.00004382,0.00169431,0.00452308,-0.00014473,-0.00234397,15:47:23..848,,,,
15:47:23..883,3.84241707,-0.000751,-0.0003188,0.00018028,0.00616984,-0.00004371,0.00172315,0.00455794,-0.00011058,-0.00234313,15:47:23..892,,,,
15:47:24..046,4.50953928,-0.000751,-0.00031926,0.00018008,0.00616987,-0.00004321,0.00172271,0.00455842,-0.00011031,-0.00234326,15:47:24..042,,,,
15:47:24..077,4.98014487,-0.00073,-0.00031957,0.00018049,0.006167,-0.00004397,0.00169296,0.00452742,-0.00015881,-0.00234701,15:47:24..088,,,,
15:47:24..196,4.84568613,-0.00073,-0.0003193,0.00018005,0.00616642,-0.0000439,0.00169334,0.00452759,-0.00015906,-0.00234747,15:47:24..194,,,,
15:47:24..230,4.73708484,-0.000685,-0.00031963,0.00017962,0.006168,-0.00004195,0.00168842,0.00452672,-0.00015813,-0.00234933,15:47:24..194,,,,
15:47:24..303,4.8612006,-0.000684,-0.0003197,0.00017895,0.00616777,-0.00004244,0.00168843,0.00452642,-0.00015804,-0.00234955,15:47:24..349,,,,
15:47:24..408,4.70088441,-0.000684,-0.00031945,0.0001793,0.00616843,-0.00004193,0.00168825,0.00452715,-0.00015693,-0.00234906,15:47:24..407,,,,
15:47:24..443,4.63365504,-0.000674,-0.00031976,0.0001792,0.00616741,-0.0000425,0.00171367,0.0045309,-0.00016098,-0.00235166,15:47:24..451,,,,
15:47:24..573,4.94911593,-0.000674,-0.00031963,0.00017936,0.00616879,-0.00004242,0.00171378,0.00453064,-0.00016068,-0.00235165,15:47:24..571,,,,
15:47:24..605,5.0163453,-0.000674,-0.00031973,0.00017873,0.00616828,-0.00004339,0.00168852,0.00452302,-0.0001627,-0.00234598,15:47:24..571,,,,
15:47:24..640,4.67502696,-0.000591,-0.00031929,0.00017981,0.0061687,-0.00004377,0.00168509,0.00451885,-0.00015991,-0.00234678,15:47:24..701,,,,
15:47:24..754,4.4474814,-0.000591,-0.00031943,0.00017961,0.00616808,-0.00004311,0.00168525,0.00451883,-0.00016027,-0.00234677,15:47:24..751,,,,
15:47:24..786,4.43713842,-0.000598,-0.00031943,0.00018085,0.00617022,-0.00004225,0.00171374,0.00454151,-0.00012329,-0.00235076,15:47:24..795,,,,
15:47:24..911,4.82500017,-0.000598,-0.00031941,0.00018087,0.00617008,-0.00004203,0.00171568,0.0045421,-0.00012196,-0.00235088,15:47:24..907,,,,
15:47:24..942,4.53022524,-0.000598,-0.0003207,0.00017983,0.00617025,-0.00004252,0.0017361,0.00456955,-0.00009654,-0.00235462,15:47:24..907,,,,
15:47:24..977,4.98531636,-0.000378,-0.00032202,0.00017857,0.0061683,-0.0000426,0.00173403,0.0045688,-0.00009931,-0.00235469,15:47:25..030,,,,
15:47:25..083,4.76294229,-0.000378,-0.00032177,0.00017886,0.00616843,-0.00004297,0.00173373,0.00456858,-0.00009997,-0.00235498,15:47:25..081,,,,
15:47:25..114,4.74742782,-0.000376,-0.00032026,0.00017978,0.00616984,-0.00004322,0.00172777,0.00456094,-0.00009782,-0.00235491,15:47:25..124,,,,
15:47:25..236,4.77328527,-0.000376,-0.00032009,0.00017962,0.006169,-0.00004331,0.00172772,0.00456065,-0.00009762,-0.00235451,15:47:25..233,,,,
15:47:25..268,4.53022524,-0.000403,-0.00032047,0.00017959,0.00616834,-0.00004379,0.00173918,0.00456316,-0.00009118,-0.00235604,15:47:25..233,,,,
15:47:25..343,4.66985547,-0.000403,-0.0003207,0.00017965,0.00616803,-0.00004379,0.00173968,0.00456433,-0.00009058,-0.00235552,15:47:25..385,,,,
15:47:25..394,4.74742782,-0.000403,-0.00032056,0.00017956,0.0061689,-0.00004362,0.00173947,0.00456461,-0.00009066,-0.00235565,15:47:25..385,,,,
15:47:25..427,4.61296908,-0.000404,-0.00031993,0.00018149,0.00616939,-0.00004463,0.00174058,0.00455862,-0.00008532,-0.0023562,15:47:25..430,,,,
15:47:25..472,4.7060559,-0.000441,-0.00031956,0.0001819,0.00616938,-0.00004487,0.00174104,0.00455893,-0.00008443,-0.0023554,15:47:25..473,,,,
15:47:25..537,4.91808699,-0.000441,-0.00031944,0.00018164,0.00616914,-0.00004498,0.00174133,0.00455943,-0.00008373,-0.00235576,15:47:25..567,,,,
15:47:25..587,4.31819415,-0.000441,-0.00031984,0.00018175,0.00616841,-0.00004492,0.00174205,0.00456,-0.00008348,-0.00235652,15:47:25..567,,,,
15:47:25..622,4.91808699,-0.000544,-0.00032048,0.00017947,0.00616817,-0.00004436,0.00174415,0.00456522,-0.00009642,-0.00235225,15:47:25..651,,,,
15:47:25..742,4.93877295,-0.000544,-0.00032041,0.00017942,0.00616835,-0.00004398,0.00174398,0.00456493,-0.00009734,-0.0023517,15:47:25..739,,,,
15:47:25..774,5.0680602,-0.000644,-0.00032017,0.00017953,0.00616814,-0.00004431,0.00175261,0.00458351,-0.00007508,-0.00235428,15:47:25..781,,,,
15:47:25..882,4.87671507,-0.000644,-0.00032063,0.00018011,0.00616797,-0.00004436,0.00175216,0.00458314,-0.00007536,-0.00235448,15:47:25..878,,,,
15:47:25..915,4.58194014,-0.000735,-0.00031949,0.00018096,0.00616802,-0.00004586,0.00175098,0.00456667,-0.0000856,-0.00235413,15:47:25..878,,,,
15:47:25..991,4.89222954,-0.000735,-0.00031947,0.0001814,0.00616844,-0.00004524,0.00175159,0.00456605,-0.00008536,-0.00235418,15:47:26..020,,,,
15:47:26..033,4.45782438,-0.000735,-0.00031958,0.00018186,0.00616769,-0.00004531,0.00175127,0.00456571,-0.00008534,-0.00235431,15:47:26..020,,,,
15:47:26..065,4.84568613,-0.000716,-0.00032022,0.00018184,0.00617044,-0.00004524,0.00175337,0.00459163,-0.0000598,-0.00235816,15:47:26..106,,,,
15:47:26..192,4.9129155,-0.000716,-0.00032044,0.00018173,0.0061705,-0.00004535,0.00175314,0.00459105,-0.00006011,-0.00235818,15:47:26..189,,,,
15:47:26..224,4.81982868,-0.000657,-0.00032153,0.00018057,0.00616919,-0.00004497,0.00175541,0.00460377,-0.00004765,-0.00235876,15:47:26..189,,,,
15:47:26..298,4.59745461,-0.000657,-0.00032123,0.0001811,0.00616892,-0.00004527,0.00175547,0.00460377,-0.00004791,-0.00235842,15:47:26..335,,,,
15:47:26..353,4.91808699,-0.000657,-0.0003214,0.00018074,0.00616833,-0.00004499,0.00175541,0.00460379,-0.00004814,-0.00235843,15:47:26..335,,,,
15:47:26..388,4.78362825,-0.000565,-0.00032069,0.00018192,0.00616869,-0.00004519,0.00176844,0.00460712,-0.00005076,-0.0023581,15:47:26..420,,,,
15:47:26..520,4.81465719,-0.000565,-0.00032043,0.00018174,0.00616919,-0.00004527,0.00176817,0.00460625,-0.00005187,-0.00235842,15:47:26..517,,,,
15:47:26..551,4.85085762,-0.000565,-0.00032046,0.00018227,0.00616962,-0.00004566,0.00177226,0.00461562,-0.00004005,-0.00235985,15:47:26..517,,,,
15:47:26..585,4.57676865,-0.000377,-0.00032089,0.00018246,0.00616969,-0.00004623,0.00177371,0.00461874,-0.0000343,-0.00236133,15:47:26..627,,,,
15:47:26..679,4.54573971,-0.000377,-0.00032114,0.00018298,0.00616939,-0.00004575,0.00177373,0.00461907,-0.00003423,-0.00236101,15:47:26..677,,,,
15:47:26..711,4.3957665,-0.000376,-0.00032034,0.00018195,0.0061697,-0.00004543,0.00178049,0.00461068,-0.00004932,-0.00235771,15:47:26..721,,,,
15:47:26..762,4.43196693,-0.00036,-0.00032048,0.00018237,0.00616968,-0.00004545,0.0017803,0.00461013,-0.00004962,-0.00235759,15:47:26..765,,,,
15:47:26..794,4.73708484,-0.00036,-0.00032028,0.00018243,0.00616955,-0.00004595,0.00178017,0.00460947,-0.00005061,-0.00235676,15:47:26..765,,,,
15:47:26..829,4.91808699,-0.000344,-0.00032102,0.00018096,0.00616928,-0.00004529,0.00178624,0.00461723,-0.00004754,-0.00235654,15:47:26..852,,,,
15:47:26..947,4.81465719,-0.000344,-0.00032097,0.0001813,0.00616904,-0.00004527,0.00178606,0.00461593,-0.00004844,-0.00235686,15:47:26..944,,,,
15:47:26..977,4.84051464,-0.000401,-0.00032005,0.00018309,0.00616999,-0.00004477,0.00178659,0.00460749,-0.00005377,-0.00236009,15:47:26..987,,,,
15:47:27..106,4.75259931,-0.000401,-0.0003202,0.00018321,0.00617015,-0.00004475,0.00178616,0.00460784,-0.00005386,-0.00236034,15:47:27..103,,,,
15:47:27..138,4.68536994,-0.000486,-0.00032204,0.00018083,0.00616862,-0.00004467,0.00176981,0.00460753,-0.00005237,-0.00235923,15:47:27..148,,,,
15:47:27..259,4.74742782,-0.000486,-0.00032183,0.00018105,0.00616867,-0.00004412,0.00176961,0.00460713,-0.00005247,-0.00235971,15:47:27..256,,,,
15:47:27..292,5.03703126,-0.00051,-0.0003227,0.00018082,0.00616778,-0.00004445,0.00174875,0.00459058,-0.0000587,-0.00235942,15:47:27..302,,,,
15:47:27..401,4.91808699,-0.00051,-0.00032219,0.00018086,0.00616829,-0.00004431,0.00174861,0.00459091,-0.00005839,-0.00235974,15:47:27..398,,,,
15:47:27..433,4.68019845,-0.000578,-0.00032192,0.00017982,0.00616998,-0.00004135,0.00174246,0.00457169,-0.00008358,-0.00235898,15:47:27..443,,,,
15:47:27..541,4.77328527,-0.000578,-0.0003215,0.00018038,0.0061698,-0.00004174,0.00174224,0.004571,-0.00008498,-0.0023595,15:47:27..538,,,,
15:47:27..573,5.00600232,-0.000579,-0.00032341,0.00017454,0.00616744,-0.00004308,0.00170836,0.00455332,-0.00011361,-0.00235119,15:47:27..582,,,,
15:47:27..710,4.40610948,-0.000579,-0.00032379,0.00017464,0.0061666,-0.0000431,0.00170716,0.00455193,-0.00011418,-0.00235135,15:47:27..708,,,,
15:47:27..742,4.57159716,-0.000579,-0.00031964,0.00017831,0.00616951,-0.00004191,0.00171214,0.00453137,-0.00013982,-0.00235406,15:47:27..708,,,,
15:47:27..777,4.53539673,-0.000599,-0.00032159,0.0001768,0.00616817,-0.00004403,0.00170195,0.00452719,-0.00014775,-0.00234895,15:47:27..832,,,,
15:47:27..894,4.81982868,-0.000599,-0.00032143,0.00017703,0.00616758,-0.00004323,0.00170184,0.00452681,-0.00014807,-0.00234906,15:47:27..894,,,,
15:47:27..928,5.39903556,-0.000622,-0.00032061,0.00017895,0.00616865,-0.00004356,0.00168663,0.00453078,-0.00013379,-0.00234933,15:47:27..938,,,,
15:47:28..063,4.25613627,-0.000622,-0.00032048,0.00017884,0.00616847,-0.00004343,0.00168828,0.00453092,-0.00013382,-0.0023493,15:47:28..062,,,,
15:47:28..096,4.72157037,-0.000802,-0.00032187,0.00017575,0.00616734,-0.00004363,0.00168849,0.00454291,-0.00014154,-0.00235015,15:47:28..062,,,,
15:47:28..165,4.64399802,-0.000802,-0.00032206,0.0001758,0.00616797,-0.00004397,0.00168769,0.00454299,-0.00014176,-0.00235012,15:47:28..204,,,,
15:47:28..214,4.91808699,-0.000802,-0.0003219,0.00017597,0.00616789,-0.0000435,0.00168702,0.00454201,-0.00014172,-0.00234978,15:47:28..204,,,,
15:47:28..247,4.93877295,-0.000774,-0.00032112,0.00018009,0.00617201,-0.00004364,0.00170893,0.00451719,-0.00015456,-0.00234637,15:47:28..238,,,,
15:47:28..279,3.99239028,-0.000749,-0.00032002,0.00017999,0.00617168,-0.00004359,0.00171262,0.00451231,-0.00015889,-0.00234671,15:47:28..280,,,,
15:47:28..343,4.53539673,-0.000749,-0.00031969,0.00017962,0.00617209,-0.0000439,0.00171402,0.00451196,-0.00015946,-0.00234759,15:47:28..377,,,,
15:47:28..399,4.59745461,-0.000749,-0.00031963,0.00017995,0.00617122,-0.00004371,0.00171523,0.00451171,-0.0001602,-0.00234736,15:47:28..377,,,,
15:47:28..434,4.85602911,-0.000589,-0.00032047,0.00017828,0.00616936,-0.00004227,0.00178099,0.00451792,-0.00015515,-0.00234011,15:47:28..462,,,,
15:47:28..568,5.21286192,-0.000589,-0.0003204,0.00017836,0.00617063,-0.00004181,0.001782,0.00451805,-0.00015549,-0.00234011,15:47:28..565,,,,
15:47:28..602,4.9646304,-0.000625,-0.00031987,0.0001775,0.00617036,-0.00004379,0.00172194,0.00452001,-0.00016831,-0.00234065,15:47:28..607,,,,
15:47:28..742,4.36473756,-0.000625,-0.00031899,0.00017749,0.00617053,-0.0000431,0.00172267,0.00452018,-0.00016798,-0.00234,15:47:28..741,,,,
15:47:28..777,4.61814057,-0.000632,-0.00031963,0.00017815,0.00617071,-0.00004256,0.00171944,0.00450961,-0.00016232,-0.00234077,15:47:28..786,,,,
15:47:28..922,4.76811378,-0.000632,-0.00031929,0.00017815,0.0061705,-0.00004271,0.00171857,0.00450939,-0.00016229,-0.00234011,15:47:28..920,,,,
15:47:28..955,4.53539673,-0.000673,-0.00031892,0.00018041,0.00617229,-0.00004236,0.00178646,0.00451125,-0.00016386,-0.00234115,15:47:28..920,,,,
15:47:29..055,4.42162395,-0.000673,-0.00031864,0.0001805,0.00617185,-0.0000426,0.00178473,0.00451078,-0.00016385,-0.00234164,15:47:29..115,,,,
15:47:29..124,4.8612006,-0.000673,-0.0003185,0.00018028,0.00617153,-0.00004276,0.0017829,0.0045098,-0.00016358,-0.00234201,15:47:29..115,,,,
15:47:29..157,4.87671507,-0.000834,-0.00031655,0.00017951,0.0061706,-0.00004501,0.00165636,0.00451693,-0.00017152,-0.00233783,15:47:29..223,,,,
15:47:29..276,4.79914272,-0.000834,-0.00031693,0.00017932,0.00617,-0.00004505,0.00165718,0.00451694,-0.00017186,-0.00233772,15:47:29..289,,,,
15:47:29..307,5.81792625,-0.000834,-0.00031915,0.00017979,0.00617139,-0.00004398,0.00175177,0.0045203,-0.000158,-0.00234113,15:47:29..289,,,,
15:47:29..341,5.39903556,-0.000897,-0.00031864,0.00018004,0.00617205,-0.00003977,0.00180531,0.00452304,-0.00014674,-0.00234281,15:47:29..376,,,,
15:47:29..455,2.70468927,-0.000897,-0.00031828,0.00018017,0.00617194,-0.00003986,0.00180539,0.00452363,-0.00014669,-0.00234273,15:47:29..452,,,,
15:47:29..487,5.0163453,-0.00094,-0.0003192,0.00018059,0.00617261,-0.00004041,0.00176777,0.00451747,-0.00015456,-0.00234491,15:47:29..452,,,,
15:47:29..585,4.72674186,-0.00094,-0.00031965,0.00018087,0.00617232,-0.00004023,0.00176655,0.00451741,-0.0001555,-0.00234516,15:47:29..626,,,,
15:47:29..663,5.17666149,-0.00094,-0.00031944,0.00018049,0.00617215,-0.00004012,0.00176591,0.00451703,-0.00015538,-0.00234502,15:47:29..626,,,,
15:47:29..697,4.15270647,-0.001048,-0.00032095,0.0001786,0.00617044,-0.00004092,0.00169142,0.0045127,-0.00016977,-0.00234732,15:47:29..671,,,,
15:47:29..768,4.51988226,-0.001048,-0.00032066,0.00017887,0.00616985,-0.00004103,0.0016904,0.00451212,-0.00016918,-0.00234753,15:47:29..816,,,,
15:47:29..827,4.41128097,-0.001048,-0.00032043,0.00017875,0.00616918,-0.00004109,0.00169001,0.00451208,-0.00016995,-0.00234741,15:47:29..816,,,,
15:47:29..861,4.69571292,-0.001081,-0.00031827,0.00018245,0.00617239,-0.00004191,0.00178294,0.00451222,-0.00016459,-0.00234051,15:47:29..916,,,,
15:47:29..964,4.65951249,-0.001068,-0.00031822,0.00018321,0.00617279,-0.00004156,0.00178093,0.0045118,-0.00016528,-0.0023408,15:47:29..961,,,,
15:47:29..995,4.74742782,-0.001039,-0.00031916,0.00017863,0.00617076,-0.00004167,0.00167493,0.00450993,-0.00017065,-0.00234627,15:47:30..003,,,,
15:47:30..122,5.09391765,-0.001039,-0.00031894,0.00017887,0.00617104,-0.00004137,0.00167411,0.00450971,-0.00016994,-0.00234629,15:47:30..119,,,,
15:47:30..153,4.81982868,-0.000903,-0.00032083,0.00017837,0.00617104,-0.00004176,0.00166784,0.00451228,-0.00017568,-0.00234828,15:47:30..161,,,,
15:47:30..255,4.42679544,-0.000903,-0.00032059,0.00017842,0.00617141,-0.00004166,0.00166869,0.00451294,-0.00017559,-0.00234803,15:47:30..252,,,,
15:47:30..287,5.03185977,-0.000799,-0.00032033,0.000178,0.0061679,-0.00004242,0.0016753,0.00450861,-0.00017855,-0.0023445,15:47:30..296,,,,
15:47:30..351,4.74742782,-0.000783,-0.00031961,0.00017848,0.0061682,-0.00004187,0.00167489,0.0045097,-0.00017906,-0.00234454,15:47:30..395,,,,
15:47:30..404,4.94911593,-0.000783,-0.0003195,0.00017799,0.00616905,-0.00004232,0.00167442,0.00450948,-0.00017889,-0.0023443,15:47:30..395,,,,
15:47:30..439,4.51988226,-0.00082,-0.00031879,0.0001782,0.00616934,-0.0000428,0.0016815,0.00451172,-0.00017671,-0.00234172,15:47:30..440,,,,
15:47:30..538,4.52505375,-0.00082,-0.00031881,0.00017836,0.00616871,-0.00004268,0.00168232,0.00451192,-0.00017635,-0.00234153,15:47:30..535,,,,
15:47:30..569,4.44230991,-0.000796,-0.00031842,0.00018071,0.00617133,-0.00004154,0.00177617,0.00451591,-0.00015988,-0.00234192,15:47:30..579,,,,
15:47:30..705,4.83017166,-0.000796,-0.0003184,0.00018124,0.00617082,-0.00004144,0.00177643,0.00451565,-0.00015962,-0.00234233,15:47:30..702,,,,
15:47:30..738,4.93877295,-0.000732,-0.00031997,0.00017563,0.00616967,-0.00004119,0.00163805,0.0045253,-0.00016963,-0.00234471,15:47:30..747,,,,
15:47:30..851,4.64916951,-0.000732,-0.00032043,0.00017587,0.00616924,-0.00004145,0.00163957,0.00452491,-0.00017017,-0.00234354,15:47:30..849,,,,
15:47:30..885,4.93360146,-0.000679,-0.00032073,0.00017832,0.00616956,-0.00004357,0.00169125,0.00451331,-0.00017158,-0.00234135,15:47:30..849,,,,
15:47:30..968,4.57676865,-0.000679,-0.00032055,0.00017858,0.00616933,-0.000043,0.00169302,0.0045132,-0.00017215,-0.00234085,15:47:31..019,,,,
15:47:31..028,5.14563255,-0.000679,-0.00032098,0.00017812,0.00616991,-0.00004343,0.00169413,0.00451291,-0.00017215,-0.00234145,15:47:31..019,,,,
15:47:31..062,4.43713842,-0.000822,-0.00031899,0.00017836,0.00616974,-0.00004132,0.00167129,0.00450862,-0.00017307,-0.00234592,15:47:31..136,,,,
15:47:31..194,4.84568613,-0.000822,-0.00031881,0.00017851,0.00617013,-0.00004133,0.00167105,0.0045093,-0.0001729,-0.00234562,15:47:31..192,,,,
15:47:31..224,4.8612006,-0.000822,-0.00031852,0.00018019,0.00617055,-0.00004316,0.00169628,0.00450598,-0.00017591,-0.00234147,15:47:31..192,,,,
15:47:31..258,4.7060559,-0.000783,-0.00031877,0.00017961,0.00617092,-0.00004312,0.00166896,0.00450532,-0.00017842,-0.00234665,15:47:31..324,,,,
15:47:31..378,4.53539673,-0.000783,-0.00031896,0.0001799,0.00617009,-0.00004313,0.00166921,0.00450567,-0.0001782,-0.00234686,15:47:31..376,,,,
15:47:31..409,4.66985547,-0.000783,-0.00031845,0.00017854,0.00617063,-0.00004293,0.00162382,0.00450901,-0.00017744,-0.00234582,15:47:31..376,,,,
15:47:31..442,4.68019845,-0.000822,-0.0003199,0.00017758,0.00616992,-0.0000422,0.00164458,0.00451493,-0.00017095,-0.00234421,15:47:31..483,,,,
15:47:31..542,4.83534315,-0.000822,-0.00031958,0.0001777,0.00617013,-0.00004275,0.00164661,0.00451522,-0.00017081,-0.00234449,15:47:31..551,,,,
15:47:31..574,4.63882653,-0.000822,-0.00031974,0.00017892,0.00617104,-0.00004172,0.00171614,0.00450886,-0.0001698,-0.00234548,15:47:31..551,,,,
15:47:31..607,4.81982868,-0.000772,-0.00032111,0.00017792,0.00617183,-0.00004116,0.00170881,0.00451574,-0.000166,-0.00234403,15:47:31..648,,,,
15:47:31..711,4.8094857,-0.000772,-0.00032106,0.00017743,0.0061709,-0.0000417,0.00170987,0.00451565,-0.00016617,-0.00234406,15:47:31..709,,,,
15:47:31..743,4.72157037,-0.000739,-0.00032013,0.00017762,0.00617086,-0.0000418,0.001685,0.0045121,-0.00017429,-0.00234475,15:47:31..745,,,,
15:47:31..873,4.75259931,-0.000739,-0.00031969,0.00017793,0.00617104,-0.00004196,0.00168488,0.00451207,-0.00017499,-0.00234458,15:47:31..869,,,,
15:47:31..906,4.73708484,-0.000627,-0.00031913,0.00017818,0.00617037,-0.00004293,0.00167771,0.00450961,-0.00017614,-0.00234205,15:47:31..915,,,,
15:47:32..033,4.61814057,-0.000627,-0.00031909,0.00017833,0.00617045,-0.0000431,0.00167727,0.00450951,-0.00017641,-0.0023428,15:47:32..029,,,,
15:47:32..064,4.6026261,-0.000508,-0.00031965,0.00017905,0.00617156,-0.00004233,0.00166311,0.00450854,-0.00017687,-0.00234655,15:47:32..075,,,,
15:47:32..178,4.7577708,-0.000508,-0.00031968,0.00017914,0.00617176,-0.0000428,0.00166263,0.00450845,-0.00017708,-0.00234597,15:47:32..175,,,,
15:47:32..210,4.63365504,-0.000419,-0.00031948,0.00017819,0.0061706,-0.00004244,0.00166021,0.00450896,-0.0001795,-0.00234639,15:47:32..220,,,,
15:47:32..318,4.92325848,-0.000419,-0.00031949,0.00017828,0.00617035,-0.0000427,0.00166121,0.00450915,-0.00017949,-0.00234572,15:47:32..315,,,,
15:47:32..350,4.77845676,-0.000408,-0.00032013,0.00017777,0.00616991,-0.00004263,0.00166804,0.00451131,-0.00017703,-0.00234439,15:47:32..358,,,,
15:47:32..491,4.68536994,-0.000408,-0.00032004,0.00017781,0.00616891,-0.00004276,0.00166831,0.00451127,-0.00017733,-0.00234471,15:47:32..488,,,,
15:47:32..522,4.51988226,-0.000503,-0.0003194,0.00017841,0.00617187,-0.00004254,0.00167507,0.00450956,-0.00017484,-0.00234668,15:47:32..565,,,,
15:47:32..648,4.4991963,-0.000503,-0.00031989,0.00017888,0.00617134,-0.00004255,0.00167505,0.00451001,-0.00017464,-0.00234697,15:47:32..645,,,,
15:47:32..680,4.66468398,-0.000505,-0.00032061,0.0001791,0.00617314,-0.00004148,0.00172528,0.00452108,-0.00016321,-0.00234957,15:47:32..690,,,,
15:47:32..724,4.77845676,-0.000498,-0.00032113,0.00017889,0.00617332,-0.00004103,0.00172537,0.00452109,-0.00016374,-0.00234959,15:47:32..735,,,,
15:47:32..781,4.40093799,-0.000488,-0.00032098,0.00017858,0.00617349,-0.00004134,0.00172553,0.00452035,-0.00016355,-0.00234919,15:47:32..735,,,,
15:47:32..816,4.83534315,-0.000419,-0.00032051,0.00017839,0.00617115,-0.00004117,0.00169668,0.00452041,-0.00016342,-0.00234845,15:47:32..829,,,,
15:47:32..910,4.99565934,-0.000419,-0.00032099,0.00017816,0.00617139,-0.00004077,0.00169667,0.00452104,-0.00016325,-0.00234805,15:47:32..908,,,,
15:47:32..943,4.77328527,-0.000465,-0.00031888,0.00017873,0.00617177,-0.0000418,0.0017637,0.00451464,-0.00016383,-0.00234045,15:47:32..952,,,,
15:47:33..081,4.81465719,-0.000465,-0.000319,0.00017915,0.0061713,-0.00004191,0.00176264,0.00451458,-0.00016397,-0.00234009,15:47:33..077,,,,
15:47:33..114,4.70088441,-0.000568,-0.0003189,0.000179,0.00617252,-0.00004313,0.00166823,0.00451388,-0.00016803,-0.00234496,15:47:33..121,,,,
15:47:33..229,4.58711163,-0.000568,-0.00031912,0.00017867,0.00617214,-0.00004251,0.00166785,0.00451387,-0.00016876,-0.0023449,15:47:33..225,,,,
15:47:33..261,4.7060559,-0.000613,-0.00031881,0.00017875,0.00617204,-0.00004333,0.0016706,0.00450856,-0.00017896,-0.00234364,15:47:33..269,,,,
15:47:33..386,4.50953928,-0.000613,-0.00031874,0.00017896,0.00617216,-0.00004383,0.00167008,0.00450892,-0.00017908,-0.00234315,15:47:33..383,,,,
15:47:33..419,4.70088441,-0.000816,-0.00032046,0.00017849,0.00617048,-0.00004165,0.00168496,0.00451895,-0.00016418,-0.00234812,15:47:33..426,,,,
15:47:33..535,4.81982868,-0.000816,-0.00032011,0.00017937,0.00617119,-0.00004166,0.0016857,0.004519,-0.00016395,-0.00234738,15:47:33..531,,,,
15:47:33..567,4.87671507,-0.000928,-0.0003208,0.00017864,0.00617086,-0.00004071,0.00167944,0.00451525,-0.00016962,-0.00234957,15:47:33..578,,,,
15:47:33..674,4.78879974,-0.000928,-0.00032133,0.00017848,0.00617101,-0.00004133,0.00167765,0.00451474,-0.00016959,-0.00235015,15:47:33..670,,,,
15:47:33..709,4.8094857,-0.000938,-0.00032094,0.00017842,0.00617122,-0.00004225,0.00161232,0.00452413,-0.00016843,-0.0023525,15:47:33..766,,,,
15:47:33..810,4.59228312,-0.000934,-0.00032082,0.00017857,0.00617161,-0.00004207,0.00161276,0.00452499,-0.00016823,-0.00235322,15:47:33..809,,,,
15:47:33..843,4.76294229,-0.000919,-0.00032193,0.00017828,0.00617265,-0.00004133,0.00164211,0.00452369,-0.00016263,-0.00235243,15:47:33..853,,,,
15:47:33..947,4.61296908,-0.000919,-0.00032199,0.00017842,0.00617252,-0.00004159,0.00164257,0.00452384,-0.00016271,-0.00235266,15:47:33..944,,,,
15:47:33..979,4.95428742,-0.000858,-0.00032148,0.00017791,0.00617147,-0.00004121,0.00165891,0.00452322,-0.00016631,-0.00235131,15:47:33..987,,,,
15:47:34..102,4.63882653,-0.000858,-0.00032175,0.00017736,0.00617115,-0.0000409,0.00165889,0.00452373,-0.0001663,-0.00235158,15:47:34..099,,,,
15:47:34..136,4.54056822,-0.000803,-0.00032177,0.00017821,0.00617154,-0.00004168,0.0016301,0.00452526,-0.00016454,-0.00235265,15:47:34..141,,,,
15:47:34..195,4.74742782,-0.000721,-0.00032168,0.0001779,0.00617162,-0.00004167,0.00162999,0.00452526,-0.00016401,-0.00235277,15:47:34..245,,,,
15:47:34..302,4.61814057,-0.000721,-0.00032154,0.00017824,0.00617174,-0.0000417,0.00162895,0.00452474,-0.00016416,-0.0023531,15:47:34..299,,,,
15:47:34..336,4.83534315,-0.00064,-0.00032146,0.00017759,0.00617066,-0.00004179,0.00163187,0.00452264,-0.00016619,-0.00235092,15:47:34..377,,,,
15:47:34..467,4.69054143,-0.00064,-0.00032169,0.0001776,0.00617032,-0.00004179,0.00163163,0.0045223,-0.00016633,-0.00235028,15:47:34..466,,,,
15:47:34..501,4.64916951,-0.000623,-0.00032075,0.00017779,0.00617253,-0.00004152,0.00160202,0.0045172,-0.00017046,-0.00235165,15:47:34..510,,,,
15:47:34..638,4.55608269,-0.000623,-0.0003206,0.00017824,0.00617256,-0.00004186,0.00160214,0.00451814,-0.0001706,-0.00235267,15:47:34..635,,,,
15:47:34..670,4.62848355,-0.000618,-0.00032195,0.00017692,0.00617063,-0.00004149,0.00162697,0.00452072,-0.00016789,-0.00235013,15:47:34..678,,,,
15:47:34..788,4.92842997,-0.000618,-0.0003214,0.00017733,0.00617033,-0.00004153,0.00162739,0.00452076,-0.00016777,-0.00235007,15:47:34..784,,,,
15:47:34..821,4.78879974,-0.000616,-0.00032036,0.00017761,0.00617181,-0.00004219,0.00162001,0.00451613,-0.00016941,-0.00235043,15:47:34..828,,,,
15:47:34..930,4.83534315,-0.000616,-0.00032075,0.00017773,0.00617185,-0.00004151,0.00162052,0.004516,-0.00016964,-0.00235093,15:47:34..928,,,,
15:47:34..963,4.83017166,-0.000559,-0.00032095,0.00017806,0.0061704,-0.00004154,0.00163701,0.00451914,-0.00016678,-0.00234969,15:47:34..971,,,,
15:47:35..079,4.68536994,-0.000559,-0.00032087,0.00017778,0.00617038,-0.00004153,0.00163754,0.00451933,-0.00016669,-0.00234933,15:47:35..076,,,,
15:47:35..111,4.80431421,-0.000618,-0.00032107,0.0001774,0.00617175,-0.00004224,0.00164484,0.00451773,-0.00016694,-0.00234842,15:47:35..122,,,,
15:47:35..233,4.64916951,-0.000618,-0.00032099,0.00017783,0.00617343,-0.00004158,0.00164453,0.004517,-0.00016722,-0.00234802,15:47:35..230,,,,
15:47:35..265,4.58194014,-0.00065,-0.00032051,0.00017761,0.00617317,-0.00004148,0.00164958,0.00451645,-0.00016881,-0.00234776,15:47:35..272,,,,
15:47:35..365,4.74225633,-0.00065,-0.00032069,0.00017771,0.00617323,-0.0000415,0.00165007,0.00451688,-0.00016865,-0.00234778,15:47:35..363,,,,
15:47:35..397,4.61814057,-0.000741,-0.0003211,0.00017779,0.00617273,-0.0000421,0.00164855,0.00451604,-0.0001669,-0.00234752,15:47:35..407,,,,
15:47:35..507,4.79914272,-0.000741,-0.00032077,0.00017769,0.00617333,-0.00004181,0.00164816,0.00451653,-0.00016633,-0.00234738,15:47:35..504,,,,
15:47:35..539,4.80431421,-0.000804,-0.00031999,0.00017804,0.00617197,-0.00004208,0.00164555,0.00451375,-0.00016756,-0.00234739,15:47:35..550,,,,
15:47:35..648,4.78879974,-0.000804,-0.00032026,0.00017831,0.00617236,-0.000042,0.00164497,0.00451423,-0.00016808,-0.00234732,15:47:35..646,,,,
15:47:35..680,4.8612006,-0.000789,-0.00032041,0.00017813,0.00617112,-0.00004198,0.00165113,0.00451845,-0.00016901,-0.00234947,15:47:35..690,,,,
15:47:35..773,4.7060559,-0.000789,-0.0003205,0.00017746,0.00617096,-0.00004158,0.00165176,0.00451825,-0.00016946,-0.00234929,15:47:35..769,,,,
15:47:35..806,4.94394444,-0.000769,-0.00032062,0.0001777,0.00617148,-0.00004129,0.00165927,0.0045197,-0.00016785,-0.00234748,15:47:35..815,,,,
15:47:35..949,4.73191335,-0.000769,-0.0003207,0.00017798,0.00617166,-0.00004101,0.00165926,0.00451997,-0.00016824,-0.00234718,15:47:35..946,,,,
15:47:35..981,4.63882653,-0.000799,-0.00032039,0.00017788,0.00617096,-0.00004248,0.00163239,0.00451266,-0.00017141,-0.00234771,15:47:35..988,,,,
15:47:36..100,4.67502696,-0.000799,-0.00031992,0.00017806,0.00617133,-0.00004203,0.00163221,0.00451359,-0.00017154,-0.0023481,15:47:36..096,,,,
15:47:36..132,4.7060559,-0.000864,-0.00032099,0.00017745,0.0061713,-0.00004199,0.00165481,0.00451937,-0.00016665,-0.00234637,15:47:36..141,,,,
15:47:36..258,4.87671507,-0.000864,-0.00032094,0.00017782,0.00617146,-0.0000415,0.00165595,0.00451951,-0.00016704,-0.00234599,15:47:36..254,,,,
15:47:36..290,4.47333885,-0.00083,-0.00032015,0.000178,0.00616989,-0.00004213,0.00163804,0.00451166,-0.00017349,-0.00234481,15:47:36..254,,,,
15:47:36..358,4.55608269,-0.000779,-0.0003203,0.00017744,0.00617043,-0.00004236,0.00163766,0.00451178,-0.00017344,-0.00234496,15:47:36..397,,,,
15:47:36..443,4.79397123,-0.000779,-0.00032009,0.00017759,0.00617025,-0.00004206,0.00163758,0.00451176,-0.0001737,-0.00234518,15:47:36..442,,,,
15:47:36..476,4.74742782,-0.000757,-0.0003203,0.00017796,0.00616973,-0.00004248,0.00163274,0.00451295,-0.00017322,-0.0023465,15:47:36..488,,,,
15:47:36..591,4.71639888,-0.000757,-0.00032031,0.00017792,0.00616917,-0.00004249,0.00163296,0.00451376,-0.00017304,-0.00234591,15:47:36..588,,,,
15:47:36..623,4.51471077,-0.000738,-0.0003203,0.00017782,0.00617078,-0.00004164,0.00162592,0.00451266,-0.00017259,-0.00234662,15:47:36..698,,,,
15:47:36..744,4.64916951,-0.000731,-0.00032007,0.00017736,0.00617084,-0.00004253,0.00162565,0.00451298,-0.00017239,-0.00234678,15:47:36..742,,,,
15:47:36..776,4.83534315,-0.000766,-0.00032084,0.00017781,0.00616932,-0.00004279,0.00164014,0.00451525,-0.00017181,-0.00234554,15:47:36..787,,,,
15:47:36..853,4.93360146,-0.000766,-0.00032046,0.000178,0.00617044,-0.00004206,0.0016412,0.00451551,-0.00017176,-0.00234528,15:47:36..849,,,,
15:47:36..885,4.65951249,-0.000761,-0.00032067,0.0001777,0.00617122,-0.00004254,0.00164774,0.00451475,-0.00017222,-0.00234466,15:47:36..892,,,,
15:47:37..010,4.89740103,-0.000761,-0.00032063,0.00017759,0.00617115,-0.00004228,0.00164776,0.00451464,-0.00017253,-0.00234472,15:47:37..006,,,,
15:47:37..042,4.86637209,-0.000814,-0.00031957,0.0001774,0.0061715,-0.00004256,0.00163428,0.00450961,-0.0001742,-0.00234493,15:47:37..050,,,,
15:47:37..153,4.65951249,-0.000814,-0.00031959,0.00017792,0.00617099,-0.00004263,0.00163412,0.00450948,-0.00017415,-0.00234449,15:47:37..149,,,,
15:47:37..184,5.0163453,-0.000819,-0.00032004,0.00017749,0.00617017,-0.00004255,0.00162178,0.00451265,-0.0001745,-0.00234644,15:47:37..191,,,,
15:47:37..321,4.73708484,-0.000819,-0.00032006,0.00017772,0.00616988,-0.00004245,0.00162192,0.00451318,-0.00017442,-0.00234636,15:47:37..318,,,,
15:47:37..352,4.84051464,-0.000819,-0.00032036,0.00017725,0.00617078,-0.00004252,0.00161001,0.00451325,-0.00017906,-0.00234815,15:47:37..361,,,,
15:47:37..467,4.59745461,-0.000819,-0.00032075,0.00017749,0.00617068,-0.0000429,0.00161004,0.00451318,-0.00017888,-0.00234829,15:47:37..463,,,,
15:47:37..499,4.80431421,-0.000871,-0.00032011,0.00017721,0.00617038,-0.00004247,0.00161361,0.0045107,-0.00018037,-0.00234483,15:47:37..504,,,,
15:47:37..625,4.654341,-0.000871,-0.00032025,0.00017736,0.00616991,-0.00004268,0.00161358,0.00451152,-0.0001805,-0.00234431,15:47:37..621,,,,
15:47:37..657,4.76811378,-0.000845,-0.00032043,0.00017652,0.0061689,-0.0000428,0.0015873,0.00451691,-0.00017784,-0.00234487,15:47:37..665,,,,
15:47:37..785,5.81792625,-0.000845,-0.00032027,0.00017679,0.00616848,-0.00004294,0.00158786,0.00451698,-0.0001778,-0.00234488,15:47:37..781,,,,
15:47:37..816,14.30434134,0.002893,-0.00031951,0.00017674,0.00616974,-0.00004302,0.00159888,0.00450804,-0.00017833,-0.00234366,15:47:37..781,,,,
15:47:37..896,14.74391799,0.01253,-0.0003195,0.00017696,0.00617024,-0.00004275,0.00159862,0.00450855,-0.00017798,-0.00234365,15:47:37..945,,,,
15:47:38..043,12.23057385,0.01253,-0.00031956,0.00017665,0.00617019,-0.00004269,0.00159878,0.00450844,-0.00017834,-0.00234391,15:47:38..043,,,,
15:47:38..076,13.66307658,0.01253,-0.00031924,0.00017615,0.00616969,-0.00004219,0.00162582,0.00450816,-0.00017627,-0.00234153,15:47:38..043,,,,
15:47:38..111,13.40450208,0.049907,-0.00031553,0.0001764,0.00616543,-0.00003768,0.00163571,0.00451672,-0.00017851,-0.00233934,15:47:38..130,,,,
15:47:38..238,14.78528991,0.049907,-0.00031571,0.00017621,0.0061652,-0.00003791,0.0016352,0.00451718,-0.00017874,-0.00233928,15:47:38..237,,,,
15:47:38..271,14.7387465,0.087598,-0.00030545,0.00017966,0.00616242,-0.00003656,0.00165335,0.00453694,-0.00017377,-0.00233021,15:47:38..279,,,,
15:47:38..375,15.91267473,0.127052,-0.00030556,0.00017949,0.00616222,-0.00003624,0.0016542,0.00453733,-0.00017356,-0.00233021,15:47:38..418,,,,
15:47:38..474,19.09314108,0.139756,-0.00030524,0.00017982,0.00616192,-0.00003643,0.00165462,0.00453717,-0.00017371,-0.00233039,15:47:38..472,,,,
15:47:38..530,21.55994181,0.139756,-0.00030569,0.00017905,0.00616209,-0.00003651,0.00165481,0.00453705,-0.00017434,-0.00233049,15:47:38..515,,,,
15:47:38..563,23.57682291,0.175039,-0.00028013,0.00019161,0.00615854,-0.00003422,0.00168474,0.00456894,-0.00016666,-0.00231837,15:47:38..604,,,,
15:47:38..750,25.10241246,0.175039,-0.00028012,0.00019131,0.006158,-0.0000346,0.00168459,0.00456937,-0.00016634,-0.00231823,15:47:38..782,,,,
15:47:38..797,32.6838168,0.175039,-0.00028019,0.0001919,0.00615831,-0.00003441,0.0016846,0.00456853,-0.00016666,-0.00231817,15:47:38..782,,,,
15:47:38..830,35.15578902,0.22073,-0.0002374,0.0002225,0.00615665,-0.00003271,0.00171817,0.0046225,-0.00015871,-0.00230734,15:47:38..870,,,,
15:47:38..993,37.22955651,0.22073,-0.00023711,0.00022285,0.00615713,-0.00003277,0.00171889,0.00462281,-0.00015827,-0.00230719,15:47:38..993,,,,
15:47:39..027,43.43534451,0.239464,-0.00018964,0.00025905,0.00615406,-0.00003218,0.00174937,0.00468569,-0.00014912,-0.00230192,15:47:39..037,,,,
15:47:39..147,44.60410125,0.239464,-0.0001894,0.00025912,0.00615443,-0.00003158,0.00174922,0.00468585,-0.00014868,-0.00230153,15:47:39..190,,,,
15:47:39..225,48.64820643,0.239464,-0.00018949,0.00025935,0.0061545,-0.00003197,0.00174943,0.00468591,-0.00014856,-0.00230171,15:47:39..190,,,,
15:47:39..258,51.83901576,0.256403,-0.00014737,0.00029244,0.00615428,-0.0000314,0.00177312,0.00473064,-0.00014573,-0.00229832,15:47:39..232,,,,
15:47:39..366,52.62508224,0.256403,-0.00014744,0.00029258,0.00615449,-0.00003154,0.00177343,0.00473001,-0.00014658,-0.00229821,15:47:39..422,,,,
15:47:39..433,54.94708125,0.256403,-0.00014735,0.0002933,0.00615416,-0.00003119,0.00177348,0.00473047,-0.00014611,-0.00229843,15:47:39..422,,,,
15:47:39..465,56.38992696,0.259003,-0.00012349,0.0003133,0.0061548,-0.00002972,0.00179276,0.0047621,-0.00014366,-0.00230017,15:47:39..466,,,,
15:47:39..556,56.84501808,0.259003,-0.00012286,0.00031281,0.00615459,-0.00003019,0.00179216,0.00476193,-0.00014401,-0.00230002,15:47:39..604,,,,
15:47:39..635,58.73261193,0.259003,-0.00012286,0.00031355,0.00615543,-0.00002968,0.001793,0.00476245,-0.00014412,-0.0022999,15:47:39..604,,,,
15:47:39..669,59.41524861,0.255206,-0.00011233,0.00032615,0.00615722,-0.00002841,0.00180313,0.00478546,-0.00014302,-0.00230314,15:47:39..691,,,,
15:47:39..778,60.20131509,0.255206,-0.00011204,0.00032593,0.00615745,-0.00002822,0.00180351,0.00478585,-0.00014341,-0.00230335,15:47:39..777,,,,
15:47:39..811,61.15286925,0.249587,-0.00010861,0.00032996,0.00615618,-0.00002813,0.00180194,0.00479228,-0.00014249,-0.0023037,15:47:39..777,,,,
15:47:39..892,61.53038802,0.249587,-0.00010898,0.00032996,0.00615583,-0.0000278,0.00180182,0.00479226,-0.00014241,-0.0023037,15:47:39..940,,,,
15:47:39..951,61.63381782,0.249587,-0.00010878,0.00032917,0.00615563,-0.00002798,0.00180217,0.00479206,-0.00014235,-0.00230379,15:47:39..940,,,,
15:47:39..984,62.22853917,0.242515,-0.00010634,0.00033116,0.00615596,-0.00002793,0.00180289,0.00480083,-0.00014164,-0.00230483,15:47:39..985,,,,
15:47:40..047,62.2130247,0.237411,-0.00010622,0.00033181,0.00615567,-0.00002772,0.00180265,0.00480099,-0.00014127,-0.00230424,15:47:40..090,,,,
15:47:40..156,62.29059705,0.237411,-0.00010628,0.00033174,0.00615648,-0.00002784,0.00180277,0.00480128,-0.00014149,-0.0023047,15:47:40..154,,,,
15:47:40..190,62.94220479,0.22696,-0.00010684,0.00033315,0.00615819,-0.00002736,0.00180503,0.00480552,-0.00014378,-0.00230567,15:47:40..269,,,,
15:47:40..320,62.6784588,0.22696,-0.00010684,0.00033306,0.00615766,-0.00002701,0.001805,0.00480478,-0.00014407,-0.00230636,15:47:40..317,,,,
15:47:40..353,62.80257456,0.221976,-0.00010702,0.00033408,0.00615665,-0.00002681,0.00180513,0.00480597,-0.0001445,-0.00230526,15:47:40..362,,,,
15:47:40..468,63.0404631,0.221976,-0.00010685,0.0003335,0.00615638,-0.0000273,0.001805,0.00480606,-0.00014417,-0.00230551,15:47:40..465,,,,
15:47:40..500,63.12837843,0.215125,-0.00010807,0.00033355,0.00615673,-0.00002686,0.00180495,0.00480728,-0.00014498,-0.0023061,15:47:40..509,,,,
15:47:40..621,63.33523803,0.215125,-0.00010775,0.00033319,0.00615681,-0.0000266,0.00180506,0.00480734,-0.00014489,-0.00230589,15:47:40..618,,,,
15:47:40..654,63.42315336,0.209161,-0.00010969,0.00033333,0.00615708,-0.0000265,0.00180474,0.0048103,-0.00014782,-0.00230704,15:47:40..663,,,,
15:47:40..786,63.25766568,0.209161,-0.00010859,0.00033354,0.00615682,-0.00002621,0.00180462,0.00481023,-0.0001478,-0.00230683,15:47:40..783,,,,
15:47:40..819,63.10252098,0.204094,-0.00011287,0.00033235,0.00615831,-0.00002549,0.00180449,0.00481277,-0.00014712,-0.00230774,15:47:40..827,,,,
15:47:40..934,63.16457886,0.204094,-0.0001127,0.00033194,0.00615717,-0.00002573,0.00180447,0.00481227,-0.00014738,-0.00230792,15:47:40..931,,,,
15:47:40..966,63.10252098,0.199953,-0.00011474,0.00033188,0.00615759,-0.00002537,0.00180841,0.00481035,-0.00014888,-0.00230802,15:47:40..975,,,,
15:47:41..088,63.03529161,0.199953,-0.00011447,0.00033187,0.00615803,-0.00002482,0.00180847,0.00481013,-0.00014894,-0.00230877,15:47:41..085,,,,
15:47:41..121,62.95254777,0.196613,-0.00011644,0.00033126,0.00615804,-0.00002494,0.00180479,0.00481193,-0.00014881,-0.00230901,15:47:41..128,,,,
15:47:41..200,62.64742986,0.196613,-0.00011657,0.00033126,0.00615822,-0.00002531,0.00180412,0.00481201,-0.00014918,-0.00230838,15:47:41..238,,,,
15:47:41..272,63.10252098,0.196613,-0.00011655,0.00033119,0.00615808,-0.00002524,0.00180442,0.00481237,-0.00014868,-0.00230902,15:47:41..238,,,,
15:47:41..305,62.87497542,0.19473,-0.00011785,0.00033065,0.00615793,-0.00002506,0.0018049,0.00481296,-0.00014819,-0.00231092,15:47:41..281,,,,
15:47:41..339,63.10252098,0.192189,-0.00011769,0.00033078,0.00615821,-0.00002498,0.00180373,0.0048122,-0.00014797,-0.00230874,15:47:41..375,,,,
15:47:41..427,62.66811582,0.192189,-0.00011757,0.00033079,0.00615741,-0.00002506,0.00180378,0.0048129,-0.00014818,-0.00230899,15:47:41..424,,,,
15:47:41..458,62.9370333,0.192189,-0.00011789,0.00033091,0.0061567,-0.00002523,0.00180406,0.00481175,-0.00014937,-0.00230873,15:47:41..424,,,,
15:47:41..492,62.68363029,0.190161,-0.00011821,0.00033029,0.00615754,-0.00002549,0.00179893,0.00481207,-0.00014774,-0.00230881,15:47:41..539,,,,
15:47:41..594,62.22853917,0.190161,-0.00011829,0.00032986,0.006157,-0.00002536,0.00179918,0.00481267,-0.00014809,-0.00230847,15:47:41..621,,,,
15:47:41..630,62.95254777,0.190161,-0.00011819,0.00032999,0.00615742,-0.0000255,0.00179872,0.00481319,-0.00014735,-0.00230836,15:47:41..621,,,,
15:47:41..664,62.4198843,0.189261,-0.00011767,0.00033099,0.0061579,-0.00002515,0.00181102,0.0048155,-0.00014711,-0.00231091,15:47:41..665,,,,
15:47:41..697,62.58537198,0.188551,-0.00011797,0.0003306,0.00615873,-0.00002488,0.00180942,0.00481607,-0.00014774,-0.00231132,15:47:41..707,,,,
15:47:41..812,62.82326052,0.188551,-0.00011811,0.00033027,0.00615756,-0.00002487,0.00180972,0.00481565,-0.00014718,-0.00231093,15:47:41..808,,,,
15:47:41..845,62.87497542,0.187628,-0.00011977,0.00033032,0.00615748,-0.00002578,0.00180702,0.00481404,-0.00014856,-0.00231062,15:47:41..852,,,,
15:47:41..953,62.76120264,0.187628,-0.00012007,0.00033084,0.0061576,-0.00002527,0.00180723,0.004814,-0.00014903,-0.00231029,15:47:41..950,,,,
15:47:41..985,63.36626697,0.18706,-0.00011912,0.00033129,0.00615864,-0.00002567,0.00180884,0.00481468,-0.0001492,-0.00231121,15:47:41..993,,,,
15:47:42..105,62.74051668,0.18706,-0.00011925,0.00033161,0.00615873,-0.00002531,0.00180907,0.00481465,-0.00014882,-0.00231129,15:47:42..101,,,,
15:47:42..136,62.79223158,0.186647,-0.00012079,0.00033033,0.00615834,-0.00002566,0.0018027,0.00481511,-0.00014854,-0.00231037,15:47:42..145,,,,
15:47:42..264,62.3164545,0.186647,-0.00012095,0.00033019,0.00615859,-0.00002533,0.00180274,0.00481442,-0.0001488,-0.00231015,15:47:42..261,,,,
15:47:42..298,62.35265493,0.186373,-0.00012098,0.00033099,0.00615949,-0.00002496,0.00180633,0.0048168,-0.0001484,-0.00231139,15:47:42..305,,,,
15:47:42..404,62.60088645,0.186373,-0.00012086,0.00033126,0.0061594,-0.00002516,0.00180684,0.00481655,-0.0001485,-0.00231119,15:47:42..402,,,,
15:47:42..436,62.60605794,0.186134,-0.00011989,0.00033256,0.00616055,-0.00002532,0.00181234,0.00481757,-0.00014995,-0.00231295,15:47:42..444,,,,
15:47:42..549,62.70431625,0.186134,-0.0001196,0.00033296,0.00616035,-0.00002499,0.00181341,0.00481811,-0.00014999,-0.00231296,15:47:42..546,,,,
15:47:42..581,62.96289075,0.185845,-0.00011981,0.00033257,0.00616068,-0.00002558,0.00181043,0.00481797,-0.00014836,-0.002311,15:47:42..589,,,,
15:47:42..704,62.76637413,0.185845,-0.00011961,0.00033284,0.00616064,-0.00002485,0.00181053,0.00481726,-0.00014894,-0.00231142,15:47:42..700,,,,
15:47:42..736,62.7818886,0.185391,-0.00011851,0.00033285,0.00616073,-0.00002485,0.00181106,0.0048166,-0.00015053,-0.00231094,15:47:42..700,,,,
15:47:42..807,62.60088645,0.185391,-0.00011837,0.00033334,0.00616086,-0.00002516,0.00181131,0.00481686,-0.00015072,-0.00231142,15:47:42..844,,,,
15:47:42..871,63.1438929,0.185391,-0.00011836,0.00033289,0.00616037,-0.00002516,0.00181109,0.00481755,-0.00015094,-0.00231115,15:47:42..844,,,,
15:47:42..905,62.51814261,0.184956,-0.00011984,0.00033298,0.00616086,-0.00002476,0.00180661,0.00481884,-0.00015019,-0.00231166,15:47:42..933,,,,
15:47:43..016,62.9887482,0.184956,-0.00011992,0.00033271,0.00616082,-0.00002498,0.00180638,0.00481824,-0.00015052,-0.00231184,15:47:43..015,,,,
15:47:43..050,62.87497542,0.184709,-0.00012068,0.00033262,0.00616116,-0.00002515,0.00180708,0.00481787,-0.00014991,-0.00231156,15:47:43..060,,,,
15:47:43..163,62.75085966,0.184709,-0.00012045,0.0003328,0.00616111,-0.00002503,0.00180708,0.00481788,-0.00015033,-0.00231173,15:47:43..159,,,,
15:47:43..196,62.63708688,0.184567,-0.00011927,0.00033322,0.00615976,-0.00002475,0.0018097,0.00481895,-0.000149,-0.00231205,15:47:43..204,,,,
15:47:43..307,62.66294433,0.184567,-0.00011897,0.00033345,0.00616035,-0.00002512,0.00180923,0.00481906,-0.00014938,-0.0023117,15:47:43..304,,,,
15:47:43..338,62.65260135,0.184612,-0.00011932,0.00033435,0.0061596,-0.00002485,0.00180863,0.00481876,-0.00015087,-0.00231208,15:47:43..348,,,,
15:47:43..415,62.61122943,0.184724,-0.00011933,0.00033358,0.00616042,-0.00002479,0.00180868,0.00481858,-0.00015044,-0.00231262,15:47:43..454,,,,
15:47:43..508,62.81291754,0.184724,-0.00011918,0.00033334,0.00616046,-0.00002499,0.00180871,0.00481876,-0.00015025,-0.00231218,15:47:43..507,,,,
15:47:43..542,62.47677069,0.18472,-0.00011995,0.00033469,0.00616175,-0.00002437,0.00181133,0.00481671,-0.00015237,-0.00231208,15:47:43..507,,,,
15:47:43..608,62.80774605,0.18472,-0.00011969,0.00033451,0.00616137,-0.00002473,0.00181104,0.00481639,-0.00015211,-0.00231191,15:47:43..652,,,,
15:47:43..659,62.49745665,0.18472,-0.00011938,0.00033497,0.00616118,-0.00002482,0.00181065,0.00481638,-0.00015218,-0.00231153,15:47:43..652,,,,
15:47:43..692,62.70948774,0.184675,-0.00012082,0.00033459,0.00616038,-0.00002519,0.00180672,0.00482033,-0.00014892,-0.0023124,15:47:43..694,,,,
15:47:43..793,63.0404631,0.184675,-0.00012071,0.00033441,0.00616005,-0.00002452,0.0018061,0.00482026,-0.00014863,-0.00231226,15:47:43..789,,,,
15:47:43..825,62.48194218,0.184788,-0.00012064,0.0003349,0.00615832,-0.00002502,0.00180718,0.00481862,-0.00014994,-0.00231284,15:47:43..834,,,,
15:47:43..932,62.68363029,0.184788,-0.00012025,0.00033465,0.00615743,-0.00002488,0.00180668,0.00481837,-0.00015023,-0.00231272,15:47:43..929,,,,
15:47:43..965,62.4198843,0.18494,-0.00011902,0.00033602,0.00615983,-0.00002503,0.00180884,0.00481607,-0.00015,-0.00231133,15:47:43..973,,,,
15:47:44..025,62.78706009,0.185042,-0.00011888,0.00033581,0.00616082,-0.00002468,0.00180835,0.00481715,-0.00015031,-0.00231163,15:47:44..021,,,,
15:47:44..069,62.68363029,0.185042,-0.00011888,0.00033541,0.00616054,-0.00002456,0.00180839,0.0048169,-0.00014997,-0.0023115,15:47:44..066,,,,
15:47:44..104,62.65777284,0.185187,-0.0001189,0.00033605,0.00616202,-0.00002473,0.0018112,0.00481484,-0.00015074,-0.00231187,15:47:44..066,,,,
15:47:44..164,62.33714046,0.185187,-0.00011856,0.00033587,0.00616215,-0.00002487,0.0018109,0.00481521,-0.00015062,-0.0023121,15:47:44..206,,,,
15:47:44..215,62.77154562,0.185187,-0.00011873,0.00033607,0.00616209,-0.00002461,0.00181057,0.00481501,-0.00015027,-0.0023124,15:47:44..206,,,,
15:47:44..249,62.6267439,0.185423,-0.00012087,0.0003351,0.00616241,-0.00002461,0.00180389,0.00481591,-0.00015044,-0.00231113,15:47:44..252,,,,
15:47:44..304,62.27508258,0.185441,-0.0001211,0.00033489,0.00616274,-0.00002499,0.00180374,0.00481561,-0.00015062,-0.002311,15:47:44..342,,,,
15:47:44..357,62.56985751,0.185441,-0.00012101,0.00033479,0.00616231,-0.00002454,0.00180413,0.00481515,-0.0001504,-0.00231093,15:47:44..342,,,,
15:47:44..391,62.4715992,0.185412,-0.00011884,0.00033557,0.00616291,-0.00002468,0.00181063,0.0048147,-0.00014995,-0.00231133,15:47:44..418,,,,
15:47:44..509,62.25439662,0.185412,-0.00011871,0.00033637,0.0061621,-0.00002466,0.00181086,0.00481433,-0.00015027,-0.00231166,15:47:44..507,,,,
15:47:44..543,62.46642771,0.185373,-0.00011846,0.00033652,0.00616243,-0.00002452,0.00181072,0.00481368,-0.00015187,-0.00231124,15:47:44..552,,,,
15:47:44..642,62.46125622,0.185373,-0.00011838,0.00033648,0.00616263,-0.00002465,0.00181016,0.004813,-0.00015182,-0.00231092,15:47:44..640,,,,
15:47:44..674,62.44574175,0.185516,-0.00011851,0.00033662,0.00616539,-0.00002449,0.00180952,0.00481199,-0.00015258,-0.00231078,15:47:44..682,,,,
15:47:44..813,62.23888215,0.185516,-0.00011865,0.00033657,0.00616514,-0.00002414,0.00180964,0.00481166,-0.00015257,-0.00231034,15:47:44..810,,,,
15:47:44..845,62.16648129,0.185607,-0.00011939,0.00033541,0.00616229,-0.00002514,0.00180324,0.00481188,-0.00015026,-0.00231011,15:47:44..855,,,,
15:47:44..967,62.32162599,0.185607,-0.00011921,0.00033625,0.00616378,-0.00002478,0.00180357,0.00481136,-0.00015027,-0.00231003,15:47:44..963,,,,
15:47:45..000,61.70621868,0.185581,-0.00011945,0.00033597,0.0061646,-0.00002459,0.00180643,0.00481056,-0.00015415,-0.0023118,15:47:45..008,,,,
15:47:45..119,62.20268172,0.185581,-0.00011978,0.00033596,0.0061647,-0.00002486,0.00180691,0.00481011,-0.00015442,-0.00231192,15:47:45..115,,,,
15:47:45..152,62.16648129,0.185464,-0.00011901,0.00033602,0.00616601,-0.00002453,0.00180929,0.00480954,-0.00015276,-0.00231225,15:47:45..159,,,,
15:47:45..274,62.02167957,0.185464,-0.0001196,0.00033605,0.00616538,-0.00002481,0.00180951,0.00480997,-0.00015332,-0.00231175,15:47:45..270,,,,
15:47:45..308,62.50262814,0.185463,-0.00012245,0.00033423,0.00616536,-0.00002531,0.00179748,0.00480497,-0.0001564,-0.00230932,15:47:45..315,,,,
15:47:45..425,61.77861954,0.185463,-0.00012321,0.00033434,0.00616475,-0.00002562,0.0017979,0.00480511,-0.00015654,-0.00230916,15:47:45..423,,,,
15:47:45..458,62.02685106,0.185325,-0.00012573,0.00033371,0.00616453,-0.00002484,0.00180526,0.00480583,-0.00015594,-0.00231309,15:47:45..467,,,,
15:47:45..583,61.98547914,0.185325,-0.00012562,0.0003336,0.0061637,-0.00002513,0.00180494,0.00480559,-0.00015616,-0.00231286,15:47:45..580,,,,
15:47:45..617,60.96669561,0.184396,-0.00012938,0.00033156,0.00616303,-0.00002479,0.00181841,0.00481012,-0.00015557,-0.00231625,15:47:45..624,,,,
15:47:45..734,58.47403743,0.184396,-0.00012965,0.00033124,0.00616358,-0.00002474,0.00181793,0.00480987,-0.00015502,-0.00231614,15:47:45..732,,,,
15:47:45..768,29.08963125,0.184396,-0.00014006,0.00032604,0.00616352,-0.00002474,0.00182366,0.00479157,-0.00015701,-0.00231797,15:47:45..732,,,,
15:47:45..805,23.55096546,0.175506,-0.00014865,0.00032098,0.00616424,-0.0000258,0.00180891,0.0047737,-0.00015872,-0.00231743,15:47:45..847,,,,
15:47:45..908,40.78237014,0.175506,-0.00014922,0.00032102,0.00616474,-0.00002519,0.00180776,0.00477294,-0.0001588,-0.00231664,15:47:45..907,,,,
15:47:45..942,51.09949269,0.162666,-0.00017405,0.00030545,0.00616645,-0.0000272,0.0017718,0.00471133,-0.00016514,-0.00231564,15:47:45..948,,,,
15:47:46..074,46.75544109,0.162666,-0.00017452,0.00030546,0.00616608,-0.00002654,0.00177155,0.00471189,-0.00016448,-0.00231574,15:47:46..071,,,,
15:47:46..106,29.15686062,0.141571,-0.00018483,0.00029979,0.00616699,-0.00002732,0.00177622,0.0046911,-0.00016756,-0.00231781,15:47:46..114,,,,
15:47:46..226,31.79949201,0.141571,-0.00018485,0.00029926,0.0061668,-0.00002727,0.00177568,0.0046906,-0.00016815,-0.00231786,15:47:46..222,,,,
15:47:46..257,34.82481366,0.119639,-0.00019421,0.00029254,0.00616857,-0.00002836,0.00174027,0.00465653,-0.00017357,-0.00231375,15:47:46..264,,,,
15:47:46..385,32.00635161,0.119639,-0.00019432,0.00029251,0.0061684,-0.00002822,0.00173989,0.00465681,-0.00017392,-0.00231393,15:47:46..382,,,,
15:47:46..416,24.84383796,0.092818,-0.00020742,0.00028481,0.00616882,-0.00002796,0.00172597,0.00464282,-0.00018249,-0.00231608,15:47:46..425,,,,
15:47:46..556,25.67127636,0.092818,-0.00020745,0.00028459,0.00616847,-0.00002818,0.0017255,0.00464321,-0.00018265,-0.00231634,15:47:46..553,,,,
15:47:46..587,26.10051003,0.070269,-0.00021479,0.00027956,0.00616701,-0.00002818,0.00175586,0.00462353,-0.000175,-0.00232068,15:47:46..658,,,,
15:47:46..712,25.09206948,0.070269,-0.00021509,0.00027945,0.00616713,-0.00002813,0.00175514,0.00462369,-0.00017529,-0.00232098,15:47:46..710,,,,
15:47:46..743,21.91160313,0.060826,-0.00022191,0.00027303,0.00616637,-0.0000283,0.00175426,0.00461073,-0.00017496,-0.00232016,15:47:46..754,,,,
15:47:46..810,21.52891287,0.056546,-0.00022217,0.00027296,0.00616752,-0.0000284,0.00175389,0.00461071,-0.00017451,-0.00232013,15:47:46..857,,,,
15:47:46..892,21.9271176,0.056546,-0.00022261,0.00027344,0.00616728,-0.00002852,0.00175397,0.00461065,-0.00017484,-0.00232061,15:47:46..857,,,,
15:47:46..926,20.87730513,0.045156,-0.00023469,0.00026213,0.00616686,-0.0000284,0.00173264,0.00459822,-0.00018133,-0.00232226,15:47:46..946,,,,
15:47:47..071,20.20501143,0.045156,-0.00023514,0.00026216,0.00616673,-0.0000286,0.00173289,0.00459793,-0.00018149,-0.00232225,15:47:47..069,,,,
15:47:47..104,18.97419681,0.045156,-0.00024317,0.0002537,0.00616843,-0.00002888,0.00173746,0.00458989,-0.00018548,-0.00232427,15:47:47..069,,,,
15:47:47..139,18.75699423,0.030775,-0.00024175,0.00025452,0.00616712,-0.00002956,0.00174407,0.00458799,-0.00018331,-0.002324,15:47:47..200,,,,
15:47:47..251,18.55013463,0.030775,-0.00024174,0.0002546,0.00616735,-0.00002873,0.00174462,0.004588,-0.00018293,-0.00232365,15:47:47..249,,,,
15:47:47..284,17.19003276,0.026382,-0.00024912,0.00024884,0.00616748,-0.00002921,0.00173358,0.00458241,-0.00018851,-0.00232551,15:47:47..326,,,,
15:47:47..372,17.57789451,0.024421,-0.00024834,0.00024938,0.00616786,-0.00002906,0.0017341,0.00458318,-0.00018779,-0.00232545,15:47:47..370,,,,
15:47:47..404,16.71942717,0.022581,-0.00025451,0.00024296,0.00616887,-0.0000296,0.00170903,0.00457483,-0.00018945,-0.00232563,15:47:47..413,,,,
15:47:47..515,16.83319995,0.022581,-0.00025429,0.00024325,0.00616792,-0.00002935,0.00170835,0.00457471,-0.00018902,-0.00232491,15:47:47..512,,,,
15:47:47..548,16.45568118,0.017853,-0.00025744,0.00023997,0.00616826,-0.00002996,0.00169401,0.00456849,-0.00019434,-0.00232632,15:47:47..512,,,,
15:47:47..616,15.78338748,0.017853,-0.0002577,0.00024028,0.0061685,-0.00003042,0.00169386,0.00456857,-0.00019446,-0.00232625,15:47:47..645,,,,
15:47:47..655,16.17642072,0.017853,-0.00025773,0.00023978,0.00616877,-0.00003012,0.00169376,0.00456894,-0.0001947,-0.00232605,15:47:47..645,,,,
15:47:47..688,15.40586871,0.014083,-0.00026003,0.00023788,0.00616892,-0.00003024,0.00170466,0.00456803,-0.00019044,-0.00232805,15:47:47..689,,,,
15:47:47..740,15.04386441,0.012999,-0.00026053,0.00023791,0.00616876,-0.00003007,0.00170474,0.00456812,-0.00019067,-0.00232814,15:47:47..782,,,,
15:47:47..806,15.40586871,0.012999,-0.00026062,0.00023788,0.0061694,-0.00003036,0.00170474,0.0045676,-0.00019061,-0.00232848,15:47:47..782,,,,
15:47:47..841,14.77494693,0.010294,-0.00026478,0.0002337,0.00616896,-0.00003003,0.00169215,0.00456026,-0.0001936,-0.00232809,15:47:47..870,,,,
15:47:47..967,14.35088475,0.010294,-0.0002646,0.00023395,0.00616864,-0.00003056,0.00169218,0.00456077,-0.00019348,-0.00232857,15:47:47..964,,,,
15:47:48..000,14.1698826,0.008775,-0.00026627,0.00023192,0.0061695,-0.00003014,0.00171077,0.00455855,-0.00019061,-0.00232965,15:47:48..008,,,,
15:47:48..103,13.7044485,0.008775,-0.0002661,0.0002317,0.00616906,-0.00003002,0.00171146,0.00455837,-0.00019074,-0.00232973,15:47:48..101,,,,
15:47:48..137,13.86993618,0.007422,-0.00026994,0.00022813,0.00616858,-0.00003013,0.00171512,0.00455638,-0.00019083,-0.00233005,15:47:48..145,,,,
15:47:48..184,13.28038632,0.00683,-0.00027007,0.00022719,0.00616825,-0.00003039,0.0017156,0.00455687,-0.00019059,-0.00233012,15:47:48..189,,,,
15:47:48..235,13.38898761,0.006291,-0.00027028,0.00022754,0.00616861,-0.00003018,0.00171662,0.00455684,-0.00019066,-0.00233063,15:47:48..189,,,,
15:47:48..267,13.05284076,0.005811,-0.00027267,0.00022602,0.00616809,-0.00003047,0.00169818,0.00455079,-0.00019428,-0.00232932,15:47:48..283,,,,
15:47:48..319,12.59774964,0.005355,-0.00027231,0.00022578,0.00616878,-0.00003026,0.00169818,0.00455066,-0.00019404,-0.0023301,15:47:48..327,,,,
15:47:48..369,12.7735803,0.004901,-0.0002726,0.00022592,0.00616947,-0.00003043,0.00169801,0.00455119,-0.00019369,-0.00232921,15:47:48..327,,,,
15:47:48..404,12.7735803,0.004122,-0.00027469,0.00022416,0.00617039,-0.00003103,0.00166426,0.00454669,-0.0002002,-0.00232935,15:47:48..417,,,,
15:47:48..465,12.48914835,0.003777,-0.00027506,0.00022413,0.00617035,-0.00003132,0.00166399,0.00454692,-0.0002002,-0.0023292,15:47:48..509,,,,
15:47:48..561,12.12714405,0.003777,-0.00027491,0.00022403,0.00617033,-0.00003123,0.00166342,0.00454652,-0.00019991,-0.00232928,15:47:48..559,,,,
15:47:48..598,12.08577213,0.003117,-0.00028322,0.00021697,0.00616868,-0.00003137,0.00168535,0.00455074,-0.00019281,-0.00233281,15:47:48..602,,,,
15:47:48..695,11.70825336,0.003117,-0.00028328,0.00021694,0.0061685,-0.00003103,0.00168649,0.00455109,-0.00019226,-0.00233238,15:47:48..693,,,,
15:47:48..730,12.1530015,0.002361,-0.00028187,0.00021819,0.00616969,-0.00003049,0.00171578,0.00454317,-0.00019061,-0.0023328,15:47:48..735,,,,
15:47:48..832,11.66688144,0.002361,-0.00028164,0.00021803,0.00616977,-0.0000311,0.0017161,0.00454311,-0.00019076,-0.00233272,15:47:48..828,,,,
15:47:48..865,11.34624906,0.001963,-0.00028161,0.00021668,0.00617132,-0.00003038,0.00170266,0.00454083,-0.00018126,-0.00233253,15:47:48..872,,,,
15:47:48..913,11.18593287,0.001698,-0.00028208,0.00021679,0.00617173,-0.00003112,0.00170249,0.00454056,-0.00018184,-0.00233247,15:47:48..916,,,,
15:47:48..963,11.30487714,0.001698,-0.00028253,0.00021674,0.00617186,-0.00003065,0.00170287,0.00454132,-0.00018151,-0.00233278,15:47:49..006,,,,
15:47:49..015,10.67912685,0.001698,-0.00028244,0.00021688,0.00617206,-0.00003077,0.00170317,0.00454093,-0.00018204,-0.00233228,15:47:49..006,,,,
15:47:49..048,11.25833373,0.001444,-0.00028391,0.00021556,0.00617075,-0.00003125,0.00166263,0.00453313,-0.00019455,-0.00233241,15:47:49..049,,,,
15:47:49..145,11.24281926,0.001444,-0.00028416,0.0002159,0.00616978,-0.00003107,0.00166205,0.00453302,-0.00019485,-0.00233198,15:47:49..141,,,,
15:47:49..176,10.98941625,0.001038,-0.00028658,0.0002125,0.00616946,-0.00003199,0.00162977,0.00453629,-0.00020159,-0.00233234,15:47:49..184,,,,
15:47:49..291,10.860129,0.001038,-0.00028619,0.00021237,0.00616842,-0.00003166,0.00163043,0.00453582,-0.00020193,-0.00233246,15:47:49..287,,,,
15:47:49..323,10.46709576,0.000861,-0.00028652,0.00021214,0.00616858,-0.00003238,0.00164689,0.00453237,-0.00019977,-0.00233195,15:47:49..329,,,,
15:47:49..452,10.3946949,0.000861,-0.00028656,0.00021234,0.00616882,-0.00003224,0.00164733,0.00453207,-0.00019957,-0.00233135,15:47:49..449,,,,
15:47:49..484,10.19300679,0.000711,-0.00029071,0.00020961,0.00616842,-0.00003228,0.00161985,0.00453491,-0.00020001,-0.00233496,15:47:49..492,,,,
15:47:49..604,9.96546123,0.000711,-0.00029083,0.00020957,0.00616862,-0.00003245,0.00162017,0.00453499,-0.00020046,-0.00233539,15:47:49..601,,,,
15:47:49..635,9.70688673,0.000676,-0.00028971,0.00020998,0.00616973,-0.00003302,0.00166525,0.00452897,-0.00019319,-0.00233425,15:47:49..635,,,,
15:47:49..669,9.64482885,0.000634,-0.00029149,0.00020919,0.00616866,-0.00003204,0.00164575,0.00453182,-0.00019608,-0.00233747,15:47:49..680,,,,
15:47:49..783,9.65517183,0.000634,-0.00029204,0.00020896,0.0061681,-0.00003212,0.00164594,0.00453198,-0.0001962,-0.00233762,15:47:49..779,,,,
15:47:49..815,9.59311395,0.000582,-0.00029231,0.00020683,0.00616705,-0.00003213,0.00166684,0.00453152,-0.000192,-0.00233576,15:47:49..821,,,,
15:47:49..928,9.67585779,0.000582,-0.00029241,0.00020679,0.00616712,-0.00003229,0.00166774,0.00453128,-0.00019198,-0.00233535,15:47:49..924,,,,
15:47:49..960,9.64482885,0.000521,-0.00029216,0.00020628,0.00616895,-0.00003222,0.00172778,0.00453491,-0.0001818,-0.00233268,15:47:49..969,,,,
15:47:50..078,9.62931438,0.000521,-0.00029166,0.00020685,0.00616974,-0.00003233,0.00172822,0.00453497,-0.00018185,-0.00233271,15:47:50..074,,,,
15:47:50..109,8.99322111,0.000472,-0.00029172,0.00020774,0.00616914,-0.0000326,0.00169692,0.0045292,-0.00019146,-0.00233083,15:47:50..074,,,,
15:47:50..184,8.78636151,0.000472,-0.00029153,0.00020742,0.00616919,-0.0000328,0.00169614,0.00452857,-0.00019198,-0.00233163,15:47:50..228,,,,
15:47:50..236,8.75016108,0.000472,-0.00029159,0.00020736,0.00616873,-0.00003305,0.00169511,0.00452869,-0.00019185,-0.00233205,15:47:50..228,,,,
15:47:50..270,9.14836581,0.000497,-0.00028963,0.0002084,0.00616946,-0.00003315,0.00173519,0.00453657,-0.00017709,-0.00233189,15:47:50..271,,,,
15:47:50..382,9.40176882,0.000497,-0.00028936,0.00020901,0.0061698,-0.00003264,0.00173524,0.00453659,-0.00017701,-0.00233155,15:47:50..378,,,,
15:47:50..414,9.23628114,0.000478,-0.0002893,0.00020798,0.00616968,-0.0000336,0.00171887,0.00452985,-0.00018689,-0.00233195,15:47:50..422,,,,
15:47:50..522,8.72947512,0.000478,-0.00028965,0.00020784,0.0061689,-0.00003351,0.00171766,0.00452985,-0.0001873,-0.00233213,15:47:50..518,,,,
15:47:50..553,9.07079346,0.000455,-0.00029052,0.00020828,0.00616923,-0.00003375,0.00169333,0.00452766,-0.00019038,-0.0023336,15:47:50..561,,,,
15:47:50..664,8.62087383,0.000455,-0.00029073,0.00020811,0.006169,-0.00003376,0.0016923,0.0045273,-0.0001901,-0.00233369,15:47:50..660,,,,
15:47:50..696,7.88135076,0.000375,-0.00029183,0.00020728,0.0061703,-0.0000339,0.00167422,0.00452648,-0.00019141,-0.00233369,15:47:50..704,,,,
15:47:50..814,7.54520391,0.000375,-0.00029174,0.00020754,0.00617024,-0.00003397,0.0016739,0.00452637,-0.00019206,-0.00233387,15:47:50..811,,,,
15:47:50..845,8.28989847,0.000309,-0.00029118,0.00020774,0.00616953,-0.00003421,0.00167521,0.00452328,-0.00019112,-0.00233245,15:47:50..855,,,,
15:47:50..973,8.6363883,0.000309,-0.00029172,0.00020759,0.00616939,-0.00003429,0.00167484,0.00452324,-0.00019142,-0.0023324,15:47:50..969,,,,
15:47:51..005,8.00546652,0.000207,-0.00029205,0.00020735,0.00616991,-0.00003414,0.00169044,0.00452421,-0.00019063,-0.00233354,15:47:51..013,,,,
15:47:51..130,7.9640946,0.000207,-0.00029175,0.00020686,0.00616968,-0.00003376,0.00169062,0.00452447,-0.00019059,-0.00233377,15:47:51..126,,,,
15:47:51..163,7.92272268,0.000234,-0.00029302,0.00020615,0.00617089,-0.00003419,0.00170447,0.00452544,-0.00018468,-0.00233248,15:47:51..172,,,,
15:47:51..267,7.5503754,0.000234,-0.00029311,0.00020652,0.00617015,-0.00003432,0.00170447,0.00452583,-0.00018495,-0.00233258,15:47:51..264,,,,
15:47:51..299,8.15026824,0.000325,-0.00029329,0.0002065,0.00617121,-0.00003435,0.00170346,0.00452414,-0.00018707,-0.00233421,15:47:51..307,,,,
15:47:51..416,8.02615248,0.000325,-0.00029347,0.00020617,0.00617085,-0.00003422,0.00170272,0.0045242,-0.000187,-0.00233381,15:47:51..413,,,,
15:47:51..449,7.53486093,0.000354,-0.00029424,0.00020542,0.00617127,-0.00003427,0.00169428,0.00452437,-0.00018616,-0.00233544,15:47:51..492,,,,
15:47:51..559,6.72810849,0.000354,-0.00029413,0.00020536,0.00617151,-0.00003429,0.00169469,0.00452444,-0.00018684,-0.00233589,15:47:51..557,,,,
15:47:51..591,7.39005921,0.000279,-0.00029489,0.0002041,0.00616985,-0.00003431,0.00170174,0.00452191,-0.00018528,-0.00233365,15:47:51..601,,,,
15:47:51..687,6.99702597,0.000279,-0.00029528,0.0002036,0.00617098,-0.00003461,0.00170144,0.00452207,-0.00018554,-0.00233357,15:47:51..684,,,,
15:47:51..721,8.87427684,0.000172,-0.00029548,0.00020499,0.0061707,-0.00003453,0.00172149,0.00452638,-0.00018127,-0.0023355,15:47:51..728,,,,
15:47:51..856,7.82963586,0.000172,-0.00029527,0.0002046,0.00617087,-0.00003423,0.00172021,0.00452629,-0.00018139,-0.00233535,15:47:51..853,,,,
15:47:51..888,5.97824244,0.000123,-0.00029732,0.00020139,0.0061721,-0.00003436,0.00174354,0.00452838,-0.00017964,-0.00233589,15:47:51..853,,,,
15:47:51..956,7.35385878,0.000123,-0.00029777,0.00020172,0.00617146,-0.00003359,0.00174472,0.0045279,-0.00017992,-0.00233572,15:47:51..997,,,,
15:47:52..017,6.03512883,0.000123,-0.00029744,0.0002016,0.00617183,-0.00003398,0.00174587,0.00452798,-0.00017974,-0.00233592,15:47:51..997,,,,
15:47:52..050,7.47280305,0.000152,-0.00029852,0.00020099,0.00617089,-0.00003431,0.00175893,0.00452815,-0.00017923,-0.00233539,15:47:52..085,,,,
15:47:52..211,7.03839789,0.000152,-0.00029875,0.00020096,0.00617056,-0.00003425,0.00175945,0.00452856,-0.00017857,-0.00233547,15:47:52..207,,,,
15:47:52..243,5.91101307,0.000263,-0.00030099,0.00020059,0.0061719,-0.00003471,0.00172755,0.00452805,-0.00018079,-0.00233819,15:47:52..252,,,,
15:47:52..353,6.57813528,0.000263,-0.00030121,0.00020045,0.00617177,-0.00003462,0.00172758,0.00452822,-0.0001812,-0.0023383,15:47:52..349,,,,
15:47:52..385,6.07132926,0.000325,-0.00030203,0.00019854,0.00617204,-0.00003408,0.00173666,0.00452627,-0.00018394,-0.00233761,15:47:52..394,,,,
15:47:52..511,6.9815115,0.000325,-0.00030212,0.00019885,0.00617219,-0.00003449,0.00173615,0.00452632,-0.00018381,-0.0023375,15:47:52..507,,,,
15:47:52..542,6.26784588,0.000291,-0.00030206,0.00019836,0.00617356,-0.00003448,0.00171538,0.00452722,-0.00018161,-0.00233735,15:47:52..507,,,,
15:47:52..604,6.84188127,0.000291,-0.00030289,0.00019857,0.00617288,-0.00003457,0.00171691,0.00452768,-0.00018145,-0.00233718,15:47:52..642,,,,
15:47:52..668,5.77138284,0.000291,-0.00030265,0.00019811,0.00617293,-0.00003497,0.00171871,0.00452798,-0.00018144,-0.00233771,15:47:52..642,,,,
15:47:52..701,6.16958757,0.000265,-0.00030251,0.00019823,0.00617215,-0.00003488,0.00172449,0.00452081,-0.00018489,-0.00233708,15:47:52..728,,,,
15:47:52..835,6.31438929,0.000265,-0.00030241,0.00019828,0.00617245,-0.00003531,0.00172407,0.00452111,-0.00018484,-0.00233701,15:47:52..831,,,,
15:47:52..867,6.722937,0.000225,-0.00030465,0.00019607,0.00617224,-0.00003512,0.00171369,0.00452361,-0.00018507,-0.00233872,15:47:52..874,,,,
15:47:52..972,6.37644717,0.000225,-0.00030442,0.00019632,0.00617199,-0.00003467,0.00171445,0.00452351,-0.00018447,-0.00233852,15:47:52..968,,,,
15:47:53..004,6.21095949,0.000159,-0.00030427,0.00019672,0.00617256,-0.00003556,0.00170269,0.00451724,-0.00018704,-0.00233721,15:47:53..049,,,,
15:47:53..121,6.08167224,0.000159,-0.00030457,0.00019722,0.00617264,-0.00003548,0.00170177,0.00451748,-0.00018722,-0.00233714,15:47:53..117,,,,
15:47:53..153,5.92652754,0.000154,-0.0003048,0.00019563,0.00617215,-0.00003531,0.00172567,0.0045222,-0.00018424,-0.00233537,15:47:53..160,,,,
15:47:53..197,5.67829602,0.000156,-0.00030436,0.00019613,0.00617319,-0.00003551,0.00172573,0.00452292,-0.00018401,-0.00233551,15:47:53..207,,,,
15:47:53..247,5.5852092,0.000162,-0.00030501,0.00019604,0.00617352,-0.00003597,0.00172557,0.00452228,-0.00018376,-0.00233586,15:47:53..253,,,,
15:47:53..281,5.91618456,0.00019,-0.00030849,0.00019374,0.00617385,-0.00003504,0.00169839,0.00452396,-0.00018302,-0.00233957,15:47:53..253,,,,
15:47:53..347,5.96272797,0.00019,-0.00030867,0.00019398,0.00617376,-0.00003513,0.00169973,0.00452448,-0.0001832,-0.00233939,15:47:53..378,,,,
15:47:53..388,5.84895519,0.00019,-0.00030857,0.00019435,0.00617428,-0.00003462,0.00170127,0.00452512,-0.0001829,-0.00233887,15:47:53..378,,,,
15:47:53..422,5.60589516,0.000207,-0.0003078,0.00019472,0.00617541,-0.00003546,0.0017293,0.00452643,-0.00017902,-0.00233931,15:47:53..487,,,,
15:47:53..538,5.60589516,0.000207,-0.000308,0.00019451,0.00617609,-0.00003501,0.00172753,0.00452635,-0.0001793,-0.00233914,15:47:53..551,,,,
15:47:53..570,5.86964115,0.000207,-0.00030811,0.0001951,0.00617561,-0.0000355,0.00168007,0.0045219,-0.00018572,-0.00234136,15:47:53..551,,,,
15:47:53..604,6.11270118,0.000131,-0.00031089,0.00019219,0.00617533,-0.00003558,0.00164389,0.00451693,-0.00019867,-0.0023439,15:47:53..639,,,,
15:47:53..734,5.50246536,0.000131,-0.00031104,0.00019213,0.00617446,-0.00003612,0.00164496,0.00451717,-0.00019855,-0.00234456,15:47:53..732,,,,
15:47:53..766,5.22837639,0.000073,-0.00031241,0.00019047,0.00617486,-0.00003541,0.00168647,0.00452158,-0.00018785,-0.00234024,15:47:53..778,,,,
15:47:53..822,5.51280834,0.000006,-0.00031268,0.00019086,0.00617599,-0.00003546,0.00168652,0.00452114,-0.00018817,-0.0023401,15:47:53..866,,,,
15:47:53..883,5.7920688,0.000006,-0.00031249,0.00019106,0.00617526,-0.00003552,0.00168651,0.00452039,-0.00018809,-0.0023398,15:47:53..866,,,,
15:47:53..916,5.9989284,-0.0001,-0.00031161,0.00019149,0.00617609,-0.00003549,0.00167497,0.00451776,-0.0001881,-0.00233845,15:47:53..953,,,,
15:47:54..051,6.28853184,-0.0001,-0.00031177,0.00019105,0.00617577,-0.00003562,0.00167465,0.00451779,-0.00018885,-0.00233842,15:47:54..048,,,,
15:47:54..084,5.64726708,-0.000104,-0.00031157,0.000192,0.0061775,-0.00003556,0.00172111,0.00452825,-0.00017736,-0.00234031,15:47:54..092,,,,
15:47:54..192,4.83017166,-0.000104,-0.0003117,0.00019232,0.00617771,-0.0000356,0.00172061,0.00452801,-0.00017747,-0.00234098,15:47:54..188,,,,
15:47:54..225,5.77138284,-0.000023,-0.00031369,0.00019053,0.00617573,-0.00003645,0.00167929,0.00451705,-0.00019086,-0.00234184,15:47:54..232,,,,
15:47:54..273,4.55608269,0.00001,-0.00031328,0.00018998,0.00617556,-0.00003597,0.00167831,0.00451681,-0.00019088,-0.00234179,15:47:54..276,,,,
15:47:54..314,6.14890161,0.000038,-0.00031314,0.00019066,0.00617648,-0.00003621,0.00167758,0.00451688,-0.00019137,-0.00234193,15:47:54..350,,,,
15:47:54..366,5.82826923,0.000038,-0.00031304,0.00019061,0.00617681,-0.00003648,0.0016759,0.00451711,-0.00019141,-0.00234227,15:47:54..350,,,,
15:47:54..398,6.0506433,0.000055,-0.00031188,0.00019152,0.00617484,-0.00003674,0.00169183,0.00452045,-0.00018833,-0.00234466,15:47:54..394,,,,
15:47:54..432,5.84895519,0.000052,-0.0003143,0.00019206,0.00617569,-0.0000356,0.0016891,0.00452765,-0.00017782,-0.00234477,15:47:54..436,,,,
15:47:54..527,5.78172582,0.000052,-0.00031414,0.00019182,0.00617572,-0.00003528,0.00168915,0.0045271,-0.00017815,-0.0023437,15:47:54..523,,,,
15:47:54..559,5.11460361,0.000018,-0.00031505,0.00018892,0.00617517,-0.00003678,0.00163514,0.00451758,-0.00018495,-0.0023408,15:47:54..566,,,,
15:47:54..671,5.51280834,0.000018,-0.00031441,0.00018932,0.00617531,-0.0000369,0.0016344,0.00451737,-0.00018538,-0.00234041,15:47:54..667,,,,
15:47:54..703,5.26974831,-0.000075,-0.0003135,0.00018943,0.00617588,-0.00003744,0.0015853,0.00450515,-0.00020081,-0.00234307,15:47:54..711,,,,
15:47:54..806,5.70415347,-0.000075,-0.00031325,0.00018917,0.00617551,-0.0000375,0.00158463,0.00450559,-0.00020109,-0.0023429,15:47:54..803,,,,
15:47:54..838,5.21803341,-0.000154,-0.00031358,0.0001888,0.00617302,-0.000038,0.00159073,0.00450949,-0.00020095,-0.00234205,15:47:54..803,,,,
15:47:54..903,4.54056822,-0.000154,-0.00031328,0.00018895,0.00617264,-0.00003821,0.00159094,0.00450978,-0.00020093,-0.00234159,15:47:54..937,,,,
15:47:54..946,4.87154358,-0.000154,-0.00031324,0.00018883,0.00617245,-0.00003818,0.00159131,0.00451029,-0.00020071,-0.00234182,15:47:54..937,,,,
15:47:54..979,5.66278155,-0.000121,-0.00031445,0.0001885,0.00617351,-0.00003829,0.00156133,0.00451066,-0.00021198,-0.0023433,15:47:54..982,,,,
15:47:55..090,5.44557897,-0.000121,-0.00031459,0.00018833,0.00617276,-0.0000385,0.00156118,0.00451052,-0.00021163,-0.0023431,15:47:55..087,,,,
15:47:55..122,6.205788,-0.000111,-0.00031434,0.0001876,0.00617418,-0.00003843,0.00154479,0.00450753,-0.0002111,-0.00233851,15:47:55..087,,,,
15:47:55..191,5.61623814,-0.000111,-0.00031439,0.00018762,0.00617402,-0.00003871,0.00154483,0.00450771,-0.00021055,-0.00233895,15:47:55..233,,,,
15:47:55..249,5.4300645,-0.000111,-0.00031447,0.0001876,0.00617361,-0.00003879,0.00154388,0.00450739,-0.00021066,-0.00233847,15:47:55..233,,,,
15:47:55..282,5.23871937,-0.000132,-0.00031393,0.000188,0.00617377,-0.00003899,0.00156198,0.00450383,-0.00020847,-0.00233894,15:47:55..318,,,,
15:47:55..419,4.89222954,-0.000132,-0.00031424,0.00018824,0.00617483,-0.00003893,0.00156217,0.00450417,-0.00020854,-0.00233906,15:47:55..416,,,,
15:47:55..452,5.10943212,-0.000118,-0.00031426,0.0001885,0.0061719,-0.00003898,0.00158708,0.00450706,-0.00020296,-0.00234051,15:47:55..460,,,,
15:47:55..575,5.85412668,-0.000118,-0.00031456,0.00018857,0.00617281,-0.00003929,0.00158728,0.00450695,-0.00020268,-0.00234051,15:47:55..572,,,,
15:47:55..607,5.65761006,-0.000227,-0.00031412,0.00018935,0.00617357,-0.0000394,0.00155611,0.00450417,-0.00020546,-0.00234303,15:47:55..616,,,,
15:47:55..730,5.65243857,-0.000227,-0.00031398,0.00018946,0.00617396,-0.00003943,0.00155547,0.00450395,-0.00020492,-0.00234263,15:47:55..726,,,,
15:47:55..762,5.16114702,-0.000383,-0.00031349,0.00018765,0.0061726,-0.00004065,0.00155746,0.00451817,-0.00020189,-0.00234389,15:47:55..843,,,,
15:47:55..895,5.30594874,-0.000383,-0.00031366,0.00018765,0.00617301,-0.0000401,0.00155817,0.00451908,-0.00020204,-0.0023437,15:47:55..893,,,,
15:47:55..926,5.96789946,-0.000445,-0.00031438,0.00018748,0.00617184,-0.00003953,0.00156492,0.0045118,-0.00020449,-0.00234315,15:47:55..893,,,,
15:47:55..997,5.90584158,-0.000445,-0.00031472,0.00018721,0.00617172,-0.00003888,0.00156544,0.00451237,-0.00020482,-0.00234298,15:47:56..043,,,,
15:47:56..087,5.42489301,-0.000473,-0.00031424,0.00018765,0.00617304,-0.0000391,0.00156548,0.00451236,-0.00020463,-0.00234315,15:47:56..087,,,,
15:47:56..121,5.55935175,-0.000473,-0.00031442,0.00018789,0.00617306,-0.00003914,0.00157447,0.00451095,-0.00020303,-0.00234488,15:47:56..087,,,,
15:47:56..154,5.22837639,-0.00035,-0.00031421,0.00018815,0.00617384,-0.00003943,0.00156482,0.00451209,-0.00020176,-0.00234372,15:47:56..216,,,,
15:47:56..269,5.40420705,-0.00035,-0.00031395,0.00018795,0.00617389,-0.00003936,0.00156426,0.00451141,-0.0002023,-0.00234405,15:47:56..266,,,,
15:47:56..301,5.6369241,-0.000305,-0.00031338,0.00018854,0.00617294,-0.00003986,0.00157502,0.00450864,-0.00020301,-0.00234146,15:47:56..310,,,,
15:47:56..395,6.1540731,-0.000305,-0.00031331,0.00018884,0.00617306,-0.00003979,0.00157505,0.00450919,-0.0002037,-0.0023419,15:47:56..391,,,,
15:47:56..428,5.09908914,-0.000229,-0.00031348,0.00018938,0.00617453,-0.00003988,0.00154981,0.0045094,-0.00020359,-0.00234395,15:47:56..435,,,,
15:47:56..529,5.23871937,-0.000229,-0.00031371,0.0001894,0.00617456,-0.00003971,0.00154917,0.00450875,-0.00020322,-0.00234449,15:47:56..525,,,,
15:47:56..562,5.61106665,-0.000162,-0.00031358,0.0001868,0.00617325,-0.0000411,0.00155635,0.00451008,-0.00020574,-0.00233649,15:47:56..571,,,,
15:47:56..684,5.03703126,-0.000162,-0.00031397,0.00018729,0.00617384,-0.00004081,0.00155651,0.00450955,-0.00020602,-0.00233716,15:47:56..680,,,,
15:47:56..717,5.02668828,-0.000049,-0.00031465,0.0001853,0.00617274,-0.00003871,0.00156605,0.00450563,-0.0002122,-0.00234112,15:47:56..727,,,,
15:47:56..842,5.47660791,-0.000049,-0.00031517,0.0001859,0.00617238,-0.0000389,0.00156637,0.00450532,-0.00021237,-0.00234116,15:47:56..838,,,,
15:47:56..874,5.60072367,0.000105,-0.00031423,0.000185,0.00617184,-0.0000396,0.00156259,0.00450838,-0.00020914,-0.002338,15:47:56..949,,,,
15:47:57..018,5.57486622,0.000105,-0.00031413,0.00018545,0.00617204,-0.00003911,0.00156293,0.00450841,-0.00020913,-0.00233822,15:47:56..949,,,,
15:47:57..051,5.02668828,0.00008,-0.00031364,0.00018671,0.00617396,-0.00003932,0.00162968,0.00450156,-0.00020229,-0.00233577,15:47:57..065,,,,
15:47:57..172,5.39903556,0.00008,-0.00031404,0.00018694,0.00617307,-0.00003932,0.00162972,0.00450153,-0.00020194,-0.00233584,15:47:57..168,,,,
15:47:57..204,5.38869258,0.0001,-0.00031318,0.00018701,0.0061718,-0.00003909,0.00163404,0.00450367,-0.00019714,-0.00233653,15:47:57..210,,,,
15:47:57..308,5.47143642,0.0001,-0.00031311,0.00018754,0.00617201,-0.00003867,0.00163384,0.00450368,-0.00019675,-0.00233612,15:47:57..305,,,,
15:47:57..341,5.19734745,0.000141,-0.00031348,0.00018753,0.00617166,-0.00003957,0.0016374,0.00450627,-0.00019506,-0.00233632,15:47:57..339,,,,
15:47:57..411,5.4300645,0.000163,-0.00031329,0.00018762,0.00617162,-0.00003943,0.00163701,0.00450525,-0.00019529,-0.00233616,15:47:57..453,,,,
15:47:57..477,5.66795304,0.000171,-0.00031388,0.00018749,0.00617113,-0.00003943,0.00163709,0.00450576,-0.00019545,-0.00233637,15:47:57..519,,,,
15:47:57..539,5.80241178,0.000171,-0.00031345,0.00018786,0.00617107,-0.00003937,0.001637,0.00450571,-0.00019536,-0.00233618,15:47:57..519,,,,
15:47:57..573,5.46109344,0.000143,-0.00031241,0.00018804,0.00617246,-0.00003972,0.00166172,0.00450561,-0.00019429,-0.00233449,15:47:57..639,,,,
15:47:57..693,5.39903556,0.000143,-0.00031257,0.00018779,0.00617246,-0.00003959,0.0016615,0.0045058,-0.00019355,-0.002334,15:47:57..690,,,,
15:47:57..726,5.3266347,0.000141,-0.00031246,0.00018762,0.00617284,-0.00003966,0.00165582,0.00450346,-0.00019604,-0.0023367,15:47:57..735,,,,
15:47:57..831,5.69898198,0.000141,-0.00031251,0.00018762,0.00617272,-0.00003921,0.00165594,0.00450342,-0.00019573,-0.00233639,15:47:57..828,,,,
15:47:57..862,5.70415347,0.000103,-0.00031282,0.00018787,0.0061717,-0.00003986,0.00161464,0.00450481,-0.00020003,-0.0023424,15:47:57..872,,,,
15:47:57..974,5.49212238,0.000103,-0.00031329,0.00018757,0.00617129,-0.0000395,0.00161396,0.00450504,-0.00020011,-0.00234248,15:47:57..970,,,,
15:47:58..007,5.31112023,0.00006,-0.00031231,0.00018829,0.00617105,-0.00003988,0.00166278,0.00450594,-0.00019308,-0.00233829,15:47:58..015,,,,
15:47:58..151,5.18183298,0.00006,-0.00031247,0.00018807,0.00617097,-0.00003935,0.00166361,0.00450558,-0.00019348,-0.00233814,15:47:58..147,,,,
15:47:58..183,5.73518241,0.000062,-0.00031252,0.00018795,0.00617125,-0.00003961,0.00163234,0.00450678,-0.00019636,-0.00233897,15:47:58..191,,,,
15:47:58..303,5.74552539,0.000062,-0.00031299,0.00018758,0.0061708,-0.00003991,0.00163132,0.00450714,-0.00019672,-0.00233977,15:47:58..299,,,,
15:47:58..335,5.55418026,0.000101,-0.00031214,0.00018826,0.00617072,-0.00003992,0.0016434,0.00450586,-0.00019907,-0.00233757,15:47:58..344,,,,
15:47:58..455,5.36283513,0.000101,-0.00031251,0.00018813,0.00617057,-0.00003981,0.00164312,0.00450574,-0.00019932,-0.00233729,15:47:58..451,,,,
15:47:58..487,5.51280834,0.000119,-0.00031228,0.0001872,0.00616993,-0.00004028,0.00161909,0.00450665,-0.00019958,-0.00233866,15:47:58..451,,,,
15:47:58..560,5.38869258,0.000092,-0.00031256,0.00018658,0.00617073,-0.0000399,0.00162004,0.0045071,-0.00020028,-0.0023386,15:47:58..597,,,,
15:47:58..648,5.60589516,0.000092,-0.0003128,0.00018735,0.00617116,-0.00003954,0.00161994,0.00450679,-0.00020007,-0.0023383,15:47:58..645,,,,
15:47:58..681,5.44557897,0.000084,-0.00031206,0.00018871,0.00617119,-0.00004007,0.00162538,0.00450158,-0.00020351,-0.00233928,15:47:58..691,,,,
15:47:58..808,5.68346751,0.000084,-0.00031223,0.00018827,0.00617112,-0.00003986,0.00162432,0.00450236,-0.00020343,-0.00233928,15:47:58..806,,,,
15:47:58..841,5.20251894,0.000027,-0.00031235,0.00018798,0.00616982,-0.00004057,0.00160376,0.00450431,-0.00020381,-0.00233775,15:47:58..849,,,,
15:47:58..961,5.12494659,0.000027,-0.00031231,0.00018789,0.00616999,-0.00004091,0.00160332,0.00450432,-0.00020378,-0.00233755,15:47:58..957,,,,
15:47:58..992,5.46109344,0.000026,-0.00031282,0.00018645,0.00616954,-0.00003988,0.00160719,0.00450347,-0.00020887,-0.00233753,15:47:59..002,,,,
15:47:59..119,5.49729387,0.000026,-0.00031297,0.00018687,0.00616903,-0.0000398,0.00160805,0.00450353,-0.00020834,-0.00233827,15:47:59..115,,,,
15:47:59..149,5.70415347,-0.000074,-0.0003134,0.00018603,0.00616943,-0.00003889,0.00163211,0.00450549,-0.00020295,-0.00233663,15:47:59..157,,,,
15:47:59..268,5.84895519,-0.000074,-0.00031371,0.00018574,0.00616925,-0.00003906,0.00163276,0.0045055,-0.00020277,-0.00233693,15:47:59..264,,,,
15:47:59..300,5.47143642,-0.000069,-0.00031359,0.00018603,0.00616976,-0.00003892,0.00160768,0.00450304,-0.00020357,-0.00233748,15:47:59..300,,,,
15:47:59..357,5.03703126,-0.000044,-0.00031344,0.00018584,0.00616906,-0.00003902,0.00160719,0.00450318,-0.00020407,-0.00233779,15:47:59..396,,,,
15:47:59..413,5.19734745,-0.000044,-0.00031348,0.0001856,0.00616981,-0.0000394,0.00160731,0.00450345,-0.00020394,-0.00233844,15:47:59..396,,,,
15:47:59..447,5.47143642,0.000062,-0.00031284,0.00018713,0.00617021,-0.00003951,0.00166333,0.00450571,-0.00019268,-0.00233345,15:47:59..483,,,,
15:47:59..555,5.62140963,0.000062,-0.00031272,0.00018782,0.00617033,-0.00003919,0.00166361,0.00450666,-0.00019275,-0.00233332,15:47:59..552,,,,
15:47:59..587,5.71966794,0.000079,-0.00031308,0.00018708,0.00617026,-0.0000392,0.00164925,0.00450741,-0.00019598,-0.00233606,15:47:59..552,,,,
15:47:59..644,5.54383728,0.000092,-0.00031323,0.00018668,0.00616985,-0.00003883,0.00164895,0.00450696,-0.00019597,-0.00233664,15:47:59..705,,,,
15:47:59..739,5.43523599,0.000092,-0.00031318,0.00018631,0.00616928,-0.00003957,0.00164981,0.00450709,-0.00019536,-0.00233591,15:47:59..705,,,,
15:47:59..772,5.15080404,0.000065,-0.00031355,0.00018765,0.00616963,-0.0000398,0.00163765,0.00450812,-0.00019716,-0.00233958,15:47:59..793,,,,
15:47:59..952,5.24389086,0.000065,-0.00031372,0.00018758,0.00617013,-0.00003991,0.00163742,0.00450735,-0.00019696,-0.00233998,15:47:59..948,,,,
15:47:59..984,5.7403539,0.000083,-0.00031255,0.00018729,0.00616956,-0.00004008,0.00164079,0.00450685,-0.00019654,-0.00233864,15:47:59..993,,,,
15:48:00..119,5.47660791,0.000083,-0.00031268,0.00018745,0.00616975,-0.00004013,0.00164065,0.00450709,-0.00019651,-0.00233901,15:48:00..115,,,,
15:48:00..152,5.08874616,-0.000015,-0.00031255,0.0001883,0.00616792,-0.00004071,0.00164396,0.00450443,-0.00019773,-0.00234113,15:48:00..159,,,,
15:48:00..286,5.59038069,-0.000015,-0.00031195,0.0001884,0.00616849,-0.00004056,0.00164335,0.0045043,-0.00019757,-0.00234079,15:48:00..282,,,,
15:48:00..317,5.54383728,-0.000045,-0.00031084,0.00018833,0.00616953,-0.00004135,0.00165018,0.00450615,-0.00019573,-0.00233329,15:48:00..325,,,,
15:48:00..372,5.70932496,-0.000025,-0.00031108,0.0001885,0.00616861,-0.00004162,0.00165055,0.00450614,-0.00019546,-0.00233303,15:48:00..415,,,,
15:48:00..443,5.51280834,-0.000025,-0.00031162,0.00018837,0.00616793,-0.0000411,0.00165106,0.00450613,-0.00019551,-0.00233305,15:48:00..415,,,,
15:48:00..477,5.51797983,-0.000125,-0.00031165,0.00018809,0.0061703,-0.00004081,0.00165644,0.00450463,-0.00019405,-0.00233372,15:48:00..503,,,,
15:48:00..591,5.66795304,-0.000125,-0.00031209,0.00018766,0.00617013,-0.00004089,0.00165518,0.00450433,-0.00019398,-0.00233369,15:48:00..588,,,,
15:48:00..623,5.87998413,-0.000218,-0.00031245,0.00018759,0.00616856,-0.0000411,0.00159029,0.00450554,-0.00020181,-0.00233908,15:48:00..632,,,,
15:48:00..729,5.46626493,-0.000218,-0.00031229,0.00018738,0.00616862,-0.00004117,0.00159015,0.00450586,-0.00020205,-0.00233887,15:48:00..725,,,,
15:48:00..761,5.77655433,-0.00033,-0.00031249,0.00018777,0.00616986,-0.00004169,0.0015813,0.00450556,-0.00020186,-0.00234101,15:48:00..770,,,,
15:48:00..880,5.71966794,-0.00033,-0.00031219,0.00018799,0.00616957,-0.00004143,0.00158125,0.00450587,-0.000202,-0.00234102,15:48:00..876,,,,
15:48:00..911,5.63175261,-0.000313,-0.00031139,0.00018814,0.00616813,-0.00004112,0.00159616,0.00450608,-0.00020316,-0.0023397,15:48:00..919,,,,
15:48:00..975,5.54383728,-0.000274,-0.00031154,0.00018792,0.00616852,-0.00004112,0.00159611,0.00450647,-0.0002022,-0.00233954,15:48:01..019,,,,
15:48:01..078,5.32146321,-0.000274,-0.0003116,0.00018809,0.00616822,-0.00004146,0.00159551,0.00450608,-0.00020329,-0.00233996,15:48:01..076,,,,
15:48:01..110,5.51797983,-0.000274,-0.00031196,0.00018728,0.00616879,-0.000042,0.00154711,0.00451404,-0.00021074,-0.00234423,15:48:01..076,,,,
15:48:01..145,5.38352109,-0.000321,-0.00031199,0.00018737,0.0061687,-0.00004243,0.0015417,0.00451479,-0.00020887,-0.0023419,15:48:01..203,,,,
15:48:01..255,5.50763685,-0.000321,-0.00031252,0.00018737,0.00616834,-0.00004245,0.00154101,0.0045151,-0.00020973,-0.00234237,15:48:01..251,,,,
15:48:01..287,5.39903556,-0.000358,-0.00031185,0.00018782,0.00616758,-0.00004309,0.00158822,0.00450786,-0.00020322,-0.00233559,15:48:01..296,,,,
15:48:01..407,5.47660791,-0.000358,-0.00031211,0.00018773,0.00616662,-0.00004313,0.00158886,0.00450738,-0.00020297,-0.00233523,15:48:01..403,,,,
15:48:01..438,5.51280834,-0.000358,-0.00031193,0.00018666,0.00616722,-0.00004014,0.00162208,0.00450502,-0.00019691,-0.00233419,15:48:01..403,,,,
15:48:01..472,5.65243857,-0.000315,-0.00031109,0.0001876,0.00616754,-0.00004136,0.00162482,0.0045054,-0.00019508,-0.00233568,15:48:01..531,,,,
15:48:01..577,5.52315132,-0.00023,-0.00031131,0.00018772,0.00616743,-0.0000409,0.00162473,0.00450532,-0.00019489,-0.00233537,15:48:01..574,,,,
15:48:01..608,5.25423384,-0.000197,-0.00031241,0.0001878,0.00616772,-0.00004108,0.00158289,0.00450684,-0.00020277,-0.00234338,15:48:01..607,,,,
15:48:01..642,5.70415347,-0.000162,-0.00031266,0.00018705,0.00616765,-0.00004174,0.00157049,0.00450699,-0.00020428,-0.00234417,15:48:01..649,,,,
15:48:01..749,5.40420705,-0.000162,-0.00031274,0.00018723,0.00616823,-0.00004172,0.00157048,0.00450644,-0.00020391,-0.00234392,15:48:01..746,,,,
15:48:01..781,5.85412668,-0.000168,-0.00031292,0.00018889,0.00616792,-0.00004201,0.00157871,0.00451114,-0.00020204,-0.00234656,15:48:01..789,,,,
15:48:01..902,5.58003771,-0.000168,-0.00031245,0.00018869,0.00616847,-0.0000417,0.00157848,0.00451174,-0.0002022,-0.00234632,15:48:01..898,,,,
15:48:01..933,5.2749198,-0.000286,-0.00031279,0.00018784,0.00616802,-0.00004167,0.0015584,0.00451125,-0.00020195,-0.00234754,15:48:01..943,,,,
15:48:02..051,5.05254573,-0.000286,-0.00031328,0.00018797,0.00616755,-0.0000413,0.00155818,0.00451111,-0.00020297,-0.0023476,15:48:02..048,,,,
15:48:02..083,5.52832281,-0.000322,-0.00031355,0.00018734,0.00616741,-0.00004224,0.001563,0.00451659,-0.00020061,-0.00234634,15:48:02..092,,,,
15:48:02..176,5.5334943,-0.000322,-0.00031377,0.00018711,0.00616729,-0.0000416,0.00156403,0.00451644,-0.00020057,-0.00234708,15:48:02..173,,,,
15:48:02..209,6.01961436,-0.00037,-0.00031399,0.00018772,0.0061686,-0.00004172,0.00160091,0.0045132,-0.00020091,-0.00234835,15:48:02..218,,,,
15:48:02..337,5.49729387,-0.00037,-0.00031393,0.00018723,0.00616856,-0.00004123,0.00160082,0.00451268,-0.00020148,-0.00234851,15:48:02..333,,,,
15:48:02..369,4.82500017,-0.000374,-0.00031517,0.00018604,0.00616841,-0.00004136,0.00153954,0.0045171,-0.00020625,-0.00235177,15:48:02..376,,,,
15:48:02..438,3.98721879,-0.000346,-0.00031526,0.00018637,0.00616843,-0.00004202,0.00153819,0.00451628,-0.00020662,-0.00235219,15:48:02..478,,,,
15:48:02..519,4.9129155,-0.000346,-0.0003153,0.0001861,0.00616888,-0.0000414,0.00153827,0.00451749,-0.00020579,-0.00235235,15:48:02..478,,,,
15:48:02..553,4.72157037,-0.000325,-0.00031608,0.00018558,0.00616926,-0.00004323,0.0015511,0.004513,-0.00020487,-0.00234677,15:48:02..520,,,,
15:48:02..636,6.06098628,-0.000325,-0.00031629,0.00018582,0.00616908,-0.00004265,0.00155129,0.00451273,-0.00020437,-0.00234669,15:48:02..669,,,,
15:48:02..682,5.71449645,-0.000325,-0.0003157,0.00018624,0.00616875,-0.00004254,0.00155159,0.0045127,-0.00020419,-0.00234702,15:48:02..669,,,,
15:48:02..715,6.49021995,-0.000482,-0.00031497,0.00018632,0.0061695,-0.00004176,0.00161915,0.0045118,-0.00019545,-0.00234325,15:48:02..776,,,,
15:48:02..843,6.60916422,-0.000482,-0.00031457,0.00018658,0.00617032,-0.00004172,0.00161922,0.00451117,-0.00019528,-0.00234372,15:48:02..839,,,,
15:48:02..876,5.07323169,-0.00049,-0.00031555,0.00018604,0.00616991,-0.00004087,0.00161005,0.00451743,-0.00018989,-0.00234768,15:48:02..884,,,,
15:48:02..992,4.76811378,-0.00049,-0.00031584,0.00018569,0.0061692,-0.00004093,0.00160859,0.00451737,-0.00018999,-0.00234838,15:48:02..991,,,,
15:48:03..025,6.09201522,-0.000596,-0.00031439,0.00018656,0.00616957,-0.00004273,0.00157928,0.00450886,-0.00020022,-0.00234471,15:48:03..036,,,,
15:48:03..141,6.55744932,-0.000596,-0.00031439,0.00018642,0.00616975,-0.00004253,0.00157995,0.00450937,-0.00019993,-0.00234444,15:48:03..137,,,,
15:48:03..173,5.33697768,-0.000698,-0.00031432,0.00018613,0.00616866,-0.0000421,0.00162653,0.00450957,-0.00019117,-0.00234045,15:48:03..171,,,,
15:48:03..224,5.41455003,-0.000641,-0.00031458,0.0001855,0.0061682,-0.00004145,0.00162683,0.00451019,-0.00019068,-0.00234027,15:48:03..270,,,,
15:48:03..308,4.7060559,-0.000641,-0.00031486,0.00018541,0.00616864,-0.00004196,0.00162631,0.00450909,-0.00019009,-0.00234043,15:48:03..305,,,,
15:48:03..341,6.08167224,-0.000641,-0.0003133,0.00018681,0.00616955,-0.00004199,0.00161707,0.00450799,-0.00019435,-0.00234028,15:48:03..305,,,,
15:48:03..374,5.70415347,-0.000633,-0.00031342,0.00018638,0.00616971,-0.00004174,0.0016174,0.00450918,-0.00019403,-0.00234022,15:48:03..410,,,,
15:48:03..466,5.62140963,-0.000633,-0.00031356,0.00018643,0.00616905,-0.00004199,0.00161768,0.00450971,-0.00019426,-0.00234054,15:48:03..464,,,,
15:48:03..499,5.58003771,-0.000724,-0.00031431,0.00018624,0.00616844,-0.00004254,0.00160742,0.00451034,-0.0001942,-0.00234338,15:48:03..509,,,,
15:48:03..620,5.20251894,-0.000724,-0.0003142,0.00018626,0.00616803,-0.00004248,0.00160729,0.0045109,-0.00019402,-0.00234339,15:48:03..616,,,,
15:48:03..651,5.40420705,-0.000803,-0.00031336,0.00018671,0.00616788,-0.00004232,0.0016365,0.00450972,-0.00018668,-0.00233705,15:48:03..661,,,,
15:48:03..726,5.25423384,-0.000783,-0.00031405,0.00018638,0.00616786,-0.00004278,0.00163672,0.00450941,-0.00018714,-0.00233647,15:48:03..783,,,,
15:48:03..793,5.78172582,-0.000783,-0.00031374,0.00018663,0.00616888,-0.00004226,0.00163693,0.00450959,-0.00018751,-0.00233702,15:48:03..783,,,,
15:48:03..827,5.32146321,-0.000742,-0.00031452,0.00018614,0.00616747,-0.00004241,0.00158439,0.00451016,-0.00019565,-0.00234263,15:48:03..869,,,,
15:48:03..965,5.13011808,-0.000742,-0.00031487,0.00018596,0.00616728,-0.00004231,0.00158442,0.00451029,-0.00019614,-0.00234254,15:48:03..963,,,,
15:48:04..000,5.35249215,-0.000712,-0.00031458,0.00018587,0.00616793,-0.00004273,0.00158017,0.0045079,-0.00020114,-0.00234288,15:48:03..963,,,,
15:48:04..078,5.76103986,-0.000712,-0.00031504,0.00018568,0.00616766,-0.00004283,0.00157984,0.0045075,-0.00020111,-0.00234283,15:48:04..122,,,,
15:48:04..143,5.54383728,-0.000712,-0.00031457,0.00018568,0.00616792,-0.00004306,0.00158012,0.00450791,-0.00020105,-0.0023432,15:48:04..122,,,,
15:48:04..176,5.45592195,-0.000781,-0.0003145,0.0001854,0.00616724,-0.00004202,0.00161906,0.00451041,-0.00019274,-0.0023394,15:48:04..207,,,,
15:48:04..303,5.24906235,-0.000781,-0.00031441,0.00018505,0.00616711,-0.00004257,0.00161905,0.00451058,-0.00019253,-0.00233904,15:48:04..299,,,,
15:48:04..335,5.31112023,-0.000792,-0.00031488,0.00018493,0.00616812,-0.00004253,0.00160445,0.00450958,-0.00020272,-0.00234164,15:48:04..342,,,,
15:48:04..457,5.0163453,-0.000792,-0.00031472,0.00018535,0.00616809,-0.000043,0.00160439,0.00451008,-0.00020298,-0.0023415,15:48:04..453,,,,
15:48:04..488,5.49729387,-0.000808,-0.00031538,0.00018484,0.00616692,-0.00004289,0.00159186,0.0045106,-0.00019911,-0.00234153,15:48:04..498,,,,
15:48:04..622,5.63175261,-0.000808,-0.0003152,0.00018536,0.00616908,-0.00004315,0.00159184,0.00451057,-0.00019854,-0.00234172,15:48:04..618,,,,
15:48:04..653,5.2232049,-0.000649,-0.00031539,0.00018511,0.00616822,-0.0000429,0.00159185,0.00450917,-0.00020125,-0.00234259,15:48:04..662,,,,
15:48:04..721,5.29560576,-0.000591,-0.0003147,0.00018556,0.00616898,-0.00004294,0.00159208,0.0045093,-0.00020117,-0.00234261,15:48:04..765,,,,
15:48:04..774,5.29560576,-0.000591,-0.00031483,0.00018523,0.006169,-0.00004262,0.00159178,0.00450883,-0.00020152,-0.00234249,15:48:04..765,,,,
15:48:04..807,5.60589516,-0.000535,-0.00031534,0.00018504,0.00616968,-0.00004285,0.00158199,0.00450738,-0.00020186,-0.00234329,15:48:04..809,,,,
15:48:04..943,5.70932496,-0.000535,-0.00031546,0.00018449,0.00616949,-0.00004262,0.00158183,0.0045077,-0.00020164,-0.00234363,15:48:04..939,,,,
15:48:04..975,5.35249215,-0.000453,-0.00031606,0.00018567,0.00616844,-0.00004225,0.00165048,0.00451224,-0.00019358,-0.00233809,15:48:04..939,,,,
15:48:05..039,5.36800662,-0.000453,-0.00031587,0.00018537,0.00616826,-0.0000423,0.00165044,0.00451159,-0.00019311,-0.00233794,15:48:05..083,,,,
15:48:05..094,5.38869258,-0.000453,-0.00031586,0.00018533,0.00616831,-0.00004203,0.00165003,0.00451143,-0.00019409,-0.002339,15:48:05..083,,,,
15:48:05..126,5.5334943,-0.000358,-0.00031567,0.00018407,0.00616813,-0.00004173,0.00162145,0.00450617,-0.0001989,-0.00234161,15:48:05..128,,,,
15:48:05..174,5.69898198,-0.000305,-0.00031545,0.00018426,0.00616783,-0.00004198,0.00162097,0.00450633,-0.00019844,-0.00234187,15:48:05..211,,,,
15:48:05..248,5.77138284,-0.000305,-0.00031587,0.00018488,0.00616832,-0.00004139,0.00162151,0.00450656,-0.00019795,-0.00234107,15:48:05..211,,,,
15:48:05..281,5.6369241,-0.000231,-0.00031661,0.00018417,0.00616752,-0.00004203,0.00159093,0.00451269,-0.00019831,-0.00234701,15:48:05..255,,,,
15:48:05..315,5.61623814,-0.0001,-0.00031819,0.00018411,0.00616685,-0.00004208,0.00158798,0.00451504,-0.0001994,-0.00234687,15:48:05..370,,,,
15:48:05..421,5.49212238,-0.0001,-0.00031809,0.00018395,0.00616756,-0.00004168,0.00158813,0.00451536,-0.00019899,-0.00234659,15:48:05..416,,,,
15:48:05..453,5.54383728,-0.000016,-0.00031461,0.00018569,0.00616654,-0.00004253,0.00164976,0.00450009,-0.00021089,-0.002342,15:48:05..461,,,,
15:48:05..559,5.49212238,-0.000016,-0.00031528,0.00018531,0.00616659,-0.00004231,0.00164891,0.00450045,-0.00021142,-0.00234251,15:48:05..555,,,,
15:48:05..591,5.37317811,0.000029,-0.0003183,0.00018354,0.00616716,-0.00004225,0.00161694,0.00450961,-0.00019983,-0.00234735,15:48:05..600,,,,
15:48:05..716,5.32146321,0.000029,-0.00031796,0.00018351,0.00616776,-0.00004179,0.00161699,0.00450981,-0.0002006,-0.0023475,15:48:05..712,,,,
15:48:05..749,5.23354788,0.000049,-0.00031866,0.00018295,0.00616807,-0.00004157,0.00155756,0.00450626,-0.00021624,-0.00235221,15:48:05..823,,,,
15:48:05..870,5.47660791,0.000043,-0.00031846,0.00018304,0.00616814,-0.00004167,0.00155663,0.00450777,-0.00021597,-0.00235222,15:48:05..867,,,,
15:48:05..902,5.56452324,-0.000018,-0.00031926,0.00018226,0.00616822,-0.0000428,0.0015492,0.00451368,-0.00021493,-0.00235031,15:48:05..911,,,,
15:48:06..037,5.59038069,-0.000018,-0.00031935,0.00018253,0.00616807,-0.00004245,0.00154969,0.00451367,-0.00021479,-0.00235011,15:48:06..035,,,,
15:48:06..069,4.96980189,-0.000023,-0.00031901,0.00018115,0.00616842,-0.00004142,0.00155102,0.00450636,-0.00021472,-0.00234985,15:48:06..035,,,,
15:48:06..146,5.23354788,-0.000023,-0.00031889,0.0001817,0.00616817,-0.00004124,0.00155071,0.00450616,-0.00021471,-0.00234952,15:48:06..188,,,,
15:48:06..201,5.69898198,-0.000023,-0.00031896,0.00018121,0.00616762,-0.00004144,0.00155051,0.00450653,-0.00021438,-0.00234919,15:48:06..188,,,,
15:48:06..233,5.88515562,-0.000123,-0.00031697,0.00018273,0.00616744,-0.0000424,0.00157599,0.00450496,-0.00020864,-0.0023464,15:48:06..276,,,,
15:48:06..380,5.9472135,-0.000123,-0.0003173,0.00018285,0.00616744,-0.00004224,0.00157642,0.00450488,-0.00020843,-0.0023462,15:48:06..376,,,,
15:48:06..412,6.05581479,-0.000073,-0.00031839,0.00018315,0.00616882,-0.0000422,0.00154518,0.00451045,-0.0002083,-0.00235102,15:48:06..418,,,,
15:48:06..481,5.52315132,-0.000073,-0.00031835,0.00018352,0.00616848,-0.00004167,0.00154468,0.00451043,-0.0002083,-0.00235136,15:48:06..524,,,,
15:48:06..533,5.68346751,-0.000073,-0.00031847,0.00018289,0.00616753,-0.00004198,0.00154463,0.00451027,-0.00020828,-0.00235113,15:48:06..524,,,,
15:48:06..567,5.10943212,-0.000102,-0.00031779,0.00018328,0.00616888,-0.00004363,0.00155566,0.0045187,-0.00020599,-0.00234748,15:48:06..566,,,,
15:48:06..621,5.31112023,-0.000126,-0.00031755,0.00018308,0.0061691,-0.00004316,0.00155544,0.00451879,-0.00020562,-0.00234694,15:48:06..661,,,,
15:48:06..672,5.26974831,-0.000197,-0.00031739,0.00018286,0.00616854,-0.00004392,0.00155549,0.00451827,-0.00020616,-0.00234695,15:48:06..707,,,,
15:48:06..716,5.71449645,-0.000197,-0.00031777,0.00018314,0.00616888,-0.0000436,0.00155625,0.00451766,-0.00020622,-0.0023468,15:48:06..707,,,,
15:48:06..750,5.8437837,-0.000351,-0.00031791,0.00018215,0.00616704,-0.00004281,0.00157296,0.00450842,-0.0002066,-0.00234475,15:48:06..796,,,,
15:48:06..847,5.70932496,-0.000351,-0.00031783,0.00018241,0.00616767,-0.00004338,0.00157355,0.0045089,-0.00020593,-0.00234458,15:48:06..845,,,,
15:48:06..880,5.81792625,-0.000451,-0.00031829,0.00018199,0.00616691,-0.00004098,0.00158699,0.00450422,-0.00021195,-0.00235031,15:48:06..890,,,,
15:48:06..983,5.21286192,-0.000451,-0.00031864,0.00018241,0.0061669,-0.00004145,0.00158656,0.00450448,-0.00021206,-0.00235023,15:48:06..979,,,,
15:48:07..015,5.67312453,-0.000511,-0.00031883,0.00018151,0.00616858,-0.00004149,0.0015464,0.00451937,-0.00020916,-0.00234806,15:48:07..023,,,,
15:48:07..073,5.16114702,-0.000558,-0.00031848,0.00018109,0.00616823,-0.00004221,0.00154716,0.00451993,-0.00020934,-0.00234884,15:48:07..113,,,,
15:48:07..164,5.38869258,-0.000558,-0.00031824,0.00018219,0.00616865,-0.00004179,0.00154759,0.00451994,-0.00020923,-0.00234813,15:48:07..162,,,,
15:48:07..197,5.0680602,-0.000524,-0.00031918,0.00018357,0.00616953,-0.00004287,0.00161837,0.00450817,-0.00021255,-0.00235022,15:48:07..162,,,,
15:48:07..270,5.40420705,-0.000524,-0.0003189,0.00018336,0.0061696,-0.0000434,0.00161914,0.00450811,-0.00021299,-0.00235062,15:48:07..313,,,,
15:48:07..347,5.70932496,-0.000524,-0.00031939,0.00018372,0.00617046,-0.00004253,0.00161998,0.00450851,-0.00021232,-0.00234984,15:48:07..313,,,,
15:48:07..380,5.96272797,-0.000456,-0.00031826,0.00018189,0.006168,-0.00004046,0.00158911,0.00450848,-0.00021227,-0.00235283,15:48:07..401,,,,
15:48:07..504,5.41972152,-0.000456,-0.00031794,0.00018166,0.006168,-0.00004083,0.00158885,0.00450813,-0.00021234,-0.00235262,15:48:07..500,,,,
15:48:07..535,5.11460361,-0.000456,-0.00031853,0.00018192,0.00616745,-0.00004213,0.00158663,0.00450612,-0.00021072,-0.00235119,15:48:07..500,,,,
15:48:07..568,5.22837639,-0.000476,-0.00031886,0.00018241,0.00616649,-0.00004266,0.00159786,0.00450778,-0.00020989,-0.00235066,15:48:07..628,,,,
15:48:07..676,5.5334943,-0.000459,-0.00031869,0.00018269,0.00616697,-0.00004249,0.00159832,0.0045073,-0.00020967,-0.00234987,15:48:07..674,,,,
15:48:07..707,5.6369241,-0.000459,-0.00031807,0.00018345,0.00616757,-0.00004262,0.00161478,0.00450362,-0.00020702,-0.00234856,15:48:07..674,,,,
15:48:07..741,5.62140963,-0.000575,-0.00031842,0.0001823,0.00616784,-0.00004195,0.00159488,0.00450374,-0.00021142,-0.00235061,15:48:07..795,,,,
15:48:07..849,5.59038069,-0.000575,-0.00031818,0.00018207,0.00616802,-0.00004179,0.00159476,0.00450463,-0.00021155,-0.00235033,15:48:07..847,,,,
15:48:07..882,5.36283513,-0.0006,-0.00031707,0.00018221,0.00616618,-0.00004267,0.00161393,0.00450536,-0.00020339,-0.00234237,15:48:07..847,,,,
15:48:07..984,5.09908914,-0.000644,-0.00031751,0.00018174,0.00616625,-0.00004253,0.0016151,0.00450569,-0.00020317,-0.0023427,15:48:08..027,,,,
15:48:08..073,5.29560576,-0.000644,-0.00031714,0.0001817,0.00616707,-0.00004269,0.00161735,0.00450545,-0.00020277,-0.0023426,15:48:08..071,,,,
15:48:08..108,5.54900877,-0.000644,-0.00031825,0.00018241,0.00616783,-0.000042,0.00161264,0.00450747,-0.00020619,-0.00234847,15:48:08..071,,,,
15:48:08..141,5.45592195,-0.000713,-0.0003178,0.00018239,0.00616667,-0.00004241,0.00159321,0.00450663,-0.00020687,-0.002347,15:48:08..202,,,,
15:48:08..262,5.64209559,-0.000713,-0.0003177,0.0001828,0.00616748,-0.00004266,0.0015927,0.00450704,-0.00020704,-0.00234657,15:48:08..260,,,,
15:48:08..294,5.26974831,-0.000692,-0.00031851,0.00018181,0.00616715,-0.00004353,0.00156099,0.00451423,-0.00021435,-0.002351,15:48:08..303,,,,
15:48:08..423,5.54383728,-0.000692,-0.00031849,0.000182,0.00616795,-0.00004303,0.00156108,0.00451404,-0.00021447,-0.0023512,15:48:08..419,,,,
15:48:08..455,5.66278155,-0.000597,-0.00031869,0.00018259,0.0061702,-0.00004321,0.0015643,0.00452468,-0.00021122,-0.00235071,15:48:08..462,,,,
15:48:08..568,5.3783496,-0.000597,-0.00031868,0.00018291,0.00617032,-0.00004273,0.00156471,0.00452554,-0.00021146,-0.00235045,15:48:08..564,,,,
15:48:08..601,5.43523599,-0.000421,-0.00031924,0.00018295,0.0061712,-0.00004237,0.00157395,0.00450916,-0.00020807,-0.00235053,15:48:08..606,,,,
15:48:08..739,5.39903556,-0.000421,-0.00031939,0.00018254,0.00617107,-0.00004253,0.0015742,0.00450839,-0.00020854,-0.00235117,15:48:08..735,,,,
15:48:08..772,5.51797983,-0.000251,-0.00031833,0.00018193,0.00617044,-0.00004196,0.00154811,0.00451299,-0.00020735,-0.00235188,15:48:08..735,,,,
15:48:08..860,5.59555218,-0.000251,-0.00031839,0.00018199,0.00616982,-0.00004223,0.00154828,0.00451325,-0.00020715,-0.00235171,15:48:08..896,,,,
15:48:08..914,5.15597553,-0.000251,-0.00031876,0.00018155,0.006171,-0.00004267,0.00154803,0.00451348,-0.00020728,-0.00235111,15:48:08..896,,,,
15:48:08..948,5.30594874,-0.00014,-0.00031953,0.00018169,0.00616889,-0.00004459,0.00155641,0.00452064,-0.00020782,-0.00235076,15:48:08..986,,,,
15:48:09..086,5.42489301,-0.00014,-0.00031958,0.00018216,0.00616851,-0.00004381,0.00155603,0.00452005,-0.00020796,-0.00235151,15:48:09..082,,,,
15:48:09..119,5.5852092,-0.00014,-0.00031893,0.0001819,0.00616991,-0.00004221,0.00155272,0.00451592,-0.00020678,-0.00235124,15:48:09..128,,,,
15:48:09..247,5.82309774,-0.00014,-0.00031878,0.00018117,0.00617054,-0.0000425,0.00155295,0.00451674,-0.00020709,-0.00235097,15:48:09..245,,,,
15:48:09..281,5.31629172,-0.000117,-0.00031928,0.0001807,0.00617053,-0.00004364,0.00155706,0.00452398,-0.00020468,-0.00234743,15:48:09..288,,,,
15:48:09..402,5.21803341,-0.000117,-0.0003194,0.0001811,0.00617073,-0.0000431,0.00155706,0.00452379,-0.00020501,-0.00234774,15:48:09..398,,,,
15:48:09..437,5.96272797,-0.000118,-0.00031896,0.00018268,0.00617008,-0.00004328,0.00158957,0.00450429,-0.00020765,-0.0023465,15:48:09..440,,,,
15:48:09..543,5.79724029,-0.000118,-0.0003192,0.00018196,0.00616978,-0.00004315,0.0015896,0.00450471,-0.00020759,-0.00234619,15:48:09..541,,,,
15:48:09..576,5.50763685,-0.000119,-0.00031898,0.0001813,0.00617043,-0.00004132,0.0015518,0.00450746,-0.00019924,-0.00235057,15:48:09..616,,,,
15:48:09..700,5.03703126,-0.000119,-0.00031886,0.00018091,0.00617053,-0.00004137,0.00155125,0.0045071,-0.00019897,-0.00235129,15:48:09..697,,,,
15:48:09..731,4.93877295,-0.000071,-0.00031923,0.00018119,0.00617037,-0.00004226,0.00156195,0.00450668,-0.00020363,-0.00234977,15:48:09..739,,,,
15:48:09..816,5.56452324,-0.000071,-0.0003194,0.00018101,0.00617007,-0.00004219,0.00156149,0.0045069,-0.0002035,-0.00234995,15:48:09..844,,,,
15:48:09..865,5.48695089,-0.000071,-0.00031969,0.00018086,0.00616972,-0.00004233,0.00156123,0.00450683,-0.0002032,-0.00235005,15:48:09..844,,,,
15:48:09..900,5.97824244,-0.000135,-0.00031891,0.00018304,0.00616886,-0.00004405,0.00158518,0.00450186,-0.0002,-0.00233964,15:48:09..934,,,,
15:48:10..042,5.02151679,-0.000135,-0.00031856,0.00018274,0.00616941,-0.00004403,0.00158565,0.00450207,-0.00020003,-0.00233963,15:48:10..040,,,,
15:48:10..075,5.01117381,-0.000135,-0.00031822,0.00018237,0.00616953,-0.000042,0.00159469,0.0045064,-0.00020522,-0.00234935,15:48:10..040,,,,
15:48:10..110,5.23871937,-0.000198,-0.00031851,0.00018205,0.00616977,-0.00004229,0.0016005,0.00450541,-0.00020199,-0.00234759,15:48:10..160,,,,
15:48:10..217,5.96789946,-0.000198,-0.00031869,0.0001816,0.00616975,-0.00004223,0.00160064,0.00450557,-0.0002012,-0.0023471,15:48:10..226,,,,
15:48:10..250,5.13528957,-0.000198,-0.00031743,0.00018296,0.00617,-0.00004197,0.00165247,0.00450316,-0.0001907,-0.00233702,15:48:10..226,,,,
15:48:10..285,5.65243857,-0.000319,-0.00031773,0.00018182,0.00616891,-0.00004205,0.00162583,0.0045011,-0.00020046,-0.00233949,15:48:10..333,,,,
15:48:10..385,5.66278155,-0.000319,-0.00031819,0.00018063,0.00616907,-0.00004238,0.00162639,0.00450062,-0.00020023,-0.00233976,15:48:10..385,,,,
15:48:10..420,5.85929817,-0.000327,-0.00031906,0.00018066,0.00616884,-0.00004301,0.00158332,0.00450809,-0.00020724,-0.00234396,15:48:10..427,,,,
15:48:10..497,5.62658112,-0.000327,-0.0003186,0.00018049,0.00616843,-0.0000432,0.00158342,0.00450828,-0.00020705,-0.00234401,15:48:10..540,,,,
15:48:10..550,5.14563255,-0.000327,-0.00031876,0.00018077,0.00616945,-0.00004297,0.00158463,0.00450831,-0.00020678,-0.00234337,15:48:10..540,,,,
15:48:10..584,5.55935175,-0.000313,-0.00031947,0.00018237,0.00616999,-0.00004234,0.0015964,0.00450544,-0.00020553,-0.00234727,15:48:10..648,,,,
15:48:10..694,5.78172582,-0.000318,-0.0003196,0.0001825,0.00617045,-0.00004254,0.00159618,0.00450577,-0.00020479,-0.0023471,15:48:10..691,,,,
15:48:10..726,5.69898198,-0.000353,-0.00031793,0.0001821,0.00617022,-0.00004302,0.00159265,0.00450395,-0.00019528,-0.00234333,15:48:10..733,,,,
15:48:10..801,5.63175261,-0.000353,-0.00031744,0.00018227,0.00617053,-0.00004267,0.00159254,0.00450383,-0.00019534,-0.00234294,15:48:10..830,,,,
15:48:10..844,5.23871937,-0.000353,-0.00031796,0.0001823,0.00617065,-0.00004298,0.00159338,0.00450391,-0.00019505,-0.00234298,15:48:10..830,,,,
15:48:10..878,5.61106665,-0.000455,-0.00031907,0.00018099,0.00616982,-0.00004239,0.00157518,0.00450496,-0.00021176,-0.00234814,15:48:10..915,,,,
15:48:11..015,5.45075046,-0.000455,-0.00031931,0.00018124,0.00617028,-0.0000426,0.00157518,0.00450508,-0.00021242,-0.00234811,15:48:11..012,,,,
15:48:11..048,5.37317811,-0.000613,-0.0003183,0.00018199,0.00617015,-0.00004367,0.00159428,0.00450141,-0.00020788,-0.00234199,15:48:11..056,,,,
15:48:11..126,5.59555218,-0.000613,-0.00031794,0.0001824,0.0061705,-0.00004358,0.00159386,0.0045015,-0.0002078,-0.00234214,15:48:11..166,,,,
15:48:11..180,5.61106665,-0.000613,-0.00031849,0.00018221,0.00617048,-0.00004346,0.00159438,0.0045011,-0.00020797,-0.00234205,15:48:11..166,,,,
15:48:11..215,5.64209559,-0.000657,-0.00031743,0.00018227,0.00616858,-0.00004276,0.00161555,0.00450113,-0.00020482,-0.00233944,15:48:11..252,,,,
15:48:11..341,5.67829602,-0.000657,-0.00031732,0.00018199,0.0061688,-0.00004276,0.00161589,0.00450106,-0.00020493,-0.00233928,15:48:11..338,,,,
15:48:11..373,5.71449645,-0.000676,-0.00031654,0.00018288,0.00616798,-0.00004355,0.00161978,0.00449901,-0.00020151,-0.00233482,15:48:11..338,,,,
15:48:11..447,5.4300645,-0.000676,-0.00031635,0.00018323,0.00616836,-0.00004386,0.00161928,0.00449919,-0.00020141,-0.00233424,15:48:11..496,,,,
15:48:11..541,5.53866579,-0.000688,-0.00031665,0.00018359,0.00616777,-0.00004331,0.00161877,0.00449892,-0.0002019,-0.00233511,15:48:11..540,,,,
15:48:11..574,5.41455003,-0.000657,-0.00031751,0.00018341,0.00616864,-0.00004271,0.00164324,0.00450399,-0.00019169,-0.00233621,15:48:11..583,,,,
15:48:11..661,5.20251894,-0.000657,-0.00031745,0.00018328,0.00616897,-0.00004357,0.00164391,0.00450356,-0.00019142,-0.00233622,15:48:11..706,,,,
15:48:11..716,5.72483943,-0.000657,-0.00031742,0.00018351,0.00616921,-0.00004316,0.00164446,0.00450331,-0.00019182,-0.00233625,15:48:11..706,,,,
15:48:11..749,5.52315132,-0.00069,-0.00031703,0.00018155,0.00616815,-0.00004332,0.00159787,0.00450022,-0.000202,-0.00232984,15:48:11..750,,,,
15:48:11..819,5.21803341,-0.00069,-0.00031708,0.00018135,0.00616799,-0.00004281,0.00159851,0.00449993,-0.00020264,-0.00232953,15:48:11..870,,,,
15:48:11..880,5.26974831,-0.00069,-0.00031716,0.00018072,0.00616705,-0.00004345,0.00159831,0.00449946,-0.00020216,-0.0023292,15:48:11..870,,,,
15:48:11..913,5.17666149,-0.000689,-0.00031806,0.00018342,0.00616891,-0.00004376,0.00160907,0.0045046,-0.00020395,-0.00234329,15:48:11..917,,,,
15:48:12..082,5.51280834,-0.000689,-0.00031818,0.00018252,0.0061688,-0.00004353,0.00160926,0.00450471,-0.00020401,-0.00234345,15:48:12..079,,,,
15:48:12..114,5.65243857,-0.000793,-0.00031844,0.00018214,0.00616963,-0.00004154,0.00157727,0.0045034,-0.00021322,-0.0023508,15:48:12..079,,,,
15:48:12..202,5.47660791,-0.000793,-0.00031867,0.00018198,0.00616968,-0.00004159,0.0015769,0.00450311,-0.00021354,-0.00235074,15:48:12..242,,,,
15:48:12..277,5.46626493,-0.000793,-0.00031822,0.00018247,0.00616938,-0.00004165,0.00157698,0.00450387,-0.00021329,-0.00235106,15:48:12..242,,,,
15:48:12..309,5.23871937,-0.000696,-0.0003193,0.00018164,0.00617024,-0.000044,0.00157698,0.00450183,-0.00019576,-0.00233593,15:48:12..329,,,,
15:48:12..460,5.78172582,-0.000696,-0.00032012,0.00018144,0.00616979,-0.00004426,0.00157831,0.00450116,-0.00019608,-0.00233603,15:48:12..456,,,,
15:48:12..491,5.2232049,-0.000837,-0.00031821,0.00018221,0.00617022,-0.00004317,0.00155321,0.00450625,-0.00019443,-0.00234073,15:48:12..500,,,,
15:48:12..598,4.76811378,-0.000837,-0.00031849,0.00018167,0.00616919,-0.00004373,0.00155373,0.00450659,-0.00019538,-0.00234103,15:48:12..626,,,,
15:48:12..647,5.10426063,-0.000837,-0.00031889,0.00018192,0.00616892,-0.00004326,0.00155462,0.00450604,-0.00019484,-0.00234145,15:48:12..626,,,,
15:48:12..681,5.76103986,-0.000775,-0.00031795,0.00018133,0.00616844,-0.00004282,0.00154713,0.00451698,-0.00020453,-0.0023366,15:48:12..715,,,,
15:48:12..813,6.09718671,-0.000775,-0.00031801,0.00018092,0.00616934,-0.0000436,0.00154735,0.00451748,-0.00020418,-0.00233609,15:48:12..809,,,,
15:48:12..845,5.8437837,-0.000744,-0.00031759,0.00018604,0.0061706,-0.000045,0.00159039,0.00450253,-0.0002057,-0.00234494,15:48:12..809,,,,
15:48:12..932,5.78172582,-0.000744,-0.0003174,0.00018601,0.00617116,-0.0000454,0.0015901,0.00450192,-0.00020651,-0.00234516,15:48:12..958,,,,
15:48:12..990,5.62140963,-0.000744,-0.00031778,0.00018612,0.00617076,-0.00004475,0.00159006,0.00450171,-0.00020602,-0.00234517,15:48:12..958,,,,
15:48:13..022,5.55935175,-0.00058,-0.00031707,0.00018287,0.00617008,-0.00004162,0.00154712,0.0045052,-0.0001973,-0.00235119,15:48:13..048,,,,
15:48:13..190,5.55418026,-0.00058,-0.00031734,0.0001827,0.006169,-0.00004163,0.00154663,0.0045056,-0.00019744,-0.0023516,15:48:13..186,,,,
15:48:13..222,5.51797983,-0.00031,-0.00032182,0.00018294,0.00617132,-0.00004217,0.00158786,0.00451289,-0.0001993,-0.00235334,15:48:13..228,,,,
15:48:13..298,5.43523599,-0.00031,-0.000322,0.00018273,0.00617253,-0.00004225,0.0015883,0.0045123,-0.00019966,-0.00235327,15:48:13..335,,,,
15:48:13..345,5.66278155,-0.00031,-0.00032153,0.00018266,0.00617204,-0.0000424,0.00158919,0.00451275,-0.00019994,-0.00235269,15:48:13..335,,,,
15:48:13..379,5.688639,-0.000199,-0.00031993,0.00018102,0.00616838,-0.00004285,0.00159518,0.00451192,-0.00020381,-0.00234255,15:48:13..413,,,,
15:48:13..502,5.39386407,-0.000199,-0.00031994,0.0001808,0.00616865,-0.00004304,0.00159695,0.00451148,-0.0002033,-0.0023424,15:48:13..498,,,,
15:48:13..535,5.47143642,-0.00015,-0.0003199,0.00018179,0.00616755,-0.000042,0.00157603,0.0045011,-0.00020752,-0.00234926,15:48:13..498,,,,
15:48:13..600,5.60589516,-0.00015,-0.00031998,0.00018108,0.00616724,-0.00004185,0.00157533,0.00450061,-0.00020738,-0.00234908,15:48:13..639,,,,
15:48:13..650,5.65243857,-0.000209,-0.00032012,0.0001812,0.00616807,-0.00004201,0.00157462,0.00450077,-0.00020714,-0.00234933,15:48:13..639,,,,
15:48:13..715,5.39903556,-0.000225,-0.00032042,0.00018114,0.00616794,-0.00004232,0.00157405,0.00450035,-0.00020706,-0.00234898,15:48:13..725,,,,
15:48:13..761,5.49212238,-0.000225,-0.00031996,0.000181,0.0061674,-0.00004243,0.00157289,0.00450061,-0.00020653,-0.00234846,15:48:13..725,,,,
15:48:13..795,4.8612006,-0.000249,-0.0003205,0.00018239,0.00616983,-0.00004272,0.00160048,0.00450738,-0.00020393,-0.00235174,15:48:13..812,,,,
15:48:13..936,4.654341,-0.000249,-0.00032026,0.00018231,0.0061704,-0.00004289,0.00160174,0.00450716,-0.00020419,-0.0023516,15:48:13..934,,,,
15:48:13..969,6.16441608,-0.000315,-0.00031693,0.0001861,0.00616973,-0.00004336,0.00167869,0.0045096,-0.00018963,-0.00233541,15:48:13..979,,,,
15:48:14..064,6.00409989,-0.000315,-0.00031705,0.0001861,0.00616877,-0.00004352,0.00167726,0.00450965,-0.00019031,-0.00233585,15:48:14..112,,,,
15:48:14..122,5.03185977,-0.000315,-0.00031712,0.00018632,0.00616945,-0.00004357,0.00167601,0.00450849,-0.00019068,-0.00233637,15:48:14..112,,,,
15:48:14..154,4.74225633,-0.000315,-0.00031802,0.00018332,0.006171,-0.00004298,0.00154769,0.004509,-0.00021189,-0.0023538,15:48:14..112,,,,
15:48:14..189,5.18700447,-0.000219,-0.00031845,0.00018227,0.00617045,-0.00004354,0.00154552,0.0045107,-0.00021071,-0.00235119,15:48:14..254,,,,
15:48:14..332,5.20769043,-0.000219,-0.00031786,0.0001823,0.00617118,-0.00004385,0.00154575,0.00451106,-0.00021101,-0.00235103,15:48:14..330,,,,
15:48:14..365,5.87481264,-0.000249,-0.00031754,0.00018478,0.00616948,-0.00004495,0.00157201,0.00450082,-0.00020944,-0.0023487,15:48:14..368,,,,
15:48:14..493,6.13338714,-0.000249,-0.00031775,0.00018423,0.0061693,-0.00004536,0.00157216,0.00450137,-0.0002089,-0.00234921,15:48:14..489,,,,
15:48:14..525,5.13528957,-0.000234,-0.00031831,0.00018241,0.00616721,-0.00004339,0.00156543,0.00451092,-0.00021339,-0.00234773,15:48:14..532,,,,
15:48:14..643,5.39903556,-0.000234,-0.00031814,0.0001826,0.0061677,-0.0000435,0.00156577,0.00451074,-0.00021259,-0.00234775,15:48:14..639,,,,
15:48:14..673,5.21803341,-0.000234,-0.0003175,0.00018321,0.0061683,-0.00004471,0.00156307,0.00450196,-0.00021148,-0.00234491,15:48:14..639,,,,
15:48:14..706,6.0506433,-0.000327,-0.00031786,0.00018309,0.00616768,-0.00004447,0.00156297,0.0045031,-0.00021672,-0.00234758,15:48:14..765,,,,
15:48:14..826,6.88842468,-0.000327,-0.00031738,0.00018347,0.00616796,-0.00004451,0.00156278,0.00450341,-0.00021671,-0.00234724,15:48:14..841,,,,
15:48:14..858,6.19027353,-0.000327,-0.00031785,0.00018257,0.00616804,-0.0000455,0.00154497,0.00450245,-0.00020641,-0.00234098,15:48:14..841,,,,
15:48:14..891,6.16441608,-0.000452,-0.00031788,0.00018349,0.00616773,-0.00004526,0.00157155,0.00450366,-0.00021311,-0.00234355,15:48:14..885,,,,
15:48:14..926,4.94911593,-0.000521,-0.00031724,0.00018339,0.00616786,-0.00004419,0.00155994,0.0045043,-0.00021382,-0.00234726,15:48:14..989,,,,
15:48:15..064,4.62331206,-0.000521,-0.00031763,0.00018344,0.00616783,-0.00004465,0.00155969,0.00450434,-0.00021341,-0.00234749,15:48:15..060,,,,
15:48:15..096,4.22510733,-0.000631,-0.00031826,0.00018209,0.00616735,-0.00004453,0.00153379,0.00451001,-0.00021036,-0.00234324,15:48:15..060,,,,
15:48:15..177,4.0854771,-0.000631,-0.00031784,0.00018196,0.00616795,-0.00004466,0.0015342,0.00451111,-0.00021052,-0.0023435,15:48:15..214,,,,
15:48:15..234,5.82309774,-0.000631,-0.00031786,0.00018206,0.00616762,-0.00004469,0.00153417,0.00451087,-0.00021082,-0.00234335,15:48:15..214,,,,
15:48:15..269,5.29560576,-0.00063,-0.00031894,0.00018223,0.00616617,-0.00004558,0.00153642,0.00451049,-0.00021321,-0.00234689,15:48:15..299,,,,
15:48:15..410,5.95238499,-0.00063,-0.00031883,0.00018226,0.00616659,-0.00004539,0.00153686,0.00451022,-0.00021336,-0.00234671,15:48:15..406,,,,
15:48:15..442,5.36283513,-0.000644,-0.00031899,0.00018154,0.00616736,-0.00004454,0.00154035,0.0045047,-0.000208,-0.00234394,15:48:15..448,,,,
15:48:15..516,5.4817794,-0.000644,-0.00031888,0.00018136,0.00616727,-0.00004465,0.00154044,0.00450499,-0.00020823,-0.00234384,15:48:15..559,,,,
15:48:15..601,5.20769043,-0.000644,-0.00031836,0.00018176,0.00616698,-0.00004424,0.00154026,0.0045053,-0.00020816,-0.00234412,15:48:15..559,,,,
15:48:15..634,5.45075046,-0.00069,-0.00031993,0.00018117,0.00616623,-0.00004455,0.00156039,0.00450613,-0.0002071,-0.00234747,15:48:15..602,,,,
15:48:15..722,5.51280834,-0.00069,-0.00031972,0.000181,0.0061671,-0.00004442,0.00156039,0.00450682,-0.00020724,-0.00234671,15:48:15..766,,,,
15:48:15..777,5.58003771,-0.00069,-0.0003197,0.00018086,0.00616678,-0.00004442,0.00156042,0.00450611,-0.00020709,-0.00234699,15:48:15..766,,,,
15:48:15..809,5.65243857,-0.00061,-0.00031908,0.00018146,0.00616717,-0.00004445,0.00155406,0.00450509,-0.0002135,-0.0023461,15:48:15..809,,,,
15:48:15..892,5.20769043,-0.00061,-0.00031887,0.00018158,0.00616768,-0.00004399,0.00155462,0.00450531,-0.00021323,-0.00234672,15:48:15..852,,,,
15:48:15..925,5.82309774,-0.000609,-0.000319,0.0001817,0.00616834,-0.00004327,0.00154674,0.00450494,-0.00021261,-0.00234738,15:48:15..895,,,,
15:48:15..960,5.3266347,-0.000507,-0.00031869,0.00018096,0.00616648,-0.00004423,0.00155308,0.00450725,-0.00020752,-0.00234566,15:48:16..010,,,,
15:48:16..075,4.98531636,-0.000507,-0.00031872,0.00018088,0.00616677,-0.0000441,0.00155266,0.00450771,-0.00020755,-0.00234521,15:48:16..073,,,,
15:48:16..107,5.02668828,-0.000442,-0.00031916,0.00018141,0.00616798,-0.00004505,0.00155116,0.00450638,-0.00020594,-0.00234363,15:48:16..117,,,,
15:48:16..234,5.58003771,-0.000442,-0.00031903,0.00018203,0.0061679,-0.00004478,0.00155175,0.00450664,-0.00020575,-0.00234374,15:48:16..230,,,,
15:48:16..267,5.52315132,-0.000407,-0.00031847,0.00018222,0.00616859,-0.00004407,0.00156234,0.00450458,-0.00021337,-0.00234646,15:48:16..272,,,,
15:48:16..381,5.81792625,-0.000407,-0.00031831,0.00018211,0.00616836,-0.00004399,0.00156219,0.0045049,-0.00021339,-0.00234669,15:48:16..377,,,,
15:48:16..414,5.34732066,-0.000322,-0.00031844,0.00018149,0.00616876,-0.00004413,0.00156064,0.00450619,-0.00020637,-0.00234542,15:48:16..377,,,,
15:48:16..500,5.55418026,-0.000322,-0.00031871,0.00018135,0.00616859,-0.00004421,0.00156064,0.00450596,-0.0002064,-0.00234514,15:48:16..527,,,,
15:48:16..536,5.37317811,-0.000322,-0.0003186,0.00018101,0.00616827,-0.00004432,0.001561,0.00450554,-0.00020673,-0.00234506,15:48:16..527,,,,
15:48:16..571,5.33180619,-0.000302,-0.00031958,0.00018149,0.00616872,-0.00004413,0.00156887,0.00450644,-0.00020693,-0.00234583,15:48:16..572,,,,
15:48:16..685,5.4817794,-0.000302,-0.00031886,0.00018144,0.00616849,-0.00004425,0.00156935,0.00450605,-0.00020731,-0.00234567,15:48:16..681,,,,
15:48:16..716,5.2749198,-0.000187,-0.00031874,0.00018148,0.00616711,-0.00004433,0.00154501,0.00450496,-0.00021105,-0.00234694,15:48:16..727,,,,
15:48:16..827,5.41455003,-0.000187,-0.00031874,0.00018145,0.00616721,-0.00004484,0.00154508,0.00450505,-0.00021079,-0.00234668,15:48:16..823,,,,
15:48:16..859,5.10943212,-0.00017,-0.00031863,0.00018086,0.00616715,-0.00004444,0.00155416,0.00450518,-0.00020888,-0.00234651,15:48:16..823,,,,
15:48:16..947,5.65243857,-0.00017,-0.00031842,0.00018106,0.00616706,-0.00004443,0.00155462,0.00450512,-0.00020868,-0.00234637,15:48:16..998,,,,
15:48:17..021,5.03703126,-0.00017,-0.00031818,0.00018124,0.00616748,-0.00004465,0.00155452,0.00450564,-0.00020851,-0.00234587,15:48:16..998,,,,
15:48:17..055,5.71966794,-0.000245,-0.00031868,0.0001814,0.0061684,-0.00004456,0.00156398,0.00450374,-0.00020816,-0.00234704,15:48:17..042,,,,
15:48:17..089,5.16114702,-0.000296,-0.00031895,0.00018117,0.00616885,-0.0000442,0.00157116,0.00450876,-0.00019983,-0.00234554,15:48:17..135,,,,
15:48:17..182,5.29043427,-0.000285,-0.00031884,0.0001812,0.00616826,-0.00004427,0.00157161,0.00450898,-0.00019961,-0.00234551,15:48:17..179,,,,
15:48:17..214,5.17149,-0.000282,-0.00031917,0.00018122,0.00616823,-0.00004378,0.00157509,0.00450703,-0.00019994,-0.00234472,15:48:17..222,,,,
15:48:17..292,5.36800662,-0.000282,-0.0003191,0.00018148,0.0061686,-0.00004406,0.00157444,0.00450715,-0.00019993,-0.00234456,15:48:17..328,,,,
15:48:17..373,5.54383728,-0.000239,-0.00031942,0.00018132,0.0061681,-0.00004417,0.00157365,0.00450684,-0.0002001,-0.00234499,15:48:17..328,,,,
15:48:17..407,5.41972152,-0.000278,-0.00031843,0.00018146,0.00616743,-0.00004382,0.00160263,0.00450912,-0.00019997,-0.00234339,15:48:17..373,,,,
15:48:17..498,5.46109344,-0.000278,-0.00031848,0.00018106,0.00616771,-0.00004383,0.00160351,0.00450964,-0.00019984,-0.00234391,15:48:17..540,,,,
15:48:17..560,5.30077725,-0.000278,-0.00031864,0.0001812,0.00616735,-0.00004382,0.00160455,0.00450994,-0.00019937,-0.00234424,15:48:17..540,,,,
15:48:17..593,5.74552539,-0.000403,-0.00031862,0.0001824,0.00616771,-0.00004276,0.00166041,0.00451386,-0.00018796,-0.00234071,15:48:17..629,,,,
15:48:17..728,5.56452324,-0.000403,-0.00031867,0.00018234,0.0061679,-0.00004287,0.0016605,0.00451402,-0.00018842,-0.00234049,15:48:17..724,,,,
15:48:17..761,5.5852092,-0.000536,-0.0003186,0.00018187,0.00616858,-0.00004279,0.00164389,0.00450979,-0.00019058,-0.00234498,15:48:17..767,,,,
15:48:17..866,5.18700447,-0.000536,-0.00031871,0.00018206,0.00616903,-0.0000422,0.00164406,0.00451058,-0.00019036,-0.00234417,15:48:17..862,,,,
15:48:17..896,5.55418026,-0.000554,-0.00031996,0.00018031,0.00616824,-0.00004405,0.00154419,0.00450917,-0.0002047,-0.00234614,15:48:17..862,,,,
15:48:17..975,5.16114702,-0.000554,-0.00032007,0.00018023,0.00616804,-0.00004379,0.00154368,0.00450932,-0.00020535,-0.00234614,15:48:18..016,,,,
15:48:18..056,5.77655433,-0.000554,-0.00031923,0.00018059,0.00616848,-0.00004413,0.00154355,0.00450927,-0.00020534,-0.00234611,15:48:18..016,,,,
15:48:18..089,5.20251894,-0.000557,-0.00031971,0.00018085,0.00616845,-0.00004523,0.00153109,0.00451056,-0.00021314,-0.00234546,15:48:18..061,,,,
15:48:18..156,5.61106665,-0.000557,-0.0003189,0.00018134,0.00616813,-0.00004507,0.00153137,0.00451069,-0.00021354,-0.00234615,15:48:18..204,,,,
15:48:18..212,5.30594874,-0.000557,-0.0003187,0.00018133,0.00616827,-0.00004509,0.0015314,0.00451054,-0.00021348,-0.00234579,15:48:18..204,,,,
15:48:18..246,5.55935175,-0.000477,-0.00031903,0.00017889,0.00616728,-0.0000447,0.00153914,0.00450664,-0.00020634,-0.00234517,15:48:18..248,,,,
15:48:18..356,5.78689731,-0.000477,-0.00031889,0.00017887,0.00616787,-0.00004469,0.00154085,0.00450716,-0.00020579,-0.00234519,15:48:18..352,,,,
15:48:18..388,5.76621135,-0.000417,-0.00032,0.00018057,0.0061706,-0.00004358,0.00161281,0.00450661,-0.00019338,-0.00234305,15:48:18..352,,,,
15:48:18..459,5.58003771,-0.00031,-0.00031914,0.00018045,0.00617048,-0.00004375,0.00161235,0.00450681,-0.00019359,-0.00234341,15:48:18..502,,,,
15:48:18..560,5.36283513,-0.00031,-0.00031946,0.00018073,0.00617078,-0.00004354,0.00161196,0.00450655,-0.00019358,-0.00234309,15:48:18..561,,,,
15:48:18..593,5.35766364,-0.000267,-0.00031894,0.00018056,0.00617036,-0.00004359,0.00162576,0.0045102,-0.00018725,-0.0023414,15:48:18..605,,,,
15:48:18..694,5.28526278,-0.000267,-0.0003187,0.00018056,0.00617056,-0.00004334,0.00162622,0.00451034,-0.00018701,-0.00234167,15:48:18..696,,,,
15:48:18..728,5.53866579,-0.000301,-0.00031859,0.00018087,0.00616866,-0.00004345,0.00164275,0.00450971,-0.00018714,-0.00234026,15:48:18..758,,,,
15:48:18..835,5.46109344,-0.000301,-0.00031874,0.00018086,0.00616851,-0.00004343,0.00164222,0.00450964,-0.00018672,-0.00234048,15:48:18..758,,,,
15:48:18..869,5.3783496,-0.000406,-0.0003187,0.00017995,0.00616813,-0.00004404,0.00161474,0.00450916,-0.0001954,-0.00234135,15:48:18..839,,,,
15:48:18..946,5.31629172,-0.000465,-0.00031879,0.00018018,0.00616815,-0.00004378,0.00161565,0.00450875,-0.00019408,-0.0023415,15:48:18..990,,,,
15:48:19..052,5.08874616,-0.000465,-0.00031902,0.00018057,0.00616793,-0.00004397,0.00161611,0.00450948,-0.00019403,-0.00234187,15:48:19..051,,,,
15:48:19..086,5.66795304,-0.000545,-0.00031845,0.00018058,0.00616868,-0.00004341,0.0016248,0.00450537,-0.0001961,-0.00234245,15:48:19..093,,,,
15:48:19..183,5.29560576,-0.000545,-0.00031857,0.00018094,0.0061685,-0.00004352,0.00162565,0.00450519,-0.00019588,-0.00234247,15:48:19..181,,,,
15:48:19..218,5.65243857,-0.000656,-0.00031866,0.00018159,0.00616808,-0.00004413,0.00161294,0.00450519,-0.00019284,-0.00234229,15:48:19..181,,,,
15:48:19..279,5.29043427,-0.000675,-0.00031858,0.00018148,0.00616775,-0.0000443,0.00161219,0.00450517,-0.00019315,-0.00234281,15:48:19..319,,,,
15:48:19..387,5.4300645,-0.000675,-0.00031886,0.0001814,0.00616814,-0.00004412,0.0016116,0.00450505,-0.00019343,-0.00234291,15:48:19..385,,,,
15:48:19..422,5.29560576,-0.000641,-0.00031945,0.00018095,0.00616702,-0.00004452,0.00160685,0.00450738,-0.00019579,-0.00234273,15:48:19..385,,,,
15:48:19..506,5.41972152,-0.000622,-0.00031937,0.00018079,0.00616603,-0.00004423,0.00160561,0.00450682,-0.00019641,-0.00234294,15:48:19..552,,,,
15:48:19..619,5.24906235,-0.000622,-0.00031938,0.00018088,0.0061661,-0.00004412,0.00160495,0.00450648,-0.00019595,-0.00234245,15:48:19..618,,,,
15:48:19..653,5.73518241,-0.000586,-0.00031867,0.00017888,0.0061696,-0.00004495,0.00151589,0.00451927,-0.00020315,-0.00233681,15:48:19..618,,,,
15:48:19..718,5.1197751,-0.000586,-0.00031878,0.00017862,0.00616915,-0.00004502,0.0015161,0.0045195,-0.00020297,-0.00233716,15:48:19..766,,,,
15:48:19..800,5.5334943,-0.000586,-0.00031862,0.00017882,0.00616858,-0.00004529,0.00151591,0.00451992,-0.00020297,-0.00233667,15:48:19..766,,,,
15:48:19..834,5.32146321,-0.000381,-0.00031893,0.00018152,0.00616979,-0.00004472,0.00160115,0.00455081,-0.00018113,-0.00233333,15:48:19..856,,,,
15:48:19..957,5.49212238,-0.000381,-0.00031915,0.00018135,0.0061697,-0.00004509,0.00160223,0.00455142,-0.00018108,-0.00233321,15:48:19..956,,,,
15:48:19..992,5.70415347,-0.000171,-0.00031742,0.00017943,0.00616926,-0.00004471,0.00155544,0.00453187,-0.00019829,-0.00233718,15:48:20..031,,,,
15:48:20..121,5.64209559,-0.000171,-0.00031808,0.00017962,0.00616952,-0.00004463,0.00155481,0.00453163,-0.00019846,-0.00233739,15:48:20..122,,,,
15:48:20..155,5.55935175,-0.000028,-0.00031867,0.00018007,0.00616826,-0.00004567,0.00153851,0.00452278,-0.00020029,-0.00233875,15:48:20..168,,,,
15:48:20..257,5.50246536,-0.000028,-0.00031822,0.00017996,0.00616822,-0.00004548,0.00153845,0.00452331,-0.00020015,-0.00233882,15:48:20..255,,,,
15:48:20..290,5.688639,0.000088,-0.00031864,0.00018046,0.00616839,-0.00004589,0.00152836,0.00452207,-0.00020214,-0.00234239,15:48:20..299,,,,
15:48:20..430,5.51797983,0.000088,-0.00031873,0.0001804,0.00616817,-0.00004593,0.00152744,0.00452232,-0.00020231,-0.00234314,15:48:20..426,,,,
15:48:20..461,5.43523599,0.000134,-0.00031935,0.00017945,0.00616787,-0.00004579,0.00152094,0.00450781,-0.00020946,-0.00234411,15:48:20..426,,,,
15:48:20..539,5.41972152,0.000134,-0.00031883,0.00017965,0.00616854,-0.00004562,0.00152138,0.00450754,-0.00020955,-0.00234416,15:48:20..578,,,,
15:48:20..625,5.35249215,0.000147,-0.0003191,0.00017946,0.00616752,-0.0000458,0.00152145,0.0045072,-0.00020966,-0.00234424,15:48:20..622,,,,
15:48:20..661,5.36283513,0.000189,-0.00031842,0.00017912,0.00616808,-0.00004493,0.00157954,0.00450058,-0.00020347,-0.00234323,15:48:20..622,,,,
15:48:20..736,5.44040748,0.000189,-0.00031815,0.00017981,0.00616775,-0.00004443,0.00158012,0.00450065,-0.00020315,-0.00234282,15:48:20..766,,,,
15:48:20..777,5.47660791,0.000189,-0.00031805,0.00017991,0.00616748,-0.00004493,0.0015797,0.00450086,-0.00020287,-0.00234309,15:48:20..766,,,,
15:48:20..808,5.66278155,0.000132,-0.00031877,0.00017955,0.00616829,-0.0000442,0.00154642,0.00450364,-0.00020894,-0.00234523,15:48:20..843,,,,
15:48:20..921,5.40937854,0.000132,-0.00031855,0.00017981,0.00616831,-0.00004474,0.00154653,0.00450375,-0.00020896,-0.00234456,15:48:20..918,,,,
15:48:20..953,5.40420705,-0.000006,-0.00031936,0.00017964,0.00616741,-0.00004647,0.00151372,0.00450749,-0.00020691,-0.00234527,15:48:20..962,,,,
15:48:21..092,5.3783496,-0.000006,-0.00031907,0.00017919,0.00616755,-0.00004585,0.00151365,0.00450739,-0.00020644,-0.00234495,15:48:21..088,,,,
15:48:21..125,5.35766364,-0.000105,-0.00031911,0.00018015,0.00616925,-0.00004613,0.00155057,0.00450171,-0.00021133,-0.00234536,15:48:21..133,,,,
15:48:21..243,5.35249215,-0.000105,-0.00031906,0.00018053,0.00616898,-0.0000458,0.00155014,0.0045018,-0.00021144,-0.00234547,15:48:21..239,,,,
15:48:21..275,5.46109344,-0.000203,-0.00031813,0.00017948,0.00616941,-0.00004469,0.00154214,0.00450076,-0.00020958,-0.00234357,15:48:21..283,,,,
15:48:21..391,5.38352109,-0.000203,-0.00031773,0.00017956,0.00616947,-0.00004486,0.00154158,0.00450073,-0.00020969,-0.00234351,15:48:21..387,,,,
15:48:21..422,5.59038069,-0.000214,-0.00031875,0.00017979,0.00616786,-0.00004545,0.0015524,0.00450456,-0.00020571,-0.00234356,15:48:21..430,,,,
15:48:21..536,5.31629172,-0.000214,-0.00031903,0.00017933,0.00616818,-0.0000457,0.00155313,0.00450444,-0.00020597,-0.00234396,15:48:21..532,,,,
15:48:21..568,5.25940533,-0.000203,-0.00031923,0.00017972,0.00616932,-0.00004571,0.00154865,0.00450292,-0.00020796,-0.00234393,15:48:21..532,,,,
15:48:21..663,5.20769043,-0.000203,-0.00031939,0.00018006,0.00616874,-0.00004593,0.001548,0.00450274,-0.00020798,-0.0023444,15:48:21..700,,,,
15:48:21..710,5.4300645,-0.000203,-0.0003189,0.00017955,0.00616886,-0.00004585,0.00154689,0.00450286,-0.00020808,-0.00234424,15:48:21..700,,,,
15:48:21..746,5.38352109,-0.000257,-0.00031855,0.00017941,0.00616897,-0.00004529,0.00154348,0.00450184,-0.00021106,-0.00234508,15:48:21..816,,,,
15:48:21..867,5.56969473,-0.000257,-0.00031876,0.00017967,0.00616932,-0.0000449,0.00154354,0.00450195,-0.00021031,-0.00234515,15:48:21..866,,,,
15:48:21..900,5.43523599,-0.000258,-0.00031916,0.00017962,0.00616746,-0.00004578,0.00154269,0.00450375,-0.00020698,-0.00234316,15:48:21..909,,,,
15:48:21..993,5.5852092,-0.000258,-0.000319,0.00017998,0.00616812,-0.0000456,0.00154244,0.00450355,-0.00020695,-0.00234321,15:48:21..992,,,,
15:48:22..026,5.39386407,-0.000241,-0.00031989,0.00017939,0.00616705,-0.00004607,0.0015406,0.00450407,-0.00020911,-0.00234571,15:48:22..036,,,,
15:48:22..131,5.7403539,-0.000241,-0.00031924,0.00017994,0.0061668,-0.00004559,0.00154056,0.00450392,-0.00020931,-0.00234511,15:48:22..129,,,,
15:48:22..163,5.65761006,-0.000196,-0.00031892,0.00017978,0.00616653,-0.00004525,0.0015512,0.00450142,-0.00020981,-0.00234455,15:48:22..173,,,,
15:48:22..277,5.81792625,-0.000196,-0.00031903,0.00017974,0.00616666,-0.00004578,0.001551,0.00450162,-0.00020965,-0.00234437,15:48:22..273,,,,
15:48:22..310,5.80241178,-0.000232,-0.00031914,0.00017973,0.0061684,-0.00004569,0.00153623,0.00450407,-0.00020976,-0.00234567,15:48:22..319,,,,
15:48:22..446,5.58003771,-0.000232,-0.00031904,0.00017926,0.00616845,-0.00004566,0.00153555,0.00450356,-0.0002094,-0.00234604,15:48:22..441,,,,
15:48:22..479,5.54383728,-0.000227,-0.00031934,0.00017896,0.00616736,-0.00004598,0.00153757,0.0045036,-0.00021127,-0.00234589,15:48:22..487,,,,
15:48:22..611,5.41455003,-0.000227,-0.00031947,0.00017926,0.00616789,-0.0000458,0.00153821,0.00450409,-0.00021153,-0.00234545,15:48:22..609,,,,
15:48:22..643,5.44040748,-0.00022,-0.00031915,0.00017937,0.00616745,-0.00004577,0.00153007,0.00450411,-0.00020991,-0.00234512,15:48:22..653,,,,
15:48:22..762,5.24906235,-0.00022,-0.00031922,0.00017966,0.00616799,-0.00004569,0.00153005,0.00450391,-0.00021013,-0.00234485,15:48:22..758,,,,
15:48:22..794,5.33697768,-0.000218,-0.00031927,0.00017936,0.00616793,-0.00004605,0.00153521,0.00450423,-0.00021142,-0.0023452,15:48:22..800,,,,
15:48:22..864,5.28009129,-0.000218,-0.00031917,0.00017918,0.00616862,-0.0000454,0.00153596,0.00450426,-0.00021111,-0.00234552,15:48:22..900,,,,
15:48:22..920,5.47660791,-0.000218,-0.00031899,0.00017963,0.00616856,-0.00004533,0.001536,0.00450433,-0.00021128,-0.00234514,15:48:22..900,,,,
15:48:22..953,5.75069688,-0.000282,-0.00031911,0.00017925,0.00616879,-0.00004539,0.00154419,0.00450448,-0.00020915,-0.00234447,15:48:22..986,,,,
15:48:23..101,5.65761006,-0.000282,-0.00031968,0.00017926,0.00616829,-0.00004589,0.00154329,0.00450433,-0.00020901,-0.00234444,15:48:23..100,,,,
15:48:23..137,5.39903556,-0.000337,-0.00031922,0.00017912,0.0061674,-0.00004606,0.00153737,0.00450184,-0.00021157,-0.00234473,15:48:23..100,,,,
15:48:23..210,5.38352109,-0.000337,-0.00031903,0.00017919,0.00616796,-0.00004538,0.00153766,0.0045022,-0.00021121,-0.00234485,15:48:23..252,,,,
15:48:23..289,5.35249215,-0.000337,-0.00031875,0.00017908,0.00616777,-0.00004541,0.00153832,0.00450203,-0.00021108,-0.00234501,15:48:23..252,,,,
15:48:23..320,5.52315132,-0.000249,-0.00031927,0.00017927,0.00616714,-0.00004604,0.00153011,0.00450282,-0.00021124,-0.00234499,15:48:23..297,,,,
15:48:23..355,5.59038069,-0.00014,-0.0003192,0.00017965,0.00616807,-0.00004539,0.00153223,0.00450515,-0.00021196,-0.00234714,15:48:23..423,,,,
15:48:23..476,5.67312453,-0.00014,-0.00031944,0.00017936,0.00616806,-0.00004539,0.00153252,0.00450532,-0.00021207,-0.00234703,15:48:23..473,,,,
15:48:23..509,5.57486622,-0.000155,-0.00031912,0.00017958,0.00617023,-0.00004628,0.00153752,0.00450255,-0.00021088,-0.00234357,15:48:23..515,,,,
15:48:23..616,5.67829602,-0.000155,-0.00031899,0.00017929,0.00617024,-0.00004617,0.00153727,0.00450266,-0.00021032,-0.00234368,15:48:23..612,,,,
15:48:23..648,5.66278155,-0.000076,-0.00031951,0.0001797,0.00616945,-0.00004548,0.00153297,0.00450386,-0.00021081,-0.00234468,15:48:23..656,,,,
15:48:23..776,5.55418026,-0.000076,-0.00031964,0.00017994,0.0061694,-0.00004617,0.00153298,0.0045038,-0.00021091,-0.00234549,15:48:23..772,,,,
15:48:23..809,5.32146321,-0.000019,-0.00031907,0.0001792,0.00617082,-0.00004543,0.00154226,0.00450245,-0.00020674,-0.00234465,15:48:23..772,,,,
15:48:23..901,5.52315132,-0.000019,-0.000319,0.00017947,0.00617001,-0.00004563,0.00154209,0.00450265,-0.00020647,-0.00234478,15:48:23..938,,,,
15:48:23..956,8.60535936,-0.000019,-0.00031918,0.00017907,0.00617083,-0.00004602,0.00154218,0.00450162,-0.00020646,-0.00234469,15:48:23..938,,,,
15:48:23..989,37.34332929,0.001491,-0.00031845,0.00017942,0.00617128,-0.00004533,0.0015302,0.00450236,-0.00021041,-0.0023456,15:48:24..025,,,,
15:48:24..132,24.75592263,0.001491,-0.00031914,0.0001797,0.00617076,-0.00004511,0.00153038,0.00450253,-0.00021032,-0.00234542,15:48:24..128,,,,
15:48:24..165,10.17749232,0.013413,-0.00031889,0.00017805,0.00616966,-0.00004436,0.00153102,0.00450356,-0.00020812,-0.00234322,15:48:24..174,,,,
15:48:24..298,8.36229933,0.013413,-0.00031929,0.00017821,0.00616923,-0.0000445,0.00153088,0.00450382,-0.00020779,-0.00234335,15:48:24..297,,,,
15:48:24..332,13.93199406,0.050665,-0.00031647,0.00017811,0.00616585,-0.00004298,0.00154224,0.00450927,-0.00020709,-0.00233787,15:48:24..340,,,,
15:48:24..468,14.55774435,0.050665,-0.00031706,0.00017813,0.00616507,-0.00004271,0.00154199,0.00450941,-0.00020673,-0.00233805,15:48:24..466,,,,
15:48:24..499,14.80080438,0.08823,-0.00030995,0.00018036,0.00616128,-0.00004217,0.00156732,0.00452533,-0.00020466,-0.0023274,15:48:24..466,,,,
15:48:24..561,15.14212272,0.08823,-0.00030949,0.00018088,0.00616197,-0.00004209,0.00156787,0.00452581,-0.00020447,-0.00232697,15:48:24..601,,,,
15:48:24..613,15.62307129,0.08823,-0.00030946,0.00018051,0.00616192,-0.00004235,0.00156772,0.00452548,-0.00020468,-0.00232692,15:48:24..601,,,,
15:48:24..646,17.7899256,0.140418,-0.00029563,0.00018584,0.0061606,-0.00004095,0.00158992,0.0045452,-0.00020303,-0.00232078,15:48:24..687,,,,
15:48:24..807,18.52944867,0.140418,-0.00029511,0.00018608,0.00616035,-0.00004091,0.00159016,0.00454501,-0.00020312,-0.00231952,15:48:24..804,,,,
15:48:24..840,23.4785646,0.175973,-0.00026785,0.00020321,0.00615707,-0.00004047,0.00161791,0.00458024,-0.00019198,-0.00231069,15:48:24..848,,,,
15:48:24..939,24.36806088,0.206361,-0.00026776,0.00020353,0.00615694,-0.00004088,0.00161807,0.00458021,-0.00019247,-0.00231054,15:48:24..991,,,,
15:48:25..045,28.67591205,0.206361,-0.00026717,0.00020382,0.00615646,-0.00004097,0.00161872,0.00458056,-0.00019256,-0.00231052,15:48:25..042,,,,
15:48:25..077,32.56487253,0.223215,-0.00023495,0.00022973,0.00615656,-0.00003964,0.00165516,0.00462416,-0.00018625,-0.0023066,15:48:25..042,,,,
15:48:25..149,34.03874718,0.223215,-0.00023502,0.00023023,0.00615681,-0.00003895,0.00165611,0.00462454,-0.00018602,-0.00230671,15:48:25..201,,,,
15:48:25..212,37.234728,0.223215,-0.00023498,0.00023025,0.00615711,-0.00003916,0.00165649,0.00462452,-0.00018616,-0.00230613,15:48:25..201,,,,
15:48:25..246,39.07060695,0.248351,-0.00020988,0.00025235,0.00615573,-0.00003786,0.0016894,0.00466538,-0.00018317,-0.00230628,15:48:25..290,,,,
15:48:25..429,40.15661985,0.248351,-0.00021008,0.00025221,0.00615616,-0.00003792,0.00169004,0.00466581,-0.00018236,-0.00230586,15:48:25..425,,,,
15:48:25..460,47.55185055,0.259849,-0.00018985,0.00027172,0.00615593,-0.00003551,0.00170794,0.00470877,-0.00017721,-0.00230758,15:48:25..470,,,,
15:48:25..551,48.56546259,0.259849,-0.00018972,0.00027176,0.0061558,-0.00003571,0.00170808,0.00470869,-0.00017737,-0.00230765,15:48:25..598,,,,
15:48:25..633,51.33738123,0.259849,-0.00018945,0.0002713,0.00615603,-0.00003561,0.00170729,0.00470883,-0.00017738,-0.002308,15:48:25..598,,,,
15:48:25..666,53.76798153,0.266629,-0.00016274,0.000293,0.00615723,-0.00003489,0.00173053,0.00474628,-0.00017409,-0.00230706,15:48:25..684,,,,
15:48:25..767,54.58507695,0.266629,-0.00016277,0.00029268,0.00615642,-0.00003518,0.00173019,0.00474622,-0.00017405,-0.00230741,15:48:25..811,,,,
15:48:25..831,56.37441249,0.266629,-0.00016285,0.00029275,0.0061564,-0.00003498,0.00173101,0.00474634,-0.00017383,-0.00230714,15:48:25..811,,,,
15:48:25..866,57.87414459,0.263,-0.00015056,0.00030548,0.00615629,-0.0000335,0.0017464,0.00477095,-0.00017408,-0.00230888,15:48:25..888,,,,
15:48:26..008,58.48438041,0.263,-0.00015087,0.00030566,0.00615676,-0.00003383,0.00174636,0.00477155,-0.0001738,-0.00230886,15:48:26..006,,,,
15:48:26..044,60.10305678,0.257172,-0.00014875,0.00030864,0.00615636,-0.00003251,0.00175099,0.00478402,-0.00017301,-0.0023102,15:48:26..050,,,,
15:48:26..136,60.5581479,0.257172,-0.00014867,0.00030884,0.00615575,-0.00003298,0.00175013,0.00478382,-0.00017321,-0.00231012,15:48:26..187,,,,
15:48:26..223,61.32869991,0.257172,-0.00014891,0.00030864,0.00615566,-0.00003331,0.0017507,0.00478381,-0.00017306,-0.00231024,15:48:26..187,,,,
15:48:26..255,61.48384461,0.247392,-0.00014276,0.00031481,0.00615653,-0.00003236,0.00175179,0.00479557,-0.00017145,-0.00231136,15:48:26..229,,,,
15:48:26..339,61.61313186,0.247392,-0.00014251,0.00031486,0.00615647,-0.00003213,0.00175168,0.00479518,-0.0001714,-0.00231106,15:48:26..385,,,,
15:48:26..395,63.52658316,0.247392,-0.00014254,0.00031436,0.00615661,-0.00003214,0.00175193,0.00479571,-0.00017111,-0.00231124,15:48:26..385,,,,
15:48:26..428,62.35782642,0.236959,-0.00013706,0.00031721,0.00615575,-0.00003226,0.00174809,0.00479764,-0.00016962,-0.00230542,15:48:26..429,,,,
15:48:26..531,64.91771397,0.236959,-0.00013717,0.00031748,0.00615573,-0.00003193,0.00174819,0.0047969,-0.00016977,-0.00230606,15:48:26..527,,,,
15:48:26..564,61.08046839,0.231693,-0.00013915,0.00031668,0.00615539,-0.00003282,0.00174861,0.00479908,-0.00017003,-0.00230915,15:48:26..573,,,,
15:48:26..686,62.34748344,0.231693,-0.0001395,0.00031642,0.00615595,-0.00003324,0.00174905,0.00479874,-0.00017092,-0.00230901,15:48:26..682,,,,
15:48:26..718,60.83223687,0.221757,-0.00013699,0.00031716,0.00615586,-0.00003238,0.00174987,0.00480035,-0.00016742,-0.0023104,15:48:26..726,,,,
15:48:26..837,59.13598815,0.221757,-0.00013698,0.00031695,0.00615665,-0.00003275,0.00174996,0.00480061,-0.00016747,-0.00231046,15:48:26..832,,,,
15:48:26..868,58.60332468,0.21474,-0.00013816,0.00031715,0.00615725,-0.00003208,0.00175495,0.00480187,-0.00016677,-0.0023135,15:48:26..874,,,,
15:48:26..937,55.50560217,0.210023,-0.0001384,0.0003172,0.00615693,-0.00003203,0.00175493,0.0048024,-0.00016703,-0.00231335,15:48:26..977,,,,
15:48:27..030,55.96586478,0.210023,-0.00013852,0.00031699,0.00615679,-0.00003181,0.0017552,0.00480223,-0.00016726,-0.00231341,15:48:27..031,,,,
15:48:27..063,62.09408043,0.206005,-0.00014836,0.00031959,0.00616499,-0.00002945,0.00175808,0.00479333,-0.00017507,-0.00231873,15:48:27..031,,,,
15:48:27..137,58.82569875,0.206005,-0.00014794,0.00031968,0.00616537,-0.00002946,0.00175872,0.00479347,-0.00017482,-0.00231881,15:48:27..184,,,,
15:48:27..199,63.37143846,0.206005,-0.00014809,0.00031962,0.0061653,-0.00002953,0.0017582,0.00479398,-0.00017465,-0.00231921,15:48:27..184,,,,
15:48:27..233,63.30938058,0.200418,-0.0001396,0.00032864,0.00616608,-0.00002827,0.00177227,0.0048042,-0.00017549,-0.00232272,15:48:27..270,,,,
15:48:27..373,60.67192068,0.200418,-0.00013963,0.00032848,0.00616633,-0.0000279,0.00177278,0.00480443,-0.00017558,-0.00232299,15:48:27..369,,,,
15:48:27..405,61.76827656,0.198501,-0.00013648,0.0003335,0.0061682,-0.00002771,0.00177847,0.00481155,-0.00017311,-0.00232453,15:48:27..411,,,,
15:48:27..520,63.70241382,0.198501,-0.00013648,0.00033359,0.00616859,-0.00002762,0.00177883,0.0048112,-0.00017336,-0.00232458,15:48:27..516,,,,
15:48:27..553,62.76120264,0.196082,-0.00013587,0.00033508,0.006169,-0.00002733,0.00177882,0.00481521,-0.00017471,-0.00232351,15:48:27..559,,,,
15:48:27..673,64.126476,0.196082,-0.00013615,0.00033506,0.00616818,-0.00002709,0.00177895,0.00481514,-0.00017422,-0.00232329,15:48:27..669,,,,
15:48:27..704,64.33850709,0.193492,-0.00013901,0.0003339,0.0061687,-0.00002802,0.00177383,0.00481672,-0.00017478,-0.00232317,15:48:27..712,,,,
15:48:27..822,63.72827127,0.193492,-0.00013864,0.00033437,0.00616889,-0.00002747,0.00177322,0.004816,-0.0001748,-0.00232357,15:48:27..818,,,,
15:48:27..854,62.9370333,0.190989,-0.00013915,0.00033483,0.00616982,-0.00002765,0.0017754,0.00481377,-0.00017728,-0.0023243,15:48:27..864,,,,
15:48:27..979,64.32816411,0.190989,-0.00013951,0.00033454,0.00616901,-0.00002772,0.00177559,0.00481374,-0.00017712,-0.00232404,15:48:27..974,,,,
15:48:28..011,64.62293904,0.188265,-0.0001411,0.00033401,0.00616934,-0.00002759,0.0017791,0.00481156,-0.00017588,-0.00232496,15:48:28..018,,,,
15:48:28..137,63.99718875,0.188265,-0.00014079,0.00033397,0.00616957,-0.00002714,0.00177891,0.00481176,-0.00017546,-0.00232535,15:48:28..133,,,,
15:48:28..168,63.94547385,0.186738,-0.00014141,0.00033328,0.00616825,-0.00002687,0.00178319,0.00481377,-0.00017742,-0.00232611,15:48:28..133,,,,
15:48:28..252,64.06441812,0.186738,-0.00014169,0.00033364,0.00616908,-0.00002681,0.00178234,0.00481389,-0.00017695,-0.00232649,15:48:28..295,,,,
15:48:28..305,64.16267643,0.186738,-0.00014127,0.00033303,0.00616822,-0.00002711,0.00178292,0.00481362,-0.00017717,-0.00232613,15:48:28..295,,,,
15:48:28..338,63.60415551,0.185743,-0.00013949,0.00033475,0.00616917,-0.00002682,0.00178629,0.00481119,-0.0001764,-0.00232525,15:48:28..338,,,,
15:48:28..372,62.99909118,0.184813,-0.00013854,0.00033425,0.00616872,-0.00002679,0.00178475,0.00481163,-0.00017302,-0.00232383,15:48:28..381,,,,
15:48:28..478,63.42315336,0.184813,-0.00013878,0.00033435,0.00616744,-0.00002716,0.00178516,0.00481094,-0.00017334,-0.0023242,15:48:28..474,,,,
15:48:28..508,63.87307299,0.183775,-0.0001384,0.00033598,0.00616931,-0.00002622,0.0017884,0.00480965,-0.00017231,-0.00232697,15:48:28..517,,,,
15:48:28..629,63.99201726,0.183775,-0.00013845,0.00033545,0.00616913,-0.00002637,0.00178869,0.00481006,-0.00017167,-0.00232719,15:48:28..624,,,,
15:48:28..660,64.71602586,0.182897,-0.00013841,0.00033663,0.00616894,-0.00002504,0.0018027,0.00480797,-0.0001706,-0.00233168,15:48:28..668,,,,
15:48:28..784,64.46262285,0.182897,-0.00013846,0.00033624,0.00616914,-0.00002477,0.00180285,0.00480718,-0.00017075,-0.00233176,15:48:28..780,,,,
15:48:28..816,64.63845351,0.182216,-0.00013384,0.00034088,0.00616842,-0.0000244,0.00182328,0.00480343,-0.00016301,-0.00233268,15:48:28..824,,,,
15:48:28..911,64.04373216,0.182216,-0.00013424,0.0003409,0.00616907,-0.00002379,0.00182322,0.00480312,-0.00016263,-0.00233309,15:48:28..961,,,,
15:48:28..969,64.70568288,0.182216,-0.00013448,0.00034047,0.0061689,-0.00002406,0.0018233,0.00480287,-0.00016268,-0.00233278,15:48:28..961,,,,
15:48:29..001,64.87634205,0.181446,-0.00013587,0.00034068,0.00616865,-0.00002412,0.00180215,0.0048076,-0.00016946,-0.00232862,15:48:29..005,,,,
15:48:29..140,65.08837314,0.181446,-0.00013559,0.00034064,0.00616832,-0.00002427,0.00180256,0.00480763,-0.00016929,-0.0023281,15:48:29..136,,,,
15:48:29..172,64.84014162,0.180286,-0.00013727,0.00033878,0.00616908,-0.00002429,0.00178369,0.00481113,-0.00017356,-0.0023228,15:48:29..136,,,,
15:48:29..273,64.49882328,0.180286,-0.00013767,0.00033913,0.00616934,-0.00002458,0.00178394,0.00481078,-0.00017377,-0.00232227,15:48:29..317,,,,
15:48:29..327,64.24024878,0.180286,-0.00013714,0.00033895,0.00616905,-0.00002442,0.00178349,0.00481069,-0.00017311,-0.00232236,15:48:29..317,,,,
15:48:29..360,64.26610623,0.179076,-0.0001372,0.0003389,0.00616838,-0.00002409,0.00178863,0.00480738,-0.00017511,-0.0023238,15:48:29..414,,,,
15:48:29..466,63.61966998,0.179076,-0.00013692,0.00033851,0.00616934,-0.00002412,0.00178885,0.00480731,-0.00017469,-0.00232369,15:48:29..461,,,,
15:48:29..498,63.83687256,0.178865,-0.00013578,0.00034057,0.00617051,-0.00002498,0.00177985,0.00480989,-0.00017736,-0.00232098,15:48:29..507,,,,
15:48:29..569,63.53175465,0.178505,-0.00013568,0.00034035,0.00617044,-0.00002516,0.0017794,0.00481009,-0.00017723,-0.00232086,15:48:29..614,,,,
15:48:29..624,64.43159391,0.178505,-0.00013601,0.00034032,0.00616928,-0.0000249,0.00177951,0.00480951,-0.0001778,-0.00232074,15:48:29..614,,,,
15:48:29..656,63.71792829,0.178324,-0.00013203,0.00034271,0.00617015,-0.00002565,0.00178029,0.00480751,-0.00017283,-0.00232099,15:48:29..657,,,,
15:48:29..690,64.19887686,0.178145,-0.00013378,0.00034129,0.00616958,-0.00002454,0.00178039,0.00480896,-0.00017658,-0.00232059,15:48:29..700,,,,
15:48:29..796,64.39539348,0.178145,-0.00013418,0.00034024,0.00616931,-0.00002462,0.00178,0.00480912,-0.00017649,-0.00232044,15:48:29..792,,,,
15:48:29..826,64.03338918,0.177671,-0.00013463,0.00034094,0.00616891,-0.00002546,0.00177794,0.00480829,-0.00017502,-0.00232092,15:48:29..835,,,,
15:48:29..888,64.18336239,0.177552,-0.00013429,0.00034118,0.00616977,-0.00002514,0.0017776,0.00480916,-0.00017413,-0.00232075,15:48:29..931,,,,
15:48:29..948,63.1438929,0.177552,-0.00013446,0.00034095,0.00616981,-0.00002529,0.00177688,0.0048086,-0.0001747,-0.00232056,15:48:29..931,,,,
15:48:29..982,64.21956282,0.17755,-0.00013422,0.00034058,0.00616971,-0.00002503,0.00178466,0.00480688,-0.00017477,-0.00232349,15:48:30..018,,,,
15:48:30..117,63.7644717,0.17755,-0.00013418,0.00034118,0.00616946,-0.00002501,0.00178458,0.00480686,-0.00017414,-0.00232272,15:48:30..113,,,,
15:48:30..148,63.08183502,0.177714,-0.00013521,0.00034029,0.00616933,-0.00002463,0.00178012,0.00480677,-0.00017342,-0.00232197,15:48:30..156,,,,
15:48:30..257,63.00943416,0.177714,-0.000135,0.00034011,0.00616933,-0.00002474,0.00177976,0.00480675,-0.00017293,-0.00232231,15:48:30..253,,,,
15:48:30..289,63.21629376,0.177988,-0.00013466,0.00034043,0.00616871,-0.00002418,0.00178472,0.00480695,-0.00017366,-0.00232363,15:48:30..297,,,,
15:48:30..416,63.73344276,0.177988,-0.00013474,0.00034032,0.00616798,-0.00002464,0.00178467,0.00480622,-0.00017401,-0.00232388,15:48:30..414,,,,
15:48:30..449,63.52658316,0.178028,-0.00013271,0.00034133,0.00617064,-0.00002392,0.00178814,0.0048088,-0.00017403,-0.00232416,15:48:30..414,,,,
15:48:30..508,64.67982543,0.178028,-0.00013358,0.00034147,0.00617025,-0.00002417,0.00178783,0.00480918,-0.00017377,-0.00232425,15:48:30..539,,,,
15:48:30..565,63.48003975,0.178028,-0.00013291,0.00034105,0.00617061,-0.00002429,0.00178697,0.00480941,-0.0001736,-0.00232454,15:48:30..539,,,,
15:48:30..598,64.01787471,0.177884,-0.00013347,0.00034126,0.00617101,-0.00002399,0.00178919,0.00481087,-0.00017227,-0.00232457,15:48:30..628,,,,
15:48:30..745,64.20404835,0.177884,-0.00013303,0.00034137,0.00616991,-0.00002394,0.00178958,0.00481045,-0.0001726,-0.00232409,15:48:30..741,,,,
15:48:30..777,64.56605265,0.177819,-0.00013354,0.00034163,0.00617016,-0.00002385,0.00178856,0.00481132,-0.00017497,-0.00232464,15:48:30..784,,,,
15:48:30..850,63.55244061,0.177767,-0.00013314,0.00034169,0.00617061,-0.00002354,0.00178837,0.0048116,-0.0001747,-0.00232427,15:48:30..894,,,,
15:48:30..942,64.25059176,0.177767,-0.00013365,0.00034167,0.00617111,-0.00002385,0.00178866,0.00481133,-0.00017518,-0.00232487,15:48:30..939,,,,
15:48:30..976,63.5058972,0.177802,-0.00013434,0.00034004,0.00616913,-0.00002346,0.0017794,0.00481358,-0.00017386,-0.00232191,15:48:30..982,,,,
15:48:31..108,63.9196164,0.177802,-0.00013409,0.00034076,0.00616901,-0.00002329,0.00177955,0.00481364,-0.00017372,-0.00232157,15:48:31..105,,,,
15:48:31..141,63.66621339,0.177923,-0.00013248,0.00034209,0.00616933,-0.00002386,0.00178526,0.00481011,-0.00017199,-0.002324,15:48:31..221,,,,
15:48:31..274,63.70241382,0.177923,-0.00013265,0.000342,0.00616959,-0.0000239,0.00178499,0.00481003,-0.00017157,-0.00232394,15:48:31..272,,,,
15:48:31..305,63.60415551,0.177859,-0.00013488,0.00034073,0.00617089,-0.00002374,0.00178568,0.00481156,-0.00017344,-0.00232404,15:48:31..316,,,,
15:48:31..430,64.03338918,0.177859,-0.00013463,0.00034051,0.0061701,-0.00002363,0.00178494,0.00481109,-0.00017372,-0.00232397,15:48:31..426,,,,
15:48:31..462,64.03856067,0.177774,-0.00013349,0.00034187,0.00616999,-0.00002333,0.00179276,0.00481308,-0.00017198,-0.00232681,15:48:31..494,,,,
15:48:31..572,64.33850709,0.177774,-0.00013376,0.00034107,0.00616986,-0.00002337,0.0017931,0.00481249,-0.00017217,-0.00232637,15:48:31..568,,,,
15:48:31..605,63.66621339,0.17763,-0.00013369,0.00034039,0.00616991,-0.00002282,0.00179479,0.0048113,-0.00017241,-0.00232648,15:48:31..612,,,,
15:48:31..726,64.56605265,0.17763,-0.00013421,0.00034058,0.00616946,-0.00002302,0.00179505,0.004811,-0.00017236,-0.00232689,15:48:31..722,,,,
15:48:31..759,64.64879649,0.177678,-0.00013251,0.00034255,0.0061704,-0.00002336,0.00178739,0.00481252,-0.00017103,-0.00232554,15:48:31..765,,,,
15:48:31..884,63.82135809,0.177678,-0.00013253,0.00034284,0.00617052,-0.00002296,0.00178738,0.00481245,-0.00017109,-0.00232582,15:48:31..879,,,,
15:48:31..915,62.94737628,0.1777,-0.00013346,0.00034117,0.00617067,-0.00002352,0.00178671,0.00481108,-0.00017312,-0.00232297,15:48:31..924,,,,
15:48:32..071,63.64035594,0.1777,-0.0001327,0.00034087,0.00617042,-0.00002376,0.00178629,0.00481141,-0.0001735,-0.00232336,15:48:32..067,,,,
15:48:32..105,64.64879649,0.17766,-0.00013332,0.00034139,0.00617178,-0.00002375,0.00178869,0.00481078,-0.00017489,-0.00232487,15:48:32..110,,,,
15:48:32..224,63.77481468,0.17766,-0.00013321,0.0003416,0.00617082,-0.00002397,0.00178857,0.00481105,-0.00017473,-0.00232491,15:48:32..221,,,,
15:48:32..257,63.79550064,0.177776,-0.00013565,0.00034002,0.00617052,-0.00002374,0.00178446,0.00481167,-0.00017495,-0.00232378,15:48:32..255,,,,
15:48:32..292,63.11803545,0.177792,-0.00013512,0.00034012,0.00617203,-0.00002413,0.0017818,0.00481128,-0.00017423,-0.00232353,15:48:32..298,,,,
15:48:32..392,63.86273001,0.177792,-0.00013542,0.00033994,0.00617155,-0.00002392,0.00178139,0.00481153,-0.00017442,-0.00232366,15:48:32..388,,,,
15:48:32..423,62.50779963,0.177795,-0.00013505,0.00034101,0.0061716,-0.00002343,0.00178247,0.00481306,-0.00017778,-0.00232361,15:48:32..432,,,,
15:48:32..539,61.05978243,0.177795,-0.00013534,0.00034107,0.0061711,-0.0000234,0.00178291,0.00481296,-0.00017804,-0.00232406,15:48:32..535,,,,
15:48:32..571,37.76739147,0.175897,-0.00014197,0.00033605,0.00617148,-0.00002458,0.00177036,0.00479367,-0.00017764,-0.00232147,15:48:32..580,,,,
15:48:32..690,36.98649648,0.175897,-0.00014194,0.00033635,0.00617149,-0.00002424,0.00176999,0.00479392,-0.00017767,-0.00232122,15:48:32..685,,,,
15:48:32..721,57.91551651,0.162936,-0.00016918,0.00031756,0.00617039,-0.00002728,0.00173821,0.00472107,-0.00018198,-0.00232207,15:48:32..730,,,,
15:48:32..841,53.53526448,0.162936,-0.00016873,0.00031726,0.00617046,-0.0000272,0.00173793,0.00472022,-0.00018195,-0.00232199,15:48:32..838,,,,
15:48:32..873,32.48212869,0.143027,-0.00017963,0.00030942,0.00616967,-0.00002862,0.00172026,0.00469183,-0.00018226,-0.00232093,15:48:32..882,,,,
15:48:32..997,30.47041908,0.143027,-0.000179,0.00030899,0.00616947,-0.00002886,0.00172031,0.00469132,-0.00018228,-0.00232052,15:48:32..993,,,,
15:48:33..029,35.55399375,0.122283,-0.0001936,0.00029911,0.00617026,-0.00003011,0.00170161,0.00466371,-0.00018487,-0.00232102,15:48:33..037,,,,
15:48:33..146,35.11958859,0.122283,-0.00019449,0.00029925,0.00617062,-0.00003015,0.00170173,0.00466379,-0.00018474,-0.00232091,15:48:33..142,,,,
15:48:33..177,27.6674715,0.101984,-0.00020057,0.000294,0.00616936,-0.00003116,0.00170052,0.00464605,-0.00018436,-0.00232088,15:48:33..185,,,,
15:48:33..242,27.21238038,0.095733,-0.00020025,0.00029416,0.00616952,-0.0000309,0.00170076,0.004646,-0.00018429,-0.00232026,15:48:33..282,,,,
15:48:33..291,27.7709013,0.095733,-0.00020047,0.00029349,0.00616898,-0.00003125,0.00170104,0.00464528,-0.00018384,-0.00232043,15:48:33..282,,,,
15:48:33..322,27.47095488,0.083907,-0.00021104,0.00028655,0.00616963,-0.00003172,0.00167622,0.00462865,-0.00019049,-0.00232092,15:48:33..326,,,,
15:48:33..437,28.03981878,0.083907,-0.00021093,0.00028653,0.00616961,-0.00003214,0.00167599,0.00462886,-0.00019018,-0.00232061,15:48:33..433,,,,
15:48:33..468,25.38167292,0.063652,-0.00021965,0.00027805,0.00616854,-0.00003306,0.00163828,0.00462265,-0.0001914,-0.00231632,15:48:33..509,,,,
15:48:33..583,23.52510801,0.063652,-0.00021913,0.00027745,0.00616884,-0.00003264,0.00163782,0.00462281,-0.00019125,-0.00231682,15:48:33..579,,,,
15:48:33..614,22.02020442,0.055204,-0.00022488,0.00027255,0.00616689,-0.00003363,0.00163842,0.00461328,-0.00019603,-0.00231872,15:48:33..621,,,,
15:48:33..719,23.08035987,0.055204,-0.00022493,0.00027267,0.00616756,-0.00003372,0.00163895,0.00461255,-0.00019622,-0.00231884,15:48:33..715,,,,
15:48:33..752,22.37703723,0.044375,-0.00023115,0.00026468,0.00616652,-0.00003412,0.0016263,0.00460243,-0.00019319,-0.00231692,15:48:33..758,,,,
15:48:33..812,22.83729984,0.041196,-0.00023119,0.00026499,0.00616734,-0.00003407,0.00162713,0.0046025,-0.00019346,-0.00231724,15:48:33..856,,,,
15:48:33..867,21.70991502,0.041196,-0.00023059,0.00026486,0.00616601,-0.00003394,0.00162673,0.00460257,-0.00019299,-0.0023176,15:48:33..856,,,,
15:48:33..901,22.33566531,0.032807,-0.000234,0.00026359,0.00616644,-0.00003456,0.00163442,0.00459508,-0.00019047,-0.00232012,15:48:33..961,,,,
15:48:34..014,20.7376749,0.032807,-0.00023362,0.00026371,0.00616604,-0.00003451,0.00163466,0.00459547,-0.00019059,-0.00232026,15:48:34..009,,,,
15:48:34..046,18.84490956,0.02824,-0.00024098,0.00025646,0.00616684,-0.00003371,0.00164254,0.00458662,-0.00019294,-0.00232102,15:48:34..091,,,,
15:48:34..144,18.1519299,0.02824,-0.00024061,0.00025611,0.00616694,-0.00003398,0.0016427,0.00458687,-0.00019301,-0.00232072,15:48:34..142,,,,
15:48:34..177,19.07762661,0.024291,-0.00024695,0.00025194,0.00616665,-0.00003385,0.0016533,0.0045809,-0.00019409,-0.00232441,15:48:34..185,,,,
15:48:34..298,17.98127073,0.024291,-0.00024697,0.00025171,0.00616715,-0.000034,0.00165274,0.00458094,-0.00019337,-0.00232436,15:48:34..294,,,,
15:48:34..330,17.85715497,0.019353,-0.00025125,0.00024629,0.00616565,-0.000034,0.00164893,0.00457557,-0.00019236,-0.00232277,15:48:34..339,,,,
15:48:34..436,17.28311958,0.019353,-0.00025177,0.00024596,0.00616578,-0.00003434,0.0016485,0.0045749,-0.00019273,-0.00232332,15:48:34..431,,,,
15:48:34..468,16.84871442,0.015384,-0.00025961,0.00023869,0.00616633,-0.00003488,0.00162881,0.0045717,-0.00020477,-0.00232397,15:48:34..474,,,,
15:48:34..532,16.8590574,0.013173,-0.00025991,0.00023868,0.00616618,-0.00003451,0.00162872,0.00457176,-0.0002051,-0.00232352,15:48:34..581,,,,
15:48:34..632,16.11436284,0.013173,-0.00025964,0.0002386,0.00616633,-0.00003509,0.00162833,0.00457122,-0.0002055,-0.0023238,15:48:34..629,,,,
15:48:34..666,15.91267473,0.011223,-0.00026435,0.00023433,0.00616622,-0.00003558,0.00159216,0.00456832,-0.00019533,-0.00232095,15:48:34..674,,,,
15:48:34..769,15.65410023,0.011223,-0.00026462,0.00023456,0.00616603,-0.00003586,0.00159218,0.00456781,-0.00019539,-0.00232138,15:48:34..766,,,,
15:48:34..802,14.78011842,0.008858,-0.0002758,0.00022442,0.00616692,-0.00003438,0.00160159,0.00456541,-0.00019709,-0.00232728,15:48:34..810,,,,
15:48:34..871,15.95921814,0.008237,-0.00027581,0.00022452,0.00616652,-0.00003472,0.00160162,0.00456554,-0.00019677,-0.00232672,15:48:34..911,,,,
15:48:34..944,13.95268002,0.008237,-0.00027618,0.00022407,0.0061664,-0.00003512,0.00160164,0.0045652,-0.00019678,-0.00232718,15:48:34..911,,,,
15:48:34..978,14.97146355,0.006617,-0.00027383,0.00022444,0.00616631,-0.00003602,0.00160661,0.00455345,-0.0002024,-0.00232421,15:48:34..998,,,,
15:48:35..130,13.43553102,0.006617,-0.00027377,0.00022424,0.00616663,-0.00003598,0.00160656,0.00455391,-0.00020234,-0.00232411,15:48:35..126,,,,
15:48:35..161,13.9113081,0.005719,-0.0002771,0.00022221,0.00616665,-0.00003551,0.00162381,0.00454608,-0.00021283,-0.00232434,15:48:35..161,,,,
15:48:35..195,14.0147379,0.004724,-0.00027686,0.00022271,0.00616716,-0.00003578,0.00160522,0.00454916,-0.00021394,-0.00232825,15:48:35..252,,,,
15:48:35..321,13.82339277,0.004724,-0.00027718,0.00022286,0.00616703,-0.00003603,0.00160515,0.00454933,-0.00021443,-0.00232855,15:48:35..334,,,,
15:48:35..353,13.43553102,0.004724,-0.00027664,0.00022155,0.00616647,-0.00003656,0.00165717,0.00454534,-0.00022265,-0.00232675,15:48:35..334,,,,
15:48:35..386,13.42518804,0.003769,-0.00027933,0.00021888,0.00616564,-0.00003689,0.00161406,0.00454673,-0.00020242,-0.00232517,15:48:35..450,,,,
15:48:35..502,12.91838202,0.003769,-0.00027947,0.00021928,0.00616605,-0.00003649,0.00161499,0.00454623,-0.00020235,-0.00232478,15:48:35..499,,,,
15:48:35..533,12.84080967,0.003418,-0.00028046,0.0002175,0.00616899,-0.00003545,0.00160256,0.0045401,-0.00020248,-0.00232246,15:48:35..542,,,,
15:48:35..657,12.8770101,0.003418,-0.00028051,0.00021751,0.00616865,-0.0000359,0.00160284,0.0045402,-0.00020285,-0.0023223,15:48:35..653,,,,
15:48:35..688,12.38571855,0.002921,-0.00028234,0.00021712,0.00616928,-0.00003521,0.00160605,0.00454124,-0.00018929,-0.0023253,15:48:35..695,,,,
15:48:35..755,12.3598611,0.002783,-0.00028212,0.00021737,0.00616806,-0.0000355,0.00160525,0.0045407,-0.00018976,-0.0023253,15:48:35..795,,,,
15:48:35..803,11.93062743,0.002783,-0.00028251,0.00021684,0.0061678,-0.00003549,0.00160482,0.00454086,-0.00018981,-0.00232579,15:48:35..795,,,,
15:48:35..836,11.99268531,0.002538,-0.00029965,0.00020375,0.00616839,-0.00003536,0.00159546,0.0045441,-0.00021761,-0.00233595,15:48:35..839,,,,
15:48:35..970,12.01854276,0.002538,-0.00029947,0.00020373,0.00616872,-0.00003608,0.00159627,0.00454476,-0.00021696,-0.00233605,15:48:35..966,,,,
15:48:36..001,11.894427,0.002274,-0.00029426,0.00020566,0.00616804,-0.00003719,0.00164592,0.00453472,-0.00018827,-0.00232289,15:48:36..010,,,,
15:48:36..089,11.27901969,0.002274,-0.00029418,0.00020569,0.00616852,-0.00003631,0.00164398,0.0045352,-0.00018875,-0.00232312,15:48:36..134,,,,
15:48:36..144,11.62550952,0.002274,-0.00029418,0.00020584,0.00616797,-0.00003698,0.00164348,0.00453546,-0.00018787,-0.0023232,15:48:36..134,,,,
15:48:36..176,10.63775493,0.00203,-0.00029571,0.00020457,0.00616666,-0.00003709,0.00158487,0.00452949,-0.00019578,-0.00231939,15:48:36..178,,,,
15:48:36..283,11.12904648,0.00203,-0.000296,0.0002047,0.00616713,-0.00003686,0.0015852,0.00452976,-0.00019632,-0.00232008,15:48:36..280,,,,
15:48:36..315,10.88598645,0.001758,-0.00029869,0.00020256,0.00616851,-0.00003714,0.00155979,0.00453358,-0.00020452,-0.00233001,15:48:36..323,,,,
15:48:36..442,11.21179032,0.001758,-0.00029852,0.00020249,0.00616822,-0.000038,0.0015592,0.00453339,-0.00020396,-0.00233002,15:48:36..437,,,,
15:48:36..474,10.72049877,0.001588,-0.00029905,0.00020166,0.00616756,-0.0000374,0.00157487,0.00453101,-0.00020528,-0.00233019,15:48:36..482,,,,
15:48:36..611,10.37918043,0.001588,-0.00029921,0.00020139,0.00616681,-0.00003774,0.00157528,0.00453079,-0.00020535,-0.00232975,15:48:36..607,,,,
15:48:36..642,10.41020937,0.001541,-0.00030093,0.00020029,0.0061662,-0.00003748,0.00156383,0.00453396,-0.00019746,-0.00233546,15:48:36..649,,,,
15:48:36..764,10.12060593,0.001541,-0.00030088,0.00020033,0.00616603,-0.00003744,0.00156457,0.00453404,-0.00019786,-0.002336,15:48:36..760,,,,
15:48:36..796,9.96028974,0.001503,-0.0003015,0.00020012,0.00616692,-0.00003805,0.00157321,0.00453124,-0.00020188,-0.00233506,15:48:36..805,,,,
15:48:36..928,9.73791567,0.001503,-0.0003016,0.00020026,0.00616689,-0.00003792,0.00157281,0.00453119,-0.00020166,-0.00233481,15:48:36..923,,,,
15:48:36..959,9.84651696,0.001369,-0.00030041,0.00020083,0.00616749,-0.0000381,0.00159239,0.00452469,-0.00021632,-0.0023311,15:48:36..968,,,,
15:48:37..075,9.69137226,0.001369,-0.00030019,0.00020074,0.0061676,-0.00003846,0.00159237,0.00452364,-0.00021612,-0.00233048,15:48:37..071,,,,
15:48:37..107,9.43279776,0.001227,-0.00029888,0.00020034,0.00616754,-0.00003794,0.00163422,0.00451962,-0.00022189,-0.00233253,15:48:37..115,,,,
15:48:37..220,9.60862842,0.001227,-0.00029938,0.00020059,0.00616726,-0.00003788,0.00163404,0.00451968,-0.00022246,-0.00233195,15:48:37..215,,,,
15:48:37..253,9.28799604,0.001121,-0.00030187,0.00019659,0.00616701,-0.00003909,0.00155267,0.00451717,-0.00019044,-0.00232362,15:48:37..259,,,,
15:48:37..368,9.36556839,0.001121,-0.00030112,0.00019742,0.00616749,-0.00003849,0.00155202,0.00451773,-0.00019043,-0.00232296,15:48:37..363,,,,
15:48:37..400,9.2569671,0.001088,-0.00030021,0.00019616,0.00616817,-0.0000388,0.00163083,0.00451746,-0.00019795,-0.00232397,15:48:37..407,,,,
15:48:37..509,8.96219217,0.001088,-0.00029954,0.00019665,0.00616887,-0.00003879,0.00163167,0.00451785,-0.00019708,-0.00232343,15:48:37..505,,,,
15:48:37..542,9.09665091,0.001046,-0.00030103,0.00019685,0.00616779,-0.00003784,0.00163331,0.00452064,-0.00019166,-0.00232722,15:48:37..549,,,,
15:48:37..603,8.94150621,0.001049,-0.00030093,0.00019725,0.00616805,-0.00003808,0.00163341,0.00452125,-0.00019186,-0.00232823,15:48:37..648,,,,
15:48:37..658,8.81221896,0.001049,-0.00030108,0.00019686,0.00616807,-0.00003836,0.00163331,0.00452187,-0.00019208,-0.00232794,15:48:37..648,,,,
15:48:37..693,8.57950191,0.001025,-0.00030258,0.00019635,0.00616843,-0.0000377,0.00159654,0.00451099,-0.00020855,-0.00232791,15:48:37..734,,,,
15:48:37..830,8.34161337,0.001025,-0.0003021,0.00019613,0.00616774,-0.00003807,0.00159472,0.00451105,-0.00020857,-0.00232822,15:48:37..826,,,,
15:48:37..861,8.50710105,0.000972,-0.00030314,0.00019733,0.00616858,-0.00003931,0.00154993,0.00451472,-0.00020561,-0.00233291,15:48:37..871,,,,
15:48:37..985,8.5846734,0.000972,-0.0003036,0.00019679,0.00616821,-0.00003923,0.00154973,0.00451475,-0.00020565,-0.00233352,15:48:37..980,,,,
15:48:38..017,8.40884274,0.000927,-0.00030256,0.000197,0.0061686,-0.00003824,0.00160806,0.00452203,-0.00019637,-0.00233616,15:48:38..022,,,,
15:48:38..145,8.45021466,0.000927,-0.00030293,0.00019711,0.00616863,-0.00003766,0.00160862,0.00452156,-0.00019641,-0.00233591,15:48:38..140,,,,
15:48:38..177,7.92272268,0.000762,-0.00030314,0.00019669,0.00616857,-0.00003908,0.00158619,0.00451463,-0.00021439,-0.00233911,15:48:38..185,,,,
15:48:38..279,8.15026824,0.000762,-0.00030299,0.00019668,0.00616904,-0.00003841,0.00158463,0.00451549,-0.00021372,-0.00233964,15:48:38..274,,,,
15:48:38..310,7.89169374,0.000683,-0.00030516,0.00019529,0.00616878,-0.00003977,0.00152989,0.00451577,-0.00020028,-0.00233454,15:48:38..319,,,,
15:48:38..423,8.21232612,0.000683,-0.0003058,0.00019527,0.00616862,-0.00003968,0.00152952,0.00451572,-0.00020001,-0.00233471,15:48:38..419,,,,
15:48:38..455,7.77792096,0.000565,-0.00031088,0.00019318,0.00616853,-0.00003891,0.00157045,0.00451928,-0.00023057,-0.00234385,15:48:38..461,,,,
15:48:38..527,7.42108815,0.000565,-0.0003106,0.0001932,0.00616818,-0.00003884,0.00156938,0.00451927,-0.0002302,-0.00234396,15:48:38..568,,,,
15:48:38..578,7.82446437,0.000565,-0.00031071,0.00019319,0.00616875,-0.00003879,0.00156788,0.00451869,-0.00023001,-0.00234316,15:48:38..568,,,,
15:48:38..610,7.4469456,0.000482,-0.00031232,0.00019018,0.00616801,-0.00003985,0.00158402,0.00451657,-0.00021381,-0.00234175,15:48:38..612,,,,
15:48:38..645,7.36420176,0.000398,-0.00031259,0.00019033,0.00616857,-0.00003914,0.00156326,0.00451755,-0.00021839,-0.00234632,15:48:38..654,,,,
15:48:38..739,7.7055201,0.000398,-0.0003126,0.0001902,0.00616897,-0.00003908,0.0015625,0.00451668,-0.00021879,-0.00234684,15:48:38..735,,,,
15:48:38..772,7.46763156,0.000402,-0.00031317,0.00018859,0.00616871,-0.00003965,0.00161279,0.00451733,-0.00020426,-0.00234088,15:48:38..780,,,,
15:48:38..878,7.69000563,0.000402,-0.0003132,0.00018889,0.00616868,-0.00003869,0.00161354,0.00451783,-0.00020375,-0.00234134,15:48:38..873,,,,
15:48:38..910,7.35385878,0.000402,-0.0003149,0.00018719,0.00616713,-0.0000389,0.00155934,0.00450876,-0.00022431,-0.00234201,15:48:38..873,,,,
15:48:38..974,7.25042898,0.000397,-0.00031453,0.00018721,0.00616712,-0.00003872,0.00155969,0.00450943,-0.00022463,-0.0023417,15:48:39..011,,,,
15:48:39..071,7.34868729,0.000397,-0.00031499,0.00018758,0.00616645,-0.00003876,0.00155867,0.00450878,-0.0002246,-0.00234172,15:48:39..068,,,,
15:48:39..104,7.20388557,0.000361,-0.00031451,0.00018773,0.00616745,-0.00003963,0.00155412,0.00451561,-0.00022682,-0.00234643,15:48:39..145,,,,
15:48:39..171,7.37971623,0.000337,-0.00031492,0.00018756,0.00616735,-0.00003958,0.00155461,0.00451567,-0.00022661,-0.00234677,15:48:39..187,,,,
15:48:39..223,6.97634001,0.000289,-0.00031499,0.00018803,0.00616688,-0.00004002,0.00155545,0.00451566,-0.00022677,-0.00234686,15:48:39..259,,,,
15:48:39..270,6.96599703,0.000289,-0.00031495,0.00018814,0.00616736,-0.0000393,0.00155578,0.00451592,-0.00022665,-0.00234686,15:48:39..259,,,,
15:48:39..303,6.97634001,0.000321,-0.00031484,0.00018764,0.00616644,-0.00003958,0.001571,0.00451242,-0.0002163,-0.00234357,15:48:39..338,,,,
15:48:39..397,6.55744932,0.000321,-0.00031548,0.0001875,0.00616651,-0.00003974,0.00157118,0.00451189,-0.00021604,-0.00234392,15:48:39..394,,,,
15:48:39..430,7.10562726,0.000395,-0.0003156,0.00018687,0.00616723,-0.00003896,0.00155342,0.00451054,-0.00022698,-0.00234599,15:48:39..439,,,,
15:48:39..492,6.77982339,0.00042,-0.00031543,0.00018717,0.00616762,-0.00003932,0.0015527,0.00451056,-0.00022683,-0.00234596,15:48:39..536,,,,
15:48:39..547,7.16768514,0.00042,-0.00031531,0.00018685,0.00616773,-0.00003928,0.00155296,0.00451088,-0.00022674,-0.00234604,15:48:39..536,,,,
15:48:39..581,6.69190806,0.000489,-0.00031719,0.00018602,0.00616652,-0.0000404,0.00155211,0.00450889,-0.0002256,-0.00234103,15:48:39..643,,,,
15:48:39..714,6.7746519,0.000489,-0.00031752,0.00018593,0.00616713,-0.00003989,0.00155242,0.00450863,-0.00022553,-0.00234125,15:48:39..711,,,,
15:48:39..747,6.41781909,0.000526,-0.00031781,0.00018701,0.00616793,-0.00004037,0.0015745,0.00451106,-0.0002235,-0.00234558,15:48:39..754,,,,
15:48:39..865,6.64019316,0.000526,-0.00031779,0.00018666,0.00616801,-0.00004091,0.00157511,0.0045106,-0.00022339,-0.00234581,15:48:39..859,,,,
15:48:39..897,6.69707955,0.000484,-0.00032032,0.00018344,0.00616744,-0.00003975,0.00156409,0.00451325,-0.00023216,-0.00234847,15:48:39..901,,,,
15:48:40..008,6.39713313,0.000484,-0.00032052,0.0001831,0.00616803,-0.00003945,0.00156414,0.00451315,-0.00023222,-0.00234816,15:48:40..006,,,,
15:48:40..043,6.40747611,0.000363,-0.00032076,0.00018238,0.00616779,-0.00004014,0.00155186,0.00452162,-0.00022797,-0.0023469,15:48:40..051,,,,
15:48:40..102,6.24715992,0.000285,-0.00032044,0.00018336,0.00616781,-0.0000402,0.00155217,0.00452176,-0.0002277,-0.00234738,15:48:40..141,,,,
15:48:40..150,6.44884803,0.000285,-0.00032071,0.00018253,0.00616764,-0.00004043,0.00155246,0.00452132,-0.00022789,-0.00234749,15:48:40..141,,,,
15:48:40..184,6.33507525,0.000238,-0.00032122,0.00018228,0.00616763,-0.00004009,0.00158527,0.00452881,-0.00022601,-0.00234431,15:48:40..185,,,,
15:48:40..230,6.39196164,0.000239,-0.00032137,0.00018191,0.00616794,-0.00004042,0.00158505,0.00452854,-0.00022658,-0.00234422,15:48:40..273,,,,
15:48:40..294,6.19544502,0.000239,-0.00032133,0.00018191,0.00616772,-0.00003985,0.00158479,0.00452867,-0.00022638,-0.00234414,15:48:40..273,,,,
15:48:40..328,6.40230462,0.000247,-0.00032283,0.00018239,0.00616781,-0.00004116,0.00156497,0.00452903,-0.00023063,-0.00234903,15:48:40..319,,,,
15:48:40..398,6.09201522,0.000352,-0.00032231,0.00018203,0.00616777,-0.00004136,0.00156546,0.00452846,-0.00023065,-0.00234852,15:48:40..435,,,,
15:48:40..482,6.43850505,0.000367,-0.00032262,0.00018254,0.0061677,-0.00004155,0.00156443,0.00452738,-0.0002305,-0.00234809,15:48:40..479,,,,
15:48:40..518,6.14373012,0.000397,-0.00032275,0.0001797,0.00616853,-0.00003945,0.00158496,0.00452895,-0.00022826,-0.00234672,15:48:40..558,,,,
15:48:40..624,6.16958757,0.000397,-0.00032248,0.00017975,0.00616814,-0.00003987,0.00158479,0.0045287,-0.00022795,-0.00234741,15:48:40..622,,,,
15:48:40..659,5.85412668,0.000444,-0.00032198,0.00018038,0.00616985,-0.00003993,0.00157665,0.0045267,-0.00021687,-0.00233763,15:48:40..665,,,,
15:48:40..719,6.21613098,0.000459,-0.00032178,0.00017997,0.00617026,-0.00003941,0.00157647,0.00452624,-0.00021661,-0.00233766,15:48:40..766,,,,
15:48:40..797,6.06098628,0.000459,-0.00032187,0.00018019,0.00616906,-0.00003984,0.0015756,0.00452626,-0.00021644,-0.00233759,15:48:40..766,,,,
15:48:40..832,6.51090591,0.00038,-0.00032366,0.00018077,0.00617159,-0.00003927,0.00157968,0.00453612,-0.00022557,-0.00235022,15:48:40..854,,,,
15:48:40..894,6.68673657,0.000337,-0.00032328,0.00017989,0.00617145,-0.00003927,0.00157851,0.00453683,-0.00022575,-0.00235066,15:48:40..898,,,,
15:48:40..946,6.11787267,0.000337,-0.00032323,0.00018002,0.00617126,-0.00003896,0.0015778,0.00453678,-0.00022531,-0.0023507,15:48:40..975,,,,
15:48:40..990,6.26784588,0.000337,-0.00032384,0.0001801,0.00617102,-0.00003927,0.00157757,0.0045369,-0.00022547,-0.00235055,15:48:40..975,,,,
15:48:41..024,6.06098628,0.000338,-0.00032471,0.0001784,0.00616832,-0.00004092,0.00155083,0.00452431,-0.0002253,-0.0023465,15:48:41..065,,,,
15:48:41..157,5.96272797,0.000338,-0.00032508,0.00017839,0.00616784,-0.00004115,0.00155071,0.00452347,-0.0002253,-0.00234696,15:48:41..153,,,,
15:48:41..189,6.53676336,0.000313,-0.00032441,0.00017826,0.00616975,-0.00003899,0.00163053,0.00455054,-0.00020548,-0.00233481,15:48:41..196,,,,
15:48:41..289,6.15924459,0.000313,-0.00032459,0.00017789,0.00616977,-0.0000387,0.00163131,0.00455055,-0.00020547,-0.0023349,15:48:41..284,,,,
15:48:41..322,5.81275476,0.000259,-0.00032296,0.00018029,0.00617122,-0.00004183,0.0015758,0.00452498,-0.0002223,-0.00234085,15:48:41..327,,,,
15:48:41..435,5.7403539,0.000259,-0.00032302,0.00018038,0.00617211,-0.00004184,0.00157548,0.00452435,-0.00022276,-0.00234089,15:48:41..433,,,,
15:48:41..467,5.9989284,0.000332,-0.00032361,0.00017939,0.00617169,-0.00004141,0.00155076,0.0045171,-0.00022203,-0.00234355,15:48:41..433,,,,
15:48:41..543,6.19027353,0.000332,-0.00032402,0.00017943,0.00617144,-0.00004072,0.00155175,0.00451741,-0.00022178,-0.00234383,15:48:41..581,,,,
15:48:41..617,6.49539144,0.000332,-0.00032381,0.00017981,0.00617165,-0.00004104,0.00155267,0.00451752,-0.00022218,-0.00234414,15:48:41..581,,,,
15:48:41..654,6.30404631,0.000209,-0.00032269,0.00017962,0.0061735,-0.00003799,0.00159221,0.00453561,-0.00022138,-0.0023478,15:48:41..671,,,,
15:48:41..769,6.41781909,0.000209,-0.00032235,0.00017927,0.00617446,-0.00003824,0.00159257,0.00453573,-0.00022148,-0.00234788,15:48:41..767,,,,
15:48:41..803,6.19544502,0.000098,-0.00032289,0.00018072,0.00617171,-0.00004169,0.00156363,0.00451486,-0.00022381,-0.00234298,15:48:41..844,,,,
15:48:41..900,5.98858542,0.000098,-0.00032295,0.00018054,0.00617184,-0.00004157,0.00156419,0.00451507,-0.00022393,-0.00234314,15:48:41..895,,,,
15:48:41..931,6.68673657,0.000017,-0.00032355,0.00018022,0.00617136,-0.00004257,0.00155722,0.00451921,-0.00022661,-0.00234549,15:48:41..939,,,,
15:48:41..969,6.29370333,-0.000169,-0.00032368,0.00018019,0.00617134,-0.0000419,0.00155686,0.00451912,-0.00022685,-0.00234492,15:48:42..018,,,,
15:48:42..088,5.93169903,-0.000169,-0.00032348,0.00018042,0.0061712,-0.00004253,0.00155744,0.00451937,-0.00022661,-0.00234515,15:48:42..086,,,,
15:48:42..121,5.78689731,-0.000199,-0.00032299,0.00017958,0.00617304,-0.00004093,0.00158684,0.00453321,-0.00021496,-0.00234134,15:48:42..130,,,,
15:48:42..257,5.51280834,-0.000199,-0.00032371,0.0001795,0.00617219,-0.00004121,0.00158676,0.00453347,-0.00021474,-0.00234124,15:48:42..252,,,,
15:48:42..289,6.27818886,-0.000078,-0.00032317,0.00018013,0.00617068,-0.00004149,0.00158905,0.00452266,-0.00022194,-0.0023406,15:48:42..297,,,,
15:48:42..394,6.38679015,-0.000078,-0.00032284,0.00017978,0.00617091,-0.00004121,0.00158862,0.00452296,-0.00022219,-0.00234108,15:48:42..390,,,,
15:48:42..426,6.29370333,-0.000055,-0.00032415,0.0001779,0.00617149,-0.0000409,0.00159213,0.00453979,-0.00021481,-0.00234068,15:48:42..434,,,,
15:48:42..538,5.98341393,-0.000055,-0.00032444,0.00017808,0.00617197,-0.00004161,0.00159103,0.00453964,-0.00021501,-0.00234103,15:48:42..534,,,,
15:48:42..570,6.28336035,-0.000102,-0.0003242,0.00017922,0.00617094,-0.00004115,0.00158199,0.00452801,-0.00021682,-0.00234204,15:48:42..534,,,,
15:48:42..636,5.8437837,-0.000102,-0.00032443,0.00017947,0.00617109,-0.00004099,0.00158232,0.00452778,-0.00021631,-0.00234173,15:48:42..576,,,,
15:48:42..668,6.91428213,-0.000132,-0.00032391,0.00017886,0.00617309,-0.00004001,0.0016197,0.00454711,-0.0002055,-0.00233847,15:48:42..685,,,,
15:48:42..724,6.21613098,-0.000181,-0.00032405,0.00017864,0.00617283,-0.00004045,0.00161786,0.00454667,-0.00020609,-0.00233899,15:48:42..730,,,,
15:48:42..769,5.93687052,-0.000224,-0.00032427,0.00017871,0.00617298,-0.00004052,0.00161761,0.00454615,-0.00020572,-0.00233871,15:48:42..804,,,,
15:48:42..821,5.94204201,-0.000224,-0.00032429,0.0001786,0.00617341,-0.00004104,0.00161693,0.00454603,-0.00020616,-0.00233907,15:48:42..804,,,,
15:48:42..855,5.91101307,-0.000271,-0.00032483,0.00017844,0.00617228,-0.00004105,0.00157486,0.00451242,-0.00022751,-0.00234216,15:48:42..848,,,,
15:48:42..889,6.15924459,-0.000302,-0.00032426,0.0001784,0.00617279,-0.00004088,0.0015644,0.0045196,-0.00022182,-0.00234438,15:48:42..891,,,,
15:48:42..989,6.44884803,-0.000302,-0.00032459,0.00017848,0.00617201,-0.00004081,0.00156462,0.00451909,-0.00022138,-0.0023443,15:48:42..985,,,,
15:48:43..022,6.47987697,-0.000284,-0.00032204,0.00017954,0.00617293,-0.00004118,0.00159169,0.00452028,-0.00021124,-0.00233028,15:48:43..029,,,,
15:48:43..141,6.30404631,-0.000284,-0.00032215,0.00017986,0.00617252,-0.00004132,0.00159191,0.00452095,-0.00021065,-0.0023304,15:48:43..136,,,,
15:48:43..172,5.72483943,-0.000207,-0.00032288,0.00018131,0.00617301,-0.0000427,0.00155246,0.00450135,-0.00022291,-0.00234537,15:48:43..180,,,,
15:48:43..294,5.58003771,-0.000207,-0.00032364,0.00018127,0.00617227,-0.00004271,0.00155255,0.00450149,-0.00022334,-0.00234577,15:48:43..290,,,,
15:48:43..326,5.8954986,-0.000323,-0.00032421,0.00017806,0.00617179,-0.00004083,0.00154788,0.00450182,-0.00022014,-0.00234398,15:48:43..368,,,,
15:48:43..477,5.90584158,-0.000323,-0.00032378,0.00017785,0.0061723,-0.00004066,0.00154762,0.00450143,-0.0002195,-0.00234395,15:48:43..473,,,,
15:48:43..509,5.61106665,-0.000349,-0.00032489,0.00017635,0.00617179,-0.00004151,0.00154129,0.00452285,-0.00022084,-0.0023466,15:48:43..517,,,,
15:48:43..630,5.56452324,-0.000349,-0.00032495,0.00017699,0.00617297,-0.00004148,0.00154046,0.00452261,-0.00022029,-0.00234639,15:48:43..625,,,,
15:48:43..662,6.84705276,-0.000397,-0.00032631,0.00017748,0.0061732,-0.00004107,0.00154967,0.00452279,-0.00021006,-0.00234368,15:48:43..738,,,,
15:48:43..802,6.90911064,-0.000397,-0.00032609,0.000178,0.00617247,-0.00004055,0.00155038,0.00452329,-0.00021077,-0.00234387,15:48:43..799,,,,
15:48:43..834,5.82309774,-0.000428,-0.00032446,0.00017969,0.00617242,-0.00004218,0.00153084,0.00451573,-0.00021821,-0.0023501,15:48:43..843,,,,
15:48:43..962,5.54383728,-0.000428,-0.0003242,0.00017979,0.00617234,-0.00004219,0.0015307,0.0045158,-0.00021805,-0.00234983,15:48:43..958,,,,
15:48:43..994,6.31438929,-0.000376,-0.00032664,0.00017766,0.0061717,-0.0000411,0.00154348,0.00452271,-0.00021859,-0.00235121,15:48:44..003,,,,
15:48:44..123,6.6712221,-0.000376,-0.00032686,0.00017767,0.00617252,-0.00004128,0.00154306,0.00452308,-0.00021807,-0.00235124,15:48:44..119,,,,
15:48:44..154,6.13855863,-0.000504,-0.00032671,0.00017723,0.00617203,-0.00004156,0.00153447,0.00452101,-0.00021835,-0.00235108,15:48:44..162,,,,
15:48:44..278,5.98858542,-0.000504,-0.00032627,0.00017739,0.00617111,-0.00004125,0.00153441,0.00452033,-0.00021795,-0.00235142,15:48:44..274,,,,
15:48:44..309,5.97824244,-0.000432,-0.00032674,0.0001775,0.00617184,-0.00004163,0.00153514,0.00451618,-0.00022132,-0.00235136,15:48:44..318,,,,
15:48:44..428,6.19544502,-0.000432,-0.00032665,0.00017745,0.00617144,-0.00004178,0.0015356,0.0045161,-0.00022133,-0.00235147,15:48:44..423,,,,
15:48:44..459,6.19027353,-0.000391,-0.00032698,0.0001779,0.00617135,-0.00004172,0.00153454,0.00451726,-0.00022072,-0.00235218,15:48:44..466,,,,
15:48:44..576,5.97824244,-0.000391,-0.00032658,0.00017735,0.00617163,-0.00004202,0.00153371,0.00451677,-0.00022092,-0.00235211,15:48:44..572,,,,
15:48:44..607,5.91618456,-0.000376,-0.00032743,0.00017719,0.00617186,-0.00004116,0.00153351,0.00451411,-0.00022282,-0.00235509,15:48:44..572,,,,
15:48:44..695,6.17993055,-0.000376,-0.00032731,0.00017791,0.00617204,-0.00004141,0.00153389,0.00451413,-0.00022201,-0.0023551,15:48:44..731,,,,
15:48:44..766,6.27818886,-0.000376,-0.00032704,0.00017798,0.0061716,-0.00004103,0.00153413,0.00451393,-0.00022223,-0.00235475,15:48:44..731,,,,
15:48:44..799,6.0506433,-0.000381,-0.0003273,0.00017753,0.00617052,-0.00004159,0.00153634,0.0045179,-0.00021984,-0.00235265,15:48:44..775,,,,
15:48:44..832,6.11270118,-0.000399,-0.00032734,0.00017744,0.00617174,-0.00004153,0.00153469,0.00451681,-0.00021998,-0.00235326,15:48:44..885,,,,
15:48:44..947,6.16441608,-0.000399,-0.00032773,0.00017741,0.00617144,-0.00004157,0.00153406,0.00451685,-0.00021954,-0.00235282,15:48:44..944,,,,
15:48:44..979,6.23164545,-0.000375,-0.00032788,0.00017732,0.00617292,-0.00004169,0.0015367,0.00451273,-0.00022234,-0.00235332,15:48:44..988,,,,
15:48:45..099,6.28853184,-0.000375,-0.00032754,0.00017745,0.00617226,-0.00004182,0.00153663,0.00451299,-0.00022253,-0.00235299,15:48:45..094,,,,
15:48:45..130,6.12821565,-0.000314,-0.00032723,0.00017682,0.00617143,-0.0000415,0.00153541,0.00451602,-0.00022109,-0.00235139,15:48:45..135,,,,
15:48:45..242,5.9989284,-0.000314,-0.00032763,0.00017744,0.00617122,-0.00004139,0.00153561,0.00451485,-0.00022112,-0.00235163,15:48:45..238,,,,
15:48:45..273,5.9989284,-0.000216,-0.00032724,0.00017761,0.0061703,-0.00004151,0.00153391,0.00451286,-0.00022176,-0.00235115,15:48:45..282,,,,
15:48:45..403,6.10752969,-0.000216,-0.00032709,0.00017778,0.00617027,-0.00004135,0.0015337,0.00451309,-0.00022189,-0.00235095,15:48:45..398,,,,
15:48:45..434,6.23681694,-0.000066,-0.00032758,0.00017743,0.00617302,-0.00004125,0.00153648,0.00451059,-0.00022289,-0.00235299,15:48:45..441,,,,
15:48:45..562,6.08684373,-0.000066,-0.00032743,0.00017719,0.00617309,-0.00004166,0.00153675,0.00451054,-0.00022281,-0.00235318,15:48:45..557,,,,
15:48:45..594,6.16441608,-0.000035,-0.00032686,0.00017689,0.00617163,-0.00004155,0.00154199,0.00452282,-0.00021733,-0.00235018,15:48:45..600,,,,
15:48:45..718,6.06615777,-0.000035,-0.00032728,0.00017697,0.00617113,-0.0000414,0.00154217,0.00452243,-0.00021708,-0.00235047,15:48:45..715,,,,
15:48:45..749,6.02995734,-0.000001,-0.00032751,0.00017726,0.00617182,-0.00004199,0.00153882,0.00451809,-0.00022035,-0.00235221,15:48:45..758,,,,
15:48:45..872,6.03512883,-0.000001,-0.00032765,0.00017724,0.00617123,-0.00004195,0.0015386,0.00451744,-0.00022045,-0.00235273,15:48:45..868,,,,
15:48:45..906,6.30404631,-0.000025,-0.0003276,0.00017713,0.00617072,-0.00004213,0.00154437,0.00451058,-0.00021902,-0.00235227,15:48:45..912,,,,
15:48:45..963,6.01961436,-0.000022,-0.00032783,0.00017699,0.00617131,-0.00004221,0.00154459,0.00451114,-0.00021907,-0.00235226,15:48:46..022,,,,
15:48:46..053,6.29887482,-0.000022,-0.00032701,0.00017758,0.00617088,-0.00004183,0.00154502,0.00451117,-0.00021877,-0.0023523,15:48:46..022,,,,
15:48:46..086,6.13338714,0.000045,-0.00032864,0.00017535,0.00617043,-0.00004087,0.00153121,0.00451646,-0.0002189,-0.00235163,15:48:46..113,,,,
15:48:46..213,6.00927138,0.000045,-0.0003283,0.00017562,0.00617105,-0.00004045,0.00153122,0.00451624,-0.00021877,-0.0023522,15:48:46..209,,,,
15:48:46..247,6.07132926,0.000121,-0.00032874,0.00017514,0.00617108,-0.00004195,0.00152788,0.00451235,-0.00021856,-0.00235146,15:48:46..253,,,,
15:48:46..358,6.19544502,0.000121,-0.00032911,0.00017503,0.00617123,-0.0000417,0.00152821,0.00451254,-0.00021843,-0.00235155,15:48:46..355,,,,
15:48:46..392,6.42299058,0.000143,-0.00032795,0.00017604,0.00617258,-0.00004121,0.00155328,0.00450419,-0.00022287,-0.00235109,15:48:46..398,,,,
15:48:46..503,6.29370333,0.000143,-0.00032828,0.000176,0.00617259,-0.00004133,0.00155269,0.00450449,-0.00022283,-0.00235085,15:48:46..498,,,,
15:48:46..534,6.44367654,0.000145,-0.00032813,0.00017475,0.00617176,-0.00004043,0.00152952,0.0045157,-0.00021927,-0.0023529,15:48:46..541,,,,
15:48:46..648,6.21095949,0.000145,-0.00032811,0.00017517,0.00617217,-0.00004092,0.0015289,0.00451591,-0.0002188,-0.00235299,15:48:46..644,,,,
15:48:46..680,6.15924459,0.000128,-0.00032952,0.00017544,0.00617163,-0.00004141,0.00154345,0.00450924,-0.00021936,-0.00235501,15:48:46..687,,,,
15:48:46..813,5.82309774,0.000128,-0.00032951,0.00017543,0.00617121,-0.00004141,0.001543,0.00450827,-0.00021973,-0.00235481,15:48:46..809,,,,
15:48:46..845,6.08167224,0.000067,-0.00033098,0.00017393,0.00617094,-0.00004092,0.00153245,0.00451544,-0.00021671,-0.00235507,15:48:46..809,,,,
15:48:46..878,6.14373012,0.000063,-0.00033078,0.00017438,0.00617057,-0.00004157,0.00153082,0.00451503,-0.00021562,-0.00235415,15:48:46..889,,,,
15:48:46..994,6.38679015,0.000063,-0.00033056,0.00017495,0.00617073,-0.00004171,0.00153072,0.00451471,-0.00021581,-0.002354,15:48:46..990,,,,
15:48:47..029,6.11270118,0.000043,-0.00033141,0.00017362,0.0061713,-0.00004126,0.00153544,0.00451291,-0.00021733,-0.002355,15:48:47..035,,,,
15:48:47..081,6.02478585,0.000042,-0.00033105,0.00017447,0.00617186,-0.0000413,0.00153579,0.00451239,-0.00021746,-0.00235428,15:48:47..079,,,,
15:48:47..135,6.06615777,0.000042,-0.00033118,0.00017412,0.00617126,-0.00004165,0.0015357,0.00451344,-0.00021689,-0.00235456,15:48:47..125,,,,
15:48:47..168,6.13338714,0.000064,-0.00033098,0.00017416,0.00617119,-0.00004088,0.00153485,0.00451127,-0.00021671,-0.00235539,15:48:47..170,,,,
15:48:47..282,6.17993055,0.000064,-0.00033113,0.00017401,0.00617111,-0.00004068,0.00153499,0.00451186,-0.00021678,-0.00235521,15:48:47..278,,,,
15:48:47..315,6.09201522,-0.000002,-0.00033102,0.00017429,0.00617121,-0.00004158,0.00153702,0.00451269,-0.00021604,-0.002356,15:48:47..320,,,,
15:48:47..446,6.09718671,-0.000002,-0.00033082,0.00017425,0.00617143,-0.00004158,0.00153721,0.00451245,-0.0002164,-0.00235573,15:48:47..442,,,,
15:48:47..478,6.16958757,-0.000056,-0.00033115,0.00017391,0.00617076,-0.00004217,0.00153628,0.00451278,-0.00021651,-0.00235404,15:48:47..486,,,,
15:48:47..616,6.04547181,-0.000056,-0.00033092,0.00017419,0.0061702,-0.00004176,0.00153625,0.0045128,-0.00021577,-0.00235423,15:48:47..612,,,,
15:48:47..648,6.04030032,-0.000139,-0.00033141,0.00017349,0.0061709,-0.00004153,0.00153092,0.00451305,-0.0002165,-0.00235422,15:48:47..657,,,,
15:48:47..756,6.20061651,-0.000139,-0.00033095,0.00017362,0.00617087,-0.00004144,0.00153101,0.00451264,-0.00021627,-0.00235474,15:48:47..751,,,,
15:48:47..788,5.98858542,-0.000186,-0.00033098,0.00017354,0.00617279,-0.0000413,0.00153157,0.00451328,-0.00021596,-0.00235426,15:48:47..793,,,,
15:48:47..907,6.12304416,-0.000186,-0.00033123,0.00017366,0.00617209,-0.00004172,0.00153116,0.00451272,-0.00021615,-0.00235442,15:48:47..903,,,,
15:48:47..938,6.14373012,-0.000186,-0.00033138,0.00017417,0.00617154,-0.00004132,0.00153218,0.00451198,-0.0002164,-0.00235449,15:48:47..903,,,,
15:48:47..972,6.08684373,-0.000299,-0.00033075,0.00017322,0.0061703,-0.0000418,0.00153123,0.00451257,-0.00021577,-0.00235548,15:48:48..014,,,,
15:48:48..087,6.19027353,-0.000299,-0.00033124,0.00017403,0.00617042,-0.00004215,0.00153152,0.00451312,-0.00021565,-0.00235502,15:48:48..084,,,,
15:48:48..118,5.92652754,-0.0004,-0.00033079,0.00017457,0.00617142,-0.00004208,0.00154572,0.00450698,-0.00021328,-0.002351,15:48:48..131,,,,
15:48:48..240,6.05581479,-0.0004,-0.00033101,0.00017446,0.00617212,-0.00004234,0.00154563,0.00450621,-0.00021414,-0.00235147,15:48:48..237,,,,
15:48:48..273,6.13338714,-0.000375,-0.00033099,0.00017271,0.00617225,-0.00004149,0.00153277,0.00452036,-0.00021399,-0.00235314,15:48:48..279,,,,
15:48:48..381,6.19544502,-0.000375,-0.00033072,0.00017234,0.00617205,-0.00004125,0.00153302,0.0045201,-0.0002145,-0.0023532,15:48:48..376,,,,
15:48:48..413,6.10752969,-0.000248,-0.00033184,0.00017328,0.00617055,-0.00004259,0.00153486,0.00452087,-0.00021401,-0.00235368,15:48:48..420,,,,
15:48:48..542,6.07650075,-0.000248,-0.00033129,0.00017332,0.00617085,-0.0000421,0.00153577,0.0045208,-0.00021405,-0.00235335,15:48:48..538,,,,
15:48:48..576,5.77655433,-0.000214,-0.00033248,0.00017287,0.00617285,-0.00004286,0.00154411,0.00452543,-0.00021207,-0.00235303,15:48:48..585,,,,
15:48:48..651,5.97307095,-0.000212,-0.00033237,0.00017302,0.00617348,-0.0000425,0.0015435,0.00452516,-0.00021197,-0.00235325,15:48:48..694,,,,
15:48:48..742,5.92652754,-0.000212,-0.00033266,0.00017256,0.00617328,-0.00004337,0.0015424,0.00452449,-0.00021244,-0.00235347,15:48:48..739,,,,
15:48:48..775,6.12304416,-0.000212,-0.00033228,0.0001721,0.00617204,-0.00004189,0.00154155,0.00452164,-0.00021522,-0.00235199,15:48:48..785,,,,
15:48:48..904,6.20061651,-0.000212,-0.0003322,0.00017184,0.00617091,-0.00004183,0.00154085,0.00452012,-0.0002157,-0.00235254,15:48:48..901,,,,
15:48:48..937,5.71966794,-0.000064,-0.00033194,0.00017188,0.00617095,-0.00004201,0.00153895,0.0045168,-0.00021812,-0.00235379,15:48:48..943,,,,
15:48:49..075,6.10752969,-0.000064,-0.0003319,0.00017233,0.00617135,-0.00004204,0.00153921,0.00451704,-0.00021814,-0.00235368,15:48:49..070,,,,
15:48:49..107,6.29370333,0.000026,-0.00033213,0.00017262,0.006172,-0.00004285,0.00153829,0.00451856,-0.00021766,-0.00235307,15:48:49..070,,,,
15:48:49..189,6.24198843,0.000026,-0.00033218,0.00017235,0.00617119,-0.00004308,0.00153814,0.00451791,-0.0002174,-0.0023532,15:48:49..248,,,,
15:48:49..262,6.20061651,0.000026,-0.00033254,0.00017226,0.00617137,-0.00004334,0.00153821,0.00451868,-0.00021796,-0.00235339,15:48:49..248,,,,
15:48:49..297,6.12821565,0.000117,-0.00033292,0.00017152,0.00617159,-0.0000422,0.00154126,0.00452244,-0.00021486,-0.00235311,15:48:49..334,,,,
15:48:49..424,6.1023582,0.000117,-0.00033292,0.00017219,0.00617204,-0.00004179,0.00154164,0.00452209,-0.00021461,-0.00235311,15:48:49..421,,,,
15:48:49..456,5.87481264,0.000165,-0.00033145,0.00017271,0.00617268,-0.00004252,0.00154228,0.00452015,-0.00021571,-0.00235151,15:48:49..464,,,,
15:48:49..564,5.90067009,0.000165,-0.00033194,0.00017268,0.00617265,-0.00004231,0.00154247,0.00451973,-0.00021527,-0.00235182,15:48:49..560,,,,
15:48:49..596,6.19027353,0.00025,-0.00033271,0.00017168,0.00617205,-0.00004258,0.00154838,0.00452377,-0.00021246,-0.00235112,15:48:49..602,,,,
15:48:49..713,6.36610419,0.00025,-0.00033211,0.00017171,0.00617193,-0.00004271,0.00154835,0.00452391,-0.00021279,-0.00235075,15:48:49..709,,,,
15:48:49..745,6.11270118,0.000269,-0.00033207,0.00017154,0.00617153,-0.00004192,0.00157971,0.004538,-0.00020127,-0.00234582,15:48:49..753,,,,
15:48:49..859,6.13338714,0.000269,-0.00033242,0.00017121,0.00617199,-0.00004151,0.00158048,0.00453849,-0.00020028,-0.00234492,15:48:49..854,,,,
15:48:49..890,5.82309774,0.00034,-0.00033232,0.00017262,0.00617294,-0.00004349,0.00153823,0.00451558,-0.00021644,-0.00235346,15:48:49..899,,,,
15:48:50..007,6.07650075,0.00034,-0.00033229,0.00017307,0.00617233,-0.00004288,0.00153824,0.00451513,-0.00021648,-0.00235358,15:48:50..004,,,,
15:48:50..040,6.34024674,0.000389,-0.00033194,0.00017215,0.00617039,-0.00004212,0.0015513,0.0045269,-0.00021168,-0.00235178,15:48:50..048,,,,
15:48:50..159,6.29370333,0.000389,-0.00033161,0.00017223,0.00617049,-0.00004189,0.00155123,0.0045267,-0.00021137,-0.00235177,15:48:50..155,,,,
15:48:50..191,5.91101307,0.000448,-0.00033208,0.00017136,0.0061699,-0.00004331,0.00155425,0.00453166,-0.00020905,-0.00235075,15:48:50..231,,,,
15:48:50..306,5.87998413,0.000448,-0.00033214,0.00017167,0.00617025,-0.00004273,0.00155393,0.00453143,-0.00020898,-0.00235072,15:48:50..302,,,,
15:48:50..338,6.23681694,0.000266,-0.00033256,0.00017173,0.00616998,-0.00004266,0.00155472,0.00452653,-0.00021035,-0.00234973,15:48:50..348,,,,
15:48:50..450,6.45401952,0.000266,-0.00033265,0.00017175,0.00617009,-0.00004268,0.00155502,0.00452696,-0.00020971,-0.00234994,15:48:50..446,,,,
15:48:50..481,6.28853184,0.000068,-0.0003316,0.00017258,0.00617103,-0.0000426,0.00154787,0.0045284,-0.0002096,-0.00234974,15:48:50..446,,,,
15:48:50..566,6.08684373,0.000068,-0.00033174,0.00017219,0.0061713,-0.0000426,0.00154809,0.00452837,-0.00020928,-0.00234903,15:48:50..592,,,,
15:48:50..602,6.11787267,0.000068,-0.00033188,0.00017236,0.00617087,-0.00004267,0.00154751,0.00452788,-0.00020941,-0.00234943,15:48:50..592,,,,
15:48:50..637,6.01961436,-0.000039,-0.00033184,0.00017248,0.0061707,-0.00004302,0.00154721,0.00452818,-0.00021002,-0.00235105,15:48:50..709,,,,
15:48:50..762,6.02478585,-0.000039,-0.00033179,0.00017185,0.00617125,-0.00004267,0.00154749,0.00452842,-0.00020985,-0.00235054,15:48:50..759,,,,
15:48:50..795,6.06615777,-0.000089,-0.00033163,0.00017246,0.00617151,-0.00004317,0.00156013,0.00453078,-0.00021305,-0.00235117,15:48:50..802,,,,
15:48:50..898,6.11787267,-0.000089,-0.00033186,0.00017213,0.00617201,-0.00004253,0.0015619,0.00453125,-0.00021383,-0.00235112,15:48:50..895,,,,
15:48:50..930,6.205788,-0.000197,-0.00033362,0.00017233,0.0061719,-0.00004229,0.00156695,0.00452778,-0.0002175,-0.00235331,15:48:50..938,,,,
15:48:51..053,6.16958757,-0.000197,-0.00033372,0.00017208,0.00617158,-0.00004229,0.00156679,0.0045273,-0.00021739,-0.00235269,15:48:51..049,,,,
15:48:51..085,6.00409989,-0.000231,-0.00033296,0.00017146,0.00617027,-0.00004293,0.00155085,0.00452456,-0.00021447,-0.00235229,15:48:51..092,,,,
15:48:51..218,6.07650075,-0.000231,-0.0003331,0.00017152,0.00617002,-0.00004275,0.0015508,0.00452455,-0.0002142,-0.00235225,15:48:51..213,,,,
15:48:51..251,6.23164545,-0.000178,-0.00033375,0.00017046,0.00617096,-0.00004313,0.0015816,0.00454224,-0.0002011,-0.00234732,15:48:51..256,,,,
15:48:51..391,5.95238499,-0.000178,-0.00033338,0.00017129,0.00617035,-0.00004299,0.00158205,0.00454174,-0.00020158,-0.00234692,15:48:51..386,,,,
15:48:51..422,6.08684373,-0.000164,-0.00033376,0.00017011,0.00617096,-0.00004276,0.00155961,0.00453037,-0.00020589,-0.00234947,15:48:51..494,,,,
15:48:51..540,6.03512883,-0.000114,-0.00033374,0.00017031,0.00617129,-0.00004297,0.00155935,0.00453045,-0.00020554,-0.00234983,15:48:51..537,,,,
15:48:51..575,6.0506433,-0.000083,-0.00033322,0.00017014,0.0061726,-0.00004228,0.00158218,0.00454189,-0.00019619,-0.00234641,15:48:51..581,,,,
15:48:51..686,6.09718671,-0.000083,-0.00033354,0.00017002,0.00617246,-0.00004195,0.0015821,0.0045415,-0.00019554,-0.00234705,15:48:51..683,,,,
15:48:51..721,5.89032711,-0.000078,-0.00033366,0.00017099,0.00617356,-0.00004352,0.00156751,0.00453181,-0.00020754,-0.00234884,15:48:51..683,,,,
15:48:51..803,6.01961436,-0.000078,-0.00033333,0.00017094,0.00617363,-0.00004351,0.00156765,0.00453195,-0.00020753,-0.00234857,15:48:51..845,,,,
15:48:51..866,6.21613098,-0.000078,-0.00033355,0.0001709,0.00617335,-0.00004328,0.00156823,0.0045315,-0.00020755,-0.00234865,15:48:51..845,,,,
15:48:51..900,6.23164545,-0.000213,-0.00033316,0.00017018,0.00617275,-0.00004337,0.00155923,0.00453176,-0.00020493,-0.00234856,15:48:51..932,,,,
15:48:52..022,6.13338714,-0.000213,-0.00033306,0.00017004,0.0061729,-0.00004332,0.00155805,0.00453165,-0.00020514,-0.00234888,15:48:52..018,,,,
15:48:52..053,5.91101307,-0.000332,-0.00033366,0.00016947,0.00617248,-0.00004187,0.00158724,0.00454297,-0.00019187,-0.00234177,15:48:52..018,,,,
15:48:52..131,5.90584158,-0.000332,-0.00033386,0.00016951,0.00617269,-0.00004196,0.00158772,0.00454248,-0.00019206,-0.00234185,15:48:52..172,,,,
15:48:52..194,6.32990376,-0.000332,-0.00033365,0.00016926,0.00617271,-0.00004198,0.00158864,0.00454332,-0.00019146,-0.0023416,15:48:52..172,,,,
15:48:52..227,6.35576121,-0.000399,-0.00033394,0.00016914,0.00617127,-0.00004218,0.0016195,0.00454599,-0.00019579,-0.00234605,15:48:52..260,,,,
15:48:52..356,6.01444287,-0.000399,-0.00033439,0.00016934,0.00617144,-0.00004261,0.00161805,0.00454506,-0.00019627,-0.00234662,15:48:52..353,,,,
15:48:52..388,6.0506433,-0.000272,-0.00033361,0.0001695,0.00617038,-0.0000424,0.00156243,0.0045313,-0.0002093,-0.00234959,15:48:52..353,,,,
15:48:52..479,6.07132926,-0.000272,-0.00033361,0.00016925,0.00617103,-0.00004281,0.00156255,0.00453076,-0.0002095,-0.00234936,15:48:52..525,,,,
15:48:52..567,6.48504846,-0.000272,-0.00033375,0.00016958,0.00617051,-0.00004277,0.00156267,0.00453118,-0.00020962,-0.00234987,15:48:52..525,,,,
15:48:52..601,5.8437837,-0.000172,-0.00033343,0.00016956,0.0061722,-0.00004258,0.00159321,0.00454707,-0.00019027,-0.00234471,15:48:52..568,,,,
15:48:52..634,5.89032711,-0.000006,-0.00033363,0.00016891,0.00617199,-0.00004254,0.00159833,0.00454966,-0.0001891,-0.00234397,15:48:52..688,,,,
15:48:52..742,5.93687052,-0.000006,-0.00033356,0.00016943,0.00617243,-0.00004251,0.00159808,0.00454998,-0.00018919,-0.00234399,15:48:52..738,,,,
15:48:52..775,6.28336035,0.00004,-0.00033363,0.0001692,0.00617233,-0.00004318,0.00159152,0.0045451,-0.00019403,-0.00234487,15:48:52..782,,,,
15:48:52..905,6.32990376,0.00004,-0.00033342,0.00016987,0.00617288,-0.00004296,0.00159181,0.00454533,-0.00019329,-0.00234416,15:48:52..900,,,,
15:48:52..937,6.13338714,0.000072,-0.00033347,0.00016884,0.00617258,-0.00004183,0.00161571,0.00455758,-0.00018157,-0.00234199,15:48:52..945,,,,
15:48:53..067,6.205788,0.000072,-0.00033313,0.00016887,0.00617279,-0.00004225,0.00161584,0.00455745,-0.00018165,-0.00234168,15:48:53..064,,,,
15:48:53..100,6.04030032,-0.000003,-0.00033385,0.00016918,0.00617233,-0.00004345,0.00158573,0.0045405,-0.00019655,-0.00234572,15:48:53..064,,,,
15:48:53..181,6.1023582,-0.000003,-0.00033352,0.00016872,0.00617248,-0.00004326,0.00158529,0.00454038,-0.00019624,-0.00234501,15:48:53..218,,,,
15:48:53..227,6.22647396,-0.000003,-0.00033351,0.00016956,0.00617288,-0.00004319,0.00158557,0.00454043,-0.00019647,-0.0023451,15:48:53..218,,,,
15:48:53..262,6.26784588,0.000025,-0.00033309,0.00016901,0.00617225,-0.00004323,0.00158235,0.00454231,-0.00019266,-0.0023452,15:48:53..306,,,,
15:48:53..342,6.06615777,0.000025,-0.00033336,0.0001695,0.0061719,-0.00004276,0.00158261,0.00454248,-0.00019284,-0.0023458,15:48:53..306,,,,
15:48:53..374,6.21095949,0.00006,-0.00033326,0.00016894,0.00617232,-0.00004262,0.0015978,0.0045449,-0.00019002,-0.00234264,15:48:53..393,,,,
15:48:53..504,5.98341393,0.00006,-0.00033328,0.00016933,0.00617239,-0.00004263,0.00159733,0.00454483,-0.00019029,-0.00234285,15:48:53..499,,,,
15:48:53..536,6.1023582,0.00006,-0.0003337,0.0001683,0.0061703,-0.00004239,0.00162936,0.00456667,-0.00017142,-0.00233746,15:48:53..499,,,,
15:48:53..571,6.19544502,0.000205,-0.00033323,0.00016949,0.00617062,-0.00004391,0.00159243,0.00455196,-0.00018751,-0.00234191,15:48:53..632,,,,
15:48:53..690,6.1023582,0.000205,-0.00033283,0.00016959,0.00617055,-0.00004401,0.00159232,0.00455144,-0.00018746,-0.00234187,15:48:53..704,,,,
15:48:53..738,6.29887482,0.000205,-0.00033273,0.00017014,0.00617097,-0.00004405,0.00159227,0.00455114,-0.00018811,-0.00234175,15:48:53..704,,,,
15:48:53..773,6.23681694,0.000203,-0.00033326,0.00016903,0.00617284,-0.00004287,0.00161087,0.00455366,-0.00018536,-0.00234256,15:48:53..748,,,,
15:48:53..807,6.15924459,0.000081,-0.00033296,0.0001697,0.00617079,-0.00004334,0.00160009,0.00454978,-0.00018601,-0.00234301,15:48:53..865,,,,
15:48:53..917,6.00927138,0.000081,-0.00033324,0.00016928,0.0061705,-0.00004301,0.00160024,0.00454978,-0.00018584,-0.00234283,15:48:53..914,,,,
15:48:53..949,5.92135605,0.000045,-0.0003332,0.00016929,0.00617159,-0.00004282,0.00161539,0.00455137,-0.00018379,-0.00234142,15:48:53..958,,,,
15:48:54..065,5.9989284,0.000045,-0.00033307,0.0001695,0.00617155,-0.00004285,0.00161525,0.00455114,-0.00018408,-0.00234147,15:48:54..061,,,,
15:48:54..098,6.16958757,-0.000016,-0.00033322,0.00016887,0.00617197,-0.00004361,0.00160016,0.00454836,-0.00018841,-0.00234121,15:48:54..104,,,,
15:48:54..202,6.20061651,-0.000016,-0.00033318,0.00016896,0.0061721,-0.00004361,0.0016005,0.00454793,-0.00018753,-0.00234097,15:48:54..198,,,,
15:48:54..234,5.94204201,0.000043,-0.00033305,0.00016897,0.00617206,-0.00004309,0.00161942,0.00455142,-0.00018153,-0.00233862,15:48:54..241,,,,
15:48:54..364,5.9472135,0.000043,-0.00033321,0.00016961,0.00617259,-0.00004288,0.00162032,0.00455184,-0.00018124,-0.00233852,15:48:54..359,,,,
15:48:54..396,5.91101307,0.000143,-0.00033335,0.00016962,0.00617291,-0.00004433,0.00160797,0.0045494,-0.00018641,-0.00234094,15:48:54..401,,,,
15:48:54..508,6.06098628,0.000143,-0.00033301,0.00016982,0.00617283,-0.00004326,0.0016086,0.0045498,-0.00018695,-0.00234078,15:48:54..503,,,,
15:48:54..541,6.15924459,0.00009,-0.00033323,0.00016934,0.00617213,-0.00004381,0.00160979,0.00454952,-0.00018843,-0.0023408,15:48:54..548,,,,
15:48:54..635,6.09718671,0.00009,-0.00033323,0.0001692,0.00617244,-0.00004353,0.00161024,0.00454944,-0.00018878,-0.00234056,15:48:54..631,,,,
15:48:54..667,5.93687052,-0.000006,-0.00033341,0.00016871,0.00617351,-0.00004283,0.00162628,0.00455687,-0.00018262,-0.00233969,15:48:54..675,,,,
15:48:54..738,6.04030032,-0.000083,-0.00033318,0.00016877,0.0061733,-0.00004255,0.00162705,0.00455748,-0.0001825,-0.00233969,15:48:54..786,,,,
15:48:54..844,6.06098628,-0.000083,-0.00033308,0.00016846,0.00617376,-0.00004301,0.00162744,0.0045572,-0.00018268,-0.00233993,15:48:54..842,,,,
15:48:54..877,6.04030032,-0.000084,-0.00033334,0.00016884,0.00617269,-0.00004363,0.00159921,0.00454679,-0.00019116,-0.00234015,15:48:54..886,,,,
15:48:54..941,6.06615777,-0.000038,-0.0003338,0.00016853,0.00617306,-0.00004403,0.00159896,0.00454675,-0.0001915,-0.00234004,15:48:54..984,,,,
15:48:55..001,6.04547181,-0.000038,-0.00033362,0.00016857,0.00617281,-0.00004427,0.00159873,0.00454647,-0.0001912,-0.00234063,15:48:54..984,,,,
15:48:55..034,6.205788,-0.000062,-0.00033325,0.0001684,0.00617315,-0.00004328,0.001623,0.00455592,-0.00018137,-0.00233854,15:48:55..072,,,,
15:48:55..159,6.27301737,-0.000062,-0.00033324,0.00016881,0.00617275,-0.00004295,0.00162346,0.00455523,-0.0001814,-0.00233799,15:48:55..155,,,,
15:48:55..191,6.12304416,-0.000061,-0.00033346,0.0001684,0.00617423,-0.00004355,0.00161556,0.00455156,-0.00018486,-0.00233912,15:48:55..155,,,,
15:48:55..277,6.0506433,-0.000061,-0.00033361,0.00016899,0.00617389,-0.00004365,0.00161574,0.00455176,-0.00018498,-0.00233899,15:48:55..313,,,,
15:48:55..348,6.14890161,-0.000061,-0.00033319,0.00016829,0.00617299,-0.00004346,0.00161541,0.00455164,-0.00018486,-0.00233909,15:48:55..313,,,,
15:48:55..382,6.22130247,-0.000003,-0.00033291,0.00016869,0.00617375,-0.00004315,0.00162493,0.00455448,-0.00018251,-0.00233865,15:48:55..356,,,,
15:48:55..415,6.1540731,-0.000119,-0.00033366,0.00016852,0.00617346,-0.00004331,0.00162708,0.00455754,-0.0001802,-0.00233894,15:48:55..470,,,,
15:48:55..521,6.19544502,-0.000119,-0.00033353,0.00016861,0.00617401,-0.00004341,0.00162645,0.00455778,-0.00017996,-0.00233889,15:48:55..517,,,,
15:48:55..553,6.05581479,-0.000203,-0.00033325,0.00016872,0.00617395,-0.00004362,0.00162431,0.00455526,-0.00018094,-0.00233868,15:48:55..631,,,,
15:48:55..684,5.9989284,-0.000203,-0.00033329,0.00016913,0.00617477,-0.00004282,0.00162461,0.00455534,-0.00018049,-0.00233886,15:48:55..681,,,,
15:48:55..715,6.13338714,-0.000203,-0.00033323,0.00016971,0.00617415,-0.00004269,0.00163107,0.00454889,-0.0001874,-0.00234011,15:48:55..681,,,,
15:48:55..752,6.28853184,-0.000186,-0.0003334,0.00016807,0.00617381,-0.00004303,0.00162296,0.00455961,-0.00017927,-0.00234034,15:48:55..807,,,,
15:48:55..857,6.2575029,-0.000186,-0.00033376,0.00016787,0.00617308,-0.00004316,0.00162255,0.00455906,-0.00017967,-0.00234074,15:48:55..807,,,,
15:48:55..892,5.82309774,-0.000186,-0.00033363,0.00016739,0.0061726,-0.00004389,0.0015948,0.00454866,-0.0001907,-0.00234474,15:48:55..867,,,,
15:48:55..926,6.07650075,-0.000127,-0.0003343,0.00016768,0.00617361,-0.00004446,0.00158183,0.00454225,-0.00019594,-0.00234392,15:48:55..912,,,,
15:48:55..960,6.11270118,-0.000087,-0.00033456,0.0001682,0.00617369,-0.00004419,0.00158711,0.00454319,-0.00019439,-0.00234304,15:48:56..004,,,,
15:48:56..048,6.05581479,-0.000062,-0.00033411,0.00016834,0.00617355,-0.00004479,0.00158725,0.00454292,-0.00019398,-0.00234232,15:48:56..047,,,,
15:48:56..081,6.11787267,-0.000062,-0.0003341,0.00016874,0.00617382,-0.00004464,0.00159618,0.00454693,-0.00018957,-0.00234295,15:48:56..047,,,,
15:48:56..115,6.11270118,0.000012,-0.00033344,0.00016855,0.0061727,-0.00004375,0.00160059,0.004546,-0.0001915,-0.00234421,15:48:56..168,,,,
15:48:56..220,6.22130247,0.000012,-0.00033346,0.00016864,0.00617278,-0.00004377,0.00159968,0.00454584,-0.00019181,-0.00234439,15:48:56..217,,,,
15:48:56..251,6.30404631,0.000081,-0.00033373,0.00016779,0.00617566,-0.00004376,0.00159274,0.00454559,-0.00019147,-0.00234387,15:48:56..217,,,,
15:48:56..343,6.26267439,0.000081,-0.00033405,0.00016752,0.00617504,-0.00004375,0.00159236,0.00454585,-0.00019166,-0.00234411,15:48:56..398,,,,
15:48:56..413,6.19027353,0.000081,-0.00033397,0.00016734,0.00617523,-0.00004374,0.00159174,0.00454572,-0.00019163,-0.00234382,15:48:56..398,,,,
15:48:56..446,6.06098628,0.000127,-0.00033377,0.00016902,0.00617415,-0.00004372,0.00159647,0.00454172,-0.00019512,-0.00234461,15:48:56..483,,,,
15:48:56..572,5.90584158,0.000127,-0.00033376,0.00016908,0.00617381,-0.0000435,0.0015965,0.00454128,-0.00019508,-0.00234461,15:48:56..567,,,,
15:48:56..603,6.07132926,0.000019,-0.00033389,0.00016785,0.00617387,-0.00004434,0.00159429,0.00454699,-0.00019019,-0.00234507,15:48:56..611,,,,
15:48:56..723,6.19544502,0.000019,-0.00033388,0.0001675,0.0061736,-0.0000441,0.00159411,0.00454681,-0.00018961,-0.00234531,15:48:56..719,,,,
15:48:56..754,5.9989284,-0.000083,-0.0003337,0.00016851,0.00617375,-0.00004457,0.00160266,0.00454865,-0.00018784,-0.00234394,15:48:56..762,,,,
15:48:56..847,6.15924459,-0.000083,-0.00033381,0.00016876,0.00617407,-0.00004433,0.00160282,0.00454862,-0.00018773,-0.00234378,15:48:56..843,,,,
15:48:56..878,6.11270118,-0.000089,-0.00033383,0.00016818,0.00617329,-0.00004439,0.00161023,0.00455416,-0.00018292,-0.00234175,15:48:56..886,,,,
15:48:57..021,6.27301737,-0.000089,-0.00033401,0.00016796,0.00617318,-0.00004427,0.00161026,0.0045544,-0.00018288,-0.00234174,15:48:57..016,,,,
15:48:57..054,6.12304416,-0.000163,-0.00033402,0.00016793,0.00617377,-0.00004423,0.00161661,0.00455456,-0.00018301,-0.0023431,15:48:57..060,,,,
15:48:57..164,6.12821565,-0.000163,-0.00033409,0.00016792,0.00617365,-0.00004386,0.00161627,0.00455536,-0.0001831,-0.00234275,15:48:57..159,,,,
15:48:57..195,6.24715992,-0.000206,-0.00033444,0.00016794,0.00617409,-0.0000444,0.00160655,0.00455147,-0.00018803,-0.00234364,15:48:57..205,,,,
15:48:57..321,6.23681694,-0.000206,-0.00033406,0.00016834,0.00617377,-0.00004409,0.00160646,0.00455182,-0.00018837,-0.00234345,15:48:57..317,,,,
15:48:57..353,6.24198843,-0.000103,-0.00033396,0.00016837,0.00617326,-0.00004433,0.0016283,0.00455743,-0.00017704,-0.00233967,15:48:57..361,,,,
15:48:57..472,5.94204201,-0.000103,-0.00033384,0.00016849,0.00617367,-0.00004405,0.00162849,0.00455798,-0.00017745,-0.0023395,15:48:57..467,,,,
15:48:57..505,6.1023582,0.000005,-0.000334,0.0001695,0.00617406,-0.00004457,0.00160532,0.00454604,-0.00019189,-0.00234343,15:48:57..511,,,,
15:48:57..629,5.94204201,0.000005,-0.0003336,0.00016927,0.00617417,-0.0000448,0.00160531,0.00454552,-0.00019141,-0.00234307,15:48:57..624,,,,
15:48:57..661,5.97307095,0.000032,-0.00033375,0.00016841,0.00617406,-0.00004464,0.0016091,0.00455172,-0.00018665,-0.00234163,15:48:57..668,,,,
15:48:57..760,6.0506433,0.000032,-0.00033396,0.00016862,0.0061745,-0.0000443,0.00160917,0.00455142,-0.00018672,-0.00234158,15:48:57..816,,,,
15:48:57..836,5.93169903,0.000032,-0.00033379,0.0001684,0.00617496,-0.00004443,0.00160869,0.00455083,-0.00018678,-0.00234237,15:48:57..816,,,,
15:48:57..870,6.32473227,-0.000061,-0.00033392,0.00016828,0.00617402,-0.00004493,0.00158861,0.004547,-0.00019151,-0.00234508,15:48:57..902,,,,
15:48:58..013,6.03512883,-0.000061,-0.00033427,0.00016837,0.00617381,-0.00004469,0.00158818,0.00454693,-0.00019179,-0.00234466,15:48:58..010,,,,
15:48:58..045,5.78689731,-0.000196,-0.00033431,0.00016807,0.00617342,-0.00004466,0.00160107,0.0045437,-0.00019145,-0.0023408,15:48:58..091,,,,
15:48:58..184,6.05581479,-0.000196,-0.00033377,0.000168,0.00617294,-0.00004448,0.00160121,0.00454395,-0.00019082,-0.00234064,15:48:58..180,,,,
15:48:58..214,6.09201522,-0.0003,-0.00033351,0.00016988,0.00617355,-0.00004573,0.00158929,0.00453789,-0.00019763,-0.00234276,15:48:58..180,,,,
15:48:58..285,5.98858542,-0.0003,-0.00033363,0.00017035,0.00617369,-0.00004504,0.00158964,0.0045386,-0.00019745,-0.0023429,15:48:58..339,,,,
15:48:58..363,6.27818886,-0.0003,-0.00033339,0.00016999,0.00617371,-0.00004568,0.00158999,0.00453789,-0.00019827,-0.00234323,15:48:58..339,,,,
15:48:58..396,6.3609327,-0.000385,-0.00033342,0.00016869,0.00617265,-0.00004456,0.00159182,0.00453969,-0.0001964,-0.00234366,15:48:58..384,,,,
15:48:58..532,6.13338714,-0.000385,-0.00033404,0.00016877,0.00617258,-0.00004428,0.00159305,0.00454006,-0.00019587,-0.00234275,15:48:58..527,,,,
15:48:58..564,5.86446966,-0.000389,-0.00033396,0.00016817,0.00617208,-0.00004442,0.00160935,0.00454009,-0.00020024,-0.00234201,15:48:58..570,,,,
15:48:58..649,5.77655433,-0.000389,-0.0003338,0.00016825,0.00617238,-0.00004436,0.00160986,0.00454029,-0.00019979,-0.00234233,15:48:58..687,,,,
15:48:58..707,6.16441608,-0.000389,-0.0003341,0.0001685,0.00617243,-0.00004454,0.00161041,0.00454016,-0.00020026,-0.00234213,15:48:58..687,,,,
15:48:58..739,6.0506433,-0.000364,-0.00033401,0.00016891,0.00617436,-0.00004419,0.00159118,0.00454056,-0.00019908,-0.0023425,15:48:58..774,,,,
15:48:58..848,6.39713313,-0.000364,-0.00033418,0.0001684,0.00617375,-0.00004475,0.00159053,0.00454008,-0.00019966,-0.00234333,15:48:58..844,,,,
15:48:58..880,6.33507525,-0.000356,-0.00033444,0.00016811,0.00617246,-0.00004512,0.00157559,0.00453296,-0.00020746,-0.00234598,15:48:58..886,,,,
15:48:58..993,6.34024674,-0.000356,-0.00033445,0.00016805,0.00617303,-0.0000448,0.00157538,0.00453356,-0.0002079,-0.00234568,15:48:58..988,,,,
15:48:59..024,6.21613098,-0.00046,-0.00033454,0.00016784,0.00617215,-0.00004456,0.00158367,0.00453677,-0.00020278,-0.00234396,15:48:58..988,,,,
15:48:59..114,5.8437837,-0.00046,-0.00033439,0.00016758,0.0061716,-0.00004482,0.00158387,0.00453673,-0.00020367,-0.00234389,15:48:59..150,,,,
15:48:59..160,6.0506433,-0.00046,-0.00033449,0.00016796,0.0061704,-0.00004484,0.00158362,0.004537,-0.00020305,-0.00234355,15:48:59..150,,,,
15:48:59..194,5.93687052,-0.000605,-0.0003343,0.00016741,0.00617263,-0.00004414,0.00161251,0.00455308,-0.00018987,-0.0023407,15:48:59..260,,,,
15:48:59..315,6.28853184,-0.000605,-0.00033435,0.00016756,0.00617238,-0.00004414,0.00161089,0.00455323,-0.00018998,-0.00234093,15:48:59..312,,,,
15:48:59..347,6.24715992,-0.000636,-0.00033471,0.00016777,0.00617323,-0.00004469,0.00157903,0.00453286,-0.00020814,-0.00234645,15:48:59..354,,,,
15:48:59..417,6.26267439,-0.000636,-0.00033437,0.00016771,0.00617348,-0.00004463,0.00157928,0.00453234,-0.00020809,-0.00234624,15:48:59..453,,,,
15:48:59..491,6.14373012,-0.000636,-0.00033451,0.0001679,0.00617321,-0.00004525,0.00157902,0.0045325,-0.00020787,-0.00234685,15:48:59..453,,,,
15:48:59..524,6.17475906,-0.000689,-0.00033374,0.00016821,0.00617311,-0.00004485,0.00157546,0.00453483,-0.00020506,-0.00234486,15:48:59..497,,,,
15:48:59..620,5.96272797,-0.000689,-0.00033414,0.00016802,0.00617384,-0.00004555,0.00157626,0.00453556,-0.00020487,-0.00234522,15:48:59..665,,,,
15:48:59..675,6.06098628,-0.000689,-0.00033383,0.00016797,0.00617365,-0.00004507,0.00157612,0.00453551,-0.00020493,-0.0023453,15:48:59..665,,,,
15:48:59..708,6.31438929,-0.000677,-0.00033432,0.00016803,0.00617358,-0.00004524,0.00158405,0.00453411,-0.00020696,-0.002344,15:48:59..752,,,,
15:48:59..860,6.04030032,-0.000677,-0.00033459,0.00016803,0.00617354,-0.000045,0.00158369,0.00453431,-0.00020756,-0.00234435,15:48:59..855,,,,
15:48:59..891,5.9472135,-0.000592,-0.00033429,0.00016821,0.00617287,-0.00004477,0.00157524,0.00453062,-0.00020975,-0.00234619,15:48:59..900,,,,
15:48:59..971,6.04547181,-0.000592,-0.00033446,0.00016796,0.00617327,-0.0000445,0.00157595,0.00453162,-0.00020982,-0.0023462,15:49:00..007,,,,
15:49:00..029,5.93687052,-0.000592,-0.0003344,0.00016777,0.00617312,-0.00004462,0.00157608,0.00453238,-0.00020964,-0.00234611,15:49:00..007,,,,
15:49:00..062,5.98341393,-0.000456,-0.00033443,0.00016843,0.00617454,-0.00004453,0.00157933,0.00453628,-0.00020768,-0.00234517,15:49:00..097,,,,
15:49:00..201,6.09718671,-0.000456,-0.00033445,0.00016828,0.00617435,-0.00004504,0.00157964,0.00453578,-0.00020752,-0.00234548,15:49:00..198,,,,
15:49:00..234,6.08167224,-0.000312,-0.00033443,0.00016858,0.0061756,-0.000046,0.00158254,0.00453553,-0.00020595,-0.00234367,15:49:00..241,,,,
15:49:00..346,6.09718671,-0.000312,-0.0003344,0.00016868,0.00617533,-0.00004588,0.00158201,0.00453497,-0.0002064,-0.00234377,15:49:00..342,,,,
15:49:00..378,6.06098628,-0.000137,-0.00033421,0.00016764,0.00617305,-0.0000445,0.00158803,0.00453957,-0.00020418,-0.00234426,15:49:00..387,,,,
15:49:00..486,6.09201522,-0.000137,-0.00033439,0.00016753,0.00617362,-0.00004485,0.00158748,0.00453962,-0.0002049,-0.00234444,15:49:00..483,,,,
15:49:00..517,6.13338714,-0.00004,-0.00033459,0.00016739,0.00617366,-0.00004424,0.00158861,0.00454057,-0.00020222,-0.002344,15:49:00..527,,,,
15:49:00..583,6.27818886,-0.000012,-0.00033437,0.00016692,0.00617307,-0.00004483,0.00158823,0.00453988,-0.00020282,-0.00234344,15:49:00..623,,,,
15:49:00..634,5.92652754,-0.000012,-0.00033467,0.00016718,0.00617348,-0.00004434,0.00158802,0.00454008,-0.00020291,-0.00234288,15:49:00..623,,,,
15:49:00..669,6.13855863,-0.000065,-0.00033431,0.00016802,0.00617499,-0.0000455,0.00157944,0.00453483,-0.00020541,-0.00234309,15:49:00..712,,,,
15:49:00..775,6.14373012,-0.000065,-0.00033459,0.00016831,0.00617481,-0.00004503,0.00157936,0.00453453,-0.00020543,-0.00234324,15:49:00..771,,,,
15:49:00..807,6.19027353,-0.000156,-0.00033497,0.00016791,0.00617549,-0.00004492,0.00158787,0.00453725,-0.00020292,-0.00234265,15:49:00..771,,,,
15:49:00..877,6.04547181,-0.000156,-0.00033472,0.00016827,0.00617571,-0.00004456,0.00158808,0.00453744,-0.00020257,-0.0023418,15:49:00..918,,,,
15:49:00..933,6.09201522,-0.000156,-0.00033495,0.00016815,0.00617487,-0.0000447,0.00158841,0.00453776,-0.00020276,-0.00234237,15:49:00..918,,,,
15:49:00..967,5.9989284,-0.000151,-0.00033436,0.00016777,0.00617349,-0.00004517,0.00157911,0.00453231,-0.00021009,-0.00234457,15:49:01..004,,,,
15:49:01..031,6.02995734,-0.000094,-0.0003345,0.00016787,0.00617373,-0.00004457,0.00157877,0.00453242,-0.00021043,-0.00234485,15:49:01..047,,,,
15:49:01..103,6.10752969,-0.000094,-0.00033459,0.00016801,0.00617347,-0.00004493,0.00157896,0.0045326,-0.00021009,-0.00234454,15:49:01..116,,,,
15:49:01..136,6.27301737,-0.000094,-0.00033467,0.00016821,0.00617321,-0.00004461,0.00160541,0.00453914,-0.00020007,-0.00233975,15:49:01..116,,,,
15:49:01..170,6.1540731,0.000047,-0.00033437,0.00016929,0.0061749,-0.00004586,0.00156762,0.00452986,-0.00021326,-0.00234481,15:49:01..204,,,,
15:49:01..263,5.91101307,0.000047,-0.00033402,0.00016925,0.00617504,-0.00004609,0.00156729,0.00452978,-0.00021344,-0.0023449,15:49:01..262,,,,
15:49:01..297,6.34541823,0.000086,-0.0003348,0.00016791,0.00617497,-0.00004437,0.00159705,0.00454264,-0.0002035,-0.00234266,15:49:01..305,,,,
15:49:01..423,6.19544502,0.000086,-0.00033524,0.0001677,0.0061747,-0.00004425,0.00159663,0.00454202,-0.00020347,-0.00234279,15:49:01..418,,,,
15:49:01..455,6.00927138,0.000068,-0.0003345,0.00016824,0.00617429,-0.00004516,0.00158916,0.00453972,-0.00020499,-0.0023423,15:49:01..496,,,,
15:49:01..566,5.91101307,0.000068,-0.00033453,0.0001682,0.0061744,-0.00004562,0.00158821,0.00453987,-0.00020522,-0.00234256,15:49:01..562,,,,
15:49:01..599,6.1023582,0.00001,-0.00033491,0.00016766,0.00617322,-0.0000447,0.00158946,0.00453833,-0.00020552,-0.00234372,15:49:01..606,,,,
15:49:01..722,6.26267439,0.00001,-0.00033494,0.00016761,0.0061728,-0.00004476,0.00158922,0.00453809,-0.00020553,-0.00234397,15:49:01..720,,,,
15:49:01..755,6.16441608,-0.000125,-0.00033476,0.00016775,0.00617353,-0.00004494,0.00158597,0.00453779,-0.00020737,-0.0023446,15:49:01..763,,,,
15:49:01..877,6.11787267,-0.000125,-0.0003348,0.00016816,0.00617326,-0.00004468,0.0015852,0.00453749,-0.00020695,-0.00234484,15:49:01..872,,,,
15:49:01..908,6.16958757,-0.000244,-0.00033474,0.00016827,0.00617331,-0.00004581,0.00156838,0.00452973,-0.00021439,-0.00234556,15:49:01..872,,,,
15:49:02..006,6.08684373,-0.000285,-0.00033526,0.00016771,0.0061724,-0.00004545,0.00156621,0.0045298,-0.00021368,-0.00234552,15:49:02..053,,,,
15:49:02..107,6.27301737,-0.000285,-0.00033464,0.00016817,0.00617225,-0.00004547,0.00156516,0.0045293,-0.00021358,-0.00234519,15:49:02..104,,,,
15:49:02..140,6.01961436,-0.000225,-0.00033454,0.00016888,0.00617239,-0.00004536,0.00157573,0.004528,-0.00021008,-0.00234457,15:49:02..146,,,,
15:49:02..281,5.86964115,-0.000225,-0.00033467,0.00016883,0.00617293,-0.00004568,0.00157592,0.00452818,-0.00021073,-0.0023444,15:49:02..278,,,,
15:49:02..315,6.06615777,-0.000016,-0.00033538,0.00016845,0.00617313,-0.00004485,0.00157235,0.00454251,-0.0002074,-0.00234965,15:49:02..356,,,,
15:49:02..461,5.98858542,-0.000016,-0.00033548,0.00016839,0.00617308,-0.00004461,0.00157313,0.00454288,-0.0002068,-0.00234933,15:49:02..456,,,,
15:49:02..493,6.01961436,0.00009,-0.00033437,0.00016839,0.00617167,-0.00004619,0.00156781,0.0045385,-0.00019967,-0.00234041,15:49:02..501,,,,
15:49:02..615,5.91618456,0.00009,-0.00033474,0.00016869,0.00617164,-0.00004641,0.00156684,0.00453795,-0.00020018,-0.00234061,15:49:02..611,,,,
15:49:02..648,6.22647396,0.000066,-0.00033492,0.000169,0.0061711,-0.00004491,0.00154279,0.00451461,-0.00022506,-0.00235014,15:49:02..654,,,,
15:49:02..725,6.35058972,0.000001,-0.00033509,0.00016856,0.00617153,-0.00004549,0.00154335,0.0045144,-0.00022488,-0.00234978,15:49:02..753,,,,
15:49:02..805,6.24715992,0.000001,-0.00033523,0.00016853,0.0061717,-0.0000452,0.0015434,0.00451435,-0.00022454,-0.00234978,15:49:02..801,,,,
15:49:02..837,5.89032711,-0.00002,-0.00033405,0.00016867,0.0061709,-0.0000452,0.00154313,0.00451604,-0.00022102,-0.00234703,15:49:02..846,,,,
15:49:02..964,6.00927138,-0.00002,-0.00033409,0.0001678,0.00617073,-0.00004547,0.00154274,0.00451629,-0.00022082,-0.00234696,15:49:02..961,,,,
15:49:02..997,6.02478585,-0.000011,-0.00033443,0.00016858,0.00617091,-0.00004661,0.00154199,0.00451423,-0.00022158,-0.00234581,15:49:03..005,,,,
15:49:03..116,6.07650075,-0.000011,-0.00033454,0.00016875,0.00617039,-0.00004682,0.00154157,0.00451423,-0.00022234,-0.00234587,15:49:03..111,,,,
15:49:03..149,6.19544502,-0.000071,-0.00033458,0.00016794,0.00617043,-0.00004624,0.00156006,0.00452122,-0.00021621,-0.00234152,15:49:03..111,,,,
15:49:03..201,6.14373012,-0.000072,-0.00033484,0.00016804,0.00616992,-0.00004541,0.00155948,0.00452095,-0.00021689,-0.00234145,15:49:03..248,,,,
15:49:03..267,6.32473227,-0.000072,-0.00033453,0.00016821,0.0061704,-0.00004599,0.00155943,0.00452075,-0.00021666,-0.00234112,15:49:03..248,,,,
15:49:03..298,6.20061651,-0.000093,-0.0003347,0.00016728,0.00617192,-0.00004432,0.00158504,0.00452912,-0.00020254,-0.00233458,15:49:03..335,,,,
15:49:03..441,6.28853184,-0.000093,-0.00033491,0.0001672,0.00617204,-0.00004443,0.00158636,0.00452968,-0.00020214,-0.00233459,15:49:03..444,,,,
15:49:03..490,5.93687052,-0.0001,-0.00033494,0.00016724,0.00617114,-0.0000447,0.00158681,0.00453019,-0.00020222,-0.00233499,15:49:03..444,,,,
15:49:03..523,5.98858542,-0.00013,-0.00033514,0.00016904,0.0061714,-0.00004573,0.00157575,0.00452619,-0.00020864,-0.00234092,15:49:03..536,,,,
15:49:03..666,5.94204201,-0.00013,-0.00033545,0.00016893,0.00617158,-0.00004568,0.00157581,0.00452631,-0.00020869,-0.00234063,15:49:03..666,,,,
15:49:03..698,6.13338714,-0.00013,-0.00033563,0.00016647,0.00617169,-0.00004443,0.0015725,0.00452872,-0.00020244,-0.00234053,15:49:03..666,,,,
15:49:03..733,6.00927138,-0.00005,-0.00033502,0.00016757,0.00617182,-0.00004437,0.00156575,0.00452506,-0.00020771,-0.00234238,15:49:03..782,,,,
15:49:03..848,6.09718671,-0.00005,-0.00033492,0.00016761,0.00617169,-0.00004459,0.00156526,0.0045253,-0.00020826,-0.00234294,15:49:03..782,,,,
15:49:03..879,6.06098628,-0.00002,-0.00033576,0.00016728,0.00617178,-0.00004454,0.0015684,0.0045249,-0.00020224,-0.00234087,15:49:03..900,,,,
15:49:04..002,6.0506433,-0.00002,-0.00033566,0.00016755,0.00617203,-0.00004548,0.00156836,0.00452502,-0.00020207,-0.00234084,15:49:03..998,,,,
15:49:04..034,6.50056293,-0.000072,-0.00033541,0.00016746,0.0061722,-0.00004524,0.00158222,0.00453242,-0.00019365,-0.00233994,15:49:04..040,,,,
15:49:04..145,6.04547181,-0.000072,-0.00033562,0.00016716,0.00617182,-0.00004544,0.00158273,0.00453313,-0.00019416,-0.00234041,15:49:04..140,,,,
15:49:04..178,6.01961436,-0.000085,-0.00033601,0.00016734,0.00617171,-0.00004503,0.00156641,0.00452573,-0.00020133,-0.00234425,15:49:04..140,,,,
15:49:04..248,6.05581479,-0.000085,-0.00033566,0.00016719,0.00617132,-0.00004533,0.00156654,0.0045254,-0.00020125,-0.00234463,15:49:04..275,,,,
15:49:04..310,5.83344072,-0.000085,-0.00033587,0.00016701,0.00617077,-0.00004488,0.00156639,0.00452525,-0.00020136,-0.00234444,15:49:04..275,,,,
15:49:04..344,5.75586837,-0.00009,-0.00033621,0.00016704,0.00617105,-0.00004566,0.00157008,0.00453195,-0.00019491,-0.0023434,15:49:04..318,,,,
15:49:04..379,5.5334943,-0.000073,-0.00033567,0.0001684,0.00617157,-0.00004555,0.001559,0.00452468,-0.00020016,-0.00234514,15:49:04..417,,,,
15:49:04..481,5.7403539,-0.000073,-0.00033595,0.00016805,0.00617119,-0.00004601,0.00155837,0.00452437,-0.00019998,-0.00234541,15:49:04..476,,,,
15:49:04..513,6.29370333,-0.000113,-0.00033565,0.00016864,0.00617149,-0.00004544,0.00155472,0.00452058,-0.00020817,-0.00234706,15:49:04..476,,,,
15:49:04..598,6.31956078,-0.000113,-0.00033548,0.00016838,0.00617092,-0.00004562,0.00155446,0.00452084,-0.00020802,-0.00234735,15:49:04..645,,,,
15:49:04..690,6.23681694,-0.000186,-0.00033521,0.00016838,0.00617134,-0.00004579,0.0015552,0.00452088,-0.00020804,-0.00234717,15:49:04..689,,,,
15:49:04..723,6.50056293,-0.000256,-0.00033503,0.00016756,0.00617128,-0.00004499,0.00157863,0.00453421,-0.00019799,-0.00234648,15:49:04..764,,,,
15:49:04..855,6.29887482,-0.000256,-0.00033462,0.00016776,0.00617128,-0.00004498,0.00157821,0.00453474,-0.00019798,-0.00234639,15:49:04..851,,,,
15:49:04..888,6.32473227,-0.000379,-0.00033481,0.00016821,0.00617013,-0.0000462,0.00156296,0.00452146,-0.00020182,-0.00234319,15:49:04..851,,,,
15:49:05..003,6.32473227,-0.000379,-0.00033514,0.00016888,0.00616998,-0.00004565,0.00156322,0.00452147,-0.00020179,-0.00234382,15:49:05..068,,,,
15:49:05..092,5.94204201,-0.000379,-0.00033481,0.00016862,0.00617109,-0.00004528,0.00156366,0.0045216,-0.00020197,-0.00234401,15:49:05..068,,,,
15:49:05..125,6.12821565,-0.00041,-0.00033413,0.00016912,0.00617086,-0.00004445,0.00164626,0.00454844,-0.0001841,-0.00233833,15:49:05..154,,,,
15:49:05..253,6.72810849,-0.00041,-0.00033453,0.00016883,0.00617088,-0.00004473,0.00164718,0.00455027,-0.00018429,-0.00233918,15:49:05..248,,,,
15:49:05..284,6.29370333,-0.000416,-0.00033473,0.00017051,0.00617029,-0.00004621,0.00156574,0.00449954,-0.0002225,-0.00235552,15:49:05..291,,,,
15:49:05..413,6.40747611,-0.000416,-0.00033493,0.00017031,0.00617113,-0.00004656,0.0015655,0.0044997,-0.00022273,-0.00235587,15:49:05..291,,,,
15:49:05..447,6.21095949,-0.000375,-0.00033545,0.00016576,0.00616995,-0.00004434,0.00159539,0.00456053,-0.00018234,-0.00234486,15:49:05..415,,,,
15:49:05..536,5.26974831,-0.000298,-0.00033543,0.00016575,0.00617011,-0.00004449,0.00159431,0.00455965,-0.00018332,-0.00234519,15:49:05..583,,,,
15:49:05..658,6.55744932,-0.000298,-0.00033581,0.0001656,0.00617043,-0.00004467,0.001593,0.00455781,-0.00018422,-0.00234512,15:49:05..660,,,,
15:49:05..691,6.68673657,-0.000298,-0.00033581,0.0001681,0.00617016,-0.00004658,0.00157039,0.00452968,-0.0002011,-0.00235032,15:49:05..660,,,,
15:49:05..726,6.49539144,-0.000279,-0.00033689,0.00016587,0.00617103,-0.00004482,0.00157986,0.00454387,-0.00019714,-0.00235221,15:49:05..748,,,,
15:49:05..852,6.06098628,-0.000279,-0.0003373,0.00016602,0.00617126,-0.00004514,0.00157951,0.00454365,-0.00019679,-0.00235237,15:49:05..852,,,,
15:49:05..885,5.61623814,-0.000217,-0.00033695,0.00016604,0.00617033,-0.0000441,0.00157679,0.0045334,-0.00020243,-0.00235339,15:49:05..895,,,,
15:49:05..995,6.08684373,-0.000217,-0.00033726,0.00016612,0.00617092,-0.00004421,0.00157731,0.00453327,-0.00020245,-0.00235357,15:49:05..993,,,,
15:49:06..029,6.3092178,-0.000174,-0.00033713,0.00016583,0.00617003,-0.00004449,0.00159161,0.00453627,-0.00019429,-0.00234673,15:49:06..039,,,,
15:49:06..153,6.24198843,-0.000174,-0.00033727,0.00016551,0.00616911,-0.00004474,0.00159214,0.00453673,-0.00019454,-0.00234639,15:49:06..149,,,,
15:49:06..185,5.77138284,-0.00011,-0.00033714,0.00016579,0.00617011,-0.00004422,0.00159266,0.00453046,-0.0002017,-0.00234842,15:49:06..191,,,,
15:49:06..312,5.83861221,-0.00011,-0.00033698,0.00016477,0.00616962,-0.00004427,0.00159243,0.00453079,-0.00020169,-0.00234831,15:49:06..308,,,,
15:49:06..345,6.01961436,-0.000156,-0.00033728,0.0001648,0.0061689,-0.00004353,0.00160894,0.00454687,-0.00018599,-0.00234655,15:49:06..353,,,,
15:49:06..511,6.02995734,-0.000156,-0.00033717,0.00016528,0.00616882,-0.00004369,0.0016085,0.00454675,-0.00018626,-0.00234618,15:49:06..506,,,,
15:49:06..542,5.99375691,-0.000362,-0.00033714,0.00016551,0.00617076,-0.00004362,0.00160595,0.00454454,-0.00018881,-0.00234794,15:49:06..550,,,,
15:49:06..682,6.01444287,-0.000362,-0.00033752,0.00016593,0.00617083,-0.00004378,0.00160564,0.00454415,-0.00018907,-0.00234822,15:49:06..678,,,,
15:49:06..715,6.36610419,-0.000348,-0.00033699,0.00016526,0.00617026,-0.00004315,0.00158961,0.00453958,-0.000191,-0.00234657,15:49:06..756,,,,
15:49:06..849,6.17993055,-0.000348,-0.00033742,0.00016492,0.00617042,-0.00004345,0.0015895,0.00453912,-0.00019072,-0.00234667,15:49:06..848,,,,
15:49:06..881,5.25940533,-0.000256,-0.00033671,0.0001661,0.00617093,-0.00004501,0.00158275,0.00453108,-0.00019414,-0.00234278,15:49:06..848,,,,
15:49:06..955,6.14373012,-0.000256,-0.00033682,0.00016633,0.00617091,-0.00004486,0.00158352,0.00453118,-0.00019472,-0.00234354,15:49:06..995,,,,
15:49:07..007,6.31956078,-0.000256,-0.00033618,0.00016613,0.0061707,-0.00004506,0.00158363,0.00453123,-0.00019465,-0.00234356,15:49:06..995,,,,
15:49:07..044,6.44884803,-0.000179,-0.00033672,0.00016545,0.00617008,-0.00004385,0.00160535,0.00454057,-0.00018288,-0.00234059,15:49:07..082,,,,
15:49:07..164,6.97634001,-0.000179,-0.00033646,0.00016555,0.00616995,-0.00004414,0.0016056,0.0045405,-0.00018307,-0.00234094,15:49:07..163,,,,
15:49:07..197,6.26784588,-0.000179,-0.00033646,0.00016558,0.00617091,-0.00004429,0.00158985,0.00453353,-0.00018923,-0.00234139,15:49:07..163,,,,
15:49:07..232,5.7920688,-0.000109,-0.00033656,0.00016505,0.00616998,-0.00004437,0.00158917,0.0045337,-0.00019075,-0.00234135,15:49:07..279,,,,
15:49:07..357,5.65761006,-0.000109,-0.00033699,0.00016502,0.00616974,-0.00004414,0.00158922,0.00453396,-0.00019061,-0.00234137,15:49:07..279,,,,
15:49:07..389,5.59038069,-0.000114,-0.00033634,0.00016592,0.00616978,-0.00004485,0.00158467,0.00453303,-0.00019153,-0.00234088,15:49:07..402,,,,
15:49:07..499,5.92652754,-0.000114,-0.00033645,0.00016626,0.00617015,-0.00004436,0.0015848,0.00453264,-0.00019095,-0.00234078,15:49:07..497,,,,
15:49:07..531,5.67829602,-0.000114,-0.00033672,0.00016653,0.00617043,-0.00004453,0.00157512,0.00452624,-0.00019799,-0.00234436,15:49:07..497,,,,
15:49:07..565,6.53676336,-0.000168,-0.00033644,0.0001658,0.00617025,-0.0000435,0.00158472,0.00453402,-0.00019199,-0.00234418,15:49:07..607,,,,
15:49:07..675,6.36610419,-0.000168,-0.00033667,0.0001656,0.00617036,-0.00004354,0.00158474,0.00453439,-0.00019158,-0.00234432,15:49:07..607,,,,
15:49:07..707,6.40230462,-0.000213,-0.00033616,0.0001665,0.00616967,-0.00004457,0.00158887,0.00453569,-0.00018415,-0.00234091,15:49:07..711,,,,
15:49:07..812,6.24715992,-0.000213,-0.00033644,0.00016624,0.00616956,-0.00004406,0.00159031,0.00453641,-0.0001836,-0.00234115,15:49:07..808,,,,
15:49:07..844,6.43333356,-0.000119,-0.00033688,0.00016701,0.00617111,-0.00004534,0.00156696,0.0045285,-0.00019453,-0.00234411,15:49:07..933,,,,
15:49:07..987,6.04030032,-0.000119,-0.00033682,0.00016734,0.00617098,-0.00004511,0.0015673,0.00452849,-0.00019445,-0.00234366,15:49:08..016,,,,
15:49:08..026,5.29043427,-0.000119,-0.00033709,0.00016738,0.00617074,-0.00004506,0.00156785,0.00452819,-0.0001946,-0.00234373,15:49:08..016,,,,
15:49:08..059,6.07132926,-0.000143,-0.00033647,0.00016677,0.0061726,-0.00004347,0.001618,0.00455124,-0.00016753,-0.00234037,15:49:08..059,,,,
15:49:08..092,6.49539144,-0.000182,-0.00033659,0.00016554,0.00617139,-0.00004419,0.0016177,0.0045559,-0.00015993,-0.00233674,15:49:08..104,,,,
15:49:08..199,5.82826923,-0.000182,-0.00033677,0.0001662,0.00617169,-0.00004371,0.00161848,0.00455605,-0.0001592,-0.0023367,15:49:08..193,,,,
15:49:08..231,6.23164545,-0.000241,-0.00033633,0.00016731,0.00617185,-0.0000442,0.00164046,0.00455915,-0.00015677,-0.00233768,15:49:08..238,,,,
15:49:08..363,6.39196164,-0.000241,-0.00033607,0.00016726,0.00617199,-0.00004354,0.00164164,0.00456031,-0.0001572,-0.00233819,15:49:08..358,,,,
15:49:08..395,6.0506433,-0.000184,-0.00033529,0.00016718,0.00617177,-0.00004481,0.0016198,0.0045581,-0.00016339,-0.00233767,15:49:08..400,,,,
15:49:08..473,5.79724029,-0.000184,-0.00033562,0.0001675,0.00617084,-0.00004475,0.00161921,0.00455823,-0.0001641,-0.00233752,15:49:08..508,,,,
15:49:08..554,6.19544502,-0.000203,-0.00033568,0.00016755,0.00617192,-0.00004419,0.00161869,0.00455839,-0.000164,-0.00233748,15:49:08..551,,,,
15:49:08..588,6.27301737,-0.000303,-0.0003352,0.00016794,0.00617174,-0.00004441,0.00161002,0.00455799,-0.00016566,-0.00233893,15:49:08..551,,,,
15:49:08..679,6.27818886,-0.000303,-0.00033538,0.00016749,0.00617194,-0.00004461,0.00160934,0.00455734,-0.00016534,-0.00233892,15:49:08..720,,,,
15:49:08..757,6.02995734,-0.000303,-0.00033511,0.00016738,0.00617232,-0.00004461,0.00160919,0.00455744,-0.00016576,-0.00233899,15:49:08..720,,,,
15:49:08..789,5.86964115,-0.000469,-0.00033607,0.00016655,0.00617144,-0.00004508,0.00158308,0.00455133,-0.00016685,-0.00234062,15:49:08..763,,,,
15:49:08..868,6.03512883,-0.000469,-0.00033567,0.00016635,0.00617139,-0.00004559,0.00158325,0.00455127,-0.00016702,-0.00234087,15:49:08..913,,,,
15:49:08..927,5.79724029,-0.000469,-0.00033591,0.0001669,0.00617216,-0.00004446,0.00158322,0.00455109,-0.00016708,-0.0023408,15:49:08..913,,,,
15:49:08..963,6.43333356,-0.000632,-0.00033572,0.00016693,0.00617304,-0.00004429,0.00158526,0.00454935,-0.00016514,-0.00234107,15:49:09..014,,,,
15:49:09..067,6.23164545,-0.000632,-0.00033592,0.00016636,0.00617362,-0.00004411,0.00158559,0.004549,-0.00016543,-0.00234079,15:49:09..066,,,,
15:49:09..101,6.1023582,-0.000701,-0.00033546,0.00016691,0.00617232,-0.00004545,0.00159531,0.0045553,-0.00015853,-0.00233927,15:49:09..109,,,,
15:49:09..220,5.96272797,-0.000701,-0.00033554,0.00016747,0.00617231,-0.00004496,0.0015952,0.00455534,-0.00015788,-0.00233881,15:49:09..109,,,,
15:49:09..252,6.01961436,-0.000709,-0.00033633,0.00016728,0.00617259,-0.00004503,0.00157695,0.0045488,-0.00016855,-0.00234424,15:49:09..266,,,,
15:49:09..378,6.11270118,-0.000709,-0.00033607,0.00016696,0.00617321,-0.00004468,0.00157675,0.00454867,-0.00016851,-0.00234439,15:49:09..373,,,,
15:49:09..412,6.11270118,-0.000737,-0.00033554,0.00016667,0.00617193,-0.00004453,0.00158948,0.00455373,-0.0001645,-0.0023417,15:49:09..415,,,,
15:49:09..530,6.02995734,-0.000737,-0.00033586,0.00016652,0.00617159,-0.0000447,0.00158895,0.00455389,-0.00016488,-0.00234235,15:49:09..526,,,,
15:49:09..563,6.19027353,-0.000869,-0.00033677,0.00016634,0.00617155,-0.00004444,0.00158114,0.00454693,-0.00017267,-0.00234302,15:49:09..569,,,,
15:49:09..667,6.16958757,-0.000869,-0.00033686,0.00016696,0.00617208,-0.0000451,0.00158182,0.00454597,-0.00017251,-0.00234258,15:49:09..662,,,,
15:49:09..699,6.3092178,-0.000934,-0.00033692,0.00016726,0.00617313,-0.00004428,0.00158293,0.00454516,-0.00018008,-0.00234614,15:49:09..705,,,,
15:49:09..820,6.19027353,-0.000934,-0.00033628,0.00016747,0.00617283,-0.00004468,0.00158322,0.0045444,-0.00018021,-0.00234618,15:49:09..816,,,,
15:49:09..853,6.34541823,-0.000891,-0.0003369,0.00016563,0.00617167,-0.00004402,0.00159067,0.00454722,-0.0001764,-0.00234446,15:49:09..816,,,,
15:49:09..930,6.03512883,-0.000891,-0.00033642,0.00016629,0.00617118,-0.00004446,0.0015902,0.00454687,-0.00017671,-0.00234441,15:49:09..972,,,,
15:49:09..982,6.08167224,-0.000891,-0.00033651,0.00016607,0.00617204,-0.00004412,0.00159045,0.00454723,-0.00017665,-0.00234385,15:49:09..972,,,,
15:49:10..016,5.71449645,-0.000793,-0.00033633,0.00016635,0.00617233,-0.0000439,0.00163315,0.00456665,-0.00015332,-0.00233644,15:49:10..077,,,,
15:49:10..142,6.03512883,-0.000793,-0.00033606,0.00016668,0.00617232,-0.00004397,0.00163279,0.00456617,-0.00015337,-0.00233679,15:49:10..139,,,,
15:49:10..174,6.40747611,-0.000811,-0.00033603,0.00016628,0.0061724,-0.00004522,0.00160173,0.00455166,-0.00016775,-0.00233887,15:49:10..180,,,,
15:49:10..284,6.40230462,-0.000811,-0.00033653,0.00016649,0.00617231,-0.00004455,0.00160232,0.00455124,-0.00016709,-0.00233859,15:49:10..280,,,,
15:49:10..316,6.03512883,-0.00078,-0.00033579,0.0001667,0.00617266,-0.00004425,0.00161372,0.00455017,-0.00017216,-0.00233835,15:49:10..323,,,,
15:49:10..437,6.22130247,-0.00078,-0.00033591,0.00016677,0.00617287,-0.00004406,0.00161403,0.00454948,-0.00017211,-0.00233913,15:49:10..433,,,,
15:49:10..468,6.28853184,-0.000697,-0.00033629,0.00016647,0.00617139,-0.00004294,0.00162795,0.00455511,-0.000166,-0.00233794,15:49:10..467,,,,
15:49:10..539,6.3609327,-0.000679,-0.00033636,0.00016612,0.0061717,-0.00004341,0.00162813,0.00455423,-0.00016654,-0.00233813,15:49:10..534,,,,
15:49:10..583,5.69381049,-0.000679,-0.00033639,0.00016646,0.00617126,-0.0000435,0.00162801,0.00455495,-0.0001656,-0.00233818,15:49:10..577,,,,
15:49:10..615,6.0506433,-0.000632,-0.00033622,0.00016648,0.00617302,-0.00004412,0.00159822,0.00455013,-0.00017249,-0.00234221,15:49:10..620,,,,
15:49:10..719,6.26267439,-0.000632,-0.00033618,0.0001662,0.00617294,-0.00004423,0.0015985,0.00455049,-0.00017282,-0.00234249,15:49:10..714,,,,
15:49:10..751,6.19544502,-0.000545,-0.00033568,0.00016611,0.00617434,-0.00004427,0.00159961,0.00454863,-0.00016398,-0.00233581,15:49:10..756,,,,
15:49:10..868,6.71259402,-0.000545,-0.0003355,0.00016649,0.00617358,-0.00004416,0.0015988,0.00454882,-0.00016394,-0.00233676,15:49:10..863,,,,
15:49:10..899,6.62985018,-0.000334,-0.00033655,0.00016678,0.00617363,-0.00004482,0.00157063,0.00454451,-0.00016508,-0.00233808,15:49:10..863,,,,
15:49:10..972,6.09718671,-0.000334,-0.00033616,0.00016697,0.00617409,-0.00004457,0.0015713,0.0045442,-0.00016472,-0.00233799,15:49:10..998,,,,
15:49:11..033,6.43333356,-0.000334,-0.000336,0.00016718,0.00617425,-0.00004488,0.00157274,0.00454432,-0.00016434,-0.00233756,15:49:10..998,,,,
15:49:11..066,5.97824244,-0.000219,-0.00033481,0.00016645,0.00617398,-0.00004411,0.00165824,0.0045729,-0.00012705,-0.00232313,15:49:11..085,,,,
15:49:11..172,6.11270118,-0.000219,-0.00033481,0.00016697,0.00617429,-0.00004367,0.00165723,0.00457246,-0.00012659,-0.00232342,15:49:11..212,,,,
15:49:11..239,5.82826923,-0.000219,-0.0003349,0.00016627,0.00617435,-0.00004415,0.0016564,0.00457224,-0.00012683,-0.002323,15:49:11..212,,,,
15:49:11..272,6.30404631,-0.000155,-0.00033593,0.00016607,0.00617366,-0.00004509,0.00156406,0.0045335,-0.00018651,-0.00234132,15:49:11..257,,,,
15:49:11..306,6.61433571,-0.000133,-0.00033524,0.00016718,0.00617461,-0.00004429,0.00159202,0.00454156,-0.00016776,-0.00233768,15:49:11..348,,,,
15:49:11..416,5.88515562,-0.000133,-0.00033576,0.00016774,0.00617456,-0.00004435,0.00159309,0.00454226,-0.00016668,-0.00233801,15:49:11..348,,,,
15:49:11..448,5.91618456,-0.000014,-0.00033531,0.00016861,0.00617514,-0.00004565,0.00158041,0.00454396,-0.00017654,-0.00234535,15:49:11..460,,,,
15:49:11..561,5.86446966,-0.000014,-0.00033551,0.00016863,0.0061747,-0.00004566,0.00158058,0.00454377,-0.0001766,-0.00234565,15:49:11..556,,,,
15:49:11..593,6.3609327,0.00001,-0.00033579,0.00016694,0.00617415,-0.00004454,0.00161257,0.00455166,-0.00016572,-0.0023384,15:49:11..599,,,,
15:49:11..722,6.16958757,0.00001,-0.00033561,0.00016644,0.00617409,-0.00004424,0.00161307,0.00455158,-0.00016523,-0.00233833,15:49:11..717,,,,
15:49:11..754,6.23681694,-0.000015,-0.0003358,0.00016675,0.00617449,-0.00004487,0.00158054,0.00455842,-0.00015366,-0.00233833,15:49:11..762,,,,
15:49:11..886,6.12821565,-0.000015,-0.00033596,0.00016681,0.00617417,-0.00004441,0.00157934,0.0045576,-0.00015395,-0.00233819,15:49:11..883,,,,
15:49:11..918,6.49539144,-0.000013,-0.00033554,0.000167,0.00617342,-0.00004587,0.00159875,0.00454095,-0.00017539,-0.00233425,15:49:11..926,,,,
15:49:12..039,5.89032711,-0.000013,-0.00033575,0.00016724,0.00617436,-0.0000453,0.00159697,0.00454001,-0.00017518,-0.00233436,15:49:12..034,,,,
15:49:12..070,6.33507525,-0.00004,-0.00033566,0.00016684,0.00617355,-0.00004516,0.00158098,0.00453129,-0.00018665,-0.00233916,15:49:12..077,,,,
15:49:12..193,5.99375691,-0.00004,-0.00033622,0.00016717,0.00617373,-0.00004543,0.00158239,0.0045318,-0.00018617,-0.00233894,15:49:12..188,,,,
15:49:12..225,6.08684373,-0.000116,-0.00033521,0.00016802,0.00617345,-0.00004607,0.00156683,0.00453855,-0.00018357,-0.00234428,15:49:12..230,,,,
15:49:12..355,5.97307095,-0.000116,-0.00033507,0.00016769,0.00617434,-0.00004552,0.00156687,0.00453776,-0.00018438,-0.00234498,15:49:12..350,,,,
15:49:12..387,6.205788,-0.000253,-0.00033515,0.00016622,0.00617397,-0.00004536,0.00157597,0.00453842,-0.00016896,-0.00233581,15:49:12..393,,,,
15:49:12..506,6.43850505,-0.000253,-0.00033537,0.00016605,0.00617307,-0.00004491,0.00157563,0.00453915,-0.00016852,-0.00233531,15:49:12..501,,,,
15:49:12..538,6.21613098,-0.000372,-0.00033551,0.00016816,0.00617385,-0.0000455,0.00159004,0.00454234,-0.00016282,-0.00233268,15:49:12..536,,,,
15:49:12..602,5.78172582,-0.000396,-0.0003353,0.00016756,0.00617397,-0.00004508,0.00159095,0.00454155,-0.00016272,-0.00233252,15:49:12..597,,,,
15:49:12..647,5.99375691,-0.000396,-0.00033516,0.00016772,0.00617453,-0.0000451,0.00159417,0.00454151,-0.00016287,-0.00233258,15:49:12..641,,,,
15:49:12..681,6.50056293,-0.000481,-0.00033506,0.00016729,0.00617405,-0.00004636,0.00156008,0.00453151,-0.00018816,-0.00234257,15:49:12..685,,,,
15:49:12..813,6.14373012,-0.000481,-0.0003353,0.00016732,0.00617387,-0.00004661,0.00155872,0.00453066,-0.00018824,-0.00234304,15:49:12..808,,,,
15:49:12..844,5.92135605,-0.000559,-0.00033654,0.00016562,0.00617401,-0.00004362,0.00161387,0.00456009,-0.00014943,-0.00233597,15:49:12..920,,,,
15:49:12..967,5.8437837,-0.000527,-0.0003361,0.00016578,0.00617422,-0.0000426,0.00161458,0.00456072,-0.00014832,-0.0023362,15:49:12..965,,,,
15:49:12..998,6.12304416,-0.000527,-0.00033582,0.00016725,0.00617324,-0.00004556,0.00159532,0.00455436,-0.00016396,-0.00234351,15:49:12..965,,,,
15:49:13..032,5.90067009,-0.000564,-0.00033607,0.00016626,0.00617358,-0.00004537,0.00160049,0.00455561,-0.00016566,-0.00234182,15:49:13..073,,,,
15:49:13..126,6.20061651,-0.000564,-0.00033601,0.00016676,0.00617363,-0.00004542,0.00160064,0.00455589,-0.00016546,-0.00234157,15:49:13..121,,,,
15:49:13..157,6.49021995,-0.000568,-0.00033545,0.00016671,0.00617398,-0.00004564,0.00156279,0.00453973,-0.00016912,-0.00233982,15:49:13..165,,,,
15:49:13..277,6.43333356,-0.000568,-0.0003352,0.00016663,0.00617393,-0.0000452,0.00156252,0.00453956,-0.0001685,-0.00233954,15:49:13..274,,,,
15:49:13..309,5.86964115,-0.00054,-0.00033545,0.00016603,0.00617503,-0.00004404,0.00163353,0.00458532,-0.00013059,-0.00233117,15:49:13..317,,,,
15:49:13..384,6.01444287,-0.00054,-0.00033562,0.00016594,0.00617402,-0.00004441,0.00163351,0.00458477,-0.00013141,-0.00233118,15:49:13..419,,,,
15:49:13..427,5.71966794,-0.00054,-0.000336,0.00016609,0.00617433,-0.00004457,0.00163231,0.00458442,-0.00013244,-0.00233119,15:49:13..419,,,,
15:49:13..462,6.4126476,-0.000497,-0.00033634,0.00016541,0.00617298,-0.00004508,0.00161228,0.00454506,-0.00016856,-0.00233093,15:49:13..512,,,,
15:49:13..588,6.57296379,-0.000497,-0.0003358,0.0001652,0.00617321,-0.0000449,0.0016102,0.0045461,-0.00016833,-0.00233118,15:49:13..596,,,,
15:49:13..620,6.28336035,-0.000486,-0.0003354,0.00016638,0.00617291,-0.00004525,0.00158408,0.00453409,-0.00018607,-0.00233916,15:49:13..596,,,,
15:49:13..680,5.92652754,-0.000486,-0.00033532,0.00016614,0.00617289,-0.00004527,0.00158442,0.00453491,-0.00018646,-0.00233903,15:49:13..708,,,,
15:49:13..724,5.96272797,-0.000486,-0.00033561,0.00016602,0.0061735,-0.00004537,0.00158504,0.00453481,-0.00018593,-0.00233882,15:49:13..708,,,,
15:49:13..757,5.93687052,-0.000432,-0.00033558,0.00016619,0.00617355,-0.00004446,0.00162006,0.0045677,-0.00014562,-0.00233776,15:49:13..795,,,,
15:49:13..829,5.90067009,-0.000371,-0.00033588,0.00016633,0.00617341,-0.00004458,0.00162051,0.00456722,-0.00014629,-0.00233788,15:49:13..837,,,,
15:49:13..882,6.18510204,-0.000371,-0.00033565,0.00016607,0.00617406,-0.00004453,0.00161976,0.00456785,-0.0001463,-0.00233779,15:49:13..896,,,,
15:49:13..916,6.23164545,-0.000371,-0.00033605,0.00016615,0.00617442,-0.00004489,0.00162001,0.00456803,-0.00014618,-0.00233806,15:49:13..896,,,,
15:49:13..949,6.44367654,-0.000282,-0.00033628,0.00016549,0.00617331,-0.00004505,0.00159183,0.00455188,-0.00016545,-0.002337,15:49:13..978,,,,
15:49:14..101,6.18510204,-0.000282,-0.00033617,0.00016542,0.00617314,-0.00004498,0.00159191,0.00455181,-0.00016583,-0.00233654,15:49:14..097,,,,
15:49:14..133,6.05581479,-0.000272,-0.00033568,0.00016613,0.00617276,-0.00004518,0.00158426,0.00455676,-0.00015373,-0.00233672,15:49:14..140,,,,
15:49:14..259,5.94204201,-0.000272,-0.00033574,0.00016588,0.00617469,-0.00004497,0.00158285,0.0045565,-0.00015341,-0.00233694,15:49:14..254,,,,
15:49:14..291,5.83344072,-0.000207,-0.00033596,0.00016674,0.00617295,-0.0000462,0.00156314,0.0045224,-0.00020522,-0.00234261,15:49:14..298,,,,
15:49:14..426,6.34541823,-0.000207,-0.00033563,0.00016623,0.00617259,-0.00004652,0.00156325,0.00452118,-0.0002061,-0.00234283,15:49:14..423,,,,
15:49:14..458,6.59882124,-0.000269,-0.00033535,0.00016532,0.00617441,-0.00004181,0.00165397,0.0045779,-0.00012982,-0.00233215,15:49:14..466,,,,
15:49:14..547,6.22647396,-0.000269,-0.00033582,0.00016524,0.00617283,-0.00004178,0.00165539,0.00457951,-0.00012824,-0.00233127,15:49:14..542,,,,
15:49:14..579,5.79724029,-0.000257,-0.0003354,0.00016861,0.00617613,-0.00004645,0.00160087,0.00455489,-0.00016397,-0.00233982,15:49:14..586,,,,
15:49:14..691,6.21095949,-0.000257,-0.00033442,0.00016809,0.00617557,-0.00004644,0.00160029,0.0045547,-0.00016421,-0.00233926,15:49:14..738,,,,
15:49:14..750,6.29887482,-0.000257,-0.00033487,0.00016792,0.00617607,-0.00004653,0.0016007,0.00455387,-0.00016432,-0.00234046,15:49:14..738,,,,
15:49:14..784,6.55744932,-0.00036,-0.00033625,0.00016459,0.00617601,-0.00004328,0.00167406,0.00459068,-0.00009545,-0.00231389,15:49:14..826,,,,
15:49:14..915,5.25940533,-0.00036,-0.00033555,0.00016424,0.00617578,-0.00004317,0.00167599,0.00459139,-0.00009446,-0.00231359,15:49:14..911,,,,
15:49:14..947,5.49729387,-0.000343,-0.00033641,0.00016467,0.00617615,-0.00004424,0.00161364,0.00455759,-0.00016501,-0.00233932,15:49:14..954,,,,
15:49:15..029,5.71966794,-0.000343,-0.00033618,0.00016496,0.00617632,-0.00004459,0.00161411,0.00455747,-0.00016549,-0.002339,15:49:15..098,,,,
15:49:15..106,6.19027353,-0.000343,-0.00033664,0.00016438,0.00617619,-0.00004431,0.00161476,0.00455754,-0.00016588,-0.00233899,15:49:15..098,,,,
15:49:15..142,6.91945362,-0.000351,-0.00033708,0.00016197,0.00617397,-0.00004422,0.00161778,0.00459333,-0.00012935,-0.00232915,15:49:15..143,,,,
15:49:15..280,5.87481264,-0.000351,-0.00033704,0.00016246,0.00617422,-0.00004387,0.00161695,0.0045923,-0.00012981,-0.00232986,15:49:15..277,,,,
15:49:15..314,6.23164545,-0.000323,-0.00033659,0.00016391,0.00617485,-0.00004502,0.00159477,0.00455779,-0.00015724,-0.00233372,15:49:15..387,,,,
15:49:15..441,6.29370333,-0.000323,-0.0003371,0.00016385,0.00617473,-0.00004525,0.00159499,0.004558,-0.00015705,-0.00233346,15:49:15..436,,,,
15:49:15..473,5.88515562,-0.000326,-0.00033568,0.00016353,0.00617401,-0.00004501,0.00165288,0.00460207,-0.00010501,-0.00231833,15:49:15..480,,,,
15:49:15..553,5.96272797,-0.000326,-0.00033603,0.00016351,0.00617464,-0.00004498,0.00165167,0.00460147,-0.00010591,-0.00231803,15:49:15..595,,,,
15:49:15..619,6.07132926,-0.000326,-0.00033574,0.00016404,0.00617472,-0.00004504,0.00165089,0.00460053,-0.00010676,-0.00231807,15:49:15..595,,,,
15:49:15..652,5.95755648,-0.00027,-0.00033582,0.00016438,0.0061735,-0.00004612,0.00158755,0.00456068,-0.00016802,-0.00233988,15:49:15..681,,,,
15:49:15..724,6.7746519,-0.000258,-0.00033548,0.00016474,0.0061744,-0.00004677,0.00158604,0.00455991,-0.00016868,-0.00234028,15:49:15..725,,,,
15:49:15..782,5.86446966,-0.000258,-0.00033566,0.0001654,0.00617522,-0.00004625,0.0015846,0.00455906,-0.00016904,-0.00234012,15:49:15..804,,,,
15:49:15..820,6.63502167,-0.000258,-0.00033554,0.00016525,0.00617317,-0.00004646,0.00158312,0.00455848,-0.00016997,-0.00234084,15:49:15..804,,,,
15:49:15..852,5.71966794,-0.00026,-0.00033566,0.00016419,0.00617491,-0.00004497,0.00159927,0.00457122,-0.00014153,-0.00233368,15:49:15..891,,,,
15:49:15..977,5.87481264,-0.00026,-0.00033567,0.00016439,0.00617424,-0.00004494,0.00159793,0.0045708,-0.00014173,-0.00233383,15:49:15..972,,,,
15:49:16..008,6.03512883,-0.000252,-0.0003361,0.0001651,0.00617411,-0.00004639,0.0015629,0.00455206,-0.00015967,-0.00233652,15:49:16..014,,,,
15:49:16..105,6.11270118,-0.000252,-0.000336,0.00016458,0.00617399,-0.00004633,0.00156251,0.00455175,-0.0001598,-0.00233626,15:49:16..148,,,,
15:49:16..166,5.98341393,-0.000252,-0.00033597,0.00016478,0.00617375,-0.00004673,0.00156161,0.00455101,-0.00016042,-0.00233711,15:49:16..148,,,,
15:49:16..201,6.22130247,-0.000321,-0.00033472,0.00016591,0.00617469,-0.00004585,0.00160552,0.00456081,-0.00013229,-0.00232285,15:49:16..183,,,,
15:49:16..236,5.85929817,-0.000322,-0.00033473,0.0001653,0.00617513,-0.00004601,0.00161907,0.00455658,-0.00013327,-0.00232103,15:49:16..294,,,,
15:49:16..347,5.7920688,-0.000307,-0.0003348,0.00016565,0.00617447,-0.00004599,0.00161803,0.00455659,-0.00013299,-0.00232045,15:49:16..344,,,,
15:49:16..378,6.24198843,-0.000399,-0.00033428,0.00016603,0.00617524,-0.00004527,0.00161645,0.00454641,-0.00015142,-0.00232333,15:49:16..386,,,,
15:49:16..455,6.2575029,-0.000524,-0.00033357,0.00016592,0.00617493,-0.000046,0.00161571,0.00454662,-0.00015222,-0.0023239,15:49:16..492,,,,
15:49:16..547,6.19027353,-0.000524,-0.0003339,0.00016589,0.00617502,-0.00004567,0.00161625,0.00454626,-0.00015245,-0.00232338,15:49:16..545,,,,
15:49:16..579,6.21095949,-0.000524,-0.00033435,0.00016611,0.00617483,-0.00004591,0.00160907,0.00454859,-0.00016291,-0.00233008,15:49:16..545,,,,
15:49:16..613,6.11787267,-0.000565,-0.00033464,0.00016578,0.00617429,-0.00004652,0.00159341,0.00455787,-0.00014951,-0.00233307,15:49:16..670,,,,
15:49:16..717,5.96789946,-0.000579,-0.00033472,0.00016571,0.00617489,-0.0000456,0.0015933,0.00455823,-0.00014917,-0.00233234,15:49:16..714,,,,
15:49:16..748,6.11787267,-0.000535,-0.00033459,0.00016639,0.00617427,-0.00004615,0.00158909,0.00455026,-0.00015677,-0.00233261,15:49:16..760,,,,
15:49:16..866,6.17993055,-0.000535,-0.00033479,0.00016637,0.00617508,-0.00004649,0.00158901,0.00455085,-0.00015635,-0.00233281,15:49:16..861,,,,
15:49:16..898,6.38679015,-0.000476,-0.00033495,0.00016469,0.00617402,-0.00004474,0.00161126,0.00457056,-0.00012076,-0.0023236,15:49:16..904,,,,
15:49:17..023,6.10752969,-0.000476,-0.00033458,0.00016507,0.00617435,-0.00004406,0.00161187,0.00457191,-0.0001194,-0.00232282,15:49:17..018,,,,
15:49:17..055,6.16441608,-0.000522,-0.00033511,0.00016626,0.00617471,-0.00004547,0.00160965,0.00456633,-0.00013631,-0.00232797,15:49:17..062,,,,
15:49:17..115,5.89032711,-0.000507,-0.00033492,0.00016625,0.00617535,-0.00004542,0.00160924,0.00456604,-0.00013606,-0.00232798,15:49:17..158,,,,
15:49:17..169,6.29370333,-0.000507,-0.00033484,0.00016664,0.00617531,-0.00004527,0.00160938,0.00456605,-0.00013591,-0.00232804,15:49:17..158,,,,
15:49:17..203,6.22130247,-0.000468,-0.00033318,0.00016739,0.00617622,-0.00004652,0.00158714,0.00453183,-0.00018027,-0.002334,15:49:17..271,,,,
15:49:17..318,5.64209559,-0.000434,-0.00033355,0.00016736,0.00617582,-0.00004589,0.00158646,0.00453174,-0.00018001,-0.00233375,15:49:17..318,,,,
15:49:17..350,5.56969473,-0.000434,-0.00033414,0.00016628,0.00617595,-0.00004604,0.00157481,0.00455455,-0.00015309,-0.00233497,15:49:17..318,,,,
15:49:17..385,5.73518241,-0.000386,-0.00033405,0.00016735,0.00617494,-0.00004549,0.00157959,0.00454999,-0.00015523,-0.00233582,15:49:17..449,,,,
15:49:17..501,6.5677923,-0.000386,-0.00033399,0.00016729,0.00617476,-0.00004582,0.00158045,0.00454955,-0.00015549,-0.00233612,15:49:17..496,,,,
15:49:17..533,6.21613098,-0.000409,-0.00033476,0.00016619,0.00617564,-0.0000462,0.0015508,0.00453965,-0.00017175,-0.0023367,15:49:17..540,,,,
15:49:17..660,6.00927138,-0.000409,-0.00033472,0.00016619,0.00617514,-0.00004651,0.00155128,0.0045398,-0.00017165,-0.00233558,15:49:17..655,,,,
15:49:17..694,6.19544502,-0.000469,-0.00033461,0.00016641,0.00617405,-0.00004503,0.0015761,0.00455715,-0.00015489,-0.00233294,15:49:17..700,,,,
15:49:17..804,6.12304416,-0.000469,-0.00033402,0.00016619,0.00617417,-0.0000453,0.0015759,0.00455644,-0.00015545,-0.00233301,15:49:17..801,,,,
15:49:17..837,6.59882124,-0.00054,-0.00033543,0.00016602,0.00617521,-0.00004465,0.00158545,0.00454495,-0.00017375,-0.00233389,15:49:17..844,,,,
15:49:17..904,6.0506433,-0.000611,-0.00033543,0.00016553,0.00617552,-0.00004522,0.00158437,0.00454441,-0.00017485,-0.0023339,15:49:17..952,,,,
15:49:18..010,6.49021995,-0.000611,-0.00033485,0.00016595,0.00617518,-0.000045,0.00158316,0.00454416,-0.00017539,-0.00233401,15:49:18..007,,,,
15:49:18..044,6.14373012,-0.000614,-0.00033464,0.00016696,0.00617589,-0.00004502,0.00156585,0.00454591,-0.00016913,-0.00233757,15:49:18..051,,,,
15:49:18..167,6.11787267,-0.000614,-0.00033458,0.00016719,0.00617556,-0.00004593,0.00156511,0.00454582,-0.00016925,-0.00233756,15:49:18..164,,,,
15:49:18..200,6.43850505,-0.000571,-0.00033532,0.00016551,0.00617341,-0.00004513,0.00158937,0.00454487,-0.00015138,-0.00232432,15:49:18..207,,,,
15:49:18..312,6.09718671,-0.000571,-0.0003352,0.00016532,0.00617312,-0.00004498,0.00159259,0.00454542,-0.00015132,-0.00232435,15:49:18..307,,,,
15:49:18..343,5.83861221,-0.000636,-0.00033316,0.00016692,0.00617646,-0.00004566,0.00158442,0.00452679,-0.00016796,-0.00232358,15:49:18..349,,,,
15:49:18..403,6.11270118,-0.000664,-0.00033341,0.00016719,0.00617643,-0.00004585,0.00158603,0.00452701,-0.00016754,-0.00232398,15:49:18..456,,,,
15:49:18..510,5.60589516,-0.000664,-0.00033336,0.00016692,0.00617691,-0.00004529,0.00158855,0.00452779,-0.00016781,-0.00232429,15:49:18..507,,,,
15:49:18..544,6.07650075,-0.000691,-0.00033576,0.00016441,0.00617619,-0.00004399,0.00160242,0.00457542,-0.00013462,-0.00232853,15:49:18..550,,,,
15:49:18..663,6.01444287,-0.000691,-0.00033582,0.00016443,0.00617567,-0.00004358,0.00160179,0.00457566,-0.00013547,-0.00232825,15:49:18..660,,,,
15:49:18..699,5.92652754,-0.000643,-0.00033553,0.00016466,0.00617476,-0.00004519,0.00154926,0.00454655,-0.000163,-0.0023367,15:49:18..779,,,,
15:49:18..832,5.92652754,-0.000643,-0.00033525,0.00016483,0.00617493,-0.00004528,0.00154916,0.00454639,-0.0001633,-0.00233658,15:49:18..830,,,,
15:49:18..867,6.05581479,-0.000633,-0.00033539,0.00016773,0.0061748,-0.00004791,0.00150052,0.00451369,-0.00020247,-0.00234052,15:49:18..873,,,,
15:49:18..986,5.95755648,-0.000633,-0.0003353,0.00016729,0.00617527,-0.00004776,0.00150106,0.00451416,-0.00020233,-0.0023399,15:49:18..983,,,,
15:49:19..019,6.22130247,-0.000523,-0.00033494,0.00016682,0.00617592,-0.00004521,0.00158045,0.00454361,-0.00016429,-0.0023322,15:49:19..063,,,,
15:49:19..134,6.68156508,-0.000523,-0.00033457,0.00016669,0.00617588,-0.00004501,0.00158243,0.00454416,-0.00016355,-0.00233145,15:49:19..130,,,,
15:49:19..167,5.80241178,-0.000499,-0.00033437,0.00016714,0.0061762,-0.00004621,0.0015816,0.00455073,-0.00016207,-0.0023338,15:49:19..176,,,,
15:49:19..285,6.09718671,-0.000499,-0.00033418,0.00016752,0.00617658,-0.00004615,0.00158242,0.00455101,-0.00016244,-0.00233398,15:49:19..280,,,,
15:49:19..319,6.34541823,-0.000412,-0.00033355,0.00016651,0.00617624,-0.00004376,0.00161018,0.00456121,-0.00013953,-0.00232518,15:49:19..401,,,,
15:49:19..451,7.02805491,-0.000412,-0.00033335,0.00016669,0.00617608,-0.00004374,0.00160987,0.00456154,-0.00013862,-0.0023251,15:49:19..449,,,,
15:49:19..485,6.21613098,-0.000363,-0.00033269,0.00016525,0.00617714,-0.00004269,0.00160369,0.00454948,-0.00016809,-0.00233353,15:49:19..449,,,,
15:49:19..569,5.93169903,-0.000363,-0.00033279,0.00016575,0.00617662,-0.00004308,0.00160348,0.00455019,-0.00016855,-0.00233377,15:49:19..599,,,,
15:49:19..609,6.60399273,-0.000363,-0.00033335,0.00016551,0.00617651,-0.00004293,0.00160171,0.0045504,-0.00016856,-0.0023343,15:49:19..599,,,,
15:49:19..643,6.34541823,-0.000302,-0.00033522,0.00016413,0.00617648,-0.00004376,0.00161607,0.00458195,-0.00013407,-0.00232209,15:49:19..684,,,,
15:49:19..775,5.77138284,-0.000302,-0.00033471,0.00016415,0.00617576,-0.00004425,0.00161525,0.00458156,-0.0001351,-0.00232283,15:49:19..771,,,,
15:49:19..808,5.69381049,-0.000302,-0.00033482,0.00016518,0.00617594,-0.00004477,0.00158436,0.00455365,-0.00016123,-0.00232831,15:49:19..771,,,,
15:49:19..842,6.09718671,-0.000456,-0.00033387,0.00016552,0.00617604,-0.00004549,0.00156745,0.00454755,-0.00016163,-0.00232527,15:49:19..900,,,,
15:49:19..967,6.11270118,-0.000456,-0.0003345,0.00016561,0.00617545,-0.00004539,0.00156879,0.0045476,-0.00016152,-0.00232593,15:49:19..976,,,,
15:49:19..998,5.80758327,-0.000456,-0.00033341,0.00016589,0.00617612,-0.00004464,0.00160215,0.00455832,-0.00014392,-0.00231844,15:49:19..976,,,,
15:49:20..032,6.17993055,-0.000551,-0.00033376,0.00016766,0.00617792,-0.00004691,0.00152115,0.00451878,-0.00019945,-0.00233257,15:49:20..065,,,,
15:49:20..132,5.76621135,-0.000551,-0.00033378,0.00016796,0.00617741,-0.00004663,0.00152173,0.00451757,-0.00019924,-0.00233104,15:49:20..127,,,,
15:49:20..163,6.29887482,-0.000535,-0.00033452,0.00016513,0.00617775,-0.00004411,0.00158741,0.00457262,-0.00014731,-0.00233171,15:49:20..170,,,,
15:49:20..279,6.3092178,-0.000535,-0.00033453,0.00016498,0.00617823,-0.00004373,0.00158639,0.00457191,-0.00014766,-0.00233119,15:49:20..333,,,,
15:49:20..342,6.07650075,-0.000535,-0.00033417,0.00016501,0.00617753,-0.00004444,0.00158542,0.00457172,-0.0001479,-0.00233122,15:49:20..333,,,,
15:49:20..375,5.92135605,-0.000571,-0.00033341,0.00016606,0.00617618,-0.00004662,0.00152526,0.00453007,-0.00017914,-0.00233506,15:49:20..377,,,,
15:49:20..409,5.85929817,-0.000578,-0.00033356,0.00016715,0.00617721,-0.00004607,0.00154518,0.0045236,-0.00017615,-0.00232645,15:49:20..420,,,,
15:49:20..513,6.46953399,-0.000578,-0.00033327,0.00016697,0.0061778,-0.0000461,0.0015475,0.00452398,-0.00017604,-0.00232591,15:49:20..508,,,,
15:49:20..546,5.92652754,-0.000631,-0.00033334,0.00016938,0.00617622,-0.00004766,0.00150717,0.00450447,-0.00021369,-0.00233914,15:49:20..508,,,,
15:49:20..604,6.29370333,-0.000663,-0.00033362,0.00016935,0.00617555,-0.0000477,0.00150845,0.00450368,-0.00021352,-0.00233886,15:49:20..652,,,,
15:49:20..698,5.70932496,-0.000663,-0.00033389,0.00016905,0.00617613,-0.00004814,0.00151004,0.00450378,-0.00021442,-0.00233819,15:49:20..695,,,,
15:49:20..732,6.38161866,-0.000651,-0.00033211,0.00016794,0.00617707,-0.00004629,0.00156702,0.00455448,-0.00015753,-0.00232995,15:49:20..806,,,,
15:49:20..862,6.02478585,-0.000651,-0.00033176,0.00016809,0.0061772,-0.00004602,0.00156756,0.00455534,-0.00015696,-0.00233032,15:49:20..857,,,,
15:49:20..895,5.97824244,-0.000677,-0.00033312,0.00016748,0.00617686,-0.00004576,0.00158135,0.00453478,-0.00016684,-0.00232401,15:49:20..901,,,,
15:49:21..013,6.24715992,-0.000677,-0.00033307,0.00016727,0.00617758,-0.00004557,0.00158462,0.00453516,-0.00016597,-0.00232346,15:49:21..008,,,,
15:49:21..046,6.22130247,-0.000638,-0.00033206,0.00016869,0.00617628,-0.00004608,0.00152964,0.00451101,-0.00020458,-0.00233817,15:49:21..053,,,,
15:49:21..172,6.04547181,-0.000638,-0.00033245,0.00016835,0.00617563,-0.00004625,0.00153041,0.00451156,-0.00020454,-0.00233809,15:49:21..168,,,,
15:49:21..207,5.99375691,-0.00065,-0.00033226,0.00016739,0.00617606,-0.00004576,0.00156494,0.00455203,-0.00016228,-0.00233257,15:49:21..211,,,,
15:49:21..326,5.89032711,-0.00065,-0.00033213,0.00016789,0.00617666,-0.00004554,0.00156513,0.0045521,-0.00016198,-0.00233265,15:49:21..321,,,,
15:49:21..359,5.74552539,-0.000537,-0.00033348,0.00016664,0.00617382,-0.0000462,0.00156702,0.00453501,-0.00016947,-0.00232407,15:49:21..365,,,,
15:49:21..477,6.19027353,-0.000537,-0.00033311,0.0001668,0.00617439,-0.00004584,0.0015692,0.00453503,-0.00016971,-0.00232386,15:49:21..472,,,,
15:49:21..509,6.1540731,-0.00039,-0.000332,0.00016724,0.00617553,-0.00004635,0.00152025,0.00451384,-0.00020165,-0.00233475,15:49:21..587,,,,
15:49:21..647,6.31438929,-0.00039,-0.0003321,0.00016683,0.00617528,-0.00004629,0.00152023,0.00451339,-0.00020102,-0.00233441,15:49:21..644,,,,
15:49:21..679,6.19544502,-0.00039,-0.00033284,0.00016669,0.00617525,-0.00004483,0.00156683,0.00455517,-0.00016056,-0.00233183,15:49:21..644,,,,
15:49:21..713,5.9472135,-0.000397,-0.00033264,0.00016712,0.00617621,-0.00004533,0.00156869,0.00455196,-0.00016044,-0.00233238,15:49:21..784,,,,
15:49:21..843,5.89032711,-0.000397,-0.00033281,0.00016704,0.00617621,-0.00004543,0.00156907,0.00455288,-0.00016052,-0.00233211,15:49:21..840,,,,
15:49:21..874,6.31956078,-0.000424,-0.00033243,0.00016649,0.00617531,-0.00004377,0.0015913,0.00455397,-0.00014693,-0.00231982,15:49:21..883,,,,
15:49:22..011,7.06425534,-0.000424,-0.00033217,0.00016661,0.00617513,-0.00004314,0.0015951,0.0045536,-0.00014735,-0.00231911,15:49:22..006,,,,
15:49:22..043,5.96789946,-0.0005,-0.00033271,0.00016739,0.00617572,-0.00004383,0.00156809,0.00453444,-0.00017307,-0.00233187,15:49:22..049,,,,
15:49:22..163,6.12821565,-0.0005,-0.00033335,0.00016677,0.00617585,-0.00004391,0.00156933,0.0045356,-0.00017215,-0.00233182,15:49:22..158,,,,
15:49:22..196,6.37644717,-0.000618,-0.00033253,0.0001674,0.00617733,-0.00004592,0.00155219,0.00454353,-0.00017183,-0.00233562,15:49:22..201,,,,
15:49:22..328,6.08167224,-0.000618,-0.00033221,0.00016785,0.00617705,-0.00004597,0.00155156,0.00454361,-0.00017175,-0.00233566,15:49:22..324,,,,
15:49:22..360,6.37127568,-0.000602,-0.00033194,0.00016668,0.00617727,-0.00004468,0.0015916,0.00454696,-0.00015444,-0.00232175,15:49:22..433,,,,
15:49:22..480,6.18510204,-0.000647,-0.00033239,0.00016646,0.0061775,-0.00004452,0.00159318,0.00454742,-0.00015466,-0.00232192,15:49:22..478,,,,
15:49:22..511,5.86964115,-0.000647,-0.00033302,0.00016765,0.00617692,-0.00004492,0.00152689,0.00451354,-0.00019659,-0.0023377,15:49:22..478,,,,
15:49:22..544,6.36610419,-0.000672,-0.00033266,0.00016537,0.00617622,-0.00004158,0.00157829,0.00454978,-0.00016093,-0.00233473,15:49:22..593,,,,
15:49:22..649,6.31438929,-0.000672,-0.00033296,0.00016542,0.00617679,-0.00004159,0.00157971,0.00455127,-0.00016025,-0.00233456,15:49:22..593,,,,
15:49:22..680,6.46953399,-0.000672,-0.00033158,0.00016883,0.00617777,-0.00004574,0.00154809,0.00454123,-0.00018251,-0.00233915,15:49:22..650,,,,
15:49:22..714,5.65243857,-0.000779,-0.0003327,0.00016709,0.00617749,-0.00004573,0.0015354,0.00453819,-0.00018459,-0.00233777,15:49:22..775,,,,
15:49:22..829,5.46626493,-0.000779,-0.00033243,0.00016697,0.00617686,-0.00004568,0.00153529,0.0045375,-0.00018457,-0.00233751,15:49:22..825,,,,
15:49:22..860,5.51280834,-0.000862,-0.0003339,0.00016588,0.00617704,-0.00004539,0.00151583,0.00453262,-0.00020237,-0.00234389,15:49:22..860,,,,
15:49:22..982,5.8954986,-0.000862,-0.00033405,0.00016629,0.00617683,-0.00004572,0.00151445,0.00453121,-0.00020365,-0.00234423,15:49:22..977,,,,
15:49:23..013,5.79724029,-0.000869,-0.00033437,0.00016396,0.00617483,-0.00004244,0.00157428,0.0045661,-0.00016385,-0.00233473,15:49:23..021,,,,
15:49:23..145,6.42816207,-0.000869,-0.00033434,0.00016323,0.00617485,-0.00004235,0.00157305,0.00456582,-0.000164,-0.00233473,15:49:23..140,,,,
15:49:23..176,6.11270118,-0.000962,-0.00033396,0.00016578,0.00617758,-0.0000453,0.00155948,0.00454723,-0.00017833,-0.00233379,15:49:23..219,,,,
15:49:23..298,6.34541823,-0.000962,-0.00033425,0.00016613,0.00617719,-0.00004499,0.00155832,0.00454735,-0.00017793,-0.00233379,15:49:23..294,,,,
15:49:23..329,6.85739574,-0.000962,-0.0003328,0.00016492,0.00617595,-0.00004372,0.00158809,0.0045538,-0.00015669,-0.00231733,15:49:23..294,,,,
15:49:23..363,6.65570763,-0.001081,-0.00033305,0.00016572,0.00617673,-0.0000435,0.00153837,0.00456153,-0.00017124,-0.00233544,15:49:23..402,,,,
15:49:23..457,5.53866579,-0.001081,-0.00033346,0.00016558,0.00617692,-0.00004303,0.00153692,0.00456091,-0.00017253,-0.00233517,15:49:23..454,,,,
15:49:23..490,6.61433571,-0.001077,-0.000333,0.00016559,0.00617791,-0.00004374,0.00154261,0.00452086,-0.00019981,-0.00233247,15:49:23..499,,,,
15:49:23..602,5.93169903,-0.001077,-0.00033267,0.00016583,0.00617803,-0.00004316,0.00154264,0.0045218,-0.00019906,-0.00233257,15:49:23..598,,,,
15:49:23..634,6.37644717,-0.001035,-0.00033257,0.00016732,0.00617841,-0.00004577,0.00152699,0.00452526,-0.00019986,-0.00233215,15:49:23..642,,,,
15:49:23..756,5.75069688,-0.001035,-0.00033221,0.0001673,0.00617896,-0.00004557,0.00152757,0.004525,-0.00019948,-0.00233246,15:49:23..751,,,,
15:49:23..788,5.9989284,-0.001017,-0.00033299,0.00016718,0.00617936,-0.00004492,0.0015214,0.00451973,-0.00020847,-0.00233754,15:49:23..792,,,,
15:49:23..898,5.65761006,-0.001017,-0.00033322,0.00016676,0.00617856,-0.00004476,0.00152192,0.0045197,-0.00020872,-0.00233772,15:49:23..893,,,,
15:49:23..931,6.07650075,-0.00095,-0.00033282,0.00016629,0.00617785,-0.00004421,0.00153068,0.00452148,-0.0002124,-0.00234155,15:49:23..971,,,,
15:49:24..045,5.93169903,-0.00095,-0.00033262,0.0001664,0.00617847,-0.00004382,0.00153148,0.00452121,-0.00021268,-0.00234139,15:49:24..043,,,,
15:49:24..078,6.04030032,-0.000896,-0.00033194,0.00016591,0.00617617,-0.00004451,0.00157429,0.00452479,-0.00020225,-0.00232646,15:49:24..088,,,,
15:49:24..175,6.0506433,-0.000896,-0.00033217,0.0001664,0.0061765,-0.00004401,0.00157559,0.00452415,-0.000202,-0.00232616,15:49:24..170,,,,
15:49:24..207,6.11270118,-0.000815,-0.00033256,0.00016708,0.00617682,-0.00004524,0.00157506,0.00454023,-0.00018786,-0.00233356,15:49:24..217,,,,
15:49:24..333,6.24198843,-0.000815,-0.00033249,0.00016782,0.00617656,-0.00004482,0.00157543,0.00454136,-0.00018682,-0.00233364,15:49:24..328,,,,
15:49:24..364,6.205788,-0.0008,-0.00033237,0.00016774,0.00617733,-0.00004446,0.00156586,0.00453678,-0.00019112,-0.00233398,15:49:24..369,,,,
15:49:24..483,5.72483943,-0.0008,-0.0003324,0.00016799,0.00617742,-0.00004455,0.00156633,0.00453696,-0.00019083,-0.00233411,15:49:24..478,,,,
15:49:24..515,6.18510204,-0.000881,-0.00033178,0.00016741,0.00617688,-0.00004456,0.00158392,0.00453666,-0.00018768,-0.00232731,15:49:24..520,,,,
15:49:24..633,5.56969473,-0.000881,-0.00033194,0.00016756,0.00617608,-0.00004459,0.00158567,0.00453677,-0.00018793,-0.00232678,15:49:24..628,,,,
15:49:24..667,5.62140963,-0.000858,-0.00033248,0.00016742,0.0061773,-0.00004338,0.00162257,0.00456167,-0.000165,-0.00232288,15:49:24..673,,,,
15:49:24..782,5.95755648,-0.000858,-0.00033227,0.00016713,0.00617684,-0.00004352,0.00162235,0.00456149,-0.00016481,-0.00232336,15:49:24..779,,,,
15:49:24..815,5.93687052,-0.000895,-0.00033268,0.00016672,0.00617629,-0.00004274,0.00162607,0.00457492,-0.00014973,-0.00232518,15:49:24..822,,,,
15:49:24..956,6.62467869,-0.000895,-0.0003326,0.00016663,0.00617638,-0.00004267,0.0016261,0.00457588,-0.0001495,-0.00232479,15:49:24..951,,,,
15:49:24..987,6.08167224,-0.000969,-0.00033294,0.00016668,0.00617541,-0.00004299,0.00163932,0.00458982,-0.00014137,-0.0023263,15:49:24..993,,,,
15:49:25..113,6.00409989,-0.000969,-0.00033267,0.00016628,0.00617535,-0.00004323,0.00163881,0.00458936,-0.00014128,-0.00232548,15:49:25..107,,,,
15:49:25..145,5.93169903,-0.001,-0.00033328,0.00016679,0.00617563,-0.00004383,0.00159857,0.00458059,-0.00014645,-0.00233022,15:49:25..153,,,,
15:49:25..214,6.00409989,-0.000962,-0.00033293,0.00016712,0.00617585,-0.00004326,0.00159917,0.00458046,-0.00014628,-0.00233037,15:49:25..267,,,,
15:49:25..290,6.02478585,-0.000962,-0.00033284,0.00016676,0.00617556,-0.0000439,0.0015986,0.00458047,-0.00014671,-0.00233014,15:49:25..267,,,,
15:49:25..323,6.1023582,-0.000868,-0.00033317,0.0001671,0.006175,-0.00004345,0.00156944,0.00456893,-0.00016765,-0.0023447,15:49:25..353,,,,
15:49:25..479,6.47470548,-0.000868,-0.00033305,0.00016672,0.00617488,-0.00004338,0.00156923,0.00456875,-0.00016785,-0.00234505,15:49:25..474,,,,
15:49:25..511,6.00409989,-0.000868,-0.00033347,0.00016779,0.00617497,-0.00004454,0.00155444,0.00455912,-0.00017989,-0.00234944,15:49:25..474,,,,
15:49:25..545,5.76103986,-0.000832,-0.00033276,0.00016813,0.00617603,-0.00004505,0.00155546,0.00455878,-0.0001795,-0.00235087,15:49:25..600,,,,
15:49:25..655,6.09201522,-0.000832,-0.00033278,0.00016845,0.00617536,-0.00004445,0.001556,0.00455867,-0.00017904,-0.00235057,15:49:25..651,,,,
15:49:25..687,6.05581479,-0.000832,-0.00033293,0.00016795,0.00617561,-0.00004469,0.00154012,0.00454583,-0.00018995,-0.00234942,15:49:25..651,,,,
15:49:25..720,5.90067009,-0.000807,-0.00033321,0.00016755,0.00617502,-0.00004476,0.00154231,0.00454739,-0.00018714,-0.00234929,15:49:25..758,,,,
15:49:25..822,6.27818886,-0.000807,-0.00033302,0.00016763,0.00617551,-0.00004442,0.00154306,0.00454811,-0.00018731,-0.00234899,15:49:25..820,,,,
15:49:25..855,6.17475906,-0.000795,-0.00033304,0.00016831,0.0061754,-0.00004472,0.00153951,0.00455155,-0.00018818,-0.00234949,15:49:25..863,,,,
15:49:25..975,6.22647396,-0.000795,-0.00033261,0.00016797,0.00617536,-0.00004466,0.00153937,0.00455188,-0.00018803,-0.00234946,15:49:25..970,,,,
15:49:26..008,6.26267439,-0.000709,-0.0003333,0.00016816,0.00617594,-0.00004495,0.00155918,0.00456253,-0.0001787,-0.00234665,15:49:26..015,,,,
15:49:26..150,5.60589516,-0.000709,-0.00033305,0.00016861,0.00617549,-0.00004466,0.00155915,0.00456181,-0.00017881,-0.00234648,15:49:26..145,,,,
15:49:26..184,5.9989284,-0.000634,-0.00033255,0.00016752,0.0061764,-0.00004379,0.00157739,0.00456369,-0.00017361,-0.00234302,15:49:26..188,,,,
15:49:26..300,6.24198843,-0.000634,-0.00033248,0.00016742,0.00617561,-0.00004351,0.00157701,0.00456365,-0.00017403,-0.00234353,15:49:26..296,,,,
15:49:26..334,5.99375691,-0.000565,-0.0003331,0.0001682,0.00617555,-0.00004429,0.00156947,0.00456588,-0.00017755,-0.00234529,15:49:26..343,,,,
15:49:26..454,6.09718671,-0.000565,-0.00033275,0.00016787,0.0061754,-0.00004361,0.001569,0.00456545,-0.00017785,-0.00234573,15:49:26..450,,,,
15:49:26..487,6.16441608,-0.000565,-0.00033279,0.00016904,0.00617631,-0.00004444,0.00158001,0.00456865,-0.00017171,-0.00234553,15:49:26..450,,,,
15:49:26..521,6.14373012,-0.000603,-0.00033308,0.00016818,0.006176,-0.00004421,0.00158037,0.00456878,-0.00017215,-0.00234536,15:49:26..494,,,,
15:49:26..558,6.17475906,-0.000641,-0.00033266,0.00016812,0.0061754,-0.00004412,0.00158048,0.00456821,-0.00017288,-0.00234483,15:49:26..598,,,,
15:49:26..609,6.02478585,-0.000659,-0.00033294,0.00016821,0.00617508,-0.00004392,0.00158019,0.00456803,-0.00017299,-0.00234552,15:49:26..643,,,,
15:49:26..660,5.93169903,-0.000659,-0.00033304,0.00016805,0.00617625,-0.00004423,0.0015806,0.00456903,-0.00017289,-0.0023456,15:49:26..643,,,,
15:49:26..693,6.14890161,-0.000691,-0.00033333,0.00016816,0.00617533,-0.00004417,0.00157551,0.00456596,-0.00017537,-0.00234386,15:49:26..730,,,,
15:49:26..828,6.26784588,-0.000691,-0.00033272,0.00016803,0.00617537,-0.0000441,0.00157523,0.00456582,-0.00017558,-0.00234421,15:49:26..823,,,,
15:49:26..859,6.29370333,-0.000799,-0.00033275,0.00016818,0.0061752,-0.00004401,0.00158866,0.00457191,-0.00016746,-0.0023433,15:49:26..902,,,,
15:49:26..984,5.9989284,-0.000799,-0.00033327,0.00016808,0.00617609,-0.00004432,0.00158891,0.00457135,-0.00016737,-0.00234308,15:49:26..980,,,,
15:49:27..017,5.66278155,-0.000907,-0.00033254,0.00016902,0.0061748,-0.00004487,0.00158718,0.00456811,-0.00017314,-0.00234184,15:49:27..024,,,,
15:49:27..160,5.76103986,-0.000907,-0.00033307,0.00016882,0.00617527,-0.00004455,0.001587,0.00456795,-0.00017276,-0.00234232,15:49:27..155,,,,
15:49:27..191,6.34024674,-0.000971,-0.00033233,0.00016963,0.00617347,-0.00004564,0.00156473,0.0045554,-0.00018602,-0.00234452,15:49:27..197,,,,
15:49:27..323,6.12821565,-0.000971,-0.00033248,0.0001697,0.00617453,-0.00004505,0.00156513,0.00455571,-0.00018565,-0.00234404,15:49:27..319,,,,
15:49:27..356,6.1540731,-0.001021,-0.00033282,0.0001688,0.00617556,-0.00004409,0.00156477,0.00456079,-0.00018319,-0.00234718,15:49:27..362,,,,
15:49:27..469,5.87481264,-0.001021,-0.0003327,0.0001686,0.00617629,-0.00004398,0.00156497,0.00456102,-0.00018319,-0.00234721,15:49:27..465,,,,
15:49:27..501,5.40937854,-0.001089,-0.00033368,0.00016798,0.00617638,-0.00004449,0.00155786,0.00456619,-0.00018364,-0.00234722,15:49:27..508,,,,
15:49:27..605,5.95755648,-0.001089,-0.0003337,0.00016802,0.00617628,-0.00004439,0.00155695,0.00456575,-0.00018384,-0.00234775,15:49:27..599,,,,
15:49:27..636,6.30404631,-0.001089,-0.00033382,0.00016809,0.00617564,-0.00004485,0.00154608,0.00455904,-0.0001923,-0.0023492,15:49:27..599,,,,
15:49:27..671,6.58330677,-0.001034,-0.00033321,0.00016902,0.00617641,-0.00004491,0.00154884,0.00455576,-0.00018904,-0.00234959,15:49:27..726,,,,
15:49:27..782,6.23681694,-0.001034,-0.00033337,0.00016934,0.00617604,-0.00004446,0.00154842,0.00455629,-0.00018896,-0.00234964,15:49:27..726,,,,
15:49:27..813,6.02995734,-0.00102,-0.00033344,0.00016919,0.0061758,-0.0000441,0.00155392,0.00455941,-0.00018589,-0.00235026,15:49:27..832,,,,
15:49:27..866,5.32146321,-0.001009,-0.00033332,0.00016892,0.00617593,-0.00004426,0.00155413,0.0045595,-0.00018662,-0.00235024,15:49:27..876,,,,
15:49:27..910,6.3092178,-0.001009,-0.00033325,0.00016896,0.00617671,-0.00004433,0.00155431,0.00456003,-0.00018568,-0.00235,15:49:27..876,,,,
15:49:27..945,5.90067009,-0.00099,-0.00033299,0.0001695,0.00617614,-0.00004463,0.00154326,0.00455234,-0.00019744,-0.0023521,15:49:27..921,,,,
15:49:27..979,5.7920688,-0.000943,-0.00033364,0.00016845,0.00617505,-0.00004471,0.00154449,0.00455456,-0.00019717,-0.00235222,15:49:28..020,,,,
15:49:28..081,6.4126476,-0.000943,-0.00033304,0.00016842,0.00617591,-0.00004451,0.00154499,0.00455451,-0.00019752,-0.00235192,15:49:28..078,,,,
15:49:28..112,5.9472135,-0.000957,-0.00033325,0.0001682,0.00617464,-0.00004466,0.00156458,0.00456462,-0.00018995,-0.00234938,15:49:28..078,,,,
15:49:28..192,6.19544502,-0.000957,-0.00033326,0.00016889,0.00617559,-0.00004392,0.00156423,0.00456469,-0.00019039,-0.0023497,15:49:28..219,,,,
15:49:28..254,5.85412668,-0.000957,-0.00033353,0.00016851,0.00617583,-0.00004446,0.00156461,0.0045652,-0.00019019,-0.00234903,15:49:28..219,,,,
15:49:28..289,6.12821565,-0.000889,-0.00033279,0.00016813,0.00617563,-0.00004371,0.00156947,0.00455888,-0.00018822,-0.00234523,15:49:28..262,,,,
15:49:28..325,6.37644717,-0.000856,-0.00033301,0.0001685,0.00617549,-0.00004479,0.00154779,0.00454802,-0.00020255,-0.00234783,15:49:28..364,,,,
15:49:28..409,6.17993055,-0.00082,-0.00033317,0.00016822,0.00617517,-0.00004512,0.00154704,0.00454747,-0.00020296,-0.00234811,15:49:28..407,,,,
15:49:28..443,6.4126476,-0.000756,-0.00033329,0.00016707,0.00617271,-0.00004362,0.00157313,0.0045631,-0.00018517,-0.0023437,15:49:28..451,,,,
15:49:28..559,6.43850505,-0.000756,-0.00033336,0.00016721,0.00617235,-0.00004424,0.0015727,0.00456274,-0.00018567,-0.00234343,15:49:28..554,,,,
15:49:28..591,6.19027353,-0.000704,-0.00033246,0.00016864,0.0061733,-0.00004474,0.00155009,0.00454207,-0.00020087,-0.00234459,15:49:28..596,,,,
15:49:28..709,6.07132926,-0.000704,-0.00033307,0.00016873,0.00617344,-0.00004497,0.00155018,0.00454257,-0.00020072,-0.002345,15:49:28..704,,,,
15:49:28..741,5.99375691,-0.000659,-0.00033257,0.00016893,0.0061737,-0.00004445,0.00153457,0.00453694,-0.00020929,-0.00234889,15:49:28..811,,,,
15:49:28..865,5.92135605,-0.000659,-0.00033272,0.00016854,0.00617356,-0.00004522,0.00153529,0.00453766,-0.00020905,-0.00234908,15:49:28..861,,,,
15:49:28..898,6.19544502,-0.000659,-0.00033272,0.00016885,0.00617241,-0.00004484,0.00154046,0.00454392,-0.00020699,-0.00234857,15:49:28..861,,,,
15:49:28..932,6.15924459,-0.000689,-0.00033265,0.0001693,0.0061718,-0.00004523,0.00153615,0.00453983,-0.00021147,-0.00234952,15:49:28..988,,,,
15:49:29..047,6.18510204,-0.000689,-0.00033253,0.0001686,0.00617225,-0.00004483,0.00153638,0.00453977,-0.00021164,-0.00234989,15:49:28..988,,,,
15:49:29..079,6.17993055,-0.000755,-0.00033255,0.00016783,0.00617276,-0.00004424,0.0015436,0.00454644,-0.00020698,-0.00234768,15:49:29..090,,,,
15:49:29..210,6.19027353,-0.000755,-0.00033259,0.00016817,0.00617326,-0.00004468,0.00154279,0.00454631,-0.00020729,-0.00234789,15:49:29..205,,,,
15:49:29..243,6.6195072,-0.000697,-0.00033314,0.00016807,0.00617316,-0.00004495,0.00154254,0.00454499,-0.00020595,-0.00234602,15:49:29..248,,,,
15:49:29..364,6.28853184,-0.000697,-0.00033289,0.00016818,0.00617371,-0.00004493,0.00154247,0.00454455,-0.00020605,-0.00234604,15:49:29..359,,,,
15:49:29..395,6.47470548,-0.000647,-0.00033321,0.00016754,0.00617282,-0.00004328,0.00157549,0.00456271,-0.00018672,-0.00234387,15:49:29..470,,,,
15:49:29..517,6.1023582,-0.000599,-0.00033357,0.00016755,0.0061733,-0.0000434,0.00157673,0.00456362,-0.00018582,-0.00234357,15:49:29..513,,,,
15:49:29..548,5.58003771,-0.000599,-0.00033276,0.00016961,0.00617411,-0.00004442,0.00156823,0.00455575,-0.00019311,-0.0023434,15:49:29..513,,,,
15:49:29..582,6.13855863,-0.000557,-0.0003335,0.00016825,0.00617396,-0.00004487,0.00156287,0.00455749,-0.00019571,-0.00234371,15:49:29..638,,,,
15:49:29..691,6.19027353,-0.000557,-0.00033367,0.00016793,0.00617374,-0.00004504,0.00156212,0.00455715,-0.00019628,-0.00234382,15:49:29..685,,,,
15:49:29..722,6.58330677,-0.000592,-0.00033325,0.00016816,0.00617364,-0.00004577,0.00153889,0.00454413,-0.00020722,-0.00234682,15:49:29..728,,,,
15:49:29..837,6.30404631,-0.000592,-0.00033289,0.00016852,0.00617439,-0.00004515,0.00153857,0.00454374,-0.00020747,-0.00234696,15:49:29..832,,,,
15:49:29..868,6.02478585,-0.000594,-0.0003335,0.00016755,0.00617343,-0.00004521,0.00156303,0.00455311,-0.00019663,-0.00234424,15:49:29..874,,,,
15:49:29..997,5.73518241,-0.000594,-0.00033344,0.00016828,0.00617345,-0.00004489,0.00156339,0.00455281,-0.00019715,-0.00234392,15:49:29..992,,,,
15:49:30..029,6.11787267,-0.000574,-0.00033342,0.00016753,0.00617436,-0.00004457,0.00158627,0.00456599,-0.00017846,-0.00233988,15:49:30..037,,,,
15:49:30..155,5.98341393,-0.000574,-0.00033443,0.00016708,0.0061741,-0.00004426,0.00158648,0.00456634,-0.00017847,-0.00233932,15:49:30..149,,,,
15:49:30..186,6.19027353,-0.000677,-0.00033361,0.0001679,0.0061743,-0.00004434,0.00157845,0.00456885,-0.0001751,-0.00234127,15:49:30..194,,,,
15:49:30..307,6.23681694,-0.000677,-0.00033381,0.00016793,0.00617424,-0.00004369,0.00157818,0.00456872,-0.0001751,-0.00234134,15:49:30..302,,,,
15:49:30..340,6.06098628,-0.00076,-0.00033368,0.00016836,0.00617425,-0.00004525,0.00156505,0.0045585,-0.00018877,-0.00234384,15:49:30..302,,,,
15:49:30..432,6.12304416,-0.00076,-0.00033345,0.00016826,0.00617404,-0.0000454,0.00156471,0.00455828,-0.00018866,-0.00234373,15:49:30..475,,,,
15:49:30..498,6.02995734,-0.00076,-0.00033376,0.00016848,0.00617444,-0.00004522,0.00156454,0.00455757,-0.00018916,-0.00234413,15:49:30..475,,,,
15:49:30..529,6.25233141,-0.000607,-0.00033371,0.00016782,0.00617609,-0.00004512,0.00154529,0.00454672,-0.00020247,-0.0023482,15:49:30..560,,,,
15:49:30..670,6.18510204,-0.000607,-0.00033321,0.00016803,0.00617612,-0.00004456,0.00154529,0.0045472,-0.00020251,-0.00234824,15:49:30..665,,,,
15:49:30..703,6.06615777,-0.000534,-0.00033311,0.00016946,0.00617634,-0.00004568,0.00155302,0.00454754,-0.00020137,-0.0023474,15:49:30..709,,,,
15:49:30..838,6.11270118,-0.000534,-0.00033343,0.00016923,0.00617631,-0.00004521,0.00155212,0.00454786,-0.00020181,-0.00234774,15:49:30..835,,,,
15:49:30..869,5.7920688,-0.000723,-0.00033322,0.00016847,0.00617554,-0.00004546,0.00155859,0.0045502,-0.00019628,-0.00234613,15:49:30..877,,,,
15:49:30..949,5.94204201,-0.000723,-0.00033308,0.0001686,0.00617578,-0.00004534,0.00155863,0.00455051,-0.00019643,-0.00234587,15:49:30..945,,,,
15:49:30..980,6.07650075,-0.000853,-0.0003333,0.0001685,0.00617511,-0.00004505,0.00157092,0.00455696,-0.00019023,-0.00234521,15:49:30..990,,,,
15:49:31..099,6.08167224,-0.000853,-0.00033362,0.00016792,0.00617515,-0.00004474,0.00157037,0.00455724,-0.00019114,-0.00234523,15:49:31..094,,,,
15:49:31..131,6.25233141,-0.000883,-0.0003335,0.0001682,0.00617551,-0.00004501,0.00155542,0.00454936,-0.0002017,-0.00234717,15:49:31..139,,,,
15:49:31..252,5.9989284,-0.000883,-0.0003332,0.00016784,0.00617627,-0.00004533,0.00155572,0.00454926,-0.00020158,-0.00234731,15:49:31..247,,,,
15:49:31..284,5.81275476,-0.00079,-0.0003336,0.00016859,0.00617688,-0.0000454,0.00156205,0.00455558,-0.00019535,-0.00234433,15:49:31..291,,,,
15:49:31..395,6.04547181,-0.00079,-0.000333,0.00016896,0.00617737,-0.00004573,0.00156173,0.00455547,-0.00019507,-0.00234448,15:49:31..390,,,,
15:49:31..426,6.6195072,-0.000679,-0.0003337,0.00016891,0.00617698,-0.00004547,0.00155595,0.00455026,-0.00020063,-0.00234581,15:49:31..434,,,,
15:49:31..533,6.60916422,-0.000679,-0.00033344,0.00016866,0.00617725,-0.00004536,0.00155533,0.00454988,-0.00020067,-0.00234573,15:49:31..528,,,,
15:49:31..565,6.50056293,-0.000592,-0.00033363,0.00016794,0.00617551,-0.00004473,0.00155632,0.00454836,-0.00019834,-0.00234309,15:49:31..573,,,,
15:49:31..684,6.28853184,-0.000592,-0.00033377,0.00016765,0.00617602,-0.00004482,0.00155542,0.00454893,-0.00019792,-0.00234281,15:49:31..679,,,,
15:49:31..716,6.19027353,-0.000468,-0.00033354,0.00016847,0.00617524,-0.00004539,0.00155281,0.00454712,-0.00020088,-0.00234185,15:49:31..722,,,,
15:49:31..833,5.96272797,-0.000468,-0.00033379,0.00016831,0.00617495,-0.00004576,0.00155256,0.00454691,-0.00020133,-0.00234226,15:49:31..829,,,,
15:49:31..865,6.1540731,-0.000381,-0.00033394,0.00016785,0.00617455,-0.00004508,0.00155188,0.00454352,-0.00020402,-0.00234133,15:49:31..873,,,,
15:49:31..989,6.12304416,-0.000381,-0.00033373,0.00016781,0.00617479,-0.00004514,0.0015514,0.004544,-0.00020409,-0.00234111,15:49:31..984,,,,
15:49:32..020,6.32473227,-0.000335,-0.00033397,0.00016848,0.00617296,-0.00004616,0.00152055,0.00453017,-0.00021433,-0.00234445,15:49:32..061,,,,
15:49:32..152,5.93169903,-0.000335,-0.00033393,0.000168,0.00617246,-0.00004628,0.00152063,0.0045302,-0.00021404,-0.0023446,15:49:32..147,,,,
15:49:32..184,5.85412668,-0.000383,-0.00033348,0.00016884,0.00617463,-0.00004562,0.00153321,0.00453616,-0.00021302,-0.00234678,15:49:32..192,,,,
15:49:32..327,5.63175261,-0.000383,-0.00033364,0.00016904,0.00617444,-0.00004611,0.00153266,0.00453538,-0.00021411,-0.00234739,15:49:32..321,,,,
15:49:32..359,5.78172582,-0.000395,-0.0003344,0.00016936,0.00617462,-0.00004563,0.00151894,0.00452389,-0.00023418,-0.00235738,15:49:32..365,,,,
15:49:32..479,6.37644717,-0.000395,-0.00033427,0.0001692,0.00617477,-0.00004531,0.00151857,0.00452341,-0.0002346,-0.00235774,15:49:32..474,,,,
15:49:32..512,6.95048256,-0.000505,-0.0003354,0.00016711,0.00617281,-0.00004472,0.00154109,0.00455259,-0.00021749,-0.00235325,15:49:32..517,,,,
15:49:32..646,6.53159187,-0.000505,-0.00033497,0.00016749,0.00617377,-0.00004473,0.00153998,0.00455258,-0.00021796,-0.00235247,15:49:32..641,,,,
15:49:32..678,5.83344072,-0.000605,-0.00033509,0.00016775,0.00617475,-0.00004438,0.00155394,0.00454281,-0.00020537,-0.0023442,15:49:32..685,,,,
15:49:32..798,5.56452324,-0.000605,-0.00033485,0.00016809,0.00617383,-0.0000446,0.00155416,0.00454326,-0.00020594,-0.00234467,15:49:32..793,,,,
15:49:32..830,6.43850505,-0.00068,-0.00033382,0.00016845,0.00617439,-0.00004639,0.00152656,0.00453099,-0.00022235,-0.00235022,15:49:32..793,,,,
15:49:32..894,6.90393915,-0.00068,-0.00033457,0.00016882,0.00617427,-0.00004648,0.00152679,0.00453133,-0.00022235,-0.00235029,15:49:32..929,,,,
15:49:32..977,5.95755648,-0.000789,-0.00033403,0.00016906,0.00617402,-0.00004617,0.00152692,0.00453145,-0.00022261,-0.00235038,15:49:32..975,,,,
15:49:33..010,5.63175261,-0.000789,-0.00033417,0.00016982,0.00617563,-0.00004563,0.00151052,0.00451864,-0.00023461,-0.00235732,15:49:32..975,,,,
15:49:33..043,5.84895519,-0.000843,-0.00033485,0.00016827,0.00617434,-0.00004496,0.00151047,0.00452044,-0.00023404,-0.00235511,15:49:33..107,,,,
15:49:33..159,6.16958757,-0.000843,-0.00033488,0.00016847,0.00617424,-0.00004503,0.00151029,0.00452071,-0.0002341,-0.00235538,15:49:33..155,,,,
15:49:33..191,6.19027353,-0.000835,-0.00033343,0.00016847,0.00617351,-0.00004582,0.00152695,0.00451911,-0.00022516,-0.00234323,15:49:33..199,,,,
15:49:33..309,5.9472135,-0.000835,-0.00033369,0.0001681,0.0061734,-0.00004622,0.00152736,0.00451938,-0.00022512,-0.00234297,15:49:33..304,,,,
15:49:33..340,5.9472135,-0.000805,-0.00033363,0.00016949,0.00617616,-0.00004656,0.00153852,0.00453153,-0.00022537,-0.00235009,15:49:33..347,,,,
15:49:33..458,6.12821565,-0.000805,-0.00033378,0.00016939,0.00617637,-0.00004659,0.00153829,0.00453136,-0.00022554,-0.00235041,15:49:33..453,,,,
15:49:33..489,6.03512883,-0.000808,-0.00033434,0.0001686,0.00617669,-0.00004587,0.00154157,0.00453859,-0.00021425,-0.00234974,15:49:33..499,,,,
15:49:33..619,6.04547181,-0.000808,-0.0003346,0.00016886,0.00617685,-0.00004628,0.00154115,0.00453872,-0.0002138,-0.00234988,15:49:33..614,,,,
15:49:33..651,5.97824244,-0.000784,-0.0003339,0.00016884,0.00617707,-0.00004536,0.00152764,0.00452531,-0.00023375,-0.00235687,15:49:33..657,,,,
15:49:33..775,6.34024674,-0.000784,-0.00033362,0.00016882,0.00617695,-0.00004581,0.00152778,0.0045259,-0.00023409,-0.00235663,15:49:33..770,,,,
15:49:33..808,6.43850505,-0.000761,-0.00033537,0.00016871,0.0061756,-0.00004467,0.00151456,0.00451752,-0.00023189,-0.00235652,15:49:33..815,,,,
15:49:33..928,6.46953399,-0.000761,-0.00033544,0.00016839,0.00617438,-0.00004506,0.00151489,0.00451801,-0.00023199,-0.00235701,15:49:33..923,,,,
15:49:33..960,5.76621135,-0.000743,-0.00033408,0.00017005,0.00617604,-0.0000464,0.00153234,0.00452546,-0.00022525,-0.00235333,15:49:34..008,,,,
15:49:34..078,6.04547181,-0.000743,-0.00033391,0.00016961,0.00617597,-0.00004656,0.0015327,0.00452666,-0.00022416,-0.00235285,15:49:34..076,,,,
15:49:34..113,5.95238499,-0.000735,-0.00033513,0.00017058,0.00617671,-0.00004839,0.00152712,0.00452711,-0.00022468,-0.00235224,15:49:34..120,,,,
15:49:34..222,6.205788,-0.000735,-0.00033478,0.00017113,0.0061774,-0.00004813,0.00152774,0.00452694,-0.00022439,-0.00235217,15:49:34..219,,,,
15:49:34..256,6.49021995,-0.000733,-0.00033783,0.00016782,0.00617476,-0.00004903,0.00150422,0.00450433,-0.00023429,-0.00234909,15:49:34..219,,,,
15:49:34..326,6.1540731,-0.000733,-0.00033842,0.000168,0.00617447,-0.00004826,0.00150448,0.00450428,-0.00023354,-0.00234872,15:49:34..379,,,,
15:49:34..391,6.17993055,-0.000733,-0.00033782,0.0001681,0.00617498,-0.00004815,0.00150445,0.00450493,-0.00023303,-0.002349,15:49:34..379,,,,
15:49:34..426,5.81792625,-0.000769,-0.00033743,0.00016715,0.00617656,-0.00004568,0.00155936,0.00455826,-0.00020975,-0.0023482,15:49:34..456,,,,
15:49:34..514,5.83344072,-0.000769,-0.00033773,0.00016675,0.00617576,-0.00004524,0.0015589,0.00455805,-0.00021013,-0.00234802,15:49:34..509,,,,
15:49:34..546,6.09201522,-0.000748,-0.00033866,0.00016723,0.00617721,-0.00004604,0.00155178,0.00453822,-0.00022304,-0.00235196,15:49:34..552,,,,
15:49:34..642,6.24715992,-0.000748,-0.00033839,0.00016662,0.00617737,-0.00004593,0.00155193,0.00453851,-0.00022219,-0.00235144,15:49:34..638,,,,
15:49:34..675,6.44367654,-0.000734,-0.00033785,0.00016672,0.00617519,-0.00004818,0.00153319,0.00453044,-0.00022243,-0.00234657,15:49:34..739,,,,
15:49:34..794,6.07650075,-0.000734,-0.00033759,0.00016662,0.00617505,-0.00004806,0.00153254,0.0045308,-0.00022242,-0.00234632,15:49:34..739,,,,
15:49:34..827,6.02478585,-0.000734,-0.00033813,0.00016684,0.00617533,-0.00004685,0.00151089,0.00451469,-0.00023561,-0.002354,15:49:34..802,,,,
15:49:34..860,5.98858542,-0.000793,-0.00033829,0.00016671,0.0061748,-0.00004629,0.00152039,0.00450962,-0.0002349,-0.00235198,15:49:34..888,,,,
15:49:34..926,5.97307095,-0.000793,-0.00033781,0.00016669,0.00617536,-0.00004654,0.00152037,0.00451028,-0.00023492,-0.0023525,15:49:34..888,,,,
15:49:34..961,6.3092178,-0.000866,-0.00033872,0.0001667,0.00617588,-0.00004679,0.00150378,0.00451151,-0.0002396,-0.00235628,15:49:34..972,,,,
15:49:35..078,5.91101307,-0.000866,-0.00033865,0.00016661,0.00617482,-0.00004692,0.00150413,0.00451213,-0.00023952,-0.00235585,15:49:35..073,,,,
15:49:35..109,5.91618456,-0.000922,-0.00033861,0.0001661,0.00617568,-0.00004594,0.001563,0.00456201,-0.00020043,-0.0023456,15:49:35..106,,,,
15:49:35..155,5.60072367,-0.000923,-0.00033869,0.00016554,0.00617604,-0.00004643,0.00156236,0.0045615,-0.00020095,-0.00234574,15:49:35..193,,,,
15:49:35..216,5.71966794,-0.000914,-0.00033798,0.00016589,0.00617626,-0.00004626,0.00156178,0.00456138,-0.00020114,-0.00234619,15:49:35..250,,,,
15:49:35..261,6.48504846,-0.000914,-0.0003384,0.00016596,0.00617576,-0.00004678,0.0015611,0.0045607,-0.00020146,-0.00234632,15:49:35..250,,,,
15:49:35..295,6.27301737,-0.000917,-0.00033869,0.00016618,0.00617549,-0.00004749,0.00153809,0.00453594,-0.00021858,-0.00234885,15:49:35..297,,,,
15:49:35..329,6.57813528,-0.000955,-0.00033867,0.00016617,0.00617523,-0.00004697,0.00154243,0.00453847,-0.00021239,-0.00234623,15:49:35..297,,,,
15:49:35..388,6.38161866,-0.00105,-0.00033819,0.00016634,0.00617561,-0.00004704,0.00154323,0.0045386,-0.00021251,-0.00234632,15:49:35..392,,,,
15:49:35..455,5.92652754,-0.00105,-0.00033817,0.00016604,0.00617582,-0.00004668,0.00154279,0.00453818,-0.00021238,-0.00234635,15:49:35..496,,,,
15:49:35..512,5.60589516,-0.00105,-0.00033834,0.00016611,0.00617534,-0.00004754,0.0015428,0.0045387,-0.00021205,-0.00234622,15:49:35..496,,,,
15:49:35..546,5.77138284,-0.000892,-0.00033814,0.00016646,0.00617489,-0.0000465,0.00152543,0.00453065,-0.0002223,-0.00234937,15:49:35..605,,,,
15:49:35..677,6.17475906,-0.000892,-0.00033822,0.0001659,0.00617484,-0.00004688,0.00152538,0.00453064,-0.00022278,-0.00234956,15:49:35..674,,,,
15:49:35..710,6.15924459,-0.000808,-0.00033779,0.00016739,0.00617679,-0.00004843,0.00152062,0.00453279,-0.00022012,-0.00234909,15:49:35..716,,,,
15:49:35..837,6.05581479,-0.000808,-0.0003373,0.00016716,0.00617535,-0.00004845,0.00152056,0.00453248,-0.0002194,-0.00234918,15:49:35..832,,,,
15:49:35..870,6.21613098,-0.00069,-0.00033825,0.00016624,0.00617591,-0.00004638,0.00152347,0.00453489,-0.00021578,-0.00235136,15:49:35..875,,,,
15:49:35..990,6.26784588,-0.00069,-0.00033773,0.0001666,0.00617563,-0.00004696,0.00152268,0.00453474,-0.00021562,-0.00235092,15:49:35..984,,,,
15:49:36..021,6.01444287,-0.000668,-0.00033779,0.00016691,0.00617552,-0.00004637,0.00150416,0.00452262,-0.00022282,-0.00235484,15:49:36..028,,,,
15:49:36..159,6.06615777,-0.000668,-0.00033784,0.0001662,0.00617568,-0.00004645,0.00150405,0.00452281,-0.00022305,-0.0023553,15:49:36..154,,,,
15:49:36..191,5.97824244,-0.000619,-0.0003373,0.00016764,0.00617618,-0.0000476,0.00151774,0.00452839,-0.00022241,-0.00235339,15:49:36..154,,,,
15:49:36..275,6.14373012,-0.000619,-0.0003373,0.00016771,0.00617573,-0.00004726,0.00151779,0.00452811,-0.00022232,-0.00235307,15:49:36..323,,,,
15:49:36..343,6.13338714,-0.000619,-0.00033773,0.00016726,0.00617638,-0.00004793,0.0015178,0.00452868,-0.00022256,-0.00235321,15:49:36..323,,,,
15:49:36..377,6.25233141,-0.00062,-0.00033744,0.00016684,0.00617597,-0.00004684,0.00154886,0.00453791,-0.00021633,-0.00235167,15:49:36..412,,,,
15:49:36..525,6.22647396,-0.00062,-0.00033699,0.00016671,0.00617601,-0.00004707,0.00154869,0.00453745,-0.00021634,-0.00235211,15:49:36..520,,,,
15:49:36..558,6.22130247,-0.000611,-0.00033781,0.0001666,0.00617456,-0.00004736,0.00151922,0.00452342,-0.00022441,-0.00235421,15:49:36..564,,,,
15:49:36..661,6.13855863,-0.000611,-0.00033763,0.0001664,0.00617487,-0.00004757,0.00151945,0.0045231,-0.00022433,-0.00235442,15:49:36..656,,,,
15:49:36..693,6.31438929,-0.000649,-0.00033719,0.00016669,0.00617492,-0.00004757,0.00151312,0.00451694,-0.00023152,-0.00235574,15:49:36..699,,,,
15:49:36..797,6.04030032,-0.000649,-0.00033759,0.0001667,0.0061749,-0.00004759,0.00151319,0.00451697,-0.00023111,-0.00235571,15:49:36..791,,,,
15:49:36..829,6.39713313,-0.000657,-0.00033708,0.0001665,0.00617415,-0.00004845,0.00151475,0.0045169,-0.0002298,-0.00235493,15:49:36..834,,,,
15:49:36..889,6.02478585,-0.000653,-0.00033706,0.00016658,0.00617411,-0.00004824,0.0015152,0.00451667,-0.0002296,-0.0023547,15:49:36..929,,,,
15:49:36..976,5.9989284,-0.00068,-0.00033715,0.00016711,0.00617438,-0.00004846,0.00151491,0.00451735,-0.00023008,-0.00235413,15:49:36..975,,,,
15:49:37..010,6.1023582,-0.00068,-0.00033746,0.00016811,0.00617808,-0.0000482,0.0015083,0.0045129,-0.00023462,-0.00235644,15:49:36..975,,,,
15:49:37..044,5.98341393,-0.000653,-0.00033752,0.00016727,0.00617609,-0.00004875,0.00151113,0.00450862,-0.00023629,-0.00235484,15:49:37..093,,,,
15:49:37..146,5.97307095,-0.000653,-0.00033741,0.00016728,0.00617646,-0.00004802,0.00151117,0.00450907,-0.0002359,-0.00235549,15:49:37..141,,,,
15:49:37..177,5.86964115,-0.000664,-0.00033787,0.00016621,0.00617632,-0.00004703,0.00150362,0.00451111,-0.00023182,-0.00235752,15:49:37..185,,,,
15:49:37..288,6.23681694,-0.000664,-0.00033809,0.00016622,0.00617633,-0.00004669,0.00150366,0.00451139,-0.00023195,-0.00235793,15:49:37..283,,,,
15:49:37..320,5.56969473,-0.000592,-0.00033706,0.00016656,0.0061761,-0.00004646,0.00153024,0.0045298,-0.0002275,-0.00235924,15:49:37..326,,,,
15:49:37..392,5.97824244,-0.000574,-0.00033648,0.00016714,0.00617657,-0.00004597,0.0015305,0.00453023,-0.00022734,-0.00235937,15:49:37..430,,,,
15:49:37..463,5.83344072,-0.000574,-0.00033641,0.00016663,0.00617665,-0.0000463,0.00153033,0.00453103,-0.00022748,-0.0023599,15:49:37..430,,,,
15:49:37..497,5.97824244,-0.00057,-0.0003378,0.00016767,0.0061759,-0.00004906,0.00151551,0.00451539,-0.0002339,-0.00235711,15:49:37..515,,,,
15:49:37..615,6.16441608,-0.00057,-0.00033762,0.00016797,0.00617606,-0.00004872,0.00151502,0.00451562,-0.00023431,-0.00235702,15:49:37..611,,,,
15:49:37..647,6.11270118,-0.000533,-0.00033749,0.00016728,0.00617447,-0.00004785,0.00151034,0.00451132,-0.00023494,-0.00235574,15:49:37..654,,,,
15:49:37..755,6.51090591,-0.000533,-0.00033746,0.00016725,0.00617449,-0.00004792,0.00151008,0.00451212,-0.00023424,-0.00235609,15:49:37..752,,,,
15:49:37..786,6.22647396,-0.000548,-0.00033707,0.0001663,0.00617463,-0.00004623,0.00150675,0.00450963,-0.00023265,-0.00235894,15:49:37..794,,,,
15:49:37..895,6.26784588,-0.000548,-0.00033727,0.00016592,0.00617435,-0.00004608,0.00150638,0.00450926,-0.00023285,-0.00235869,15:49:37..889,,,,
15:49:37..926,5.97307095,-0.000541,-0.00033622,0.00016712,0.00617616,-0.00004863,0.00151496,0.004526,-0.00022341,-0.00235359,15:49:37..932,,,,
15:49:38..042,5.78689731,-0.000541,-0.00033551,0.00016737,0.00617565,-0.00004818,0.00151566,0.00452663,-0.00022215,-0.00235341,15:49:38..037,,,,
15:49:38..073,5.90067009,-0.000648,-0.00033713,0.00016817,0.00617673,-0.00004956,0.00151407,0.00452251,-0.00022504,-0.00235528,15:49:38..037,,,,
15:49:38..151,6.51090591,-0.000648,-0.00033688,0.00016813,0.00617618,-0.00004888,0.00151404,0.00452195,-0.00022528,-0.00235543,15:49:38..186,,,,
15:49:38..196,5.78689731,-0.000648,-0.00033682,0.00016864,0.00617675,-0.00004905,0.00151333,0.00452229,-0.00022539,-0.00235551,15:49:38..186,,,,
15:49:38..229,6.44367654,-0.000656,-0.00033661,0.0001665,0.00617515,-0.00004903,0.0014892,0.00451456,-0.00022156,-0.00235242,15:49:38..229,,,,
15:49:38..263,5.82309774,-0.000617,-0.00033643,0.00016689,0.00617485,-0.00004753,0.0014936,0.00451542,-0.00022128,-0.00235383,15:49:38..271,,,,
15:49:38..373,5.74552539,-0.000617,-0.00033656,0.00016715,0.0061753,-0.00004761,0.00149332,0.00451571,-0.00022093,-0.00235376,15:49:38..368,,,,
15:49:38..404,6.21613098,-0.000607,-0.00033638,0.00016617,0.00617886,-0.00004738,0.00152084,0.00453886,-0.00020848,-0.00235345,15:49:38..410,,,,
15:49:38..525,6.11270118,-0.000607,-0.0003359,0.00016646,0.00617881,-0.00004677,0.00152085,0.00453964,-0.00020828,-0.0023533,15:49:38..519,,,,
15:49:38..557,5.80758327,-0.000678,-0.00033679,0.00016817,0.00617951,-0.00005035,0.00150273,0.00452205,-0.00022125,-0.00235358,15:49:38..562,,,,
15:49:38..625,5.81275476,-0.000681,-0.00033716,0.000168,0.00617923,-0.00005047,0.00150255,0.00452223,-0.00022149,-0.002354,15:49:38..667,,,,
15:49:38..678,6.44367654,-0.000681,-0.00033696,0.00016833,0.00617875,-0.00005035,0.00150266,0.00452204,-0.00022166,-0.00235404,15:49:38..667,,,,
15:49:38..711,6.16958757,-0.000729,-0.00033677,0.00016774,0.00617795,-0.00004857,0.00150434,0.00452097,-0.00022593,-0.00235607,15:49:38..754,,,,
15:49:38..804,5.99375691,-0.000729,-0.0003371,0.00016792,0.0061788,-0.00004878,0.00150426,0.00452095,-0.00022608,-0.00235582,15:49:38..799,,,,
15:49:38..835,6.10752969,-0.000729,-0.00033679,0.00016612,0.00617635,-0.00004704,0.00150452,0.0045207,-0.0002162,-0.00235601,15:49:38..841,,,,
15:49:38..889,5.73518241,-0.000752,-0.00033683,0.00016617,0.00617689,-0.0000469,0.00150508,0.00452119,-0.00021636,-0.00235634,15:49:38..929,,,,
15:49:38..956,6.23164545,-0.000752,-0.00033706,0.0001659,0.00617672,-0.00004691,0.00150517,0.00452163,-0.00021654,-0.00235627,15:49:38..929,,,,
15:49:38..989,5.96789946,-0.000702,-0.00033585,0.00016725,0.00617634,-0.00004867,0.00151314,0.00453552,-0.00020735,-0.00235407,15:49:39..017,,,,
15:49:39..134,6.16441608,-0.000702,-0.0003361,0.00016723,0.00617669,-0.00004857,0.00151286,0.00453478,-0.00020798,-0.00235393,15:49:39..128,,,,
15:49:39..166,6.27301737,-0.000718,-0.00033661,0.00016797,0.00617144,-0.00004899,0.00152627,0.004529,-0.0002159,-0.00235669,15:49:39..205,,,,
15:49:39..308,6.12821565,-0.000718,-0.00033648,0.00016762,0.00617035,-0.0000487,0.00152645,0.00452962,-0.00021593,-0.00235667,15:49:39..304,,,,
15:49:39..341,6.11270118,-0.000774,-0.00033579,0.00016661,0.0061687,-0.00004661,0.00158807,0.00459277,-0.00017292,-0.00235478,15:49:39..304,,,,
15:49:39..409,6.14373012,-0.000774,-0.0003355,0.00016656,0.00616859,-0.00004654,0.00158725,0.00459247,-0.00017341,-0.00235471,15:49:39..446,,,,
15:49:39..459,5.76621135,-0.000774,-0.00033594,0.00016631,0.00616886,-0.00004651,0.00158583,0.00459258,-0.00017432,-0.00235445,15:49:39..446,,,,
15:49:39..491,6.10752969,-0.000912,-0.00033674,0.00016784,0.00616745,-0.00004913,0.00154516,0.00455119,-0.00019257,-0.00235285,15:49:39..565,,,,
15:49:39..618,6.04547181,-0.000912,-0.00033661,0.0001678,0.0061672,-0.00004851,0.00154491,0.00455144,-0.0001933,-0.00235357,15:49:39..565,,,,
15:49:39..651,6.23681694,-0.000968,-0.00033589,0.00016689,0.0061678,-0.00004763,0.00153006,0.0045564,-0.00018644,-0.00235454,15:49:39..670,,,,
15:49:39..744,6.08684373,-0.000968,-0.00033635,0.00016726,0.00616689,-0.00004784,0.00152986,0.0045567,-0.00018694,-0.00235509,15:49:39..741,,,,
15:49:39..779,5.98858542,-0.000952,-0.0003362,0.00016714,0.00616777,-0.00004826,0.00151907,0.00453852,-0.00019612,-0.00235444,15:49:39..784,,,,
15:49:39..903,6.16958757,-0.000952,-0.00033657,0.00016648,0.00616794,-0.00004851,0.00151974,0.00453831,-0.00019635,-0.00235409,15:49:39..898,,,,
15:49:39..935,6.42816207,-0.000822,-0.00033624,0.00016725,0.00616726,-0.00004874,0.00155386,0.00456909,-0.00016808,-0.00235029,15:49:39..943,,,,
15:49:40..048,6.01444287,-0.000822,-0.00033543,0.00016758,0.00616767,-0.00004887,0.0015536,0.00456885,-0.0001686,-0.00235042,15:49:40..043,,,,
15:49:40..080,6.14890161,-0.000734,-0.00033637,0.00016701,0.00616768,-0.00004873,0.00155406,0.00456244,-0.00017994,-0.00235434,15:49:40..086,,,,
15:49:40..180,5.82826923,-0.000734,-0.00033641,0.00016712,0.00616719,-0.00004832,0.00155363,0.00456253,-0.00018001,-0.00235399,15:49:40..175,,,,
15:49:40..212,5.88515562,-0.000686,-0.00033648,0.00016764,0.00616817,-0.00004753,0.00159626,0.00459548,-0.00015612,-0.00235362,15:49:40..216,,,,
15:49:40..323,6.0506433,-0.000686,-0.00033666,0.00016763,0.00616797,-0.0000476,0.0015962,0.00459497,-0.00015628,-0.00235365,15:49:40..318,,,,
15:49:40..355,6.01961436,-0.000731,-0.00033671,0.00016776,0.00616857,-0.00004873,0.00156823,0.00456911,-0.00017917,-0.0023565,15:49:40..363,,,,
15:49:40..475,6.205788,-0.000731,-0.00033641,0.00016801,0.00616873,-0.00004788,0.00156869,0.00456952,-0.00017919,-0.00235624,15:49:40..469,,,,
15:49:40..507,6.3092178,-0.000766,-0.00033641,0.00016698,0.00616886,-0.00004716,0.0015717,0.00457961,-0.00016908,-0.00235503,15:49:40..514,,,,
15:49:40..587,6.01961436,-0.000766,-0.00033628,0.00016701,0.00616917,-0.00004748,0.00157207,0.00457896,-0.00016916,-0.00235482,15:49:40..621,,,,
15:49:40..632,6.11787267,-0.000766,-0.00033663,0.0001668,0.00616924,-0.00004779,0.00157192,0.00457929,-0.00016873,-0.00235549,15:49:40..621,,,,
15:49:40..665,5.8437837,-0.00074,-0.00033575,0.00016799,0.00617018,-0.00004902,0.00151185,0.00453863,-0.00019449,-0.00235491,15:49:40..753,,,,
15:49:40..808,6.02995734,-0.00074,-0.00033613,0.00016765,0.00617017,-0.00004923,0.00151086,0.00453808,-0.00019431,-0.00235513,15:49:40..753,,,,
15:49:40..840,5.99375691,-0.000762,-0.00033597,0.00016732,0.0061686,-0.00004827,0.00153732,0.00455931,-0.0001717,-0.00235019,15:49:40..859,,,,
15:49:40..905,6.07650075,-0.00076,-0.00033522,0.00016764,0.00616907,-0.00004812,0.00153681,0.00455876,-0.00017216,-0.00235033,15:49:40..948,,,,
15:49:40..964,5.94204201,-0.00076,-0.00033589,0.00016746,0.00616876,-0.00004849,0.00153695,0.00455873,-0.00017214,-0.00235013,15:49:40..948,,,,
15:49:40..999,6.16958757,-0.000744,-0.0003367,0.0001669,0.00616864,-0.00004802,0.00153956,0.00456216,-0.00017272,-0.00235392,15:49:41..034,,,,
15:49:41..132,6.28336035,-0.000744,-0.00033675,0.0001668,0.00616878,-0.00004826,0.00153927,0.00456224,-0.00017271,-0.00235394,15:49:41..127,,,,
15:49:41..165,5.78689731,-0.00074,-0.00033627,0.00016682,0.00616831,-0.00004812,0.00154258,0.00455272,-0.000185,-0.00235345,15:49:41..170,,,,
15:49:41..297,6.07650075,-0.00074,-0.00033655,0.0001668,0.00616832,-0.00004803,0.00154294,0.00455341,-0.00018481,-0.00235314,15:49:41..291,,,,
15:49:41..329,6.06098628,-0.000782,-0.00033663,0.00016756,0.00616885,-0.00004812,0.00159469,0.00459068,-0.00015765,-0.00235388,15:49:41..335,,,,
15:49:41..446,5.67312453,-0.000782,-0.00033689,0.00016735,0.00616818,-0.00004829,0.00159452,0.0045906,-0.0001579,-0.00235419,15:49:41..441,,,,
15:49:41..478,6.00927138,-0.000782,-0.00033675,0.00016758,0.00616757,-0.0000478,0.00157926,0.00457713,-0.00017283,-0.00235795,15:49:41..517,,,,
15:49:41..594,6.22130247,-0.000782,-0.00033685,0.00016734,0.00616746,-0.000047,0.00157982,0.0045771,-0.00017276,-0.00235836,15:49:41..589,,,,
15:49:41..626,6.1023582,-0.000752,-0.00033664,0.00016727,0.00616821,-0.00004814,0.0015697,0.00456416,-0.00018623,-0.00235779,15:49:41..632,,,,
15:49:41..746,5.86446966,-0.000752,-0.00033605,0.00016753,0.00616854,-0.00004789,0.00157029,0.00456444,-0.00018596,-0.0023571,15:49:41..743,,,,
15:49:41..782,6.10752969,-0.000782,-0.00033682,0.00016797,0.00617113,-0.00004772,0.00158323,0.00458954,-0.00016738,-0.00235911,15:49:41..818,,,,
15:49:41..900,5.93687052,-0.000782,-0.00033738,0.00016731,0.00617079,-0.00004795,0.00158253,0.00458897,-0.00016732,-0.00235971,15:49:41..898,,,,
15:49:41..933,5.85412668,-0.000871,-0.00033658,0.00016666,0.00616848,-0.0000471,0.00157952,0.00457958,-0.000175,-0.00236198,15:49:41..898,,,,
15:49:41..998,6.00927138,-0.000871,-0.00033682,0.00016619,0.00616824,-0.00004787,0.00158042,0.00458039,-0.00017509,-0.00236183,15:49:42..047,,,,
15:49:42..085,6.45919101,-0.000871,-0.00033676,0.00016605,0.00616847,-0.00004709,0.00158077,0.00458063,-0.00017452,-0.00236182,15:49:42..047,,,,
15:49:42..119,5.82309774,-0.00084,-0.00033753,0.00016737,0.00616743,-0.00004912,0.00158116,0.00458427,-0.00017655,-0.00236038,15:49:42..091,,,,
15:49:42..153,6.11270118,-0.0007,-0.00033663,0.00016848,0.00616891,-0.00004874,0.00157678,0.00457499,-0.00017875,-0.00236159,15:49:42..208,,,,
15:49:42..264,6.27301737,-0.0007,-0.00033715,0.00016837,0.00616841,-0.00004938,0.00157664,0.00457458,-0.00017933,-0.00236158,15:49:42..260,,,,
15:49:42..296,5.93687052,-0.000592,-0.00033675,0.00016674,0.00616783,-0.00004867,0.00154748,0.00455743,-0.00019538,-0.00235992,15:49:42..303,,,,
15:49:42..418,6.0506433,-0.000592,-0.00033649,0.00016668,0.00616778,-0.00004905,0.00154776,0.00455728,-0.00019548,-0.00235992,15:49:42..412,,,,
15:49:42..450,6.05581479,-0.000519,-0.00033733,0.0001669,0.0061695,-0.00004842,0.00156909,0.00457745,-0.00017614,-0.00236101,15:49:42..446,,,,
15:49:42..484,6.17475906,-0.000457,-0.00033646,0.00016838,0.00616928,-0.00004792,0.00157652,0.00457916,-0.00017759,-0.00236252,15:49:42..490,,,,
15:49:42..589,6.07650075,-0.000457,-0.00033673,0.00016752,0.00617045,-0.0000485,0.00157631,0.00457875,-0.00017778,-0.00236285,15:49:42..584,,,,
15:49:42..620,6.28853184,-0.000297,-0.00033791,0.00016604,0.00616719,-0.0000482,0.00157094,0.00458577,-0.00016447,-0.0023603,15:49:42..688,,,,
15:49:42..754,6.19027353,-0.000297,-0.00033774,0.00016625,0.00616707,-0.00004779,0.00157139,0.00458626,-0.00016405,-0.00236063,15:49:42..748,,,,
15:49:42..788,5.84895519,-0.000275,-0.00033701,0.00016706,0.00616855,-0.000047,0.00156847,0.00456853,-0.00018241,-0.0023615,15:49:42..790,,,,
15:49:42..893,6.10752969,-0.000275,-0.0003369,0.00016699,0.00616807,-0.00004734,0.00156996,0.00456901,-0.00018198,-0.00236112,15:49:42..889,,,,
15:49:42..927,5.45592195,-0.000335,-0.0003371,0.00016554,0.00616972,-0.00004767,0.00155293,0.00456058,-0.00019915,-0.00235884,15:49:42..966,,,,
15:49:43..065,6.05581479,-0.000335,-0.00033744,0.00016558,0.00616971,-0.00004828,0.00155172,0.00455979,-0.00020026,-0.0023587,15:49:43..059,,,,
15:49:43..096,6.17475906,-0.000411,-0.0003379,0.00016422,0.00617143,-0.00004535,0.00160819,0.00457546,-0.0001866,-0.00235592,15:49:43..103,,,,
15:49:43..207,7.52968944,-0.000411,-0.00033777,0.00016458,0.00617101,-0.00004541,0.00160911,0.00457559,-0.00018609,-0.00235599,15:49:43..202,,,,
15:49:43..239,7.38488772,-0.000507,-0.00033692,0.00016573,0.00616914,-0.00004699,0.00157818,0.00455302,-0.00021071,-0.00235546,15:49:43..202,,,,
15:49:43..324,7.83997884,-0.000507,-0.00033741,0.00016613,0.00616973,-0.0000476,0.00157838,0.00455282,-0.00021032,-0.00235597,15:49:43..349,,,,
15:49:43..368,5.53866579,-0.000507,-0.00033757,0.00016555,0.00616959,-0.0000465,0.00157817,0.00455238,-0.00021042,-0.00235559,15:49:43..349,,,,
15:49:43..401,6.34541823,-0.000431,-0.00033908,0.00016412,0.00617442,-0.000043,0.00159524,0.00454078,-0.00020516,-0.00235013,15:49:43..440,,,,
15:49:43..538,4.72157037,-0.000431,-0.00033902,0.0001639,0.00617418,-0.00004245,0.00159598,0.00453996,-0.00020381,-0.00234984,15:49:43..534,,,,
15:49:43..570,4.58194014,-0.000319,-0.00033905,0.0001649,0.00617438,-0.00004358,0.00164113,0.00459492,-0.00018255,-0.00235551,15:49:43..578,,,,
15:49:43..651,6.70225104,-0.000319,-0.00033867,0.00016462,0.00617357,-0.00004422,0.00164038,0.0045944,-0.00018283,-0.0023556,15:49:43..687,,,,
15:49:43..697,5.86964115,-0.000319,-0.00033899,0.0001641,0.00617383,-0.00004426,0.00163946,0.00459385,-0.00018358,-0.00235654,15:49:43..687,,,,
15:49:43..732,5.96789946,-0.000264,-0.00033844,0.00016419,0.0061704,-0.00004663,0.00155906,0.00451561,-0.00024092,-0.00235844,15:49:43..792,,,,
15:49:43..846,6.9297966,-0.000264,-0.00033821,0.00016415,0.00617069,-0.00004718,0.00155808,0.0045145,-0.0002404,-0.00235758,15:49:43..842,,,,
15:49:43..878,6.27818886,-0.000253,-0.00033663,0.00016385,0.00617091,-0.00004518,0.00159001,0.00454034,-0.00021136,-0.00234917,15:49:43..886,,,,
15:49:43..976,6.32990376,-0.000253,-0.00033677,0.00016388,0.00617103,-0.00004516,0.00159076,0.00454065,-0.0002107,-0.00234907,15:49:43..971,,,,
15:49:44..009,6.62467869,-0.0003,-0.00033741,0.00016633,0.00617208,-0.00004841,0.00155144,0.00453758,-0.00022149,-0.00235414,15:49:44..016,,,,
15:49:44..137,6.57296379,-0.0003,-0.00033691,0.00016519,0.00617187,-0.00004841,0.00155124,0.00453694,-0.00022195,-0.00235435,15:49:44..132,,,,
15:49:44..169,6.50056293,-0.00046,-0.00033735,0.00016608,0.00617169,-0.00004935,0.00154384,0.00452976,-0.00023116,-0.00235614,15:49:44..175,,,,
15:49:44..282,5.98858542,-0.00046,-0.00033752,0.00016621,0.00617206,-0.00004931,0.00154356,0.00452944,-0.00023097,-0.0023563,15:49:44..276,,,,
15:49:44..313,5.85412668,-0.000558,-0.00033757,0.00016401,0.00617192,-0.0000471,0.00154736,0.00453993,-0.00022632,-0.00235876,15:49:44..319,,,,
15:49:44..368,5.31629172,-0.000611,-0.00033759,0.00016403,0.00617218,-0.00004726,0.00154667,0.00453938,-0.00022625,-0.00235876,15:49:44..410,,,,
15:49:44..427,6.205788,-0.000611,-0.00033692,0.0001641,0.00617194,-0.00004718,0.00154575,0.00453909,-0.00022644,-0.00235859,15:49:44..410,,,,
15:49:44..459,6.56262081,-0.000615,-0.00033774,0.00016403,0.00617157,-0.00004793,0.00155998,0.00454487,-0.00021689,-0.00235345,15:49:44..497,,,,
15:49:44..574,6.65570763,-0.000615,-0.00033714,0.00016398,0.00617141,-0.00004765,0.00156049,0.0045454,-0.00021676,-0.00235338,15:49:44..569,,,,
15:49:44..606,6.34024674,-0.000629,-0.00033751,0.00016533,0.00617104,-0.00004749,0.00157399,0.00453465,-0.00022014,-0.00235445,15:49:44..612,,,,
15:49:44..724,6.09201522,-0.000629,-0.0003376,0.00016532,0.00617072,-0.00004761,0.00157438,0.00453531,-0.00022064,-0.00235508,15:49:44..718,,,,
15:49:44..756,6.17993055,-0.00065,-0.00033762,0.0001634,0.00617073,-0.00004827,0.00153539,0.00453837,-0.00022795,-0.00236021,15:49:44..821,,,,
15:49:44..873,5.83861221,-0.00065,-0.00033785,0.00016351,0.00617017,-0.00004796,0.00153485,0.00453883,-0.00022782,-0.00236049,15:49:44..821,,,,
15:49:44..904,5.82309774,-0.00065,-0.00033902,0.00016338,0.0061699,-0.00004748,0.0015172,0.00452571,-0.00023195,-0.00235852,15:49:44..879,,,,
15:49:44..939,5.83344072,-0.000654,-0.00033791,0.00016384,0.00616913,-0.00004885,0.00153176,0.00452052,-0.00022397,-0.00235187,15:49:44..984,,,,
15:49:45..045,6.25233141,-0.000654,-0.0003378,0.00016348,0.00616968,-0.00004884,0.00153317,0.0045208,-0.00022453,-0.00235287,15:49:44..984,,,,
15:49:45..077,6.03512883,-0.000713,-0.00033949,0.00016676,0.00617238,-0.00004725,0.00150967,0.0045138,-0.00023803,-0.0023614,15:49:45..090,,,,
15:49:45..161,6.37644717,-0.000713,-0.00033957,0.0001669,0.00617271,-0.00004739,0.0015099,0.00451282,-0.0002378,-0.00236122,15:49:45..200,,,,
15:49:45..211,6.23164545,-0.000713,-0.00033951,0.00016697,0.00617209,-0.00004732,0.00151048,0.00451213,-0.00023845,-0.00236017,15:49:45..200,,,,
15:49:45..244,5.81275476,-0.000775,-0.00033769,0.00016449,0.00617254,-0.00004812,0.00153926,0.00454588,-0.0002277,-0.00235928,15:49:45..246,,,,
15:49:45..334,5.30594874,-0.000739,-0.00033799,0.00016452,0.00617341,-0.00004807,0.00153761,0.00454584,-0.00022763,-0.00236012,15:49:45..373,,,,
15:49:45..433,6.13338714,-0.000739,-0.00033772,0.00016455,0.00617232,-0.00004758,0.0015359,0.0045447,-0.00022749,-0.00235984,15:49:45..430,,,,
15:49:45..466,7.28662941,-0.000698,-0.00033723,0.00016425,0.00617098,-0.00004741,0.00157654,0.0045572,-0.00020448,-0.00235267,15:49:45..473,,,,
15:49:45..614,5.87481264,-0.000698,-0.00033816,0.00016406,0.00617068,-0.0000475,0.0015754,0.00455645,-0.00020606,-0.00235347,15:49:45..610,,,,
15:49:45..646,5.68346751,-0.000691,-0.00033776,0.00016617,0.00617128,-0.00004905,0.0015385,0.00453543,-0.0002214,-0.00235573,15:49:45..655,,,,
15:49:45..770,5.86446966,-0.000691,-0.00033749,0.00016625,0.00617075,-0.0000492,0.00153829,0.0045351,-0.00022196,-0.00235595,15:49:45..766,,,,
15:49:45..803,6.39196164,-0.000732,-0.00033783,0.0001642,0.00617203,-0.00004616,0.0015398,0.00454261,-0.00021923,-0.00236009,15:49:45..810,,,,
15:49:45..907,6.43850505,-0.000732,-0.00033806,0.0001642,0.00617201,-0.00004685,0.00153966,0.00454263,-0.00021984,-0.0023598,15:49:45..902,,,,
15:49:45..939,5.76103986,-0.000792,-0.00033701,0.00016281,0.00617184,-0.00004836,0.00154634,0.00455009,-0.00020617,-0.00235476,15:49:45..946,,,,
15:49:46..047,5.99375691,-0.000792,-0.00033721,0.00016341,0.00617061,-0.00004859,0.00154664,0.00455068,-0.00020609,-0.0023538,15:49:46..043,,,,
15:49:46..080,6.37127568,-0.00084,-0.00033813,0.0001646,0.00617207,-0.00004822,0.00154967,0.00454592,-0.00020002,-0.00235466,15:49:46..043,,,,
15:49:46..167,6.16441608,-0.00084,-0.00033793,0.00016496,0.00617293,-0.00004784,0.00155058,0.00454665,-0.00019944,-0.00235403,15:49:46..199,,,,
15:49:46..210,6.29370333,-0.00084,-0.00033854,0.00016472,0.00617197,-0.00004799,0.00155156,0.00454686,-0.00019913,-0.00235407,15:49:46..199,,,,
15:49:46..243,5.78172582,-0.000767,-0.00033744,0.00016479,0.00617192,-0.00004865,0.00153197,0.00454077,-0.00021244,-0.00235898,15:49:46..285,,,,
15:49:46..346,5.8954986,-0.000767,-0.00033753,0.00016459,0.0061726,-0.00004849,0.00153258,0.0045411,-0.00021211,-0.002359,15:49:46..341,,,,
15:49:46..379,6.03512883,-0.000645,-0.00033784,0.00016517,0.00617276,-0.00004874,0.00152878,0.00454355,-0.00021465,-0.00235904,15:49:46..383,,,,
15:49:46..488,6.1540731,-0.000645,-0.00033743,0.00016546,0.00617304,-0.00004875,0.00152883,0.00454307,-0.00021444,-0.00235917,15:49:46..483,,,,
15:49:46..520,5.90584158,-0.000568,-0.00033805,0.00016403,0.00617221,-0.00004772,0.00155363,0.00455573,-0.00019636,-0.00235398,15:49:46..526,,,,
15:49:46..621,5.83344072,-0.000568,-0.00033832,0.00016376,0.00617255,-0.00004761,0.00155367,0.00455537,-0.00019731,-0.00235358,15:49:46..617,,,,
15:49:46..655,5.60589516,-0.000592,-0.00033781,0.0001642,0.0061748,-0.00004737,0.00155069,0.00455792,-0.00019668,-0.00235569,15:49:46..663,,,,
15:49:46..779,6.14373012,-0.000592,-0.00033817,0.00016402,0.00617413,-0.00004681,0.00155023,0.00455784,-0.00019687,-0.00235579,15:49:46..774,,,,
15:49:46..811,6.36610419,-0.000584,-0.00033812,0.00016332,0.00617313,-0.0000472,0.00155648,0.0045527,-0.0002012,-0.00235513,15:49:46..817,,,,
15:49:46..915,6.60399273,-0.000584,-0.00033813,0.00016334,0.00617305,-0.00004749,0.00155665,0.00455266,-0.00020064,-0.00235487,15:49:46..910,,,,
15:49:46..947,6.21095949,-0.000591,-0.00033805,0.00016372,0.00617411,-0.00004823,0.00155522,0.00454676,-0.00020182,-0.00235248,15:49:46..957,,,,
15:49:47..077,6.1540731,-0.000591,-0.00033779,0.00016369,0.00617367,-0.00004789,0.00155505,0.0045463,-0.00020242,-0.00235286,15:49:47..071,,,,
15:49:47..109,6.32990376,-0.000557,-0.00033862,0.00016413,0.00617297,-0.00004784,0.00154417,0.00454199,-0.0002106,-0.00235835,15:49:47..114,,,,
15:49:47..225,6.205788,-0.000557,-0.00033872,0.00016431,0.00617321,-0.00004763,0.00154466,0.00454241,-0.00020976,-0.00235808,15:49:47..220,,,,
15:49:47..257,6.04030032,-0.000612,-0.00033774,0.00016512,0.00617414,-0.00004852,0.00155772,0.00455177,-0.00020343,-0.00235813,15:49:47..263,,,,
15:49:47..379,5.93687052,-0.000612,-0.00033769,0.00016521,0.00617475,-0.00004808,0.0015579,0.00455191,-0.00020354,-0.00235812,15:49:47..376,,,,
15:49:47..410,5.85412668,-0.000712,-0.00033807,0.00016378,0.00617242,-0.00004827,0.00155959,0.00454564,-0.0002061,-0.00235388,15:49:47..420,,,,
15:49:47..566,6.21095949,-0.000712,-0.00033794,0.00016367,0.00617269,-0.00004766,0.00155876,0.00454567,-0.00020577,-0.00235375,15:49:47..561,,,,
15:49:47..600,5.92135605,-0.000794,-0.00033768,0.00016437,0.0061728,-0.00004815,0.00155531,0.00454214,-0.00020556,-0.0023558,15:49:47..604,,,,
15:49:47..671,5.81275476,-0.000761,-0.00033763,0.00016427,0.00617347,-0.00004832,0.00155762,0.00454228,-0.00020567,-0.00235619,15:49:47..717,,,,
15:49:47..748,6.19544502,-0.000761,-0.00033779,0.00016474,0.00617319,-0.00004819,0.00155953,0.00454221,-0.00020586,-0.0023562,15:49:47..717,,,,
15:49:47..780,6.32473227,-0.000718,-0.00033742,0.00016437,0.00617369,-0.0000482,0.00155342,0.00453495,-0.00021333,-0.00235639,15:49:47..797,,,,
15:49:47..916,6.00927138,-0.000718,-0.00033738,0.0001651,0.00617437,-0.00004751,0.00155394,0.00453547,-0.00021265,-0.00235605,15:49:47..911,,,,
15:49:47..949,5.77138284,-0.000801,-0.00033803,0.00016434,0.00617379,-0.0000476,0.00156933,0.00456146,-0.00019151,-0.00235635,15:49:48..018,,,,
15:49:48..081,5.95755648,-0.000801,-0.00033804,0.0001649,0.00617399,-0.00004795,0.00156925,0.0045612,-0.00019116,-0.00235638,15:49:48..077,,,,
15:49:48..114,6.1023582,-0.00084,-0.00033797,0.00016381,0.00617269,-0.00004828,0.00155243,0.00454839,-0.00019669,-0.00235473,15:49:48..077,,,,
15:49:48..192,6.19544502,-0.00084,-0.00033804,0.0001644,0.00617269,-0.00004791,0.00155325,0.00454816,-0.00019679,-0.00235458,15:49:48..224,,,,
15:49:48..249,6.29887482,-0.00084,-0.00033788,0.00016419,0.00617252,-0.00004859,0.00155409,0.00454817,-0.00019674,-0.00235414,15:49:48..224,,,,
15:49:48..282,5.71449645,-0.000857,-0.00033747,0.00016525,0.00617299,-0.00004822,0.00156807,0.00454965,-0.00020089,-0.0023536,15:49:48..266,,,,
15:49:48..316,6.10752969,-0.000829,-0.00033764,0.00016505,0.00617359,-0.00004821,0.00155754,0.00453995,-0.00020604,-0.00235341,15:49:48..367,,,,
15:49:48..433,6.13855863,-0.000829,-0.00033739,0.00016449,0.00617317,-0.00004823,0.00155757,0.00453924,-0.00020603,-0.00235332,15:49:48..367,,,,
15:49:48..466,6.45919101,-0.000859,-0.00033757,0.00016434,0.00617357,-0.00004859,0.00154903,0.00453745,-0.00020948,-0.00235479,15:49:48..486,,,,
15:49:48..554,6.39713313,-0.000859,-0.00033776,0.00016453,0.00617265,-0.00004837,0.00154978,0.00453797,-0.00020881,-0.00235444,15:49:48..551,,,,
15:49:48..587,5.98341393,-0.000942,-0.00033853,0.00016396,0.00617079,-0.00004826,0.00158523,0.00457147,-0.00018118,-0.00235096,15:49:48..644,,,,
15:49:48..699,5.8437837,-0.000942,-0.00033793,0.00016393,0.00617134,-0.00004746,0.0015852,0.00457103,-0.00018119,-0.00235102,15:49:48..694,,,,
15:49:48..732,6.16958757,-0.001044,-0.00033838,0.00016309,0.00617274,-0.00004797,0.00156958,0.00455134,-0.00019514,-0.00234895,15:49:48..740,,,,
15:49:48..845,5.9989284,-0.001044,-0.00033845,0.00016321,0.00617293,-0.00004804,0.00156864,0.00455061,-0.00019525,-0.00234885,15:49:48..841,,,,
15:49:48..877,5.54900877,-0.001166,-0.00033832,0.00016197,0.00617037,-0.00004703,0.00158435,0.00457457,-0.00018075,-0.00235021,15:49:48..884,,,,
15:49:48..986,6.17475906,-0.001166,-0.00033841,0.00016211,0.00617075,-0.00004671,0.00158395,0.00457423,-0.00018109,-0.00235041,15:49:48..981,,,,
15:49:49..019,5.5334943,-0.001156,-0.00033877,0.00016339,0.00617043,-0.00004726,0.00155704,0.00455245,-0.00020406,-0.00235582,15:49:49..025,,,,
15:49:49..136,6.36610419,-0.001156,-0.00033864,0.00016362,0.00617017,-0.00004736,0.00155651,0.00455256,-0.00020435,-0.00235553,15:49:49..131,,,,
15:49:49..167,6.44367654,-0.001096,-0.00033804,0.00016362,0.00617226,-0.00004676,0.00158968,0.00456129,-0.00019,-0.00235337,15:49:49..175,,,,
15:49:49..292,6.59882124,-0.001096,-0.00033801,0.00016369,0.00617177,-0.0000467,0.00159082,0.00456218,-0.00018916,-0.0023535,15:49:49..286,,,,
15:49:49..324,6.15924459,-0.000945,-0.00033791,0.00016452,0.00617088,-0.00004819,0.00156589,0.004554,-0.00019746,-0.00235557,15:49:49..328,,,,
15:49:49..441,6.07650075,-0.000945,-0.00033803,0.00016469,0.00617083,-0.00004848,0.00156543,0.00455395,-0.0001978,-0.00235626,15:49:49..436,,,,
15:49:49..472,6.205788,-0.000777,-0.00033779,0.00016462,0.00617137,-0.00004827,0.001564,0.00455412,-0.00019061,-0.00235298,15:49:49..479,,,,
15:49:49..596,6.33507525,-0.000777,-0.00033785,0.00016441,0.00617093,-0.00004789,0.00156428,0.00455453,-0.0001909,-0.00235281,15:49:49..591,,,,
15:49:49..628,6.08684373,-0.000589,-0.00033817,0.00016429,0.00617149,-0.00004697,0.00157039,0.00457066,-0.00017842,-0.00235489,15:49:49..679,,,,
15:49:49..745,6.39196164,-0.000589,-0.00033821,0.00016446,0.0061713,-0.0000479,0.00157079,0.00457043,-0.00017879,-0.00235536,15:49:49..741,,,,
15:49:49..778,6.02478585,-0.000551,-0.00033808,0.00016415,0.00617289,-0.00004734,0.00158164,0.00457527,-0.00017634,-0.00235402,15:49:49..785,,,,
15:49:49..899,6.15924459,-0.000551,-0.00033847,0.00016409,0.00617219,-0.00004793,0.00158088,0.00457465,-0.00017618,-0.00235416,15:49:49..894,,,,
15:49:49..930,6.22647396,-0.000592,-0.00033883,0.0001635,0.00617196,-0.00004721,0.00159087,0.00459,-0.00015949,-0.00235523,15:49:49..941,,,,
15:49:50..051,6.26784588,-0.000592,-0.00033893,0.00016385,0.00617285,-0.00004751,0.0015911,0.00459064,-0.00015923,-0.00235571,15:49:50..045,,,,
15:49:50..083,6.35576121,-0.00066,-0.00033829,0.00016405,0.00617488,-0.00004729,0.00160996,0.0045948,-0.00015024,-0.00235605,15:49:50..045,,,,
15:49:50..172,6.06615777,-0.00066,-0.00033836,0.00016436,0.00617544,-0.0000473,0.00160935,0.00459501,-0.00015089,-0.00235554,15:49:50..224,,,,
15:49:50..250,5.96272797,-0.00066,-0.00033835,0.00016395,0.0061748,-0.00004774,0.0016085,0.00459424,-0.00015095,-0.00235583,15:49:50..224,,,,
15:49:50..283,5.8437837,-0.000747,-0.00033827,0.00016419,0.00617333,-0.00004636,0.00161696,0.00458416,-0.00015535,-0.00235715,15:49:50..293,,,,
15:49:50..399,6.2575029,-0.000747,-0.00033816,0.00016422,0.00617269,-0.00004658,0.00161714,0.00458397,-0.00015493,-0.00235745,15:49:50..395,,,,
15:49:50..434,5.75069688,-0.000839,-0.00033827,0.00016382,0.00617333,-0.0000477,0.00160391,0.00458936,-0.00014917,-0.00235585,15:49:50..442,,,,
15:49:50..558,6.08684373,-0.000839,-0.00033849,0.00016358,0.00617322,-0.00004805,0.00160369,0.00458902,-0.00014891,-0.00235585,15:49:50..552,,,,
15:49:50..589,6.23681694,-0.000889,-0.00033842,0.0001646,0.00617384,-0.00004832,0.00159053,0.00457549,-0.000159,-0.00236109,15:49:50..595,,,,
15:49:50..703,5.95755648,-0.000889,-0.00033826,0.00016489,0.00617398,-0.00004828,0.00159015,0.00457552,-0.00015893,-0.00236017,15:49:50..698,,,,
15:49:50..736,5.94204201,-0.000766,-0.00033844,0.000165,0.00617418,-0.00004934,0.00156793,0.00456235,-0.00016773,-0.00236129,15:49:50..807,,,,
15:49:50..859,6.01961436,-0.000766,-0.00033794,0.0001658,0.00617505,-0.00004907,0.00156814,0.0045619,-0.00016793,-0.00236086,15:49:50..857,,,,
15:49:50..893,6.09718671,-0.000752,-0.00033853,0.00016375,0.00617322,-0.00004825,0.00156677,0.00457075,-0.00016087,-0.00236234,15:49:50..900,,,,
15:49:50..957,6.00409989,-0.000731,-0.00033948,0.0001638,0.00617342,-0.00004824,0.00156686,0.00457055,-0.00016048,-0.00236206,15:49:50..998,,,,
15:49:51..009,5.8954986,-0.000731,-0.00033918,0.00016416,0.00617299,-0.00004908,0.00156683,0.00457044,-0.00016113,-0.00236183,15:49:50..998,,,,
15:49:51..043,6.10752969,-0.000736,-0.00033954,0.00016456,0.00617542,-0.00004934,0.00157545,0.00457466,-0.00015702,-0.00236172,15:49:51..042,,,,
15:49:51..076,6.05581479,-0.000733,-0.0003389,0.00016519,0.00617483,-0.00004868,0.00157192,0.0045712,-0.00016168,-0.00236162,15:49:51..085,,,,
15:49:51..161,6.23681694,-0.000733,-0.00033886,0.00016526,0.0061755,-0.00004922,0.00157186,0.00457106,-0.00016096,-0.00236155,15:49:51..156,,,,
15:49:51..192,5.99375691,-0.000668,-0.00033941,0.00016338,0.00617507,-0.00004825,0.00156309,0.00456508,-0.00016632,-0.00235812,15:49:51..234,,,,
15:49:51..293,6.205788,-0.000668,-0.0003386,0.00016392,0.00617416,-0.00004792,0.00156297,0.00456436,-0.00016642,-0.00235798,15:49:51..287,,,,
15:49:51..324,5.75069688,-0.00063,-0.00033872,0.00016335,0.00617258,-0.00004685,0.0015791,0.00458021,-0.00015832,-0.00235741,15:49:51..332,,,,
15:49:51..444,6.35058972,-0.00063,-0.00033929,0.0001631,0.00617309,-0.00004699,0.00157928,0.00457961,-0.00015841,-0.00235751,15:49:51..438,,,,
15:49:51..476,6.53159187,-0.000599,-0.00033786,0.00016516,0.00617586,-0.00004873,0.00160162,0.00457555,-0.00015294,-0.00235495,15:49:51..481,,,,
15:49:51..612,6.53676336,-0.000599,-0.00033821,0.00016526,0.00617482,-0.00004788,0.0016029,0.00457551,-0.00015283,-0.00235458,15:49:51..607,,,,
15:49:51..645,6.01444287,-0.000535,-0.00033795,0.00016501,0.00617533,-0.00004697,0.001583,0.00456451,-0.00017418,-0.0023597,15:49:51..649,,,,
15:49:51..777,6.02995734,-0.000535,-0.00033855,0.00016465,0.00617593,-0.0000476,0.00158318,0.00456459,-0.00017423,-0.00235926,15:49:51..773,,,,
15:49:51..812,6.23681694,-0.000543,-0.00033834,0.0001627,0.00617427,-0.00004725,0.00160681,0.00457652,-0.00016432,-0.00235205,15:49:51..816,,,,
15:49:51..924,6.02995734,-0.000543,-0.00033894,0.00016275,0.00617408,-0.00004733,0.00160536,0.00457572,-0.00016513,-0.00235196,15:49:51..920,,,,
15:49:51..958,6.05581479,-0.000572,-0.00033972,0.00016257,0.0061733,-0.00004537,0.00160554,0.00458768,-0.00014652,-0.00235145,15:49:51..963,,,,
15:49:52..013,5.9989284,-0.000663,-0.00034012,0.00016208,0.00617267,-0.00004624,0.00160519,0.00458808,-0.00014624,-0.00235131,15:49:52..066,,,,
15:49:52..125,6.28336035,-0.000663,-0.00033995,0.00016243,0.00617345,-0.00004612,0.00160503,0.00458805,-0.00014616,-0.00235191,15:49:52..121,,,,
15:49:52..158,6.25233141,-0.000663,-0.00033898,0.00016332,0.00617608,-0.00004631,0.00158005,0.00456352,-0.00017033,-0.00235273,15:49:52..121,,,,
15:49:52..191,6.26784588,-0.00077,-0.0003391,0.00016237,0.00617528,-0.00004785,0.00158413,0.0045658,-0.00017004,-0.00235367,15:49:52..245,,,,
15:49:52..313,6.0506433,-0.00077,-0.00033911,0.00016211,0.00617666,-0.00004772,0.00158454,0.00456524,-0.00017029,-0.00235388,15:49:52..322,,,,
15:49:52..359,5.95755648,-0.00077,-0.00033873,0.00016233,0.00617753,-0.00004731,0.00158496,0.0045657,-0.00017015,-0.00235401,15:49:52..322,,,,
15:49:52..393,5.94204201,-0.000812,-0.0003385,0.00016358,0.00617625,-0.00004765,0.00155508,0.00453075,-0.00020645,-0.00235581,15:49:52..408,,,,
15:49:52..518,5.84895519,-0.000812,-0.00033867,0.00016365,0.00617654,-0.00004835,0.00155524,0.00453066,-0.00020754,-0.00235596,15:49:52..513,,,,
15:49:52..549,5.99375691,-0.000816,-0.00033806,0.00016375,0.00617706,-0.00004743,0.00157009,0.00456075,-0.00017891,-0.00235444,15:49:52..557,,,,
15:49:52..681,6.17993055,-0.000816,-0.00033831,0.00016359,0.0061784,-0.00004775,0.0015704,0.00456038,-0.00017907,-0.0023549,15:49:52..676,,,,
15:49:52..713,6.0506433,-0.000784,-0.00033805,0.00016394,0.00617631,-0.00004821,0.00157842,0.0045385,-0.0001861,-0.00234798,15:49:52..719,,,,
15:49:52..831,6.26267439,-0.000784,-0.00033834,0.00016341,0.00617651,-0.00004804,0.00158109,0.00453868,-0.00018573,-0.00234782,15:49:52..826,,,,
15:49:52..864,6.19544502,-0.000793,-0.0003372,0.00016444,0.00617772,-0.00004851,0.00154735,0.00453116,-0.000203,-0.0023549,15:49:52..870,,,,
15:49:52..983,5.81275476,-0.000793,-0.00033792,0.00016412,0.00617656,-0.00004909,0.00154683,0.00453093,-0.00020287,-0.00235516,15:49:52..977,,,,
15:49:53..015,6.2575029,-0.000896,-0.00033819,0.00016473,0.00617632,-0.00004854,0.00156311,0.00455113,-0.00018872,-0.00235555,15:49:53..024,,,,
15:49:53..079,6.30404631,-0.000968,-0.00033829,0.00016459,0.00617679,-0.00004825,0.00156302,0.00455104,-0.00018876,-0.00235576,15:49:53..116,,,,
15:49:53..164,6.26267439,-0.000968,-0.00033797,0.00016419,0.00617742,-0.0000487,0.00156255,0.0045506,-0.00018904,-0.0023557,15:49:53..116,,,,
15:49:53..197,6.35576121,-0.000968,-0.00033863,0.00016241,0.00617425,-0.00004798,0.00158589,0.00456086,-0.00016663,-0.00234786,15:49:53..172,,,,
15:49:53..231,5.71966794,-0.000926,-0.00033917,0.00016294,0.00617547,-0.00004846,0.00155561,0.00455887,-0.00017328,-0.00235169,15:49:53..280,,,,
15:49:53..347,5.55935175,-0.000926,-0.00033883,0.00016355,0.00617641,-0.00004812,0.00155598,0.00455865,-0.00017385,-0.00235243,15:49:53..342,,,,
15:49:53..379,6.14373012,-0.000898,-0.00033916,0.00016382,0.00617544,-0.0000479,0.00153712,0.00452856,-0.00020953,-0.00235885,15:49:53..386,,,,
15:49:53..495,6.31438929,-0.000898,-0.00033875,0.00016364,0.00617588,-0.00004838,0.00153759,0.00452854,-0.00020921,-0.00235888,15:49:53..491,,,,
15:49:53..528,5.82826923,-0.000884,-0.00033773,0.0001647,0.00617676,-0.00004843,0.00155138,0.00452836,-0.00020715,-0.00235408,15:49:53..524,,,,
15:49:53..588,6.01961436,-0.000833,-0.0003377,0.00016472,0.00617605,-0.00004867,0.00155164,0.00452874,-0.00020732,-0.00235394,15:49:53..628,,,,
15:49:53..653,5.8437837,-0.000795,-0.00033794,0.00016503,0.00617636,-0.00004868,0.0015527,0.00452851,-0.00020698,-0.00235388,15:49:53..686,,,,
15:49:53..714,6.27301737,-0.000795,-0.00033762,0.00016467,0.00617615,-0.00004878,0.00155334,0.00452828,-0.00020658,-0.00235389,15:49:53..686,,,,
15:49:53..748,5.87481264,-0.000749,-0.00033926,0.00016309,0.00617584,-0.00004783,0.00158395,0.00456247,-0.00017965,-0.00235379,15:49:53..774,,,,
15:49:53..881,6.30404631,-0.000749,-0.00033974,0.00016297,0.00617556,-0.00004764,0.00158399,0.00456265,-0.00017992,-0.002354,15:49:53..877,,,,
15:49:53..914,6.29887482,-0.00086,-0.00033862,0.00016377,0.00617737,-0.00004817,0.00156792,0.00454849,-0.00019199,-0.00235604,15:49:53..877,,,,
15:49:53..979,6.24198843,-0.00086,-0.00033835,0.00016376,0.00617753,-0.0000478,0.00156868,0.00454979,-0.00019164,-0.00235566,15:49:54..018,,,,
15:49:54..029,6.31956078,-0.00086,-0.00033853,0.00016408,0.00617756,-0.00004766,0.00156783,0.00454921,-0.00019124,-0.00235557,15:49:54..018,,,,
15:49:54..062,5.98341393,-0.000924,-0.00033836,0.00016351,0.00617863,-0.00004827,0.00160234,0.00458099,-0.00014851,-0.00234761,15:49:54..062,,,,
15:49:54..096,5.82826923,-0.000984,-0.00033834,0.00016398,0.00617793,-0.00004799,0.00160662,0.00457742,-0.00015732,-0.00235098,15:49:54..105,,,,
15:49:54..175,5.82826923,-0.000984,-0.00033793,0.00016398,0.00617766,-0.0000479,0.00160674,0.00457794,-0.000157,-0.00235014,15:49:54..170,,,,
15:49:54..206,6.24198843,-0.001036,-0.00033867,0.00016352,0.00617827,-0.00004741,0.00158788,0.00456477,-0.00018065,-0.00235564,15:49:54..249,,,,
15:49:54..341,6.07650075,-0.001036,-0.00033842,0.00016333,0.00617862,-0.00004761,0.00158804,0.00456491,-0.00018076,-0.00235545,15:49:54..337,,,,
15:49:54..372,6.27301737,-0.001097,-0.00033965,0.00015967,0.00617773,-0.00004627,0.00157858,0.0045826,-0.00016644,-0.00235205,15:49:54..381,,,,
15:49:54..497,6.08167224,-0.001097,-0.00034031,0.00015954,0.00617791,-0.00004638,0.00157724,0.00458203,-0.00016742,-0.00235247,15:49:54..491,,,,
15:49:54..529,6.34541823,-0.00104,-0.00033945,0.00016227,0.00617769,-0.00004746,0.00156687,0.00455802,-0.00018747,-0.00235526,15:49:54..535,,,,
15:49:54..599,6.57296379,-0.001053,-0.00033953,0.00016227,0.00617758,-0.00004802,0.00156602,0.00455803,-0.00018756,-0.00235553,15:49:54..637,,,,
15:49:54..670,5.92652754,-0.001053,-0.00033947,0.00016231,0.00617708,-0.00004755,0.00156609,0.00455749,-0.00018729,-0.0023553,15:49:54..637,,,,
15:49:54..703,6.30404631,-0.001083,-0.00033915,0.00016263,0.00617648,-0.00004888,0.00153531,0.00453213,-0.0001954,-0.00235011,15:49:54..681,,,,
15:49:54..769,6.03512883,-0.001121,-0.00033916,0.00016296,0.0061769,-0.00004918,0.00153572,0.00453154,-0.00019478,-0.00234934,15:49:54..769,,,,
15:49:54..804,5.91101307,-0.001145,-0.00033876,0.00016333,0.00617692,-0.00004782,0.00158487,0.00457008,-0.00017125,-0.00235344,15:49:54..813,,,,
15:49:54..925,5.52832281,-0.001145,-0.00033851,0.00016315,0.00617655,-0.00004833,0.00158404,0.00456999,-0.00017154,-0.00235321,15:49:54..920,,,,
15:49:54..957,6.05581479,-0.001185,-0.00033902,0.00016233,0.00617739,-0.00004759,0.00159865,0.0045803,-0.00016551,-0.00235436,15:49:54..963,,,,
15:49:55..071,6.31438929,-0.001185,-0.00033888,0.00016228,0.00617777,-0.00004747,0.00159802,0.00458049,-0.00016646,-0.002354,15:49:55..066,,,,
15:49:55..103,5.84895519,-0.001251,-0.00033918,0.000163,0.00617861,-0.00004809,0.00155786,0.00454078,-0.00020462,-0.00235884,15:49:55..109,,,,
15:49:55..214,5.9989284,-0.001251,-0.00033935,0.00016311,0.00617835,-0.00004823,0.00155855,0.0045401,-0.00020462,-0.0023586,15:49:55..208,,,,
15:49:55..246,6.28336035,-0.001161,-0.00033862,0.00016376,0.00617738,-0.00004864,0.00155873,0.00455619,-0.00019445,-0.00235673,15:49:55..319,,,,
15:49:55..366,6.61433571,-0.001121,-0.00033817,0.00016389,0.00617814,-0.00004907,0.0015581,0.00455413,-0.00019626,-0.00235658,15:49:55..362,,,,
15:49:55..397,6.95048256,-0.001121,-0.00033894,0.00016121,0.00617629,-0.00004671,0.00163156,0.00458448,-0.00014739,-0.0023456,15:49:55..362,,,,
15:49:55..431,6.29887482,-0.001031,-0.00033834,0.00016243,0.00617731,-0.00004744,0.0016043,0.00458087,-0.0001586,-0.0023489,15:49:55..464,,,,
15:49:55..514,5.15597553,-0.001031,-0.00033845,0.00016212,0.00617677,-0.00004755,0.00160305,0.00458066,-0.00015897,-0.0023493,15:49:55..512,,,,
15:49:55..548,6.42816207,-0.000999,-0.00033836,0.00016243,0.00617905,-0.00004644,0.00161444,0.00457959,-0.00015436,-0.00235044,15:49:55..555,,,,
15:49:55..599,5.73518241,-0.000967,-0.00033874,0.00016185,0.0061791,-0.00004627,0.00161557,0.00458119,-0.00015325,-0.00235037,15:49:55..601,,,,
15:49:55..644,6.49539144,-0.000926,-0.00033889,0.00016218,0.00617908,-0.00004618,0.00161676,0.00458196,-0.00015355,-0.00235094,15:49:55..678,,,,
15:49:55..689,6.22130247,-0.000926,-0.00033898,0.00016249,0.0061787,-0.00004601,0.00161815,0.00458328,-0.00015237,-0.00235058,15:49:55..678,,,,
15:49:55..724,5.86446966,-0.000928,-0.00033919,0.00016239,0.00617852,-0.00004674,0.00161025,0.00458518,-0.00015563,-0.00235061,15:49:55..762,,,,
15:49:55..828,6.24715992,-0.000928,-0.00033906,0.00016225,0.00617882,-0.00004757,0.00161006,0.00458527,-0.00015594,-0.00235138,15:49:55..823,,,,
15:49:55..859,6.04030032,-0.000972,-0.00033896,0.00016381,0.00617878,-0.00004864,0.00157219,0.0045581,-0.00018766,-0.00235797,15:49:55..869,,,,
15:49:55..995,6.22130247,-0.000972,-0.00033879,0.00016306,0.0061781,-0.00004824,0.00157242,0.00455755,-0.00018758,-0.00235839,15:49:55..989,,,,
15:49:56..026,6.06098628,-0.001071,-0.00033889,0.00016274,0.0061779,-0.00004712,0.00159592,0.00458044,-0.00016254,-0.00235541,15:49:56..034,,,,
15:49:56..149,6.00409989,-0.001071,-0.00033883,0.00016242,0.00617763,-0.00004768,0.00159672,0.00458122,-0.00016204,-0.00235551,15:49:56..144,,,,
15:49:56..181,5.85929817,-0.001032,-0.00033913,0.00016259,0.00617799,-0.00004766,0.00157581,0.00455739,-0.00019421,-0.00235816,15:49:56..190,,,,
15:49:56..292,5.688639,-0.001032,-0.00033859,0.00016292,0.00617792,-0.00004743,0.00157263,0.00455732,-0.00019422,-0.00235799,15:49:56..286,,,,
15:49:56..325,6.26267439,-0.000952,-0.0003392,0.00016312,0.00617881,-0.00004775,0.00155885,0.00454775,-0.00020591,-0.00236083,15:49:56..330,,,,
15:49:56..442,6.05581479,-0.000952,-0.00033911,0.00016307,0.00617871,-0.00004657,0.00155813,0.00454784,-0.00020596,-0.00236042,15:49:56..437,,,,
15:49:56..476,5.67829602,-0.000889,-0.00033886,0.00016346,0.00617825,-0.00004869,0.00155764,0.00454839,-0.00018371,-0.00235155,15:49:56..481,,,,
15:49:56..590,5.57486622,-0.000889,-0.00033899,0.00016332,0.00617835,-0.00004845,0.0015585,0.00454767,-0.00018346,-0.00235178,15:49:56..586,,,,
15:49:56..624,6.10752969,-0.000884,-0.00033856,0.00016262,0.00617673,-0.00004855,0.00158888,0.00455672,-0.00017813,-0.00234973,15:49:56..695,,,,
15:49:56..749,5.92652754,-0.000884,-0.00033901,0.00016289,0.00617672,-0.00004838,0.00158914,0.00455758,-0.00017811,-0.00235005,15:49:56..744,,,,
15:49:56..780,5.81275476,-0.000942,-0.00033894,0.00016426,0.00617828,-0.00004835,0.0015658,0.00453323,-0.00019755,-0.00235261,15:49:56..789,,,,
15:49:56..888,5.81792625,-0.000942,-0.00033861,0.00016393,0.00617796,-0.0000484,0.00156656,0.00453372,-0.00019669,-0.0023525,15:49:56..883,,,,
15:49:56..920,5.93687052,-0.000999,-0.00033755,0.00016383,0.00617849,-0.00004738,0.00162055,0.00458399,-0.00014988,-0.00234613,15:49:56..927,,,,
15:49:57..045,5.52832281,-0.000999,-0.00033744,0.00016344,0.00617829,-0.00004762,0.00162067,0.00458534,-0.00015034,-0.00234589,15:49:57..040,,,,
15:49:57..077,5.85412668,-0.000975,-0.00033937,0.00016229,0.00617663,-0.00004716,0.00160779,0.00458201,-0.00016111,-0.00234994,15:49:57..084,,,,
15:49:57..208,6.33507525,-0.000975,-0.00033892,0.00016262,0.00617687,-0.00004652,0.00160718,0.00458211,-0.00016086,-0.00234987,15:49:57..202,,,,
15:49:57..239,6.11270118,-0.000876,-0.00033831,0.00016352,0.00617787,-0.0000471,0.00158906,0.00455974,-0.00018182,-0.00235461,15:49:57..248,,,,
15:49:57..349,6.5677923,-0.000876,-0.00033802,0.00016394,0.00617807,-0.00004752,0.00159007,0.00456017,-0.00018166,-0.00235492,15:49:57..343,,,,
15:49:57..381,5.7920688,-0.000811,-0.00033816,0.00016508,0.00617549,-0.0000491,0.00153789,0.00452734,-0.00020951,-0.00235626,15:49:57..385,,,,
15:49:57..450,6.06615777,-0.000779,-0.00033777,0.00016487,0.00617637,-0.00004909,0.00153859,0.00452813,-0.00020868,-0.00235687,15:49:57..492,,,,
15:49:57..504,6.12304416,-0.000779,-0.00033814,0.00016525,0.00617675,-0.00004903,0.00153904,0.00452751,-0.00020868,-0.00235648,15:49:57..492,,,,
15:49:57..537,5.20769043,-0.000743,-0.00033787,0.00016647,0.00617789,-0.00004939,0.00154215,0.00452957,-0.00021672,-0.00235832,15:49:57..536,,,,
15:49:57..610,6.57296379,-0.000708,-0.00033757,0.00016675,0.00617792,-0.00004943,0.001542,0.00452932,-0.00021625,-0.00235858,15:49:57..648,,,,
15:49:57..672,5.71966794,-0.000717,-0.00033747,0.0001664,0.00617749,-0.00004912,0.00154217,0.00452916,-0.00021551,-0.00235755,15:49:57..705,,,,
15:49:57..717,6.49021995,-0.000717,-0.00033723,0.00016663,0.00617761,-0.00004942,0.00154237,0.00452918,-0.00021588,-0.00235796,15:49:57..705,,,,
15:49:57..749,6.59364975,-0.000712,-0.00033809,0.00016388,0.00617705,-0.0000478,0.00160036,0.00456169,-0.00017287,-0.00234946,15:49:57..748,,,,
15:49:57..783,5.47143642,-0.000727,-0.0003392,0.00016272,0.00617659,-0.00004645,0.00163833,0.00461055,-0.00013197,-0.00234566,15:49:57..793,,,,
15:49:57..888,5.75069688,-0.000727,-0.00033873,0.00016273,0.00617616,-0.00004541,0.00163949,0.0046115,-0.00013207,-0.00234535,15:49:57..882,,,,
15:49:57..920,5.86446966,-0.000773,-0.00033849,0.00016471,0.00617716,-0.00004743,0.00157184,0.00455038,-0.00019616,-0.00235877,15:49:57..974,,,,
15:49:58..021,6.27301737,-0.000787,-0.00033872,0.00016417,0.0061763,-0.00004805,0.00157184,0.00455034,-0.00019533,-0.00235855,15:49:58..017,,,,
15:49:58..053,5.85412668,-0.000848,-0.00033772,0.00016398,0.00617798,-0.00004832,0.00155896,0.00454849,-0.00019707,-0.00235608,15:49:58..061,,,,
15:49:58..116,5.61623814,-0.000869,-0.00033809,0.00016435,0.00617769,-0.00004798,0.001559,0.00454865,-0.00019712,-0.0023561,15:49:58..157,,,,
15:49:58..166,5.73001092,-0.000869,-0.00033812,0.00016399,0.0061777,-0.00004865,0.00155882,0.00454815,-0.00019762,-0.00235636,15:49:58..157,,,,
15:49:58..200,5.91618456,-0.000789,-0.00033888,0.00016422,0.00617548,-0.00004824,0.00155267,0.00455514,-0.00019483,-0.00235676,15:49:58..249,,,,
15:49:58..306,5.8437837,-0.000789,-0.00033869,0.00016405,0.00617543,-0.00004871,0.00155197,0.004554,-0.00019552,-0.00235699,15:49:58..302,,,,
15:49:58..337,6.2575029,-0.000785,-0.00033877,0.00016319,0.00617659,-0.00004763,0.00157588,0.00455535,-0.00020005,-0.00235692,15:49:58..302,,,,
15:49:58..422,6.26267439,-0.000785,-0.00033904,0.000163,0.00617638,-0.00004782,0.00157564,0.00455589,-0.0002005,-0.00235735,15:49:58..460,,,,
15:49:58..469,5.64726708,-0.000785,-0.00033878,0.00016327,0.00617726,-0.00004777,0.00157541,0.00455586,-0.00020063,-0.00235776,15:49:58..460,,,,
15:49:58..505,5.86964115,-0.000815,-0.00033876,0.0001621,0.00617655,-0.00004678,0.00155334,0.00454247,-0.0002034,-0.00235527,15:49:58..545,,,,
15:49:58..586,6.00927138,-0.000797,-0.00033897,0.00016202,0.00617672,-0.00004683,0.00155439,0.0045417,-0.00020327,-0.00235525,15:49:58..589,,,,
15:49:58..620,5.61623814,-0.000763,-0.000339,0.00016298,0.00617676,-0.0000474,0.00155694,0.00456088,-0.00019473,-0.00235667,15:49:58..589,,,,
15:49:58..681,6.11270118,-0.000741,-0.00033856,0.00016306,0.00617615,-0.00004786,0.00155626,0.00456013,-0.00019529,-0.0023561,15:49:58..678,,,,
15:49:58..714,6.08167224,-0.000741,-0.00033936,0.0001633,0.00617787,-0.00004764,0.00153141,0.00454057,-0.00020981,-0.00235849,15:49:58..678,,,,
15:49:58..748,5.90584158,-0.000677,-0.00033854,0.00016338,0.00617752,-0.00004825,0.00154415,0.00453386,-0.00021385,-0.0023568,15:49:58..786,,,,
15:49:58..846,6.30404631,-0.000677,-0.00033878,0.00016328,0.006178,-0.00004825,0.00154505,0.0045336,-0.00021391,-0.00235649,15:49:58..842,,,,
15:49:58..877,6.13338714,-0.000664,-0.00033805,0.00016314,0.00617473,-0.00004802,0.00156309,0.00454712,-0.00019372,-0.0023521,15:49:58..842,,,,
15:49:58..910,6.11270118,-0.000648,-0.00033768,0.00016351,0.00617586,-0.00004771,0.00157759,0.00455765,-0.00018109,-0.00235234,15:49:58..921,,,,
15:49:59..008,5.9472135,-0.000648,-0.00033719,0.00016297,0.00617674,-0.00004771,0.00157816,0.0045579,-0.00018136,-0.00235255,15:49:59..003,,,,
15:49:59..040,6.08167224,-0.000668,-0.00033852,0.00016357,0.00617572,-0.00004823,0.00156993,0.00455056,-0.00019449,-0.00235535,15:49:59..095,,,,
15:49:59..141,5.63175261,-0.000701,-0.00033836,0.00016397,0.00617534,-0.00004841,0.00157054,0.00455029,-0.00019402,-0.00235483,15:49:59..139,,,,
15:49:59..173,6.35576121,-0.000705,-0.0003385,0.0001636,0.00617716,-0.00004782,0.00160036,0.00457553,-0.00016732,-0.00235068,15:49:59..139,,,,
15:49:59..245,5.8954986,-0.000705,-0.00033836,0.00016383,0.00617635,-0.00004774,0.00160079,0.00457523,-0.0001675,-0.00235082,15:49:59..274,,,,
15:49:59..310,6.54710634,-0.000705,-0.00033802,0.00016327,0.00617693,-0.00004753,0.00160141,0.00457451,-0.0001675,-0.00235014,15:49:59..274,,,,
15:49:59..344,5.56969473,-0.00073,-0.0003377,0.00016349,0.00617528,-0.00004747,0.00164145,0.004587,-0.00015898,-0.00234974,15:49:59..362,,,,
15:49:59..399,6.2575029,-0.000764,-0.0003376,0.00016349,0.00617676,-0.00004714,0.00164151,0.00458749,-0.00015881,-0.00235003,15:49:59..407,,,,
15:49:59..451,5.83861221,-0.000773,-0.00033793,0.00016384,0.00617611,-0.00004701,0.00164058,0.00458713,-0.00015897,-0.00235019,15:49:59..407,,,,
15:49:59..485,6.11270118,-0.000769,-0.00033851,0.00016268,0.00617803,-0.00004725,0.00162492,0.00459601,-0.00014603,-0.00234835,15:49:59..498,,,,
15:49:59..588,5.91101307,-0.000769,-0.00033835,0.00016304,0.00617772,-0.00004705,0.00162443,0.00459584,-0.00014638,-0.00234789,15:49:59..582,,,,
15:49:59..619,6.29887482,-0.000731,-0.00033787,0.00016265,0.00617811,-0.00004644,0.00161186,0.00457615,-0.00016833,-0.00235412,15:49:59..628,,,,
15:49:59..761,6.205788,-0.000731,-0.00033806,0.0001629,0.00617773,-0.00004631,0.00161169,0.00457612,-0.00016829,-0.00235395,15:49:59..755,,,,
15:49:59..792,6.34541823,-0.000725,-0.00033891,0.00016321,0.0061784,-0.00004757,0.00160107,0.00459053,-0.00015856,-0.0023536,15:49:59..800,,,,
15:49:59..910,5.80758327,-0.000725,-0.00033853,0.000163,0.00617699,-0.00004734,0.00160016,0.00459008,-0.00015892,-0.00235437,15:49:59..906,,,,
15:49:59..945,5.78172582,-0.000704,-0.00033919,0.00016191,0.00617682,-0.00004678,0.00160863,0.00457807,-0.00016718,-0.00235144,15:49:59..950,,,,
15:50:00..014,6.00927138,-0.0007,-0.00033925,0.000162,0.00617641,-0.00004674,0.00160871,0.00457791,-0.0001676,-0.00235186,15:50:00..082,,,,
15:50:00..094,5.97307095,-0.0007,-0.00033896,0.00016235,0.00617625,-0.00004652,0.00160909,0.00457702,-0.00016719,-0.00235163,15:50:00..082,,,,
15:50:00..129,6.19544502,-0.000636,-0.00033849,0.00016197,0.00617515,-0.00004644,0.00158713,0.0045692,-0.00017069,-0.00235097,15:50:00..216,,,,
15:50:00..269,6.38161866,-0.000636,-0.00033861,0.00016152,0.00617535,-0.00004688,0.00158734,0.00456882,-0.00017081,-0.00235168,15:50:00..264,,,,
15:50:00..302,6.32473227,-0.000546,-0.00033801,0.00016394,0.0061756,-0.00004976,0.00153736,0.00454082,-0.00019349,-0.00235321,15:50:00..308,,,,
15:50:00..414,6.12821565,-0.000546,-0.00033794,0.00016368,0.00617549,-0.00004901,0.00153686,0.00454031,-0.00019404,-0.00235314,15:50:00..411,,,,
15:50:00..450,6.49021995,-0.000461,-0.0003382,0.00016348,0.00617483,-0.0000478,0.00153203,0.00454438,-0.00018984,-0.00235408,15:50:00..455,,,,
15:50:00..569,6.13855863,-0.000461,-0.000339,0.00016314,0.00617507,-0.00004811,0.00153217,0.00454417,-0.00019011,-0.00235413,15:50:00..565,,,,
15:50:00..604,6.02995734,-0.000453,-0.00033781,0.00016233,0.00617447,-0.00004801,0.0015507,0.00454882,-0.00017862,-0.00234749,15:50:00..642,,,,
15:50:00..734,5.80241178,-0.000453,-0.00033785,0.00016239,0.0061742,-0.00004762,0.00155083,0.00454839,-0.00017932,-0.00234738,15:50:00..729,,,,
15:50:00..765,6.32990376,-0.000413,-0.00033796,0.00016248,0.00617761,-0.00004696,0.00159464,0.00457448,-0.00017136,-0.00235329,15:50:00..773,,,,
15:50:00..891,6.27818886,-0.000413,-0.00033841,0.00016207,0.0061772,-0.00004736,0.00159347,0.00457523,-0.00017119,-0.00235331,15:50:00..886,,,,
15:50:00..923,6.14890161,-0.000374,-0.00033827,0.00016262,0.00617733,-0.00004724,0.00154766,0.0045498,-0.00019298,-0.0023574,15:50:00..931,,,,
15:50:01..033,6.35576121,-0.000374,-0.00033833,0.00016297,0.00617781,-0.00004761,0.00154799,0.00455006,-0.0001928,-0.00235694,15:50:01..027,,,,
15:50:01..064,5.91618456,-0.000371,-0.00033773,0.00016328,0.0061764,-0.00004878,0.00153792,0.00452876,-0.00020706,-0.00235387,15:50:01..062,,,,
15:50:01..133,5.80758327,-0.000368,-0.00033785,0.00016364,0.00617592,-0.00004846,0.00153732,0.00452931,-0.00020621,-0.00235372,15:50:01..172,,,,
15:50:01..194,5.76103986,-0.00037,-0.00033805,0.00016367,0.00617586,-0.00004892,0.00153721,0.0045288,-0.00020624,-0.00235377,15:50:01..172,,,,
15:50:01..228,5.97824244,-0.00037,-0.00033791,0.00016305,0.00617701,-0.00004834,0.00153792,0.0045375,-0.00019919,-0.0023546,15:50:01..216,,,,
15:50:01..261,5.97824244,-0.000407,-0.0003382,0.00016237,0.00617552,-0.00004771,0.00157998,0.00455582,-0.00018084,-0.00235195,15:50:01..302,,,,
15:50:01..348,6.42816207,-0.000427,-0.00033774,0.00016307,0.00617539,-0.00004764,0.00157958,0.00455643,-0.00018069,-0.00235136,15:50:01..369,,,,
15:50:01..385,5.95755648,-0.000427,-0.00033839,0.00016311,0.00617513,-0.00004735,0.00158056,0.00455624,-0.00018016,-0.00235191,15:50:01..369,,,,
15:50:01..419,6.19027353,-0.000554,-0.00033842,0.00016403,0.00617481,-0.00004794,0.00158905,0.00456988,-0.00017896,-0.00235578,15:50:01..453,,,,
15:50:01..536,6.12821565,-0.000554,-0.00033805,0.00016471,0.00617515,-0.00004791,0.00158949,0.0045694,-0.0001798,-0.00235489,15:50:01..533,,,,
15:50:01..570,6.08167224,-0.000619,-0.00033802,0.00016341,0.00617571,-0.00004725,0.00159521,0.00457823,-0.00016884,-0.00235423,15:50:01..575,,,,
15:50:01..689,5.97824244,-0.000619,-0.000338,0.00016353,0.00617472,-0.00004738,0.0015955,0.00457795,-0.00016923,-0.00235444,15:50:01..683,,,,
15:50:01..721,5.93169903,-0.000562,-0.00033868,0.00016311,0.00617357,-0.00004771,0.00158457,0.00456701,-0.00018254,-0.00235646,15:50:01..727,,,,
15:50:01..829,6.10752969,-0.000562,-0.00033844,0.00016312,0.00617357,-0.00004724,0.00158358,0.00456659,-0.00018279,-0.00235691,15:50:01..823,,,,
15:50:01..861,6.20061651,-0.000465,-0.00033808,0.0001622,0.00617523,-0.00004515,0.0015756,0.00461586,-0.00012866,-0.00235419,15:50:01..867,,,,
15:50:01..963,6.53676336,-0.000465,-0.00033828,0.0001624,0.00617544,-0.00004574,0.00157268,0.00461412,-0.00012992,-0.00235402,15:50:01..958,,,,
15:50:01..994,6.27818886,-0.000394,-0.00033935,0.00016133,0.00617511,-0.00004568,0.00163909,0.0046066,-0.00012542,-0.00234988,15:50:02..003,,,,
15:50:02..126,6.18510204,-0.000394,-0.00033984,0.00016125,0.00617484,-0.00004567,0.0016396,0.00460677,-0.00012541,-0.00234999,15:50:02..121,,,,
15:50:02..158,6.60916422,-0.00021,-0.00033916,0.00016182,0.0061733,-0.00004796,0.00158034,0.00456185,-0.00017444,-0.00235387,15:50:02..164,,,,
15:50:02..286,5.96789946,-0.00021,-0.00033877,0.00016162,0.00617421,-0.00004802,0.00158078,0.00456254,-0.00017423,-0.00235347,15:50:02..281,,,,
15:50:02..317,6.13338714,-0.000213,-0.00033831,0.00016113,0.00617517,-0.00004381,0.00168176,0.00459758,-0.00011332,-0.00234093,15:50:02..322,,,,
15:50:02..448,6.06615777,-0.000213,-0.00033847,0.00016156,0.00617547,-0.00004405,0.00168283,0.00459904,-0.00011221,-0.00234043,15:50:02..444,,,,
15:50:02..480,6.43333356,-0.000332,-0.00034052,0.00016437,0.00617553,-0.00004801,0.0015995,0.00459069,-0.00016285,-0.0023572,15:50:02..488,,,,
15:50:02..571,5.33697768,-0.000332,-0.00034034,0.00016459,0.00617544,-0.00004848,0.00160051,0.00459046,-0.00016287,-0.00235696,15:50:02..612,,,,
15:50:02..657,6.66087912,-0.000406,-0.00034092,0.00016414,0.00617537,-0.0000478,0.00160137,0.00459041,-0.0001622,-0.00235667,15:50:02..655,,,,
15:50:02..689,6.12304416,-0.000406,-0.00033839,0.00016159,0.00617482,-0.0000453,0.00161268,0.00458733,-0.000157,-0.00235231,15:50:02..655,,,,
15:50:02..722,6.43333356,-0.000609,-0.00033867,0.00016123,0.00617339,-0.00004717,0.00158546,0.00457929,-0.00016297,-0.00235151,15:50:02..762,,,,
15:50:02..838,5.38352109,-0.000609,-0.00033902,0.00016149,0.00617337,-0.00004671,0.00158566,0.004579,-0.00016316,-0.00235166,15:50:02..834,,,,
15:50:02..869,6.09718671,-0.00075,-0.00033801,0.00016204,0.00617447,-0.00004597,0.00165524,0.00461097,-0.0001413,-0.00235226,15:50:02..879,,,,
15:50:02..917,6.17993055,-0.000949,-0.00033827,0.00016187,0.00617492,-0.00004533,0.00165406,0.00461256,-0.00014091,-0.00235185,15:50:02..924,,,,
15:50:02..978,6.66087912,-0.000949,-0.00033827,0.00016216,0.00617458,-0.00004579,0.00165221,0.00461333,-0.00014104,-0.00235179,15:50:02..924,,,,
15:50:03..010,6.05581479,-0.001045,-0.00033901,0.0001635,0.00617472,-0.00004761,0.00160055,0.00458359,-0.00016765,-0.00235211,15:50:03..015,,,,
15:50:03..168,5.95238499,-0.001045,-0.00033892,0.0001633,0.00617529,-0.00004754,0.00160144,0.0045844,-0.000168,-0.00235215,15:50:03..162,,,,
15:50:03..199,6.64536465,-0.001045,-0.00033875,0.00016293,0.00617337,-0.00004817,0.00153722,0.00455345,-0.00019824,-0.00235804,15:50:03..162,,,,
15:50:03..234,5.70415347,-0.001065,-0.00033896,0.00016242,0.00617301,-0.00004873,0.00152787,0.00453915,-0.00019938,-0.0023553,15:50:03..299,,,,
15:50:03..351,5.65243857,-0.001065,-0.00033853,0.0001622,0.00617439,-0.00004859,0.00152864,0.00453909,-0.00019887,-0.00235527,15:50:03..347,,,,
15:50:03..383,5.30594874,-0.001009,-0.00033819,0.0001626,0.00617495,-0.00004866,0.00154414,0.0045612,-0.000192,-0.00235883,15:50:03..391,,,,
15:50:03..498,6.23164545,-0.001009,-0.00033826,0.00016307,0.00617476,-0.00004878,0.00154396,0.00456072,-0.00019254,-0.00235856,15:50:03..493,,,,
15:50:03..531,6.09201522,-0.000823,-0.00033873,0.00016183,0.00617352,-0.00004724,0.00162544,0.00460569,-0.00014587,-0.00234673,15:50:03..535,,,,
15:50:03..646,6.59882124,-0.000823,-0.00033868,0.00016169,0.00617263,-0.00004743,0.0016251,0.00460577,-0.00014637,-0.00234687,15:50:03..641,,,,
15:50:03..677,5.80241178,-0.000811,-0.0003387,0.00016288,0.00617409,-0.00004802,0.00156562,0.00456179,-0.00020607,-0.00235859,15:50:03..675,,,,
15:50:03..742,6.41781909,-0.000795,-0.00033829,0.00016282,0.00617435,-0.00004781,0.00156561,0.00456041,-0.00020714,-0.00235851,15:50:03..780,,,,
15:50:03..798,5.64726708,-0.000792,-0.00033869,0.00016282,0.00617469,-0.00004789,0.00156605,0.00455912,-0.00020736,-0.00235805,15:50:03..824,,,,
15:50:03..841,6.5160774,-0.000792,-0.0003388,0.00016284,0.0061748,-0.00004744,0.00156715,0.00455738,-0.00020853,-0.00235799,15:50:03..824,,,,
15:50:03..873,5.70932496,-0.00071,-0.00033817,0.00016178,0.00617118,-0.00004771,0.00154814,0.00455609,-0.00018603,-0.0023511,15:50:03..910,,,,
15:50:04..019,5.5852092,-0.00071,-0.00033843,0.00016149,0.00617067,-0.00004761,0.00154681,0.00455476,-0.00018597,-0.00235127,15:50:04..016,,,,
15:50:04..053,5.95238499,-0.000636,-0.00033813,0.00016266,0.00617117,-0.00004768,0.00159867,0.00454938,-0.00018709,-0.00234905,15:50:04..016,,,,
15:50:04..116,6.37127568,-0.000617,-0.00033805,0.00016287,0.00617119,-0.00004729,0.00160098,0.0045504,-0.0001863,-0.00234953,15:50:04..156,,,,
15:50:04..207,6.23164545,-0.000617,-0.00033779,0.00016279,0.00617084,-0.00004735,0.00160439,0.00455337,-0.00018502,-0.00234924,15:50:04..203,,,,
15:50:04..240,5.90584158,-0.000617,-0.00033911,0.00016291,0.00617154,-0.00004691,0.00157864,0.00456777,-0.00019112,-0.00235249,15:50:04..247,,,,
15:50:04..288,5.90584158,-0.000571,-0.00033898,0.00016286,0.00617207,-0.00004654,0.00157973,0.00456738,-0.00019084,-0.0023524,15:50:04..294,,,,
15:50:04..344,5.98341393,-0.000571,-0.0003392,0.00016304,0.00617208,-0.00004672,0.00157968,0.00456829,-0.00019055,-0.00235211,15:50:04..294,,,,
15:50:04..378,6.07650075,-0.000571,-0.00033827,0.00016295,0.00617198,-0.00004638,0.00160119,0.00458196,-0.00017877,-0.00235107,15:50:04..390,,,,
15:50:04..489,6.33507525,-0.000571,-0.00033793,0.00016307,0.00617246,-0.00004661,0.00160186,0.00458261,-0.00017837,-0.00235101,15:50:04..483,,,,
15:50:04..521,6.03512883,-0.000644,-0.0003385,0.00016306,0.00617197,-0.00004739,0.00157184,0.00455993,-0.0001962,-0.00235283,15:50:04..527,,,,
15:50:04..588,6.40230462,-0.000666,-0.00033817,0.00016298,0.00617186,-0.0000477,0.00157137,0.00455996,-0.00019613,-0.00235273,15:50:04..640,,,,
15:50:04..652,5.89032711,-0.000666,-0.00033853,0.00016319,0.00617149,-0.00004717,0.00157118,0.0045594,-0.00019629,-0.00235248,15:50:04..640,,,,
15:50:04..688,6.34541823,-0.000754,-0.0003381,0.00016379,0.00617228,-0.0000466,0.00164656,0.0045953,-0.00016093,-0.00234039,15:50:04..683,,,,
15:50:04..736,5.84895519,-0.000768,-0.00033816,0.00016336,0.00617184,-0.00004666,0.00164772,0.00459418,-0.00016119,-0.00234072,15:50:04..776,,,,
15:50:04..797,6.28853184,-0.000768,-0.00033761,0.00016391,0.00617289,-0.00004659,0.00164895,0.00459295,-0.0001618,-0.00233981,15:50:04..776,,,,
15:50:04..829,6.1540731,-0.000876,-0.00033835,0.00016192,0.00617115,-0.00004614,0.0016729,0.00458626,-0.00016406,-0.00233691,15:50:04..861,,,,
15:50:04..922,5.96789946,-0.000876,-0.00033845,0.00016166,0.0061703,-0.00004621,0.00167382,0.00458554,-0.00016357,-0.00233703,15:50:04..917,,,,
15:50:04..954,6.24715992,-0.000874,-0.00033796,0.00016248,0.00617111,-0.00004609,0.00167046,0.00461988,-0.00014211,-0.00233562,15:50:04..957,,,,
15:50:05..046,5.82826923,-0.000874,-0.00033826,0.00016204,0.00617125,-0.00004618,0.0016694,0.00461914,-0.00014187,-0.00233538,15:50:05..040,,,,
15:50:05..078,6.21613098,-0.000806,-0.00033933,0.00016215,0.00617077,-0.00004761,0.00156636,0.00457221,-0.00017266,-0.00234321,15:50:05..084,,,,
15:50:05..176,5.82309774,-0.000806,-0.00033984,0.0001621,0.00617067,-0.0000477,0.00156643,0.00457144,-0.00017394,-0.00234342,15:50:05..170,,,,
15:50:05..209,6.31956078,-0.000667,-0.00033861,0.00016246,0.00617105,-0.00004851,0.00150574,0.00453791,-0.00021331,-0.00235749,15:50:05..214,,,,
15:50:05..313,6.07650075,-0.000667,-0.00033873,0.00016227,0.00617079,-0.00004925,0.00150616,0.00453806,-0.00021447,-0.00235789,15:50:05..307,,,,
15:50:05..344,6.01961436,-0.000534,-0.00033832,0.00016228,0.00617108,-0.00004736,0.00152566,0.00456216,-0.00020698,-0.00235724,15:50:05..350,,,,
15:50:05..461,6.27818886,-0.000534,-0.00033841,0.00016189,0.00617135,-0.00004776,0.00152411,0.00456199,-0.00020753,-0.00235728,15:50:05..455,,,,
15:50:05..493,5.77138284,-0.000574,-0.00033941,0.00016258,0.0061715,-0.00004712,0.00155323,0.00454333,-0.00021933,-0.00235557,15:50:05..498,,,,
15:50:05..619,5.86446966,-0.000574,-0.00033917,0.00016232,0.00617117,-0.00004706,0.00155331,0.00454318,-0.00021941,-0.00235539,15:50:05..613,,,,
15:50:05..650,5.91618456,-0.00071,-0.00033839,0.00016279,0.00617228,-0.00004721,0.00152104,0.00453989,-0.00021387,-0.00235462,15:50:05..655,,,,
15:50:05..777,6.29370333,-0.00071,-0.00033881,0.00016243,0.00617184,-0.00004779,0.00152091,0.00454018,-0.00021424,-0.00235468,15:50:05..771,,,,
15:50:05..808,6.1540731,-0.000738,-0.00033778,0.00016258,0.00617161,-0.00004758,0.00152802,0.00450795,-0.00024499,-0.00236367,15:50:05..846,,,,
15:50:05..942,6.85739574,-0.000738,-0.00033747,0.0001626,0.00617134,-0.00004769,0.00153092,0.00450797,-0.00024476,-0.00236359,15:50:05..936,,,,
15:50:05..974,6.48504846,-0.000784,-0.00033709,0.00016166,0.00617011,-0.00004862,0.00149614,0.00449595,-0.00024028,-0.00234926,15:50:05..936,,,,
15:50:06..048,5.90584158,-0.000784,-0.00033657,0.00016194,0.00616997,-0.00004847,0.00149667,0.00449601,-0.00024021,-0.00234931,15:50:06..090,,,,
15:50:06..103,5.90584158,-0.000784,-0.0003371,0.00016178,0.00616994,-0.00004859,0.00149641,0.00449606,-0.00023985,-0.00234919,15:50:06..090,,,,
15:50:06..134,5.94204201,-0.000731,-0.00033635,0.00016252,0.00617179,-0.00004889,0.00149798,0.00449565,-0.00023987,-0.00234804,15:50:06..206,,,,
15:50:06..253,6.29887482,-0.000611,-0.00033584,0.00016252,0.00617181,-0.00004841,0.0014982,0.00449532,-0.00023985,-0.0023477,15:50:06..250,,,,
15:50:06..285,6.34024674,-0.000611,-0.00033641,0.00016255,0.00617036,-0.00004957,0.00149683,0.00449599,-0.00023945,-0.00234696,15:50:06..250,,,,
15:50:06..318,6.14890161,-0.000543,-0.00033706,0.00016259,0.00617118,-0.0000494,0.00149382,0.00449938,-0.00023809,-0.00234732,15:50:06..370,,,,
15:50:06..424,5.9472135,-0.000543,-0.00033612,0.00016303,0.00617146,-0.00004972,0.00149368,0.0045003,-0.00023761,-0.00234657,15:50:06..418,,,,
15:50:06..456,6.50056293,-0.000526,-0.000337,0.00016169,0.00617177,-0.00004775,0.00151991,0.00452831,-0.00022349,-0.00234083,15:50:06..462,,,,
15:50:06..584,5.93169903,-0.000526,-0.00033751,0.00016167,0.00617165,-0.00004817,0.00152027,0.00452888,-0.00022366,-0.00234133,15:50:06..578,,,,
15:50:06..615,5.95755648,-0.000555,-0.00033692,0.00016241,0.00617193,-0.00004998,0.00149593,0.00450338,-0.00023712,-0.00234508,15:50:06..621,,,,
15:50:06..707,5.9472135,-0.000555,-0.00033712,0.00016189,0.00617132,-0.00005026,0.00149621,0.00450291,-0.0002374,-0.00234434,15:50:06..702,,,,
15:50:06..739,6.44367654,-0.000582,-0.00033759,0.00016226,0.00617143,-0.00004881,0.00150321,0.00451287,-0.00023209,-0.00234553,15:50:06..743,,,,
15:50:06..853,5.95755648,-0.000582,-0.00033709,0.00016206,0.00617221,-0.00004814,0.00150372,0.00451386,-0.00023158,-0.00234502,15:50:06..847,,,,
15:50:06..885,5.84895519,-0.000612,-0.00033696,0.0001621,0.00617083,-0.00004919,0.00150831,0.00451462,-0.00022899,-0.00234168,15:50:06..893,,,,
15:50:07..022,5.86964115,-0.000612,-0.00033643,0.00016248,0.00617097,-0.00004906,0.0015076,0.00451534,-0.00022908,-0.00234196,15:50:07..017,,,,
15:50:07..056,6.21095949,-0.000678,-0.0003376,0.00016183,0.00617159,-0.00004959,0.00151065,0.00451613,-0.00022714,-0.00234102,15:50:07..128,,,,
15:50:07..180,6.05581479,-0.000678,-0.00033754,0.00016173,0.00617148,-0.00004943,0.00151068,0.00451657,-0.000227,-0.00234047,15:50:07..178,,,,
15:50:07..215,5.87481264,-0.000709,-0.00033736,0.0001622,0.00617151,-0.00004908,0.00151163,0.00452115,-0.00022264,-0.00234017,15:50:07..221,,,,
15:50:07..332,5.97307095,-0.000709,-0.00033718,0.00016213,0.0061711,-0.00004919,0.00151115,0.00452145,-0.00022247,-0.00233994,15:50:07..326,,,,
15:50:07..363,6.13855863,-0.000816,-0.00033666,0.00016244,0.00617225,-0.0000484,0.00151367,0.00452037,-0.00022446,-0.00234102,15:50:07..371,,,,
15:50:07..492,6.27301737,-0.000816,-0.00033705,0.00016241,0.00617173,-0.00004909,0.00151313,0.00452017,-0.00022487,-0.00234232,15:50:07..486,,,,
15:50:07..524,6.205788,-0.000911,-0.0003376,0.00016229,0.00617233,-0.00004897,0.00151682,0.00452346,-0.00022216,-0.00234023,15:50:07..564,,,,
15:50:07..645,6.03512883,-0.000911,-0.00033668,0.00016238,0.00617233,-0.00004874,0.00151732,0.0045237,-0.00022208,-0.00234007,15:50:07..640,,,,
15:50:07..677,5.9472135,-0.0009,-0.00033703,0.00016262,0.00617165,-0.00004859,0.00151749,0.00452318,-0.00022208,-0.00233946,15:50:07..686,,,,
15:50:07..792,6.12821565,-0.0009,-0.00033728,0.00016262,0.00617217,-0.00004841,0.00151812,0.00452318,-0.00022203,-0.00233907,15:50:07..786,,,,
15:50:07..824,6.04547181,-0.000816,-0.00033734,0.00016185,0.00617279,-0.00004649,0.00155513,0.00455124,-0.00020381,-0.0023348,15:50:07..830,,,,
15:50:07..938,6.26784588,-0.000816,-0.00033754,0.000162,0.00617234,-0.00004653,0.0015557,0.00455191,-0.00020372,-0.00233506,15:50:07..932,,,,
15:50:07..970,6.26267439,-0.000707,-0.00033779,0.00016127,0.00617395,-0.0000474,0.00156089,0.00455242,-0.00020113,-0.00233035,15:50:07..976,,,,
15:50:08..105,6.13338714,-0.000707,-0.00033775,0.00016097,0.00617305,-0.00004783,0.00156032,0.00455075,-0.00020179,-0.00233054,15:50:08..099,,,,
15:50:08..137,6.06098628,-0.000521,-0.00033698,0.00016322,0.00617401,-0.00004846,0.00153174,0.00453035,-0.00021869,-0.00233554,15:50:08..142,,,,
15:50:08..240,5.87481264,-0.000521,-0.00033716,0.00016329,0.00617303,-0.00004823,0.00153167,0.00452991,-0.0002193,-0.00233569,15:50:08..234,,,,
15:50:08..272,6.0506433,-0.00043,-0.00033664,0.00016272,0.00617221,-0.00004754,0.00152159,0.00452407,-0.00022443,-0.00233885,15:50:08..278,,,,
15:50:08..379,5.97307095,-0.00043,-0.0003369,0.00016267,0.00617213,-0.00004807,0.00152144,0.0045238,-0.00022449,-0.00233873,15:50:08..373,,,,
15:50:08..410,6.07650075,-0.000403,-0.00033622,0.00016363,0.00617271,-0.00004896,0.00150276,0.00450864,-0.00023283,-0.00234113,15:50:08..448,,,,
15:50:08..520,6.15924459,-0.000403,-0.00033631,0.00016314,0.00617249,-0.00004977,0.00150252,0.00450803,-0.0002332,-0.00234146,15:50:08..515,,,,
15:50:08..551,5.99375691,-0.00049,-0.00033635,0.00016363,0.00617236,-0.00004929,0.00149619,0.00449956,-0.00023812,-0.00234372,15:50:08..558,,,,
15:50:08..637,6.00927138,-0.00049,-0.00033596,0.00016361,0.00617168,-0.0000496,0.00149642,0.0044995,-0.00023785,-0.00234379,15:50:08..684,,,,
15:50:08..695,5.99375691,-0.00049,-0.00033618,0.00016378,0.00617158,-0.00004917,0.00149677,0.00449905,-0.00023788,-0.00234325,15:50:08..684,,,,
15:50:08..729,6.16958757,-0.000659,-0.00033557,0.00016368,0.00617057,-0.00004884,0.00149847,0.00449655,-0.00023893,-0.00234426,15:50:08..793,,,,
15:50:08..846,6.18510204,-0.000659,-0.00033534,0.00016344,0.00617001,-0.00004926,0.00149819,0.00449629,-0.00023892,-0.00234413,15:50:08..842,,,,
15:50:08..878,6.10752969,-0.000683,-0.00033561,0.0001634,0.00617044,-0.0000493,0.00149799,0.00449735,-0.0002388,-0.00234496,15:50:08..887,,,,
15:50:08..999,6.0506433,-0.000683,-0.00033563,0.00016352,0.00617089,-0.00004901,0.00149838,0.00449662,-0.00023873,-0.00234423,15:50:08..995,,,,
15:50:09..033,6.0506433,-0.000694,-0.00033731,0.00016249,0.00617225,-0.00004623,0.00153954,0.0045413,-0.00021212,-0.00233666,15:50:09..037,,,,
15:50:09..175,6.21613098,-0.000694,-0.0003372,0.00016303,0.00617177,-0.00004614,0.00153991,0.00454186,-0.00021161,-0.00233683,15:50:09..170,,,,
15:50:09..208,6.0506433,-0.00079,-0.00033731,0.00016355,0.00617123,-0.00004775,0.00154852,0.00454567,-0.00020615,-0.00233435,15:50:09..213,,,,
15:50:09..335,6.09718671,-0.00079,-0.00033742,0.00016362,0.0061716,-0.00004758,0.00154902,0.00454604,-0.00020651,-0.00233407,15:50:09..332,,,,
15:50:09..367,6.06615777,-0.000833,-0.00033592,0.00016383,0.00617084,-0.00004918,0.00149881,0.00450402,-0.00023395,-0.00234259,15:50:09..332,,,,
15:50:09..439,6.00927138,-0.000833,-0.00033654,0.00016363,0.00617071,-0.0000495,0.00149847,0.00450425,-0.00023436,-0.00234304,15:50:09..470,,,,
15:50:09..483,6.03512883,-0.000833,-0.00033644,0.00016427,0.00617034,-0.00004899,0.00149881,0.00450404,-0.00023446,-0.0023424,15:50:09..470,,,,
15:50:09..514,6.23681694,-0.000891,-0.00033506,0.00016418,0.00617173,-0.00004851,0.0014993,0.00449336,-0.00023921,-0.00234422,15:50:09..470,,,,
15:50:09..549,6.22130247,-0.000881,-0.00033519,0.00016361,0.00617201,-0.00004862,0.00149974,0.00449297,-0.00023975,-0.0023453,15:50:09..561,,,,
15:50:09..657,6.08684373,-0.000881,-0.00033577,0.00016368,0.00617184,-0.00004847,0.00149998,0.00449309,-0.00023963,-0.00234531,15:50:09..652,,,,
15:50:09..688,6.01444287,-0.00091,-0.00033547,0.00016362,0.00617201,-0.00004912,0.00149937,0.00449377,-0.00023876,-0.002344,15:50:09..696,,,,
15:50:09..844,6.08167224,-0.00091,-0.00033495,0.00016406,0.0061717,-0.00004897,0.00149937,0.0044936,-0.0002387,-0.00234394,15:50:09..839,,,,
15:50:09..875,6.22130247,-0.00085,-0.00033599,0.00016412,0.00617115,-0.00004956,0.00150089,0.00449509,-0.00023893,-0.0023455,15:50:09..883,,,,
15:50:10..015,6.34024674,-0.00085,-0.00033576,0.00016482,0.00617162,-0.0000498,0.00150073,0.00449546,-0.00023903,-0.00234522,15:50:10..010,,,,
15:50:10..048,6.18510204,-0.000791,-0.00033566,0.00016394,0.00617139,-0.00004912,0.0015011,0.00449537,-0.00023911,-0.00234391,15:50:10..052,,,,
15:50:10..177,5.86964115,-0.000791,-0.00033554,0.00016405,0.00617147,-0.0000495,0.0015005,0.00449462,-0.00023869,-0.002344,15:50:10..172,,,,
15:50:10..209,5.81275476,-0.000782,-0.00033534,0.00016427,0.00617279,-0.00004867,0.00150177,0.00449377,-0.00023884,-0.00234412,15:50:10..172,,,,
15:50:10..298,5.96789946,-0.000782,-0.00033528,0.00016427,0.0061726,-0.00004898,0.00150183,0.00449371,-0.00023866,-0.0023439,15:50:10..334,,,,
15:50:10..344,6.26784588,-0.000782,-0.00033566,0.0001642,0.00617257,-0.00004905,0.00150148,0.00449442,-0.00023894,-0.0023443,15:50:10..334,,,,
15:50:10..377,6.31956078,-0.000824,-0.0003351,0.00016471,0.00617181,-0.00004955,0.00150115,0.00449473,-0.00023844,-0.00234413,15:50:10..379,,,,
15:50:10..463,6.4643625,-0.000824,-0.00033519,0.00016425,0.00617188,-0.00004909,0.00150105,0.00449551,-0.00023827,-0.0023442,15:50:10..459,,,,
15:50:10..495,6.0506433,-0.000891,-0.00033551,0.00016415,0.00617169,-0.00004967,0.00150164,0.00449607,-0.00023863,-0.00234425,15:50:10..504,,,,
15:50:10..564,6.14373012,-0.00089,-0.00033571,0.00016431,0.00617152,-0.00004974,0.0015018,0.00449628,-0.00023853,-0.00234483,15:50:10..615,,,,
15:50:10..676,5.75586837,-0.00089,-0.00033562,0.00016437,0.00617192,-0.00004941,0.00150142,0.00449617,-0.00023878,-0.00234458,15:50:10..673,,,,
15:50:10..710,5.9472135,-0.00089,-0.00033549,0.00016428,0.00617247,-0.00004914,0.00150212,0.00449521,-0.00023893,-0.00234421,15:50:10..673,,,,
15:50:10..744,6.58847826,-0.000887,-0.00033569,0.00016414,0.00617166,-0.0000488,0.00150191,0.004496,-0.00023861,-0.0023435,15:50:10..789,,,,
15:50:10..841,6.13855863,-0.000887,-0.00033545,0.00016417,0.00617191,-0.00004879,0.0015023,0.00449578,-0.00023869,-0.00234343,15:50:10..837,,,,
15:50:10..873,6.22647396,-0.000908,-0.00033525,0.00016441,0.00617152,-0.00004861,0.00150214,0.00449571,-0.00023888,-0.00234278,15:50:10..879,,,,
15:50:10..962,6.36610419,-0.000908,-0.00033553,0.0001643,0.0061713,-0.00004932,0.00150148,0.00449616,-0.00023861,-0.00234346,15:50:11..003,,,,
15:50:11..014,5.95238499,-0.000908,-0.00033597,0.00016416,0.00617176,-0.00004932,0.00150104,0.00449621,-0.00023867,-0.00234279,15:50:11..003,,,,
15:50:11..050,5.92135605,-0.000843,-0.00033557,0.00016435,0.0061722,-0.00004964,0.00150198,0.00449686,-0.0002392,-0.00234407,15:50:11..079,,,,
15:50:11..182,6.08167224,-0.000843,-0.00033571,0.00016438,0.00617212,-0.00004926,0.00150186,0.00449614,-0.00023894,-0.00234354,15:50:11..178,,,,
15:50:11..215,6.31956078,-0.000755,-0.00033637,0.00016353,0.00617224,-0.00004855,0.00150203,0.00449574,-0.00023895,-0.00234455,15:50:11..221,,,,
15:50:11..355,6.29887482,-0.000755,-0.0003358,0.00016369,0.0061724,-0.00004857,0.00150199,0.00449538,-0.00023928,-0.00234487,15:50:11..349,,,,
15:50:11..387,5.7920688,-0.000605,-0.00033658,0.00016394,0.00617341,-0.00004796,0.00149998,0.00450204,-0.0002368,-0.00234311,15:50:11..426,,,,
15:50:11..517,5.85412668,-0.000605,-0.00033655,0.00016357,0.0061734,-0.000048,0.00150003,0.00450159,-0.00023654,-0.00234298,15:50:11..512,,,,
15:50:11..551,6.10752969,-0.000572,-0.00033678,0.00016382,0.00617568,-0.00004797,0.00153218,0.00453253,-0.00021722,-0.00233562,15:50:11..557,,,,
15:50:11..623,6.22647396,-0.000527,-0.00033721,0.00016402,0.00617513,-0.00004775,0.0015326,0.00453301,-0.00021679,-0.00233544,15:50:11..662,,,,
15:50:11..710,6.04030032,-0.000525,-0.00033653,0.00016417,0.0061756,-0.00004752,0.00153267,0.00453288,-0.00021651,-0.00233538,15:50:11..707,,,,
15:50:11..741,6.22130247,-0.000535,-0.00033729,0.00016408,0.00617574,-0.00004718,0.00155831,0.00455002,-0.00020099,-0.00233033,15:50:11..750,,,,
15:50:11..790,6.19544502,-0.000539,-0.00033743,0.00016371,0.00617553,-0.0000475,0.00155917,0.0045498,-0.00020032,-0.00233052,15:50:11..792,,,,
15:50:11..843,6.21613098,-0.000539,-0.00033689,0.00016382,0.00617621,-0.00004754,0.00155996,0.00455021,-0.00020098,-0.00233075,15:50:11..792,,,,
15:50:11..877,6.17475906,-0.000575,-0.00033688,0.00016416,0.00617463,-0.00004678,0.00155978,0.00454874,-0.00020038,-0.0023304,15:50:11..890,,,,
15:50:11..950,6.12304416,-0.000575,-0.00033655,0.00016432,0.00617474,-0.00004621,0.00156085,0.00454958,-0.00020012,-0.00232986,15:50:11..990,,,,
15:50:12..038,5.98341393,-0.00059,-0.00033695,0.00016401,0.00617409,-0.00004679,0.00156072,0.00454933,-0.0001997,-0.00232973,15:50:12..035,,,,
15:50:12..073,6.13855863,-0.000601,-0.00033738,0.00016353,0.00617439,-0.00004601,0.0015647,0.00454681,-0.00020236,-0.00232937,15:50:12..078,,,,
15:50:12..189,6.34541823,-0.000601,-0.00033716,0.00016368,0.00617487,-0.00004604,0.00156576,0.00454739,-0.00020203,-0.00232958,15:50:12..185,,,,
15:50:12..224,5.9989284,-0.000583,-0.00033709,0.00016367,0.00617452,-0.0000469,0.00156916,0.00454866,-0.00020065,-0.00232853,15:50:12..185,,,,
15:50:12..302,6.00927138,-0.000583,-0.00033703,0.00016405,0.00617443,-0.00004667,0.00156734,0.00454868,-0.00020039,-0.00232898,15:50:12..334,,,,
15:50:12..345,5.88515562,-0.000583,-0.0003367,0.00016381,0.0061749,-0.00004654,0.00156624,0.00454837,-0.0002005,-0.00232868,15:50:12..334,,,,
15:50:12..378,6.19027353,-0.000553,-0.00033684,0.00016375,0.00617444,-0.00004637,0.00156958,0.0045517,-0.00019744,-0.00232914,15:50:12..380,,,,
15:50:12..413,6.31438929,-0.000572,-0.00033717,0.00016405,0.0061741,-0.00004647,0.00157013,0.00455603,-0.00019663,-0.00232998,15:50:12..425,,,,
15:50:12..503,6.29887482,-0.000572,-0.0003373,0.0001637,0.0061748,-0.00004676,0.0015704,0.00455611,-0.00019643,-0.0023304,15:50:12..497,,,,
15:50:12..537,6.16958757,-0.000665,-0.00033732,0.00016368,0.00617447,-0.00004636,0.00157428,0.00455671,-0.00019557,-0.00233013,15:50:12..543,,,,
15:50:12..667,5.99375691,-0.000665,-0.00033753,0.00016362,0.00617365,-0.00004622,0.00157565,0.00455747,-0.00019552,-0.00233005,15:50:12..663,,,,
15:50:12..700,5.9989284,-0.000592,-0.00033699,0.00016349,0.00617442,-0.00004616,0.00157667,0.00455919,-0.00019314,-0.00232797,15:50:12..740,,,,
15:50:12..815,6.1540731,-0.000592,-0.00033736,0.00016333,0.00617351,-0.00004615,0.00157596,0.00455905,-0.00019265,-0.00232768,15:50:12..809,,,,
15:50:12..847,6.33507525,-0.000581,-0.00033724,0.00016407,0.00617438,-0.0000463,0.0015668,0.00455346,-0.00019638,-0.00232815,15:50:12..854,,,,
15:50:12..970,6.22647396,-0.000581,-0.0003375,0.00016374,0.00617435,-0.00004681,0.00156705,0.00455267,-0.00019707,-0.00232842,15:50:12..964,,,,
15:50:13..002,6.12821565,-0.00051,-0.00033698,0.00016362,0.00617433,-0.00004723,0.00155864,0.0045479,-0.00020266,-0.00233013,15:50:13..008,,,,
15:50:13..065,5.97307095,-0.000478,-0.00033729,0.0001638,0.00617427,-0.00004682,0.0015583,0.00454725,-0.00020202,-0.00233001,15:50:13..109,,,,
15:50:13..136,5.98858542,-0.000478,-0.00033682,0.00016384,0.00617431,-0.00004682,0.00155895,0.0045473,-0.00020248,-0.00233011,15:50:13..109,,,,
15:50:13..169,6.02478585,-0.000442,-0.00033727,0.0001634,0.00617517,-0.00004695,0.00155323,0.00454264,-0.00020596,-0.00233046,15:50:13..195,,,,
15:50:13..281,6.09201522,-0.000442,-0.00033686,0.00016357,0.0061745,-0.00004703,0.00155305,0.00454285,-0.00020502,-0.00233057,15:50:13..275,,,,
15:50:13..312,6.10752969,-0.000488,-0.00033728,0.00016358,0.00617711,-0.00004735,0.0015591,0.00454848,-0.00019954,-0.00232934,15:50:13..343,,,,
15:50:13..438,6.0506433,-0.000488,-0.00033743,0.00016393,0.00617682,-0.0000469,0.00155896,0.00454852,-0.00020015,-0.00232948,15:50:13..433,,,,
15:50:13..470,6.00927138,-0.000519,-0.0003372,0.00016368,0.00617768,-0.00004707,0.00154805,0.00453969,-0.0002085,-0.00233134,15:50:13..477,,,,
15:50:13..591,6.06098628,-0.000519,-0.00033715,0.00016336,0.00617638,-0.00004665,0.00154811,0.00454009,-0.00020837,-0.00233097,15:50:13..586,,,,
15:50:13..624,6.02995734,-0.000588,-0.00033684,0.0001635,0.00617681,-0.00004718,0.00154817,0.00454095,-0.00020819,-0.00233162,15:50:13..629,,,,
15:50:13..750,6.08167224,-0.000588,-0.00033698,0.00016351,0.00617741,-0.00004689,0.00154835,0.00454023,-0.00020803,-0.00233199,15:50:13..746,,,,
15:50:13..785,6.01444287,-0.000601,-0.00033705,0.00016364,0.00617686,-0.00004664,0.00154839,0.00454046,-0.00020948,-0.00233294,15:50:13..793,,,,
15:50:13..914,6.05581479,-0.000601,-0.00033733,0.00016344,0.00617683,-0.00004695,0.00154784,0.00454081,-0.00020934,-0.00233312,15:50:13..909,,,,
15:50:13..947,6.12821565,-0.000582,-0.00033742,0.00016367,0.00617504,-0.00004762,0.00154389,0.00453683,-0.0002102,-0.00233298,15:50:13..953,,,,
15:50:14..020,6.22130247,-0.000559,-0.00033679,0.00016377,0.00617554,-0.00004703,0.00154472,0.00453758,-0.00021021,-0.00233264,15:50:14..062,,,,
15:50:14..119,6.18510204,-0.000559,-0.00033686,0.00016373,0.00617534,-0.00004732,0.00154382,0.0045378,-0.0002106,-0.00233271,15:50:14..116,,,,
15:50:14..153,5.97307095,-0.000526,-0.00033711,0.00016335,0.00617704,-0.00004774,0.00154312,0.00454021,-0.00021084,-0.00233441,15:50:14..160,,,,
15:50:14..266,5.96789946,-0.000526,-0.00033719,0.0001638,0.00617676,-0.00004674,0.0015427,0.00453938,-0.00021034,-0.0023333,15:50:14..262,,,,
15:50:14..300,6.10752969,-0.00048,-0.00033735,0.00016329,0.00617549,-0.00004653,0.00155153,0.00454937,-0.00020248,-0.00233358,15:50:14..307,,,,
15:50:14..443,6.06615777,-0.00048,-0.00033774,0.00016357,0.0061752,-0.00004646,0.00155282,0.00454898,-0.00020234,-0.00233368,15:50:14..438,,,,
15:50:14..475,6.11270118,-0.000566,-0.00033772,0.00016379,0.00617663,-0.00004644,0.00156606,0.00455594,-0.00019425,-0.00233248,15:50:14..481,,,,
15:50:14..508,5.98858542,-0.000636,-0.00033758,0.00016349,0.00617634,-0.00004618,0.00155602,0.0045516,-0.00020072,-0.00233532,15:50:14..525,,,,
15:50:14..580,6.08684373,-0.000642,-0.00033754,0.00016339,0.00617606,-0.00004623,0.00155542,0.00455238,-0.00020008,-0.002335,15:50:14..634,,,,
15:50:14..652,5.89032711,-0.000677,-0.00033732,0.00016335,0.00617624,-0.00004614,0.00155425,0.00455197,-0.00020078,-0.00233528,15:50:14..692,,,,
15:50:14..708,6.08684373,-0.000706,-0.00033741,0.0001636,0.00617613,-0.00004632,0.00155377,0.00455084,-0.00020154,-0.00233545,15:50:14..744,,,,
15:50:14..757,6.1540731,-0.000706,-0.00033763,0.00016287,0.00617644,-0.00004606,0.00155267,0.00455092,-0.00020176,-0.00233551,15:50:14..744,,,,
15:50:14..790,6.13855863,-0.00074,-0.00033781,0.00016348,0.00617557,-0.000047,0.00155553,0.00454761,-0.00020032,-0.00233332,15:50:14..789,,,,
15:50:14..826,6.22130247,-0.00086,-0.00033775,0.00016295,0.00617609,-0.00004677,0.00155105,0.00454902,-0.00020321,-0.00233555,15:50:14..906,,,,
15:50:14..917,6.19544502,-0.000941,-0.00033787,0.0001629,0.00617585,-0.00004676,0.00155118,0.00454953,-0.00020326,-0.00233546,15:50:14..966,,,,
15:50:14..978,6.12821565,-0.000941,-0.00033787,0.00016286,0.00617567,-0.00004684,0.001551,0.00454903,-0.00020284,-0.00233519,15:50:14..966,,,,
15:50:15..011,5.9989284,-0.001064,-0.00033766,0.00016304,0.00617466,-0.00004578,0.00157503,0.00456537,-0.0001903,-0.00233384,15:50:15..012,,,,
15:50:15..075,7.58140434,-0.001146,-0.00033761,0.00016314,0.00617502,-0.00004575,0.00157499,0.00456598,-0.00019015,-0.0023342,15:50:15..069,,,,
15:50:15..144,5.39386407,-0.001146,-0.0003378,0.00016316,0.00617494,-0.00004573,0.00157495,0.00456623,-0.00018996,-0.00233429,15:50:15..112,,,,
15:50:15..178,4.68019845,-0.001146,-0.00033842,0.00016321,0.00617346,-0.0000456,0.00156684,0.0045625,-0.00019533,-0.00233552,15:50:15..155,,,,
15:50:15..212,4.79397123,-0.001184,-0.0003377,0.00016335,0.00617416,-0.00004595,0.00157431,0.00456453,-0.00019114,-0.00233535,15:50:15..200,,,,
15:50:15..245,6.96082554,-0.001134,-0.0003377,0.00016354,0.00617404,-0.00004622,0.00157487,0.0045647,-0.00019087,-0.00233527,15:50:15..290,,,,
15:50:15..381,6.06615777,-0.001134,-0.00033747,0.00016328,0.00617504,-0.00004549,0.00157487,0.00456467,-0.0001919,-0.00233513,15:50:15..377,,,,
15:50:15..416,6.54710634,-0.001036,-0.00033802,0.00016325,0.0061752,-0.00004531,0.00157655,0.00456811,-0.00019018,-0.002335,15:50:15..420,,,,
15:50:15..531,6.26267439,-0.001036,-0.00033846,0.00016297,0.00617474,-0.00004627,0.00157522,0.00456772,-0.00019152,-0.00233548,15:50:15..528,,,,
15:50:15..564,5.55418026,-0.000973,-0.0003378,0.00016273,0.00617476,-0.00004569,0.00158029,0.00456968,-0.00018786,-0.00233418,15:50:15..571,,,,
15:50:15..599,5.59038069,-0.000926,-0.00033813,0.00016318,0.00617504,-0.00004558,0.00157816,0.00456876,-0.00018964,-0.00233462,15:50:15..614,,,,
15:50:15..663,5.84895519,-0.000889,-0.0003379,0.00016319,0.00617516,-0.0000453,0.00157808,0.00456842,-0.00018964,-0.00233435,15:50:15..657,,,,
15:50:15..733,5.98341393,-0.000889,-0.00033783,0.00016354,0.00617429,-0.00004576,0.00157771,0.00456847,-0.00019052,-0.00233484,15:50:15..729,,,,
15:50:15..767,6.43850505,-0.000827,-0.00033757,0.00016319,0.00617493,-0.00004623,0.00156576,0.00456101,-0.00019742,-0.00233553,15:50:15..772,,,,
15:50:15..801,6.28336035,-0.000817,-0.00033744,0.00016328,0.00617466,-0.00004595,0.00156851,0.00456102,-0.00019742,-0.00233647,15:50:15..814,,,,
15:50:15..840,6.22130247,-0.000817,-0.00033745,0.00016378,0.00617404,-0.000046,0.00156748,0.00456106,-0.00019719,-0.00233652,15:50:15..814,,,,
15:50:15..873,6.23681694,-0.000801,-0.00033786,0.00016358,0.00617505,-0.00004642,0.00156719,0.00455887,-0.00019685,-0.00233515,15:50:15..858,,,,
15:50:15..929,5.95238499,-0.000762,-0.00033814,0.00016358,0.00617433,-0.0000465,0.00156757,0.00455942,-0.00019658,-0.00233527,15:50:15..967,,,,
15:50:15..976,5.8437837,-0.000762,-0.00033798,0.00016342,0.0061745,-0.0000458,0.00156744,0.00456003,-0.00019601,-0.00233498,15:50:15..967,,,,
15:50:16..010,5.93169903,-0.000732,-0.00033766,0.00016345,0.00617476,-0.0000469,0.00156451,0.00455522,-0.00019761,-0.0023344,15:50:16..014,,,,
15:50:16..101,5.90584158,-0.000705,-0.00033774,0.00016347,0.00617456,-0.00004624,0.00156467,0.00455536,-0.00019662,-0.00233424,15:50:16..095,,,,
15:50:16..167,6.1023582,-0.000705,-0.00033744,0.0001634,0.00617452,-0.00004658,0.00156623,0.00455573,-0.00019649,-0.00233429,15:50:16..163,,,,
15:50:16..202,6.19544502,-0.000653,-0.00033759,0.00016347,0.00617464,-0.00004658,0.00155661,0.00455408,-0.00020346,-0.0023362,15:50:16..206,,,,
15:50:16..236,6.10752969,-0.000582,-0.00033782,0.00016313,0.00617456,-0.00004643,0.00155786,0.00455568,-0.00020275,-0.00233594,15:50:16..271,,,,
15:50:16..343,6.14890161,-0.000582,-0.00033751,0.00016353,0.00617433,-0.00004577,0.00155764,0.00455567,-0.00020326,-0.00233643,15:50:16..337,,,,
15:50:16..375,6.14373012,-0.000561,-0.00033722,0.00016341,0.00617335,-0.00004675,0.00155619,0.00455079,-0.00020148,-0.00233496,15:50:16..371,,,,
15:50:16..409,5.92652754,-0.000553,-0.00033707,0.00016401,0.00617465,-0.00004636,0.00155603,0.00455236,-0.00020426,-0.00233897,15:50:16..415,,,,
15:50:16..497,5.99375691,-0.000553,-0.00033741,0.00016405,0.00617419,-0.00004644,0.00155607,0.00455196,-0.00020398,-0.0023393,15:50:16..491,,,,
15:50:16..529,6.09201522,-0.000603,-0.00033779,0.00016376,0.00617439,-0.0000462,0.00156385,0.00455656,-0.00020137,-0.00233833,15:50:16..537,,,,
15:50:16..643,6.15924459,-0.000603,-0.00033722,0.0001638,0.00617444,-0.00004607,0.00156296,0.00455597,-0.0002013,-0.00233865,15:50:16..637,,,,
15:50:16..674,6.02995734,-0.00061,-0.00033786,0.00016284,0.00617401,-0.0000464,0.00154636,0.00454506,-0.00020976,-0.00233894,15:50:16..741,,,,
15:50:16..789,6.00409989,-0.000594,-0.00033786,0.00016233,0.00617367,-0.00004679,0.001546,0.00454505,-0.00020961,-0.00233904,15:50:16..785,,,,
15:50:16..820,6.29887482,-0.000594,-0.00033761,0.0001632,0.00617376,-0.00004543,0.00158409,0.00456987,-0.00019238,-0.0023355,15:50:16..785,,,,
15:50:16..854,5.93169903,-0.000668,-0.0003372,0.00016368,0.00617352,-0.00004568,0.00158223,0.00456792,-0.00019526,-0.00233723,15:50:16..898,,,,
15:50:16..952,5.92652754,-0.000668,-0.00033767,0.00016383,0.00617386,-0.00004559,0.00158312,0.00456756,-0.00019472,-0.00233702,15:50:16..948,,,,
15:50:16..983,5.98858542,-0.000708,-0.00033764,0.00016287,0.00617507,-0.00004586,0.00158148,0.00456489,-0.00019528,-0.00233796,15:50:16..991,,,,
15:50:17..052,6.05581479,-0.000696,-0.00033776,0.00016324,0.00617508,-0.00004603,0.00158241,0.00456535,-0.00019546,-0.00233857,15:50:17..046,,,,
15:50:17..104,5.98858542,-0.000696,-0.00033764,0.00016342,0.00617562,-0.00004561,0.00158272,0.0045663,-0.00019574,-0.00233779,15:50:17..099,,,,
15:50:17..136,6.41781909,-0.000734,-0.00033765,0.00016367,0.00617533,-0.00004554,0.00157515,0.00456038,-0.00020079,-0.00233842,15:50:17..145,,,,
15:50:17..170,6.37127568,-0.000782,-0.00033725,0.00016338,0.00617497,-0.0000457,0.00157104,0.00455878,-0.00020161,-0.00233732,15:50:17..224,,,,
15:50:17..239,5.93169903,-0.000841,-0.00033733,0.00016363,0.00617418,-0.00004569,0.00157106,0.00455888,-0.00020163,-0.0023376,15:50:17..266,,,,
15:50:17..297,6.25233141,-0.000841,-0.00033746,0.00016287,0.0061747,-0.00004612,0.00157181,0.00455882,-0.00020089,-0.00233745,15:50:17..266,,,,
15:50:17..330,5.78689731,-0.000887,-0.00033805,0.00016252,0.00617299,-0.00004638,0.00156206,0.00455167,-0.00020681,-0.00233958,15:50:17..312,,,,
15:50:17..365,6.11787267,-0.000905,-0.00033772,0.00016327,0.00617452,-0.00004644,0.00155862,0.00455145,-0.00020926,-0.00234057,15:50:17..355,,,,
15:50:17..426,6.31438929,-0.000965,-0.00033727,0.00016365,0.00617492,-0.00004568,0.00155836,0.00455078,-0.00020967,-0.00234053,15:50:17..419,,,,
15:50:17..480,5.60072367,-0.000965,-0.0003374,0.00016325,0.00617435,-0.00004617,0.00155808,0.00454973,-0.00020996,-0.00234063,15:50:17..462,,,,
15:50:17..513,6.32473227,-0.000984,-0.00033741,0.00016349,0.00617487,-0.0000468,0.00155497,0.00454569,-0.00021117,-0.00234065,15:50:17..505,,,,
15:50:17..547,6.51090591,-0.001008,-0.00033709,0.00016403,0.00617746,-0.00004661,0.00154637,0.00453914,-0.00021644,-0.00234155,15:50:17..549,,,,
15:50:17..686,5.99375691,-0.001008,-0.00033731,0.00016343,0.00617656,-0.00004671,0.00154598,0.00453895,-0.00021732,-0.0023412,15:50:17..681,,,,
15:50:17..720,6.06615777,-0.001066,-0.00033702,0.00016377,0.0061773,-0.0000471,0.00154281,0.00453516,-0.00021884,-0.00233967,15:50:17..724,,,,
15:50:17..839,5.99375691,-0.001066,-0.00033711,0.00016325,0.00617663,-0.00004694,0.00154294,0.00453494,-0.00021862,-0.00233985,15:50:17..835,,,,
15:50:17..872,5.8954986,-0.000981,-0.00033713,0.00016318,0.00617649,-0.00004698,0.00153951,0.00453321,-0.00022014,-0.0023396,15:50:17..877,,,,
15:50:17..906,6.34541823,-0.000911,-0.00033737,0.00016317,0.00617651,-0.00004723,0.00153937,0.00453215,-0.00022113,-0.00234074,15:50:17..922,,,,
15:50:17..974,6.3609327,-0.000889,-0.00033742,0.00016322,0.00617706,-0.00004732,0.00153958,0.00453179,-0.00022053,-0.00234008,15:50:17..968,,,,
15:50:18..022,5.86964115,-0.000889,-0.00033704,0.00016369,0.00617701,-0.00004718,0.00153942,0.00453246,-0.00022022,-0.00233956,15:50:18..017,,,,
15:50:18..055,6.26267439,-0.000888,-0.00033712,0.00016357,0.00617668,-0.00004682,0.00154204,0.0045358,-0.00021926,-0.00234005,15:50:18..050,,,,
15:50:18..163,6.25233141,-0.000888,-0.00033738,0.00016354,0.00617811,-0.00004695,0.00154151,0.00453505,-0.00021916,-0.00233995,15:50:18..158,,,,
15:50:18..194,6.06098628,-0.000916,-0.00033728,0.00016383,0.00617579,-0.00004778,0.00153819,0.00453191,-0.00021992,-0.00233936,15:50:18..158,,,,
15:50:18..273,5.87481264,-0.000916,-0.00033711,0.00016331,0.00617618,-0.00004713,0.0015379,0.00453176,-0.00022005,-0.00233934,15:50:18..306,,,,
15:50:18..325,6.25233141,-0.000916,-0.00033726,0.00016363,0.00617654,-0.00004805,0.00153856,0.004532,-0.0002203,-0.00233939,15:50:18..306,,,,
15:50:18..359,6.17993055,-0.000886,-0.00033728,0.00016348,0.00617667,-0.00004709,0.0015377,0.00453201,-0.00022112,-0.00234125,15:50:18..391,,,,
15:50:18..427,5.93169903,-0.000825,-0.00033753,0.00016357,0.00617702,-0.00004716,0.00153791,0.00453195,-0.00022109,-0.00234081,15:50:18..435,,,,
15:50:18..479,6.2575029,-0.000755,-0.00033704,0.00016356,0.00617792,-0.0000476,0.00153871,0.00453203,-0.00022127,-0.002341,15:50:18..512,,,,
15:50:18..549,5.98341393,-0.000755,-0.00033737,0.00016389,0.00617758,-0.00004717,0.00153896,0.00453289,-0.00022043,-0.00234088,15:50:18..512,,,,
15:50:18..583,6.1023582,-0.000711,-0.00033759,0.00016416,0.00617789,-0.00004635,0.00157293,0.00454962,-0.00021027,-0.00233828,15:50:18..602,,,,
15:50:18..703,6.24715992,-0.000711,-0.00033727,0.00016392,0.00617704,-0.00004651,0.00157397,0.0045509,-0.00021019,-0.00233775,15:50:18..699,,,,
15:50:18..738,5.77655433,-0.000556,-0.00033467,0.00016658,0.00617786,-0.00004897,0.0014986,0.00448926,-0.0002405,-0.00234595,15:50:18..699,,,,
15:50:18..823,6.37127568,-0.000463,-0.00033513,0.0001671,0.00617757,-0.00004905,0.00149872,0.0044896,-0.00024011,-0.00234652,15:50:18..817,,,,
15:50:18..884,6.12821565,-0.000463,-0.0003351,0.00016669,0.00617772,-0.00004883,0.00149818,0.00448939,-0.00023945,-0.00234609,15:50:18..879,,,,
15:50:18..918,6.205788,-0.000415,-0.00033509,0.00016496,0.00617584,-0.00004809,0.00149754,0.00449228,-0.00023977,-0.00234774,15:50:18..922,,,,
15:50:18..952,5.9989284,-0.000325,-0.00033577,0.00016375,0.00617529,-0.00004815,0.00149589,0.0044912,-0.00023986,-0.00234367,15:50:18..966,,,,
15:50:19..069,5.86446966,-0.000325,-0.0003349,0.00016429,0.00617571,-0.00004805,0.00149621,0.00449126,-0.00023991,-0.00234336,15:50:19..065,,,,
15:50:19..100,6.12821565,-0.000242,-0.00033571,0.00016418,0.00617576,-0.00004882,0.00149905,0.00449086,-0.0002405,-0.00234711,15:50:19..099,,,,
15:50:19..174,6.02995734,-0.000242,-0.00033577,0.00016447,0.00617556,-0.00004914,0.00149905,0.00449098,-0.0002408,-0.00234778,15:50:19..142,,,,
15:50:19..205,6.25233141,-0.000174,-0.00033562,0.0001638,0.00617647,-0.00004967,0.00149771,0.0044926,-0.00023913,-0.00234611,15:50:19..229,,,,
15:50:19..308,6.18510204,-0.000174,-0.00033602,0.00016424,0.00617666,-0.00004929,0.001498,0.00449195,-0.00023886,-0.00234571,15:50:19..302,,,,
15:50:19..339,6.12821565,-0.000183,-0.00033595,0.00016395,0.00617602,-0.00004962,0.00149819,0.00449304,-0.00023962,-0.00234523,15:50:19..344,,,,
15:50:19..464,6.0506433,-0.000183,-0.00033577,0.00016435,0.00617576,-0.00004917,0.00149783,0.00449303,-0.0002394,-0.00234562,15:50:19..458,,,,
15:50:19..494,6.07650075,-0.000277,-0.00033576,0.00016376,0.00617498,-0.00004863,0.00149895,0.00449148,-0.00023913,-0.00234654,15:50:19..500,,,,
15:50:19..633,6.08684373,-0.000277,-0.00033609,0.00016363,0.00617484,-0.00004908,0.00149912,0.0044915,-0.00023988,-0.00234593,15:50:19..627,,,,
15:50:19..664,6.07132926,-0.000375,-0.00033551,0.00016367,0.00617625,-0.00004887,0.0014989,0.00449232,-0.00023982,-0.00234625,15:50:19..671,,,,
15:50:19..778,6.08684373,-0.000375,-0.0003357,0.00016364,0.0061745,-0.00004926,0.00149883,0.0044922,-0.00023964,-0.00234625,15:50:19..772,,,,
15:50:19..811,6.05581479,-0.000392,-0.00033601,0.00016406,0.00617649,-0.00004931,0.00149948,0.00449258,-0.00023908,-0.00234547,15:50:19..816,,,,
15:50:19..847,6.06098628,-0.000414,-0.00033583,0.00016381,0.00617622,-0.00004939,0.00149922,0.00449193,-0.00023905,-0.00234629,15:50:19..860,,,,
15:50:19..878,6.09718671,-0.00044,-0.00033569,0.0001637,0.00617719,-0.00004925,0.00149956,0.00449248,-0.00023891,-0.00234661,15:50:19..860,,,,
15:50:19..942,6.06615777,-0.000465,-0.00033556,0.00016399,0.00617695,-0.00004916,0.00149942,0.00449247,-0.00023905,-0.00234608,15:50:19..946,,,,
15:50:19..990,6.1023582,-0.000474,-0.00033578,0.000164,0.00617708,-0.00004894,0.00149917,0.00449287,-0.00023962,-0.00234615,15:50:19..988,,,,
15:50:20..041,6.06098628,-0.000474,-0.0003357,0.00016382,0.00617733,-0.00004936,0.00149955,0.00449305,-0.00023929,-0.00234605,15:50:20..036,,,,
15:50:20..074,6.05581479,-0.000503,-0.00033592,0.00016378,0.00617634,-0.00004887,0.00150011,0.00449235,-0.00023901,-0.00234535,15:50:20..079,,,,
15:50:20..108,6.10752969,-0.000503,-0.00033564,0.00016377,0.00617661,-0.00004874,0.00149961,0.00449273,-0.00023901,-0.00234485,15:50:20..079,,,,
15:50:20..141,6.21613098,-0.000614,-0.00033566,0.00016313,0.00617632,-0.00004914,0.0014996,0.00449187,-0.00023884,-0.00234434,15:50:20..166,,,,
15:50:20..209,6.1540731,-0.000686,-0.00033569,0.00016388,0.00617642,-0.00004945,0.00149958,0.00449149,-0.00023899,-0.00234502,15:50:20..211,,,,
15:50:20..310,6.16441608,-0.000686,-0.00033588,0.0001636,0.00617622,-0.00004927,0.00149939,0.00449161,-0.00023852,-0.00234452,15:50:20..305,,,,
15:50:20..344,6.1023582,-0.000687,-0.00033547,0.00016404,0.00617773,-0.00004875,0.00149979,0.00449232,-0.00023847,-0.00234446,15:50:20..305,,,,
15:50:20..379,6.06098628,-0.000703,-0.00033594,0.00016361,0.00617826,-0.00004871,0.00150025,0.00449249,-0.00023898,-0.00234464,15:50:20..392,,,,
15:50:20..456,6.07132926,-0.000733,-0.00033589,0.00016392,0.00617789,-0.00004898,0.00149995,0.00449245,-0.00023918,-0.0023451,15:50:20..450,,,,
15:50:20..503,6.08167224,-0.000733,-0.00033599,0.00016358,0.00617791,-0.00004922,0.00150012,0.0044916,-0.00023926,-0.00234536,15:50:20..498,,,,
15:50:20..536,6.18510204,-0.000733,-0.00033554,0.00016368,0.00617759,-0.00004898,0.00149957,0.00449362,-0.00023867,-0.00234507,15:50:20..498,,,,
15:50:20..570,6.08167224,-0.000711,-0.00033573,0.00016398,0.00617707,-0.00004892,0.00149903,0.00449295,-0.00023957,-0.00234503,15:50:20..584,,,,
15:50:20..625,6.13855863,-0.000711,-0.00033558,0.00016383,0.00617719,-0.00004936,0.00149908,0.00449287,-0.0002396,-0.00234503,15:50:20..584,,,,
15:50:20..656,6.10752969,-0.000654,-0.00033541,0.00016354,0.00617805,-0.0000488,0.0014993,0.00449411,-0.00023969,-0.00234463,15:50:20..687,,,,
15:50:20..714,6.05581479,-0.000657,-0.00033486,0.00016395,0.00617864,-0.00004832,0.00149932,0.00449387,-0.0002389,-0.00234508,15:50:20..763,,,,
15:50:20..778,6.04547181,-0.000657,-0.00033584,0.00016348,0.00617877,-0.00004941,0.00149935,0.00449345,-0.00023927,-0.00234513,15:50:20..763,,,,
15:50:20..814,6.1023582,-0.00066,-0.00033565,0.00016339,0.0061744,-0.00004882,0.00150015,0.00449291,-0.00023915,-0.00234515,15:50:20..809,,,,
15:50:20..849,6.04030032,-0.000655,-0.00033612,0.00016359,0.00617555,-0.00004895,0.00149968,0.00449243,-0.00023928,-0.00234507,15:50:20..854,,,,
15:50:20..928,6.09718671,-0.000654,-0.00033529,0.00016371,0.00617598,-0.00004971,0.00149944,0.00449321,-0.0002392,-0.00234485,15:50:20..988,,,,
15:50:21..012,6.11787267,-0.00066,-0.00033543,0.00016393,0.00617628,-0.00004918,0.00149943,0.00449329,-0.00023967,-0.0023449,15:50:20..988,,,,
15:50:21..063,6.17475906,-0.00066,-0.00033569,0.00016362,0.00617597,-0.00004897,0.00149928,0.00449185,-0.00023985,-0.00234522,15:50:21..031,,,,
15:50:21..096,6.05581479,-0.000692,-0.00033567,0.00016398,0.00617624,-0.00004867,0.00150049,0.00449144,-0.00023881,-0.00234491,15:50:21..117,,,,
15:50:21..155,6.08684373,-0.000722,-0.00033542,0.00016362,0.00617675,-0.00004916,0.00150039,0.00449175,-0.0002396,-0.00234487,15:50:21..160,,,,
15:50:21..220,6.09718671,-0.000722,-0.0003356,0.00016341,0.00617682,-0.00004866,0.00150014,0.00449113,-0.00023991,-0.00234481,15:50:21..247,,,,
15:50:21..256,6.11270118,-0.000722,-0.0003357,0.00016378,0.00617684,-0.00004855,0.0015011,0.00449156,-0.00023941,-0.00234472,15:50:21..247,,,,
15:50:21..288,6.09201522,-0.000737,-0.00033528,0.00016349,0.00617624,-0.00004894,0.00149915,0.00449176,-0.00023885,-0.00234485,15:50:21..292,,,,
15:50:21..325,6.11787267,-0.000722,-0.0003357,0.00016341,0.00617669,-0.00004873,0.00149942,0.00449251,-0.00023901,-0.00234458,15:50:21..335,,,,
15:50:21..394,6.14373012,-0.000722,-0.0003353,0.00016384,0.00617696,-0.00004887,0.00149943,0.00449214,-0.00023868,-0.00234427,15:50:21..391,,,,
15:50:21..427,6.23681694,-0.000655,-0.00033608,0.00016368,0.0061757,-0.000049,0.00149951,0.00449242,-0.00023827,-0.00234544,15:50:21..391,,,,
15:50:21..506,6.12821565,-0.000655,-0.00033554,0.00016332,0.00617454,-0.00004896,0.00150023,0.00449144,-0.00023922,-0.00234524,15:50:21..541,,,,
15:50:21..553,6.06098628,-0.000655,-0.00033565,0.00016348,0.00617504,-0.00004908,0.00149961,0.00449176,-0.00023914,-0.00234518,15:50:21..541,,,,
15:50:21..586,6.03512883,-0.000688,-0.00033592,0.00016322,0.00617802,-0.00004895,0.00150131,0.00449232,-0.00023966,-0.00234513,15:50:21..646,,,,
15:50:21..701,6.0506433,-0.000688,-0.00033575,0.00016352,0.00617834,-0.00004889,0.00150133,0.00449276,-0.00023998,-0.00234485,15:50:21..697,,,,
15:50:21..735,6.06615777,-0.000733,-0.00033549,0.00016322,0.00617802,-0.00004857,0.00150142,0.00449192,-0.00023938,-0.00234544,15:50:21..741,,,,
15:50:21..845,6.14373012,-0.000733,-0.00033593,0.00016358,0.00617836,-0.00004854,0.00150124,0.00449114,-0.00023986,-0.00234554,15:50:21..840,,,,
15:50:21..877,6.11787267,-0.00075,-0.00033589,0.00016354,0.00617758,-0.0000493,0.00150139,0.0044911,-0.00023883,-0.00234537,15:50:21..886,,,,
15:50:22..038,6.04547181,-0.00075,-0.00033545,0.00016329,0.00617787,-0.00004892,0.00150137,0.00449144,-0.00023882,-0.00234539,15:50:22..033,,,,
15:50:22..070,6.06098628,-0.000715,-0.00033573,0.00016356,0.00617764,-0.00004909,0.00150134,0.00449072,-0.00023977,-0.00234568,15:50:22..075,,,,
15:50:22..104,6.08684373,-0.000715,-0.00033585,0.00016329,0.00617701,-0.00004911,0.00150146,0.00449073,-0.00023879,-0.00234557,15:50:22..075,,,,
15:50:22..138,6.16441608,-0.00072,-0.00033589,0.00016389,0.00617815,-0.00004862,0.00150119,0.00449152,-0.00023915,-0.00234544,15:50:22..172,,,,
15:50:22..242,6.13338714,-0.00072,-0.00033587,0.00016353,0.00617764,-0.00004932,0.00150091,0.00449135,-0.00023895,-0.0023453,15:50:22..236,,,,
15:50:22..275,6.09718671,-0.000724,-0.00033575,0.00016329,0.00617902,-0.00004864,0.00150125,0.00449259,-0.00023841,-0.00234551,15:50:22..280,,,,
15:50:22..384,6.1023582,-0.000724,-0.00033532,0.00016377,0.00617961,-0.00004892,0.00150171,0.00449241,-0.00023876,-0.00234555,15:50:22..379,,,,
15:50:22..416,6.1023582,-0.000735,-0.00033602,0.00016337,0.00617955,-0.00004905,0.00150169,0.0044929,-0.00023946,-0.00234578,15:50:22..422,,,,
15:50:22..551,6.04547181,-0.000735,-0.00033594,0.00016341,0.00617915,-0.00004898,0.00150168,0.00449223,-0.00023909,-0.0023452,15:50:22..546,,,,
15:50:22..583,6.12821565,-0.000641,-0.00033551,0.0001636,0.00617971,-0.00004881,0.00150189,0.0044914,-0.00024006,-0.00234575,15:50:22..591,,,,
15:50:22..689,6.06098628,-0.000641,-0.0003357,0.00016337,0.00617965,-0.00004834,0.00150125,0.00449157,-0.00023929,-0.00234558,15:50:22..682,,,,
15:50:22..720,6.08684373,-0.000698,-0.00033617,0.00016309,0.00617939,-0.00004863,0.00150156,0.00449138,-0.00023943,-0.00234459,15:50:22..728,,,,
15:50:22..841,6.12304416,-0.000698,-0.00033608,0.00016357,0.00617958,-0.00004866,0.00150132,0.00449119,-0.00023923,-0.00234406,15:50:22..836,,,,
15:50:22..873,6.10752969,-0.000735,-0.00033539,0.00016351,0.00617873,-0.00004869,0.00150214,0.00449346,-0.00023902,-0.0023442,15:50:22..879,,,,
15:50:23..010,6.00927138,-0.000735,-0.00033557,0.00016365,0.00617916,-0.00004868,0.00150221,0.0044936,-0.0002385,-0.00234424,15:50:23..004,,,,
15:50:23..041,6.11270118,-0.000808,-0.00033584,0.0001637,0.00617889,-0.00004928,0.00150125,0.00449197,-0.00023873,-0.00234407,15:50:23..052,,,,
15:50:23..163,6.09718671,-0.000808,-0.00033565,0.00016333,0.00617875,-0.00004924,0.00150123,0.00449186,-0.00023906,-0.00234462,15:50:23..156,,,,
15:50:23..194,6.12304416,-0.000895,-0.00033609,0.00016358,0.00617995,-0.00004904,0.0015011,0.00449246,-0.00023896,-0.00234443,15:50:23..239,,,,
15:50:23..287,6.14890161,-0.000931,-0.00033585,0.00016317,0.00618023,-0.00004912,0.00150179,0.00449269,-0.00023921,-0.00234507,15:50:23..283,,,,
15:50:23..319,6.12821565,-0.000964,-0.00033586,0.00016333,0.00617885,-0.00004843,0.00150188,0.00449141,-0.00023949,-0.00234448,15:50:23..327,,,,
15:50:23..392,6.11270118,-0.000936,-0.00033582,0.00016365,0.00617888,-0.000049,0.00150125,0.00449116,-0.00023956,-0.0023447,15:50:23..386,,,,
15:50:23..436,6.07132926,-0.000936,-0.00033584,0.00016361,0.0061788,-0.00004878,0.00150168,0.00449191,-0.00023885,-0.0023446,15:50:23..430,,,,
15:50:23..471,6.1023582,-0.00091,-0.00033594,0.00016349,0.0061787,-0.00004935,0.00150167,0.00449205,-0.00023916,-0.00234473,15:50:23..474,,,,
15:50:23..581,6.09201522,-0.00091,-0.00033629,0.00016332,0.00617843,-0.00004908,0.00150131,0.0044935,-0.00023923,-0.0023443,15:50:23..575,,,,
15:50:23..614,6.13855863,-0.000712,-0.00033604,0.00016375,0.00617988,-0.00004912,0.00150171,0.00449449,-0.00023921,-0.00234583,15:50:23..618,,,,
15:50:23..670,6.03512883,-0.000644,-0.00033644,0.00016322,0.0061797,-0.00004892,0.00150159,0.00449341,-0.00023955,-0.00234547,15:50:23..664,,,,
15:50:23..718,6.10752969,-0.000644,-0.00033607,0.00016374,0.00618002,-0.00004886,0.00150166,0.00449385,-0.00023901,-0.0023455,15:50:23..709,,,,
