Time,Pressure,Flow Rate (ml/s),Force 1,Force 2,Force 3,Force 4,Force 5,Force 6,Force 7,Force 8,Flow Meter Time,,,, 
12:49:04..793,4.43196693,-0.004903,-0.00020225,0.00060209,0.00041339,0.00020876,0.00106703,0.00004642,-0.0002809,0.00011862,12:49:04..811,,,,
12:49:04..851,4.35956607,-0.004897,-0.00020171,0.00060188,0.00041365,0.00020875,0.00106626,0.00004718,-0.00028188,0.0001183,12:49:04..857,,,,
12:49:04..888,4.36990905,-0.004897,-0.00020168,0.0006022,0.00041377,0.00020891,0.0010668,0.00004661,-0.0002811,0.00011849,12:49:04..857,,,,
12:49:04..922,4.36990905,-0.004883,-0.00020195,0.00060171,0.00041373,0.00020864,0.00106696,0.00004607,-0.00028078,0.00011866,12:49:04..901,,,,
12:49:04..957,4.42679544,-0.004703,-0.00020229,0.00060138,0.00041393,0.00020853,0.00106647,0.00004577,-0.00028114,0.00011829,12:49:05..023,,,,
12:49:05..092,4.38542352,-0.004703,-0.00020161,0.00060179,0.00041379,0.00020904,0.00106678,0.00004758,-0.0002816,0.00011833,12:49:05..023,,,,
12:49:05..125,4.40610948,-0.00463,-0.0002018,0.00060178,0.00041401,0.00020889,0.00106622,0.0000467,-0.00028128,0.00011873,12:49:05..141,,,,
12:49:05..230,4.3957665,-0.00463,-0.00020184,0.00060199,0.00041364,0.00020906,0.00106656,0.00004696,-0.00028155,0.00011802,12:49:05..228,,,,
12:49:05..261,4.40093799,-0.004659,-0.00020193,0.00060176,0.00041371,0.00020865,0.00106736,0.00004718,-0.00028125,0.00011836,12:49:05..274,,,,
12:49:05..319,4.4474814,-0.0047,-0.00020195,0.00060163,0.00041345,0.00020913,0.0010662,0.00004672,-0.00028127,0.00011826,12:49:05..360,,,,
12:49:05..386,4.35439458,-0.0047,-0.00020193,0.00060193,0.00041383,0.00020854,0.00106654,0.00004724,-0.00028143,0.00011805,12:49:05..360,,,,
12:49:05..419,4.40610948,-0.0047,-0.00020241,0.00060206,0.00041345,0.00020848,0.00106691,0.00004594,-0.00028134,0.00011869,12:49:05..404,,,,
12:49:05..454,4.3957665,-0.004819,-0.00020205,0.00060216,0.00041375,0.00020883,0.00106695,0.00004729,-0.00028136,0.00011876,12:49:05..508,,,,
12:49:05..573,4.41128097,-0.004819,-0.0002022,0.00060207,0.00041327,0.00020912,0.0010666,0.00004624,-0.00028151,0.00011854,12:49:05..576,,,,
12:49:05..605,4.40093799,-0.004819,-0.00020213,0.00060177,0.00041393,0.00020905,0.00106683,0.00004601,-0.00028133,0.00011859,12:49:05..576,,,,
12:49:05..638,4.37508054,-0.004917,-0.00020178,0.00060183,0.00041351,0.00020852,0.0010663,0.00004684,-0.00028115,0.00011813,12:49:05..663,,,,
12:49:05..738,4.35956607,-0.004917,-0.00020205,0.00060165,0.00041358,0.00020886,0.0010669,0.00004759,-0.00028163,0.00011844,12:49:05..737,,,,
12:49:05..770,4.43196693,-0.005017,-0.00020223,0.00060222,0.00041338,0.00020859,0.00106633,0.00004575,-0.0002814,0.00011853,12:49:05..737,,,,
12:49:05..829,4.39059501,-0.005017,-0.00020197,0.00060201,0.00041337,0.00020868,0.00106655,0.0000477,-0.00028158,0.00011813,12:49:05..860,,,,
12:49:05..867,4.32336564,-0.005017,-0.00020202,0.00060189,0.0004136,0.0002087,0.00106664,0.00004581,-0.00028094,0.00011837,12:49:05..860,,,,
12:49:05..901,4.38542352,-0.00499,-0.00020184,0.00060236,0.00041385,0.00020891,0.00106636,0.00004618,-0.00028066,0.00011844,12:49:05..904,,,,
12:49:06..007,4.40093799,-0.00499,-0.00020175,0.00060152,0.00041394,0.00020894,0.00106671,0.00004771,-0.0002815,0.00011822,12:49:06..005,,,,
12:49:06..039,4.33370862,-0.004803,-0.00020216,0.00060187,0.0004136,0.00020881,0.00106628,0.00004619,-0.00028087,0.0001183,12:49:06..005,,,,
12:49:06..115,4.36990905,-0.004803,-0.00020205,0.00060149,0.00041368,0.00020909,0.00106669,0.00004711,-0.00028137,0.00011833,12:49:06..147,,,,
12:49:06..182,4.4474814,-0.004803,-0.00020204,0.0006023,0.00041396,0.00020884,0.00106656,0.00004637,-0.00028087,0.00011841,12:49:06..147,,,,
12:49:06..217,4.33370862,-0.004584,-0.00020172,0.00060155,0.00041389,0.0002092,0.00106685,0.00004747,-0.0002815,0.00011873,12:49:06..190,,,,
12:49:06..326,4.32853713,-0.004584,-0.00020213,0.00060186,0.00041385,0.00020894,0.00106619,0.00004614,-0.00028115,0.00011855,12:49:06..368,,,,
12:49:06..386,4.3957665,-0.004584,-0.00020133,0.00060139,0.00041393,0.00020886,0.00106698,0.00004778,-0.00028129,0.0001184,12:49:06..368,,,,
12:49:06..418,4.36990905,-0.004409,-0.00020176,0.00060199,0.00041333,0.00020877,0.0010667,0.00004696,-0.00028104,0.00011786,12:49:06..456,,,,
12:49:06..486,4.39059501,-0.004387,-0.00020191,0.00060165,0.00041379,0.00020932,0.00106678,0.00004593,-0.00028128,0.00011829,12:49:06..501,,,,
12:49:06..542,4.41645246,-0.004357,-0.0002017,0.0006021,0.00041375,0.00020903,0.00106644,0.00004673,-0.00028121,0.00011824,12:49:06..562,,,,
12:49:06..576,4.39059501,-0.004357,-0.00020218,0.00060228,0.00041416,0.00020872,0.00106649,0.00004672,-0.00028095,0.00011815,12:49:06..562,,,,
12:49:06..610,4.38542352,-0.004298,-0.00020189,0.00060214,0.00041394,0.00020882,0.00106685,0.00004606,-0.00028048,0.00011868,12:49:06..607,,,,
12:49:06..671,4.35956607,-0.004267,-0.00020153,0.00060189,0.00041382,0.00020881,0.0010664,0.00004775,-0.00028165,0.00011798,12:49:06..713,,,,
12:49:06..731,4.40610948,-0.004239,-0.00020171,0.00060198,0.00041369,0.00020851,0.0010669,0.00004576,-0.00028086,0.00011854,12:49:06..763,,,,
12:49:06..782,4.36473756,-0.004239,-0.0002023,0.00060129,0.00041367,0.00020855,0.0010671,0.00004739,-0.00028161,0.000118,12:49:06..763,,,,
12:49:06..814,6.54710634,-0.00416,-0.00020145,0.00060188,0.00041378,0.00020901,0.00106663,0.0000475,-0.00028118,0.0001185,12:49:06..853,,,,
12:49:06..969,15.33863934,-0.00416,-0.00020175,0.00060203,0.00041347,0.00020879,0.00106677,0.00004628,-0.00028113,0.00011831,12:49:06..853,,,,
12:49:07..002,13.74064893,0.001479,-0.00019815,0.00060094,0.00041329,0.00020678,0.001068,0.00004784,-0.00028182,0.00011972,12:49:06..970,,,,
12:49:07..085,12.17368746,0.008714,-0.00019816,0.000601,0.00041357,0.00020758,0.00106734,0.00004751,-0.00028141,0.0001195,12:49:07..149,,,,
12:49:07..207,12.06508617,0.008714,-0.000198,0.00060079,0.00041308,0.00020795,0.00106777,0.00004779,-0.0002812,0.00011933,12:49:07..214,,,,
12:49:07..241,13.83373575,0.008714,-0.00019673,0.00060071,0.0004134,0.00020756,0.00106801,0.0000477,-0.00028186,0.00012012,12:49:07..214,,,,
12:49:07..275,14.21125452,0.030297,-0.00018066,0.0006033,0.00041023,0.00020761,0.00107381,0.00005388,-0.00028547,0.00012274,12:49:07..323,,,,
12:49:07..467,14.90940567,0.030297,-0.00018074,0.00060339,0.00041043,0.00020755,0.00107421,0.00005469,-0.00028558,0.0001231,12:49:07..323,,,,
12:49:07..502,19.25862876,0.05655,-0.00016078,0.00061741,0.00040525,0.00020796,0.0010812,0.00006716,-0.00029011,0.00012529,12:49:07..516,,,,
12:49:07..613,19.98263736,0.05655,-0.00016086,0.00061765,0.00040488,0.00020816,0.00108109,0.00006637,-0.00028985,0.00012529,12:49:07..686,,,,
12:49:07..710,23.03381646,0.05655,-0.00016024,0.00061762,0.00040555,0.000208,0.00108146,0.00006713,-0.00028986,0.0001256,12:49:07..686,,,,
12:49:07..743,25.33512951,0.086493,-0.00014765,0.00062996,0.00039717,0.00020368,0.00108893,0.00008117,-0.00029594,0.00011881,12:49:07..786,,,,
12:49:07..922,26.51940072,0.086493,-0.00014715,0.00062987,0.00039728,0.0002033,0.00108899,0.00008208,-0.00029603,0.00011924,12:49:07..922,,,,
12:49:07..955,32.42007081,0.1035,-0.00013704,0.00064856,0.00038998,0.00019906,0.00109833,0.00009713,-0.00030191,0.00011181,12:49:07..965,,,,
12:49:08..056,33.36645348,0.1035,-0.00013746,0.00064903,0.00039026,0.00019926,0.00109842,0.00009775,-0.00030216,0.00011218,12:49:08..107,,,,
12:49:08..123,36.30903129,0.1035,-0.00013718,0.00064958,0.00038987,0.00019942,0.00109834,0.00009732,-0.00030209,0.00011216,12:49:08..107,,,,
12:49:08..156,38.07250938,0.112342,-0.00013026,0.00066906,0.00038339,0.00019905,0.00110715,0.00011425,-0.00030669,0.00010502,12:49:08..194,,,,
12:49:08..312,39.09129291,0.112342,-0.00013038,0.0006698,0.00038337,0.00019913,0.00110739,0.00011298,-0.00030633,0.00010499,12:49:08..310,,,,
12:49:08..345,42.59756313,0.113607,-0.00012628,0.00068471,0.00037754,0.00019742,0.00111375,0.00012568,-0.00031059,0.00009944,12:49:08..354,,,,
12:49:08..379,43.21814193,0.112085,-0.00012501,0.00068662,0.00037716,0.0001973,0.00111519,0.00012754,-0.00031118,0.00009888,12:49:08..443,,,,
12:49:08..516,43.68357603,0.112085,-0.00012497,0.00068627,0.00037734,0.00019738,0.00111568,0.00012911,-0.00031142,0.00009887,12:49:08..515,,,,
12:49:08..548,45.27639495,0.106473,-0.00012103,0.00069424,0.00037453,0.00019626,0.00111915,0.00013572,-0.00031346,0.00009603,12:49:08..558,,,,
12:49:08..632,45.41602518,0.106473,-0.00012149,0.0006946,0.00037462,0.00019607,0.00111896,0.0001353,-0.00031325,0.00009584,12:49:08..692,,,,
12:49:08..702,45.56599839,0.106473,-0.0001221,0.00069439,0.00037436,0.0001961,0.00111937,0.00013558,-0.00031334,0.0000963,12:49:08..692,,,,
12:49:08..734,45.49359753,0.097237,-0.00012092,0.00069723,0.00037458,0.00019573,0.00111977,0.00013788,-0.00031414,0.00009527,12:49:08..736,,,,
12:49:08..806,45.29190942,0.097237,-0.00012116,0.00069784,0.00037447,0.00019566,0.0011199,0.00013649,-0.00031337,0.00009517,12:49:08..837,,,,
12:49:08..857,44.82647532,0.097237,-0.00012063,0.00069701,0.00037492,0.00019574,0.00111971,0.00013778,-0.00031366,0.00009492,12:49:08..837,,,,
12:49:08..889,44.26278291,0.08515,-0.00012325,0.00069506,0.00037579,0.00019604,0.00111869,0.00013447,-0.00031278,0.0000961,12:49:08..924,,,,
12:49:08..966,43.85940669,0.076022,-0.0001225,0.00069519,0.00037635,0.00019649,0.00111836,0.00013462,-0.00031244,0.00009603,12:49:08..967,,,,
12:49:09..021,43.08368319,0.076022,-0.00012268,0.00069486,0.00037552,0.00019595,0.00111845,0.00013498,-0.00031252,0.00009597,12:49:09..029,,,,
12:49:09..054,42.23555883,0.071223,-0.00012653,0.00069009,0.00037821,0.00019639,0.00111551,0.00012916,-0.00030985,0.00009805,12:49:09..073,,,,
12:49:09..110,41.80632516,0.061469,-0.00012659,0.00068953,0.00037836,0.00019635,0.00111567,0.00012968,-0.0003106,0.00009824,12:49:09..116,,,,
12:49:09..172,41.09265954,0.061469,-0.00012633,0.00069033,0.00037804,0.00019609,0.00111537,0.00012918,-0.00030988,0.00009832,12:49:09..222,,,,
12:49:09..229,40.14627687,0.061469,-0.00012631,0.00068973,0.0003782,0.00019631,0.00111563,0.0001301,-0.00031093,0.00009818,12:49:09..222,,,,
12:49:09..262,39.49466913,0.047268,-0.00013026,0.00068312,0.0003814,0.00019696,0.00111185,0.00012261,-0.0003071,0.00010071,12:49:09..267,,,,
12:49:09..361,39.11197887,0.047268,-0.00012999,0.00068331,0.00038086,0.00019705,0.00111191,0.00012268,-0.00030675,0.00010104,12:49:09..360,,,,
12:49:09..393,37.98459405,0.034174,-0.00013166,0.00068012,0.00038285,0.00019777,0.00110996,0.0001197,-0.00030491,0.00010317,12:49:09..403,,,,
12:49:09..459,37.76739147,0.030166,-0.00013195,0.00068006,0.00038263,0.00019743,0.00111007,0.00011821,-0.00030546,0.00010278,12:49:09..507,,,,
12:49:09..530,37.20887055,0.030166,-0.00013193,0.00068007,0.00038311,0.00019702,0.00111003,0.00011927,-0.00030494,0.00010238,12:49:09..507,,,,
12:49:09..564,36.77446539,0.02295,-0.0001337,0.0006765,0.0003846,0.00019692,0.00110813,0.00011434,-0.00030355,0.00010438,12:49:09..595,,,,
12:49:09..689,36.58829175,0.02295,-0.00013361,0.00067573,0.0003847,0.00019733,0.00110794,0.00011579,-0.00030409,0.00010452,12:49:09..687,,,,
12:49:09..720,36.24180192,0.014172,-0.00013409,0.00067445,0.00038517,0.00019796,0.00110733,0.00011347,-0.00030229,0.00010547,12:49:09..732,,,,
12:49:09..799,36.10217169,0.014172,-0.00013409,0.00067467,0.00038532,0.00019756,0.0011073,0.00011338,-0.00030299,0.00010549,12:49:09..797,,,,
12:49:09..830,36.02977083,0.009807,-0.00013367,0.00067474,0.00038566,0.00019816,0.00110735,0.00011366,-0.00030288,0.00010556,12:49:09..843,,,,
12:49:09..966,36.12802914,0.009807,-0.00013415,0.00067479,0.00038503,0.00019855,0.00110734,0.00011315,-0.00030239,0.00010554,12:49:09..964,,,,
12:49:09..998,36.41763258,0.004574,-0.00013367,0.00067582,0.00038453,0.00019804,0.0011081,0.00011364,-0.00030273,0.00010573,12:49:10..009,,,,
12:49:10..114,36.54174834,0.004574,-0.00013337,0.00067494,0.00038509,0.00019791,0.00110771,0.0001145,-0.00030323,0.00010539,12:49:10..112,,,,
12:49:10..145,37.20369906,0.002919,-0.00013234,0.00067762,0.00038376,0.00019739,0.00110942,0.00011536,-0.00030312,0.00010597,12:49:10..155,,,,
12:49:10..262,37.42090164,0.002919,-0.00013214,0.00067717,0.00038384,0.00019765,0.00110929,0.00011643,-0.00030386,0.00010492,12:49:10..260,,,,
12:49:10..294,38.0621664,0.002858,-0.00013061,0.00068021,0.00038267,0.00019761,0.0011106,0.00011908,-0.0003049,0.00010464,12:49:10..303,,,,
12:49:10..354,38.32591239,0.003104,-0.00013124,0.00068031,0.00038232,0.00019766,0.00111021,0.00011815,-0.00030415,0.00010414,12:49:10..396,,,,
12:49:10..399,38.65688775,0.003104,-0.0001308,0.0006805,0.00038252,0.00019753,0.00111058,0.00011854,-0.00030421,0.00010462,12:49:10..396,,,,
12:49:10..431,38.9413197,0.003401,-0.00012951,0.00068287,0.00038096,0.00019719,0.00111194,0.00012103,-0.00030511,0.0001035,12:49:10..440,,,,
12:49:10..547,39.15852228,0.003401,-0.00012944,0.00068267,0.00038121,0.00019737,0.0011118,0.00012115,-0.00030533,0.00010375,12:49:10..547,,,,
12:49:10..580,39.79978704,0.004485,-0.00012816,0.00068524,0.00038016,0.00019701,0.00111346,0.00012433,-0.00030558,0.000103,12:49:10..591,,,,
12:49:10..712,40.03250409,0.004485,-0.00012853,0.00068552,0.00037985,0.00019674,0.0011135,0.00012325,-0.00030542,0.0001031,12:49:10..710,,,,
12:49:10..744,40.46690925,0.005942,-0.00012711,0.00068717,0.00037911,0.00019653,0.00111445,0.00012623,-0.00030691,0.00010195,12:49:10..754,,,,
12:49:10..861,40.54965309,0.005942,-0.00012751,0.0006872,0.00037892,0.00019591,0.00111457,0.00012462,-0.00030666,0.00010226,12:49:10..859,,,,
12:49:10..893,40.71514077,0.006555,-0.00012692,0.00068873,0.00037851,0.00019663,0.00111512,0.00012715,-0.00030682,0.00010178,12:49:10..904,,,,
12:49:11..034,40.72548375,0.006555,-0.00012667,0.00068882,0.00037869,0.00019667,0.00111508,0.00012596,-0.00030655,0.00010145,12:49:11..032,,,,
12:49:11..067,40.60136799,0.006479,-0.00012702,0.00068935,0.00037894,0.00019673,0.00111507,0.00012643,-0.00030665,0.0001027,12:49:11..076,,,,
12:49:11..180,40.5444816,0.006479,-0.00012692,0.00068883,0.00037908,0.00019681,0.00111528,0.00012749,-0.00030668,0.00010234,12:49:11..178,,,,
12:49:11..217,40.15144836,0.006042,-0.00012687,0.00068873,0.00037866,0.00019673,0.00111532,0.00012551,-0.00030709,0.0001022,12:49:11..221,,,,
12:49:11..250,40.09456197,0.005292,-0.00012727,0.00068759,0.00037871,0.00019651,0.00111506,0.00012642,-0.00030679,0.00010198,12:49:11..263,,,,
12:49:11..352,39.93424578,0.005292,-0.00012789,0.00068804,0.00037917,0.00019699,0.00111451,0.0001252,-0.00030655,0.00010248,12:49:11..352,,,,
12:49:11..387,39.55672701,0.003779,-0.00012822,0.00068733,0.0003803,0.00019713,0.0011144,0.00012426,-0.00030575,0.00010296,12:49:11..394,,,,
12:49:11..504,39.43261125,0.003779,-0.00012868,0.00068717,0.00038005,0.00019744,0.00111411,0.00012454,-0.00030559,0.00010255,12:49:11..504,,,,
12:49:11..538,39.0447495,0.002053,-0.00012886,0.00068673,0.00038078,0.00019732,0.0011135,0.00012402,-0.00030515,0.00010372,12:49:11..548,,,,
12:49:11..672,38.92063374,0.002053,-0.00012892,0.00068711,0.00038102,0.00019716,0.00111326,0.00012249,-0.00030464,0.00010373,12:49:11..670,,,,
12:49:11..704,38.56380093,0.000256,-0.00013012,0.00068518,0.00038141,0.00019754,0.00111295,0.00012282,-0.00030393,0.0001045,12:49:11..712,,,,
12:49:11..813,38.51725752,0.000256,-0.00013002,0.00068549,0.00038125,0.00019667,0.00111235,0.0001208,-0.00030432,0.00010475,12:49:11..811,,,,
12:49:11..845,38.30522643,-0.001238,-0.00013039,0.00068434,0.00038169,0.00019716,0.00111244,0.00012123,-0.00030375,0.0001042,12:49:11..854,,,,
12:49:11..955,38.28454047,-0.001937,-0.00013045,0.00068495,0.00038192,0.00019703,0.00111193,0.00012065,-0.00030376,0.00010416,12:49:11..953,,,,
12:49:12..016,38.20179663,-0.001937,-0.00013062,0.00068443,0.00038166,0.00019761,0.00111225,0.00012144,-0.00030386,0.00010436,12:49:12..015,,,,
12:49:12..049,38.23799706,-0.002247,-0.00013017,0.00068508,0.00038203,0.00019727,0.00111222,0.00012118,-0.00030359,0.00010485,12:49:12..015,,,,
12:49:12..098,38.23282557,-0.002434,-0.00013024,0.00068522,0.00038191,0.00019746,0.00111209,0.00012172,-0.00030418,0.00010439,12:49:12..139,,,,
12:49:12..165,38.25868302,-0.002434,-0.00013002,0.00068538,0.00038167,0.00019784,0.00111269,0.00012096,-0.00030309,0.00010471,12:49:12..139,,,,
12:49:12..198,38.38279878,-0.002695,-0.00012989,0.00068541,0.00038175,0.00019787,0.0011124,0.00012148,-0.00030337,0.00010456,12:49:12..225,,,,
12:49:12..270,38.40865623,-0.002637,-0.00013037,0.00068465,0.00038188,0.00019722,0.00111256,0.00012194,-0.00030374,0.00010488,12:49:12..268,,,,
12:49:12..319,38.5276005,-0.002637,-0.00013025,0.00068536,0.0003813,0.00019741,0.00111283,0.00012144,-0.00030335,0.00010462,12:49:12..319,,,,
12:49:12..353,38.56380093,-0.002637,-0.00012973,0.00068595,0.00038147,0.00019669,0.00111341,0.00012287,-0.00030388,0.00010446,12:49:12..319,,,,
12:49:12..386,38.63620179,-0.002384,-0.00012975,0.00068651,0.00038145,0.00019699,0.0011132,0.00012205,-0.00030397,0.00010506,12:49:12..407,,,,
12:49:12..442,38.69825967,-0.002167,-0.00012932,0.00068561,0.00038173,0.00019712,0.00111352,0.00012339,-0.00030343,0.0001045,12:49:12..450,,,,
12:49:12..491,38.86374735,-0.001961,-0.00012942,0.00068621,0.00038105,0.00019758,0.00111287,0.0001223,-0.00030371,0.00010466,12:49:12..492,,,,
12:49:12..525,38.95683417,-0.001743,-0.00012882,0.00068746,0.00038121,0.00019677,0.00111365,0.00012335,-0.00030361,0.00010469,12:49:12..535,,,,
12:49:12..559,38.98786311,-0.001743,-0.00012882,0.0006877,0.00038104,0.00019696,0.00111379,0.00012309,-0.00030381,0.00010451,12:49:12..614,,,,
12:49:12..642,39.09129291,-0.001743,-0.00012857,0.00068721,0.00038166,0.000197,0.00111392,0.00012403,-0.00030382,0.00010431,12:49:12..614,,,,
12:49:12..675,39.18955122,-0.001046,-0.0001286,0.00068817,0.00038117,0.00019719,0.00111429,0.00012433,-0.00030454,0.00010425,12:49:12..706,,,,
12:49:12..775,39.26712357,-0.001046,-0.00012841,0.00068828,0.00038072,0.00019725,0.00111463,0.00012472,-0.00030432,0.00010429,12:49:12..774,,,,
12:49:12..806,39.45329721,-0.000756,-0.00012789,0.00068835,0.0003807,0.00019688,0.00111478,0.00012514,-0.0003043,0.00010433,12:49:12..818,,,,
12:49:12..920,39.41192529,-0.000756,-0.00012829,0.00068925,0.00038101,0.00019716,0.00111446,0.00012481,-0.00030388,0.00010402,12:49:12..918,,,,
12:49:12..953,39.57224148,-0.000404,-0.00012765,0.00068949,0.00038098,0.00019632,0.00111555,0.00012557,-0.00030425,0.00010441,12:49:12..962,,,,
12:49:13..065,39.59292744,-0.000404,-0.00012768,0.00068941,0.00038046,0.00019668,0.00111527,0.00012643,-0.0003044,0.00010413,12:49:13..063,,,,
12:49:13..097,39.63429936,-0.000233,-0.00012749,0.00068961,0.0003808,0.00019717,0.00111597,0.00012664,-0.00030389,0.00010419,12:49:13..108,,,,
12:49:13..206,39.60844191,-0.000233,-0.00012781,0.0006898,0.00038068,0.00019676,0.0011148,0.00012543,-0.00030422,0.00010439,12:49:13..203,,,,
12:49:13..237,39.50501211,-0.000353,-0.00012761,0.00068966,0.00038063,0.00019741,0.00111531,0.00012605,-0.00030464,0.00010394,12:49:13..249,,,,
12:49:13..326,39.47398317,-0.000353,-0.00012748,0.00069026,0.00038071,0.00019725,0.00111558,0.0001254,-0.00030368,0.00010397,12:49:13..325,,,,
12:49:13..358,39.46364019,-0.0005,-0.0001273,0.0006898,0.0003805,0.00019682,0.00111523,0.00012647,-0.00030399,0.00010453,12:49:13..369,,,,
12:49:13..431,39.36538188,-0.000586,-0.00012755,0.00069019,0.00038076,0.00019648,0.00111592,0.00012541,-0.00030384,0.00010448,12:49:13..429,,,,
12:49:13..509,39.31883847,-0.000586,-0.00012757,0.00068961,0.0003809,0.00019683,0.00111546,0.00012601,-0.00030397,0.00010395,12:49:13..475,,,,
12:49:13..544,39.27229506,-0.000712,-0.00012764,0.0006903,0.00038117,0.00019697,0.00111507,0.00012619,-0.000304,0.00010424,12:49:13..517,,,,
12:49:13..577,39.19472271,-0.001123,-0.00012763,0.00068985,0.00038111,0.000197,0.00111554,0.00012625,-0.0003041,0.00010443,12:49:13..637,,,,
12:49:13..692,39.13783632,-0.001123,-0.00012811,0.00069048,0.00038088,0.00019677,0.00111524,0.00012456,-0.00030362,0.00010451,12:49:13..637,,,,
12:49:13..725,39.02406354,-0.001299,-0.00012837,0.0006895,0.00038145,0.00019682,0.00111504,0.00012462,-0.00030297,0.00010483,12:49:13..692,,,,
12:49:13..802,38.99820609,-0.001299,-0.00012791,0.00069011,0.00038144,0.00019687,0.00111557,0.00012573,-0.0003032,0.00010471,12:49:13..828,,,,
12:49:13..835,38.9930346,-0.001299,-0.00012801,0.00068972,0.00038095,0.00019715,0.00111476,0.00012477,-0.00030319,0.0001046,12:49:13..828,,,,
12:49:13..869,38.87926182,-0.00145,-0.0001282,0.00068963,0.00038168,0.00019686,0.00111545,0.00012478,-0.00030322,0.00010502,12:49:13..872,,,,
12:49:13..933,38.93097672,-0.001775,-0.00012849,0.00068911,0.00038129,0.00019706,0.00111532,0.00012498,-0.0003029,0.00010458,12:49:13..979,,,,
12:49:14..035,38.77066053,-0.001775,-0.00012849,0.00068918,0.00038148,0.00019669,0.00111501,0.00012455,-0.0003031,0.00010448,12:49:14..035,,,,
12:49:14..069,38.86374735,-0.002017,-0.00012812,0.0006893,0.00038186,0.00019691,0.00111501,0.00012563,-0.00030325,0.00010441,12:49:14..079,,,,
12:49:14..185,38.84823288,-0.002017,-0.00012787,0.00068974,0.0003816,0.00019672,0.00111497,0.00012424,-0.00030302,0.00010504,12:49:14..185,,,,
12:49:14..219,38.81720394,-0.002187,-0.00012796,0.00068989,0.00038204,0.0001971,0.00111498,0.0001251,-0.00030268,0.00010467,12:49:14..229,,,,
12:49:14..343,38.86374735,-0.002187,-0.00012802,0.00068962,0.00038174,0.00019713,0.00111487,0.00012522,-0.00030265,0.00010455,12:49:14..341,,,,
12:49:14..374,38.87926182,-0.002474,-0.00012816,0.00069027,0.00038154,0.00019676,0.00111504,0.00012451,-0.0003029,0.00010469,12:49:14..385,,,,
12:49:14..437,38.85340437,-0.002451,-0.00012826,0.00069016,0.00038182,0.00019685,0.0011151,0.00012579,-0.00030286,0.00010487,12:49:14..483,,,,
12:49:14..529,38.91546225,-0.002459,-0.00012778,0.00069003,0.00038198,0.00019738,0.00111526,0.00012476,-0.00030213,0.00010514,12:49:14..529,,,,
12:49:14..564,38.9930346,-0.002422,-0.00012797,0.00069059,0.00038137,0.00019707,0.00111521,0.00012545,-0.00030278,0.00010466,12:49:14..576,,,,
12:49:14..693,39.00854907,-0.002422,-0.00012767,0.00069116,0.00038165,0.0001968,0.00111563,0.00012541,-0.00030245,0.00010456,12:49:14..693,,,,
12:49:14..726,39.15335079,-0.002307,-0.00012686,0.00069139,0.00038153,0.00019682,0.00111621,0.00012617,-0.00030305,0.00010495,12:49:14..737,,,,
12:49:14..833,39.12232185,-0.002307,-0.00012724,0.00069179,0.00038111,0.00019686,0.00111588,0.00012521,-0.00030234,0.00010488,12:49:14..831,,,,
12:49:14..865,39.12749334,-0.00218,-0.00012727,0.00069174,0.00038129,0.00019669,0.0011162,0.00012697,-0.00030275,0.00010425,12:49:14..873,,,,
12:49:14..928,39.23609463,-0.002099,-0.00012739,0.00069189,0.00038109,0.00019734,0.001116,0.00012553,-0.00030283,0.00010431,12:49:14..971,,,,
12:49:14..978,39.20506569,-0.002099,-0.00012687,0.00069148,0.00038185,0.00019681,0.00111633,0.00012694,-0.0003026,0.00010445,12:49:14..971,,,,
12:49:15..012,39.23609463,-0.002045,-0.00012697,0.00069185,0.00038133,0.00019667,0.00111597,0.00012712,-0.00030316,0.00010447,12:49:15..013,,,,
12:49:15..123,39.17920824,-0.002045,-0.0001276,0.0006918,0.00038129,0.00019672,0.00111634,0.00012554,-0.00030308,0.00010458,12:49:15..121,,,,
12:49:15..154,39.2516091,-0.00193,-0.00012706,0.00069243,0.00038155,0.00019716,0.00111676,0.00012661,-0.00030263,0.00010534,12:49:15..165,,,,
12:49:15..286,39.27746655,-0.00193,-0.00012649,0.00069195,0.00038146,0.00019753,0.0011168,0.0001269,-0.00030338,0.00010457,12:49:15..284,,,,
12:49:15..318,39.23609463,-0.001912,-0.00012666,0.00069269,0.00038146,0.00019692,0.00111677,0.00012744,-0.00030327,0.00010457,12:49:15..328,,,,
12:49:15..436,39.23609463,-0.001912,-0.00012688,0.00069247,0.00038102,0.00019672,0.00111612,0.00012567,-0.00030317,0.00010509,12:49:15..434,,,,
12:49:15..468,39.21540867,-0.001973,-0.00012683,0.00069208,0.00038128,0.00019722,0.00111726,0.00012739,-0.00030326,0.00010439,12:49:15..477,,,,
12:49:15..555,39.17403675,-0.001973,-0.00012743,0.00069266,0.00038137,0.00019692,0.00111625,0.00012586,-0.00030271,0.00010457,12:49:15..553,,,,
12:49:15..587,39.1481793,-0.002051,-0.0001274,0.00069286,0.00038151,0.00019716,0.00111643,0.00012567,-0.00030271,0.000105,12:49:15..596,,,,
12:49:15..703,39.13783632,-0.002051,-0.00012679,0.0006927,0.00038165,0.00019734,0.00111683,0.00012773,-0.00030236,0.00010416,12:49:15..701,,,,
12:49:15..736,39.12749334,-0.002122,-0.00012676,0.0006922,0.0003818,0.00019703,0.00111651,0.00012704,-0.00030285,0.00010449,12:49:15..745,,,,
12:49:15..840,39.07577844,-0.002122,-0.00012676,0.00069275,0.00038185,0.00019681,0.00111677,0.00012636,-0.00030266,0.00010486,12:49:15..838,,,,
12:49:15..872,39.06543546,-0.002104,-0.00012695,0.00069199,0.00038161,0.00019738,0.00111636,0.00012636,-0.00030245,0.00010473,12:49:15..881,,,,
12:49:15..980,39.11197887,-0.002104,-0.00012695,0.00069212,0.00038144,0.00019735,0.00111666,0.00012661,-0.00030251,0.00010473,12:49:15..978,,,,
12:49:16..012,39.01372056,-0.002185,-0.00012713,0.00069243,0.00038149,0.00019705,0.00111663,0.00012661,-0.00030241,0.00010489,12:49:16..021,,,,
12:49:16..116,39.06026397,-0.002185,-0.00012739,0.00069267,0.00038134,0.00019715,0.00111621,0.00012595,-0.00030268,0.00010508,12:49:16..114,,,,
12:49:16..148,38.9930346,-0.002242,-0.00012703,0.00069257,0.0003811,0.00019709,0.00111622,0.00012574,-0.00030293,0.00010554,12:49:16..158,,,,
12:49:16..204,39.01889205,-0.00222,-0.00012692,0.00069262,0.00038139,0.00019746,0.00111624,0.00012706,-0.00030302,0.00010446,12:49:16..259,,,,
12:49:16..306,38.98269162,-0.00222,-0.00012686,0.00069277,0.00038108,0.00019733,0.00111627,0.0001259,-0.00030237,0.00010503,12:49:16..305,,,,
12:49:16..338,39.04992099,-0.00228,-0.00012663,0.00069298,0.00038124,0.00019768,0.00111649,0.00012702,-0.00030263,0.00010524,12:49:16..348,,,,
12:49:16..454,39.06543546,-0.00228,-0.00012649,0.00069313,0.00038127,0.00019745,0.00111689,0.00012657,-0.00030237,0.00010485,12:49:16..451,,,,
12:49:16..484,39.03440652,-0.002241,-0.0001269,0.00069307,0.00038155,0.00019789,0.00111658,0.00012696,-0.0003026,0.00010495,12:49:16..496,,,,
12:49:16..616,39.02923503,-0.002241,-0.00012674,0.00069327,0.00038143,0.00019783,0.00111671,0.00012639,-0.00030249,0.00010502,12:49:16..613,,,,
12:49:16..648,39.0964644,-0.002251,-0.00012744,0.00069311,0.00038118,0.00019789,0.00111684,0.0001258,-0.00030317,0.00010492,12:49:16..656,,,,
12:49:16..762,39.10680738,-0.002251,-0.00012662,0.00069301,0.00038158,0.00019813,0.00111708,0.00012781,-0.00030265,0.00010502,12:49:16..760,,,,
12:49:16..793,39.07577844,-0.002331,-0.0001268,0.0006937,0.00038172,0.00019813,0.00111752,0.00012722,-0.00030285,0.0001049,12:49:16..760,,,,
12:49:16..841,39.13266483,-0.002346,-0.00012682,0.00069401,0.00038164,0.00019819,0.0011173,0.00012659,-0.00030227,0.00010492,12:49:16..873,,,,
12:49:16..933,39.12232185,-0.002346,-0.000127,0.00069363,0.00038189,0.00019834,0.00111728,0.0001272,-0.00030259,0.00010441,12:49:16..933,,,,
12:49:16..966,39.11197887,-0.002316,-0.0001268,0.0006936,0.00038203,0.00019821,0.00111686,0.00012764,-0.00030248,0.00010473,12:49:16..979,,,,
12:49:17..091,39.11197887,-0.002316,-0.00012697,0.00069427,0.0003819,0.00019805,0.00111708,0.00012691,-0.0003022,0.00010502,12:49:17..089,,,,
12:49:17..124,39.14300781,-0.002287,-0.00012692,0.00069366,0.00038206,0.00019829,0.00111776,0.00012777,-0.00030253,0.00010487,12:49:17..089,,,,
12:49:17..228,39.15335079,-0.002287,-0.00012687,0.00069404,0.00038231,0.00019777,0.00111724,0.00012665,-0.00030215,0.00010574,12:49:17..263,,,,
12:49:17..272,39.17403675,-0.002287,-0.00012652,0.00069356,0.00038219,0.0001981,0.00111702,0.00012793,-0.00030278,0.00010526,12:49:17..263,,,,
12:49:17..304,39.15852228,-0.002357,-0.00012599,0.00069429,0.00038216,0.00019837,0.00111732,0.00012716,-0.00030221,0.00010575,12:49:17..307,,,,
12:49:17..368,39.1481793,-0.002371,-0.00012648,0.00069416,0.00038203,0.000198,0.00111754,0.00012818,-0.00030213,0.00010577,12:49:17..367,,,,
12:49:17..426,39.11715036,-0.002371,-0.00012669,0.00069394,0.00038252,0.00019815,0.00111763,0.00012741,-0.00030206,0.00010558,12:49:17..424,,,,
12:49:17..458,39.15852228,-0.002463,-0.00012654,0.00069437,0.00038269,0.0001983,0.00111763,0.00012837,-0.00030285,0.00010499,12:49:17..467,,,,
12:49:17..507,39.1481793,-0.002527,-0.00012655,0.0006946,0.00038238,0.00019865,0.00111749,0.00012668,-0.00030226,0.00010533,12:49:17..510,,,,
12:49:17..585,39.06026397,-0.002527,-0.00012695,0.00069425,0.00038237,0.00019796,0.0011174,0.00012778,-0.00030259,0.00010507,12:49:17..510,,,,
12:49:17..619,39.06026397,-0.002527,-0.00012691,0.00069424,0.0003821,0.00019845,0.00111742,0.00012661,-0.00030243,0.00010528,12:49:17..586,,,,
12:49:17..653,39.11715036,-0.002509,-0.00012628,0.0006942,0.00038229,0.0001985,0.00111747,0.00012776,-0.00030262,0.00010498,12:49:17..711,,,,
12:49:17..715,39.1481793,-0.002519,-0.00012661,0.00069456,0.00038243,0.00019842,0.00111765,0.00012698,-0.00030223,0.00010568,12:49:17..755,,,,
12:49:17..766,39.08612142,-0.002519,-0.00012688,0.00069374,0.00038235,0.00019822,0.00111769,0.00012773,-0.00030249,0.00010501,12:49:17..755,,,,
12:49:17..801,39.05509248,-0.002467,-0.00012654,0.00069421,0.00038282,0.00019837,0.00111786,0.00012829,-0.00030202,0.00010521,12:49:17..846,,,,
12:49:17..851,39.11715036,-0.002407,-0.0001274,0.00069444,0.00038233,0.00019856,0.00111737,0.0001266,-0.00030253,0.00010504,12:49:17..890,,,,
12:49:17..908,39.09129291,-0.002407,-0.00012647,0.00069456,0.00038212,0.00019855,0.00111767,0.00012849,-0.00030246,0.00010491,12:49:17..890,,,,
12:49:17..941,39.11197887,-0.002349,-0.00012631,0.0006947,0.00038269,0.00019852,0.00111754,0.00012708,-0.00030197,0.00010556,12:49:17..978,,,,
12:49:17..984,39.07060695,-0.002335,-0.0001262,0.00069384,0.00038218,0.00019818,0.00111787,0.0001287,-0.00030258,0.00010502,12:49:18..020,,,,
12:49:18..036,39.0447495,-0.002335,-0.00012688,0.00069451,0.00038199,0.00019831,0.0011176,0.00012644,-0.00030238,0.0001052,12:49:18..020,,,,
12:49:18..070,39.05509248,-0.002289,-0.00012632,0.00069417,0.00038218,0.00019833,0.00111804,0.0001283,-0.00030246,0.0001053,12:49:18..107,,,,
12:49:18..121,39.10163589,-0.00223,-0.00012676,0.00069456,0.00038167,0.00019812,0.00111751,0.00012678,-0.00030156,0.00010531,12:49:18..174,,,,
12:49:18..185,39.06543546,-0.00223,-0.00012723,0.00069439,0.0003822,0.00019816,0.00111714,0.00012782,-0.00030226,0.00010498,12:49:18..174,,,,
12:49:18..219,39.08612142,-0.002174,-0.0001265,0.00069451,0.00038211,0.00019846,0.00111792,0.00012768,-0.00030167,0.00010483,12:49:18..216,,,,
12:49:18..252,39.06543546,-0.002174,-0.00012706,0.00069462,0.00038209,0.00019784,0.00111757,0.00012691,-0.00030193,0.00010536,12:49:18..216,,,,
12:49:18..286,39.12749334,-0.002134,-0.00012644,0.00069441,0.00038254,0.00019846,0.00111788,0.00012863,-0.0003025,0.00010519,12:49:18..328,,,,
12:49:18..338,39.02406354,-0.002177,-0.0001265,0.00069472,0.00038239,0.00019877,0.0011173,0.00012724,-0.00030182,0.00010542,12:49:18..399,,,,
12:49:18..446,39.09129291,-0.002177,-0.00012595,0.00069455,0.00038244,0.00019839,0.00111818,0.0001284,-0.00030213,0.00010533,12:49:18..399,,,,
12:49:18..482,39.11197887,-0.002206,-0.00012631,0.0006947,0.00038223,0.00019849,0.00111762,0.00012813,-0.00030267,0.00010537,12:49:18..493,,,,
12:49:18..605,39.05509248,-0.002206,-0.00012681,0.00069502,0.0003821,0.00019827,0.00111784,0.00012729,-0.00030215,0.00010523,12:49:18..605,,,,
12:49:18..639,39.08094993,-0.002165,-0.00012697,0.00069539,0.0003821,0.00019825,0.00111784,0.00012707,-0.00030189,0.00010541,12:49:18..605,,,,
12:49:18..719,39.07577844,-0.002165,-0.00012668,0.00069451,0.00038185,0.00019811,0.00111818,0.00012849,-0.00030253,0.00010506,12:49:18..768,,,,
12:49:18..773,39.0447495,-0.002165,-0.00012678,0.00069493,0.00038238,0.00019849,0.00111808,0.00012667,-0.00030189,0.00010528,12:49:18..768,,,,
12:49:18..806,39.0964644,-0.002186,-0.00012658,0.00069461,0.00038226,0.00019798,0.00111757,0.00012839,-0.00030239,0.00010516,12:49:18..811,,,,
12:49:18..916,39.0964644,-0.002186,-0.00012655,0.00069551,0.00038212,0.00019821,0.00111757,0.00012741,-0.00030207,0.00010546,12:49:18..912,,,,
12:49:18..947,39.11197887,-0.002159,-0.00012658,0.00069523,0.00038214,0.00019809,0.00111821,0.00012775,-0.00030185,0.00010551,12:49:18..956,,,,
12:49:19..018,39.07577844,-0.002159,-0.00012619,0.0006949,0.00038214,0.00019814,0.0011181,0.00012794,-0.00030215,0.00010524,12:49:19..016,,,,
12:49:19..055,39.13266483,-0.002108,-0.0001261,0.00069524,0.0003818,0.00019825,0.00111799,0.00012753,-0.00030196,0.00010523,12:49:19..062,,,,
12:49:19..106,39.10680738,-0.002108,-0.00012642,0.00069498,0.00038158,0.00019803,0.00111804,0.00012822,-0.00030227,0.00010569,12:49:19..107,,,,
12:49:19..139,39.10680738,-0.002069,-0.00012634,0.00069467,0.00038158,0.00019839,0.00111771,0.00012863,-0.0003018,0.0001055,12:49:19..152,,,,
12:49:19..180,39.08094993,-0.002038,-0.00012672,0.0006951,0.00038163,0.00019832,0.00111814,0.00012738,-0.000302,0.00010569,12:49:19..238,,,,
12:49:19..293,39.11715036,-0.002038,-0.00012627,0.00069442,0.00038189,0.00019831,0.00111824,0.00012868,-0.00030258,0.00010523,12:49:19..290,,,,
12:49:19..324,39.11197887,-0.002038,-0.00012677,0.00069503,0.00038183,0.00019822,0.0011177,0.00012749,-0.00030203,0.00010567,12:49:19..290,,,,
12:49:19..359,39.09129291,-0.002258,-0.000127,0.00069512,0.00038163,0.00019845,0.00111786,0.00012724,-0.00030179,0.00010553,12:49:19..383,,,,
12:49:19..432,39.14300781,-0.002258,-0.00012642,0.00069506,0.00038199,0.00019827,0.00111789,0.00012889,-0.00030227,0.00010509,12:49:19..431,,,,
12:49:19..464,39.10163589,-0.002361,-0.00012637,0.00069463,0.00038154,0.00019852,0.00111811,0.00012851,-0.00030196,0.00010498,12:49:19..473,,,,
12:49:19..514,39.11715036,-0.002599,-0.0001262,0.00069499,0.00038141,0.00019813,0.00111842,0.00012741,-0.00030191,0.00010543,12:49:19..516,,,,
12:49:19..564,39.11715036,-0.002599,-0.00012651,0.00069495,0.00038172,0.00019833,0.00111835,0.00012915,-0.00030206,0.00010551,12:49:19..516,,,,
12:49:19..599,39.07060695,-0.002736,-0.00012635,0.0006948,0.00038197,0.00019839,0.00111825,0.00012911,-0.00030196,0.00010536,12:49:19..616,,,,
12:49:19..673,39.08612142,-0.002736,-0.0001264,0.00069511,0.00038187,0.00019825,0.00111791,0.00012762,-0.00030171,0.00010507,12:49:19..725,,,,
12:49:19..735,39.08612142,-0.002747,-0.00012615,0.00069518,0.00038195,0.00019834,0.00111818,0.00012866,-0.00030185,0.00010517,12:49:19..769,,,,
12:49:19..771,39.12232185,-0.002747,-0.00012716,0.00069505,0.0003818,0.00019818,0.00111811,0.00012747,-0.00030179,0.00010557,12:49:19..769,,,,
12:49:19..806,39.05509248,-0.002699,-0.00012609,0.00069464,0.00038234,0.0001981,0.00111832,0.00012887,-0.00030226,0.00010516,12:49:19..813,,,,
12:49:19..844,39.10680738,-0.002656,-0.00012675,0.00069519,0.00038171,0.00019776,0.00111794,0.0001273,-0.00030175,0.00010525,12:49:19..893,,,,
12:49:19..902,39.0964644,-0.002656,-0.00012594,0.00069523,0.000382,0.0001988,0.00111828,0.00012902,-0.0003021,0.00010501,12:49:19..893,,,,
12:49:19..936,39.02923503,-0.002501,-0.0001262,0.00069568,0.00038177,0.00019849,0.00111809,0.00012766,-0.00030165,0.00010567,12:49:19..985,,,,
12:49:20..032,39.12232185,-0.002501,-0.00012624,0.00069519,0.00038212,0.00019824,0.00111806,0.00012913,-0.00030197,0.00010507,12:49:19..985,,,,
12:49:20..063,39.05509248,-0.002493,-0.00012624,0.00069522,0.00038203,0.00019803,0.00111773,0.00012895,-0.00030214,0.00010515,12:49:20..075,,,,
12:49:20..124,39.06026397,-0.002493,-0.00012635,0.00069548,0.00038189,0.00019802,0.00111788,0.0001277,-0.00030157,0.00010558,12:49:20..121,,,,
12:49:20..156,39.0964644,-0.00251,-0.00012636,0.00069561,0.00038187,0.00019819,0.00111808,0.00012854,-0.00030232,0.00010471,12:49:20..167,,,,
12:49:20..250,39.07060695,-0.00251,-0.0001266,0.00069604,0.00038215,0.00019826,0.00111818,0.00012762,-0.00030189,0.00010513,12:49:20..248,,,,
12:49:20..281,39.06543546,-0.00251,-0.00012613,0.00069546,0.00038198,0.00019819,0.00111868,0.00012894,-0.00030205,0.00010463,12:49:20..248,,,,
12:49:20..314,39.07060695,-0.002362,-0.0001262,0.00069525,0.00038133,0.00019822,0.00111778,0.00012887,-0.00030199,0.0001054,12:49:20..366,,,,
12:49:20..427,39.03957801,-0.002362,-0.00012619,0.00069564,0.00038148,0.00019809,0.00111809,0.00012783,-0.00030182,0.00010562,12:49:20..425,,,,
12:49:20..459,39.06026397,-0.002373,-0.00012591,0.00069527,0.00038164,0.00019798,0.00111835,0.0001285,-0.00030138,0.0001054,12:49:20..468,,,,
12:49:20..514,39.11197887,-0.002258,-0.00012626,0.00069573,0.00038145,0.00019865,0.00111813,0.00012841,-0.00030164,0.00010532,12:49:20..562,,,,
12:49:20..601,39.04992099,-0.002258,-0.00012572,0.00069525,0.00038174,0.00019843,0.00111793,0.00012873,-0.00030212,0.00010557,12:49:20..562,,,,
12:49:20..634,39.0447495,-0.002227,-0.00012595,0.00069603,0.00038162,0.0001988,0.00111856,0.00012797,-0.00030132,0.00010566,12:49:20..606,,,,
12:49:20..668,39.16369377,-0.002167,-0.00012632,0.00069581,0.00038164,0.00019817,0.00111806,0.00012737,-0.00030155,0.00010568,12:49:20..691,,,,
12:49:20..732,39.0964644,-0.002167,-0.00012571,0.00069524,0.00038202,0.00019802,0.00111858,0.00012928,-0.000302,0.00010551,12:49:20..691,,,,
12:49:20..765,39.13783632,-0.002126,-0.00012582,0.00069516,0.00038164,0.00019787,0.001118,0.0001289,-0.00030171,0.00010565,12:49:20..785,,,,
12:49:20..853,39.02923503,-0.002126,-0.00012631,0.00069599,0.0003816,0.00019819,0.00111839,0.00012757,-0.00030165,0.00010531,12:49:20..853,,,,
12:49:20..887,39.13783632,-0.002143,-0.00012597,0.00069605,0.00038187,0.00019844,0.00111798,0.00012773,-0.00030132,0.00010593,12:49:20..896,,,,
12:49:20..980,39.08612142,-0.002143,-0.00012575,0.00069572,0.00038156,0.00019833,0.00111857,0.00012915,-0.00030151,0.00010561,12:49:20..983,,,,
12:49:21..012,39.11715036,-0.002143,-0.00012584,0.00069544,0.00038159,0.00019837,0.00111842,0.0001291,-0.00030167,0.00010508,12:49:20..983,,,,
12:49:21..046,39.15335079,-0.002098,-0.00012551,0.0006954,0.00038208,0.00019817,0.0011182,0.00012844,-0.00030178,0.0001052,12:49:21..070,,,,
12:49:21..114,39.07577844,-0.002071,-0.000126,0.00069568,0.00038181,0.00019824,0.00111802,0.00012861,-0.00030165,0.00010554,12:49:21..141,,,,
12:49:21..149,39.09129291,-0.002071,-0.00012593,0.00069556,0.0003818,0.0001982,0.0011189,0.00012853,-0.00030153,0.00010541,12:49:21..141,,,,
12:49:21..183,39.11197887,-0.00206,-0.00012609,0.000696,0.00038175,0.00019817,0.00111858,0.00012866,-0.00030161,0.00010507,12:49:21..183,,,,
12:49:21..229,39.12749334,-0.002068,-0.00012611,0.00069569,0.00038159,0.0001983,0.0011183,0.0001285,-0.0003016,0.00010506,12:49:21..229,,,,
12:49:21..278,39.04992099,-0.002068,-0.00012596,0.00069567,0.00038141,0.00019848,0.00111784,0.00012837,-0.00030217,0.00010484,12:49:21..229,,,,
12:49:21..312,39.10680738,-0.002091,-0.00012581,0.00069604,0.00038189,0.00019835,0.00111874,0.00012889,-0.00030146,0.00010582,12:49:21..329,,,,
12:49:21..364,39.07060695,-0.002156,-0.00012585,0.0006962,0.00038166,0.00019844,0.00111852,0.00012907,-0.00030238,0.00010503,12:49:21..374,,,,
12:49:21..421,39.08612142,-0.002156,-0.00012611,0.00069599,0.00038139,0.00019856,0.0011187,0.00012826,-0.00030205,0.0001052,12:49:21..461,,,,
12:49:21..468,39.08094993,-0.002156,-0.00012615,0.0006958,0.00038175,0.00019839,0.00111838,0.00012874,-0.00030166,0.00010528,12:49:21..461,,,,
12:49:21..502,39.10680738,-0.002223,-0.0001257,0.00069574,0.00038173,0.00019817,0.00111879,0.00012918,-0.00030151,0.00010514,12:49:21..504,,,,
12:49:21..535,39.09129291,-0.002223,-0.00012545,0.00069623,0.0003817,0.00019873,0.00111849,0.00012874,-0.0003015,0.00010523,12:49:21..547,,,,
12:49:21..586,39.0964644,-0.002198,-0.00012564,0.00069609,0.00038226,0.00019859,0.00111893,0.00012865,-0.00030147,0.00010553,12:49:21..633,,,,
12:49:21..651,39.06543546,-0.002198,-0.00012558,0.00069623,0.00038194,0.00019845,0.00111906,0.00012804,-0.00030126,0.00010525,12:49:21..633,,,,
12:49:21..683,39.09129291,-0.002295,-0.00012563,0.00069641,0.00038197,0.00019836,0.00111882,0.00012837,-0.00030108,0.0001054,12:49:21..718,,,,
12:49:21..732,39.03957801,-0.00232,-0.00012568,0.00069568,0.00038179,0.0001985,0.00111872,0.00012905,-0.00030137,0.0001055,12:49:21..783,,,,
12:49:21..790,39.11197887,-0.002327,-0.00012617,0.00069578,0.00038137,0.00019816,0.00111866,0.00012805,-0.00030134,0.0001053,12:49:21..831,,,,
12:49:21..847,39.10163589,-0.002369,-0.00012533,0.00069561,0.00038214,0.00019841,0.00111936,0.00012926,-0.00030193,0.0001053,12:49:21..890,,,,
12:49:21..897,39.05509248,-0.002369,-0.00012567,0.0006962,0.00038184,0.00019859,0.00111867,0.00012806,-0.00030145,0.0001053,12:49:21..890,,,,
12:49:21..932,39.08094993,-0.002421,-0.00012591,0.00069659,0.0003821,0.00019861,0.0011184,0.00012779,-0.00030143,0.00010497,12:49:21..933,,,,
12:49:21..966,39.10163589,-0.002568,-0.00012635,0.00069571,0.00038196,0.00019901,0.00111883,0.00012933,-0.00030151,0.00010498,12:49:21..977,,,,
12:49:22..061,39.11197887,-0.002568,-0.00012643,0.00069551,0.00038162,0.00019851,0.00111852,0.00012778,-0.00030129,0.00010534,12:49:22..059,,,,
12:49:22..092,39.05509248,-0.002568,-0.0001257,0.00069672,0.00038147,0.00019808,0.00111862,0.00012841,-0.00030129,0.00010509,12:49:22..059,,,,
12:49:22..127,39.08612142,-0.002566,-0.00012547,0.00069635,0.0003821,0.00019876,0.00111895,0.00012892,-0.00030122,0.00010502,12:49:22..164,,,,
12:49:22..173,39.06026397,-0.002494,-0.00012604,0.00069633,0.00038146,0.00019846,0.00111871,0.0001286,-0.00030133,0.00010515,12:49:22..215,,,,
12:49:22..229,39.12749334,-0.002494,-0.00012548,0.00069673,0.00038139,0.00019823,0.00111866,0.00012868,-0.00030137,0.00010511,12:49:22..215,,,,
12:49:22..262,39.08612142,-0.002476,-0.00012603,0.00069657,0.00038148,0.00019865,0.00111873,0.00012841,-0.00030103,0.00010499,12:49:22..299,,,,
12:49:22..395,39.11715036,-0.002476,-0.00012568,0.00069667,0.0003817,0.00019842,0.00111905,0.00012947,-0.00030188,0.00010547,12:49:22..394,,,,
12:49:22..427,39.09129291,-0.002374,-0.0001258,0.00069636,0.00038158,0.00019811,0.00111858,0.00012798,-0.00030079,0.00010479,12:49:22..436,,,,
12:49:22..495,39.08612142,-0.002374,-0.00012583,0.00069614,0.00038162,0.00019812,0.00111899,0.00012967,-0.00030144,0.00010532,12:49:22..537,,,,
12:49:22..545,39.11197887,-0.002374,-0.00012586,0.00069656,0.00038174,0.00019846,0.00111847,0.00012794,-0.0003012,0.00010488,12:49:22..537,,,,
12:49:22..580,39.11715036,-0.002102,-0.00012586,0.0006964,0.0003818,0.00019869,0.00111897,0.00012929,-0.00030089,0.00010446,12:49:22..581,,,,
12:49:22..628,39.15335079,-0.00199,-0.00012583,0.00069665,0.00038186,0.0001988,0.00111879,0.00012843,-0.00030099,0.00010493,12:49:22..680,,,,
12:49:22..732,39.10163589,-0.00199,-0.00012524,0.00069672,0.00038181,0.00019859,0.00111878,0.00012937,-0.00030149,0.00010518,12:49:22..731,,,,
12:49:22..764,39.09129291,-0.002029,-0.00012582,0.00069649,0.00038131,0.00019864,0.00111853,0.00012821,-0.00030071,0.00010513,12:49:22..775,,,,
12:49:22..878,39.10163589,-0.002029,-0.00012537,0.00069677,0.00038199,0.00019868,0.00111954,0.00013022,-0.00030109,0.00010465,12:49:22..876,,,,
12:49:22..911,39.11197887,-0.002035,-0.00012565,0.00069704,0.00038129,0.0001982,0.00111906,0.00012824,-0.00030099,0.00010503,12:49:22..920,,,,
12:49:22..968,39.03440652,-0.002018,-0.00012591,0.00069691,0.00038186,0.00019829,0.00111933,0.00012989,-0.00030135,0.00010493,12:49:23..023,,,,
12:49:23..040,39.06026397,-0.002018,-0.00012581,0.00069688,0.00038142,0.00019809,0.00111927,0.00012834,-0.00030086,0.00010516,12:49:23..023,,,,
12:49:23..074,39.10680738,-0.001935,-0.0001256,0.00069584,0.00038111,0.0001982,0.00111886,0.00012898,-0.00030142,0.00010449,12:49:23..109,,,,
12:49:23..208,39.04992099,-0.001935,-0.00012582,0.00069674,0.00038152,0.00019863,0.0011192,0.00012902,-0.00030109,0.0001051,12:49:23..208,,,,
12:49:23..241,39.10680738,-0.001899,-0.00012563,0.00069706,0.00038126,0.00019793,0.00111937,0.0001299,-0.00030128,0.00010518,12:49:23..253,,,,
12:49:23..308,39.07577844,-0.001878,-0.00012556,0.00069758,0.00038106,0.00019843,0.00111907,0.00012836,-0.00030118,0.00010448,12:49:23..349,,,,
12:49:23..368,39.10680738,-0.001855,-0.00012613,0.00069624,0.00038117,0.0001981,0.00111895,0.00012997,-0.00030134,0.00010455,12:49:23..407,,,,
12:49:23..427,39.13266483,-0.001855,-0.0001258,0.0006968,0.00038111,0.00019812,0.00111886,0.0001284,-0.00030119,0.00010495,12:49:23..407,,,,
12:49:23..461,39.05509248,-0.001884,-0.00012556,0.000697,0.00038105,0.00019833,0.00111896,0.00012959,-0.00030133,0.00010488,12:49:23..496,,,,
12:49:23..575,39.10163589,-0.001884,-0.00012561,0.00069746,0.00038106,0.00019801,0.00111923,0.00012839,-0.00030117,0.0001053,12:49:23..574,,,,
12:49:23..608,39.12749334,-0.001816,-0.00012571,0.00069633,0.00038159,0.00019848,0.00111944,0.00012976,-0.00030163,0.00010473,12:49:23..617,,,,
12:49:23..738,39.07577844,-0.001816,-0.00012579,0.00069693,0.00038074,0.00019792,0.00111875,0.00012838,-0.00030112,0.00010506,12:49:23..736,,,,
12:49:23..770,39.07577844,-0.001798,-0.00012597,0.00069677,0.00038141,0.00019863,0.00111927,0.00012898,-0.00030105,0.00010447,12:49:23..736,,,,
12:49:23..845,39.0447495,-0.001798,-0.00012645,0.00069672,0.00038093,0.00019839,0.0011191,0.00012954,-0.00030098,0.00010462,12:49:23..874,,,,
12:49:23..882,39.09129291,-0.001798,-0.00012576,0.00069678,0.00038113,0.00019833,0.0011194,0.00012951,-0.00030063,0.00010512,12:49:23..874,,,,
12:49:23..915,39.08094993,-0.001739,-0.00012565,0.00069755,0.00038151,0.00019833,0.00111932,0.00012912,-0.00030094,0.0001051,12:49:23..917,,,,
12:49:24..040,39.10163589,-0.001739,-0.00012553,0.00069668,0.0003811,0.00019791,0.0011192,0.00012956,-0.00030112,0.0001045,12:49:24..038,,,,
12:49:24..072,39.06026397,-0.001795,-0.00012584,0.00069672,0.00038119,0.00019805,0.00111919,0.00012996,-0.00030113,0.00010505,12:49:24..083,,,,
12:49:24..160,39.09129291,-0.001795,-0.00012568,0.00069742,0.00038079,0.00019816,0.00111919,0.00012851,-0.00030092,0.00010513,12:49:24..159,,,,
12:49:24..196,39.10680738,-0.001709,-0.00012574,0.00069712,0.00038072,0.00019817,0.00111957,0.00013031,-0.00030157,0.00010437,12:49:24..203,,,,
12:49:24..242,39.07577844,-0.001676,-0.00012614,0.00069746,0.0003809,0.00019793,0.00111942,0.00012878,-0.0003006,0.00010489,12:49:24..247,,,,
12:49:24..291,39.03957801,-0.001661,-0.00012586,0.00069678,0.00038103,0.00019812,0.00111866,0.00012956,-0.00030108,0.00010459,12:49:24..330,,,,
12:49:24..340,39.06543546,-0.001661,-0.00012616,0.0006977,0.00038082,0.00019823,0.00111904,0.00012906,-0.00030076,0.00010497,12:49:24..330,,,,
12:49:24..373,39.0964644,-0.001728,-0.00012581,0.00069718,0.0003807,0.00019813,0.00111914,0.0001294,-0.00030103,0.0001051,12:49:24..374,,,,
12:49:24..436,39.13266483,-0.00177,-0.0001263,0.00069738,0.00038065,0.00019772,0.00111926,0.00012894,-0.00030074,0.00010437,12:49:24..481,,,,
12:49:24..538,39.09129291,-0.00177,-0.00012611,0.00069748,0.000381,0.00019819,0.00111933,0.00012945,-0.00030098,0.00010451,12:49:24..538,,,,
12:49:24..571,39.07060695,-0.001829,-0.00012605,0.00069768,0.0003806,0.00019848,0.00111928,0.00012946,-0.0003007,0.00010455,12:49:24..581,,,,
12:49:24..674,39.11715036,-0.001829,-0.0001258,0.00069757,0.00038099,0.00019814,0.0011193,0.0001289,-0.00030034,0.00010502,12:49:24..672,,,,
12:49:24..708,39.12232185,-0.002172,-0.00012577,0.00069714,0.00038105,0.00019802,0.00111958,0.00012983,-0.00030101,0.00010462,12:49:24..716,,,,
12:49:24..826,39.07577844,-0.002172,-0.00012618,0.00069696,0.00038047,0.00019784,0.00111922,0.00012906,-0.00030084,0.00010473,12:49:24..826,,,,
12:49:24..860,39.15335079,-0.00243,-0.00012577,0.0006971,0.00038081,0.00019787,0.00111916,0.00012892,-0.00030084,0.00010485,12:49:24..869,,,,
12:49:25..002,39.08612142,-0.00243,-0.00012565,0.00069681,0.00038123,0.00019835,0.00111953,0.00012982,-0.00030065,0.00010491,12:49:25..000,,,,
12:49:25..033,39.08612142,-0.002649,-0.00012604,0.0006974,0.00038044,0.00019788,0.00111921,0.00012858,-0.00030085,0.00010498,12:49:25..047,,,,
12:49:25..095,39.12232185,-0.00273,-0.00012554,0.00069727,0.00038077,0.00019812,0.00111913,0.00012999,-0.0003008,0.0001051,12:49:25..136,,,,
12:49:25..184,39.14300781,-0.00273,-0.00012553,0.00069764,0.00038074,0.00019817,0.00111915,0.00012852,-0.00030109,0.00010523,12:49:25..183,,,,
12:49:25..216,39.10680738,-0.002786,-0.00012549,0.00069724,0.00038051,0.0001979,0.00111942,0.00012974,-0.00030152,0.00010488,12:49:25..229,,,,
12:49:25..272,39.0964644,-0.002792,-0.00012609,0.00069734,0.00038038,0.00019794,0.00111971,0.00012933,-0.00030057,0.00010477,12:49:25..272,,,,
12:49:25..328,39.08612142,-0.002792,-0.00012586,0.00069682,0.00038072,0.00019808,0.00111973,0.00012981,-0.00030118,0.00010467,12:49:25..272,,,,
12:49:25..360,39.02923503,-0.002733,-0.00012602,0.00069731,0.00038054,0.00019831,0.00111928,0.00012861,-0.00030028,0.00010497,12:49:25..377,,,,
12:49:25..431,39.04992099,-0.002678,-0.00012628,0.00069734,0.00038058,0.00019817,0.0011193,0.00013022,-0.00030075,0.00010493,12:49:25..493,,,,
12:49:25..515,39.13266483,-0.002678,-0.00012631,0.00069744,0.00038052,0.00019803,0.00111914,0.00012865,-0.00030079,0.00010476,12:49:25..493,,,,
12:49:25..550,39.08612142,-0.002531,-0.00012606,0.00069749,0.00038034,0.00019821,0.00111946,0.00012968,-0.00030095,0.00010498,12:49:25..583,,,,
12:49:25..688,39.15335079,-0.002531,-0.00012543,0.00069723,0.00038065,0.00019847,0.00111953,0.00012905,-0.00030127,0.00010482,12:49:25..686,,,,
12:49:25..721,37.18818459,-0.002461,-0.00012566,0.00069687,0.00038062,0.00019829,0.0011195,0.00013025,-0.00030077,0.00010448,12:49:25..731,,,,
12:49:25..848,37.56053187,-0.002461,-0.00012613,0.00069732,0.00038091,0.00019796,0.00111917,0.00012814,-0.00030034,0.00010498,12:49:25..846,,,,
12:49:25..880,38.97752013,-0.003093,-0.00012708,0.00069561,0.00038144,0.00019822,0.00111882,0.00012816,-0.00030062,0.00010553,12:49:25..889,,,,
12:49:26..000,38.39831325,-0.003093,-0.00012694,0.00069578,0.00038146,0.00019823,0.00111867,0.00012748,-0.00030002,0.00010547,12:49:25..997,,,,
12:49:26..031,38.22765408,-0.003425,-0.00012675,0.00069533,0.00038162,0.00019816,0.00111844,0.00012711,-0.00030015,0.0001061,12:49:26..042,,,,
12:49:26..135,38.4758856,-0.003425,-0.00012718,0.00069497,0.00038144,0.00019804,0.00111808,0.00012697,-0.00029979,0.00010544,12:49:26..133,,,,
12:49:26..168,37.77256296,-0.003612,-0.00012782,0.00069348,0.00038192,0.00019782,0.00111793,0.00012696,-0.00029949,0.00010576,12:49:26..177,,,,
12:49:26..279,37.87599276,-0.003612,-0.00012773,0.00069434,0.00038175,0.00019822,0.00111806,0.00012571,-0.00029948,0.00010567,12:49:26..277,,,,
12:49:26..310,37.13646969,-0.003898,-0.00012825,0.00069342,0.00038221,0.00019841,0.00111776,0.00012704,-0.0002996,0.00010592,12:49:26..320,,,,
12:49:26..381,37.57604634,-0.003898,-0.00012845,0.00069372,0.00038222,0.0001983,0.0011175,0.00012561,-0.00029919,0.00010628,12:49:26..379,,,,
12:49:26..414,37.26575694,-0.003985,-0.00012828,0.00069297,0.00038213,0.00019786,0.00111784,0.00012661,-0.00029913,0.00010595,12:49:26..379,,,,
12:49:26..447,36.74860794,-0.003985,-0.00012843,0.00069245,0.0003826,0.00019815,0.00111759,0.00012637,-0.00029941,0.00010655,12:49:26..425,,,,
12:49:26..479,36.82618029,-0.004319,-0.00012854,0.00069239,0.00038273,0.00019863,0.00111739,0.00012464,-0.0002991,0.00010667,12:49:26..517,,,,
12:49:26..578,37.10544075,-0.004319,-0.00012805,0.00069278,0.00038287,0.00019851,0.00111757,0.00012514,-0.000299,0.00010671,12:49:26..576,,,,
12:49:26..610,36.54691983,-0.004603,-0.00012905,0.00069134,0.0003833,0.0001987,0.00111647,0.00012439,-0.0002991,0.00010681,12:49:26..619,,,,
12:49:26..729,36.65552112,-0.004603,-0.00012931,0.00069172,0.00038316,0.00019884,0.00111708,0.00012449,-0.0002987,0.00010659,12:49:26..727,,,,
12:49:26..762,36.31937427,-0.004911,-0.0001291,0.00069129,0.00038349,0.00019855,0.00111628,0.00012318,-0.00029843,0.00010666,12:49:26..727,,,,
12:49:26..846,36.05562828,-0.005087,-0.0001295,0.00069114,0.00038383,0.00019855,0.00111673,0.00012431,-0.00029903,0.00010678,12:49:26..901,,,,
12:49:26..908,36.49003344,-0.005087,-0.00012942,0.00069153,0.00038332,0.00019907,0.00111705,0.00012288,-0.00029858,0.00010735,12:49:26..901,,,,
12:49:26..941,35.89531209,-0.005136,-0.00012946,0.00069076,0.00038384,0.00019893,0.00111658,0.00012344,-0.00029854,0.00010697,12:49:26..942,,,,
12:49:26..974,35.87462613,-0.005252,-0.00012997,0.00068978,0.00038374,0.00019845,0.00111626,0.00012321,-0.00029808,0.0001076,12:49:26..987,,,,
12:49:27..037,36.06597126,-0.005275,-0.00012951,0.00069045,0.00038361,0.00019893,0.00111621,0.00012267,-0.00029809,0.00010738,12:49:27..088,,,,
12:49:27..099,35.92116954,-0.005275,-0.00012998,0.00069016,0.00038362,0.00019882,0.0011166,0.00012262,-0.00029804,0.00010735,12:49:27..088,,,,
12:49:27..133,35.49193587,-0.005333,-0.0001303,0.00068972,0.000384,0.00019827,0.00111595,0.00012245,-0.00029825,0.00010708,12:49:27..130,,,,
12:49:27..167,35.75568186,-0.005403,-0.0001296,0.00068927,0.00038426,0.00019846,0.0011157,0.00012298,-0.00029803,0.00010753,12:49:27..174,,,,
12:49:27..253,35.93668401,-0.005594,-0.00013046,0.00068963,0.00038398,0.00019899,0.00111592,0.00012134,-0.00029801,0.00010774,12:49:27..319,,,,
12:49:27..326,35.19716094,-0.005594,-0.00013016,0.00068907,0.00038405,0.000199,0.00111589,0.00012232,-0.00029804,0.00010772,12:49:27..319,,,,
12:49:27..360,35.6315661,-0.005755,-0.00013028,0.00068946,0.00038409,0.00019877,0.001116,0.00012087,-0.00029773,0.00010819,12:49:27..361,,,,
12:49:27..412,35.35747713,-0.005755,-0.00013046,0.00068894,0.00038464,0.00019883,0.00111559,0.00012246,-0.00029784,0.00010758,12:49:27..417,,,,
12:49:27..453,34.93858644,-0.005755,-0.00013111,0.00068896,0.00038424,0.00019886,0.00111553,0.0001207,-0.00029725,0.00010786,12:49:27..417,,,,
12:49:27..489,35.18164647,-0.00586,-0.00013109,0.00068842,0.00038463,0.00019874,0.00111471,0.00011975,-0.00029714,0.00010838,12:49:27..507,,,,
12:49:27..556,35.31093372,-0.005847,-0.00013065,0.00068796,0.00038448,0.00019901,0.00111512,0.00012173,-0.00029739,0.00010794,12:49:27..555,,,,
12:49:27..630,34.74206982,-0.005847,-0.00013092,0.0006887,0.00038487,0.00019905,0.00111512,0.00011995,-0.00029688,0.00010839,12:49:27..599,,,,
12:49:27..662,35.01615879,-0.005884,-0.00013129,0.00068705,0.00038475,0.00019904,0.00111485,0.00012029,-0.00029716,0.00010882,12:49:27..643,,,,
12:49:27..696,34.95410091,-0.006119,-0.00013104,0.00068746,0.00038505,0.00019903,0.0011148,0.00012062,-0.00029729,0.00010854,12:49:27..751,,,,
12:49:27..816,34.648983,-0.006119,-0.00013169,0.00068756,0.00038517,0.00019896,0.00111441,0.00011958,-0.00029684,0.00010817,12:49:27..815,,,,
12:49:27..849,34.75758429,-0.006119,-0.00013163,0.0006873,0.00038526,0.00019891,0.00111445,0.00011833,-0.00029668,0.00010901,12:49:27..815,,,,
12:49:27..883,34.52486724,-0.006156,-0.00013196,0.00068737,0.00038549,0.00019889,0.0011145,0.00011939,-0.00029693,0.0001086,12:49:27..858,,,,
12:49:27..916,34.24560678,-0.006272,-0.00013195,0.00068642,0.00038516,0.00019942,0.00111392,0.0001191,-0.00029665,0.00010834,12:49:27..946,,,,
12:49:27..983,34.21974933,-0.006272,-0.00013171,0.00068611,0.00038566,0.00019888,0.00111454,0.00011909,-0.00029691,0.00010888,12:49:27..946,,,,
12:49:28..016,34.4421234,-0.006347,-0.00013153,0.00068624,0.00038578,0.0001993,0.00111405,0.00011912,-0.00029651,0.00010902,12:49:28..066,,,,
12:49:28..087,34.2352638,-0.006494,-0.00013231,0.00068631,0.00038534,0.00019926,0.00111382,0.00011851,-0.00029665,0.00010858,12:49:28..143,,,,
12:49:28..195,34.00254675,-0.006494,-0.0001323,0.00068588,0.00038551,0.00019908,0.00111377,0.00011862,-0.0002968,0.00010849,12:49:28..194,,,,
12:49:28..229,33.94048887,-0.006649,-0.00013248,0.00068504,0.00038576,0.00019889,0.00111378,0.00011832,-0.00029629,0.00010951,12:49:28..238,,,,
12:49:28..322,33.79568715,-0.006649,-0.0001326,0.0006853,0.00038604,0.00019899,0.00111339,0.00011748,-0.00029632,0.0001094,12:49:28..320,,,,
12:49:28..354,33.89394546,-0.006699,-0.00013284,0.00068495,0.00038637,0.00019899,0.00111324,0.00011777,-0.00029637,0.00010872,12:49:28..363,,,,
12:49:28..456,33.71294331,-0.006699,-0.00013281,0.00068515,0.00038622,0.00019884,0.00111274,0.00011696,-0.00029624,0.00010901,12:49:28..454,,,,
12:49:28..488,33.68191437,-0.006609,-0.00013298,0.00068468,0.0003869,0.00019927,0.00111302,0.00011742,-0.00029579,0.00010968,12:49:28..498,,,,
12:49:28..522,33.64571394,-0.006555,-0.00013285,0.00068468,0.00038652,0.00019957,0.00111296,0.00011672,-0.00029592,0.00010938,12:49:28..540,,,,
12:49:28..663,33.49056924,-0.006555,-0.00013303,0.0006846,0.00038676,0.00019931,0.00111306,0.00011757,-0.000296,0.00010952,12:49:28..661,,,,
12:49:28..695,33.4595403,-0.006388,-0.00013332,0.00068381,0.00038719,0.00019924,0.00111287,0.00011692,-0.00029576,0.00010974,12:49:28..705,,,,
12:49:28..765,33.19062282,-0.006388,-0.00013354,0.00068422,0.00038681,0.00019915,0.00111263,0.00011575,-0.00029559,0.00010981,12:49:28..838,,,,
12:49:28..874,33.097536,-0.006388,-0.00013333,0.00068373,0.00038753,0.00019945,0.00111279,0.00011717,-0.00029579,0.00010986,12:49:28..838,,,,
12:49:28..908,32.8389615,-0.006326,-0.00013385,0.00068301,0.0003877,0.00019946,0.00111222,0.0001166,-0.0002956,0.00011005,12:49:28..881,,,,
12:49:28..941,32.79758958,-0.006422,-0.00013391,0.00068279,0.00038752,0.00019919,0.00111227,0.00011626,-0.00029527,0.00010974,12:49:29..001,,,,
12:49:29..064,32.95790577,-0.006422,-0.00013443,0.00068351,0.00038745,0.00019959,0.00111233,0.00011499,-0.00029509,0.00011022,12:49:29..077,,,,
12:49:29..098,32.580387,-0.006422,-0.00013434,0.00068311,0.00038738,0.0001988,0.00111196,0.00011486,-0.00029534,0.00011015,12:49:29..077,,,,
12:49:29..132,32.72001723,-0.006399,-0.00013438,0.00068261,0.00038778,0.0001994,0.00111139,0.00011372,-0.00029546,0.00011,12:49:29..190,,,,
12:49:29..244,32.77690362,-0.006399,-0.00013392,0.00068256,0.00038761,0.00019923,0.00111177,0.00011547,-0.00029573,0.00010935,12:49:29..242,,,,
12:49:29..276,32.39421336,-0.006527,-0.00013476,0.00068252,0.00038723,0.00019867,0.00111177,0.00011383,-0.00029539,0.00011047,12:49:29..287,,,,
12:49:29..408,32.55452955,-0.006527,-0.00013435,0.00068202,0.00038784,0.00019902,0.00111141,0.00011511,-0.00029565,0.00011018,12:49:29..406,,,,
12:49:29..440,32.24941164,-0.006663,-0.00013427,0.00068162,0.00038788,0.00019906,0.00111124,0.00011432,-0.00029466,0.00011059,12:49:29..450,,,,
12:49:29..516,32.38387038,-0.006667,-0.00013462,0.0006815,0.0003882,0.00019949,0.00111118,0.00011393,-0.00029488,0.00011056,12:49:29..568,,,,
12:49:29..588,32.09943843,-0.006667,-0.00013481,0.00068166,0.00038841,0.00019926,0.00111158,0.0001137,-0.00029462,0.00011034,12:49:29..568,,,,
12:49:29..623,32.09426694,-0.006764,-0.00013538,0.00068149,0.00038826,0.00019937,0.00111095,0.00011259,-0.00029477,0.00011094,12:49:29..654,,,,
12:49:29..770,32.17183929,-0.006764,-0.00013464,0.00068058,0.00038905,0.00019919,0.00111098,0.000114,-0.00029504,0.00011045,12:49:29..768,,,,
12:49:29..801,31.93912224,-0.006724,-0.00013495,0.00068061,0.00038859,0.00019895,0.00111091,0.00011312,-0.0002947,0.00011082,12:49:29..813,,,,
12:49:29..923,31.94429373,-0.006724,-0.00013489,0.00068082,0.0003888,0.00019948,0.0011109,0.00011318,-0.000294,0.00011097,12:49:29..920,,,,
12:49:29..955,31.7012337,-0.006633,-0.00013533,0.00068031,0.00038857,0.00019924,0.00111042,0.00011188,-0.00029411,0.00011068,12:49:29..920,,,,
12:49:30..029,31.76329158,-0.006633,-0.0001349,0.00068028,0.00038893,0.0001994,0.00111021,0.0001136,-0.00029457,0.00011099,12:49:30..059,,,,
12:49:30..068,31.49954559,-0.006633,-0.00013517,0.00068031,0.00038899,0.00019929,0.00111074,0.00011177,-0.0002942,0.00011104,12:49:30..059,,,,
12:49:30..100,31.4426592,-0.006589,-0.00013589,0.00067981,0.00038904,0.00019948,0.00111041,0.00011263,-0.00029427,0.00011069,12:49:30..103,,,,
12:49:30..205,31.59263241,-0.006589,-0.00013562,0.00067983,0.00038896,0.00019906,0.00110989,0.000111,-0.00029407,0.00011119,12:49:30..203,,,,
12:49:30..237,31.29268599,-0.006438,-0.0001358,0.00067959,0.00038895,0.00019892,0.00110961,0.00011143,-0.00029384,0.00011102,12:49:30..248,,,,
12:49:30..346,31.29785748,-0.006438,-0.00013565,0.00067976,0.0003894,0.00019906,0.00111024,0.00011247,-0.00029405,0.00011146,12:49:30..344,,,,
12:49:30..379,31.16857023,-0.006495,-0.00013619,0.00067938,0.00038958,0.00019898,0.00110983,0.00011162,-0.00029366,0.00011094,12:49:30..388,,,,
12:49:30..475,31.07031192,-0.006495,-0.00013572,0.00067888,0.00038893,0.00019869,0.00110959,0.00011128,-0.00029365,0.0001114,12:49:30..474,,,,
12:49:30..508,31.18925619,-0.006546,-0.00013556,0.00067904,0.00038966,0.00019927,0.00110956,0.00011096,-0.00029361,0.00011158,12:49:30..515,,,,
12:49:30..574,30.98756808,-0.006575,-0.00013617,0.00067866,0.00038946,0.00019911,0.00110949,0.00011105,-0.00029381,0.0001116,12:49:30..574,,,,
12:49:30..650,31.00308255,-0.006575,-0.00013602,0.00067865,0.00038953,0.00019924,0.00110967,0.00011086,-0.00029359,0.00011182,12:49:30..620,,,,
12:49:30..681,30.9772251,-0.00665,-0.00013631,0.00067876,0.00039004,0.00019904,0.00110975,0.00010971,-0.00029345,0.00011195,12:49:30..708,,,,
12:49:30..732,30.80139444,-0.006697,-0.00013576,0.00067829,0.0003899,0.00019904,0.00110947,0.00011158,-0.00029362,0.00011145,12:49:30..751,,,,
12:49:30..797,30.76002252,-0.006697,-0.0001363,0.00067819,0.00038931,0.00019878,0.00110903,0.00010951,-0.00029341,0.00011168,12:49:30..751,,,,
12:49:30..829,30.92033871,-0.006698,-0.00013621,0.00067808,0.00038987,0.00019918,0.00110938,0.00011074,-0.00029349,0.00011183,12:49:30..849,,,,
12:49:30..892,30.74967954,-0.006707,-0.00013618,0.00067797,0.00038994,0.00019893,0.00110954,0.00010989,-0.00029315,0.00011215,12:49:30..894,,,,
12:49:30..958,30.61004931,-0.006707,-0.00013641,0.00067757,0.00038971,0.00019874,0.0011091,0.00011066,-0.00029374,0.00011157,12:49:30..981,,,,
12:49:30..991,30.6669357,-0.006707,-0.00013618,0.00067802,0.00038987,0.00019867,0.00110914,0.00011005,-0.00029338,0.0001121,12:49:30..981,,,,
12:49:31..025,30.54281994,-0.006747,-0.00013635,0.00067795,0.00039023,0.00019913,0.00110917,0.00010936,-0.00029335,0.00011203,12:49:31..026,,,,
12:49:31..068,30.50144802,-0.006811,-0.00013672,0.00067719,0.00039,0.00019871,0.00110842,0.00010987,-0.00029367,0.0001121,12:49:31..071,,,,
12:49:31..130,30.52730547,-0.006811,-0.00013641,0.00067761,0.00038997,0.00019874,0.00110875,0.00010917,-0.00029292,0.00011224,12:49:31..071,,,,
12:49:31..163,30.50144802,-0.006804,-0.00013653,0.00067685,0.0003902,0.00019898,0.00110865,0.00010963,-0.00029317,0.00011184,12:49:31..132,,,,
12:49:31..257,30.39284673,-0.006804,-0.00013687,0.00067713,0.00039015,0.00019915,0.00110857,0.00010851,-0.00029323,0.00011237,12:49:31..305,,,,
12:49:31..325,30.37733226,-0.006804,-0.00013659,0.00067673,0.00039059,0.00019874,0.00110861,0.00010982,-0.00029333,0.00011215,12:49:31..305,,,,
12:49:31..359,30.23770203,-0.006797,-0.00013682,0.00067655,0.00039045,0.00019862,0.00110817,0.00010971,-0.00029386,0.00011203,12:49:31..392,,,,
12:49:31..516,30.19115862,-0.006797,-0.00013738,0.00067634,0.0003903,0.00019873,0.00110826,0.00010818,-0.00029295,0.00011247,12:49:31..392,,,,
12:49:31..548,30.04118541,-0.006736,-0.0001375,0.00067616,0.00039045,0.0001988,0.00110793,0.00010765,-0.00029289,0.00011243,12:49:31..559,,,,
12:49:31..681,30.05152839,-0.006736,-0.00013707,0.00067604,0.0003908,0.0001991,0.00110812,0.00010868,-0.00029365,0.00011284,12:49:31..678,,,,
12:49:31..713,29.92224114,-0.006646,-0.00013761,0.00067547,0.0003907,0.00019844,0.00110803,0.00010821,-0.000293,0.00011266,12:49:31..723,,,,
12:49:31..826,29.84466879,-0.006646,-0.00013757,0.00067598,0.00039054,0.00019899,0.00110752,0.00010745,-0.00029317,0.00011307,12:49:31..823,,,,
12:49:31..858,29.81363985,-0.006622,-0.00013753,0.00067557,0.00039059,0.00019885,0.00110754,0.00010684,-0.00029307,0.00011295,12:49:31..823,,,,
12:49:31..927,29.72055303,-0.006622,-0.00013741,0.00067555,0.00039092,0.00019933,0.00110754,0.00010872,-0.00029284,0.00011314,12:49:31..977,,,,
12:49:31..994,29.75158197,-0.006622,-0.00013797,0.00067552,0.00039076,0.00019945,0.00110767,0.00010671,-0.00029314,0.00011294,12:49:31..977,,,,
12:49:32..028,29.5809228,-0.006557,-0.00013799,0.00067517,0.00039073,0.00019825,0.00110719,0.00010677,-0.0002933,0.00011335,12:49:32..064,,,,
12:49:32..155,29.62746621,-0.006557,-0.00013827,0.00067519,0.00039081,0.00019877,0.00110734,0.00010725,-0.00029246,0.00011315,12:49:32..152,,,,
12:49:32..186,29.50852194,-0.006465,-0.00013828,0.00067466,0.00039037,0.00019864,0.00110673,0.00010603,-0.00029264,0.00011281,12:49:32..152,,,,
12:49:32..255,29.42060661,-0.006465,-0.00013812,0.00067483,0.00039137,0.00019876,0.0011071,0.00010702,-0.00029276,0.00011339,12:49:32..312,,,,
12:49:32..325,29.50852194,-0.006465,-0.00013812,0.00067491,0.00039147,0.0001991,0.0011069,0.00010621,-0.00029236,0.0001138,12:49:32..312,,,,
12:49:32..360,29.31200532,-0.006331,-0.00013841,0.00067443,0.00039083,0.00019891,0.00110674,0.00010647,-0.00029274,0.00011276,12:49:32..401,,,,
12:49:32..479,29.31717681,-0.006331,-0.00013856,0.00067478,0.00039108,0.00019877,0.00110692,0.00010606,-0.0002925,0.00011332,12:49:32..478,,,,
12:49:32..511,29.20340403,-0.006326,-0.00013881,0.00067438,0.00039104,0.00019881,0.00110681,0.00010614,-0.00029255,0.00011363,12:49:32..478,,,,
12:49:32..598,29.14651764,-0.006301,-0.0001386,0.00067418,0.00039094,0.00019855,0.00110668,0.00010602,-0.00029249,0.00011322,12:49:32..647,,,,
12:49:32..694,29.17237509,-0.006301,-0.00013866,0.00067445,0.0003911,0.00019833,0.00110621,0.00010543,-0.00029302,0.0001129,12:49:32..695,,,,
12:49:32..727,29.02757337,-0.006387,-0.00013857,0.00067441,0.00039115,0.00019869,0.00110654,0.00010489,-0.00029231,0.00011371,12:49:32..695,,,,
12:49:32..809,29.03274486,-0.006387,-0.00013859,0.00067381,0.0003917,0.00019867,0.00110653,0.00010654,-0.00029223,0.00011375,12:49:32..871,,,,
12:49:32..904,28.98102996,-0.006387,-0.00013889,0.00067406,0.00039159,0.00019851,0.00110658,0.0001052,-0.00029236,0.00011366,12:49:32..871,,,,
12:49:32..939,28.91897208,-0.006723,-0.00013959,0.00067343,0.00039164,0.00019879,0.00110629,0.00010588,-0.0002924,0.0001137,12:49:32..962,,,,
12:49:33..086,28.88277165,-0.006723,-0.00013944,0.00067386,0.00039138,0.00019872,0.00110655,0.00010454,-0.00029199,0.00011409,12:49:32..962,,,,
12:49:33..121,28.75865589,-0.007123,-0.00013968,0.00067316,0.00039117,0.00019865,0.00110615,0.00010419,-0.00029208,0.00011402,12:49:33..088,,,,
12:49:33..198,28.76899887,-0.007123,-0.00013962,0.0006727,0.00039159,0.00019854,0.00110604,0.00010518,-0.00029214,0.00011408,12:49:33..255,,,,
12:49:33..264,28.69142652,-0.007123,-0.00013984,0.00067291,0.00039168,0.00019881,0.00110593,0.00010417,-0.00029196,0.00011449,12:49:33..255,,,,
12:49:33..298,28.69142652,-0.007232,-0.00013991,0.00067226,0.0003913,0.00019846,0.00110583,0.00010525,-0.00029213,0.00011375,12:49:33..339,,,,
12:49:33..397,28.58799672,-0.007232,-0.00013974,0.00067279,0.00039203,0.00019833,0.00110564,0.00010359,-0.00029212,0.00011399,12:49:33..339,,,,
12:49:33..429,28.5983397,-0.007189,-0.00013964,0.00067258,0.00039196,0.00019833,0.00110573,0.00010456,-0.00029179,0.00011423,12:49:33..442,,,,
12:49:33..535,28.5983397,-0.007189,-0.00013962,0.00067277,0.0003917,0.00019849,0.00110556,0.00010394,-0.00029163,0.00011434,12:49:33..533,,,,
12:49:33..567,28.40182308,-0.007143,-0.00013995,0.00067224,0.00039207,0.00019836,0.00110541,0.00010452,-0.00029192,0.00011418,12:49:33..533,,,,
12:49:33..641,28.3914801,-0.007143,-0.00014028,0.00067205,0.0003919,0.00019837,0.00110498,0.0001039,-0.00029223,0.00011378,12:49:33..690,,,,
12:49:33..706,28.38630861,-0.007143,-0.00014035,0.0006722,0.00039161,0.00019872,0.00110528,0.00010439,-0.00029182,0.0001142,12:49:33..690,,,,
12:49:33..741,28.24667838,-0.007115,-0.00014052,0.00067211,0.00039182,0.00019871,0.00110528,0.00010284,-0.00029203,0.00011415,12:49:33..736,,,,
12:49:33..779,28.28287881,-0.007093,-0.00014016,0.00067128,0.00039158,0.0001986,0.00110514,0.00010474,-0.00029217,0.00011435,12:49:33..781,,,,
12:49:33..854,28.30873626,-0.007093,-0.00014029,0.00067203,0.000392,0.00019833,0.00110522,0.00010266,-0.00029143,0.00011421,12:49:33..854,,,,
12:49:33..886,28.22599242,-0.00693,-0.00014074,0.00067204,0.00039221,0.00019838,0.00110485,0.00010285,-0.00029143,0.00011445,12:49:33..854,,,,
12:49:33..952,28.19496348,-0.00693,-0.00014028,0.00067167,0.00039199,0.00019825,0.001105,0.00010418,-0.00029217,0.00011441,12:49:34..000,,,,
12:49:34..015,28.14842007,-0.00693,-0.00014036,0.00067145,0.00039192,0.00019834,0.00110497,0.00010225,-0.00029186,0.00011443,12:49:34..000,,,,
12:49:34..049,28.07084772,-0.006363,-0.00014049,0.00067107,0.00039164,0.00019808,0.00110443,0.00010267,-0.0002916,0.00011436,12:49:34..086,,,,
12:49:34..188,28.11221964,-0.006363,-0.00014046,0.00067138,0.00039154,0.00019793,0.00110431,0.00010299,-0.00029177,0.00011444,12:49:34..186,,,,
12:49:34..220,27.95707494,-0.006245,-0.0001412,0.00067099,0.00039242,0.00019795,0.00110451,0.00010177,-0.00029147,0.00011463,12:49:34..186,,,,
12:49:34..287,28.01913282,-0.006293,-0.0001411,0.00067095,0.00039242,0.00019791,0.00110509,0.00010346,-0.00029156,0.00011463,12:49:34..336,,,,
12:49:34..382,27.87950259,-0.006293,-0.00014125,0.00067137,0.00039188,0.00019841,0.00110478,0.00010153,-0.00029134,0.0001148,12:49:34..382,,,,
12:49:34..417,27.86398812,-0.00639,-0.00014157,0.0006709,0.00039245,0.00019801,0.0011043,0.00010179,-0.00029149,0.00011497,12:49:34..382,,,,
12:49:34..490,27.91570302,-0.00639,-0.00014136,0.00067026,0.0003925,0.00019772,0.00110381,0.00010235,-0.00029219,0.00011459,12:49:34..523,,,,
12:49:34..531,27.67781448,-0.00639,-0.00014145,0.00067113,0.00039216,0.00019773,0.00110352,0.00010128,-0.0002916,0.00011437,12:49:34..523,,,,
12:49:34..565,27.7709013,-0.0066,-0.00014126,0.00067067,0.00039252,0.00019822,0.00110414,0.00010295,-0.00029169,0.00011449,12:49:34..569,,,,
12:49:34..665,27.83813067,-0.0066,-0.00014119,0.00067132,0.00039225,0.0001979,0.00110361,0.00010134,-0.00029119,0.00011522,12:49:34..663,,,,
12:49:34..697,27.53301276,-0.006632,-0.0001413,0.00067053,0.00039275,0.00019803,0.00110344,0.00010047,-0.0002912,0.00011466,12:49:34..663,,,,
12:49:34..774,27.66230001,-0.006632,-0.00014124,0.00067016,0.00039306,0.00019792,0.00110403,0.00010264,-0.00029123,0.00011517,12:49:34..805,,,,
12:49:34..824,27.55887021,-0.006632,-0.00014164,0.00067049,0.00039231,0.00019769,0.00110399,0.00010098,-0.00029131,0.0001149,12:49:34..805,,,,
12:49:34..858,27.45026892,-0.006561,-0.00014191,0.00067003,0.00039263,0.00019774,0.00110399,0.00010163,-0.00029109,0.00011485,12:49:34..893,,,,
12:49:34..973,27.57955617,-0.006561,-0.00014138,0.00067039,0.00039275,0.00019776,0.00110378,0.0001017,-0.00029111,0.00011474,12:49:34..972,,,,
12:49:35..004,27.38303955,-0.006706,-0.00014176,0.00066958,0.00039299,0.00019756,0.00110336,0.00010106,-0.00029164,0.0001146,12:49:35..016,,,,
12:49:35..130,27.408897,-0.006706,-0.00014178,0.00067017,0.0003926,0.00019744,0.00110354,0.00010122,-0.00029148,0.00011518,12:49:35..128,,,,
12:49:35..162,27.32098167,-0.006698,-0.0001417,0.00067001,0.00039269,0.00019735,0.00110321,0.00010052,-0.00029093,0.0001151,12:49:35..128,,,,
12:49:35..247,27.37786806,-0.006698,-0.00014166,0.00066927,0.00039281,0.00019791,0.00110333,0.00010189,-0.00029121,0.00011442,12:49:35..294,,,,
12:49:35..338,27.31581018,-0.006698,-0.00014185,0.00067002,0.00039282,0.00019792,0.00110321,0.00010034,-0.0002907,0.00011489,12:49:35..294,,,,
12:49:35..373,27.19169442,-0.00663,-0.00014191,0.00066908,0.00039363,0.0001979,0.00110379,0.00010124,-0.00029161,0.00011495,12:49:35..384,,,,
12:49:35..499,27.28995273,-0.00663,-0.00014228,0.00066938,0.00039291,0.00019737,0.00110321,0.00010025,-0.00029099,0.00011516,12:49:35..384,,,,
12:49:35..533,27.12446505,-0.00668,-0.0001422,0.00066872,0.00039311,0.00019739,0.0011033,0.00010132,-0.0002913,0.00011494,12:49:35..544,,,,
12:49:35..604,27.12446505,-0.006705,-0.00014256,0.00066939,0.00039316,0.0001979,0.00110299,0.00009994,-0.00029101,0.00011503,12:49:35..667,,,,
12:49:35..708,27.01586376,-0.006705,-0.00014235,0.00066887,0.00039296,0.00019772,0.00110291,0.00010058,-0.00029121,0.00011453,12:49:35..667,,,,
12:49:35..740,27.00034929,-0.006914,-0.00014275,0.00066867,0.00039327,0.00019768,0.00110252,0.00010011,-0.0002919,0.0001144,12:49:35..712,,,,
12:49:35..831,26.86071906,-0.006914,-0.00014293,0.00066843,0.0003931,0.00019792,0.00110304,0.00009909,-0.0002909,0.00011501,12:49:35..878,,,,
12:49:35..892,26.99000631,-0.006914,-0.00014306,0.00066842,0.00039285,0.00019781,0.0011029,0.00010058,-0.00029133,0.00011451,12:49:35..878,,,,
12:49:35..927,26.80900416,-0.007035,-0.00014315,0.00066822,0.00039293,0.00019744,0.00110224,0.00009981,-0.00029094,0.00011553,12:49:35..923,,,,
12:49:35..993,26.75211777,-0.007005,-0.00014319,0.00066864,0.00039336,0.00019774,0.00110287,0.00009945,-0.00029129,0.00011499,12:49:36..033,,,,
12:49:36..045,26.8400331,-0.007009,-0.00014307,0.00066846,0.00039319,0.0001976,0.00110251,0.0000997,-0.00029092,0.00011509,12:49:36..033,,,,
12:49:36..079,26.79348969,-0.007009,-0.00014322,0.00066796,0.00039337,0.00019753,0.00110257,0.00009933,-0.00029082,0.00011524,12:49:36..075,,,,
12:49:36..113,26.66937393,-0.00701,-0.00014343,0.00066798,0.00039319,0.00019734,0.00110201,0.00009839,-0.00029092,0.00011514,12:49:36..075,,,,
12:49:36..199,26.6848884,-0.00701,-0.00014369,0.00066788,0.00039333,0.0001976,0.00110267,0.00009963,-0.00029095,0.00011488,12:49:36..232,,,,
12:49:36..244,26.70557436,-0.00701,-0.00014371,0.00066833,0.00039345,0.00019768,0.001102,0.00009908,-0.00029037,0.00011496,12:49:36..232,,,,
12:49:36..277,26.64351648,-0.007028,-0.00014418,0.00066771,0.0003934,0.00019748,0.00110259,0.00009868,-0.00029067,0.00011442,12:49:36..278,,,,
12:49:36..406,26.62283052,-0.007028,-0.00014377,0.00066759,0.0003935,0.00019738,0.00110192,0.00009895,-0.0002905,0.00011568,12:49:36..404,,,,
12:49:36..439,26.51940072,-0.006787,-0.00014406,0.0006665,0.00039364,0.0001971,0.00110194,0.00009905,-0.00029113,0.00011477,12:49:36..451,,,,
12:49:36..546,26.50905774,-0.006787,-0.00014365,0.00066754,0.00039355,0.00019747,0.00110205,0.00009829,-0.0002904,0.00011524,12:49:36..543,,,,
12:49:36..581,26.39528496,-0.006706,-0.00014459,0.00066683,0.00039353,0.00019726,0.00110194,0.00009876,-0.0002907,0.00011451,12:49:36..586,,,,
12:49:36..706,26.30736963,-0.006706,-0.00014447,0.0006669,0.00039381,0.00019758,0.00110199,0.00009763,-0.00029008,0.00011496,12:49:36..705,,,,
12:49:36..741,26.30736963,-0.006667,-0.00014511,0.00066689,0.00039343,0.00019754,0.00110174,0.00009794,-0.00029033,0.00011499,12:49:36..705,,,,
12:49:36..820,26.20911132,-0.006667,-0.00014452,0.00066671,0.000394,0.00019762,0.00110185,0.00009868,-0.00029074,0.00011469,12:49:36..881,,,,
12:49:36..888,26.47285731,-0.006667,-0.00014474,0.00066694,0.00039372,0.00019703,0.00110186,0.00009789,-0.00028997,0.00011513,12:49:36..881,,,,
12:49:36..920,26.23496877,-0.006572,-0.00014502,0.00066686,0.00039385,0.00019727,0.00110172,0.00009712,-0.00029006,0.00011549,12:49:36..924,,,,
12:49:37..041,26.14188195,-0.006572,-0.00014459,0.00066642,0.00039386,0.000197,0.00110147,0.00009885,-0.00029034,0.00011512,12:49:37..039,,,,
12:49:37..073,26.13153897,-0.006637,-0.00014476,0.00066617,0.00039398,0.00019718,0.00110157,0.00009704,-0.00029023,0.00011533,12:49:37..084,,,,
12:49:37..208,26.05396662,-0.006637,-0.00014483,0.00066561,0.00039419,0.00019743,0.00110187,0.00009821,-0.00029006,0.0001155,12:49:37..206,,,,
12:49:37..242,25.96605129,-0.006617,-0.00014548,0.00066564,0.00039405,0.0001974,0.0011017,0.000097,-0.00029007,0.00011484,12:49:37..206,,,,
12:49:37..316,25.98673725,-0.006617,-0.00014527,0.00066561,0.00039377,0.00019735,0.00110163,0.00009762,-0.00029026,0.00011526,12:49:37..367,,,,
12:49:37..386,26.15739642,-0.006617,-0.00014583,0.0006657,0.0003941,0.00019729,0.00110141,0.00009709,-0.00028994,0.0001154,12:49:37..367,,,,
12:49:37..417,25.88330745,-0.00648,-0.00014576,0.0006661,0.00039411,0.0001971,0.0011015,0.00009626,-0.00028977,0.00011504,12:49:37..454,,,,
12:49:37..539,25.97122278,-0.00648,-0.00014581,0.00066528,0.00039407,0.00019772,0.00110173,0.00009765,-0.00029052,0.00011491,12:49:37..538,,,,
12:49:37..571,25.79022063,-0.006566,-0.00014634,0.0006652,0.00039427,0.00019751,0.00110122,0.00009645,-0.00028949,0.00011516,12:49:37..538,,,,
12:49:37..644,25.81090659,-0.006566,-0.00014653,0.00066511,0.00039401,0.00019754,0.00110116,0.00009672,-0.0002901,0.00011489,12:49:37..708,,,,
12:49:37..716,25.95570831,-0.006566,-0.00014596,0.00066495,0.00039378,0.00019776,0.0011013,0.0000966,-0.0002899,0.00011504,12:49:37..708,,,,
12:49:37..750,25.72299126,-0.006695,-0.000146,0.00066475,0.00039424,0.00019744,0.00110143,0.00009695,-0.00029004,0.00011433,12:49:37..818,,,,
12:49:37..873,25.83159255,-0.006695,-0.00014637,0.0006652,0.00039421,0.00019712,0.00110146,0.00009571,-0.00028937,0.0001154,12:49:37..872,,,,
12:49:37..908,25.64541891,-0.006741,-0.00014642,0.00066468,0.0003942,0.00019716,0.00110107,0.0000967,-0.00029001,0.00011498,12:49:37..916,,,,
12:49:38..018,25.7540202,-0.006741,-0.00014678,0.00066488,0.00039461,0.00019731,0.00110103,0.00009596,-0.00028969,0.00011522,12:49:38..018,,,,
12:49:38..051,25.57818954,-0.006687,-0.00014665,0.00066414,0.00039418,0.00019728,0.00110108,0.00009614,-0.00028948,0.00011506,12:49:38..060,,,,
12:49:38..105,25.57301805,-0.00656,-0.00014718,0.00066481,0.00039413,0.00019719,0.00110098,0.00009608,-0.00028945,0.0001151,12:49:38..153,,,,
12:49:38..168,25.69196232,-0.00656,-0.00014666,0.00066426,0.00039482,0.00019701,0.00110118,0.00009649,-0.00028971,0.00011532,12:49:38..153,,,,
12:49:38..202,25.53164613,-0.006495,-0.00014658,0.00066407,0.00039442,0.00019717,0.00110057,0.00009623,-0.00028998,0.00011493,12:49:38..244,,,,
12:49:38..329,25.46958825,-0.006495,-0.00014695,0.0006639,0.00039406,0.0001971,0.00110065,0.0000954,-0.00028989,0.00011525,12:49:38..327,,,,
12:49:38..361,25.40753037,-0.006496,-0.00014702,0.00066366,0.00039483,0.00019735,0.00110023,0.00009637,-0.00028993,0.00011467,12:49:38..372,,,,
12:49:38..476,25.42304484,-0.006496,-0.00014766,0.00066404,0.00039423,0.00019714,0.00110029,0.00009445,-0.00028972,0.00011504,12:49:38..474,,,,
12:49:38..507,25.40753037,-0.006438,-0.00014706,0.00066398,0.00039451,0.00019753,0.00110005,0.00009569,-0.00028955,0.00011514,12:49:38..516,,,,
12:49:38..617,25.36098696,-0.006438,-0.00014772,0.00066368,0.00039442,0.00019722,0.00110007,0.00009522,-0.00028943,0.00011487,12:49:38..615,,,,
12:49:38..649,25.38167292,-0.006356,-0.0001475,0.00066368,0.00039474,0.00019734,0.00110005,0.00009518,-0.00028946,0.00011487,12:49:38..660,,,,
12:49:38..754,25.30410057,-0.006356,-0.00014747,0.00066353,0.00039433,0.00019704,0.00109985,0.00009513,-0.00028967,0.00011497,12:49:38..752,,,,
12:49:38..787,25.35064398,-0.006205,-0.00014749,0.00066308,0.00039495,0.00019754,0.00110031,0.00009529,-0.00028968,0.00011504,12:49:38..752,,,,
12:49:38..875,25.29375759,-0.00618,-0.00014751,0.00066336,0.00039442,0.00019767,0.00110052,0.00009525,-0.00028957,0.00011576,12:49:38..917,,,,
12:49:38..985,25.21101375,-0.00618,-0.0001481,0.00066266,0.00039419,0.00019688,0.00110006,0.00009505,-0.00028924,0.00011468,12:49:38..987,,,,
12:49:39..018,25.12309842,-0.006128,-0.00014809,0.00066286,0.00039476,0.00019705,0.00110001,0.00009459,-0.00028915,0.00011483,12:49:39..030,,,,
12:49:39..086,25.06104054,-0.006128,-0.00014785,0.00066291,0.00039445,0.00019728,0.00110003,0.00009441,-0.00028956,0.00011533,12:49:39..136,,,,
12:49:39..146,25.21101375,-0.006128,-0.00014791,0.00066302,0.00039466,0.00019749,0.00109966,0.00009515,-0.00028918,0.00011531,12:49:39..136,,,,
12:49:39..179,25.02484011,-0.005988,-0.00014818,0.00066233,0.00039501,0.00019735,0.00109991,0.00009526,-0.00028892,0.00011512,12:49:39..179,,,,
12:49:39..232,24.9265818,-0.005946,-0.00014816,0.00066249,0.00039453,0.00019719,0.00109944,0.00009346,-0.00028947,0.00011513,12:49:39..273,,,,
12:49:39..288,25.16964183,-0.005889,-0.00014812,0.00066227,0.00039456,0.0001972,0.00109965,0.00009499,-0.0002894,0.00011448,12:49:39..347,,,,
12:49:39..356,25.02484011,-0.005889,-0.00014829,0.00066282,0.00039464,0.000197,0.00109953,0.00009387,-0.000289,0.00011517,12:49:39..347,,,,
12:49:39..390,24.88520988,-0.005672,-0.0001487,0.00066203,0.00039459,0.00019728,0.00109989,0.0000948,-0.00028909,0.00011493,12:49:39..435,,,,
12:49:39..488,25.07655501,-0.005672,-0.00014862,0.00066274,0.00039463,0.00019787,0.00109934,0.00009349,-0.00028896,0.00011504,12:49:39..502,,,,
12:49:39..522,24.83349498,-0.005672,-0.00014899,0.00066233,0.00039411,0.00019751,0.00109911,0.00009336,-0.00028866,0.00011549,12:49:39..502,,,,
12:49:39..557,24.86452392,-0.005556,-0.00014889,0.0006616,0.00039476,0.00019719,0.00109995,0.00009455,-0.00028902,0.00011472,12:49:39..589,,,,
12:49:39..704,24.95243925,-0.005556,-0.00014884,0.00066222,0.00039482,0.00019698,0.0010998,0.00009367,-0.00028887,0.00011545,12:49:39..704,,,,
12:49:39..736,24.85418094,-0.005618,-0.00014919,0.0006618,0.00039457,0.00019761,0.00109931,0.00009361,-0.00028859,0.00011498,12:49:39..745,,,,
12:49:39..868,24.96795372,-0.005618,-0.00014892,0.00066143,0.00039497,0.00019728,0.00109933,0.00009434,-0.00028927,0.00011514,12:49:39..866,,,,
12:49:39..899,24.76626561,-0.005662,-0.00014916,0.00066177,0.00039463,0.00019662,0.00109939,0.00009262,-0.0002888,0.00011477,12:49:39..911,,,,
12:49:40..017,24.91106733,-0.005662,-0.00014912,0.00066161,0.00039514,0.00019733,0.00109961,0.00009417,-0.00028883,0.00011491,12:49:40..017,,,,
12:49:40..050,24.72489369,-0.005727,-0.00014937,0.00066161,0.00039446,0.00019745,0.00109881,0.00009294,-0.00028887,0.00011493,12:49:40..059,,,,
12:49:40..177,24.823152,-0.005727,-0.00014975,0.00066117,0.00039468,0.00019712,0.00109937,0.00009363,-0.00028879,0.00011483,12:49:40..175,,,,
12:49:40..208,24.59560644,-0.005781,-0.00014989,0.00066145,0.00039457,0.00019737,0.00109918,0.0000929,-0.00028831,0.00011513,12:49:40..220,,,,
12:49:40..311,24.73523667,-0.005781,-0.00014984,0.00066085,0.00039482,0.00019691,0.00109912,0.00009336,-0.00028885,0.00011434,12:49:40..308,,,,
12:49:40..343,24.47666217,-0.005904,-0.0001494,0.00066085,0.00039488,0.00019744,0.00109896,0.00009352,-0.00028865,0.00011511,12:49:40..352,,,,
12:49:40..448,24.55940601,-0.005904,-0.00015011,0.00066127,0.00039495,0.00019698,0.0010991,0.00009244,-0.00028833,0.0001153,12:49:40..446,,,,
12:49:40..480,24.45080472,-0.005948,-0.00014998,0.00066045,0.00039503,0.00019733,0.00109895,0.00009352,-0.00028885,0.0001145,12:49:40..446,,,,
12:49:40..537,24.38874684,-0.005948,-0.00015025,0.00066091,0.00039536,0.00019742,0.00109879,0.0000921,-0.00028838,0.00011516,12:49:40..568,,,,
12:49:40..578,24.57492048,-0.005948,-0.00015002,0.00066045,0.00039548,0.00019771,0.00109917,0.00009383,-0.00028839,0.00011433,12:49:40..568,,,,
12:49:40..610,24.47149068,-0.005981,-0.00015006,0.00066032,0.00039466,0.00019735,0.00109878,0.00009359,-0.00028836,0.00011481,12:49:40..611,,,,
12:49:40..676,24.36806088,-0.006123,-0.0001503,0.00066052,0.00039463,0.00019679,0.00109871,0.00009157,-0.00028832,0.00011485,12:49:40..736,,,,
12:49:40..787,24.51803409,-0.006123,-0.00014991,0.00066011,0.00039483,0.00019715,0.00109902,0.00009345,-0.00028915,0.00011515,12:49:40..786,,,,
12:49:40..819,24.21808767,-0.006168,-0.00015029,0.00065985,0.00039476,0.00019706,0.00109855,0.00009179,-0.0002883,0.00011456,12:49:40..786,,,,
12:49:40..928,24.32151747,-0.006168,-0.0001503,0.00065972,0.00039471,0.00019705,0.00109873,0.00009309,-0.00028851,0.00011465,12:49:40..954,,,,
12:49:40..962,24.18188724,-0.006168,-0.00015044,0.00066014,0.0003946,0.00019694,0.00109837,0.00009199,-0.00028856,0.0001151,12:49:40..954,,,,
12:49:40..996,24.30083151,-0.006148,-0.00015065,0.00065983,0.00039505,0.00019685,0.00109845,0.00009178,-0.00028835,0.00011449,12:49:41..040,,,,
12:49:41..112,24.33703194,-0.006167,-0.00015087,0.00065993,0.00039489,0.00019723,0.00109881,0.00009291,-0.00028862,0.00011466,12:49:41..111,,,,
12:49:41..168,24.14568681,-0.006167,-0.00015122,0.00065964,0.00039512,0.00019739,0.00109886,0.00009219,-0.00028842,0.00011493,12:49:41..155,,,,
12:49:41..201,24.32668896,-0.006298,-0.00015082,0.00065972,0.00039524,0.00019699,0.00109842,0.00009219,-0.0002883,0.00011439,12:49:41..241,,,,
12:49:41..324,24.21808767,-0.006298,-0.00015077,0.00065904,0.00039514,0.00019739,0.00109874,0.00009188,-0.00028834,0.000115,12:49:41..324,,,,
12:49:41..357,24.18188724,-0.006357,-0.00015123,0.00065956,0.00039529,0.00019671,0.00109841,0.00009163,-0.0002883,0.00011501,12:49:41..369,,,,
12:49:41..487,24.19740171,-0.006357,-0.00015107,0.00065895,0.0003954,0.00019679,0.00109832,0.00009278,-0.00028852,0.00011442,12:49:41..486,,,,
12:49:41..519,24.13534383,-0.006377,-0.00015085,0.00065886,0.00039537,0.00019726,0.00109866,0.00009254,-0.00028853,0.00011508,12:49:41..528,,,,
12:49:41..655,24.08880042,-0.006377,-0.00015124,0.00065909,0.00039537,0.00019713,0.00109829,0.00009113,-0.00028778,0.0001151,12:49:41..652,,,,
12:49:41..687,24.10431489,-0.006411,-0.00015128,0.00065909,0.00039552,0.00019671,0.00109847,0.00009141,-0.00028818,0.00011487,12:49:41..697,,,,
12:49:41..748,23.98537062,-0.006495,-0.0001512,0.00065863,0.00039553,0.00019718,0.00109851,0.00009238,-0.00028808,0.00011468,12:49:41..789,,,,
12:49:41..802,23.97502764,-0.006495,-0.0001516,0.00065824,0.00039492,0.000197,0.00109828,0.00009124,-0.00028832,0.00011477,12:49:41..789,,,,
12:49:41..837,24.02674254,-0.006657,-0.00015167,0.00065842,0.00039532,0.0001967,0.00109787,0.00009104,-0.00028825,0.00011465,12:49:41..880,,,,
12:49:41..964,23.98019913,-0.006657,-0.00015174,0.00065839,0.00039545,0.00019736,0.00109807,0.00009129,-0.00028781,0.00011424,12:49:41..966,,,,
12:49:41..997,23.93365572,-0.0068,-0.00015235,0.00065823,0.00039525,0.00019704,0.00109765,0.00009051,-0.00028774,0.00011485,12:49:42..009,,,,
12:49:42..110,23.85091188,-0.0068,-0.00015162,0.00065801,0.0003956,0.00019715,0.00109799,0.00009198,-0.00028774,0.00011489,12:49:42..108,,,,
12:49:42..141,23.87159784,-0.006909,-0.00015201,0.0006577,0.00039542,0.00019668,0.0010979,0.00009008,-0.00028771,0.00011442,12:49:42..153,,,,
12:49:42..265,23.82505443,-0.006909,-0.00015168,0.00065772,0.00039531,0.00019712,0.00109819,0.00009187,-0.00028783,0.00011452,12:49:42..263,,,,
12:49:42..297,23.77851102,-0.006976,-0.00015174,0.00065761,0.00039579,0.0001973,0.00109774,0.00009023,-0.00028752,0.00011468,12:49:42..308,,,,
12:49:42..394,23.78368251,-0.006976,-0.00015208,0.00065799,0.0003957,0.00019718,0.00109755,0.00009088,-0.0002877,0.00011453,12:49:42..393,,,,
12:49:42..426,23.74231059,-0.006999,-0.00015205,0.00065745,0.00039557,0.00019714,0.00109776,0.00009069,-0.00028779,0.00011456,12:49:42..435,,,,
12:49:42..555,23.63888079,-0.006999,-0.00015238,0.00065709,0.0003957,0.00019689,0.00109757,0.00009067,-0.0002879,0.00011448,12:49:42..553,,,,
12:49:42..587,23.7371391,-0.007085,-0.00015204,0.00065656,0.00039545,0.0001972,0.00109743,0.00009137,-0.0002876,0.00011452,12:49:42..553,,,,
12:49:42..659,23.62336632,-0.007085,-0.00015278,0.00065713,0.00039554,0.00019681,0.00109808,0.00008989,-0.00028703,0.00011482,12:49:42..715,,,,
12:49:42..723,23.61819483,-0.007085,-0.00015182,0.00065686,0.00039589,0.00019723,0.00109767,0.00009135,-0.00028756,0.00011478,12:49:42..715,,,,
12:49:42..756,23.59233738,-0.007227,-0.0001529,0.00065683,0.00039587,0.00019751,0.00109701,0.00008963,-0.00028766,0.00011456,12:49:42..761,,,,
12:49:42..874,23.55613695,-0.007227,-0.00015276,0.00065653,0.00039601,0.00019706,0.00109752,0.00009037,-0.000288,0.00011368,12:49:42..872,,,,
12:49:42..906,23.48373609,-0.007227,-0.00015271,0.00065657,0.00039589,0.00019706,0.00109754,0.00009015,-0.00028716,0.00011433,12:49:42..916,,,,
12:49:43..022,23.48890758,-0.007227,-0.00015309,0.0006567,0.00039615,0.00019722,0.0010973,0.00008985,-0.00028757,0.00011441,12:49:43..020,,,,
12:49:43..053,23.52510801,-0.006981,-0.00015263,0.00065577,0.00039593,0.00019662,0.0010971,0.0000905,-0.00028777,0.00011456,12:49:43..066,,,,
12:49:43..174,23.43719268,-0.006981,-0.00015284,0.00065586,0.00039614,0.00019745,0.00109747,0.00008975,-0.00028703,0.00011464,12:49:43..172,,,,
12:49:43..207,23.49407907,-0.006752,-0.00015295,0.00065583,0.00039611,0.00019741,0.001097,0.00008911,-0.00028688,0.00011495,12:49:43..215,,,,
12:49:43..349,23.4268497,-0.006752,-0.00015276,0.00065532,0.00039593,0.00019714,0.00109692,0.00009035,-0.00028706,0.00011412,12:49:43..347,,,,
12:49:43..380,23.36996331,-0.006369,-0.00015344,0.00065528,0.000396,0.0001971,0.00109718,0.00008956,-0.00028714,0.00011399,12:49:43..391,,,,
12:49:43..471,23.26653351,-0.006369,-0.00015321,0.00065527,0.00039607,0.00019705,0.00109699,0.00008982,-0.00028723,0.00011408,12:49:43..521,,,,
12:49:43..536,23.43202119,-0.006369,-0.00015309,0.00065577,0.00039603,0.00019725,0.00109727,0.00008987,-0.00028736,0.00011436,12:49:43..521,,,,
12:49:43..569,23.24584755,-0.006333,-0.00015353,0.00065526,0.00039565,0.00019734,0.00109713,0.00008891,-0.00028679,0.00011455,12:49:43..566,,,,
12:49:43..603,23.24584755,-0.00632,-0.00015316,0.00065481,0.00039601,0.00019726,0.00109724,0.00008987,-0.0002867,0.00011426,12:49:43..609,,,,
12:49:43..666,23.29756245,-0.00632,-0.00015344,0.00065459,0.00039637,0.000197,0.00109694,0.00008931,-0.0002869,0.00011453,12:49:43..718,,,,
12:49:43..740,23.30790543,-0.00632,-0.00015338,0.000655,0.00039673,0.00019748,0.00109683,0.00008954,-0.00028662,0.00011418,12:49:43..718,,,,
12:49:43..777,23.19930414,-0.006269,-0.00015367,0.00065516,0.00039602,0.00019689,0.00109713,0.00008893,-0.00028715,0.00011431,12:49:43..805,,,,
12:49:43..849,23.23550457,-0.00618,-0.00015358,0.00065482,0.00039659,0.00019721,0.00109693,0.00009062,-0.00028685,0.00011455,12:49:43..910,,,,
12:49:43..951,23.22516159,-0.00618,-0.00015326,0.00065464,0.00039596,0.00019694,0.00109669,0.0000887,-0.00028675,0.00011458,12:49:43..910,,,,
12:49:43..986,23.23033308,-0.006037,-0.00015284,0.00065424,0.00039618,0.00019728,0.00109689,0.00008976,-0.00028697,0.00011446,12:49:43..953,,,,
12:49:44..019,23.1682752,-0.006003,-0.00015342,0.00065401,0.00039637,0.0001964,0.00109694,0.00009013,-0.00028673,0.00011422,12:49:44..073,,,,
12:49:44..087,23.10621732,-0.00604,-0.00015386,0.00065471,0.00039617,0.00019687,0.00109652,0.00008841,-0.00028667,0.0001147,12:49:44..156,,,,
12:49:44..164,23.17861818,-0.00604,-0.00015351,0.00065382,0.00039618,0.00019677,0.00109684,0.00009006,-0.00028697,0.00011433,12:49:44..156,,,,
12:49:44..198,23.08035987,-0.006191,-0.00015357,0.00065369,0.00039628,0.00019678,0.00109669,0.00008914,-0.00028656,0.00011413,12:49:44..198,,,,
12:49:44..246,23.03381646,-0.006191,-0.00015373,0.00065393,0.00039608,0.00019702,0.00109673,0.00008912,-0.00028684,0.00011453,12:49:44..245,,,,
12:49:44..279,23.05967391,-0.006446,-0.00015358,0.00065393,0.00039634,0.00019716,0.00109622,0.00008842,-0.00028651,0.00011412,12:49:44..286,,,,
12:49:44..348,23.09587434,-0.006637,-0.00015343,0.00065416,0.0003964,0.000197,0.0010966,0.00008963,-0.00028681,0.00011405,12:49:44..400,,,,
12:49:44..460,22.98210156,-0.006637,-0.00015395,0.00065369,0.00039637,0.00019678,0.001096,0.00008853,-0.00028685,0.00011447,12:49:44..460,,,,
12:49:44..494,23.01830199,-0.006637,-0.00015364,0.00065306,0.00039654,0.0001973,0.00109671,0.00008964,-0.00028685,0.00011413,12:49:44..460,,,,
12:49:44..529,22.91487219,-0.006817,-0.00015401,0.00065315,0.00039657,0.00019707,0.00109615,0.00008916,-0.000287,0.00011387,12:49:44..581,,,,
12:49:44..596,22.87867176,-0.006897,-0.00015435,0.0006536,0.00039621,0.00019714,0.00109595,0.00008863,-0.00028686,0.00011437,12:49:44..655,,,,
12:49:44..668,23.05450242,-0.006977,-0.00015385,0.00065333,0.00039659,0.00019729,0.00109639,0.00008933,-0.00028701,0.00011415,12:49:44..722,,,,
12:49:44..734,22.8579858,-0.007059,-0.00015409,0.00065353,0.00039621,0.00019706,0.00109624,0.00008837,-0.000287,0.00011416,12:49:44..722,,,,
12:49:44..786,22.9614156,-0.007059,-0.00015398,0.00065346,0.00039632,0.00019714,0.00109647,0.00008918,-0.0002868,0.00011422,12:49:44..765,,,,
12:49:44..819,22.93038666,-0.007059,-0.00015403,0.0006533,0.00039646,0.00019739,0.00109664,0.00008929,-0.00028692,0.00011399,12:49:44..809,,,,
12:49:44..852,22.8062709,-0.007042,-0.00015375,0.00065304,0.00039676,0.0001972,0.00109609,0.00008832,-0.00028645,0.00011475,12:49:44..852,,,,
12:49:44..886,22.8062709,-0.006962,-0.00015415,0.00065319,0.00039637,0.0001971,0.00109588,0.00008937,-0.00028688,0.0001144,12:49:44..894,,,,
12:49:44..989,22.84247133,-0.006962,-0.00015445,0.00065335,0.00039657,0.00019682,0.00109568,0.00008772,-0.00028623,0.000114,12:49:44..988,,,,
12:49:45..024,22.79592792,-0.006939,-0.00015439,0.00065257,0.00039671,0.00019734,0.00109619,0.00008843,-0.00028645,0.0001141,12:49:45..030,,,,
12:49:45..143,22.79075643,-0.006939,-0.00015429,0.00065256,0.00039662,0.00019677,0.00109625,0.00008798,-0.00028633,0.00011454,12:49:45..143,,,,
12:49:45..176,22.7028411,-0.006767,-0.00015385,0.00065244,0.00039704,0.00019715,0.00109587,0.00008938,-0.00028615,0.00011406,12:49:45..188,,,,
12:49:45..315,22.67181216,-0.006767,-0.00015418,0.00065249,0.00039657,0.00019719,0.00109584,0.0000879,-0.00028617,0.00011423,12:49:45..313,,,,
12:49:45..347,22.62526875,-0.006675,-0.00015415,0.00065234,0.00039694,0.00019689,0.00109608,0.00008768,-0.00028562,0.00011415,12:49:45..356,,,,
12:49:45..463,22.5994113,-0.006675,-0.0001545,0.00065259,0.00039681,0.00019692,0.00109607,0.00008922,-0.00028637,0.00011399,12:49:45..460,,,,
12:49:45..494,22.71318408,-0.006677,-0.00015466,0.00065201,0.0003965,0.00019677,0.00109544,0.000088,-0.00028606,0.0001136,12:49:45..504,,,,
12:49:45..609,22.63561173,-0.006677,-0.00015456,0.00065146,0.00039658,0.00019701,0.00109534,0.00008735,-0.00028636,0.00011394,12:49:45..607,,,,
12:49:45..641,22.64595471,-0.006733,-0.00015477,0.00065191,0.00039661,0.00019695,0.00109605,0.00008741,-0.00028593,0.00011399,12:49:45..651,,,,
12:49:45..776,22.53218193,-0.006733,-0.00015456,0.00065164,0.00039692,0.00019719,0.00109583,0.00008832,-0.0002861,0.00011439,12:49:45..774,,,,
12:49:45..809,22.61492577,-0.006854,-0.00015443,0.00065171,0.00039719,0.00019681,0.00109555,0.00008711,-0.00028575,0.00011425,12:49:45..817,,,,
12:49:45..918,22.50632448,-0.006854,-0.00015459,0.00065129,0.00039694,0.00019684,0.00109582,0.00008832,-0.00028569,0.00011433,12:49:45..916,,,,
12:49:45..949,22.57355385,-0.006868,-0.00015443,0.00065148,0.00039713,0.00019687,0.00109549,0.00008741,-0.00028569,0.00011381,12:49:45..960,,,,
12:49:46..057,22.51666746,-0.006868,-0.00015477,0.00065166,0.00039681,0.00019739,0.00109515,0.00008701,-0.00028571,0.0001138,12:49:46..054,,,,
12:49:46..089,22.50115299,-0.006784,-0.00015469,0.00065172,0.00039741,0.00019717,0.00109526,0.00008779,-0.00028576,0.00011424,12:49:46..097,,,,
12:49:46..163,22.4959815,-0.006784,-0.00015496,0.00065091,0.00039703,0.00019667,0.00109539,0.00008751,-0.00028567,0.00011427,12:49:46..160,,,,
12:49:46..201,22.40806617,-0.006784,-0.00015466,0.00065113,0.00039677,0.00019694,0.00109556,0.00008757,-0.00028523,0.00011445,12:49:46..160,,,,
12:49:46..234,22.48563852,-0.006665,-0.00015488,0.00065122,0.00039681,0.00019699,0.00109506,0.00008661,-0.00028581,0.00011374,12:49:46..248,,,,
12:49:46..337,22.44943809,-0.006665,-0.00015467,0.0006514,0.00039746,0.00019676,0.00109518,0.00008813,-0.00028552,0.00011388,12:49:46..335,,,,
12:49:46..370,22.37186574,-0.006583,-0.00015489,0.00065141,0.00039762,0.00019687,0.00109536,0.00008703,-0.00028541,0.00011414,12:49:46..380,,,,
12:49:46..492,22.43909511,-0.006583,-0.00015568,0.00065085,0.00039704,0.00019681,0.00109544,0.00008802,-0.00028587,0.00011368,12:49:46..489,,,,
12:49:46..523,22.29429339,-0.006716,-0.00015484,0.00065071,0.00039724,0.00019701,0.00109554,0.0000879,-0.00028546,0.00011427,12:49:46..489,,,,
12:49:46..600,22.25292147,-0.006716,-0.00015496,0.00065079,0.00039735,0.00019705,0.00109523,0.0000865,-0.00028513,0.00011435,12:49:46..640,,,,
12:49:46..648,22.36152276,-0.006716,-0.00015501,0.00065027,0.0003972,0.00019672,0.00109515,0.00008768,-0.00028569,0.00011396,12:49:46..640,,,,
12:49:46..682,22.25809296,-0.006989,-0.00015512,0.00065111,0.00039751,0.00019745,0.00109511,0.00008668,-0.0002851,0.0001141,12:49:46..734,,,,
12:49:46..786,22.237407,-0.006989,-0.00015508,0.00065053,0.00039784,0.0001967,0.00109521,0.00008715,-0.00028573,0.00011385,12:49:46..785,,,,
12:49:46..821,22.24774998,-0.007074,-0.00015535,0.0006506,0.00039728,0.00019662,0.00109505,0.00008615,-0.00028533,0.00011415,12:49:46..828,,,,
12:49:46..944,22.24774998,-0.007074,-0.00015506,0.00065026,0.00039763,0.00019679,0.00109526,0.00008726,-0.00028558,0.00011363,12:49:46..943,,,,
12:49:46..978,22.20637806,-0.007127,-0.00015557,0.00065029,0.00039745,0.0001968,0.0010951,0.00008592,-0.000285,0.00011424,12:49:46..988,,,,
12:49:47..094,22.20120657,-0.007127,-0.00015512,0.00065014,0.00039787,0.0001968,0.00109519,0.00008783,-0.0002853,0.00011361,12:49:47..092,,,,
12:49:47..127,22.24774998,-0.007124,-0.00015552,0.00065032,0.00039776,0.00019721,0.00109511,0.00008722,-0.00028564,0.0001139,12:49:47..134,,,,
12:49:47..243,22.12363422,-0.007124,-0.00015584,0.00065038,0.00039736,0.00019703,0.00109439,0.00008598,-0.00028553,0.00011361,12:49:47..241,,,,
12:49:47..275,22.21672104,-0.006956,-0.00015565,0.00064996,0.00039793,0.00019686,0.00109495,0.00008648,-0.0002849,0.00011395,12:49:47..241,,,,
12:49:47..338,22.1339772,-0.006956,-0.00015564,0.00064964,0.00039788,0.00019703,0.00109492,0.00008645,-0.00028523,0.00011402,12:49:47..378,,,,
12:49:47..412,22.08743379,-0.006956,-0.00015559,0.00064978,0.00039808,0.00019684,0.00109456,0.00008657,-0.00028554,0.00011404,12:49:47..378,,,,
12:49:47..447,22.13914869,-0.006735,-0.00015526,0.00064962,0.00039798,0.00019698,0.00109422,0.0000859,-0.00028494,0.000114,12:49:47..465,,,,
12:49:47..503,22.05123336,-0.006669,-0.00015557,0.00064921,0.00039798,0.00019684,0.00109507,0.00008705,-0.00028533,0.00011422,12:49:47..510,,,,
12:49:47..545,22.05640485,-0.006669,-0.00015573,0.00064961,0.00039747,0.00019659,0.00109444,0.00008589,-0.00028456,0.00011381,12:49:47..510,,,,
12:49:47..577,22.0822623,-0.00649,-0.00015584,0.00064963,0.00039773,0.00019667,0.00109489,0.00008566,-0.00028465,0.0001143,12:49:47..598,,,,
12:49:47..681,22.11329124,-0.00649,-0.00015586,0.0006493,0.00039811,0.00019648,0.00109503,0.00008692,-0.00028507,0.00011339,12:49:47..679,,,,
12:49:47..713,21.99434697,-0.006519,-0.00015607,0.00064934,0.00039803,0.00019708,0.00109448,0.00008524,-0.00028531,0.00011407,12:49:47..721,,,,
12:49:47..831,22.06157634,-0.006519,-0.00015561,0.00064886,0.0003984,0.00019674,0.00109435,0.00008633,-0.00028588,0.00011381,12:49:47..829,,,,
12:49:47..864,21.93228909,-0.006633,-0.00015555,0.00064908,0.00039789,0.00019706,0.00109492,0.00008606,-0.00028486,0.00011414,12:49:47..872,,,,
12:49:47..966,21.96848952,-0.006633,-0.00015615,0.00064913,0.0003983,0.00019701,0.0010946,0.00008577,-0.00028485,0.00011378,12:49:47..963,,,,
12:49:47..998,21.90643164,-0.006675,-0.00015583,0.0006493,0.00039831,0.0001969,0.00109492,0.00008575,-0.00028477,0.0001143,12:49:48..009,,,,
12:49:48..117,21.89091717,-0.006675,-0.00015609,0.00064879,0.00039842,0.00019685,0.00109453,0.00008625,-0.0002855,0.00011385,12:49:48..115,,,,
12:49:48..150,21.8754027,-0.006803,-0.00015618,0.00064865,0.00039851,0.00019704,0.0010945,0.00008688,-0.00028552,0.0001139,12:49:48..115,,,,
12:49:48..218,21.84437376,-0.006978,-0.00015587,0.00064903,0.00039843,0.00019697,0.00109455,0.0000854,-0.00028482,0.0001143,12:49:48..258,,,,
12:49:48..305,21.93746058,-0.006978,-0.00015591,0.00064882,0.00039885,0.00019714,0.00109508,0.00008678,-0.00028505,0.00011351,12:49:48..305,,,,
12:49:48..337,21.80300184,-0.007058,-0.00015612,0.00064863,0.00039804,0.00019702,0.00109456,0.00008527,-0.00028533,0.00011393,12:49:48..351,,,,
12:49:48..457,21.83920227,-0.007058,-0.00015562,0.00064872,0.00039846,0.00019714,0.00109472,0.00008605,-0.00028462,0.00011435,12:49:48..455,,,,
12:49:48..490,21.79783035,-0.007223,-0.00015658,0.00064859,0.00039854,0.00019676,0.0010939,0.00008462,-0.00028512,0.00011421,12:49:48..499,,,,
12:49:48..604,21.78748737,-0.007223,-0.00015587,0.00064836,0.00039879,0.00019727,0.00109455,0.00008618,-0.00028494,0.00011397,12:49:48..602,,,,
12:49:48..636,21.74611545,-0.007245,-0.0001564,0.00064802,0.00039868,0.00019698,0.00109423,0.00008632,-0.00028516,0.00011324,12:49:48..645,,,,
12:49:48..746,21.70474353,-0.007245,-0.00015649,0.00064859,0.00039885,0.00019725,0.0010942,0.00008486,-0.00028483,0.00011404,12:49:48..743,,,,
12:49:48..778,21.75645843,-0.007506,-0.00015687,0.00064812,0.00039898,0.00019714,0.0010946,0.00008507,-0.00028469,0.0001143,12:49:48..786,,,,
12:49:48..895,21.74611545,-0.007506,-0.00015634,0.00064834,0.00039814,0.00019638,0.00109454,0.00008586,-0.00028499,0.00011388,12:49:48..892,,,,
12:49:48..926,21.78748737,-0.007583,-0.00015651,0.00064761,0.00039838,0.00019671,0.0010942,0.00008525,-0.0002848,0.00011396,12:49:48..892,,,,
12:49:49..010,21.68922906,-0.007583,-0.00015664,0.00064762,0.00039864,0.00019658,0.00109372,0.0000856,-0.00028523,0.00011394,12:49:49..051,,,,
12:49:49..059,21.69440055,-0.007583,-0.00015626,0.0006481,0.00039845,0.00019739,0.0010943,0.00008571,-0.00028469,0.00011382,12:49:49..051,,,,
12:49:49..094,21.6685431,-0.00736,-0.00015664,0.00064751,0.0003991,0.00019719,0.0010941,0.00008643,-0.00028476,0.00011381,12:49:49..143,,,,
12:49:49..206,21.64785714,-0.00736,-0.00015663,0.00064835,0.00039861,0.00019722,0.00109384,0.000085,-0.00028418,0.00011395,12:49:49..205,,,,
12:49:49..239,21.67371459,-0.007206,-0.00015632,0.00064767,0.000399,0.00019726,0.00109385,0.00008581,-0.00028447,0.00011422,12:49:49..248,,,,
12:49:49..329,21.67371459,-0.007206,-0.00015659,0.00064779,0.00039883,0.00019663,0.00109428,0.00008467,-0.00028441,0.00011423,12:49:49..327,,,,
12:49:49..362,21.55994181,-0.007206,-0.00015656,0.00064736,0.00039873,0.00019701,0.00109398,0.00008469,-0.00028435,0.00011389,12:49:49..327,,,,
12:49:49..396,21.63234267,-0.006859,-0.00015675,0.00064771,0.00039889,0.00019708,0.00109399,0.00008516,-0.00028436,0.00011346,12:49:49..439,,,,
12:49:49..509,21.64785714,-0.006859,-0.00015693,0.00064763,0.00039893,0.00019678,0.00109411,0.00008446,-0.00028459,0.00011427,12:49:49..507,,,,
