Time,Pressure,Flow Rate (ml/s),Force 1,Force 2,Force 3,Force 4,Force 5,Force 6,Force 7,Force 8,Flow Meter Time,,,, 
12:50:13..079,4.65951249,-0.001847,-0.00019661,0.00060939,0.00041549,0.00020881,0.00107281,0.00004765,-0.00026958,0.00011997,12:50:13..102,,,,
12:50:13..160,4.59745461,-0.001847,-0.00019679,0.00060943,0.0004161,0.00020943,0.0010731,0.00004886,-0.00026979,0.00011916,12:50:13..195,,,,
12:50:13..206,4.38542352,-0.001916,-0.00019678,0.00060965,0.00041523,0.00020863,0.00107262,0.00004816,-0.00026971,0.00011944,12:50:13..239,,,,
12:50:13..274,4.6026261,-0.001916,-0.00019672,0.00060917,0.00041546,0.00020984,0.00107293,0.00004881,-0.00026972,0.00011928,12:50:13..239,,,,
12:50:13..307,4.48885332,-0.001988,-0.00019712,0.00060915,0.00041587,0.00020895,0.00107266,0.00004834,-0.00026943,0.00011947,12:50:13..329,,,,
12:50:13..425,4.41645246,-0.001988,-0.0001969,0.00060909,0.00041516,0.00020841,0.00107225,0.00004837,-0.00026956,0.00011871,12:50:13..425,,,,
12:50:13..458,4.57676865,-0.002093,-0.00019658,0.0006087,0.00041534,0.00020929,0.00107293,0.0000496,-0.00027002,0.0001191,12:50:13..425,,,,
12:50:13..532,4.37508054,-0.002093,-0.00019686,0.00060912,0.00041507,0.00020878,0.00107277,0.00004756,-0.00026957,0.00011963,12:50:13..582,,,,
12:50:13..601,4.60779759,-0.002093,-0.00019678,0.00060914,0.0004156,0.0002092,0.00107314,0.00004911,-0.00026982,0.00011956,12:50:13..582,,,,
12:50:13..634,4.54056822,-0.002117,-0.0001966,0.0006089,0.00041571,0.00020907,0.00107264,0.00004852,-0.00026959,0.00011914,12:50:13..668,,,,
12:50:13..754,4.38542352,-0.002117,-0.00019699,0.00060898,0.00041595,0.00020916,0.0010734,0.00004848,-0.00026955,0.00011955,12:50:13..753,,,,
12:50:13..786,4.51471077,-0.002048,-0.00019665,0.00060881,0.00041552,0.00020937,0.0010729,0.00004946,-0.00026971,0.00011928,12:50:13..796,,,,
12:50:13..895,4.41128097,-0.002048,-0.0001969,0.00060905,0.00041537,0.00020931,0.00107297,0.00004811,-0.00026972,0.00011975,12:50:13..893,,,,
12:50:13..927,4.654341,-0.001983,-0.00019701,0.00060918,0.00041537,0.00020889,0.00107279,0.00004777,-0.00026956,0.00011966,12:50:13..936,,,,
12:50:14..032,4.51471077,-0.001983,-0.00019646,0.00060893,0.00041561,0.00020844,0.00107284,0.00004915,-0.00026956,0.00011965,12:50:14..030,,,,
12:50:14..064,4.6026261,-0.001744,-0.00019658,0.00060936,0.00041554,0.0002089,0.00107317,0.00004924,-0.00026986,0.00011895,12:50:14..076,,,,
12:50:14..185,4.66985547,-0.001744,-0.00019705,0.00060909,0.00041547,0.00020866,0.00107233,0.00004723,-0.00026975,0.00011996,12:50:14..183,,,,
12:50:14..218,4.56125418,-0.001603,-0.00019676,0.00060953,0.00041536,0.00020886,0.00107293,0.0000482,-0.00026964,0.00011979,12:50:14..183,,,,
12:50:14..282,4.59228312,-0.001603,-0.00019684,0.00060875,0.0004152,0.00020906,0.00107269,0.00004883,-0.00026964,0.00011931,12:50:14..323,,,,
12:50:14..331,4.3957665,-0.001603,-0.00019683,0.00060893,0.00041551,0.0002089,0.00107274,0.00004805,-0.00026992,0.00011959,12:50:14..323,,,,
12:50:14..364,4.50436779,-0.001703,-0.00019707,0.00060888,0.00041513,0.00020893,0.00107276,0.00004864,-0.00026969,0.00011938,12:50:14..366,,,,
12:50:14..478,4.68019845,-0.001703,-0.0001972,0.00060893,0.00041517,0.00020864,0.00107258,0.00004775,-0.00027004,0.00011963,12:50:14..476,,,,
12:50:14..510,4.40610948,-0.001852,-0.00019675,0.00060875,0.00041569,0.00020883,0.00107283,0.00004888,-0.00026962,0.00011969,12:50:14..520,,,,
12:50:14..576,4.5509112,-0.001863,-0.00019687,0.00060919,0.00041571,0.00020909,0.00107311,0.00004809,-0.00026947,0.00011982,12:50:14..629,,,,
12:50:14..699,4.51988226,-0.001863,-0.00019672,0.0006087,0.00041599,0.00020924,0.00107275,0.00004911,-0.0002703,0.00011991,12:50:14..700,,,,
12:50:14..734,4.61814057,-0.001867,-0.00019682,0.0006092,0.00041485,0.00020876,0.00107261,0.00004789,-0.00026957,0.00011986,12:50:14..745,,,,
12:50:14..840,4.59228312,-0.001867,-0.00019712,0.00060867,0.00041502,0.0002088,0.0010727,0.00004875,-0.0002701,0.00011947,12:50:14..840,,,,
12:50:14..874,4.54056822,-0.001932,-0.00019733,0.00060892,0.00041509,0.00020868,0.0010728,0.00004754,-0.00026923,0.00011963,12:50:14..884,,,,
12:50:14..979,4.6026261,-0.001932,-0.00019702,0.00060874,0.00041513,0.00020854,0.00107275,0.00004909,-0.00027023,0.00011958,12:50:14..978,,,,
12:50:15..011,4.4991963,-0.001893,-0.00019721,0.00060908,0.00041532,0.0002085,0.00107277,0.00004706,-0.00026998,0.00011946,12:50:15..021,,,,
12:50:15..074,4.5509112,-0.001901,-0.00019664,0.00060929,0.00041541,0.00020868,0.00107325,0.0000493,-0.00026983,0.00012003,12:50:15..117,,,,
12:50:15..157,4.53022524,-0.001901,-0.00019705,0.0006094,0.00041511,0.0002089,0.00107243,0.00004814,-0.00026944,0.00011984,12:50:15..117,,,,
12:50:15..190,4.47851034,-0.001936,-0.00019687,0.00060902,0.00041584,0.00020869,0.00107318,0.00004825,-0.00027011,0.00011977,12:50:15..202,,,,
12:50:15..312,4.58711163,-0.001936,-0.00019699,0.00060881,0.00041546,0.0002087,0.00107283,0.00004789,-0.00026981,0.00012008,12:50:15..310,,,,
12:50:15..343,4.42162395,-0.001993,-0.00019745,0.00060937,0.00041554,0.00020877,0.00107291,0.00004784,-0.0002698,0.00011996,12:50:15..354,,,,
12:50:15..415,4.59228312,-0.001992,-0.00019685,0.0006084,0.00041555,0.00020888,0.00107298,0.00004932,-0.00026981,0.00011999,12:50:15..458,,,,
12:50:15..462,4.48885332,-0.001992,-0.00019708,0.00060864,0.00041512,0.00020851,0.00107271,0.00004764,-0.00026951,0.00012001,12:50:15..458,,,,
12:50:15..496,4.47851034,-0.001987,-0.00019693,0.00060896,0.00041515,0.00020891,0.00107235,0.00004791,-0.0002699,0.00012014,12:50:15..504,,,,
12:50:15..621,4.54056822,-0.001987,-0.00019716,0.00060872,0.00041544,0.00020869,0.00107297,0.00004939,-0.00027018,0.00011967,12:50:15..619,,,,
12:50:15..653,4.47851034,-0.00194,-0.00019663,0.00060897,0.00041524,0.00020893,0.00107281,0.00004851,-0.00026943,0.00011993,12:50:15..619,,,,
12:50:15..735,4.54056822,-0.001969,-0.00019709,0.00060864,0.00041539,0.00020877,0.00107296,0.00004825,-0.00027025,0.00012,12:50:15..767,,,,
12:50:15..813,4.53539673,-0.001969,-0.00019657,0.00060867,0.00041479,0.00020837,0.00107301,0.00004807,-0.00027002,0.00012017,12:50:15..813,,,,
12:50:15..845,5.21286192,-0.001865,-0.00019724,0.0006087,0.00041502,0.00020882,0.00107268,0.00004769,-0.00026959,0.00012007,12:50:15..856,,,,
12:50:15..979,11.72376783,-0.001865,-0.00019682,0.00060857,0.00041535,0.00020868,0.00107293,0.00004889,-0.00026941,0.00011969,12:50:15..856,,,,
12:50:16..011,10.9118439,0.001267,-0.00019508,0.00060882,0.00041488,0.00020805,0.00107299,0.00004821,-0.00026998,0.00012082,12:50:15..979,,,,
12:50:16..094,13.58033274,0.006895,-0.00019479,0.00060911,0.0004155,0.00020862,0.00107308,0.00004869,-0.00027017,0.00012079,12:50:16..125,,,,
12:50:16..192,10.46192427,0.006895,-0.00019502,0.00060894,0.00041499,0.00020832,0.00107376,0.00004834,-0.00026974,0.00012084,12:50:16..197,,,,
12:50:16..226,13.3941591,0.006895,-0.00019471,0.00060906,0.00041505,0.00020806,0.00107283,0.00004912,-0.00027008,0.00012067,12:50:16..197,,,,
12:50:16..258,13.09938417,0.020769,-0.00018379,0.00060886,0.00041346,0.00020814,0.00107751,0.00005313,-0.00027242,0.00012272,12:50:16..285,,,,
12:50:16..414,13.28038632,0.020769,-0.00018385,0.00060895,0.00041345,0.00020765,0.00107735,0.00005331,-0.00027317,0.00012306,12:50:16..285,,,,
12:50:16..448,16.06781943,0.045914,-0.00016754,0.0006192,0.00040927,0.0002084,0.00108379,0.00006195,-0.00027612,0.00012704,12:50:16..416,,,,
12:50:16..538,16.95731571,0.045914,-0.00016689,0.00061928,0.00040959,0.00020861,0.00108421,0.00006233,-0.00027631,0.00012634,12:50:16..589,,,,
12:50:16..611,18.38981844,0.045914,-0.0001672,0.00061945,0.00040939,0.00020796,0.00108334,0.00006161,-0.00027637,0.00012723,12:50:16..589,,,,
12:50:16..643,20.71698894,0.072843,-0.00015193,0.00063318,0.00040402,0.00020695,0.00109037,0.00007579,-0.00028076,0.00012604,12:50:16..677,,,,
12:50:16..779,21.48236946,0.072843,-0.00015191,0.00063335,0.00040392,0.00020688,0.00109038,0.00007423,-0.00027987,0.00012641,12:50:16..779,,,,
12:50:16..810,25.71781977,0.090945,-0.00014918,0.00063708,0.00040189,0.00020575,0.00109243,0.00007887,-0.00028187,0.00012449,12:50:16..845,,,,
12:50:16..917,26.3228841,0.090945,-0.00014845,0.000637,0.00040171,0.00020566,0.00109296,0.00007878,-0.00028161,0.00012372,12:50:16..920,,,,
12:50:16..951,30.23770203,0.105045,-0.00013727,0.00065173,0.00039242,0.00019961,0.00110149,0.00009514,-0.00028924,0.00011548,12:50:16..920,,,,
12:50:17..065,31.30302897,0.105045,-0.00013688,0.00065164,0.00039213,0.00019979,0.00110154,0.00009535,-0.00028964,0.00011571,12:50:17..122,,,,
12:50:17..130,35.20233243,0.105045,-0.00013716,0.00065167,0.00039239,0.00019992,0.00110181,0.00009536,-0.00028958,0.00011531,12:50:17..122,,,,
12:50:17..164,37.14681267,0.116587,-0.00012431,0.00067991,0.00038444,0.00019899,0.00111275,0.00011717,-0.00029491,0.00010788,12:50:17..168,,,,
12:50:17..263,38.26385451,0.116587,-0.00012426,0.00067977,0.0003845,0.00019864,0.0011129,0.0001165,-0.00029509,0.0001087,12:50:17..311,,,,
12:50:17..326,41.20126083,0.116587,-0.00012497,0.00067936,0.00038426,0.00019863,0.00111247,0.00011737,-0.00029544,0.00010808,12:50:17..311,,,,
12:50:17..360,42.88199508,0.118912,-0.00011846,0.0006964,0.00037796,0.00019661,0.00112136,0.00013334,-0.0003005,0.00010159,12:50:17..398,,,,
12:50:17..514,43.60083219,0.118912,-0.00011881,0.00069681,0.00037804,0.00019697,0.00112083,0.00013151,-0.00030019,0.00010218,12:50:17..512,,,,
12:50:17..546,45.93834567,0.114331,-0.00011483,0.00070688,0.00037566,0.0001952,0.00112579,0.00014149,-0.00030313,0.00009836,12:50:17..555,,,,
12:50:17..693,46.09349037,0.114331,-0.00011537,0.00070721,0.0003754,0.00019501,0.00112598,0.00014086,-0.0003029,0.000098,12:50:17..691,,,,
12:50:17..726,46.35206487,0.105516,-0.00011377,0.00071114,0.00037537,0.00019453,0.00112714,0.00014388,-0.00030367,0.00009703,12:50:17..691,,,,
12:50:17..795,46.1296908,0.105516,-0.00011416,0.00071108,0.00037517,0.00019433,0.00112684,0.00014245,-0.00030347,0.00009655,12:50:17..840,,,,
12:50:17..874,45.8194014,0.105516,-0.00011392,0.00071081,0.0003758,0.00019446,0.00112717,0.00014362,-0.00030406,0.00009646,12:50:17..840,,,,
12:50:17..908,44.70235956,0.088691,-0.00011692,0.00070808,0.00037747,0.00019487,0.00112472,0.00013941,-0.00030148,0.00009823,12:50:17..927,,,,
12:50:18..015,44.3196693,0.088691,-0.00011648,0.000708,0.00037702,0.00019474,0.00112467,0.00013995,-0.00030205,0.00009809,12:50:18..014,,,,
12:50:18..048,42.64927803,0.073938,-0.00012004,0.00070187,0.00037978,0.00019534,0.0011218,0.00013474,-0.00029956,0.00010052,12:50:18..058,,,,
12:50:18..158,42.1476435,0.073938,-0.0001207,0.00070169,0.00037939,0.00019538,0.00112144,0.00013298,-0.00029932,0.00009999,12:50:18..156,,,,
12:50:18..191,40.32210753,0.058643,-0.00012399,0.00069578,0.0003824,0.00019623,0.0011188,0.00012749,-0.00029689,0.00010316,12:50:18..200,,,,
12:50:18..295,39.85150194,0.058643,-0.00012388,0.0006954,0.00038288,0.00019587,0.00111876,0.00012915,-0.00029744,0.00010291,12:50:18..293,,,,
12:50:18..328,38.49657156,0.048831,-0.00012642,0.00069035,0.00038492,0.00019688,0.00111611,0.00012242,-0.00029511,0.00010549,12:50:18..338,,,,
12:50:18..400,38.05699491,0.048831,-0.00012599,0.00069091,0.00038554,0.00019693,0.00111629,0.00012388,-0.00029546,0.00010582,12:50:18..399,,,,
12:50:18..431,37.37435823,0.035444,-0.00012812,0.00068724,0.00038665,0.00019752,0.00111424,0.0001189,-0.00029368,0.00010695,12:50:18..443,,,,
12:50:18..493,37.00201095,0.03142,-0.00012811,0.00068687,0.00038696,0.00019748,0.00111472,0.00012036,-0.00029395,0.00010653,12:50:18..535,,,,
12:50:18..574,36.58829175,0.03142,-0.00012833,0.00068792,0.00038676,0.00019781,0.00111424,0.00011874,-0.00029351,0.00010693,12:50:18..535,,,,
12:50:18..609,36.1487151,0.024208,-0.00013,0.00068313,0.00038841,0.00019739,0.00111266,0.00011638,-0.0002924,0.0001086,12:50:18..623,,,,
12:50:18..732,35.89531209,0.024208,-0.0001303,0.00068319,0.00038833,0.0001976,0.00111205,0.00011563,-0.00029247,0.00010865,12:50:18..730,,,,
12:50:18..765,35.5798512,0.015712,-0.00013018,0.00068218,0.00038851,0.00019734,0.00111199,0.00011403,-0.00029167,0.00010924,12:50:18..730,,,,
12:50:18..840,35.55916524,0.015712,-0.0001307,0.00068189,0.00038835,0.00019742,0.00111188,0.00011557,-0.00029193,0.00010907,12:50:18..904,,,,
12:50:18..911,35.69362398,0.015712,-0.00013047,0.00068255,0.00038862,0.00019751,0.00111184,0.00011411,-0.00029209,0.00010905,12:50:18..904,,,,
12:50:18..944,35.84359719,0.008796,-0.00012961,0.00068345,0.00038809,0.00019693,0.00111219,0.00011535,-0.00029224,0.00010853,12:50:18..946,,,,
12:50:18..993,35.97805593,0.007874,-0.00012969,0.00068351,0.00038822,0.00019755,0.00111258,0.00011568,-0.00029174,0.00010874,12:50:19..036,,,,
12:50:19..052,36.1487151,0.007874,-0.00012936,0.00068344,0.00038837,0.00019705,0.00111222,0.00011552,-0.00029251,0.0001084,12:50:19..036,,,,
12:50:19..086,36.39694662,0.006669,-0.00012876,0.00068521,0.00038736,0.00019707,0.00111303,0.0001171,-0.00029257,0.00010821,12:50:19..122,,,,
12:50:19..202,36.6658641,0.006669,-0.00012893,0.00068509,0.00038716,0.00019698,0.00111349,0.00011758,-0.00029254,0.00010808,12:50:19..201,,,,
12:50:19..234,37.42607313,0.006314,-0.00012673,0.00068786,0.00038561,0.00019654,0.00111496,0.00012101,-0.0002933,0.000107,12:50:19..244,,,,
12:50:19..346,37.77773445,0.006314,-0.0001272,0.00068819,0.00038507,0.00019621,0.00111492,0.00011954,-0.00029321,0.0001074,12:50:19..344,,,,
12:50:19..379,38.5276005,0.007266,-0.00012549,0.00069185,0.0003841,0.00019596,0.00111662,0.00012328,-0.00029404,0.00010604,12:50:19..387,,,,
12:50:19..440,38.82754692,0.007681,-0.00012533,0.00069115,0.00038409,0.00019636,0.0011165,0.00012424,-0.00029466,0.0001062,12:50:19..438,,,,
12:50:19..480,39.34469592,0.007681,-0.00012523,0.00069142,0.00038444,0.00019612,0.00111666,0.0001229,-0.00029453,0.00010618,12:50:19..479,,,,
12:50:19..515,39.53604105,0.008133,-0.00012385,0.00069427,0.00038321,0.00019604,0.00111859,0.00012716,-0.0002955,0.00010543,12:50:19..522,,,,
12:50:19..619,39.7687581,0.008133,-0.00012368,0.00069495,0.00038321,0.00019574,0.00111864,0.000126,-0.00029521,0.00010537,12:50:19..617,,,,
12:50:19..651,40.36865094,0.009658,-0.00012311,0.00069654,0.00038178,0.00019596,0.00112038,0.0001286,-0.00029621,0.00010386,12:50:19..661,,,,
12:50:19..765,40.41519435,0.009658,-0.00012301,0.00069633,0.00038192,0.00019568,0.00112029,0.00012856,-0.00029568,0.0001042,12:50:19..763,,,,
12:50:19..797,40.92200037,0.010946,-0.00012222,0.00069819,0.00038081,0.00019556,0.00112078,0.00013093,-0.00029688,0.00010356,12:50:19..806,,,,
12:50:19..917,40.854771,0.010946,-0.00012179,0.00069825,0.00038113,0.00019555,0.00112118,0.00013027,-0.00029644,0.00010384,12:50:19..915,,,,
12:50:19..949,40.97371527,0.011186,-0.00012202,0.00069855,0.00038108,0.00019566,0.00112155,0.0001321,-0.00029679,0.00010346,12:50:19..960,,,,
12:50:20..019,40.92200037,0.011186,-0.00012234,0.00069904,0.00038043,0.00019516,0.00112138,0.00013052,-0.00029686,0.00010304,12:50:20..017,,,,
12:50:20..053,40.78754163,0.010816,-0.0001223,0.0006987,0.00038111,0.00019555,0.00112119,0.00012992,-0.00029637,0.00010326,12:50:20..060,,,,
12:50:20..162,40.78237014,0.010816,-0.00012216,0.00069838,0.00038119,0.00019536,0.00112141,0.00013141,-0.00029668,0.00010341,12:50:20..162,,,,
12:50:20..197,40.37899392,0.009644,-0.00012357,0.00069739,0.0003817,0.00019588,0.0011209,0.00012898,-0.00029566,0.00010397,12:50:20..205,,,,
12:50:20..326,40.2341922,0.009644,-0.00012322,0.0006969,0.00038193,0.00019567,0.00112096,0.00013023,-0.00029603,0.00010384,12:50:20..323,,,,
12:50:20..357,39.71187171,0.007875,-0.00012428,0.00069574,0.00038231,0.00019613,0.00111982,0.00012816,-0.000295,0.00010478,12:50:20..368,,,,
12:50:20..461,39.57224148,0.007875,-0.00012375,0.00069543,0.00038285,0.0001955,0.00112002,0.00012843,-0.00029542,0.00010456,12:50:20..459,,,,
12:50:20..495,39.03957801,0.005868,-0.00012505,0.0006946,0.00038317,0.00019563,0.00111931,0.00012636,-0.00029489,0.00010467,12:50:20..502,,,,
12:50:20..563,39.00854907,0.005199,-0.00012493,0.00069429,0.00038348,0.00019634,0.00111919,0.00012753,-0.00029473,0.0001053,12:50:20..562,,,,
12:50:20..609,38.67757371,0.005199,-0.00012485,0.00069422,0.00038313,0.00019642,0.00111938,0.00012689,-0.00029446,0.00010527,12:50:20..606,,,,
12:50:20..641,38.55862944,0.003867,-0.00012636,0.00069259,0.00038386,0.0001971,0.00111819,0.00012491,-0.00029419,0.0001058,12:50:20..649,,,,
12:50:20..742,38.46037113,0.003867,-0.00012583,0.0006924,0.00038378,0.0001966,0.00111853,0.00012594,-0.00029439,0.00010513,12:50:20..740,,,,
12:50:20..774,38.18628216,0.002276,-0.00012643,0.00069122,0.00038453,0.00019675,0.00111829,0.00012548,-0.00029356,0.0001058,12:50:20..781,,,,
12:50:20..894,38.21213961,0.002276,-0.00012635,0.00069202,0.00038429,0.00019667,0.00111795,0.00012397,-0.00029333,0.00010594,12:50:20..892,,,,
12:50:20..927,38.02596597,0.001199,-0.00012662,0.00069149,0.00038436,0.00019675,0.00111793,0.00012363,-0.0002933,0.00010622,12:50:20..938,,,,
12:50:21..036,38.06733789,0.001199,-0.00012663,0.00069125,0.00038471,0.00019711,0.0011172,0.00012432,-0.00029404,0.00010578,12:50:21..034,,,,
12:50:21..068,38.05699491,0.000746,-0.00012709,0.00069159,0.00038475,0.00019688,0.00111697,0.00012405,-0.00029318,0.00010522,12:50:21..077,,,,
12:50:21..171,38.12939577,0.000746,-0.0001267,0.00069167,0.00038481,0.00019744,0.00111807,0.00012418,-0.00029326,0.00010574,12:50:21..169,,,,
12:50:21..202,38.13456726,0.000587,-0.00012673,0.00069166,0.00038421,0.00019735,0.00111825,0.00012432,-0.00029323,0.00010562,12:50:21..213,,,,
12:50:21..304,38.23799706,0.000587,-0.00012667,0.00069171,0.00038433,0.00019696,0.00111818,0.00012511,-0.0002935,0.0001057,12:50:21..304,,,,
12:50:21..337,38.44485666,0.00081,-0.00012558,0.00069244,0.00038425,0.00019709,0.00111893,0.00012605,-0.00029377,0.00010539,12:50:21..346,,,,
12:50:21..458,38.58965838,0.00081,-0.00012577,0.00069312,0.00038405,0.00019675,0.00111903,0.00012541,-0.00029363,0.00010526,12:50:21..456,,,,
12:50:21..491,38.80168947,0.001292,-0.00012529,0.00069412,0.00038356,0.00019685,0.001119,0.00012634,-0.00029361,0.00010526,12:50:21..500,,,,
12:50:21..553,38.94649119,0.00167,-0.000125,0.00069399,0.00038297,0.00019686,0.00111912,0.00012779,-0.00029426,0.00010483,12:50:21..596,,,,
12:50:21..646,39.11197887,0.00167,-0.00012562,0.00069419,0.00038342,0.00019709,0.00111892,0.00012597,-0.00029418,0.00010523,12:50:21..647,,,,
12:50:21..680,39.27746655,0.002212,-0.00012444,0.00069488,0.00038272,0.00019646,0.00111974,0.00012791,-0.00029445,0.00010461,12:50:21..689,,,,
12:50:21..816,39.4067538,0.002212,-0.00012464,0.00069538,0.00038248,0.00019724,0.00112008,0.00012856,-0.00029439,0.0001044,12:50:21..814,,,,
12:50:21..848,39.53604105,0.002657,-0.00012414,0.00069618,0.00038235,0.00019715,0.0011203,0.00012963,-0.00029496,0.0001048,12:50:21..856,,,,
12:50:21..892,39.56706999,0.00301,-0.00012483,0.00069604,0.00038233,0.00019718,0.00111938,0.00012811,-0.00029502,0.00010439,12:50:21..899,,,,
12:50:21..945,39.63429936,0.00301,-0.00012469,0.00069568,0.00038215,0.00019646,0.00112009,0.00012973,-0.000295,0.00010368,12:50:21..977,,,,
12:50:21..985,39.63947085,0.00301,-0.00012449,0.00069592,0.000382,0.00019669,0.00112013,0.00012835,-0.00029473,0.0001042,12:50:21..977,,,,
12:50:22..020,39.67567128,0.003332,-0.00012433,0.00069655,0.00038206,0.00019688,0.00112013,0.00012938,-0.00029499,0.00010412,12:50:22..022,,,,
12:50:22..127,39.63947085,0.003332,-0.00012441,0.0006962,0.00038194,0.00019685,0.00111986,0.00012907,-0.00029485,0.00010408,12:50:22..125,,,,
12:50:22..159,39.6653283,0.003658,-0.0001239,0.00069667,0.00038273,0.00019675,0.00112038,0.00013041,-0.00029513,0.00010447,12:50:22..169,,,,
12:50:22..275,39.62395638,0.003658,-0.00012422,0.00069675,0.00038271,0.00019658,0.00112032,0.00012886,-0.00029463,0.00010421,12:50:22..273,,,,
12:50:22..307,39.47398317,0.003874,-0.00012497,0.00069636,0.0003826,0.00019661,0.00112009,0.00012855,-0.00029448,0.00010433,12:50:22..316,,,,
12:50:22..410,39.45329721,0.003874,-0.00012424,0.00069634,0.00038283,0.00019748,0.00112055,0.00013027,-0.0002944,0.00010434,12:50:22..408,,,,
12:50:22..441,39.32400996,0.003709,-0.0001254,0.00069613,0.00038274,0.00019715,0.00112012,0.00012755,-0.00029424,0.00010469,12:50:22..451,,,,
12:50:22..517,39.31883847,0.003595,-0.00012454,0.00069618,0.00038312,0.00019722,0.00112022,0.00012946,-0.00029447,0.00010445,12:50:22..558,,,,
12:50:22..592,39.15852228,0.003595,-0.000125,0.00069556,0.00038299,0.00019688,0.00111984,0.00012784,-0.00029432,0.00010457,12:50:22..558,,,,
12:50:22..625,39.10680738,0.003139,-0.00012554,0.00069604,0.00038298,0.00019744,0.00111905,0.00012746,-0.00029407,0.00010474,12:50:22..647,,,,
12:50:22..762,39.01372056,0.003139,-0.00012542,0.00069545,0.00038334,0.00019733,0.00111954,0.00012877,-0.00029431,0.0001044,12:50:22..760,,,,
12:50:22..794,38.84823288,0.002728,-0.00012561,0.000695,0.00038353,0.0001975,0.00111966,0.00012691,-0.00029386,0.00010477,12:50:22..760,,,,
12:50:22..868,38.82754692,0.002728,-0.00012553,0.00069537,0.00038374,0.0001975,0.0011199,0.00012824,-0.00029386,0.00010459,12:50:22..899,,,,
12:50:22..918,38.82237543,0.002728,-0.00012574,0.00069561,0.0003841,0.00019718,0.00111974,0.00012718,-0.00029387,0.00010554,12:50:22..899,,,,
12:50:22..952,38.73963159,0.002418,-0.00012568,0.00069519,0.00038403,0.00019737,0.00111964,0.00012728,-0.0002935,0.00010521,12:50:22..987,,,,
12:50:23..063,38.74480308,0.002418,-0.00012601,0.00069471,0.00038383,0.00019703,0.00111915,0.00012777,-0.00029381,0.00010544,12:50:23..063,,,,
12:50:23..097,38.72928861,0.002286,-0.00012542,0.00069507,0.00038404,0.00019714,0.00111961,0.00012722,-0.00029345,0.0001054,12:50:23..107,,,,
12:50:23..220,38.6827452,0.002286,-0.00012592,0.00069513,0.00038378,0.00019712,0.00111948,0.00012783,-0.0002936,0.00010457,12:50:23..220,,,,
12:50:23..253,38.72411712,0.002087,-0.00012542,0.00069484,0.00038363,0.00019709,0.00111971,0.00012862,-0.00029396,0.00010494,12:50:23..266,,,,
12:50:23..368,38.75514606,0.002087,-0.00012618,0.00069552,0.00038331,0.00019722,0.0011193,0.00012662,-0.00029374,0.00010493,12:50:23..366,,,,
12:50:23..401,38.82237543,0.002027,-0.00012522,0.0006953,0.00038374,0.0001973,0.00112,0.00012848,-0.00029405,0.00010437,12:50:23..410,,,,
12:50:23..514,38.8378899,0.002027,-0.00012584,0.00069537,0.00038349,0.00019725,0.0011195,0.00012751,-0.00029375,0.00010535,12:50:23..512,,,,
12:50:23..546,38.96717715,0.002223,-0.00012532,0.00069563,0.00038302,0.00019716,0.00111976,0.00012808,-0.0002938,0.0001047,12:50:23..557,,,,
12:50:23..686,38.99820609,0.002223,-0.00012486,0.00069571,0.00038376,0.0001966,0.00112063,0.00012865,-0.00029354,0.00010524,12:50:23..684,,,,
12:50:23..716,39.09129291,0.002596,-0.00012477,0.000696,0.00038366,0.00019695,0.00112051,0.00012937,-0.00029426,0.0001043,12:50:23..728,,,,
12:50:23..818,39.16886526,0.002596,-0.00012519,0.000697,0.00038363,0.00019723,0.00112081,0.0001278,-0.0002936,0.00010462,12:50:23..816,,,,
12:50:23..849,39.15852228,0.002784,-0.00012511,0.00069703,0.000383,0.00019714,0.00112077,0.00012826,-0.00029352,0.00010403,12:50:23..859,,,,
12:50:23..965,39.13783632,0.002784,-0.00012517,0.00069655,0.00038355,0.00019722,0.00112077,0.00012984,-0.00029401,0.00010445,12:50:23..963,,,,
12:50:23..997,39.26712357,0.003065,-0.00012462,0.00069695,0.00038327,0.00019682,0.00112073,0.00012932,-0.00029406,0.00010417,12:50:24..007,,,,
12:50:24..107,39.1998942,0.003065,-0.0001244,0.00069712,0.00038322,0.00019738,0.00112118,0.00012931,-0.00029381,0.00010472,12:50:24..105,,,,
12:50:24..140,39.26712357,0.003329,-0.00012473,0.00069738,0.00038303,0.00019685,0.00112161,0.0001293,-0.00029422,0.00010444,12:50:24..150,,,,
12:50:24..207,39.21540867,0.003329,-0.00012478,0.00069739,0.00038279,0.00019716,0.00112093,0.00012925,-0.00029349,0.0001045,12:50:24..205,,,,
12:50:24..238,39.28780953,0.003414,-0.00012475,0.00069697,0.00038313,0.00019756,0.00112093,0.00012959,-0.00029424,0.00010373,12:50:24..250,,,,
12:50:24..351,39.23609463,0.003414,-0.00012508,0.00069783,0.00038343,0.00019679,0.00112072,0.00012911,-0.0002935,0.00010386,12:50:24..349,,,,
12:50:24..383,39.22058016,0.003473,-0.00012447,0.00069699,0.00038275,0.00019705,0.00112084,0.00012993,-0.00029374,0.00010409,12:50:24..394,,,,
12:50:24..499,39.27746655,0.003473,-0.0001249,0.00069698,0.00038311,0.00019639,0.00112088,0.00012925,-0.00029367,0.00010455,12:50:24..497,,,,
12:50:24..532,39.10680738,0.003228,-0.00012431,0.0006972,0.00038281,0.00019715,0.00112159,0.00012995,-0.00029337,0.00010424,12:50:24..539,,,,
12:50:24..660,39.20506569,0.003228,-0.00012476,0.00069716,0.00038264,0.00019708,0.00112117,0.00012844,-0.00029347,0.00010438,12:50:24..658,,,,
12:50:24..692,39.07577844,0.002755,-0.00012516,0.00069688,0.00038324,0.000197,0.00112083,0.00012981,-0.0002942,0.00010396,12:50:24..701,,,,
12:50:24..784,39.0964644,0.002755,-0.00012489,0.00069738,0.00038304,0.00019749,0.00112149,0.0001291,-0.00029342,0.00010452,12:50:24..785,,,,
12:50:24..815,38.96717715,0.002378,-0.00012472,0.00069727,0.00038331,0.00019707,0.00112157,0.00012916,-0.00029338,0.00010385,12:50:24..828,,,,
12:50:24..933,39.03440652,0.002378,-0.00012548,0.0006969,0.00038275,0.00019678,0.00112117,0.00012837,-0.00029341,0.00010438,12:50:24..931,,,,
12:50:24..964,38.91029076,0.00201,-0.00012485,0.00069646,0.00038269,0.0001972,0.00112125,0.00012883,-0.00029342,0.00010428,12:50:24..975,,,,
12:50:25..079,39.06543546,0.00201,-0.00012478,0.00069724,0.00038288,0.00019695,0.00112157,0.0001289,-0.00029345,0.00010439,12:50:25..077,,,,
12:50:25..111,38.95683417,0.001768,-0.00012511,0.00069718,0.00038298,0.00019703,0.00112122,0.00012867,-0.00029305,0.0001044,12:50:25..122,,,,
12:50:25..238,39.02406354,0.001768,-0.00012523,0.00069659,0.00038284,0.00019664,0.00112152,0.00012958,-0.00029375,0.00010385,12:50:25..236,,,,
12:50:25..269,38.95683417,0.001692,-0.00012529,0.00069661,0.00038338,0.00019715,0.00112172,0.00012984,-0.00029352,0.00010411,12:50:25..278,,,,
12:50:25..376,39.00337758,0.001692,-0.00012489,0.00069757,0.00038309,0.000197,0.00112136,0.00012819,-0.00029296,0.000104,12:50:25..374,,,,
12:50:25..408,38.92063374,0.001642,-0.00012539,0.00069739,0.00038307,0.00019704,0.00112124,0.00012845,-0.00029367,0.0001041,12:50:25..417,,,,
12:50:25..508,38.95683417,0.001642,-0.00012553,0.00069695,0.00038317,0.00019696,0.00112104,0.0001292,-0.00029356,0.0001038,12:50:25..506,,,,
12:50:25..541,38.97234864,0.001653,-0.00012506,0.00069711,0.00038264,0.0001964,0.00112162,0.00012901,-0.00029367,0.00010437,12:50:25..551,,,,
12:50:25..654,39.04992099,0.001653,-0.00012545,0.00069705,0.00038246,0.00019631,0.00112137,0.00012957,-0.00029334,0.0001036,12:50:25..652,,,,
12:50:25..687,38.96200566,0.00158,-0.00012502,0.00069714,0.00038254,0.00019676,0.00112157,0.00012972,-0.00029374,0.00010397,12:50:25..694,,,,
12:50:25..806,39.01889205,0.00158,-0.00012473,0.00069736,0.00038267,0.00019661,0.00112141,0.00012899,-0.00029311,0.00010417,12:50:25..804,,,,
12:50:25..839,39.04992099,0.001444,-0.0001245,0.00069788,0.00038225,0.00019676,0.00112156,0.00012883,-0.00029292,0.00010393,12:50:25..847,,,,
12:50:25..962,39.10163589,0.001444,-0.00012463,0.00069716,0.00038237,0.00019697,0.00112164,0.00013024,-0.00029357,0.00010355,12:50:25..960,,,,
12:50:25..994,39.07060695,0.00135,-0.00012515,0.000698,0.00038244,0.00019647,0.00112196,0.00012976,-0.00029371,0.00010402,12:50:26..005,,,,
12:50:26..097,39.12749334,0.00135,-0.00012463,0.00069766,0.00038234,0.00019668,0.00112211,0.00013014,-0.00029348,0.00010371,12:50:26..095,,,,
12:50:26..129,39.07577844,0.001276,-0.00012525,0.00069758,0.00038234,0.00019658,0.00112183,0.00013011,-0.00029323,0.00010386,12:50:26..138,,,,
12:50:26..178,39.10680738,0.001226,-0.0001246,0.00069797,0.00038191,0.00019671,0.00112216,0.00012959,-0.00029315,0.00010406,12:50:26..182,,,,
12:50:26..255,39.15335079,0.001226,-0.00012497,0.00069767,0.00038252,0.00019635,0.00112176,0.0001298,-0.00029331,0.00010377,12:50:26..182,,,,
12:50:26..289,39.08612142,0.001158,-0.00012476,0.00069756,0.00038213,0.00019679,0.00112189,0.0001304,-0.00029341,0.0001039,12:50:26..307,,,,
12:50:26..350,39.0964644,0.001218,-0.00012443,0.00069845,0.00038207,0.00019694,0.00112162,0.00012862,-0.00029257,0.00010404,12:50:26..352,,,,
12:50:26..397,39.12232185,0.001218,-0.0001248,0.00069777,0.00038229,0.00019676,0.00112183,0.00013017,-0.00029379,0.0001042,12:50:26..437,,,,
12:50:26..462,39.04992099,0.001218,-0.00012499,0.00069831,0.00038204,0.00019726,0.00112205,0.00012932,-0.00029322,0.00010452,12:50:26..437,,,,
12:50:26..495,39.16369377,0.001522,-0.00012486,0.00069787,0.0003819,0.00019711,0.0011219,0.0001298,-0.00029398,0.00010411,12:50:26..521,,,,
12:50:26..638,39.07577844,0.001522,-0.0001245,0.00069776,0.00038216,0.00019657,0.00112195,0.00013009,-0.00029333,0.00010441,12:50:26..636,,,,
12:50:26..670,39.10163589,0.001556,-0.00012487,0.00069762,0.00038235,0.00019666,0.00112187,0.00013014,-0.00029349,0.00010413,12:50:26..681,,,,
12:50:26..784,39.06026397,0.001556,-0.00012508,0.00069795,0.00038188,0.00019656,0.00112158,0.00012899,-0.00029362,0.0001044,12:50:26..782,,,,
12:50:26..815,39.0964644,0.001556,-0.00012549,0.0006974,0.00038239,0.00019655,0.00112173,0.00013048,-0.00029348,0.00010403,12:50:26..782,,,,
12:50:26..849,39.06026397,0.001749,-0.00012472,0.00069786,0.0003822,0.00019691,0.00112205,0.00012987,-0.00029333,0.00010417,12:50:26..911,,,,
12:50:26..974,39.01372056,0.001749,-0.00012555,0.00069793,0.00038229,0.00019631,0.0011216,0.00012944,-0.00029319,0.00010453,12:50:26..973,,,,
12:50:27..007,39.00337758,0.001929,-0.00012508,0.00069776,0.00038226,0.00019662,0.00112214,0.00012912,-0.0002932,0.00010431,12:50:27..017,,,,
12:50:27..112,39.00854907,0.001929,-0.00012509,0.0006974,0.00038273,0.00019637,0.00112223,0.00013023,-0.00029346,0.00010421,12:50:27..110,,,,
12:50:27..144,39.02923503,0.001984,-0.00012486,0.00069784,0.00038215,0.00019607,0.00112171,0.00012893,-0.000293,0.00010455,12:50:27..153,,,,
12:50:27..200,39.01372056,0.002006,-0.00012493,0.00069742,0.00038235,0.00019616,0.00112227,0.00013068,-0.00029286,0.00010418,12:50:27..240,,,,
12:50:27..245,39.02923503,0.002006,-0.00012524,0.00069732,0.00038174,0.00019583,0.00112193,0.00012891,-0.00029329,0.00010394,12:50:27..240,,,,
12:50:27..279,39.0447495,0.002002,-0.00012501,0.00069677,0.00038166,0.0001963,0.00112189,0.00012904,-0.00029314,0.00010467,12:50:27..283,,,,
12:50:27..387,39.00854907,0.002002,-0.00012534,0.00069758,0.00038223,0.00019649,0.00112186,0.00013036,-0.00029358,0.00010376,12:50:27..385,,,,
12:50:27..419,39.04992099,0.002059,-0.00012519,0.00069736,0.00038204,0.00019652,0.00112188,0.00013005,-0.00029322,0.00010402,12:50:27..430,,,,
12:50:27..485,38.9930346,0.002026,-0.00012512,0.00069715,0.00038168,0.00019665,0.00112211,0.00012946,-0.00029358,0.00010451,12:50:27..528,,,,
12:50:27..579,38.97752013,0.002026,-0.00012549,0.00069696,0.00038191,0.0001963,0.00112195,0.00012969,-0.00029285,0.00010405,12:50:27..577,,,,
12:50:27..611,39.04992099,0.001914,-0.00012527,0.0006976,0.00038173,0.00019638,0.0011222,0.00013021,-0.00029331,0.0001039,12:50:27..620,,,,
12:50:27..751,39.04992099,0.001914,-0.00012538,0.00069748,0.00038176,0.00019642,0.00112202,0.0001289,-0.00029315,0.0001043,12:50:27..748,,,,
12:50:27..783,39.02406354,0.001751,-0.00012559,0.00069727,0.00038151,0.00019627,0.0011219,0.00012975,-0.00029303,0.00010377,12:50:27..792,,,,
12:50:27..908,39.04992099,0.001751,-0.00012544,0.00069724,0.00038197,0.00019683,0.00112204,0.00012987,-0.00029311,0.00010452,12:50:27..906,,,,
12:50:27..939,38.98269162,0.001698,-0.00012525,0.00069736,0.00038187,0.0001966,0.00112217,0.00013107,-0.00029323,0.00010398,12:50:27..949,,,,
12:50:28..053,39.07577844,0.001698,-0.00012543,0.00069768,0.00038172,0.00019627,0.00112217,0.00012955,-0.0002933,0.0001041,12:50:28..051,,,,
12:50:28..085,39.10680738,0.001728,-0.0001249,0.00069803,0.00038117,0.00019659,0.00112194,0.00012898,-0.00029295,0.00010428,12:50:28..095,,,,
12:50:28..216,39.0964644,0.001728,-0.00012511,0.00069727,0.00038213,0.00019632,0.00112237,0.00013084,-0.00029344,0.00010421,12:50:28..214,,,,
12:50:28..249,39.05509248,0.001683,-0.00012553,0.00069782,0.00038185,0.00019642,0.0011226,0.00013007,-0.00029316,0.00010416,12:50:28..258,,,,
12:50:28..366,39.06543546,0.001683,-0.00012532,0.00069726,0.00038171,0.00019641,0.00112229,0.00013018,-0.00029315,0.00010403,12:50:28..364,,,,
12:50:28..398,39.02406354,0.001737,-0.00012574,0.00069751,0.00038165,0.00019674,0.00112184,0.00013027,-0.00029381,0.00010397,12:50:28..408,,,,
12:50:28..521,39.04992099,0.001737,-0.00012551,0.00069825,0.00038148,0.00019633,0.001122,0.00012947,-0.0002933,0.00010382,12:50:28..519,,,,
12:50:28..552,39.07577844,0.001905,-0.0001252,0.00069815,0.00038153,0.00019594,0.00112219,0.00012954,-0.00029313,0.00010407,12:50:28..519,,,,
12:50:28..631,39.12232185,0.001905,-0.00012507,0.00069757,0.00038164,0.00019636,0.00112243,0.0001309,-0.00029344,0.00010389,12:50:28..706,,,,
12:50:28..714,39.05509248,0.001905,-0.00012554,0.00069802,0.00038131,0.00019561,0.00112185,0.00012922,-0.00029295,0.00010465,12:50:28..706,,,,
12:50:28..748,39.09129291,0.002008,-0.00012529,0.00069805,0.00038139,0.00019612,0.00112216,0.00013015,-0.00029345,0.0001041,12:50:28..821,,,,
12:50:28..876,39.08094993,0.001953,-0.00012521,0.00069782,0.00038148,0.00019628,0.00112214,0.0001293,-0.00029357,0.00010432,12:50:28..888,,,,
12:50:28..936,39.04992099,0.001953,-0.00012555,0.0006972,0.00038145,0.00019613,0.00112256,0.00013057,-0.00029322,0.0001043,12:50:28..936,,,,
12:50:28..970,39.0447495,0.001888,-0.00012539,0.00069805,0.00038159,0.00019632,0.00112257,0.0001298,-0.00029352,0.00010375,12:50:28..982,,,,
12:50:29..101,39.06026397,0.001888,-0.00012522,0.00069786,0.00038153,0.00019657,0.00112249,0.00012985,-0.000293,0.00010439,12:50:29..099,,,,
12:50:29..133,39.04992099,0.002007,-0.00012529,0.00069744,0.00038166,0.00019621,0.00112216,0.0001306,-0.00029349,0.00010406,12:50:29..143,,,,
12:50:29..247,39.02923503,0.002007,-0.00012544,0.00069843,0.00038147,0.00019666,0.00112205,0.00012934,-0.00029324,0.00010412,12:50:29..245,,,,
12:50:29..278,39.02406354,0.002251,-0.00012557,0.00069783,0.00038169,0.00019628,0.00112227,0.00013084,-0.00029359,0.00010414,12:50:29..290,,,,
12:50:29..410,39.04992099,0.002251,-0.00012559,0.00069847,0.00038147,0.00019609,0.00112247,0.00012963,-0.00029308,0.00010411,12:50:29..408,,,,
12:50:29..442,39.0447495,0.00246,-0.00012567,0.00069783,0.00038146,0.00019613,0.00112227,0.00012947,-0.00029324,0.00010423,12:50:29..452,,,,
12:50:29..570,39.07577844,0.00246,-0.00012569,0.00069814,0.00038159,0.00019679,0.00112213,0.00012957,-0.00029347,0.00010414,12:50:29..568,,,,
12:50:29..602,39.03957801,0.002563,-0.00012507,0.00069809,0.00038128,0.00019617,0.00112253,0.00013062,-0.00029366,0.00010375,12:50:29..611,,,,
12:50:29..708,39.01372056,0.002563,-0.000126,0.00069846,0.00038132,0.0001959,0.00112227,0.00012911,-0.0002933,0.00010404,12:50:29..705,,,,
12:50:29..739,39.0447495,0.002588,-0.00012536,0.00069828,0.00038175,0.00019641,0.0011222,0.00013089,-0.00029305,0.00010407,12:50:29..705,,,,
12:50:29..820,39.05509248,0.002588,-0.00012534,0.00069865,0.00038158,0.00019599,0.00112201,0.00012943,-0.00029292,0.00010397,12:50:29..845,,,,
12:50:29..861,39.0964644,0.002588,-0.00012515,0.00069785,0.00038136,0.0001967,0.00112241,0.00013023,-0.00029352,0.00010391,12:50:29..845,,,,
12:50:29..896,39.07060695,0.002502,-0.00012516,0.00069835,0.00038137,0.00019653,0.0011222,0.00012989,-0.00029306,0.000104,12:50:29..969,,,,
12:50:30..016,39.08094993,0.002502,-0.00012519,0.00069808,0.00038117,0.00019559,0.00112222,0.0001305,-0.00029302,0.00010383,12:50:29..969,,,,
12:50:30..051,39.06543546,0.002461,-0.00012582,0.00069807,0.00038117,0.00019625,0.00112201,0.00013061,-0.00029322,0.0001038,12:50:30..064,,,,
12:50:30..179,39.03440652,0.002461,-0.00012605,0.00069861,0.0003812,0.00019655,0.00112258,0.00012954,-0.000293,0.00010426,12:50:30..178,,,,
12:50:30..212,39.05509248,0.00248,-0.00012627,0.00069837,0.00038136,0.00019598,0.00112234,0.00012931,-0.00029334,0.0001041,12:50:30..222,,,,
12:50:30..284,39.06026397,0.002466,-0.00012528,0.00069826,0.00038108,0.00019613,0.0011222,0.00013002,-0.00029345,0.00010401,12:50:30..326,,,,
12:50:30..334,39.05509248,0.002466,-0.00012587,0.00069841,0.00038093,0.00019637,0.00112242,0.00012898,-0.00029318,0.00010399,12:50:30..326,,,,
12:50:30..368,39.08612142,0.002432,-0.00012576,0.00069846,0.00038053,0.00019607,0.00112211,0.00013018,-0.00029286,0.00010393,12:50:30..371,,,,
12:50:30..464,39.14300781,0.002432,-0.00012598,0.00069873,0.00038144,0.00019642,0.00112274,0.00012992,-0.00029361,0.00010443,12:50:30..463,,,,
12:50:30..496,39.03440652,0.002514,-0.00012582,0.00069849,0.00038067,0.00019591,0.00112218,0.00012965,-0.00029338,0.00010421,12:50:30..506,,,,
12:50:30..623,39.07577844,0.002514,-0.00012598,0.00069805,0.00038159,0.00019609,0.00112185,0.00012993,-0.00029354,0.00010411,12:50:30..621,,,,
12:50:30..655,39.0447495,0.002432,-0.00012566,0.00069846,0.00038094,0.00019607,0.00112194,0.00012905,-0.00029326,0.00010384,12:50:30..667,,,,
12:50:30..782,39.06543546,0.002432,-0.00012567,0.00069829,0.00038127,0.00019639,0.00112239,0.00013077,-0.00029353,0.00010408,12:50:30..780,,,,
12:50:30..814,39.02923503,0.002361,-0.00012565,0.0006985,0.00038109,0.00019634,0.0011221,0.00013106,-0.00029309,0.00010431,12:50:30..824,,,,
12:50:30..936,39.0964644,0.002361,-0.00012606,0.00069834,0.0003811,0.00019589,0.00112249,0.0001292,-0.00029301,0.00010426,12:50:30..934,,,,
12:50:30..969,38.99820609,0.002276,-0.00012619,0.00069824,0.00038087,0.00019603,0.00112258,0.00012993,-0.00029279,0.00010442,12:50:30..978,,,,
12:50:31..095,39.00337758,0.002276,-0.00012616,0.00069812,0.00038084,0.00019643,0.0011221,0.00012992,-0.00029334,0.0001042,12:50:31..093,,,,
12:50:31..127,39.07060695,0.00217,-0.00012583,0.00069831,0.00038093,0.0001961,0.00112276,0.00013061,-0.00029352,0.0001043,12:50:31..135,,,,
12:50:31..250,39.07060695,0.00217,-0.00012564,0.00069896,0.00038077,0.00019624,0.00112291,0.00012919,-0.00029288,0.00010471,12:50:31..248,,,,
12:50:31..281,39.05509248,0.002148,-0.00012643,0.00069844,0.00038065,0.00019619,0.00112192,0.00012921,-0.00029281,0.0001046,12:50:31..293,,,,
12:50:31..402,39.07060695,0.002148,-0.0001255,0.00069833,0.00038143,0.00019659,0.00112307,0.0001309,-0.00029309,0.00010437,12:50:31..400,,,,
12:50:31..434,39.03440652,0.002083,-0.00012598,0.00069837,0.00038047,0.00019594,0.00112183,0.00012968,-0.00029306,0.00010428,12:50:31..443,,,,
12:50:31..508,39.01889205,0.002083,-0.00012569,0.00069813,0.00038068,0.00019634,0.00112247,0.00012977,-0.00029321,0.00010403,12:50:31..505,,,,
12:50:31..546,39.02406354,0.002083,-0.00012629,0.00069822,0.00038055,0.00019607,0.00112195,0.00013019,-0.0002932,0.00010442,12:50:31..505,,,,
12:50:31..580,39.02923503,0.002021,-0.00012621,0.0006983,0.00038115,0.00019611,0.00112201,0.00012956,-0.00029314,0.00010434,12:50:31..550,,,,
12:50:31..663,39.0447495,0.00196,-0.00012563,0.00069866,0.00038094,0.00019612,0.00112242,0.00013072,-0.00029336,0.00010374,12:50:31..710,,,,
12:50:31..767,39.06543546,0.00196,-0.00012631,0.00069868,0.00038074,0.00019651,0.00112227,0.00012956,-0.0002926,0.00010442,12:50:31..767,,,,
12:50:31..802,39.01889205,0.002034,-0.00012598,0.00069796,0.00038072,0.00019617,0.00112257,0.00012992,-0.0002926,0.00010397,12:50:31..814,,,,
12:50:31..916,39.00854907,0.002034,-0.00012607,0.00069846,0.00038057,0.0001964,0.00112264,0.00012969,-0.00029307,0.00010397,12:50:31..914,,,,
12:50:31..948,39.00854907,0.002109,-0.00012527,0.00069813,0.00038099,0.00019593,0.00112313,0.00013077,-0.00029242,0.00010411,12:50:31..957,,,,
12:50:32..076,39.08094993,0.002109,-0.00012611,0.00069824,0.00038028,0.00019574,0.00112264,0.00012941,-0.0002928,0.00010429,12:50:32..074,,,,
12:50:32..107,38.99820609,0.002172,-0.00012561,0.00069857,0.0003808,0.00019668,0.00112294,0.00013115,-0.00029289,0.00010422,12:50:32..117,,,,
12:50:32..180,39.08612142,0.002228,-0.00012609,0.00069819,0.00038044,0.00019566,0.00112193,0.00012952,-0.00029278,0.0001042,12:50:32..223,,,,
12:50:32..272,39.02406354,0.002228,-0.00012609,0.00069785,0.00038037,0.00019608,0.00112222,0.00013068,-0.00029287,0.00010373,12:50:32..270,,,,
12:50:32..305,39.02923503,0.002229,-0.00012597,0.00069805,0.00038081,0.00019618,0.00112244,0.00013079,-0.00029302,0.00010398,12:50:32..313,,,,
12:50:32..402,39.06026397,0.002229,-0.00012691,0.00069806,0.00038008,0.0001959,0.00112237,0.00012953,-0.0002926,0.0001039,12:50:32..401,,,,
12:50:32..434,39.10163589,0.002368,-0.00012596,0.00069787,0.00038058,0.00019654,0.00112237,0.00013128,-0.00029273,0.00010423,12:50:32..446,,,,
12:50:32..502,39.07577844,0.002462,-0.0001261,0.00069817,0.00038053,0.00019629,0.00112201,0.00012953,-0.0002929,0.00010453,12:50:32..547,,,,
12:50:32..594,38.9930346,0.002462,-0.0001261,0.00069775,0.00038045,0.00019605,0.0011223,0.0001308,-0.0002929,0.00010439,12:50:32..594,,,,
12:50:32..628,39.05509248,0.002676,-0.00012596,0.00069819,0.00038078,0.00019596,0.00112277,0.0001306,-0.0002927,0.00010431,12:50:32..638,,,,
12:50:32..734,39.03957801,0.002676,-0.00012625,0.00069772,0.0003802,0.00019573,0.00112251,0.00012941,-0.00029335,0.00010433,12:50:32..733,,,,
12:50:32..769,39.05509248,0.002802,-0.00012556,0.00069815,0.00038069,0.00019633,0.0011226,0.00013048,-0.00029313,0.000104,12:50:32..776,,,,
12:50:32..882,39.03440652,0.002802,-0.00012615,0.00069824,0.00038064,0.00019625,0.00112244,0.00012914,-0.00029322,0.00010377,12:50:32..880,,,,
12:50:32..913,39.04992099,0.002797,-0.00012586,0.00069783,0.00038045,0.00019565,0.00112239,0.00013073,-0.00029329,0.00010332,12:50:32..924,,,,
12:50:33..037,39.01372056,0.002797,-0.00012624,0.00069819,0.00038055,0.00019618,0.00112304,0.00012987,-0.00029236,0.00010435,12:50:33..035,,,,
12:50:33..070,39.05509248,0.002764,-0.00012589,0.00069772,0.00038023,0.00019596,0.00112273,0.00013063,-0.00029297,0.00010449,12:50:33..078,,,,
12:50:33..197,39.01372056,0.002764,-0.00012631,0.00069803,0.00038077,0.00019593,0.00112327,0.00013015,-0.00029278,0.00010468,12:50:33..195,,,,
12:50:33..229,39.05509248,0.002617,-0.00012622,0.00069792,0.00038041,0.00019589,0.00112261,0.00012989,-0.00029285,0.00010441,12:50:33..238,,,,
12:50:33..346,39.03440652,0.002617,-0.00012604,0.00069819,0.00038078,0.00019569,0.00112267,0.00013132,-0.00029246,0.00010453,12:50:33..344,,,,
12:50:33..379,39.03440652,0.00261,-0.00012632,0.00069823,0.00038027,0.00019577,0.00112267,0.00012925,-0.00029242,0.00010397,12:50:33..388,,,,
12:50:33..503,39.01889205,0.00261,-0.00012618,0.00069764,0.00038088,0.00019587,0.00112298,0.00013127,-0.00029262,0.0001042,12:50:33..501,,,,
12:50:33..536,38.9930346,0.002481,-0.0001263,0.00069768,0.00038047,0.00019605,0.00112242,0.00013001,-0.00029255,0.00010375,12:50:33..545,,,,
12:50:33..639,39.02406354,0.002481,-0.00012622,0.00069808,0.00038056,0.0001959,0.00112286,0.00013061,-0.00029303,0.000104,12:50:33..637,,,,
12:50:33..672,39.02923503,0.002448,-0.00012565,0.00069783,0.00038055,0.00019589,0.00112289,0.00013051,-0.00029245,0.00010427,12:50:33..681,,,,
12:50:33..734,39.03957801,0.002338,-0.00012591,0.00069775,0.00038024,0.00019587,0.00112273,0.00013012,-0.00029237,0.00010407,12:50:33..732,,,,
12:50:33..812,39.06543546,0.002338,-0.00012577,0.00069813,0.00038085,0.00019573,0.00112268,0.00013061,-0.00029198,0.0001041,12:50:33..778,,,,
12:50:33..845,39.00337758,0.002306,-0.00012553,0.00069803,0.00038053,0.00019626,0.00112312,0.00013111,-0.00029294,0.00010383,12:50:33..864,,,,
12:50:33..969,39.03957801,0.002306,-0.00012608,0.00069852,0.00038051,0.00019559,0.0011227,0.00012946,-0.00029218,0.00010417,12:50:33..969,,,,
12:50:34..002,38.95166268,0.002252,-0.00012611,0.00069791,0.00038038,0.00019539,0.00112239,0.00012961,-0.00029276,0.00010405,12:50:34..012,,,,
12:50:34..139,39.03957801,0.002252,-0.00012572,0.0006981,0.00038041,0.00019578,0.00112276,0.00013022,-0.00029233,0.00010379,12:50:34..137,,,,
12:50:34..170,38.99820609,0.001927,-0.00012643,0.00069795,0.00038015,0.00019582,0.00112236,0.00012949,-0.00029213,0.00010355,12:50:34..181,,,,
12:50:34..292,39.07577844,0.001927,-0.00012601,0.0006977,0.00038043,0.00019596,0.00112285,0.00013084,-0.00029211,0.00010379,12:50:34..290,,,,
12:50:34..325,39.04992099,0.001719,-0.00012608,0.00069806,0.00038029,0.00019515,0.00112264,0.0001299,-0.00029204,0.0001042,12:50:34..335,,,,
12:50:34..465,39.02406354,0.001719,-0.00012572,0.00069768,0.00037993,0.00019509,0.00112317,0.00013087,-0.00029245,0.00010409,12:50:34..463,,,,
12:50:34..497,39.06543546,0.001569,-0.00012616,0.00069799,0.00038028,0.00019544,0.0011227,0.00013033,-0.00029245,0.00010379,12:50:34..463,,,,
12:50:34..571,39.13783632,0.001569,-0.00012627,0.00069785,0.00038014,0.00019577,0.0011225,0.00013019,-0.00029174,0.00010435,12:50:34..611,,,,
12:50:34..620,39.07060695,0.001569,-0.00012611,0.00069794,0.00038029,0.00019547,0.00112235,0.00013036,-0.0002923,0.00010439,12:50:34..611,,,,
12:50:34..653,39.03957801,0.001503,-0.00012627,0.00069796,0.0003804,0.00019573,0.00112289,0.00013103,-0.00029206,0.00010434,12:50:34..655,,,,
12:50:34..770,39.07577844,0.001503,-0.00012622,0.00069758,0.00038024,0.00019563,0.00112232,0.00012962,-0.00029179,0.0001042,12:50:34..768,,,,
12:50:34..801,39.07577844,0.001371,-0.00012647,0.00069832,0.00038009,0.00019532,0.00112247,0.00012978,-0.00029226,0.00010401,12:50:34..812,,,,
12:50:34..932,39.05509248,0.001371,-0.00012597,0.00069808,0.00038038,0.00019569,0.00112287,0.00013097,-0.00029211,0.00010441,12:50:34..930,,,,
12:50:34..964,39.07060695,0.001311,-0.00012576,0.0006983,0.00037993,0.00019522,0.00112301,0.00013057,-0.00029167,0.00010434,12:50:34..975,,,,
12:50:35..089,39.09129291,0.001311,-0.0001262,0.00069798,0.00038036,0.00019534,0.00112271,0.00013043,-0.0002923,0.00010413,12:50:35..087,,,,
12:50:35..121,39.03957801,0.001347,-0.00012644,0.00069795,0.00038006,0.00019563,0.00112286,0.00012972,-0.00029261,0.00010411,12:50:35..129,,,,
12:50:35..236,39.03957801,0.001347,-0.00012632,0.00069785,0.00037979,0.00019559,0.00112286,0.00013095,-0.00029268,0.00010466,12:50:35..233,,,,
12:50:35..269,39.07577844,0.001393,-0.00012695,0.00069829,0.00038029,0.00019513,0.00112303,0.00012984,-0.00029192,0.00010453,12:50:35..277,,,,
12:50:35..369,38.9930346,0.001393,-0.00012604,0.00069762,0.00038024,0.00019542,0.00112327,0.00013126,-0.00029235,0.00010453,12:50:35..367,,,,
12:50:35..400,39.01372056,0.001349,-0.00012654,0.00069759,0.00038007,0.0001953,0.00112269,0.00013079,-0.00029207,0.0001042,12:50:35..412,,,,
12:50:35..475,39.07577844,0.001349,-0.00012677,0.00069798,0.00038001,0.00019547,0.00112237,0.00012942,-0.00029231,0.00010412,12:50:35..473,,,,
12:50:35..516,38.96717715,0.001349,-0.00012652,0.0006977,0.00038026,0.00019582,0.00112316,0.00013128,-0.00029212,0.00010451,12:50:35..473,,,,
12:50:35..550,39.01889205,0.001467,-0.00012681,0.00069765,0.00037999,0.00019553,0.00112269,0.00013026,-0.00029223,0.00010452,12:50:35..562,,,,
12:50:35..707,39.01372056,0.001467,-0.00012675,0.00069749,0.00037996,0.00019541,0.00112294,0.00013047,-0.00029218,0.00010482,12:50:35..704,,,,
12:50:35..739,39.07577844,0.00181,-0.00012698,0.00069807,0.00037996,0.00019524,0.00112267,0.00012976,-0.00029195,0.00010432,12:50:35..746,,,,
12:50:35..860,38.97234864,0.00181,-0.00012665,0.00069759,0.0003799,0.0001952,0.00112306,0.00013087,-0.00029244,0.0001044,12:50:35..858,,,,
12:50:35..891,39.07060695,0.002034,-0.0001264,0.00069782,0.00037983,0.00019537,0.00112305,0.0001309,-0.00029192,0.00010416,12:50:35..902,,,,
12:50:36..031,38.99820609,0.002034,-0.00012686,0.00069843,0.00037976,0.00019529,0.0011231,0.00013018,-0.00029154,0.00010461,12:50:36..029,,,,
12:50:36..062,39.04992099,0.002192,-0.00012704,0.00069835,0.00037972,0.00019523,0.00112306,0.00012999,-0.00029176,0.00010435,12:50:36..029,,,,
12:50:36..152,39.01889205,0.002192,-0.0001267,0.00069775,0.00037944,0.00019505,0.0011231,0.00013085,-0.00029264,0.00010415,12:50:36..193,,,,
12:50:36..213,39.30849549,0.002192,-0.00012683,0.00069799,0.00038016,0.00019534,0.00112276,0.0001304,-0.00029175,0.00010501,12:50:36..193,,,,
12:50:36..246,38.78100351,0.002447,-0.00012694,0.00069804,0.00037959,0.00019522,0.00112296,0.00013083,-0.00029223,0.00010425,12:50:36..282,,,,
12:50:36..371,38.89477629,0.002447,-0.00012706,0.0006983,0.00038002,0.00019547,0.00112333,0.00013109,-0.00029189,0.00010452,12:50:36..369,,,,
12:50:36..404,39.01889205,0.00253,-0.00012701,0.00069772,0.00037971,0.00019554,0.00112302,0.00013092,-0.00029203,0.0001041,12:50:36..413,,,,
12:50:36..517,39.01372056,0.00253,-0.00012702,0.00069783,0.00037964,0.00019532,0.00112322,0.00013013,-0.00029192,0.00010462,12:50:36..515,,,,
12:50:36..549,39.24126612,0.002423,-0.00012672,0.00069777,0.00037992,0.00019582,0.00112257,0.00013096,-0.00029258,0.00010411,12:50:36..561,,,,
12:50:36..660,39.19472271,0.002423,-0.00012706,0.0006975,0.00037929,0.00019489,0.00112293,0.00012977,-0.00029242,0.00010393,12:50:36..658,,,,
12:50:36..691,38.93097672,0.002274,-0.00012687,0.00069748,0.00037994,0.00019515,0.00112324,0.00013132,-0.00029267,0.00010421,12:50:36..702,,,,
12:50:36..824,39.02923503,0.002274,-0.00012656,0.00069791,0.00037941,0.00019548,0.00112301,0.00013001,-0.00029207,0.00010428,12:50:36..821,,,,
12:50:36..856,39.01372056,0.002353,-0.00012679,0.00069806,0.00037953,0.00019516,0.00112291,0.00013035,-0.00029192,0.00010439,12:50:36..867,,,,
12:50:36..919,38.86891884,0.002391,-0.00012699,0.00069793,0.00037991,0.00019487,0.00112319,0.00013065,-0.00029186,0.00010457,12:50:36..961,,,,
12:50:36..975,38.9413197,0.002391,-0.00012677,0.00069798,0.00037868,0.00019511,0.00112254,0.00013039,-0.00029224,0.00010378,12:50:36..961,,,,
12:50:37..009,39.22575165,0.002388,-0.00012698,0.00069769,0.00037944,0.00019509,0.00112258,0.00013045,-0.00029201,0.00010395,12:50:37..050,,,,
12:50:37..105,39.07577844,0.002388,-0.00012657,0.00069842,0.00037954,0.00019554,0.00112298,0.00013038,-0.00029176,0.00010421,12:50:37..106,,,,
12:50:37..141,39.01372056,0.002331,-0.00012674,0.00069788,0.00037937,0.00019523,0.00112282,0.00013062,-0.00029211,0.00010406,12:50:37..149,,,,
12:50:37..209,39.07577844,0.002327,-0.00012771,0.00069855,0.00037931,0.00019525,0.00112306,0.00012976,-0.00029155,0.00010452,12:50:37..271,,,,
12:50:37..306,39.00337758,0.002327,-0.00012679,0.00069839,0.00037961,0.00019564,0.00112279,0.0001312,-0.00029215,0.00010412,12:50:37..271,,,,
12:50:37..337,38.99820609,0.002312,-0.00012688,0.00069885,0.00037959,0.00019523,0.00112281,0.00013042,-0.00029195,0.00010425,12:50:37..361,,,,
12:50:37..449,38.97752013,0.002312,-0.00012682,0.00069876,0.00038002,0.00019523,0.00112271,0.00013092,-0.00029193,0.00010457,12:50:37..447,,,,
12:50:37..481,39.04992099,0.002153,-0.00012648,0.00069933,0.00037924,0.0001952,0.00112308,0.00013003,-0.00029153,0.00010466,12:50:37..492,,,,
12:50:37..597,39.13266483,0.002153,-0.00012642,0.00069848,0.00037931,0.00019566,0.00112307,0.00013139,-0.00029242,0.0001045,12:50:37..594,,,,
12:50:37..630,39.02406354,0.002071,-0.00012677,0.00069908,0.00037919,0.00019535,0.00112277,0.00012961,-0.00029186,0.00010466,12:50:37..636,,,,
12:50:37..735,38.98786311,0.002071,-0.00012594,0.00069834,0.00037958,0.00019547,0.00112261,0.00013076,-0.0002923,0.00010417,12:50:37..733,,,,
12:50:37..767,38.96717715,0.002038,-0.00012689,0.00069866,0.00037979,0.0001953,0.00112318,0.00013073,-0.00029249,0.00010462,12:50:37..733,,,,
12:50:37..841,39.07577844,0.002038,-0.00012639,0.00069824,0.0003796,0.00019552,0.00112291,0.00013015,-0.00029163,0.00010485,12:50:37..873,,,,
12:50:37..908,39.02406354,0.002038,-0.00012692,0.00069863,0.00037901,0.00019528,0.00112255,0.00013077,-0.00029242,0.00010452,12:50:37..873,,,,
12:50:37..940,38.94649119,0.002243,-0.00012653,0.00069849,0.00037943,0.00019561,0.00112269,0.00013073,-0.00029176,0.00010444,12:50:37..948,,,,
12:50:38..064,39.05509248,0.002243,-0.00012665,0.00069882,0.00037951,0.00019577,0.00112297,0.00012967,-0.00029218,0.00010465,12:50:38..062,,,,
12:50:38..097,39.06026397,0.002278,-0.0001263,0.00069888,0.00037938,0.00019529,0.00112317,0.00013137,-0.00029196,0.00010474,12:50:38..109,,,,
12:50:38..161,39.07060695,0.002306,-0.00012646,0.00069857,0.00037922,0.00019489,0.00112312,0.00013019,-0.000292,0.00010464,12:50:38..207,,,,
12:50:38..222,39.10680738,0.002306,-0.00012684,0.00069846,0.00037932,0.0001951,0.00112293,0.00013123,-0.00029264,0.00010447,12:50:38..207,,,,
12:50:38..256,39.00854907,0.002353,-0.00012633,0.00069896,0.00037914,0.00019542,0.00112326,0.00013098,-0.000292,0.00010414,12:50:38..294,,,,
12:50:38..390,39.01889205,0.002353,-0.00012606,0.00069879,0.00037934,0.00019516,0.00112287,0.00013068,-0.00029202,0.00010485,12:50:38..388,,,,
12:50:38..422,39.09129291,0.0024,-0.00012652,0.00069911,0.0003794,0.00019495,0.00112331,0.00012995,-0.00029208,0.00010485,12:50:38..431,,,,
12:50:38..492,39.11715036,0.002446,-0.00012651,0.00069882,0.00037939,0.00019551,0.00112306,0.00013126,-0.00029228,0.0001046,12:50:38..559,,,,
12:50:38..613,39.07577844,0.002446,-0.00012646,0.0006988,0.00037887,0.00019526,0.00112359,0.0001305,-0.00029227,0.00010502,12:50:38..612,,,,
12:50:38..646,39.06543546,0.002446,-0.00012649,0.0006989,0.00037913,0.00019547,0.00112322,0.00013107,-0.00029231,0.00010435,12:50:38..612,,,,
12:50:38..680,39.07577844,0.002474,-0.00012661,0.00069889,0.00037882,0.00019517,0.00112358,0.00012988,-0.00029237,0.00010478,12:50:38..655,,,,
12:50:38..714,39.09129291,0.002473,-0.00012652,0.00069897,0.00037946,0.00019542,0.00112323,0.00013022,-0.00029216,0.00010429,12:50:38..744,,,,
12:50:38..780,39.06026397,0.002481,-0.00012655,0.00069905,0.00037927,0.00019504,0.00112375,0.00013156,-0.00029211,0.00010431,12:50:38..820,,,,
12:50:38..835,39.01889205,0.002481,-0.00012671,0.00069927,0.00037954,0.00019563,0.00112384,0.00013058,-0.00029211,0.00010506,12:50:38..820,,,,
12:50:38..867,38.93097672,0.002642,-0.00012688,0.00069849,0.00037933,0.00019493,0.0011229,0.00013035,-0.00029202,0.00010454,12:50:38..863,,,,
12:50:38..931,39.01372056,0.002656,-0.00012674,0.00069832,0.00037926,0.00019512,0.0011236,0.00013123,-0.00029222,0.00010455,12:50:38..974,,,,
12:50:39..002,39.01889205,0.002677,-0.00012672,0.00069844,0.00037927,0.00019504,0.00112314,0.00013028,-0.00029176,0.00010472,12:50:39..018,,,,
12:50:39..037,38.97752013,0.002677,-0.00012671,0.00069843,0.00037899,0.00019521,0.00112318,0.00013143,-0.00029239,0.00010472,12:50:39..018,,,,
12:50:39..071,39.00337758,0.002618,-0.00012691,0.00069832,0.00037907,0.00019502,0.00112327,0.00013065,-0.00029225,0.00010452,12:50:39..106,,,,
12:50:39..207,39.05509248,0.002618,-0.00012718,0.00069845,0.00037939,0.00019509,0.00112337,0.0001304,-0.00029219,0.00010511,12:50:39..205,,,,
12:50:39..239,38.95683417,0.002439,-0.00012722,0.00069799,0.00037939,0.000195,0.00112325,0.00013095,-0.00029191,0.0001046,12:50:39..247,,,,
12:50:39..348,39.04992099,0.002439,-0.00012728,0.00069828,0.00037868,0.00019494,0.00112323,0.00013002,-0.00029173,0.00010463,12:50:39..346,,,,
12:50:39..380,38.97752013,0.002257,-0.0001271,0.00069865,0.00037946,0.00019505,0.00112333,0.00013005,-0.00029181,0.000105,12:50:39..390,,,,
12:50:39..441,38.96717715,0.002234,-0.00012728,0.00069808,0.00037896,0.00019484,0.00112254,0.00013114,-0.00029239,0.0001044,12:50:39..482,,,,
12:50:39..536,39.00854907,0.002234,-0.00012678,0.00069831,0.00037922,0.00019505,0.00112302,0.00013001,-0.00029154,0.00010495,12:50:39..536,,,,
12:50:39..569,38.99820609,0.002249,-0.00012729,0.00069843,0.00037937,0.00019493,0.00112306,0.0001307,-0.00029221,0.00010433,12:50:39..581,,,,
12:50:39..611,39.01889205,0.002264,-0.00012703,0.00069798,0.00037915,0.00019488,0.00112311,0.00013047,-0.00029188,0.00010485,12:50:39..624,,,,
12:50:39..685,39.02406354,0.002264,-0.00012755,0.00069815,0.00037882,0.00019473,0.00112264,0.0001308,-0.0002922,0.00010457,12:50:39..624,,,,
12:50:39..719,39.02406354,0.002294,-0.00012744,0.00069894,0.00037889,0.0001954,0.00112301,0.0001304,-0.00029157,0.00010527,12:50:39..736,,,,
12:50:39..834,39.07577844,0.002294,-0.00012697,0.00069817,0.00037907,0.0001951,0.00112333,0.00013096,-0.00029233,0.00010455,12:50:39..832,,,,
12:50:39..866,39.04992099,0.002526,-0.00012667,0.00069878,0.00037937,0.00019494,0.00112338,0.00012986,-0.00029173,0.00010464,12:50:39..876,,,,
12:50:39..994,39.03957801,0.002526,-0.00012643,0.00069824,0.00037916,0.00019474,0.00112346,0.00013185,-0.00029238,0.00010445,12:50:39..992,,,,
12:50:40..026,39.0447495,0.002715,-0.00012612,0.00069879,0.00037878,0.00019486,0.00112318,0.00013103,-0.00029176,0.00010455,12:50:40..035,,,,
12:50:40..141,39.11197887,0.002715,-0.00012629,0.0006984,0.00037873,0.00019484,0.0011234,0.00013124,-0.00029199,0.00010431,12:50:40..139,,,,
12:50:40..175,39.03957801,0.00279,-0.0001257,0.00069867,0.00037935,0.00019489,0.00112339,0.00013138,-0.00029218,0.0001043,12:50:40..181,,,,
12:50:40..218,39.07060695,0.002816,-0.00012643,0.00069856,0.00037878,0.00019519,0.00112299,0.00013055,-0.00029147,0.00010459,12:50:40..224,,,,
12:50:40..272,39.10680738,0.002816,-0.00012629,0.00069859,0.00037893,0.00019523,0.00112324,0.00013178,-0.00029204,0.00010442,12:50:40..224,,,,
12:50:40..305,39.03440652,0.002876,-0.0001259,0.00069848,0.00037904,0.00019509,0.00112302,0.00013191,-0.00029204,0.00010417,12:50:40..322,,,,
12:50:40..418,39.02923503,0.002876,-0.0001261,0.00069902,0.00037892,0.00019488,0.00112328,0.00013064,-0.00029163,0.00010468,12:50:40..416,,,,
12:50:40..450,39.02923503,0.003013,-0.00012562,0.00069857,0.00037916,0.00019495,0.00112391,0.00013193,-0.00029189,0.00010473,12:50:40..460,,,,
12:50:40..510,39.12749334,0.003077,-0.00012554,0.00069891,0.00037855,0.00019477,0.00112288,0.00013032,-0.00029195,0.00010445,12:50:40..564,,,,
12:50:40..618,39.10680738,0.003077,-0.00012563,0.0006986,0.00037915,0.00019524,0.00112365,0.00013161,-0.00029208,0.00010462,12:50:40..617,,,,
12:50:40..651,39.12232185,0.003036,-0.00012608,0.00069941,0.00037889,0.00019466,0.00112352,0.00013087,-0.00029182,0.00010486,12:50:40..660,,,,
12:50:40..757,39.09129291,0.003036,-0.00012572,0.00069872,0.00037881,0.00019471,0.00112319,0.00013151,-0.00029232,0.00010412,12:50:40..757,,,,
12:50:40..790,39.0447495,0.002921,-0.00012513,0.00069861,0.00037907,0.00019469,0.00112331,0.00013205,-0.00029195,0.0001045,12:50:40..757,,,,
12:50:40..866,39.08612142,0.002705,-0.00012633,0.00069877,0.00037907,0.00019466,0.0011232,0.00012982,-0.00029204,0.00010468,12:50:40..875,,,,
12:50:40..922,39.00854907,0.002705,-0.00012596,0.00069861,0.00037854,0.00019528,0.00112348,0.00013162,-0.00029223,0.00010415,12:50:40..922,,,,
12:50:40..957,39.09129291,0.002485,-0.00012605,0.00069831,0.00037868,0.00019537,0.00112322,0.0001311,-0.00029196,0.00010475,12:50:40..965,,,,
12:50:41..079,39.03957801,0.002485,-0.00012598,0.00069845,0.00037893,0.00019487,0.00112313,0.00013133,-0.00029222,0.00010414,12:50:41..078,,,,
12:50:41..112,39.03440652,0.002324,-0.00012607,0.00069854,0.00037902,0.00019537,0.0011234,0.00013199,-0.00029232,0.00010433,12:50:41..078,,,,
12:50:41..174,39.07060695,0.002324,-0.00012613,0.00069855,0.00037859,0.0001954,0.00112312,0.00013048,-0.00029184,0.00010465,12:50:41..222,,,,
12:50:41..230,39.08094993,0.002324,-0.00012568,0.0006987,0.0003791,0.00019534,0.00112332,0.00013124,-0.00029224,0.00010451,12:50:41..222,,,,
12:50:41..264,39.00337758,0.00238,-0.00012606,0.00069872,0.00037871,0.00019491,0.00112322,0.00013076,-0.0002917,0.00010493,12:50:41..222,,,,
12:50:41..328,39.06026397,0.00238,-0.00012585,0.00069832,0.0003791,0.00019503,0.00112314,0.00013189,-0.00029179,0.00010442,12:50:41..378,,,,
12:50:41..387,38.98269162,0.00238,-0.00012606,0.00069891,0.00037878,0.00019463,0.0011233,0.00013037,-0.00029153,0.00010483,12:50:41..378,,,,
12:50:41..420,39.03957801,0.002569,-0.00012592,0.00069872,0.00037916,0.00019501,0.00112381,0.00013128,-0.00029179,0.00010448,12:50:41..421,,,,
12:50:41..517,38.98269162,0.002569,-0.00012611,0.00069893,0.00037916,0.00019514,0.00112331,0.00013077,-0.00029188,0.00010462,12:50:41..515,,,,
12:50:41..550,38.98269162,0.002812,-0.00012665,0.00069839,0.00037895,0.00019515,0.00112296,0.00013094,-0.00029187,0.00010463,12:50:41..559,,,,
12:50:41..627,39.00854907,0.002812,-0.00012604,0.00069844,0.00037864,0.00019543,0.00112388,0.00013129,-0.00029221,0.00010473,12:50:41..688,,,,
12:50:41..696,39.03440652,0.002812,-0.00012595,0.00069879,0.00037887,0.0001955,0.00112346,0.00013093,-0.00029217,0.00010463,12:50:41..688,,,,
12:50:41..730,38.97752013,0.003044,-0.00012629,0.00069785,0.0003791,0.00019484,0.00112323,0.00013199,-0.00029237,0.00010473,12:50:41..732,,,,
12:50:41..835,39.03440652,0.003099,-0.00012644,0.00069889,0.00037866,0.00019469,0.00112333,0.00013013,-0.00029166,0.00010487,12:50:41..886,,,,
12:50:41..946,39.07060695,0.003099,-0.00012628,0.00069822,0.00037847,0.00019473,0.00112332,0.00013136,-0.00029251,0.00010476,12:50:41..951,,,,
12:50:41..993,39.00854907,0.003099,-0.00012672,0.00069898,0.00037898,0.000195,0.00112354,0.00013042,-0.00029228,0.00010524,12:50:41..951,,,,
12:50:42..026,39.07060695,0.002938,-0.00012667,0.00069819,0.00037878,0.00019451,0.00112331,0.00013076,-0.00029193,0.00010474,12:50:42..037,,,,
12:50:42..126,39.05509248,0.002938,-0.00012635,0.00069807,0.00037909,0.00019491,0.00112321,0.00013124,-0.00029199,0.00010414,12:50:42..161,,,,
12:50:42..183,39.03440652,0.002938,-0.00012654,0.00069843,0.00037876,0.00019459,0.00112365,0.00013087,-0.00029201,0.00010481,12:50:42..161,,,,
12:50:42..217,39.11197887,0.002912,-0.00012619,0.00069831,0.00037895,0.00019463,0.00112374,0.00013171,-0.00029229,0.00010478,12:50:42..247,,,,
12:50:42..364,39.07577844,0.002912,-0.0001261,0.00069897,0.00037894,0.0001947,0.00112344,0.0001305,-0.00029182,0.00010477,12:50:42..361,,,,
12:50:42..395,39.08094993,0.003088,-0.00012651,0.00069873,0.00037921,0.00019508,0.00112364,0.00013134,-0.00029184,0.00010499,12:50:42..404,,,,
12:50:42..460,39.03440652,0.0031,-0.00012672,0.00069933,0.00037869,0.00019509,0.00112342,0.00013064,-0.00029252,0.00010438,12:50:42..501,,,,
12:50:42..547,39.09129291,0.0031,-0.00012655,0.00069886,0.00037886,0.00019473,0.00112291,0.00013133,-0.00029184,0.00010477,12:50:42..548,,,,
12:50:42..580,39.00337758,0.00311,-0.00012648,0.00069935,0.00037898,0.00019497,0.00112367,0.00013028,-0.0002918,0.0001044,12:50:42..591,,,,
12:50:42..715,39.05509248,0.00311,-0.00012634,0.000699,0.00037906,0.00019496,0.00112356,0.00013144,-0.00029186,0.00010468,12:50:42..714,,,,
12:50:42..750,39.0447495,0.003083,-0.00012641,0.0006988,0.00037906,0.00019498,0.00112315,0.00013171,-0.00029208,0.00010451,12:50:42..714,,,,
12:50:42..834,39.0447495,0.003083,-0.00012641,0.00069915,0.00037923,0.0001952,0.00112322,0.00013089,-0.00029135,0.00010493,12:50:42..883,,,,
12:50:42..924,39.08612142,0.003083,-0.00012648,0.00069911,0.00037907,0.00019512,0.00112327,0.00013136,-0.00029222,0.00010434,12:50:42..883,,,,
12:50:42..959,39.07577844,0.002922,-0.00012631,0.00069854,0.00037885,0.0001943,0.00112358,0.00013149,-0.00029201,0.00010452,12:50:42..969,,,,
12:50:43..077,39.04992099,0.002922,-0.00012624,0.00069889,0.00037885,0.00019455,0.00112343,0.00013087,-0.0002917,0.00010426,12:50:43..118,,,,
12:50:43..136,39.08094993,0.002936,-0.00012666,0.00069892,0.00037867,0.00019457,0.00112363,0.00013128,-0.00029189,0.00010444,12:50:43..190,,,,
12:50:43..253,38.91546225,0.002936,-0.00012639,0.00069881,0.00037857,0.00019425,0.00112327,0.00013125,-0.00029179,0.00010419,12:50:43..254,,,,
12:50:43..287,38.90511927,0.002963,-0.00012655,0.00069832,0.00037859,0.00019437,0.0011234,0.00013101,-0.00029197,0.0001045,12:50:43..254,,,,
12:50:43..398,39.02406354,0.002914,-0.00012652,0.00069893,0.0003785,0.00019407,0.00112278,0.00013102,-0.0002918,0.00010456,12:50:43..476,,,,
12:50:43..487,38.96200566,0.002912,-0.00012668,0.00069868,0.00037874,0.00019437,0.00112339,0.00013138,-0.00029195,0.00010462,12:50:43..536,,,,
12:50:43..555,39.08094993,0.002882,-0.00012678,0.00069871,0.00037834,0.00019466,0.00112325,0.00013054,-0.00029174,0.00010479,12:50:43..579,,,,
12:50:43..587,38.95683417,0.002882,-0.00012661,0.00069916,0.00037864,0.00019413,0.00112342,0.00013019,-0.00029195,0.00010494,12:50:43..579,,,,
12:50:43..620,38.92580523,0.002877,-0.00012654,0.00069917,0.00037894,0.00019487,0.00112332,0.00013028,-0.00029206,0.00010516,12:50:43..624,,,,
12:50:43..653,39.07577844,0.002901,-0.00012639,0.00069914,0.00037913,0.00019481,0.00112408,0.00013169,-0.00029158,0.00010494,12:50:43..665,,,,
12:50:43..692,39.13783632,0.00287,-0.00012641,0.00069889,0.0003791,0.0001947,0.00112327,0.00013082,-0.00029104,0.0001049,12:50:43..775,,,,
12:50:43..821,38.92580523,0.00287,-0.0001267,0.0006992,0.00037935,0.0001952,0.0011237,0.00013206,-0.00029199,0.00010445,12:50:43..820,,,,
12:50:43..854,39.03440652,0.00292,-0.00012653,0.00069886,0.00037899,0.00019463,0.00112371,0.00013163,-0.00029196,0.00010453,12:50:43..820,,,,
12:50:43..939,38.95683417,0.002954,-0.00012674,0.00069915,0.00037916,0.00019476,0.00112356,0.00013069,-0.00029137,0.00010465,12:50:43..938,,,,
12:50:43..998,39.12749334,0.002996,-0.00012689,0.00069868,0.00037926,0.00019494,0.00112377,0.00013213,-0.00029193,0.00010491,12:50:43..997,,,,
12:50:44..070,38.96717715,0.002996,-0.00012679,0.00069902,0.00037866,0.00019466,0.00112317,0.00013044,-0.00029144,0.0001046,12:50:44..041,,,,
12:50:44..104,39.08094993,0.003042,-0.00012706,0.0006988,0.0003791,0.00019453,0.00112341,0.00013051,-0.00029162,0.00010455,12:50:44..128,,,,
12:50:44..188,39.08094993,0.00304,-0.00012667,0.00069899,0.00037923,0.00019467,0.00112357,0.00013179,-0.00029222,0.0001045,12:50:44..187,,,,
12:50:44..250,39.03440652,0.002975,-0.00012684,0.00069922,0.00037921,0.00019501,0.00112311,0.00013065,-0.00029195,0.00010499,12:50:44..249,,,,
12:50:44..318,39.0964644,0.002975,-0.00012709,0.00069856,0.00037917,0.00019489,0.00112378,0.00013175,-0.00029178,0.00010453,12:50:44..292,,,,
12:50:44..350,38.97234864,0.002974,-0.00012688,0.00069948,0.00037881,0.00019464,0.00112361,0.0001309,-0.00029155,0.00010474,12:50:44..381,,,,
12:50:44..486,39.07577844,0.003018,-0.00012697,0.0006988,0.00037917,0.00019466,0.00112366,0.00013162,-0.00029187,0.00010466,12:50:44..498,,,,
12:50:44..557,39.03957801,0.003018,-0.00012692,0.00069905,0.00037928,0.00019447,0.00112376,0.00013113,-0.0002918,0.0001047,12:50:44..556,,,,
12:50:44..589,39.07060695,0.003121,-0.00012661,0.00069915,0.00037917,0.00019522,0.00112353,0.00013107,-0.00029186,0.00010482,12:50:44..599,,,,
12:50:44..693,38.98269162,0.003121,-0.0001267,0.00069928,0.00037898,0.00019467,0.00112373,0.00013176,-0.00029194,0.00010453,12:50:44..745,,,,
12:50:44..753,39.10680738,0.003121,-0.00012719,0.00069923,0.00037858,0.00019469,0.00112322,0.00013115,-0.00029175,0.00010463,12:50:44..745,,,,
12:50:44..785,38.96717715,0.003165,-0.00012622,0.00069929,0.00037941,0.00019462,0.00112367,0.00013213,-0.0002915,0.00010501,12:50:44..787,,,,
12:50:44..901,39.01372056,0.003165,-0.00012679,0.00069929,0.00037868,0.00019422,0.00112337,0.00013091,-0.00029156,0.00010501,12:50:44..900,,,,
12:50:44..933,38.97234864,0.003165,-0.00012673,0.00069949,0.00037952,0.00019482,0.00112364,0.00013187,-0.00029167,0.00010501,12:50:44..900,,,,
12:50:44..968,39.01372056,0.003338,-0.00012685,0.00069888,0.00037931,0.00019523,0.00112371,0.00013191,-0.00029161,0.00010497,12:50:45..008,,,,
12:50:45..074,39.09129291,0.003338,-0.00012663,0.00069918,0.00037904,0.0001948,0.00112309,0.00013158,-0.0002915,0.00010465,12:50:45..072,,,,
12:50:45..106,39.00854907,0.003338,-0.00012699,0.00069922,0.00037902,0.00019455,0.00112365,0.00013133,-0.00029229,0.0001046,12:50:45..116,,,,
12:50:45..186,39.02923503,0.003212,-0.00012681,0.00069917,0.00037887,0.0001947,0.00112342,0.00013071,-0.00029143,0.00010536,12:50:45..249,,,,
12:50:45..308,39.0964644,0.003212,-0.00012669,0.0006999,0.00037887,0.00019478,0.0011235,0.00013162,-0.0002917,0.00010489,12:50:45..308,,,,
12:50:45..343,39.17403675,0.003191,-0.00012727,0.00069895,0.00037914,0.00019492,0.00112358,0.00013145,-0.00029119,0.00010454,12:50:45..350,,,,
12:50:45..463,38.65688775,0.003191,-0.00012714,0.00069896,0.00037919,0.0001948,0.00112332,0.00013116,-0.00029137,0.00010486,12:50:45..523,,,,
12:50:45..531,39.32400996,0.003191,-0.00012718,0.00069865,0.00037875,0.00019483,0.00112357,0.00013223,-0.00029134,0.000105,12:50:45..523,,,,
12:50:45..565,39.25678059,0.002747,-0.00012774,0.00069742,0.00038008,0.00019511,0.00112261,0.00012899,-0.000291,0.0001051,12:50:45..567,,,,
12:50:45..654,38.17076769,0.002747,-0.00012814,0.00069754,0.00037993,0.00019514,0.00112303,0.00012942,-0.00029062,0.00010532,12:50:45..709,,,,
12:50:45..717,37.25024247,0.002747,-0.00012812,0.0006975,0.00037995,0.00019514,0.00112271,0.00012938,-0.00029113,0.00010523,12:50:45..709,,,,
12:50:45..751,37.85013531,0.002072,-0.00012796,0.00069721,0.00038087,0.00019487,0.00112236,0.00012813,-0.00029022,0.00010588,12:50:45..752,,,,
12:50:45..852,37.87599276,0.002072,-0.00012798,0.00069661,0.00038044,0.00019521,0.00112193,0.00012875,-0.00029065,0.00010504,12:50:45..850,,,,
12:50:45..884,37.45710207,0.001457,-0.00012792,0.00069517,0.00038083,0.00019525,0.00112149,0.00012799,-0.00029059,0.00010656,12:50:45..895,,,,
12:50:46..015,37.08475479,0.001457,-0.00012818,0.00069562,0.00038074,0.00019529,0.00112173,0.00012729,-0.00029023,0.00010652,12:50:46..013,,,,
12:50:46..047,37.11061224,0.000992,-0.00012871,0.00069499,0.00038153,0.00019532,0.00112147,0.00012663,-0.00028916,0.00010686,12:50:46..013,,,,
12:50:46..130,37.10544075,0.000992,-0.00012931,0.0006949,0.00038137,0.00019535,0.00112145,0.00012716,-0.00029023,0.00010616,12:50:46..203,,,,
12:50:46..211,36.52106238,0.000992,-0.00012874,0.00069519,0.0003814,0.00019534,0.00112108,0.00012603,-0.00028955,0.00010695,12:50:46..203,,,,
12:50:46..245,36.45383301,0.000435,-0.00012908,0.00069368,0.00038197,0.00019542,0.00112086,0.00012579,-0.00028969,0.00010697,12:50:46..247,,,,
12:50:46..337,36.38143215,0.000435,-0.00012958,0.00069388,0.00038214,0.00019532,0.00112045,0.00012573,-0.00028936,0.00010669,12:50:46..395,,,,
12:50:46..403,36.19008702,0.000435,-0.00012935,0.00069332,0.00038229,0.00019586,0.00112064,0.00012579,-0.00028919,0.00010696,12:50:46..395,,,,
12:50:46..437,36.02977083,0.000007,-0.00012946,0.00069248,0.00038267,0.00019594,0.00112037,0.00012537,-0.0002889,0.00010746,12:50:46..439,,,,
12:50:46..544,35.80739676,0.000007,-0.00013,0.00069246,0.00038246,0.00019555,0.00112007,0.00012394,-0.00028915,0.00010722,12:50:46..542,,,,
12:50:46..576,35.72982441,-0.000357,-0.00013039,0.00069171,0.00038358,0.00019585,0.00111976,0.0001246,-0.00028879,0.00010698,12:50:46..585,,,,
12:50:46..677,35.61088014,-0.000357,-0.00013039,0.00069183,0.00038296,0.00019583,0.001119,0.00012326,-0.00028828,0.00010754,12:50:46..716,,,,
12:50:46..736,35.40919203,-0.000357,-0.00012981,0.00069115,0.00038336,0.00019618,0.00111961,0.00012438,-0.00028903,0.00010761,12:50:46..716,,,,
12:50:46..768,35.14544604,-0.00086,-0.00013091,0.00069044,0.00038373,0.00019616,0.00111862,0.00012343,-0.00028876,0.00010757,12:50:46..801,,,,
12:50:46..928,35.08855965,-0.00086,-0.00013114,0.00069085,0.00038344,0.00019642,0.00111908,0.00012239,-0.00028796,0.00010775,12:50:46..926,,,,
12:50:46..961,34.73172684,-0.001078,-0.00013213,0.00068933,0.0003838,0.00019646,0.00111778,0.00012159,-0.00028813,0.00010778,12:50:46..969,,,,
12:50:47..035,34.75758429,-0.001138,-0.00013212,0.00068965,0.00038414,0.00019694,0.00111792,0.00012168,-0.0002879,0.00010779,12:50:47..091,,,,
12:50:47..136,34.648983,-0.001138,-0.00013185,0.00068945,0.0003842,0.00019644,0.00111805,0.00012242,-0.00028816,0.00010795,12:50:47..135,,,,
12:50:47..170,34.33352211,-0.001076,-0.00013231,0.00068918,0.00038414,0.00019634,0.00111777,0.00012038,-0.00028718,0.00010797,12:50:47..177,,,,
12:50:47..272,34.26629274,-0.001076,-0.00013228,0.0006887,0.0003847,0.00019665,0.0011177,0.00012112,-0.00028739,0.00010867,12:50:47..314,,,,
12:50:47..323,34.19906337,-0.001076,-0.00013217,0.0006887,0.00038417,0.00019604,0.00111763,0.0001203,-0.00028773,0.00010886,12:50:47..314,,,,
12:50:47..357,33.9766893,-0.001065,-0.00013304,0.00068818,0.00038487,0.00019651,0.00111705,0.00011889,-0.0002871,0.0001093,12:50:47..451,,,,
12:50:47..536,33.88877397,-0.001065,-0.00013242,0.00068778,0.00038511,0.00019635,0.00111761,0.00012082,-0.00028725,0.00010881,12:50:47..535,,,,
12:50:47..568,33.54745563,-0.001014,-0.00013364,0.00068687,0.00038482,0.00019643,0.00111743,0.00011884,-0.00028651,0.00010963,12:50:47..535,,,,
12:50:47..642,33.59399904,-0.000997,-0.00013343,0.00068654,0.00038528,0.00019624,0.00111676,0.00011893,-0.00028711,0.00010938,12:50:47..693,,,,
12:50:47..744,33.49056924,-0.000997,-0.00013319,0.00068692,0.00038521,0.00019624,0.00111691,0.00011834,-0.00028659,0.00010924,12:50:47..743,,,,
12:50:47..779,33.27853815,-0.001053,-0.00013339,0.00068633,0.00038576,0.00019593,0.00111656,0.00011803,-0.00028628,0.00010964,12:50:47..743,,,,
12:50:47..869,33.15959388,-0.001053,-0.00013372,0.00068629,0.0003853,0.00019659,0.00111589,0.00011797,-0.00028661,0.00010969,12:50:47..920,,,,
12:50:47..940,33.06650706,-0.001053,-0.00013368,0.00068599,0.00038558,0.00019669,0.00111592,0.000118,-0.00028651,0.00011003,12:50:47..920,,,,
12:50:47..975,32.93204832,-0.001032,-0.00013428,0.00068539,0.00038541,0.00019617,0.00111582,0.0001162,-0.00028614,0.00011048,12:50:48..008,,,,
12:50:48..132,32.85447597,-0.001032,-0.00013418,0.00068536,0.00038619,0.0001961,0.00111607,0.00011801,-0.00028596,0.00010998,12:50:48..129,,,,
12:50:48..164,32.65278786,-0.001137,-0.00013511,0.00068428,0.00038596,0.00019567,0.00111531,0.00011701,-0.00028584,0.00010979,12:50:48..173,,,,
12:50:48..248,32.61141594,-0.001137,-0.00013519,0.00068462,0.00038612,0.00019642,0.00111503,0.00011617,-0.00028646,0.00011005,12:50:48..289,,,,
12:50:48..298,32.33732697,-0.001137,-0.00013548,0.00068444,0.00038652,0.00019637,0.00111519,0.00011649,-0.00028591,0.00010993,12:50:48..289,,,,
12:50:48..330,32.36835591,-0.001488,-0.00013542,0.00068427,0.00038659,0.00019638,0.00111482,0.00011458,-0.00028603,0.00011047,12:50:48..289,,,,
12:50:48..411,32.35284144,-0.001488,-0.00013528,0.00068412,0.00038657,0.0001965,0.001115,0.00011645,-0.00028606,0.00011009,12:50:48..472,,,,
12:50:48..499,32.063238,-0.001488,-0.00013532,0.0006844,0.00038658,0.00019661,0.00111482,0.00011483,-0.00028561,0.00010997,12:50:48..472,,,,
12:50:48..533,32.063238,-0.001814,-0.00013549,0.0006836,0.00038674,0.00019671,0.00111415,0.00011445,-0.00028535,0.00011083,12:50:48..558,,,,
12:50:48..643,31.91843628,-0.001814,-0.00013587,0.00068315,0.00038692,0.00019674,0.00111446,0.00011562,-0.00028512,0.00011024,12:50:48..558,,,,
12:50:48..677,31.89775032,-0.001893,-0.0001356,0.00068335,0.00038709,0.00019638,0.00111434,0.00011374,-0.00028454,0.00011133,12:50:48..644,,,,
12:50:48..773,31.72191966,-0.001893,-0.00013551,0.00068317,0.00038717,0.00019664,0.00111459,0.00011577,-0.00028487,0.00011142,12:50:48..816,,,,
12:50:48..824,31.61848986,-0.001893,-0.00013577,0.00068324,0.00038695,0.00019639,0.0011146,0.00011357,-0.00028483,0.00011133,12:50:48..816,,,,
12:50:48..858,31.57194645,-0.001949,-0.00013589,0.00068245,0.00038726,0.00019678,0.00111403,0.00011414,-0.00028445,0.00011145,12:50:48..859,,,,
12:50:48..918,31.51506006,-0.001949,-0.00013649,0.00068239,0.0003875,0.00019665,0.00111385,0.00011317,-0.00028475,0.00011133,12:50:48..959,,,,
12:50:48..992,31.42714473,-0.001949,-0.00013627,0.00068254,0.00038757,0.00019658,0.0011138,0.00011405,-0.00028436,0.00011106,12:50:48..959,,,,
12:50:49..026,31.30820046,-0.002013,-0.00013689,0.00068243,0.00038804,0.00019707,0.00111344,0.00011205,-0.00028418,0.00011116,12:50:49..002,,,,
12:50:49..093,31.27717152,-0.002013,-0.00013706,0.00068148,0.00038757,0.00019663,0.00111317,0.00011362,-0.0002851,0.00011109,12:50:49..126,,,,
12:50:49..135,31.12719831,-0.002013,-0.00013702,0.00068193,0.00038752,0.00019688,0.00111357,0.00011251,-0.00028418,0.00011195,12:50:49..126,,,,
12:50:49..169,31.1323698,-0.001993,-0.00013694,0.00068183,0.00038815,0.0001966,0.00111345,0.00011219,-0.00028423,0.00011199,12:50:49..126,,,,
12:50:49..260,31.02376851,-0.001993,-0.00013646,0.00068134,0.00038793,0.00019682,0.00111286,0.00011306,-0.00028446,0.00011208,12:50:49..287,,,,
12:50:49..295,30.95136765,-0.001993,-0.00013675,0.00068165,0.00038789,0.00019679,0.00111317,0.00011216,-0.00028383,0.00011192,12:50:49..287,,,,
12:50:49..329,30.89965275,-0.00201,-0.00013742,0.00068082,0.00038829,0.00019678,0.00111274,0.00011163,-0.00028456,0.00011211,12:50:49..333,,,,
12:50:49..456,30.86345232,-0.00201,-0.00013712,0.00068097,0.00038779,0.00019676,0.00111279,0.00011157,-0.00028462,0.00011199,12:50:49..454,,,,
12:50:49..488,30.70313613,-0.002119,-0.00013794,0.00068049,0.0003883,0.00019732,0.00111282,0.00011155,-0.00028415,0.00011219,12:50:49..454,,,,
12:50:49..564,30.69796464,-0.002119,-0.00013762,0.00068047,0.00038839,0.00019685,0.00111219,0.0001103,-0.00028419,0.00011219,12:50:49..607,,,,
12:50:49..616,30.52213398,-0.002119,-0.00013791,0.00068093,0.00038848,0.00019704,0.00111265,0.0001122,-0.00028464,0.00011222,12:50:49..607,,,,
12:50:49..650,30.50661951,-0.002121,-0.00013771,0.00067976,0.00038868,0.00019655,0.00111272,0.00011135,-0.00028372,0.0001129,12:50:49..651,,,,
12:50:49..757,30.4600761,-0.002121,-0.000138,0.0006798,0.00038834,0.00019675,0.0011123,0.00011059,-0.00028384,0.00011262,12:50:49..755,,,,
12:50:49..788,30.38250375,-0.002046,-0.00013802,0.00067929,0.00038843,0.00019685,0.00111155,0.00011036,-0.00028406,0.00011285,12:50:49..800,,,,
12:50:49..877,30.29975991,-0.002046,-0.00013842,0.00067967,0.00038877,0.00019651,0.00111208,0.00011058,-0.00028366,0.00011269,12:50:49..908,,,,
12:50:49..942,30.13944372,-0.002046,-0.00013816,0.00067972,0.00038876,0.0001971,0.00111211,0.00011018,-0.00028394,0.00011239,12:50:49..908,,,,
12:50:49..977,30.1497867,-0.001802,-0.00013867,0.00067939,0.00038868,0.00019688,0.00111146,0.00010921,-0.00028337,0.00011281,12:50:49..951,,,,
12:50:50..067,30.06704286,-0.001802,-0.00013892,0.00067846,0.00038903,0.00019685,0.0011117,0.00011056,-0.00028399,0.00011251,12:50:50..104,,,,
12:50:50..119,29.86535475,-0.001802,-0.00013849,0.00067899,0.00038897,0.00019685,0.00111172,0.00010851,-0.00028371,0.00011344,12:50:50..104,,,,
12:50:50..152,29.96878455,-0.001794,-0.00013895,0.0006787,0.00038864,0.00019698,0.00111138,0.000109,-0.00028389,0.00011309,12:50:50..191,,,,
12:50:50..278,29.87052624,-0.001794,-0.00013833,0.00067889,0.00038936,0.00019738,0.00111159,0.00010932,-0.00028334,0.00011308,12:50:50..276,,,,
12:50:50..311,29.81881134,-0.001828,-0.0001388,0.00067853,0.00038888,0.00019671,0.00111105,0.00010833,-0.00028313,0.00011372,12:50:50..318,,,,
12:50:50..410,29.71538154,-0.001828,-0.00013844,0.00067843,0.00038973,0.00019668,0.00111206,0.0001096,-0.00028335,0.00011382,12:50:50..408,,,,
12:50:50..442,29.57057982,-0.001777,-0.00013896,0.00067841,0.00038936,0.00019695,0.0011109,0.00010785,-0.00028266,0.00011365,12:50:50..452,,,,
12:50:50..548,29.62229472,-0.001777,-0.00013884,0.0006782,0.00039003,0.00019731,0.00111112,0.00010915,-0.00028321,0.00011319,12:50:50..546,,,,
12:50:50..580,29.31717681,-0.00192,-0.00013918,0.00067788,0.00038956,0.00019727,0.00111101,0.00010913,-0.00028349,0.00011371,12:50:50..546,,,,
12:50:50..702,29.41026363,-0.00192,-0.00013875,0.00067808,0.00038979,0.00019736,0.001111,0.00010791,-0.00028314,0.00011385,12:50:50..745,,,,
12:50:50..766,29.12066019,-0.00192,-0.00013917,0.00067754,0.0003898,0.00019697,0.00111127,0.00010881,-0.00028321,0.00011322,12:50:50..745,,,,
12:50:50..799,29.22408999,-0.002273,-0.00013931,0.00067715,0.00039024,0.00019727,0.00111137,0.00010823,-0.00028296,0.00011367,12:50:50..831,,,,
12:50:50..910,29.12583168,-0.002273,-0.00013949,0.00067717,0.00039028,0.00019737,0.00111053,0.0001065,-0.00028315,0.00011419,12:50:50..908,,,,
12:50:50..942,29.01723039,-0.002279,-0.00013911,0.00067724,0.00039061,0.00019729,0.00111039,0.00010674,-0.00028309,0.00011429,12:50:50..953,,,,
12:50:51..063,29.08445976,-0.002279,-0.0001388,0.00067731,0.00039073,0.00019758,0.00111097,0.00010793,-0.0002828,0.00011421,12:50:51..062,,,,
12:50:51..097,28.89828612,-0.002317,-0.00013936,0.00067663,0.00039061,0.00019726,0.00111014,0.00010614,-0.00028298,0.00011447,12:50:51..105,,,,
12:50:51..188,28.96551549,-0.002317,-0.0001395,0.00067667,0.00039075,0.00019746,0.00111033,0.00010592,-0.00028279,0.00011401,12:50:51..241,,,,
12:50:51..279,28.58799672,-0.002317,-0.00013949,0.00067654,0.00039089,0.00019742,0.00111048,0.00010681,-0.00028264,0.0001141,12:50:51..241,,,,
12:50:51..313,28.59316821,-0.002127,-0.00013946,0.000676,0.00039073,0.00019753,0.00110999,0.00010537,-0.00028265,0.00011447,12:50:51..284,,,,
12:50:51..407,28.45353798,-0.002127,-0.00014034,0.00067574,0.00039091,0.00019733,0.00110999,0.00010547,-0.00028292,0.00011419,12:50:51..453,,,,
12:50:51..462,28.58799672,-0.002127,-0.00014014,0.00067565,0.00039085,0.00019706,0.00110984,0.0001057,-0.00028275,0.00011425,12:50:51..453,,,,
12:50:51..496,28.35010818,-0.001915,-0.00014042,0.00067535,0.00039117,0.00019719,0.00110949,0.00010571,-0.00028281,0.00011414,12:50:51..553,,,,
12:50:51..601,28.35010818,-0.001915,-0.0001403,0.0006758,0.00039121,0.00019709,0.00110938,0.00010459,-0.00028214,0.00011464,12:50:51..611,,,,
12:50:51..650,28.30356477,-0.001915,-0.00013983,0.00067521,0.0003914,0.00019732,0.00110957,0.00010604,-0.0002826,0.00011463,12:50:51..611,,,,
12:50:51..683,28.15876305,-0.001838,-0.00014016,0.0006752,0.00039128,0.0001969,0.0011094,0.00010479,-0.0002823,0.00011464,12:50:51..658,,,,
12:50:51..773,28.20530646,-0.001766,-0.0001405,0.00067507,0.00039144,0.0001971,0.00110984,0.00010496,-0.00028232,0.00011476,12:50:51..815,,,,
12:50:51..863,28.12256262,-0.001766,-0.00014014,0.00067512,0.0003915,0.00019669,0.00110956,0.00010421,-0.00028228,0.00011472,12:50:51..862,,,,
12:50:51..897,28.14324858,-0.001736,-0.00014033,0.00067465,0.0003914,0.00019743,0.00110877,0.00010404,-0.00028234,0.00011511,12:50:51..862,,,,
12:50:51..968,28.06050474,-0.001736,-0.00014029,0.00067442,0.00039128,0.00019668,0.00110923,0.00010447,-0.00028223,0.00011449,12:50:52..008,,,,
12:50:52..027,27.8743311,-0.001736,-0.00014048,0.00067503,0.00039184,0.00019717,0.00110946,0.00010442,-0.00028207,0.00011511,12:50:52..008,,,,
12:50:52..060,27.96224643,-0.001567,-0.00014109,0.00067474,0.00039227,0.00019756,0.0011092,0.0001036,-0.00028178,0.00011516,12:50:52..096,,,,
12:50:52..191,27.94673196,-0.001567,-0.00014047,0.00067423,0.00039189,0.0001977,0.00110877,0.00010449,-0.00028278,0.00011473,12:50:52..191,,,,
12:50:52..224,27.80193024,-0.001367,-0.00014096,0.00067363,0.00039208,0.0001974,0.00110897,0.00010385,-0.0002825,0.00011496,12:50:52..233,,,,
12:50:52..352,27.75021534,-0.001367,-0.00014107,0.00067376,0.00039247,0.00019738,0.00110884,0.00010284,-0.00028202,0.00011514,12:50:52..352,,,,
12:50:52..385,27.62609958,-0.001202,-0.00014117,0.00067343,0.00039264,0.00019738,0.00110894,0.00010364,-0.00028157,0.00011572,12:50:52..395,,,,
12:50:52..473,27.59507064,-0.001202,-0.00014158,0.00067316,0.0003923,0.00019706,0.00110878,0.0001037,-0.00028206,0.00011541,12:50:52..533,,,,
12:50:52..544,27.44509743,-0.001202,-0.00014159,0.00067396,0.00039253,0.00019756,0.00110891,0.0001038,-0.00028182,0.00011552,12:50:52..533,,,,
12:50:52..577,27.43992594,-0.00147,-0.00014143,0.00067314,0.00039275,0.00019779,0.001109,0.00010331,-0.00028184,0.00011546,12:50:52..655,,,,
12:50:52..705,27.38303955,-0.00147,-0.00014211,0.00067347,0.00039239,0.00019751,0.00110836,0.00010245,-0.00028187,0.0001162,12:50:52..655,,,,
12:50:52..737,27.33132465,-0.001591,-0.00014227,0.00067277,0.00039299,0.00019732,0.0011083,0.00010263,-0.0002814,0.00011562,12:50:52..753,,,,
12:50:52..850,27.31581018,-0.001591,-0.00014232,0.00067279,0.00039316,0.00019734,0.00110826,0.00010265,-0.00028233,0.00011528,12:50:52..848,,,,
12:50:52..881,27.18652293,-0.001735,-0.00014248,0.00067209,0.0003932,0.0001976,0.00110803,0.00010271,-0.00028185,0.00011603,12:50:52..893,,,,
12:50:52..990,27.18652293,-0.001735,-0.00014274,0.00067242,0.00039293,0.00019732,0.00110823,0.00010181,-0.00028133,0.00011578,12:50:52..988,,,,
12:50:53..022,27.00552078,-0.001748,-0.00014241,0.00067207,0.00039323,0.00019723,0.00110798,0.00010114,-0.00028152,0.00011571,12:50:52..988,,,,
12:50:53..097,27.09343611,-0.001748,-0.00014261,0.00067172,0.00039319,0.00019755,0.00110844,0.00010253,-0.00028158,0.00011571,12:50:53..146,,,,
12:50:53..155,26.92277694,-0.001748,-0.00014259,0.00067235,0.00039325,0.00019739,0.00110796,0.00010095,-0.00028147,0.00011566,12:50:53..146,,,,
12:50:53..189,26.81417565,-0.001694,-0.00014318,0.00067165,0.00039357,0.00019779,0.00110781,0.00010167,-0.00028129,0.00011573,12:50:53..191,,,,
12:50:53..311,26.98483482,-0.001694,-0.00014312,0.00067165,0.00039339,0.00019789,0.00110803,0.00010121,-0.00028149,0.00011559,12:50:53..308,,,,
12:50:53..344,26.67454542,-0.001685,-0.00014345,0.00067117,0.00039383,0.00019757,0.00110741,0.00010102,-0.00028116,0.00011569,12:50:53..308,,,,
12:50:53..411,26.81417565,-0.001685,-0.00014316,0.0006707,0.00039385,0.00019789,0.00110798,0.00010191,-0.00028134,0.00011538,12:50:53..450,,,,
12:50:53..458,26.74177479,-0.001685,-0.00014336,0.00067174,0.00039379,0.00019824,0.00110784,0.00010076,-0.00028116,0.00011605,12:50:53..450,,,,
12:50:53..493,26.59697307,-0.001674,-0.00014377,0.00067082,0.00039398,0.00019733,0.00110751,0.00010164,-0.00028119,0.00011634,12:50:53..494,,,,
12:50:53..579,26.59697307,-0.001674,-0.00014349,0.00067068,0.00039366,0.00019749,0.00110775,0.00010039,-0.00028146,0.00011607,12:50:53..580,,,,
12:50:53..612,26.59180158,-0.001674,-0.00014383,0.0006704,0.00039426,0.00019769,0.00110759,0.00010111,-0.00028113,0.00011541,12:50:53..580,,,,
12:50:53..645,26.48837178,-0.001711,-0.00014394,0.00067058,0.0003938,0.00019797,0.0011075,0.00010042,-0.00028104,0.00011562,12:50:53..625,,,,
12:50:53..684,26.45217135,-0.001777,-0.00014372,0.0006702,0.00039416,0.00019798,0.00110723,0.00010117,-0.00028186,0.00011528,12:50:53..726,,,,
12:50:53..739,26.56077264,-0.001863,-0.00014423,0.0006702,0.00039402,0.00019748,0.00110717,0.00010021,-0.00028123,0.00011557,12:50:53..790,,,,
12:50:53..809,26.46768582,-0.001863,-0.00014433,0.00067014,0.00039409,0.0001973,0.00110723,0.00010076,-0.00028136,0.00011574,12:50:53..790,,,,
12:50:53..844,26.34357006,-0.002058,-0.00014443,0.00066906,0.00039419,0.00019781,0.00110749,0.00010135,-0.00028148,0.00011574,12:50:53..882,,,,
12:50:54..005,26.44182837,-0.002058,-0.00014509,0.00067006,0.00039395,0.000198,0.00110699,0.00009931,-0.00028134,0.00011574,12:50:54..003,,,,
12:50:54..037,26.26599771,-0.002178,-0.00014527,0.00066897,0.00039428,0.00019766,0.00110706,0.00009973,-0.00028109,0.0001156,12:50:54..046,,,,
12:50:54..144,26.29702665,-0.002178,-0.00014463,0.00066918,0.00039422,0.00019789,0.00110751,0.00010038,-0.00028117,0.00011596,12:50:54..144,,,,
12:50:54..179,26.20911132,-0.002331,-0.00014451,0.00066885,0.00039432,0.00019776,0.00110719,0.00010009,-0.00028143,0.00011544,12:50:54..144,,,,
12:50:54..260,26.23496877,-0.002296,-0.00014515,0.00066888,0.00039428,0.00019708,0.00110726,0.00009896,-0.00028084,0.00011616,12:50:54..301,,,,
12:50:54..362,25.98673725,-0.002296,-0.00014471,0.00066895,0.00039438,0.00019727,0.00110712,0.00010016,-0.00028064,0.00011617,12:50:54..362,,,,
12:50:54..395,26.1160245,-0.002317,-0.00014521,0.00066892,0.00039429,0.00019785,0.00110684,0.00009964,-0.00028073,0.00011592,12:50:54..406,,,,
12:50:54..453,25.97122278,-0.002317,-0.00014524,0.00066885,0.0003944,0.00019785,0.00110668,0.00009926,-0.00028113,0.0001159,12:50:54..406,,,,
12:50:54..487,25.81607808,-0.002322,-0.00014537,0.00066793,0.00039473,0.00019744,0.00110692,0.00009966,-0.00028078,0.00011614,12:50:54..458,,,,
12:50:54..560,25.95053682,-0.00234,-0.0001459,0.0006681,0.00039484,0.00019758,0.00110642,0.00009844,-0.0002812,0.0001166,12:50:54..608,,,,
12:50:54..671,25.84193553,-0.00234,-0.00014563,0.00066805,0.00039463,0.00019747,0.0011066,0.00009985,-0.0002809,0.00011606,12:50:54..670,,,,
12:50:54..704,25.87296447,-0.002424,-0.00014616,0.00066746,0.00039455,0.00019698,0.00110689,0.00009925,-0.00028132,0.00011586,12:50:54..716,,,,
12:50:54..823,25.81607808,-0.002424,-0.00014635,0.00066775,0.00039451,0.00019701,0.00110664,0.00009794,-0.00028079,0.00011621,12:50:54..823,,,,
12:50:54..857,25.77470616,-0.002474,-0.00014638,0.00066701,0.00039491,0.00019733,0.00110628,0.0000983,-0.0002811,0.00011608,12:50:54..868,,,,
12:50:54..989,25.79022063,-0.002474,-0.00014635,0.00066765,0.00039491,0.00019752,0.00110629,0.00009866,-0.00028033,0.0001157,12:50:54..986,,,,
12:50:55..021,25.6505904,-0.002503,-0.00014686,0.00066708,0.00039469,0.00019763,0.00110584,0.0000972,-0.00028059,0.00011628,12:50:55..032,,,,
12:50:55..142,25.6505904,-0.002503,-0.00014691,0.00066701,0.00039551,0.00019759,0.00110648,0.00009902,-0.00028085,0.0001157,12:50:55..139,,,,
12:50:55..172,25.59370401,-0.002658,-0.00014681,0.00066684,0.00039516,0.00019752,0.00110623,0.00009696,-0.00028041,0.00011619,12:50:55..181,,,,
12:50:55..295,25.51613166,-0.002658,-0.00014642,0.00066675,0.00039492,0.00019736,0.00110639,0.00009855,-0.00028122,0.00011639,12:50:55..292,,,,
12:50:55..327,25.38167292,-0.002668,-0.00014704,0.00066622,0.00039507,0.00019744,0.0011052,0.00009714,-0.0002808,0.00011615,12:50:55..335,,,,
12:50:55..465,25.56784656,-0.002668,-0.00014758,0.00066615,0.00039509,0.0001971,0.00110588,0.0000975,-0.00028127,0.00011617,12:50:55..464,,,,
12:50:55..498,25.34547249,-0.002551,-0.00014763,0.00066581,0.0003956,0.00019725,0.00110572,0.00009786,-0.000281,0.00011569,12:50:55..464,,,,
12:50:55..563,25.35064398,-0.002432,-0.00014798,0.00066584,0.00039547,0.00019753,0.00110576,0.00009621,-0.00028085,0.00011591,12:50:55..603,,,,
12:50:55..658,25.17998481,-0.002432,-0.00014794,0.00066547,0.00039551,0.00019777,0.00110529,0.00009739,-0.00028098,0.00011556,12:50:55..658,,,,
12:50:55..691,25.20067077,-0.002364,-0.00014806,0.00066527,0.00039593,0.00019707,0.00110557,0.00009671,-0.00028075,0.0001157,12:50:55..658,,,,
12:50:55..759,25.28341461,-0.002364,-0.00014836,0.00066511,0.00039581,0.00019724,0.00110532,0.0000972,-0.00028086,0.0001156,12:50:55..806,,,,
12:50:55..816,24.99381117,-0.002364,-0.00014798,0.00066525,0.00039581,0.00019721,0.00110491,0.00009658,-0.00028029,0.00011562,12:50:55..806,,,,
12:50:55..849,25.16964183,-0.002255,-0.00014809,0.00066526,0.00039575,0.00019684,0.00110545,0.00009612,-0.00028062,0.00011679,12:50:55..850,,,,
12:50:55..974,25.07138352,-0.002255,-0.00014806,0.00066475,0.00039549,0.0001971,0.00110553,0.00009754,-0.00028054,0.00011591,12:50:55..971,,,,
12:50:56..007,25.07138352,-0.00209,-0.00014843,0.0006648,0.00039585,0.0001972,0.001105,0.00009574,-0.00028087,0.00011618,12:50:56..016,,,,
12:50:56..119,25.02484011,-0.00209,-0.00014825,0.00066432,0.00039609,0.00019744,0.00110565,0.00009673,-0.00028075,0.00011616,12:50:56..116,,,,
12:50:56..150,24.85935243,-0.002146,-0.00014916,0.00066435,0.00039575,0.00019716,0.00110522,0.000096,-0.00028029,0.00011597,12:50:56..116,,,,
12:50:56..229,24.93692478,-0.002146,-0.00014882,0.00066428,0.00039594,0.00019775,0.00110541,0.00009605,-0.00028038,0.00011591,12:50:56..295,,,,
12:50:56..340,24.78178008,-0.002267,-0.00014895,0.00066427,0.00039562,0.00019693,0.00110462,0.00009562,-0.00028055,0.00011627,12:50:56..339,,,,
12:50:56..373,24.85418094,-0.002385,-0.00014895,0.00066436,0.00039633,0.00019677,0.00110467,0.00009579,-0.0002804,0.00011616,12:50:56..383,,,,
12:50:56..515,24.71455071,-0.002385,-0.00014929,0.00066396,0.0003963,0.00019721,0.00110495,0.00009535,-0.00028057,0.00011607,12:50:56..513,,,,
12:50:56..547,24.67317879,-0.002488,-0.00014936,0.00066318,0.00039619,0.00019712,0.00110489,0.00009591,-0.00028052,0.00011592,12:50:56..558,,,,
12:50:56..676,24.60594942,-0.002488,-0.0001497,0.00066369,0.00039616,0.00019712,0.00110449,0.00009456,-0.00028041,0.00011584,12:50:56..673,,,,
12:50:56..708,24.6162924,-0.002534,-0.00014957,0.00066361,0.00039633,0.0001967,0.00110426,0.0000945,-0.00028031,0.00011576,12:50:56..673,,,,
12:50:56..790,24.60594942,-0.002534,-0.00014959,0.00066327,0.00039637,0.00019739,0.00110468,0.00009525,-0.00028053,0.00011617,12:50:56..829,,,,
12:50:56..847,24.49734813,-0.002534,-0.00014935,0.00066354,0.00039607,0.00019731,0.00110455,0.00009457,-0.00028021,0.00011608,12:50:56..829,,,,
12:50:56..880,24.50769111,-0.00248,-0.00014996,0.00066271,0.00039667,0.00019736,0.00110421,0.00009363,-0.00028035,0.00011565,12:50:56..915,,,,
12:50:57..017,24.51803409,-0.00248,-0.00014995,0.00066297,0.00039659,0.00019701,0.00110392,0.00009474,-0.00028074,0.00011638,12:50:57..014,,,,
12:50:57..050,24.39908982,-0.002506,-0.00015106,0.00066289,0.00039656,0.00019688,0.00110404,0.0000938,-0.00028032,0.00011614,12:50:57..060,,,,
12:50:57..161,24.44563323,-0.002506,-0.00015007,0.00066254,0.00039673,0.00019753,0.0011043,0.00009522,-0.00028037,0.00011612,12:50:57..159,,,,
12:50:57..193,24.33703194,-0.002537,-0.00015026,0.00066218,0.00039661,0.0001968,0.0011038,0.00009434,-0.0002802,0.00011635,12:50:57..205,,,,
12:50:57..269,24.35254641,-0.002558,-0.00014996,0.00066225,0.00039632,0.00019691,0.00110428,0.00009414,-0.00027999,0.00011644,12:50:57..318,,,,
12:50:57..334,24.23360214,-0.002558,-0.00015014,0.00066244,0.00039654,0.00019701,0.00110389,0.00009437,-0.00028051,0.00011649,12:50:57..318,,,,
12:50:57..366,24.31117449,-0.002667,-0.00015088,0.00066231,0.00039635,0.00019695,0.00110383,0.00009314,-0.00027987,0.00011571,12:50:57..407,,,,
12:50:57..507,24.2025732,-0.002667,-0.00015065,0.00066186,0.00039705,0.00019696,0.00110347,0.00009475,-0.00028042,0.00011583,12:50:57..505,,,,
12:50:57..540,24.05259999,-0.002664,-0.00015087,0.00066205,0.00039739,0.0001974,0.00110368,0.00009388,-0.00028018,0.00011647,12:50:57..549,,,,
12:50:57..663,24.10431489,-0.002664,-0.00015113,0.00066182,0.00039642,0.00019734,0.00110343,0.00009329,-0.00028051,0.00011634,12:50:57..661,,,,
12:50:57..696,24.02674254,-0.0028,-0.00015082,0.00066193,0.00039693,0.00019728,0.00110373,0.00009299,-0.00027968,0.00011622,12:50:57..705,,,,
12:50:57..815,23.94917019,-0.0028,-0.00015124,0.00066148,0.00039714,0.0001974,0.00110348,0.0000939,-0.00028016,0.00011628,12:50:57..813,,,,
12:50:57..848,24.05259999,-0.002859,-0.00015066,0.00066123,0.00039732,0.00019753,0.00110392,0.000094,-0.00028062,0.0001163,12:50:57..857,,,,
12:50:57..964,23.95951317,-0.002859,-0.00015112,0.00066147,0.00039674,0.00019713,0.00110316,0.00009221,-0.00027976,0.00011625,12:50:57..961,,,,
12:50:57..995,23.92331274,-0.002768,-0.00015116,0.00066087,0.00039707,0.00019742,0.0011032,0.00009311,-0.00028036,0.00011631,12:50:57..961,,,,
12:50:58..030,23.95951317,-0.002729,-0.00015144,0.00066129,0.00039739,0.00019785,0.00110361,0.00009326,-0.00027986,0.00011625,12:50:58..090,,,,
12:50:58..117,23.91296976,-0.002671,-0.00015156,0.00066111,0.00039697,0.00019737,0.00110268,0.00009271,-0.00028039,0.00011596,12:50:58..196,,,,
12:50:58..207,23.76816804,-0.002614,-0.00015109,0.00066129,0.00039716,0.00019784,0.00110322,0.00009283,-0.00027965,0.00011619,12:50:58..241,,,,
12:50:58..260,23.788854,-0.002614,-0.00015162,0.0006613,0.00039755,0.00019723,0.00110359,0.00009264,-0.00028003,0.00011667,12:50:58..241,,,,
12:50:58..294,23.78368251,-0.00259,-0.00015192,0.00066058,0.00039746,0.00019713,0.00110303,0.00009239,-0.00028014,0.00011649,12:50:58..286,,,,
12:50:58..371,23.77333953,-0.00259,-0.00015216,0.00066075,0.00039722,0.0001976,0.00110284,0.0000927,-0.00027992,0.00011655,12:50:58..329,,,,
12:50:58..405,23.66990973,-0.00253,-0.00015179,0.00066024,0.00039726,0.00019748,0.00110332,0.00009282,-0.00027963,0.00011612,12:50:58..415,,,,
12:50:58..527,23.61819483,-0.00253,-0.00015203,0.00066022,0.00039728,0.00019737,0.00110288,0.00009205,-0.00027991,0.00011666,12:50:58..526,,,,
12:50:58..560,23.63888079,-0.002624,-0.00015193,0.00066022,0.00039734,0.0001975,0.001103,0.00009295,-0.00027969,0.00011621,12:50:58..526,,,,
12:50:58..594,23.57165142,-0.002605,-0.00015213,0.00065989,0.0003972,0.00019759,0.00110324,0.00009228,-0.00027982,0.00011647,12:50:58..612,,,,
12:50:58..678,23.61302334,-0.002707,-0.00015203,0.00066008,0.00039753,0.00019726,0.00110295,0.0000917,-0.00027931,0.00011679,12:50:58..732,,,,
12:50:58..805,23.52510801,-0.002707,-0.00015203,0.00065995,0.00039751,0.00019749,0.00110305,0.00009272,-0.00027995,0.0001162,12:50:58..805,,,,
12:50:58..838,23.56130844,-0.002835,-0.00015208,0.00065913,0.00039763,0.00019749,0.00110253,0.00009238,-0.00027989,0.00011631,12:50:58..805,,,,
12:50:58..872,23.44236417,-0.002926,-0.00015269,0.00065937,0.00039753,0.00019747,0.00110182,0.00009137,-0.0002796,0.00011608,12:50:58..895,,,,
12:50:58..948,23.40616374,-0.002928,-0.00015244,0.00065905,0.00039775,0.00019774,0.00110249,0.00009263,-0.00027978,0.00011628,12:50:59..006,,,,
12:50:59..061,23.50442205,-0.002928,-0.00015258,0.00065972,0.00039751,0.00019779,0.00110236,0.00009118,-0.00027997,0.00011665,12:50:59..060,,,,
12:50:59..095,23.34927735,-0.002895,-0.00015249,0.00065887,0.00039739,0.0001978,0.00110203,0.00009146,-0.00028005,0.00011606,12:50:59..102,,,,
12:50:59..163,23.40099225,-0.002895,-0.00015244,0.00065918,0.00039775,0.00019755,0.00110228,0.000091,-0.00027922,0.00011632,12:50:59..213,,,,
12:50:59..221,23.3234199,-0.002895,-0.00015285,0.00065917,0.0003979,0.00019771,0.00110245,0.0000916,-0.00027988,0.00011639,12:50:59..213,,,,
12:50:59..253,23.29239096,-0.002633,-0.00015323,0.00065888,0.00039771,0.00019767,0.00110232,0.00009184,-0.00027992,0.00011636,12:50:59..257,,,,
12:50:59..330,23.30273394,-0.00252,-0.00015273,0.00065891,0.0003977,0.00019787,0.0011019,0.00009052,-0.00027928,0.00011653,12:50:59..327,,,,
12:50:59..381,23.31307692,-0.00252,-0.00015288,0.00065883,0.00039838,0.00019775,0.00110247,0.00009189,-0.00028002,0.00011617,12:50:59..379,,,,
12:50:59..415,23.30273394,-0.002461,-0.00015291,0.00065877,0.00039768,0.00019771,0.00110228,0.00009003,-0.0002795,0.00011655,12:50:59..423,,,,
12:50:59..456,23.23033308,-0.002395,-0.00015332,0.00065836,0.00039801,0.00019794,0.00110189,0.00009097,-0.00027998,0.0001166,12:50:59..465,,,,
12:50:59..533,23.21481861,-0.002395,-0.0001531,0.000659,0.00039816,0.00019729,0.00110168,0.00009088,-0.00028012,0.00011652,12:50:59..531,,,,
12:50:59..573,23.11138881,-0.002336,-0.0001533,0.00065886,0.00039805,0.00019787,0.00110222,0.0000916,-0.00027983,0.00011613,12:50:59..575,,,,
12:50:59..607,23.16310371,-0.00222,-0.00015348,0.00065826,0.00039815,0.00019772,0.00110161,0.00008973,-0.00027973,0.00011681,12:50:59..619,,,,
12:50:59..665,23.20447563,-0.002189,-0.00015342,0.00065814,0.00039812,0.00019746,0.00110189,0.00009163,-0.00027985,0.00011615,12:50:59..733,,,,
12:50:59..750,23.09587434,-0.00219,-0.00015377,0.00065848,0.00039764,0.00019784,0.00110151,0.0000899,-0.00027961,0.00011641,12:50:59..777,,,,
12:50:59..794,23.07001689,-0.00219,-0.00015329,0.00065835,0.00039834,0.00019751,0.00110162,0.0000915,-0.00027951,0.00011598,12:50:59..777,,,,
12:50:59..827,23.17344669,-0.002181,-0.00015412,0.00065794,0.00039768,0.00019782,0.00110173,0.00009036,-0.00027946,0.00011627,12:50:59..867,,,,
12:50:59..908,23.0648454,-0.002181,-0.00015345,0.00065815,0.00039835,0.00019807,0.00110166,0.00009042,-0.00027888,0.00011651,12:50:59..867,,,,
12:50:59..941,23.04415944,-0.002125,-0.0001537,0.00065802,0.00039823,0.00019799,0.00110171,0.00008933,-0.00027907,0.00011627,12:50:59..910,,,,
12:51:00..033,23.03381646,-0.002155,-0.00015378,0.00065775,0.00039814,0.00019766,0.00110149,0.00009109,-0.00027962,0.00011624,12:51:00..087,,,,
12:51:00..102,22.92004368,-0.002155,-0.00015373,0.00065805,0.00039798,0.00019789,0.00110185,0.0000893,-0.00027905,0.00011685,12:51:00..087,,,,
12:51:00..136,22.95624411,-0.002243,-0.00015351,0.00065778,0.00039833,0.00019768,0.00110143,0.00009005,-0.00027878,0.00011593,12:51:00..177,,,,
12:51:00..203,22.90452921,-0.002243,-0.00015356,0.00065788,0.00039842,0.00019823,0.00110173,0.0000903,-0.00027887,0.00011668,12:51:00..267,,,,
12:51:00..288,22.91487219,-0.002243,-0.00015393,0.00065753,0.00039835,0.00019825,0.00110142,0.00008999,-0.00027939,0.00011641,12:51:00..267,,,,
12:51:00..320,22.89935772,-0.00209,-0.00015382,0.00065765,0.000398,0.00019792,0.00110113,0.00008887,-0.0002792,0.00011589,12:51:00..354,,,,
12:51:00..406,22.82178537,-0.00209,-0.00015453,0.00065746,0.00039841,0.00019778,0.00110093,0.00009041,-0.00027963,0.00011592,12:51:00..403,,,,
12:51:00..438,22.84764282,-0.002029,-0.00015353,0.00065696,0.00039789,0.00019813,0.00110153,0.00009029,-0.0002797,0.00011576,12:51:00..445,,,,
12:51:00..501,22.85281431,-0.002012,-0.00015431,0.00065734,0.0003983,0.00019785,0.00110134,0.00008893,-0.00027889,0.00011599,12:51:00..547,,,,
12:51:00..556,22.72869855,-0.002012,-0.00015421,0.00065697,0.00039862,0.0001978,0.00110117,0.00009065,-0.00027937,0.00011604,12:51:00..547,,,,
12:51:00..590,22.78041345,-0.002106,-0.00015421,0.00065706,0.00039842,0.00019805,0.00110128,0.00008959,-0.00027915,0.00011627,12:51:00..686,,,,
12:51:00..741,22.82178537,-0.002106,-0.00015445,0.00065741,0.00039848,0.00019805,0.0011009,0.0000892,-0.00027917,0.00011637,12:51:00..738,,,,
12:51:00..773,22.64595471,-0.002134,-0.00015469,0.00065591,0.00039843,0.00019797,0.00110053,0.0000896,-0.00027932,0.00011607,12:51:00..781,,,,
12:51:00..914,22.67698365,-0.002134,-0.00015501,0.00065681,0.00039832,0.0001984,0.00110079,0.00008808,-0.00027943,0.00011615,12:51:00..911,,,,
12:51:00..947,22.56321087,-0.002166,-0.00015496,0.00065657,0.00039796,0.00019803,0.00110075,0.00008883,-0.00027932,0.00011634,12:51:00..955,,,,
12:51:01..014,22.66146918,-0.002188,-0.00015447,0.00065672,0.00039855,0.00019801,0.00110082,0.00008883,-0.00027909,0.00011588,12:51:01..056,,,,
12:51:01..105,22.55803938,-0.002188,-0.00015482,0.00065633,0.00039827,0.00019854,0.00110104,0.00008853,-0.00027919,0.00011608,12:51:01..104,,,,
12:51:01..140,22.66664067,-0.00224,-0.00015504,0.00065587,0.00039852,0.00019821,0.00110081,0.00008947,-0.00027933,0.00011589,12:51:01..148,,,,
12:51:01..264,22.5476964,-0.00224,-0.00015562,0.00065611,0.00039826,0.00019779,0.00110076,0.00008798,-0.00027939,0.00011575,12:51:01..261,,,,
12:51:01..296,22.57355385,-0.002312,-0.00015527,0.00065578,0.00039869,0.00019848,0.00110015,0.00008873,-0.00027925,0.00011625,12:51:01..261,,,,
12:51:01..371,22.51149597,-0.002312,-0.00015516,0.00065597,0.00039856,0.00019799,0.00110032,0.00008818,-0.00027878,0.0001159,12:51:01..401,,,,
12:51:01..445,22.39772319,-0.00225,-0.00015526,0.00065569,0.00039854,0.0001982,0.00110078,0.00008847,-0.00027932,0.00011556,12:51:01..445,,,,
12:51:01..479,22.51666746,-0.00225,-0.00015511,0.00065551,0.00039855,0.00019803,0.00110038,0.00008915,-0.00027911,0.00011598,12:51:01..445,,,,
12:51:01..513,22.40289468,-0.002121,-0.00015546,0.0006553,0.00039846,0.00019782,0.00109992,0.00008868,-0.00027947,0.00011581,12:51:01..569,,,,
12:51:01..628,22.27360743,-0.002121,-0.00015545,0.00065561,0.00039856,0.00019824,0.00110021,0.00008811,-0.00027886,0.00011622,12:51:01..569,,,,
12:51:01..660,22.38738021,-0.002162,-0.00015521,0.00065544,0.00039857,0.00019827,0.00109998,0.00008885,-0.00027869,0.00011623,12:51:01..671,,,,
12:51:01..810,22.30980786,-0.002162,-0.00015531,0.00065522,0.00039826,0.00019812,0.00110025,0.000088,-0.00027896,0.00011622,12:51:01..808,,,,
12:51:01..842,22.34600829,-0.002155,-0.00015612,0.0006549,0.0003981,0.00019809,0.00109963,0.00008695,-0.00027893,0.00011577,12:51:01..852,,,,
12:51:01..958,22.26326445,-0.002155,-0.00015565,0.00065416,0.00039887,0.00019847,0.00110034,0.00008845,-0.00027934,0.0001161,12:51:01..956,,,,
12:51:01..991,22.27877892,-0.002237,-0.00015578,0.00065461,0.00039898,0.00019827,0.00109975,0.00008886,-0.00027916,0.00011617,12:51:01..999,,,,
12:51:02..113,22.237407,-0.002237,-0.00015551,0.00065475,0.0003986,0.00019854,0.00110007,0.00008772,-0.00027874,0.00011656,12:51:02..110,,,,
12:51:02..146,22.19603508,-0.002301,-0.00015649,0.00065425,0.0003986,0.00019855,0.00109943,0.00008762,-0.00027886,0.00011578,12:51:02..155,,,,
12:51:02..265,22.17017763,-0.002301,-0.00015585,0.00065423,0.00039834,0.00019864,0.00109987,0.00008779,-0.000279,0.00011558,12:51:02..262,,,,
12:51:02..296,22.1339772,-0.00223,-0.00015667,0.00065431,0.00039853,0.00019837,0.00109989,0.00008663,-0.00027864,0.00011654,12:51:02..305,,,,
12:51:02..422,22.1339772,-0.00223,-0.00015609,0.00065384,0.00039865,0.00019844,0.00109985,0.00008824,-0.00027919,0.00011583,12:51:02..420,,,,
12:51:02..454,22.04606187,-0.002119,-0.00015657,0.00065374,0.00039852,0.00019778,0.00109975,0.00008645,-0.00027865,0.00011614,12:51:02..463,,,,
12:51:02..568,22.09260528,-0.002119,-0.00015614,0.00065382,0.00039829,0.00019858,0.00109986,0.00008792,-0.00027896,0.00011581,12:51:02..566,,,,
12:51:02..599,21.99951846,-0.002154,-0.00015675,0.00065349,0.00039871,0.00019867,0.00109986,0.0000869,-0.0002785,0.00011597,12:51:02..610,,,,
12:51:02..729,22.04089038,-0.002154,-0.0001563,0.00065328,0.00039852,0.00019838,0.00110002,0.00008781,-0.00027858,0.00011612,12:51:02..727,,,,
12:51:02..761,21.91677462,-0.002161,-0.00015681,0.00065282,0.00039841,0.00019824,0.00109966,0.00008745,-0.00027926,0.00011557,12:51:02..727,,,,
12:51:02..835,21.9788325,-0.002161,-0.0001573,0.00065345,0.00039799,0.00019831,0.00109962,0.00008644,-0.00027852,0.00011622,12:51:02..866,,,,
12:51:02..871,21.91160313,-0.002161,-0.00015678,0.00065331,0.00039858,0.00019844,0.00109957,0.00008796,-0.00027862,0.00011599,12:51:02..866,,,,
12:51:02..905,21.81851631,-0.002145,-0.00015715,0.00065284,0.00039855,0.00019838,0.00109938,0.00008637,-0.00027838,0.00011594,12:51:02..908,,,,
12:51:03..019,21.84954525,-0.002145,-0.0001571,0.00065312,0.00039888,0.00019881,0.00109953,0.00008786,-0.00027871,0.00011576,12:51:03..017,,,,
12:51:03..051,21.84437376,-0.001943,-0.00015688,0.00065304,0.00039828,0.00019821,0.00109942,0.00008593,-0.00027877,0.00011578,12:51:03..060,,,,
12:51:03..161,21.80817333,-0.001943,-0.00015686,0.00065293,0.00039853,0.00019835,0.00109986,0.00008735,-0.00027837,0.00011604,12:51:03..158,,,,
12:51:03..193,21.80817333,-0.001838,-0.00015719,0.00065242,0.00039835,0.00019878,0.00109935,0.00008709,-0.00027857,0.00011603,12:51:03..202,,,,
12:51:03..307,21.72542949,-0.001838,-0.00015708,0.00065257,0.00039854,0.00019855,0.00109944,0.00008649,-0.00027816,0.00011592,12:51:03..202,,,,
