Time,Pressure,Flow Rate (ml/s),Force 1,Force 2,Force 3,Force 4,Force 5,Force 6,Force 7,Force 8,Flow Meter Time,,,, 
12:55:39..431,5.00600232,-0.001866,-0.00019835,0.00060542,0.00041052,0.00020115,0.00108166,0.00004783,-0.00028302,0.00011631,12:55:39..468,,,,
12:55:39..498,4.87671507,-0.001866,-0.00019864,0.00060511,0.00041108,0.00020125,0.00108143,0.00004879,-0.00028297,0.00011563,12:55:39..468,,,,
12:55:39..529,4.95428742,-0.001792,-0.00019871,0.00060546,0.00041098,0.00020102,0.00108162,0.00004956,-0.00028335,0.00011559,12:55:39..553,,,,
12:55:39..616,5.02668828,-0.001792,-0.00019839,0.00060563,0.00041097,0.00020114,0.00108179,0.00004787,-0.00028262,0.00011615,12:55:39..665,,,,
12:55:39..685,4.92325848,-0.001792,-0.0001983,0.00060508,0.00041085,0.00020161,0.00108154,0.00004951,-0.00028307,0.0001161,12:55:39..665,,,,
12:55:39..718,4.98014487,-0.001725,-0.00019871,0.00060558,0.00041113,0.00020121,0.00108145,0.00004836,-0.00028295,0.00011617,12:55:39..708,,,,
12:55:39..753,4.98014487,-0.001698,-0.00019811,0.00060505,0.00041112,0.00020102,0.00108168,0.00004958,-0.0002833,0.00011582,12:55:39..754,,,,
12:55:39..817,4.95945891,-0.001662,-0.00019841,0.00060503,0.00041085,0.00020103,0.00108183,0.00004819,-0.00028296,0.00011585,12:55:39..858,,,,
12:55:39..878,5.01117381,-0.001662,-0.00019852,0.00060513,0.00041139,0.00020121,0.00108158,0.00004975,-0.0002832,0.00011582,12:55:39..858,,,,
12:55:39..913,5.04220275,-0.00163,-0.00019865,0.00060547,0.00041047,0.00020101,0.00108184,0.0000488,-0.00028326,0.00011604,12:55:39..944,,,,
12:55:40..021,4.92325848,-0.00163,-0.00019884,0.00060504,0.0004111,0.00020088,0.00108177,0.0000485,-0.00028305,0.00011618,12:55:40..020,,,,
12:55:40..053,5.00083083,-0.001767,-0.00019847,0.00060475,0.00041116,0.00020113,0.00108177,0.00004807,-0.00028346,0.00011643,12:55:40..062,,,,
12:55:40..121,4.91808699,-0.001798,-0.00019849,0.00060482,0.0004112,0.00020118,0.00108181,0.00004923,-0.00028313,0.00011573,12:55:40..165,,,,
12:55:40..197,4.94394444,-0.001798,-0.00019864,0.00060529,0.00041068,0.00020154,0.00108152,0.00004845,-0.00028337,0.00011586,12:55:40..165,,,,
12:55:40..230,5.0163453,-0.001804,-0.00019832,0.00060575,0.00041096,0.00020098,0.00108177,0.00004773,-0.00028324,0.00011623,12:55:40..254,,,,
12:55:40..349,4.9129155,-0.001804,-0.00019797,0.0006052,0.00041098,0.0002016,0.00108163,0.00004941,-0.00028316,0.00011605,12:55:40..348,,,,
12:55:40..382,5.04220275,-0.001895,-0.00019838,0.00060504,0.00041097,0.00020137,0.00108156,0.00004883,-0.00028317,0.00011599,12:55:40..391,,,,
12:55:40..494,5.01117381,-0.001895,-0.0001986,0.00060517,0.00041062,0.00020107,0.00108134,0.00004819,-0.00028344,0.00011608,12:55:40..492,,,,
12:55:40..526,4.97497338,-0.001897,-0.0001983,0.00060521,0.00041093,0.00020104,0.00108198,0.00004925,-0.00028344,0.00011605,12:55:40..538,,,,
12:55:40..646,4.97497338,-0.001897,-0.00019885,0.00060512,0.00041124,0.0002007,0.00108155,0.00004829,-0.0002828,0.00011593,12:55:40..644,,,,
12:55:40..678,5.01117381,-0.001713,-0.0001986,0.00060516,0.00041126,0.00020113,0.00108135,0.00004797,-0.00028293,0.00011603,12:55:40..644,,,,
12:55:40..754,5.04737424,-0.001713,-0.00019813,0.00060563,0.00041095,0.00020121,0.00108159,0.00004941,-0.00028394,0.0001157,12:55:40..796,,,,
12:55:40..804,4.93877295,-0.001713,-0.00019867,0.00060514,0.00041139,0.00020082,0.00108142,0.0000477,-0.00028323,0.00011578,12:55:40..796,,,,
12:55:40..837,4.94911593,-0.001637,-0.00019827,0.00060533,0.00041115,0.00020156,0.00108183,0.00004819,-0.00028313,0.00011562,12:55:40..839,,,,
12:55:40..955,5.00083083,-0.001637,-0.0001982,0.00060503,0.00041112,0.00020099,0.00108138,0.00004931,-0.00028331,0.00011572,12:55:40..953,,,,
12:55:40..987,4.95945891,-0.001726,-0.00019827,0.00060542,0.0004108,0.00020165,0.00108145,0.00004834,-0.00028333,0.00011605,12:55:40..997,,,,
12:55:41..130,4.96980189,-0.001726,-0.00019832,0.00060498,0.00041097,0.0002014,0.00108185,0.00004866,-0.00028292,0.00011588,12:55:41..128,,,,
12:55:41..161,4.99048785,-0.002068,-0.00019805,0.00060495,0.00041125,0.00020134,0.0010822,0.0000494,-0.00028332,0.00011558,12:55:41..171,,,,
12:55:41..234,4.95428742,-0.002124,-0.00019827,0.00060531,0.00041097,0.00020133,0.00108203,0.00004781,-0.00028316,0.00011578,12:55:41..277,,,,
12:55:41..323,4.92842997,-0.002124,-0.000198,0.00060498,0.00041121,0.0002018,0.00108201,0.00004949,-0.00028381,0.00011586,12:55:41..323,,,,
12:55:41..356,5.01117381,-0.002137,-0.00019853,0.00060468,0.00041122,0.00020147,0.00108187,0.00004822,-0.00028321,0.00011605,12:55:41..323,,,,
12:55:41..427,4.94911593,-0.002095,-0.00019819,0.000605,0.00041078,0.00020121,0.00108186,0.00004936,-0.00028369,0.00011589,12:55:41..474,,,,
12:55:41..521,4.95428742,-0.002095,-0.00019813,0.00060534,0.00041119,0.00020124,0.00108156,0.00004789,-0.00028315,0.0001162,12:55:41..521,,,,
12:55:41..554,4.94911593,-0.002095,-0.0001988,0.00060517,0.00041102,0.00020129,0.00108164,0.00004828,-0.00028358,0.00011568,12:55:41..521,,,,
12:55:41..587,4.93360146,-0.002059,-0.00019844,0.00060528,0.00041136,0.00020112,0.00108166,0.00004924,-0.00028313,0.00011587,12:55:41..632,,,,
12:55:41..686,4.98531636,-0.002059,-0.00019813,0.00060514,0.0004114,0.00020129,0.00108158,0.00004796,-0.00028301,0.00011623,12:55:41..632,,,,
12:55:41..718,4.90774401,-0.002112,-0.00019843,0.0006049,0.00041103,0.0002017,0.00108134,0.00004895,-0.00028364,0.0001154,12:55:41..729,,,,
12:55:41..807,4.93877295,-0.002112,-0.00019841,0.00060525,0.00041097,0.00020148,0.00108124,0.000048,-0.00028317,0.00011606,12:55:41..836,,,,
12:55:41..844,4.9646304,-0.002112,-0.000198,0.0006049,0.00041101,0.00020159,0.00108152,0.00004913,-0.00028329,0.00011597,12:55:41..836,,,,
12:55:41..878,4.99048785,-0.002083,-0.00019861,0.00060527,0.00041061,0.00020144,0.00108143,0.0000478,-0.00028313,0.00011599,12:55:41..881,,,,
12:55:41..950,6.27301737,-0.002083,-0.00019789,0.00060459,0.00041134,0.0002015,0.00108122,0.00004895,-0.00028371,0.00011593,12:55:41..997,,,,
12:55:42..015,23.76816804,-0.002083,-0.00019831,0.00060534,0.00041071,0.00020146,0.00108156,0.00004791,-0.00028339,0.00011588,12:55:41..997,,,,
12:55:42..048,13.79236383,-0.00146,-0.00019592,0.00060469,0.00041077,0.0002016,0.00108135,0.00004769,-0.00028338,0.00011697,12:55:42..043,,,,
12:55:42..084,16.09367688,0.001831,-0.00019527,0.00060509,0.00041109,0.0002005,0.00108251,0.00004853,-0.00028355,0.00011677,12:55:42..086,,,,
12:55:42..201,16.73494164,0.001831,-0.00019502,0.00060494,0.00041185,0.00020042,0.00108359,0.00005044,-0.00028367,0.00011692,12:55:42..086,,,,
12:55:42..236,16.21779264,0.015051,-0.00018479,0.00060581,0.00040954,0.00020137,0.00108641,0.00005319,-0.00028644,0.0001196,12:55:42..246,,,,
12:55:42..336,17.13314637,0.015051,-0.00018511,0.00060569,0.00040914,0.00020102,0.00108652,0.00005437,-0.00028653,0.00011882,12:55:42..393,,,,
12:55:42..407,17.18486127,0.015051,-0.00018485,0.00060596,0.0004094,0.00020125,0.00108656,0.00005279,-0.00028597,0.00011965,12:55:42..393,,,,
12:55:42..439,19.30000068,0.055055,-0.00016343,0.00062014,0.00040274,0.00020131,0.00109507,0.0000657,-0.00029167,0.00012353,12:55:42..482,,,,
12:55:42..599,20.47392891,0.055055,-0.00016316,0.0006205,0.0004033,0.00020178,0.00109553,0.00006787,-0.00029183,0.00012314,12:55:42..482,,,,
12:55:42..631,25.77987765,0.083204,-0.00014349,0.00064263,0.00039321,0.00019804,0.00110437,0.00008453,-0.000298,0.00011973,12:55:42..643,,,,
12:55:42..738,27.30029571,0.10963,-0.00014322,0.00064254,0.00039344,0.00019819,0.00110392,0.00008529,-0.00029787,0.00011921,12:55:42..793,,,,
12:55:42..868,31.99083714,0.10963,-0.00014319,0.00064242,0.00039331,0.00019782,0.00110408,0.00008466,-0.00029758,0.00011893,12:55:42..870,,,,
12:55:42..902,39.9756177,0.131263,-0.00012799,0.00066671,0.00038068,0.00019131,0.00111694,0.00010965,-0.00030842,0.00010688,12:55:42..914,,,,
12:55:43..006,41.9924988,0.131263,-0.00012841,0.00066685,0.00038036,0.00019142,0.0011171,0.00010956,-0.00030828,0.00010721,12:55:43..079,,,,
12:55:43..097,48.11037147,0.131263,-0.00012823,0.00066663,0.00038041,0.00019162,0.00111754,0.00011061,-0.00030784,0.00010726,12:55:43..079,,,,
12:55:43..130,54.0420705,0.153314,-0.00010634,0.00072228,0.00036213,0.0001855,0.00114255,0.00016116,-0.00032284,0.00008792,12:55:43..167,,,,
12:55:43..296,55.77969114,0.153314,-0.00010584,0.00072275,0.00036178,0.00018504,0.00114278,0.00015963,-0.00032263,0.00008794,12:55:43..167,,,,
12:55:43..329,63.41798187,0.157582,-0.00009957,0.00074674,0.00034895,0.00018126,0.00115624,0.00018761,-0.00033228,0.00007484,12:55:43..296,,,,
12:55:43..422,64.7987697,0.157582,-0.00009904,0.00074707,0.0003492,0.00018135,0.00115682,0.00018891,-0.00033194,0.00007469,12:55:43..489,,,,
12:55:43..498,67.30177086,0.157582,-0.00009912,0.000747,0.00034884,0.00018108,0.00115683,0.00018786,-0.00033188,0.000075,12:55:43..489,,,,
12:55:43..532,68.34641184,0.149099,-0.00009285,0.00076,0.00034147,0.00017998,0.00116425,0.00020215,-0.00033723,0.00006881,12:55:43..574,,,,
12:55:43..703,68.60498634,0.149099,-0.00009245,0.00075959,0.00034074,0.00017979,0.0011643,0.0002029,-0.00033742,0.00006852,12:55:43..701,,,,
12:55:43..735,66.91390911,0.136109,-0.00009784,0.0007513,0.00033957,0.00017838,0.00116353,0.00020066,-0.00033636,0.00006998,12:55:43..744,,,,
12:55:43..806,66.66567759,0.125142,-0.00009792,0.0007522,0.00034004,0.00017845,0.00116325,0.00019956,-0.00033585,0.00006965,12:55:43..847,,,,
12:55:43..894,65.42969148,0.125142,-0.00009768,0.00075217,0.00034027,0.00017811,0.00116355,0.00020134,-0.00033617,0.00006958,12:55:43..894,,,,
12:55:43..928,63.54726912,0.112945,-0.00010201,0.00074509,0.00034423,0.00018042,0.00115914,0.00019135,-0.00033141,0.0000732,12:55:43..938,,,,
12:55:44..045,62.58020049,0.112945,-0.00010155,0.00074503,0.00034471,0.00018055,0.0011594,0.00019233,-0.00033156,0.0000737,12:55:44..044,,,,
12:55:44..077,59.96342655,0.093691,-0.00010661,0.00073613,0.0003486,0.00018193,0.00115517,0.00018123,-0.00032785,0.00007752,12:55:44..044,,,,
12:55:44..144,59.38939116,0.093691,-0.0001062,0.00073571,0.0003485,0.00018184,0.0011553,0.0001822,-0.00032823,0.00007711,12:55:44..159,,,,
12:55:44..177,57.90517353,0.080868,-0.00010782,0.00073337,0.0003504,0.000183,0.00115293,0.00017752,-0.00032633,0.00007883,12:55:44..159,,,,
12:55:44..231,57.29493771,0.080868,-0.00010776,0.00073297,0.00035029,0.00018298,0.00115334,0.00017802,-0.00032648,0.00007906,12:55:44..204,,,,
12:55:44..264,56.66401593,0.06876,-0.00010948,0.00072908,0.0003533,0.00018387,0.00115066,0.00017255,-0.00032434,0.00008196,12:55:44..289,,,,
12:55:44..389,56.19858183,0.06876,-0.00010907,0.00072861,0.00035358,0.00018391,0.00115088,0.00017234,-0.00032397,0.00008174,12:55:44..387,,,,
12:55:44..422,55.15394085,0.052789,-0.0001111,0.00072558,0.00035535,0.00018488,0.00114841,0.00016704,-0.00032202,0.00008348,12:55:44..431,,,,
12:55:44..550,54.95225274,0.052789,-0.00011072,0.00072502,0.00035572,0.00018466,0.00114899,0.00016908,-0.00032209,0.00008333,12:55:44..548,,,,
12:55:44..582,54.95225274,0.040145,-0.00011093,0.00072444,0.00035582,0.00018473,0.00114871,0.00016802,-0.00032102,0.00008416,12:55:44..593,,,,
12:55:44..706,55.0763685,0.040145,-0.00011113,0.00072496,0.00035592,0.00018509,0.001149,0.00016782,-0.00032186,0.00008419,12:55:44..706,,,,
12:55:44..740,55.86243498,0.030955,-0.00010972,0.00072745,0.00035445,0.00018476,0.00115047,0.00016989,-0.00032252,0.00008335,12:55:44..749,,,,
12:55:44..789,56.08998054,0.028629,-0.00010945,0.00072748,0.00035456,0.00018479,0.00115027,0.00017041,-0.00032254,0.00008352,12:55:44..791,,,,
12:55:44..840,56.78813169,0.028629,-0.00010979,0.00072714,0.00035452,0.0001847,0.00114982,0.00017028,-0.00032226,0.00008311,12:55:44..871,,,,
12:55:44..878,57.22253685,0.028629,-0.00010976,0.00072691,0.00035465,0.00018423,0.00115054,0.00017097,-0.00032254,0.00008374,12:55:44..871,,,,
12:55:44..913,57.58971264,0.023679,-0.00010774,0.00073173,0.00035195,0.00018355,0.00115353,0.00017628,-0.00032459,0.00008077,12:55:44..914,,,,
12:55:45..041,58.06548972,0.023679,-0.00010784,0.00073187,0.00035178,0.00018339,0.00115272,0.00017514,-0.00032446,0.00008157,12:55:45..039,,,,
12:55:45..072,59.49799245,0.020963,-0.00010588,0.00073671,0.00034947,0.00018276,0.00115601,0.00018096,-0.00032636,0.00007966,12:55:45..084,,,,
12:55:45..145,59.82379632,0.01989,-0.0001058,0.00073619,0.00034954,0.00018272,0.00115618,0.00018142,-0.00032638,0.00007922,12:55:45..188,,,,
12:55:45..195,60.46506108,0.01989,-0.0001055,0.00073645,0.0003497,0.00018264,0.00115592,0.00018148,-0.00032647,0.00007919,12:55:45..188,,,,
12:55:45..230,60.7650075,0.019489,-0.00010368,0.0007398,0.00034792,0.00018213,0.00115828,0.00018592,-0.00032758,0.00007758,12:55:45..231,,,,
12:55:45..346,61.00806753,0.019489,-0.0001044,0.0007403,0.00034806,0.00018212,0.00115774,0.00018503,-0.00032743,0.00007785,12:55:45..344,,,,
12:55:45..378,61.32352842,0.018507,-0.00010372,0.00074207,0.00034677,0.00018176,0.00115907,0.00018689,-0.00032809,0.00007691,12:55:45..387,,,,
12:55:45..480,61.36490034,0.018507,-0.00010347,0.0007419,0.00034683,0.00018211,0.00115951,0.0001881,-0.00032814,0.00007645,12:55:45..478,,,,
12:55:45..513,61.20975564,0.017213,-0.00010364,0.0007422,0.00034664,0.00018187,0.00115949,0.00018731,-0.00032792,0.00007657,12:55:45..522,,,,
12:55:45..649,61.14769776,0.017213,-0.00010344,0.00074207,0.00034661,0.00018108,0.00115906,0.00018759,-0.00032861,0.00007656,12:55:45..646,,,,
12:55:45..681,60.49609002,0.015421,-0.00010471,0.00074071,0.0003474,0.00018177,0.00115865,0.00018511,-0.00032707,0.00007781,12:55:45..689,,,,
12:55:45..802,60.32543085,0.015421,-0.00010442,0.0007402,0.00034728,0.00018174,0.00115873,0.00018659,-0.00032796,0.00007722,12:55:45..800,,,,
12:55:45..836,59.72036652,0.012328,-0.00010506,0.00073873,0.00034882,0.00018279,0.00115786,0.00018415,-0.00032639,0.00007911,12:55:45..843,,,,
12:55:45..938,59.50316394,0.012328,-0.00010521,0.00073908,0.00034797,0.00018273,0.00115756,0.00018254,-0.0003262,0.00007861,12:55:45..938,,,,
12:55:45..972,59.0067009,0.010682,-0.00010601,0.00073723,0.00034951,0.00018339,0.00115675,0.00018231,-0.00032587,0.00007918,12:55:45..981,,,,
12:55:46..030,58.89292812,0.00996,-0.00010609,0.00073772,0.00034939,0.00018383,0.00115678,0.00018063,-0.00032541,0.00007916,12:55:46..095,,,,
12:55:46..121,58.70158299,0.00996,-0.00010596,0.00073727,0.00034963,0.00018348,0.00115721,0.00018231,-0.00032535,0.0000793,12:55:46..095,,,,
12:55:46..155,58.45335147,0.008646,-0.00010695,0.00073592,0.00035006,0.00018383,0.00115639,0.00017949,-0.00032431,0.00007985,12:55:46..182,,,,
12:55:46..223,58.46886594,0.008101,-0.00010669,0.00073595,0.00035024,0.00018385,0.00115615,0.0001803,-0.00032472,0.00007954,12:55:46..271,,,,
12:55:46..286,58.36026465,0.008101,-0.00010677,0.00073615,0.00035022,0.0001838,0.00115644,0.00017885,-0.00032411,0.00007979,12:55:46..271,,,,
12:55:46..320,58.37060763,0.006529,-0.00010681,0.00073636,0.0003502,0.00018347,0.0011562,0.00017878,-0.00032472,0.00007962,12:55:46..357,,,,
12:55:46..447,58.40163657,0.006529,-0.00010617,0.00073605,0.00035029,0.00018408,0.00115632,0.00018004,-0.00032474,0.00007956,12:55:46..445,,,,
12:55:46..479,58.58781021,0.005995,-0.00010655,0.00073682,0.00034945,0.00018378,0.00115698,0.00018046,-0.00032503,0.00007943,12:55:46..445,,,,
12:55:46..550,58.70158299,0.005702,-0.00010653,0.00073698,0.00034953,0.00018382,0.00115702,0.00018065,-0.00032449,0.00007988,12:55:46..591,,,,
12:55:46..638,58.91878557,0.005702,-0.00010627,0.00073715,0.00035,0.00018381,0.00115694,0.00018079,-0.00032458,0.00008004,12:55:46..591,,,,
12:55:46..672,59.14115964,0.005721,-0.00010569,0.00073781,0.00034897,0.00018291,0.00115774,0.0001827,-0.00032595,0.00007906,12:55:46..682,,,,
12:55:46..799,59.25493242,0.005721,-0.00010583,0.00073827,0.00034939,0.00018311,0.00115772,0.00018156,-0.00032527,0.00007908,12:55:46..797,,,,
12:55:46..831,59.64796566,0.006043,-0.00010563,0.00073994,0.00034858,0.00018324,0.00115854,0.00018385,-0.00032569,0.0000786,12:55:46..840,,,,
12:55:46..950,59.64279417,0.006043,-0.00010527,0.00073956,0.00034823,0.00018332,0.00115891,0.0001837,-0.00032552,0.0000789,12:55:46..948,,,,
12:55:46..982,59.89102569,0.006494,-0.00010505,0.00074083,0.00034742,0.00018326,0.00115906,0.00018392,-0.00032611,0.00007821,12:55:46..991,,,,
12:55:47..087,59.92205463,0.006494,-0.00010512,0.0007408,0.00034802,0.00018329,0.00115904,0.00018523,-0.0003261,0.00007761,12:55:47..085,,,,
12:55:47..118,59.989284,0.006882,-0.00010491,0.00074084,0.00034812,0.00018273,0.00115954,0.00018617,-0.00032609,0.00007759,12:55:47..127,,,,
12:55:47..221,59.89619718,0.006882,-0.00010465,0.00074105,0.00034775,0.00018319,0.00115965,0.00018438,-0.00032576,0.00007859,12:55:47..219,,,,
12:55:47..252,59.89619718,0.007041,-0.00010519,0.00074094,0.00034725,0.00018274,0.00115944,0.00018412,-0.00032594,0.00007778,12:55:47..263,,,,
12:55:47..369,59.88068271,0.007041,-0.00010487,0.00074048,0.00034795,0.00018273,0.00115969,0.00018513,-0.00032597,0.00007809,12:55:47..367,,,,
12:55:47..401,59.70485205,0.006915,-0.00010494,0.00074071,0.0003474,0.00018326,0.00115957,0.00018437,-0.00032556,0.00007834,12:55:47..367,,,,
12:55:47..480,59.6789946,0.006915,-0.00010505,0.0007401,0.00034806,0.00018254,0.00115896,0.00018467,-0.00032583,0.00007796,12:55:47..523,,,,
12:55:47..531,59.5238499,0.006915,-0.00010496,0.00074112,0.00034802,0.00018247,0.00115948,0.00018461,-0.00032536,0.00007838,12:55:47..523,,,,
12:55:47..564,59.43593457,0.006758,-0.00010504,0.00074051,0.00034836,0.00018374,0.00115901,0.00018454,-0.00032531,0.00007866,12:55:47..567,,,,
12:55:47..691,59.36353371,0.006758,-0.00010554,0.0007407,0.00034799,0.0001833,0.00115918,0.00018352,-0.00032485,0.0000789,12:55:47..689,,,,
12:55:47..723,59.24976093,0.00663,-0.00010586,0.00073982,0.00034831,0.00018287,0.00115887,0.00018385,-0.00032477,0.00007843,12:55:47..736,,,,
12:55:47..867,59.25493242,0.00663,-0.00010542,0.00074035,0.0003482,0.00018342,0.0011592,0.00018323,-0.0003248,0.00007947,12:55:47..865,,,,
12:55:47..899,59.12047368,0.006681,-0.00010536,0.00073981,0.00034847,0.00018364,0.00115913,0.0001838,-0.00032491,0.00007898,12:55:47..909,,,,
12:55:48..021,59.10495921,0.006681,-0.00010549,0.00074052,0.0003484,0.00018325,0.00115877,0.00018226,-0.00032445,0.00007905,12:55:48..019,,,,
12:55:48..054,59.0584158,0.006676,-0.00010556,0.00073984,0.00034813,0.00018314,0.00115911,0.00018367,-0.00032503,0.00007874,12:55:48..063,,,,
12:55:48..169,59.14633113,0.006676,-0.00010556,0.00074062,0.00034836,0.00018341,0.00115922,0.0001819,-0.00032461,0.00007929,12:55:48..167,,,,
12:55:48..201,59.22907497,0.006966,-0.00010543,0.00073997,0.00034814,0.00018335,0.00115928,0.00018365,-0.00032523,0.00007936,12:55:48..211,,,,
12:55:48..266,59.1618456,0.007134,-0.0001056,0.00074055,0.00034773,0.00018357,0.00115941,0.00018322,-0.00032407,0.00007947,12:55:48..312,,,,
12:55:48..333,59.24458944,0.007134,-0.00010555,0.00073981,0.00034796,0.00018311,0.00115905,0.0001831,-0.00032487,0.00007928,12:55:48..312,,,,
12:55:48..367,59.34801924,0.007608,-0.00010525,0.00074034,0.00034759,0.00018277,0.00115939,0.00018405,-0.00032561,0.00007844,12:55:48..399,,,,
12:55:48..486,59.33250477,0.007608,-0.00010478,0.00074051,0.00034773,0.00018321,0.00115953,0.00018316,-0.00032484,0.00007927,12:55:48..484,,,,
12:55:48..519,59.37387669,0.007862,-0.00010489,0.00074122,0.00034787,0.00018355,0.00116019,0.00018453,-0.00032492,0.00007879,12:55:48..527,,,,
12:55:48..625,59.48764947,0.007862,-0.0001054,0.00074141,0.00034759,0.0001829,0.00115916,0.00018315,-0.0003253,0.00007855,12:55:48..623,,,,
12:55:48..656,59.49799245,0.008183,-0.00010516,0.00074193,0.00034756,0.00018324,0.00115934,0.00018364,-0.00032512,0.0000783,12:55:48..665,,,,
12:55:48..779,59.46179202,0.008183,-0.00010477,0.00074172,0.00034759,0.00018284,0.00115984,0.00018501,-0.00032575,0.00007806,12:55:48..777,,,,
12:55:48..810,59.53936437,0.008357,-0.00010446,0.00074142,0.0003471,0.00018314,0.00115983,0.00018475,-0.0003255,0.00007836,12:55:48..820,,,,
12:55:48..933,59.48764947,0.008357,-0.00010476,0.00074168,0.00034742,0.00018259,0.00116017,0.0001844,-0.00032537,0.00007857,12:55:48..931,,,,
12:55:48..964,59.51867841,0.008509,-0.00010456,0.00074179,0.0003468,0.00018279,0.0011597,0.00018521,-0.00032552,0.00007848,12:55:48..974,,,,
12:55:49..072,59.52902139,0.008509,-0.00010464,0.00074219,0.00034689,0.00018289,0.00115965,0.0001843,-0.00032462,0.00007911,12:55:49..072,,,,
12:55:49..105,59.47730649,0.008565,-0.00010487,0.00074236,0.00034632,0.00018283,0.00115977,0.00018368,-0.00032463,0.00007894,12:55:49..116,,,,
12:55:49..156,59.49282096,0.00856,-0.00010492,0.00074173,0.00034694,0.00018332,0.00116017,0.00018555,-0.00032554,0.00007855,12:55:49..159,,,,
12:55:49..208,59.46696351,0.00856,-0.00010499,0.00074201,0.00034634,0.00018277,0.00116009,0.00018395,-0.00032527,0.00007873,12:55:49..159,,,,
12:55:49..243,59.39456265,0.008476,-0.00010531,0.0007419,0.00034638,0.00018288,0.0011602,0.0001837,-0.00032585,0.00007844,12:55:49..259,,,,
12:55:49..336,59.43076308,0.008476,-0.00010505,0.00074153,0.00034673,0.00018341,0.00115986,0.00018479,-0.00032527,0.0000785,12:55:49..336,,,,
12:55:49..368,59.39456265,0.008385,-0.00010472,0.00074198,0.00034655,0.00018283,0.00115979,0.0001841,-0.00032481,0.00007907,12:55:49..379,,,,
12:55:49..439,59.29630434,0.008392,-0.00010474,0.00074147,0.00034653,0.00018289,0.00116009,0.00018502,-0.00032505,0.0000791,12:55:49..503,,,,
12:55:49..552,59.34801924,0.008392,-0.00010442,0.00074189,0.00034653,0.00018294,0.00115982,0.00018374,-0.00032477,0.00007838,12:55:49..552,,,,
12:55:49..585,59.31181881,0.008399,-0.00010438,0.00074199,0.0003469,0.00018306,0.00115983,0.00018379,-0.00032474,0.00007929,12:55:49..599,,,,
12:55:49..635,59.30147583,0.008417,-0.00010459,0.00074181,0.00034719,0.00018295,0.00116001,0.00018528,-0.00032461,0.00007848,12:55:49..682,,,,
12:55:49..707,59.24458944,0.008417,-0.00010487,0.00074249,0.00034663,0.00018286,0.00115962,0.00018352,-0.00032451,0.00007907,12:55:49..682,,,,
12:55:49..739,59.32733328,0.008494,-0.00010515,0.00074185,0.00034685,0.00018308,0.00115988,0.0001844,-0.00032467,0.0000787,12:55:49..768,,,,
12:55:49..869,59.28078987,0.008494,-0.00010479,0.00074225,0.0003471,0.00018298,0.00115977,0.00018461,-0.00032471,0.00007901,12:55:49..868,,,,
12:55:49..902,59.37387669,0.008506,-0.00010511,0.00074184,0.00034663,0.00018297,0.00116023,0.00018498,-0.00032526,0.00007799,12:55:49..914,,,,
12:55:50..029,59.32733328,0.008506,-0.00010476,0.00074221,0.00034673,0.00018312,0.00116002,0.00018349,-0.00032493,0.00007862,12:55:50..027,,,,
12:55:50..061,59.34801924,0.008672,-0.00010488,0.00074231,0.00034668,0.00018286,0.00115966,0.00018502,-0.00032542,0.00007792,12:55:50..027,,,,
12:55:50..139,59.42559159,0.008853,-0.00010471,0.00074274,0.00034672,0.00018282,0.00115986,0.00018404,-0.00032509,0.00007845,12:55:50..169,,,,
12:55:50..225,59.39456265,0.008853,-0.00010471,0.00074207,0.00034634,0.0001831,0.0011603,0.00018548,-0.00032535,0.00007796,12:55:50..227,,,,
12:55:50..259,59.38421967,0.008991,-0.00010519,0.00074266,0.00034624,0.00018293,0.00115999,0.00018421,-0.00032513,0.00007821,12:55:50..269,,,,
12:55:50..367,59.42559159,0.008991,-0.00010552,0.00074226,0.00034615,0.00018288,0.00116063,0.0001856,-0.00032564,0.00007824,12:55:50..365,,,,
12:55:50..398,59.36353371,0.009139,-0.00010468,0.00074183,0.00034597,0.00018294,0.00116094,0.0001856,-0.0003251,0.00007862,12:55:50..408,,,,
12:55:50..499,59.38939116,0.009139,-0.00010512,0.000743,0.00034606,0.00018281,0.0011605,0.0001843,-0.00032455,0.00007869,12:55:50..497,,,,
12:55:50..531,59.46179202,0.009217,-0.00010491,0.00074287,0.00034618,0.00018272,0.0011607,0.00018545,-0.00032493,0.00007823,12:55:50..542,,,,
12:55:50..657,59.44627755,0.009217,-0.00010512,0.00074248,0.00034585,0.00018269,0.00116071,0.00018442,-0.00032476,0.00007858,12:55:50..655,,,,
12:55:50..689,59.42559159,0.009238,-0.00010502,0.00074282,0.00034626,0.00018313,0.00116016,0.00018479,-0.0003249,0.00007788,12:55:50..698,,,,
12:55:50..789,59.47730649,0.009238,-0.00010546,0.0007432,0.0003463,0.00018266,0.00116076,0.00018472,-0.00032476,0.00007843,12:55:50..787,,,,
12:55:50..822,59.35836222,0.00926,-0.00010492,0.00074254,0.00034602,0.00018225,0.00116056,0.00018509,-0.00032543,0.00007864,12:55:50..831,,,,
12:55:50..913,59.38421967,0.00926,-0.0001054,0.00074282,0.0003454,0.00018291,0.00116061,0.0001843,-0.00032492,0.00007841,12:55:50..912,,,,
12:55:50..945,59.39973414,0.009269,-0.00010477,0.00074334,0.00034568,0.00018251,0.00116102,0.00018561,-0.00032523,0.00007829,12:55:50..954,,,,
12:55:51..007,59.43076308,0.009246,-0.00010515,0.00074301,0.0003454,0.00018223,0.00116088,0.00018447,-0.00032494,0.00007861,12:55:51..056,,,,
12:55:51..119,59.33767626,0.009246,-0.00010506,0.00074283,0.00034627,0.00018269,0.00116061,0.00018575,-0.00032499,0.00007826,12:55:51..119,,,,
12:55:51..153,59.3687052,0.009154,-0.00010468,0.00074294,0.00034598,0.00018247,0.00116096,0.00018533,-0.00032506,0.00007863,12:55:51..119,,,,
12:55:51..214,59.38939116,0.009154,-0.00010495,0.00074311,0.00034601,0.00018207,0.00116048,0.00018529,-0.00032535,0.00007899,12:55:51..262,,,,
12:55:51..272,59.35319073,0.009154,-0.0001048,0.00074299,0.00034609,0.00018258,0.00116111,0.00018544,-0.00032487,0.0000784,12:55:51..262,,,,
12:55:51..306,59.3687052,0.009093,-0.00010527,0.00074271,0.00034573,0.00018224,0.00116071,0.00018581,-0.00032487,0.00007838,12:55:51..368,,,,
12:55:51..415,59.36353371,0.009093,-0.00010495,0.00074314,0.00034588,0.00018243,0.00116066,0.00018435,-0.00032502,0.00007866,12:55:51..415,,,,
12:55:51..447,59.37387669,0.009127,-0.000105,0.00074292,0.00034573,0.00018263,0.0011611,0.00018601,-0.00032527,0.00007858,12:55:51..459,,,,
12:55:51..507,59.35836222,0.009206,-0.00010519,0.00074331,0.00034594,0.00018284,0.00116091,0.00018431,-0.00032466,0.00007796,12:55:51..561,,,,
12:55:51..604,59.34801924,0.009206,-0.00010497,0.00074287,0.00034563,0.00018244,0.00116054,0.00018596,-0.000325,0.00007812,12:55:51..561,,,,
12:55:51..638,59.35319073,0.009435,-0.00010508,0.0007434,0.0003454,0.00018247,0.00116045,0.00018482,-0.00032511,0.00007866,12:55:51..648,,,,
12:55:51..751,59.41524861,0.009435,-0.00010478,0.00074292,0.00034585,0.00018238,0.00116089,0.00018578,-0.00032517,0.00007821,12:55:51..749,,,,
12:55:51..783,59.33250477,0.009688,-0.00010478,0.00074317,0.00034563,0.00018251,0.00116087,0.00018493,-0.00032504,0.00007848,12:55:51..792,,,,
12:55:51..850,59.41524861,0.009786,-0.00010499,0.00074318,0.00034549,0.0001825,0.00116086,0.00018617,-0.00032512,0.0000783,12:55:51..891,,,,
12:55:51..930,59.37904818,0.009786,-0.00010497,0.00074385,0.00034516,0.00018233,0.00116056,0.00018462,-0.00032445,0.00007866,12:55:51..891,,,,
12:55:51..965,59.3687052,0.009863,-0.00010481,0.00074312,0.00034515,0.00018252,0.00116083,0.00018513,-0.00032526,0.00007839,12:55:51..935,,,,
12:55:52..000,59.35319073,0.01033,-0.00010456,0.00074303,0.0003453,0.00018233,0.00116062,0.00018618,-0.00032486,0.00007828,12:55:52..092,,,,
12:55:52..156,59.33767626,0.01033,-0.00010476,0.00074313,0.00034491,0.0001821,0.00116057,0.00018425,-0.00032494,0.00007817,12:55:52..092,,,,
12:55:52..188,59.37387669,0.010452,-0.00010445,0.00074359,0.00034518,0.00018263,0.00116116,0.00018552,-0.00032506,0.00007857,12:55:52..156,,,,
12:55:52..273,59.30664732,0.010452,-0.00010427,0.00074359,0.00034543,0.00018259,0.0011612,0.00018584,-0.00032485,0.00007855,12:55:52..320,,,,
12:55:52..354,59.34284775,0.010452,-0.00010443,0.00074383,0.00034506,0.00018245,0.00116084,0.00018592,-0.00032477,0.00007836,12:55:52..320,,,,
12:55:52..388,59.32733328,0.010673,-0.00010417,0.00074408,0.00034455,0.00018282,0.00116078,0.00018495,-0.00032474,0.00007856,12:55:52..407,,,,
12:55:52..509,59.31181881,0.010673,-0.00010418,0.00074379,0.0003446,0.00018239,0.00116083,0.00018585,-0.00032548,0.00007836,12:55:52..507,,,,
12:55:52..542,59.45144904,0.010834,-0.0001043,0.0007435,0.00034526,0.00018213,0.00116094,0.00018638,-0.00032498,0.00007839,12:55:52..552,,,,
12:55:52..675,59.32216179,0.010834,-0.00010398,0.00074418,0.00034498,0.00018253,0.00116148,0.00018579,-0.00032485,0.0000781,12:55:52..673,,,,
12:55:52..706,59.40490563,0.010834,-0.00010437,0.00074382,0.00034521,0.00018226,0.00116077,0.00018672,-0.00032522,0.000078,12:55:52..673,,,,
12:55:52..741,59.39456265,0.010889,-0.00010419,0.00074423,0.00034495,0.000182,0.00116137,0.00018562,-0.00032494,0.00007849,12:55:52..804,,,,
12:55:52..859,59.32733328,0.010889,-0.00010423,0.00074369,0.00034469,0.00018219,0.00116107,0.00018645,-0.00032514,0.00007817,12:55:52..804,,,,
12:55:52..892,59.38421967,0.010835,-0.00010465,0.00074377,0.00034447,0.00018203,0.00116074,0.00018513,-0.00032595,0.000078,12:55:52..903,,,,
12:55:53..007,59.39973414,0.010835,-0.00010467,0.00074374,0.0003443,0.00018208,0.00116144,0.00018584,-0.00032524,0.00007795,12:55:53..005,,,,
12:55:53..039,59.34284775,0.010784,-0.00010462,0.00074402,0.00034481,0.00018254,0.00116118,0.00018611,-0.00032534,0.00007814,12:55:53..048,,,,
12:55:53..170,59.40490563,0.010784,-0.00010472,0.00074407,0.00034461,0.00018245,0.00116141,0.00018526,-0.00032559,0.0000782,12:55:53..168,,,,
12:55:53..201,59.35836222,0.010689,-0.00010508,0.00074446,0.00034454,0.00018187,0.00116102,0.00018514,-0.00032504,0.00007799,12:55:53..211,,,,
12:55:53..315,59.34284775,0.010689,-0.00010426,0.00074423,0.00034496,0.00018227,0.00116142,0.00018642,-0.00032505,0.00007793,12:55:53..313,,,,
12:55:53..346,59.38421967,0.010622,-0.00010414,0.00074437,0.00034441,0.00018226,0.00116108,0.00018567,-0.00032464,0.00007854,12:55:53..356,,,,
12:55:53..451,59.37387669,0.010622,-0.00010443,0.00074444,0.00034486,0.00018245,0.00116104,0.00018602,-0.00032504,0.00007816,12:55:53..449,,,,
12:55:53..484,59.36353371,0.010439,-0.00010471,0.00074398,0.00034455,0.0001819,0.0011611,0.00018525,-0.00032523,0.00007773,12:55:53..492,,,,
12:55:53..592,59.40490563,0.010439,-0.0001047,0.00074401,0.00034463,0.00018182,0.00116152,0.00018587,-0.00032522,0.0000783,12:55:53..592,,,,
12:55:53..625,59.34284775,0.010344,-0.00010453,0.00074385,0.00034401,0.00018213,0.00116119,0.00018482,-0.00032506,0.00007785,12:55:53..634,,,,
12:55:53..694,59.38939116,0.010396,-0.00010462,0.00074394,0.00034468,0.00018225,0.00116157,0.00018621,-0.00032519,0.00007819,12:55:53..745,,,,
12:55:53..766,59.39973414,0.010396,-0.00010439,0.00074442,0.00034448,0.0001827,0.00116124,0.00018569,-0.00032521,0.00007827,12:55:53..745,,,,
12:55:53..800,59.38421967,0.01052,-0.00010425,0.00074413,0.00034443,0.00018229,0.00116111,0.00018563,-0.00032486,0.00007835,12:55:53..833,,,,
12:55:53..950,59.35319073,0.01052,-0.00010472,0.00074356,0.00034416,0.00018182,0.00116112,0.00018647,-0.00032559,0.00007749,12:55:53..948,,,,
12:55:53..981,59.34801924,0.010668,-0.00010457,0.00074392,0.00034427,0.00018205,0.00116133,0.00018653,-0.00032542,0.00007799,12:55:53..948,,,,
12:55:54..065,59.34284775,0.010778,-0.0001045,0.000744,0.00034412,0.00018192,0.00116116,0.0001853,-0.00032506,0.00007824,12:55:54..101,,,,
12:55:54..147,59.33767626,0.010778,-0.00010434,0.00074383,0.00034393,0.00018223,0.00116138,0.00018683,-0.00032552,0.00007778,12:55:54..147,,,,
12:55:54..180,59.38421967,0.010797,-0.00010498,0.00074454,0.00034431,0.00018196,0.00116123,0.00018626,-0.00032502,0.00007795,12:55:54..147,,,,
12:55:54..270,59.32733328,0.010797,-0.00010492,0.00074421,0.00034384,0.0001819,0.00116109,0.00018609,-0.00032533,0.00007781,12:55:54..302,,,,
12:55:54..310,59.36353371,0.010797,-0.00010463,0.00074451,0.00034397,0.00018195,0.00116166,0.00018588,-0.00032507,0.00007758,12:55:54..302,,,,
12:55:54..344,59.36353371,0.01092,-0.00010452,0.00074427,0.00034351,0.00018147,0.00116161,0.0001869,-0.00032534,0.00007794,12:55:54..345,,,,
12:55:54..399,59.31181881,0.011061,-0.0001047,0.00074468,0.00034363,0.00018168,0.00116182,0.0001852,-0.00032502,0.00007854,12:55:54..446,,,,
12:55:54..505,59.3169903,0.011061,-0.00010437,0.00074395,0.00034367,0.00018176,0.00116102,0.00018663,-0.00032542,0.00007799,12:55:54..505,,,,
12:55:54..537,59.32216179,0.011125,-0.00010485,0.00074403,0.00034379,0.00018189,0.0011611,0.00018557,-0.00032501,0.00007846,12:55:54..548,,,,
12:55:54..654,59.3169903,0.011125,-0.0001046,0.0007444,0.00034382,0.00018179,0.00116154,0.00018638,-0.00032501,0.00007836,12:55:54..653,,,,
12:55:54..686,59.3169903,0.011167,-0.00010451,0.00074468,0.00034398,0.00018186,0.00116137,0.00018552,-0.00032519,0.00007816,12:55:54..698,,,,
12:55:54..810,59.37387669,0.011167,-0.00010463,0.00074443,0.00034392,0.00018217,0.00116151,0.00018641,-0.00032509,0.00007787,12:55:54..808,,,,
12:55:54..843,59.34801924,0.011225,-0.00010491,0.00074484,0.00034339,0.00018201,0.00116148,0.00018526,-0.00032577,0.00007794,12:55:54..852,,,,
12:55:54..919,59.28078987,0.011225,-0.00010486,0.00074462,0.00034375,0.00018195,0.00116181,0.00018689,-0.00032538,0.00007762,12:55:54..917,,,,
12:55:54..951,59.28596136,0.011459,-0.00010485,0.00074432,0.00034365,0.0001819,0.00116163,0.00018696,-0.00032525,0.00007774,12:55:54..960,,,,
12:55:55..063,59.28078987,0.011459,-0.00010454,0.00074529,0.00034367,0.00018215,0.00116178,0.00018574,-0.00032492,0.00007854,12:55:55..062,,,,
12:55:55..095,59.35836222,0.0116,-0.00010431,0.0007449,0.00034384,0.00018201,0.00116167,0.00018659,-0.00032533,0.0000781,12:55:55..106,,,,
12:55:55..195,59.29630434,0.0116,-0.00010474,0.00074496,0.00034387,0.00018173,0.00116158,0.00018583,-0.00032498,0.00007838,12:55:55..193,,,,
12:55:55..226,59.33250477,0.011624,-0.00010504,0.00074439,0.00034361,0.00018146,0.00116157,0.00018585,-0.00032543,0.0000784,12:55:55..238,,,,
12:55:55..335,59.34801924,0.011624,-0.00010453,0.00074449,0.00034394,0.00018183,0.00116169,0.00018645,-0.00032555,0.00007763,12:55:55..333,,,,
12:55:55..368,59.38421967,0.011511,-0.00010512,0.00074474,0.00034316,0.00018178,0.00116141,0.00018572,-0.00032577,0.00007728,12:55:55..376,,,,
12:55:55..423,59.30664732,0.011467,-0.00010487,0.00074466,0.00034362,0.00018169,0.00116178,0.00018673,-0.00032594,0.00007786,12:55:55..465,,,,
12:55:55..470,59.32733328,0.011467,-0.00010494,0.00074502,0.00034354,0.00018188,0.00116129,0.00018604,-0.0003257,0.00007778,12:55:55..465,,,,
12:55:55..504,59.3687052,0.011468,-0.00010451,0.00074516,0.00034371,0.00018207,0.00116155,0.00018678,-0.0003254,0.00007788,12:55:55..509,,,,
12:55:55..606,59.34801924,0.011468,-0.00010489,0.0007455,0.00034388,0.0001819,0.00116126,0.00018583,-0.00032479,0.00007836,12:55:55..604,,,,
12:55:55..637,59.38421967,0.011523,-0.00010461,0.00074439,0.00034331,0.00018156,0.00116186,0.00018714,-0.00032522,0.00007762,12:55:55..647,,,,
12:55:55..731,59.34284775,0.011523,-0.00010516,0.0007447,0.0003429,0.00018168,0.00116199,0.00018587,-0.00032562,0.00007762,12:55:55..730,,,,
12:55:55..763,59.28596136,0.011755,-0.00010492,0.00074477,0.00034306,0.00018142,0.00116167,0.00018578,-0.00032476,0.00007819,12:55:55..775,,,,
12:55:55..873,59.31181881,0.011755,-0.00010434,0.00074516,0.00034393,0.00018202,0.00116217,0.00018704,-0.00032509,0.00007818,12:55:55..871,,,,
12:55:55..905,59.32216179,0.011997,-0.00010445,0.00074466,0.00034341,0.00018162,0.00116153,0.00018721,-0.00032525,0.00007802,12:55:55..915,,,,
12:55:56..023,59.32216179,0.011997,-0.00010465,0.00074464,0.00034293,0.00018154,0.00116141,0.00018613,-0.0003254,0.00007831,12:55:56..020,,,,
12:55:56..054,59.30664732,0.012053,-0.00010475,0.00074509,0.00034324,0.00018128,0.00116166,0.00018649,-0.00032536,0.00007778,12:55:56..065,,,,
12:55:56..176,59.35836222,0.012053,-0.00010525,0.00074512,0.00034305,0.00018167,0.00116176,0.00018674,-0.00032554,0.00007801,12:55:56..174,,,,
12:55:56..208,59.31181881,0.011975,-0.00010461,0.00074473,0.00034329,0.0001822,0.00116182,0.00018719,-0.00032535,0.00007787,12:55:56..174,,,,
12:55:56..281,59.38421967,0.011975,-0.00010475,0.00074531,0.00034338,0.00018163,0.00116156,0.00018611,-0.00032491,0.00007778,12:55:56..321,,,,
12:55:56..329,59.2652754,0.011975,-0.00010498,0.00074501,0.00034345,0.00018201,0.00116159,0.00018723,-0.00032524,0.00007815,12:55:56..321,,,,
12:55:56..362,59.39973414,0.011723,-0.00010463,0.00074538,0.00034278,0.0001816,0.00116175,0.00018597,-0.00032482,0.00007753,12:55:56..442,,,,
12:55:56..489,59.32733328,0.011723,-0.0001045,0.00074507,0.00034302,0.00018171,0.00116173,0.0001873,-0.00032517,0.00007758,12:55:56..488,,,,
12:55:56..523,59.37387669,0.011784,-0.00010481,0.00074531,0.00034304,0.00018178,0.00116195,0.0001867,-0.00032487,0.0000776,12:55:56..535,,,,
12:55:56..595,59.35319073,0.011931,-0.00010504,0.0007449,0.00034295,0.00018139,0.00116186,0.00018637,-0.00032563,0.00007749,12:55:56..639,,,,
12:55:56..703,59.28078987,0.011931,-0.00010437,0.0007449,0.00034331,0.0001815,0.00116187,0.00018685,-0.00032506,0.00007809,12:55:56..701,,,,
12:55:56..736,59.33767626,0.012007,-0.00010485,0.00074473,0.00034299,0.00018122,0.00116175,0.00018712,-0.00032489,0.00007753,12:55:56..745,,,,
12:55:56..853,59.26010391,0.012007,-0.00010417,0.0007458,0.00034337,0.00018121,0.00116206,0.00018644,-0.00032431,0.00007825,12:55:56..851,,,,
12:55:56..884,59.3169903,0.012012,-0.0001049,0.00074514,0.00034286,0.00018132,0.00116168,0.00018714,-0.00032512,0.00007769,12:55:56..897,,,,
12:55:57..001,59.36353371,0.012012,-0.00010489,0.00074544,0.00034327,0.00018128,0.00116192,0.00018636,-0.00032453,0.00007784,12:55:56..998,,,,
12:55:57..035,59.32733328,0.012085,-0.00010506,0.00074536,0.00034287,0.00018133,0.00116138,0.00018707,-0.00032539,0.00007734,12:55:57..042,,,,
12:55:57..151,59.29113285,0.012085,-0.00010513,0.00074515,0.00034279,0.00018171,0.0011614,0.00018621,-0.00032496,0.00007737,12:55:57..151,,,,
12:55:57..185,59.37904818,0.012216,-0.00010446,0.00074547,0.00034277,0.00018163,0.00116156,0.00018642,-0.00032489,0.00007772,12:55:57..151,,,,
12:55:57..264,59.33250477,0.012216,-0.00010463,0.00074491,0.00034279,0.00018139,0.00116182,0.00018769,-0.00032515,0.00007735,12:55:57..273,,,,
12:55:57..296,59.31181881,0.012216,-0.00010498,0.00074558,0.00034263,0.00018088,0.00116148,0.00018596,-0.00032505,0.00007785,12:55:57..273,,,,
12:55:57..330,59.31181881,0.012439,-0.00010461,0.0007455,0.00034247,0.000181,0.00116164,0.00018667,-0.000325,0.00007791,12:55:57..316,,,,
12:55:57..364,59.34801924,0.012522,-0.00010463,0.00074548,0.00034267,0.00018126,0.00116145,0.00018672,-0.00032459,0.00007817,12:55:57..407,,,,
12:55:57..418,59.33767626,0.012528,-0.0001046,0.00074536,0.00034239,0.00018112,0.00116188,0.00018693,-0.00032468,0.00007755,12:55:57..453,,,,
12:55:57..460,59.38939116,0.012528,-0.00010514,0.00074585,0.00034223,0.00018081,0.00116159,0.00018646,-0.00032492,0.00007757,12:55:57..453,,,,
12:55:57..494,59.28596136,0.012641,-0.00010494,0.00074579,0.00034265,0.00018113,0.00116176,0.00018789,-0.00032526,0.00007771,12:55:57..499,,,,
12:55:57..606,59.32733328,0.012641,-0.00010458,0.00074527,0.00034236,0.00018116,0.00116133,0.00018612,-0.00032481,0.00007774,12:55:57..604,,,,
12:55:57..638,59.3687052,0.012724,-0.0001047,0.00074501,0.00034318,0.00018113,0.00116189,0.0001882,-0.00032507,0.00007728,12:55:57..646,,,,
12:55:57..713,59.36353371,0.012754,-0.00010492,0.00074603,0.00034256,0.00018174,0.00116163,0.00018634,-0.0003246,0.00007746,12:55:57..755,,,,
12:55:57..774,59.30147583,0.012754,-0.00010474,0.00074554,0.0003429,0.00018134,0.00116141,0.00018758,-0.00032509,0.00007688,12:55:57..755,,,,
12:55:57..807,59.33250477,0.01279,-0.00010505,0.00074546,0.00034271,0.00018173,0.00116156,0.00018716,-0.00032502,0.00007745,12:55:57..841,,,,
12:55:57..867,59.37904818,0.01279,-0.00010522,0.00074532,0.00034226,0.00018154,0.00116176,0.00018716,-0.00032479,0.00007759,12:55:57..883,,,,
12:55:57..914,59.35836222,0.01279,-0.00010497,0.0007456,0.00034285,0.00018115,0.00116189,0.00018725,-0.00032475,0.00007738,12:55:57..883,,,,
12:55:57..949,59.18770305,0.012819,-0.00010501,0.00074524,0.00034255,0.00018079,0.00116119,0.00018746,-0.00032489,0.00007724,12:55:57..973,,,,
12:55:58..049,59.32733328,0.012819,-0.0001047,0.00074577,0.00034276,0.00018123,0.00116147,0.000187,-0.00032471,0.0000779,12:55:58..047,,,,
12:55:58..081,59.31181881,0.012745,-0.00010463,0.00074577,0.00034265,0.00018123,0.00116148,0.00018659,-0.0003246,0.00007784,12:55:58..090,,,,
12:55:58..217,59.28596136,0.012745,-0.00010472,0.00074539,0.00034258,0.00018076,0.00116172,0.00018765,-0.00032491,0.00007724,12:55:58..214,,,,
12:55:58..249,59.27044689,0.012642,-0.00010504,0.00074557,0.00034238,0.00018114,0.00116133,0.0001871,-0.00032454,0.00007783,12:55:58..256,,,,
12:55:58..351,59.35836222,0.012642,-0.00010474,0.00074567,0.00034247,0.00018151,0.00116155,0.00018767,-0.00032439,0.00007794,12:55:58..350,,,,
12:55:58..385,59.27044689,0.012464,-0.0001053,0.0007452,0.00034265,0.00018095,0.00116156,0.0001866,-0.00032463,0.00007726,12:55:58..394,,,,
12:55:58..495,59.24976093,0.012464,-0.00010505,0.00074552,0.00034273,0.00018154,0.00116201,0.00018789,-0.00032443,0.00007728,12:55:58..493,,,,
12:55:58..526,59.28078987,0.012252,-0.00010466,0.00074555,0.00034252,0.00018112,0.00116159,0.00018787,-0.00032508,0.00007739,12:55:58..538,,,,
12:55:58..623,59.28078987,0.012252,-0.00010458,0.00074595,0.00034264,0.00018114,0.00116157,0.00018739,-0.00032429,0.00007767,12:55:58..620,,,,
12:55:58..656,59.37904818,0.012133,-0.00010512,0.0007456,0.00034245,0.00018112,0.00116143,0.00018667,-0.00032468,0.00007758,12:55:58..665,,,,
12:55:58..777,59.24458944,0.012133,-0.00010512,0.00074525,0.00034241,0.00018083,0.00116191,0.0001881,-0.00032477,0.00007744,12:55:58..775,,,,
12:55:58..809,59.34284775,0.012037,-0.00010571,0.00074552,0.00034197,0.0001809,0.00116164,0.00018619,-0.00032479,0.00007704,12:55:58..820,,,,
12:55:58..908,59.29630434,0.012037,-0.00010499,0.00074525,0.00034279,0.00018162,0.00116202,0.00018808,-0.0003251,0.00007761,12:55:58..906,,,,
12:55:58..941,59.31181881,0.012054,-0.00010465,0.00074527,0.00034255,0.00018085,0.00116203,0.00018829,-0.00032486,0.00007777,12:55:58..950,,,,
12:55:58..997,59.27561838,0.012008,-0.000105,0.00074584,0.00034234,0.00018114,0.0011622,0.00018692,-0.00032436,0.00007774,12:55:58..994,,,,
12:55:59..046,59.38421967,0.012008,-0.00010499,0.00074564,0.00034231,0.00018102,0.00116221,0.00018833,-0.00032459,0.00007733,12:55:59..038,,,,
12:55:59..081,59.35836222,0.01199,-0.00010494,0.00074565,0.00034207,0.00018108,0.00116196,0.00018723,-0.00032467,0.00007741,12:55:59..083,,,,
12:55:59..197,59.29113285,0.01199,-0.00010461,0.00074556,0.00034231,0.00018109,0.00116196,0.00018816,-0.0003248,0.00007727,12:55:59..195,,,,
12:55:59..230,59.29630434,0.011967,-0.00010479,0.00074594,0.00034284,0.00018117,0.00116175,0.00018791,-0.00032451,0.00007757,12:55:59..237,,,,
12:55:59..335,59.32733328,0.011967,-0.00010515,0.00074581,0.00034231,0.00018099,0.00116138,0.00018698,-0.00032434,0.0000775,12:55:59..333,,,,
12:55:59..367,59.32733328,0.012193,-0.00010456,0.00074557,0.00034253,0.00018089,0.00116228,0.00018814,-0.00032489,0.0000775,12:55:59..333,,,,
12:55:59..440,59.30664732,0.012306,-0.00010492,0.00074597,0.00034233,0.00018057,0.00116194,0.00018644,-0.00032455,0.00007758,12:55:59..455,,,,
12:55:59..502,59.33250477,0.012306,-0.00010455,0.00074558,0.00034259,0.00018115,0.00116186,0.00018833,-0.00032454,0.00007696,12:55:59..501,,,,
12:55:59..536,59.24458944,0.012333,-0.00010495,0.00074561,0.00034251,0.00018118,0.00116181,0.00018784,-0.00032487,0.00007706,12:55:59..501,,,,
12:55:59..617,59.27044689,0.012333,-0.00010531,0.00074569,0.00034182,0.00018093,0.00116147,0.00018698,-0.00032497,0.00007702,12:55:59..632,,,,
12:55:59..666,59.3687052,0.012333,-0.00010502,0.00074612,0.00034226,0.00018062,0.00116182,0.00018774,-0.00032493,0.00007725,12:55:59..632,,,,
12:55:59..700,59.2652754,0.012496,-0.00010499,0.00074539,0.00034213,0.00018083,0.00116192,0.0001879,-0.00032506,0.00007731,12:55:59..676,,,,
12:55:59..776,59.28078987,0.012529,-0.00010467,0.00074605,0.00034263,0.00018083,0.00116161,0.00018728,-0.00032442,0.0000773,12:55:59..823,,,,
12:55:59..888,59.37904818,0.012529,-0.0001048,0.00074569,0.00034238,0.00018097,0.00116172,0.00018785,-0.00032497,0.00007723,12:55:59..888,,,,
12:55:59..922,59.30664732,0.0126,-0.00010532,0.00074591,0.0003421,0.00018049,0.00116148,0.00018821,-0.00032479,0.00007697,12:55:59..930,,,,
12:56:00..032,59.24976093,0.0126,-0.00010472,0.00074577,0.00034198,0.00018073,0.00116201,0.00018796,-0.00032489,0.0000775,12:56:00..032,,,,
12:56:00..066,59.2652754,0.012746,-0.00010485,0.00074598,0.00034218,0.0001806,0.00116185,0.00018712,-0.00032426,0.00007768,12:56:00..076,,,,
12:56:00..172,59.36353371,0.012746,-0.00010465,0.00074571,0.00034199,0.0001812,0.00116182,0.00018815,-0.00032462,0.00007732,12:56:00..169,,,,
12:56:00..204,59.32216179,0.012849,-0.00010508,0.00074598,0.00034234,0.0001808,0.00116183,0.00018846,-0.00032475,0.0000777,12:56:00..213,,,,
12:56:00..321,59.29630434,0.012849,-0.00010542,0.00074595,0.00034244,0.00018103,0.00116191,0.00018682,-0.00032424,0.00007751,12:56:00..319,,,,
12:56:00..354,59.30664732,0.012799,-0.00010518,0.00074584,0.0003421,0.00018079,0.00116171,0.00018702,-0.00032452,0.00007718,12:56:00..362,,,,
12:56:00..472,59.30147583,0.012799,-0.00010489,0.00074577,0.00034208,0.00018095,0.00116157,0.000188,-0.00032487,0.00007706,12:56:00..469,,,,
12:56:00..503,59.28596136,0.012704,-0.00010516,0.00074553,0.00034192,0.00018108,0.00116177,0.00018795,-0.00032454,0.00007739,12:56:00..512,,,,
12:56:00..627,59.24458944,0.012704,-0.00010487,0.00074625,0.00034236,0.00018061,0.00116174,0.00018749,-0.00032459,0.00007731,12:56:00..624,,,,
12:56:00..660,59.32216179,0.012611,-0.00010491,0.00074652,0.00034225,0.00018122,0.00116175,0.00018868,-0.00032472,0.00007726,12:56:00..669,,,,
12:56:00..721,59.26010391,0.012551,-0.00010463,0.00074633,0.00034239,0.00018108,0.00116177,0.0001874,-0.00032418,0.00007824,12:56:00..771,,,,
12:56:00..780,59.24976093,0.012551,-0.00010508,0.00074586,0.00034204,0.00018123,0.00116185,0.00018881,-0.0003249,0.00007657,12:56:00..771,,,,
12:56:00..814,59.37387669,0.0125,-0.00010549,0.00074652,0.0003419,0.00018075,0.00116179,0.0001874,-0.00032491,0.00007734,12:56:00..815,,,,
12:56:00..966,59.38421967,0.0125,-0.00010489,0.00074619,0.00034236,0.00018131,0.00116149,0.00018786,-0.00032498,0.00007731,12:56:00..963,,,,
12:56:00..998,59.53419288,0.012544,-0.00010504,0.00074622,0.00034183,0.00018089,0.00116157,0.00018752,-0.00032425,0.00007745,12:56:01..005,,,,
12:56:01..123,59.2135605,0.012544,-0.00010491,0.00074609,0.00034216,0.00018115,0.00116193,0.00018849,-0.00032467,0.00007741,12:56:01..121,,,,
12:56:01..154,58.57746723,0.01198,-0.00010689,0.00074276,0.00034423,0.00018217,0.00115983,0.00018419,-0.00032376,0.00007901,12:56:01..165,,,,
12:56:01..266,61.96996467,0.01198,-0.00010707,0.00074263,0.00034378,0.00018151,0.00115988,0.00018235,-0.00032323,0.00007889,12:56:01..264,,,,
12:56:01..299,54.1972152,0.010346,-0.00010873,0.00073831,0.00034534,0.00018211,0.00115774,0.00017844,-0.00032122,0.00008021,12:56:01..307,,,,
12:56:01..401,53.88175431,0.010346,-0.00010894,0.00073841,0.00034538,0.00018227,0.00115771,0.00017912,-0.00032215,0.00008012,12:56:01..401,,,,
12:56:01..436,54.82813698,0.008655,-0.00011035,0.00073582,0.00034761,0.00018385,0.00115536,0.00017483,-0.00031951,0.00008217,12:56:01..445,,,,
12:56:01..557,54.81262251,0.008655,-0.00011067,0.0007352,0.00034785,0.00018376,0.00115541,0.0001753,-0.00032016,0.00008223,12:56:01..555,,,,
12:56:01..589,51.67352808,0.006939,-0.00011171,0.00073211,0.00034911,0.00018421,0.00115387,0.00017069,-0.0003191,0.00008331,12:56:01..555,,,,
12:56:01..663,51.30635229,0.005817,-0.00011181,0.00073213,0.0003491,0.00018404,0.00115443,0.00017192,-0.00031921,0.00008341,12:56:01..701,,,,
12:56:01..754,51.87521619,0.005817,-0.00011189,0.00073196,0.00034945,0.00018418,0.00115413,0.00017076,-0.00031902,0.00008386,12:56:01..754,,,,
12:56:01..787,50.36514111,0.004859,-0.00011349,0.00072811,0.00035179,0.00018537,0.00115162,0.0001667,-0.00031739,0.00008476,12:56:01..797,,,,
12:56:01..909,49.99796532,0.004859,-0.00011399,0.0007276,0.00035157,0.00018496,0.00115136,0.00016663,-0.00031755,0.00008493,12:56:01..907,,,,
12:56:01..941,49.0774401,0.003644,-0.00011459,0.00072517,0.0003539,0.00018587,0.00114986,0.00016394,-0.00031613,0.00008616,12:56:01..953,,,,
12:56:02..016,48.99986775,0.00327,-0.00011498,0.00072585,0.00035347,0.00018574,0.00115,0.00016276,-0.00031624,0.00008635,12:56:02..059,,,,
12:56:02..067,48.74646474,0.00327,-0.00011514,0.00072542,0.00035335,0.00018589,0.0011499,0.00016366,-0.00031657,0.00008602,12:56:02..059,,,,
12:56:02..101,47.84662548,0.002548,-0.00011576,0.0007226,0.000355,0.00018629,0.00114859,0.00015959,-0.00031518,0.00008782,12:56:02..102,,,,
12:56:02..200,47.48462118,0.002548,-0.00011562,0.00072244,0.00035519,0.00018628,0.0011484,0.00016065,-0.00031513,0.00008734,12:56:02..198,,,,
12:56:02..233,47.30361903,0.001758,-0.00011659,0.00072015,0.00035601,0.00018685,0.00114753,0.000158,-0.00031389,0.00008896,12:56:02..242,,,,
12:56:02..345,46.8536994,0.001758,-0.00011679,0.00072002,0.00035592,0.00018647,0.00114711,0.00015735,-0.00031403,0.00008875,12:56:02..343,,,,
12:56:02..377,46.37792232,0.001461,-0.00011794,0.00071794,0.00035791,0.00018715,0.0011459,0.00015512,-0.00031364,0.00009018,12:56:02..386,,,,
12:56:02..487,45.85560183,0.001461,-0.00011804,0.00071841,0.00035768,0.00018733,0.00114565,0.00015473,-0.0003133,0.00009008,12:56:02..485,,,,
12:56:02..519,45.56599839,0.00117,-0.00011825,0.00071623,0.00035851,0.00018749,0.00114455,0.00015221,-0.00031214,0.00009099,12:56:02..530,,,,
12:56:02..601,45.26088048,0.00117,-0.00011842,0.00071635,0.00035887,0.00018755,0.00114465,0.00015332,-0.00031263,0.00009051,12:56:02..599,,,,
12:56:02..633,44.37655569,0.000987,-0.00011942,0.00071459,0.00035926,0.00018721,0.00114403,0.00015094,-0.00031198,0.0000911,12:56:02..642,,,,
12:56:02..752,44.41792761,0.000987,-0.00011951,0.00071511,0.00035966,0.00018746,0.00114393,0.00015028,-0.00031209,0.00009175,12:56:02..750,,,,
12:56:02..783,43.51291686,0.000725,-0.00012055,0.00071337,0.00036092,0.0001879,0.00114275,0.00014774,-0.00031076,0.00009215,12:56:02..791,,,,
12:56:02..853,43.48705941,0.000605,-0.00011995,0.00071256,0.00036087,0.00018782,0.00114241,0.00014911,-0.00031096,0.00009229,12:56:02..900,,,,
12:56:02..914,43.33191471,0.000605,-0.00012006,0.00071329,0.0003605,0.00018842,0.00114313,0.00014806,-0.00031086,0.00009247,12:56:02..900,,,,
12:56:02..948,42.58204866,0.00039,-0.00012086,0.00071064,0.00036229,0.00018835,0.00114138,0.00014664,-0.00031023,0.00009313,12:56:02..945,,,,
12:56:03..004,42.60273462,0.000287,-0.00012085,0.0007111,0.00036208,0.00018838,0.00114145,0.00014638,-0.00030981,0.00009351,12:56:03..044,,,,
12:56:03..055,42.54067674,0.000287,-0.00012095,0.00071096,0.00036232,0.00018842,0.00114086,0.00014632,-0.00031066,0.00009312,12:56:03..044,,,,
12:56:03..089,42.02352774,-0.00003,-0.00012094,0.00070973,0.00036383,0.00018833,0.0011406,0.00014534,-0.00031022,0.00009429,12:56:03..130,,,,
12:56:03..182,41.77012473,-0.00003,-0.00012135,0.0007097,0.00036261,0.00018821,0.00114025,0.0001444,-0.00030997,0.00009436,12:56:03..182,,,,
12:56:03..217,41.60463705,-0.000115,-0.00012194,0.00070801,0.00036443,0.00018844,0.00113938,0.00014238,-0.00030941,0.00009571,12:56:03..224,,,,
12:56:03..323,41.20126083,-0.000115,-0.00012234,0.00070759,0.00036413,0.00018875,0.00113987,0.00014387,-0.00030887,0.00009545,12:56:03..321,,,,
12:56:03..355,40.96337229,-0.000357,-0.00012254,0.00070662,0.00036525,0.00018935,0.00113845,0.00014185,-0.00030888,0.00009563,12:56:03..365,,,,
12:56:03..457,40.78754163,-0.000357,-0.00012246,0.00070673,0.00036508,0.00018892,0.00113807,0.00014028,-0.00030858,0.00009592,12:56:03..455,,,,
12:56:03..489,40.19799177,-0.000682,-0.00012309,0.00070572,0.00036593,0.00018935,0.00113788,0.00013958,-0.00030747,0.00009734,12:56:03..498,,,,
12:56:03..601,40.18764879,-0.000682,-0.00012293,0.00070531,0.00036643,0.00018941,0.00113753,0.00014032,-0.00030811,0.00009661,12:56:03..598,,,,
12:56:03..634,39.52569807,-0.000981,-0.00012316,0.0007043,0.00036735,0.00018955,0.00113709,0.00013776,-0.00030713,0.00009772,12:56:03..643,,,,
12:56:03..745,39.46881168,-0.000981,-0.0001237,0.0007034,0.00036652,0.00018931,0.00113656,0.000138,-0.00030733,0.00009699,12:56:03..742,,,,
12:56:03..777,38.81203245,-0.001357,-0.00012423,0.00070238,0.00036766,0.00018951,0.00113587,0.00013628,-0.00030667,0.00009796,12:56:03..786,,,,
12:56:03..905,38.78100351,-0.001357,-0.00012417,0.00070264,0.00036769,0.00018957,0.00113593,0.00013621,-0.00030721,0.00009832,12:56:03..902,,,,
12:56:03..938,38.2173111,-0.00164,-0.00012439,0.00070131,0.00036894,0.00018973,0.00113491,0.00013577,-0.00030668,0.00009902,12:56:03..945,,,,
12:56:04..037,38.16042471,-0.00164,-0.00012452,0.00070154,0.00036901,0.00018995,0.00113553,0.00013377,-0.00030609,0.00009928,12:56:04..034,,,,
12:56:04..072,37.92770766,-0.001835,-0.00012444,0.00070029,0.00036955,0.00018995,0.00113401,0.00013251,-0.00030581,0.00010015,12:56:04..077,,,,
12:56:04..201,37.64327571,-0.001835,-0.0001248,0.00070004,0.00036981,0.00019017,0.00113456,0.00013422,-0.00030577,0.00010006,12:56:04..201,,,,
12:56:04..235,37.30195737,-0.001793,-0.00012533,0.00069885,0.00037016,0.00019014,0.00113395,0.00013209,-0.00030547,0.00010058,12:56:04..245,,,,
12:56:04..364,37.01235393,-0.001793,-0.00012513,0.00069856,0.00037029,0.00018963,0.00113318,0.00013182,-0.00030475,0.00010037,12:56:04..362,,,,
12:56:04..395,36.71240751,-0.001579,-0.00012546,0.00069707,0.00037074,0.00019014,0.00113257,0.00012939,-0.0003048,0.00010144,12:56:04..405,,,,
12:56:04..526,36.47451897,-0.001579,-0.00012531,0.00069702,0.00037168,0.00019022,0.00113301,0.00013102,-0.00030479,0.00010154,12:56:04..524,,,,
12:56:04..559,36.21077298,-0.001538,-0.00012576,0.00069593,0.00037279,0.00019048,0.00113188,0.00012914,-0.00030456,0.0001018,12:56:04..566,,,,
12:56:04..672,35.94702699,-0.001538,-0.00012598,0.00069656,0.00037223,0.00019049,0.00113197,0.00012811,-0.00030449,0.00010226,12:56:04..670,,,,
12:56:04..707,35.85394017,-0.001626,-0.00012625,0.000695,0.00037291,0.00019077,0.00113183,0.00012712,-0.00030385,0.00010217,12:56:04..714,,,,
12:56:04..806,35.59536567,-0.001626,-0.00012621,0.00069482,0.0003726,0.00019012,0.0011306,0.00012697,-0.00030453,0.00010211,12:56:04..805,,,,
12:56:04..840,35.40919203,-0.001625,-0.00012629,0.00069407,0.00037358,0.00019053,0.00113042,0.00012704,-0.00030399,0.00010334,12:56:04..847,,,,
12:56:04..894,35.33679117,-0.001529,-0.00012643,0.00069446,0.00037338,0.00019033,0.00113053,0.00012598,-0.00030337,0.00010311,12:56:04..938,,,,
12:56:04..945,34.96961538,-0.001529,-0.00012631,0.00069381,0.00037306,0.00019073,0.00113025,0.00012663,-0.00030366,0.00010252,12:56:04..938,,,,
12:56:04..980,34.86101409,-0.001408,-0.00012672,0.00069307,0.00037403,0.00019077,0.00112956,0.00012417,-0.00030322,0.0001029,12:56:04..983,,,,
12:56:05..107,34.90238601,-0.001408,-0.00012695,0.00069335,0.00037416,0.00019096,0.00112994,0.00012581,-0.00030335,0.00010327,12:56:05..105,,,,
12:56:05..139,34.37489403,-0.00135,-0.00012738,0.00069262,0.0003751,0.00019055,0.00112937,0.00012353,-0.0003024,0.00010455,12:56:05..150,,,,
12:56:05..242,34.40075148,-0.00135,-0.00012744,0.00069181,0.00037476,0.00019095,0.00112975,0.00012394,-0.00030309,0.00010351,12:56:05..239,,,,
12:56:05..275,33.97151781,-0.001343,-0.00012766,0.00069114,0.00037524,0.0001909,0.00112883,0.00012335,-0.00030251,0.00010448,12:56:05..282,,,,
12:56:05..383,33.93014589,-0.001343,-0.00012763,0.000691,0.00037502,0.00019105,0.0011288,0.00012275,-0.00030245,0.00010474,12:56:05..380,,,,
12:56:05..414,33.65605692,-0.001333,-0.00012783,0.00069045,0.00037618,0.00019132,0.00112843,0.00012166,-0.00030168,0.00010536,12:56:05..423,,,,
12:56:05..545,33.5112552,-0.001333,-0.00012783,0.00069029,0.00037635,0.00019172,0.00112845,0.00012209,-0.00030192,0.00010507,12:56:05..543,,,,
12:56:05..578,33.20613729,-0.001284,-0.00012848,0.00068928,0.00037697,0.0001916,0.00112756,0.00011966,-0.00030155,0.0001057,12:56:05..587,,,,
12:56:05..704,33.08719302,-0.001284,-0.00012839,0.00068961,0.00037658,0.0001917,0.00112795,0.00012081,-0.00030202,0.00010509,12:56:05..703,,,,
12:56:05..737,32.89584789,-0.001366,-0.00012864,0.00068814,0.00037718,0.00019128,0.00112728,0.00011972,-0.00030145,0.00010603,12:56:05..748,,,,
12:56:05..859,32.70450276,-0.001366,-0.00012868,0.00068831,0.00037692,0.00019105,0.00112729,0.00011918,-0.00030116,0.00010604,12:56:05..857,,,,
12:56:05..890,32.55452955,-0.00146,-0.00012895,0.00068739,0.0003774,0.00019143,0.00112658,0.00011826,-0.00030123,0.0001067,12:56:05..899,,,,
12:56:06..003,32.41489932,-0.00146,-0.0001286,0.00068749,0.00037794,0.00019164,0.00112691,0.00011922,-0.00030112,0.00010698,12:56:06..000,,,,
12:56:06..036,32.2183827,-0.001688,-0.00012929,0.00068625,0.00037861,0.00019169,0.00112646,0.00011805,-0.00030112,0.00010674,12:56:06..045,,,,
12:56:06..175,32.10460992,-0.001688,-0.00012907,0.00068685,0.00037845,0.00019166,0.00112611,0.00011677,-0.00030099,0.00010754,12:56:06..173,,,,
12:56:06..207,31.83052095,-0.002013,-0.00012969,0.00068514,0.00037896,0.00019168,0.00112588,0.00011687,-0.00030106,0.00010731,12:56:06..216,,,,
12:56:06..311,31.70640519,-0.002013,-0.0001297,0.00068582,0.00037887,0.00019188,0.00112563,0.0001164,-0.0003007,0.00010788,12:56:06..308,,,,
12:56:06..343,31.55126049,-0.002133,-0.00013035,0.00068452,0.00037938,0.00019144,0.00112484,0.00011596,-0.00030048,0.00010791,12:56:06..354,,,,
12:56:06..478,31.46851665,-0.002133,-0.00013013,0.00068456,0.00037906,0.0001916,0.00112513,0.00011567,-0.0003006,0.00010808,12:56:06..476,,,,
12:56:06..510,31.08582639,-0.002371,-0.00013085,0.00068337,0.00037991,0.00019221,0.00112468,0.00011561,-0.00030042,0.00010811,12:56:06..519,,,,
12:56:06..624,31.14271278,-0.002371,-0.00013135,0.00068339,0.0003797,0.00019188,0.00112429,0.00011383,-0.00030032,0.00010833,12:56:06..621,,,,
12:56:06..656,30.70313613,-0.00265,-0.00013086,0.00068298,0.0003803,0.00019232,0.00112428,0.00011329,-0.00029947,0.00010872,12:56:06..667,,,,
12:56:06..764,30.8220804,-0.00265,-0.00013068,0.00068247,0.00038054,0.00019208,0.00112426,0.00011439,-0.00030074,0.00010838,12:56:06..762,,,,
12:56:06..795,30.3566463,-0.002754,-0.00013141,0.00068193,0.00038075,0.0001923,0.00112406,0.00011304,-0.00029982,0.00010902,12:56:06..807,,,,
12:56:06..897,30.42904716,-0.002754,-0.00013122,0.00068156,0.00038077,0.00019242,0.00112354,0.00011342,-0.00029996,0.00010891,12:56:06..895,,,,
12:56:06..928,30.21701607,-0.002642,-0.00013179,0.00068075,0.00038123,0.0001922,0.00112369,0.00011287,-0.00029978,0.00010954,12:56:06..940,,,,
12:56:07..043,29.96361306,-0.002642,-0.00013142,0.00068156,0.00038105,0.00019264,0.00112356,0.00011248,-0.00029955,0.0001094,12:56:07..040,,,,
12:56:07..075,30.0980718,-0.002446,-0.00013196,0.00068072,0.0003819,0.00019272,0.00112249,0.00011143,-0.00029937,0.00010931,12:56:07..083,,,,
12:56:07..196,29.77226793,-0.002446,-0.00013173,0.00068046,0.00038184,0.00019256,0.00112297,0.00011244,-0.00029998,0.00010917,12:56:07..193,,,,
12:56:07..229,29.84984028,-0.002311,-0.00013231,0.00067969,0.00038174,0.0001924,0.00112213,0.00011099,-0.00029949,0.00010962,12:56:07..193,,,,
12:56:07..308,29.50852194,-0.00221,-0.0001325,0.00067944,0.00038217,0.00019268,0.00112278,0.00011162,-0.00029938,0.00010923,12:56:07..338,,,,
12:56:07..403,29.55506535,-0.00221,-0.00013226,0.00067977,0.00038204,0.00019238,0.00112211,0.0001106,-0.00029928,0.00010991,12:56:07..403,,,,
12:56:07..437,29.19823254,-0.0022,-0.00013281,0.00067852,0.00038251,0.00019261,0.00112213,0.00011082,-0.00029896,0.0001105,12:56:07..446,,,,
12:56:07..536,29.19823254,-0.0022,-0.00013294,0.00067832,0.00038238,0.0001926,0.001122,0.00011009,-0.00029877,0.00011023,12:56:07..584,,,,
12:56:07..592,29.14651764,-0.0022,-0.00013259,0.00067844,0.00038285,0.00019201,0.00112236,0.0001112,-0.00029905,0.00011018,12:56:07..584,,,,
12:56:07..627,28.84657122,-0.002035,-0.00013271,0.00067773,0.00038265,0.00019252,0.00112155,0.00010929,-0.00029872,0.00011097,12:56:07..669,,,,
12:56:07..789,28.97585847,-0.002035,-0.00013284,0.00067734,0.00038282,0.00019255,0.0011219,0.00010922,-0.00029861,0.00011046,12:56:07..787,,,,
12:56:07..821,28.74831291,-0.001959,-0.00013313,0.00067695,0.00038402,0.00019312,0.00112147,0.00010911,-0.00029844,0.00011095,12:56:07..830,,,,
12:56:07..898,28.79485632,-0.001885,-0.00013356,0.00067682,0.00038312,0.0001924,0.00112099,0.0001076,-0.00029786,0.00011104,12:56:07..950,,,,
12:56:08..021,28.35010818,-0.001885,-0.0001331,0.00067647,0.00038342,0.00019247,0.0011208,0.00010903,-0.00029825,0.00011143,12:56:08..020,,,,
12:56:08..054,28.30356477,-0.001885,-0.00013464,0.00067527,0.00038404,0.00019262,0.00112063,0.00010657,-0.00029753,0.0001117,12:56:08..020,,,,
12:56:08..088,28.09670517,-0.00177,-0.00013463,0.00067539,0.00038493,0.00019235,0.00112094,0.00010716,-0.00029793,0.0001116,12:56:08..148,,,,
12:56:08..201,28.12773411,-0.00177,-0.00013449,0.00067547,0.00038427,0.000193,0.00112033,0.00010746,-0.00029807,0.00011181,12:56:08..201,,,,
12:56:08..233,27.96741792,-0.001733,-0.00013506,0.00067418,0.00038454,0.00019279,0.00111974,0.00010686,-0.00029817,0.0001114,12:56:08..201,,,,
12:56:08..305,27.91570302,-0.001733,-0.0001357,0.00067416,0.00038471,0.00019226,0.0011198,0.00010622,-0.00029808,0.0001114,12:56:08..354,,,,
12:56:08..362,27.88984557,-0.001733,-0.00013519,0.00067413,0.00038522,0.00019289,0.00112045,0.00010769,-0.00029819,0.00011229,12:56:08..354,,,,
12:56:08..396,27.7191864,-0.001636,-0.00013611,0.00067339,0.00038514,0.00019317,0.00111929,0.00010658,-0.00029797,0.00011156,12:56:08..399,,,,
12:56:08..496,27.72952938,-0.001636,-0.00013616,0.00067364,0.00038496,0.00019305,0.00111947,0.00010562,-0.00029751,0.00011176,12:56:08..493,,,,
12:56:08..528,27.53301276,-0.00151,-0.00013714,0.00067286,0.0003855,0.0001931,0.00111908,0.00010487,-0.00029689,0.00011207,12:56:08..537,,,,
12:56:08..658,27.6157566,-0.00151,-0.00013669,0.00067265,0.00038548,0.00019304,0.00111902,0.00010605,-0.0002974,0.00011144,12:56:08..656,,,,
12:56:08..690,27.28478124,-0.00141,-0.00013743,0.00067181,0.00038556,0.00019319,0.00111868,0.00010446,-0.00029732,0.00011192,12:56:08..656,,,,
12:56:08..764,27.39338253,-0.00141,-0.00013771,0.00067163,0.00038559,0.00019296,0.00111888,0.00010518,-0.00029729,0.00011186,12:56:08..816,,,,
12:56:08..825,27.15549399,-0.00141,-0.0001374,0.00067192,0.00038554,0.0001929,0.00111859,0.00010434,-0.00029762,0.00011147,12:56:08..816,,,,
12:56:08..860,27.08309313,-0.001179,-0.00013829,0.0006708,0.00038613,0.00019318,0.00111838,0.0001051,-0.00029719,0.00011189,12:56:08..902,,,,
12:56:09..014,27.10377909,-0.001179,-0.00013819,0.00067111,0.00038626,0.00019322,0.00111854,0.00010324,-0.00029729,0.00011169,12:56:09..012,,,,
12:56:09..046,26.79866118,-0.000815,-0.00013848,0.00066973,0.00038639,0.00019332,0.00111847,0.00010393,-0.00029689,0.0001117,12:56:09..053,,,,
12:56:09..130,26.78314671,-0.000815,-0.00013877,0.00067028,0.00038617,0.0001934,0.00111818,0.00010332,-0.00029696,0.00011232,12:56:09..171,,,,
12:56:09..179,26.69523138,-0.000815,-0.00013855,0.0006695,0.00038662,0.00019332,0.00111832,0.00010361,-0.00029733,0.00011171,12:56:09..171,,,,
12:56:09..213,26.66420244,-0.000502,-0.0001393,0.00066869,0.00038672,0.00019341,0.00111762,0.00010374,-0.00029719,0.00011199,12:56:09..293,,,,
12:56:09..361,26.6331735,-0.000502,-0.00013946,0.00066964,0.00038673,0.00019314,0.00111759,0.00010229,-0.0002963,0.00011209,12:56:09..293,,,,
12:56:09..393,26.51940072,-0.000476,-0.00014022,0.00066813,0.00038704,0.00019312,0.00111745,0.00010185,-0.00029629,0.0001124,12:56:09..409,,,,
12:56:09..524,26.38494198,-0.000476,-0.00013993,0.0006685,0.00038716,0.00019363,0.00111744,0.0001026,-0.00029638,0.00011228,12:56:09..523,,,,
12:56:09..556,26.30219814,-0.000508,-0.00014107,0.00066753,0.00038731,0.00019369,0.00111735,0.00010098,-0.00029579,0.00011254,12:56:09..567,,,,
12:56:09..690,26.23496877,-0.000508,-0.00014058,0.00066694,0.00038792,0.00019357,0.00111721,0.00010251,-0.00029615,0.00011241,12:56:09..689,,,,
12:56:09..724,26.04879513,-0.000611,-0.00014092,0.00066699,0.00038792,0.00019377,0.00111697,0.00010092,-0.00029596,0.00011241,12:56:09..734,,,,
12:56:09..853,26.08499556,-0.000611,-0.00014077,0.00066699,0.00038774,0.00019352,0.00111706,0.00010121,-0.0002966,0.00011226,12:56:09..850,,,,
12:56:09..884,25.86779298,-0.000954,-0.00014171,0.00066628,0.00038798,0.00019382,0.00111629,0.00009994,-0.00029586,0.00011231,12:56:09..893,,,,
12:56:10..027,25.87296447,-0.000954,-0.00014146,0.00066582,0.00038845,0.00019419,0.001117,0.00010169,-0.00029609,0.00011258,12:56:10..024,,,,
12:56:10..058,25.74884871,-0.001082,-0.00014162,0.00066526,0.00038874,0.00019393,0.00111616,0.00010025,-0.00029586,0.00011274,12:56:10..024,,,,
12:56:10..141,25.66610487,-0.001082,-0.00014183,0.00066582,0.0003883,0.00019395,0.00111674,0.00009966,-0.00029585,0.00011274,12:56:10..192,,,,
12:56:10..200,25.4954457,-0.001082,-0.0001418,0.00066507,0.00038841,0.00019413,0.00111647,0.00010038,-0.00029569,0.00011303,12:56:10..192,,,,
12:56:10..234,25.53164613,-0.001351,-0.00014189,0.00066484,0.00038902,0.0001938,0.00111635,0.00010002,-0.00029557,0.00011279,12:56:10..237,,,,
12:56:10..375,25.44890229,-0.001351,-0.000142,0.00066549,0.00038882,0.00019391,0.00111584,0.00009866,-0.00029519,0.00011311,12:56:10..373,,,,
12:56:10..406,25.34547249,-0.001652,-0.00014218,0.00066439,0.00038918,0.00019393,0.00111612,0.00009845,-0.00029499,0.0001134,12:56:10..415,,,,
12:56:10..523,25.17481332,-0.001652,-0.00014249,0.00066362,0.00038927,0.00019392,0.00111576,0.00009902,-0.00029578,0.00011283,12:56:10..520,,,,
12:56:10..554,25.25238567,-0.001779,-0.00014275,0.00066385,0.00038954,0.00019368,0.001116,0.00009851,-0.00029515,0.00011401,12:56:10..564,,,,
12:56:10..694,25.12826991,-0.001779,-0.00014307,0.00066351,0.00038943,0.00019372,0.00111589,0.00009879,-0.00029565,0.00011304,12:56:10..692,,,,
12:56:10..726,25.0300116,-0.001783,-0.00014328,0.00066253,0.00038997,0.00019409,0.00111504,0.00009866,-0.00029483,0.00011316,12:56:10..736,,,,
12:56:10..781,25.00415415,-0.001745,-0.00014331,0.00066348,0.0003898,0.00019439,0.00111507,0.00009756,-0.00029449,0.00011388,12:56:10..779,,,,
12:56:10..831,24.89555286,-0.001745,-0.0001433,0.00066295,0.00039022,0.00019431,0.00111538,0.00009879,-0.00029501,0.00011335,12:56:10..825,,,,
12:56:10..865,24.90589584,-0.00172,-0.00014345,0.00066238,0.00038958,0.00019425,0.00111508,0.00009836,-0.00029474,0.00011339,12:56:10..870,,,,
12:56:10..980,24.80763753,-0.00172,-0.00014378,0.00066268,0.00038943,0.00019428,0.00111538,0.00009762,-0.00029452,0.00011347,12:56:10..978,,,,
12:56:11..014,24.78695157,-0.001648,-0.00014378,0.00066175,0.00039029,0.00019428,0.00111528,0.00009748,-0.0002946,0.00011346,12:56:11..024,,,,
12:56:11..136,24.69903624,-0.001648,-0.00014409,0.00066155,0.00039012,0.000194,0.00111461,0.00009715,-0.00029483,0.00011341,12:56:11..135,,,,
12:56:11..170,24.59560644,-0.00165,-0.00014407,0.00066094,0.00039031,0.00019407,0.00111478,0.00009712,-0.00029478,0.00011338,12:56:11..182,,,,
12:56:11..313,24.61112091,-0.00165,-0.00014464,0.00066106,0.00039023,0.00019407,0.00111462,0.00009612,-0.00029427,0.00011349,12:56:11..310,,,,
12:56:11..344,24.41977578,-0.001596,-0.0001443,0.00066024,0.0003908,0.0001937,0.00111425,0.00009716,-0.00029445,0.00011357,12:56:11..353,,,,
12:56:11..458,24.49217664,-0.001596,-0.00014444,0.00066086,0.00039063,0.00019376,0.00111431,0.00009605,-0.00029401,0.00011373,12:56:11..456,,,,
12:56:11..491,24.28014555,-0.001599,-0.00014449,0.00066057,0.00039076,0.00019442,0.00111399,0.00009584,-0.00029481,0.00011382,12:56:11..498,,,,
12:56:11..614,24.29566002,-0.001599,-0.00014456,0.00066011,0.00039086,0.00019399,0.00111412,0.00009642,-0.00029414,0.00011335,12:56:11..612,,,,
12:56:11..645,24.17154426,-0.001781,-0.00014499,0.0006601,0.00039107,0.00019369,0.0011133,0.00009462,-0.00029424,0.00011336,12:56:11..657,,,,
12:56:11..741,24.20774469,-0.001781,-0.00014484,0.00065908,0.0003908,0.00019388,0.00111392,0.00009651,-0.00029493,0.00011292,12:56:11..739,,,,
12:56:11..774,24.01639956,-0.001834,-0.00014543,0.00065954,0.00039095,0.00019387,0.00111332,0.00009504,-0.00029398,0.00011399,12:56:11..784,,,,
12:56:11..835,23.95434168,-0.001847,-0.00014529,0.00065941,0.00039124,0.00019382,0.00111359,0.0000966,-0.00029396,0.0001136,12:56:11..875,,,,
12:56:11..921,24.06294297,-0.001847,-0.00014528,0.00065957,0.00039096,0.00019369,0.00111344,0.00009479,-0.00029362,0.00011344,12:56:11..922,,,,
12:56:11..956,23.83539741,-0.001841,-0.00014525,0.00065877,0.00039129,0.0001941,0.00111306,0.00009531,-0.00029399,0.00011353,12:56:11..965,,,,
12:56:12..004,23.88711231,-0.001817,-0.0001456,0.00065879,0.00039148,0.00019413,0.00111361,0.00009462,-0.0002934,0.00011379,12:56:12..008,,,,
12:56:12..052,23.91296976,-0.001618,-0.00014564,0.00065883,0.00039138,0.00019418,0.00111346,0.00009517,-0.00029364,0.00011372,12:56:12..100,,,,
12:56:12..154,23.82505443,-0.001618,-0.00014595,0.00065867,0.00039102,0.0001937,0.00111317,0.0000947,-0.00029405,0.00011366,12:56:12..152,,,,
12:56:12..186,23.83539741,-0.00155,-0.00014604,0.00065828,0.00039163,0.00019386,0.00111295,0.00009397,-0.00029368,0.00011376,12:56:12..152,,,,
12:56:12..269,23.77333953,-0.00155,-0.00014616,0.0006582,0.00039179,0.00019378,0.00111252,0.0000942,-0.00029398,0.00011391,12:56:12..299,,,,
12:56:12..307,23.59233738,-0.00155,-0.00014619,0.0006582,0.0003915,0.00019431,0.00111307,0.00009418,-0.00029446,0.00011402,12:56:12..299,,,,
12:56:12..339,23.59750887,-0.001373,-0.000147,0.00065818,0.0003915,0.00019346,0.0011122,0.00009285,-0.00029383,0.00011397,12:56:12..341,,,,
12:56:12..389,23.70093867,-0.001373,-0.00014644,0.00065766,0.00039207,0.00019382,0.00111232,0.00009424,-0.00029447,0.00011376,12:56:12..442,,,,
12:56:12..452,23.5302795,-0.001373,-0.00014662,0.00065842,0.00039192,0.00019397,0.00111248,0.00009288,-0.00029326,0.00011424,12:56:12..442,,,,
12:56:12..485,23.49407907,-0.001307,-0.00014675,0.00065776,0.00039225,0.00019401,0.00111196,0.00009414,-0.00029387,0.00011364,12:56:12..486,,,,
12:56:12..604,23.50959354,-0.001307,-0.00014698,0.00065822,0.00039173,0.00019402,0.00111194,0.00009288,-0.00029391,0.00011365,12:56:12..602,,,,
12:56:12..636,23.38547778,-0.001421,-0.00014722,0.00065733,0.00039242,0.00019341,0.00111194,0.00009338,-0.00029355,0.00011431,12:56:12..602,,,,
12:56:12..715,23.39582076,-0.001421,-0.00014767,0.0006574,0.00039211,0.00019388,0.0011118,0.00009258,-0.0002932,0.00011385,12:56:12..756,,,,
12:56:12..776,23.26653351,-0.001421,-0.00014702,0.00065739,0.00039204,0.00019323,0.00111169,0.00009338,-0.00029425,0.00011371,12:56:12..756,,,,
12:56:12..811,23.21481861,-0.001815,-0.00014727,0.00065698,0.00039304,0.00019378,0.0011113,0.00009327,-0.00029387,0.00011378,12:56:12..842,,,,
12:56:12..951,23.34927735,-0.001815,-0.00014765,0.00065741,0.00039218,0.00019408,0.00111132,0.00009179,-0.00029398,0.0001142,12:56:12..949,,,,
12:56:12..983,23.17861818,-0.001935,-0.00014822,0.00065665,0.00039222,0.00019335,0.00111101,0.00009173,-0.00029357,0.00011338,12:56:12..995,,,,
12:56:13..090,23.24584755,-0.001935,-0.00014791,0.00065688,0.00039195,0.00019373,0.00111127,0.00009196,-0.00029341,0.00011389,12:56:13..087,,,,
12:56:13..124,22.95624411,-0.001873,-0.00014812,0.00065623,0.00039231,0.00019343,0.0011111,0.00009155,-0.00029373,0.00011388,12:56:13..129,,,,
12:56:13..190,23.03381646,-0.001877,-0.00014832,0.00065685,0.00039263,0.00019352,0.00111087,0.00009213,-0.00029303,0.00011434,12:56:13..234,,,,
12:56:13..285,23.07001689,-0.001877,-0.00014764,0.00065669,0.00039284,0.00019367,0.00111109,0.00009221,-0.00029331,0.00011393,12:56:13..282,,,,
12:56:13..315,22.88901474,-0.001886,-0.00014839,0.00065608,0.00039286,0.00019332,0.00111095,0.00009123,-0.00029297,0.00011401,12:56:13..282,,,,
12:56:13..387,23.03381646,-0.001881,-0.00014843,0.00065603,0.00039292,0.00019303,0.00111064,0.0000919,-0.00029381,0.0001137,12:56:13..418,,,,
12:56:13..485,22.83729984,-0.001881,-0.00014809,0.00065641,0.00039272,0.00019333,0.00111037,0.0000909,-0.000293,0.0001138,12:56:13..485,,,,
12:56:13..519,22.91487219,-0.001889,-0.00014921,0.00065571,0.0003932,0.00019345,0.00110995,0.00008994,-0.00029342,0.00011338,12:56:13..530,,,,
12:56:13..632,22.89418623,-0.001889,-0.00014876,0.00065506,0.00039319,0.00019335,0.0011103,0.00009158,-0.00029343,0.00011389,12:56:13..630,,,,
12:56:13..663,22.77524196,-0.00197,-0.00014876,0.00065518,0.00039344,0.00019339,0.00111006,0.00009152,-0.00029325,0.0001138,12:56:13..672,,,,
12:56:13..776,22.83729984,-0.00197,-0.00014894,0.00065515,0.00039312,0.00019286,0.00111016,0.00008988,-0.00029268,0.00011416,12:56:13..774,,,,
12:56:13..808,22.55286789,-0.002166,-0.00014936,0.00065471,0.0003936,0.00019288,0.00111024,0.00009096,-0.00029271,0.0001143,12:56:13..819,,,,
12:56:13..912,22.81661388,-0.002166,-0.00014942,0.00065401,0.00039318,0.00019263,0.00110976,0.00009008,-0.0002929,0.00011365,12:56:13..910,,,,
12:56:13..944,22.36152276,-0.002117,-0.00014931,0.00065437,0.00039346,0.00019357,0.00111013,0.00009086,-0.00029281,0.0001139,12:56:13..954,,,,
12:56:14..063,22.50115299,-0.002117,-0.00014985,0.00065477,0.00039376,0.00019293,0.00110954,0.00009026,-0.00029281,0.00011424,12:56:14..060,,,,
12:56:14..095,22.2891219,-0.002144,-0.00014974,0.00065413,0.00039431,0.00019356,0.00110996,0.00009098,-0.00029327,0.000114,12:56:14..105,,,,
12:56:14..200,22.3408368,-0.002144,-0.00015025,0.00065399,0.0003941,0.00019359,0.00110984,0.00008893,-0.00029291,0.00011407,12:56:14..197,,,,
12:56:14..230,22.34600829,-0.002221,-0.00014981,0.00065337,0.00039482,0.00019295,0.00110973,0.00009028,-0.00029275,0.00011388,12:56:14..197,,,,
12:56:14..280,22.19603508,-0.00219,-0.00015008,0.00065356,0.00039389,0.00019314,0.00110909,0.00008932,-0.00029261,0.00011375,12:56:14..317,,,,
12:56:14..379,22.32015084,-0.00219,-0.00014972,0.00065373,0.00039423,0.00019318,0.00110976,0.00009028,-0.00029316,0.00011351,12:56:14..378,,,,
12:56:14..412,22.1339772,-0.002113,-0.00015031,0.00065252,0.00039489,0.00019285,0.00110912,0.00008954,-0.00029322,0.00011332,12:56:14..378,,,,
12:56:14..491,22.15983465,-0.002113,-0.00015034,0.00065314,0.00039427,0.00019284,0.00110917,0.00008922,-0.00029241,0.00011361,12:56:14..542,,,,
12:56:14..552,22.25292147,-0.002113,-0.00015032,0.00065266,0.00039408,0.00019299,0.0011094,0.00008945,-0.00029294,0.00011341,12:56:14..542,,,,
12:56:14..586,22.04606187,-0.002328,-0.00015052,0.00065267,0.00039449,0.00019291,0.00110871,0.00008842,-0.00029299,0.00011371,12:56:14..653,,,,
12:56:14..707,22.07709081,-0.002328,-0.00015058,0.00065215,0.00039468,0.00019276,0.00110901,0.00008943,-0.00029289,0.00011326,12:56:14..705,,,,
12:56:14..738,21.98400399,-0.00221,-0.00015111,0.00065229,0.00039507,0.00019271,0.00110857,0.00008919,-0.00029331,0.00011361,12:56:14..750,,,,
12:56:14..874,21.94263207,-0.00221,-0.00015106,0.00065202,0.00039421,0.00019279,0.00110844,0.00008895,-0.000293,0.00011333,12:56:14..871,,,,
12:56:14..906,21.93228909,-0.002008,-0.00015129,0.00065148,0.00039488,0.00019264,0.00110823,0.0000892,-0.00029287,0.00011347,12:56:14..914,,,,
12:56:15..041,21.84954525,-0.002008,-0.00015162,0.00065202,0.00039465,0.00019262,0.00110831,0.00008799,-0.00029289,0.00011382,12:56:15..039,,,,
12:56:15..073,21.83403078,-0.001759,-0.00015186,0.00065078,0.00039484,0.00019258,0.00110796,0.00008902,-0.00029282,0.0001135,12:56:15..083,,,,
12:56:15..193,21.81851631,-0.001759,-0.00015154,0.00065121,0.00039478,0.00019241,0.00110843,0.00008808,-0.00029265,0.00011344,12:56:15..191,,,,
12:56:15..226,21.80817333,-0.001603,-0.00015205,0.00065056,0.00039524,0.00019253,0.00110831,0.00008851,-0.00029283,0.0001132,12:56:15..191,,,,
12:56:15..323,21.74611545,-0.001603,-0.00015179,0.00065049,0.00039561,0.00019219,0.00110847,0.00008821,-0.0002921,0.00011382,12:56:15..384,,,,
12:56:15..421,21.77714439,-0.001603,-0.00015166,0.00065073,0.00039541,0.0001925,0.00110814,0.00008869,-0.00029273,0.0001134,12:56:15..384,,,,
12:56:15..453,21.64268565,-0.001711,-0.00015233,0.00065024,0.00039495,0.00019256,0.00110789,0.00008782,-0.00029226,0.00011365,12:56:15..427,,,,
12:56:15..486,21.66337161,-0.001629,-0.00015218,0.00065057,0.00039531,0.00019255,0.00110764,0.00008723,-0.00029256,0.00011344,12:56:15..539,,,,
12:56:15..598,21.69957204,-0.001629,-0.00015177,0.00065045,0.00039572,0.00019284,0.00110791,0.00008858,-0.00029285,0.00011351,12:56:15..539,,,,
12:56:15..631,21.58062777,-0.001716,-0.00015259,0.00064984,0.00039561,0.00019267,0.0011081,0.00008708,-0.00029248,0.00011367,12:56:15..641,,,,
12:56:15..701,21.65302863,-0.001726,-0.00015202,0.00064964,0.00039592,0.00019273,0.00110818,0.00008866,-0.00029286,0.00011338,12:56:15..700,,,,
12:56:15..763,21.47202648,-0.001726,-0.00015231,0.0006495,0.00039519,0.00019222,0.00110737,0.00008663,-0.000293,0.00011338,12:56:15..742,,,,
12:56:15..796,21.46685499,-0.0017,-0.00015278,0.00064948,0.00039569,0.00019219,0.0011075,0.00008736,-0.00029299,0.00011374,12:56:15..828,,,,
12:56:15..857,21.5651133,-0.001707,-0.00015255,0.00064935,0.00039594,0.00019229,0.00110737,0.00008722,-0.00029289,0.00011343,12:56:15..872,,,,
12:56:15..912,21.46685499,-0.001707,-0.00015257,0.00064921,0.00039638,0.00019271,0.00110781,0.00008747,-0.00029274,0.00011301,12:56:15..944,,,,
12:56:15..952,21.38928264,-0.001707,-0.00015257,0.00064912,0.00039546,0.00019165,0.00110746,0.00008741,-0.00029298,0.00011339,12:56:15..944,,,,
12:56:15..985,21.42548307,-0.001607,-0.00015277,0.00064901,0.00039599,0.00019222,0.00110749,0.00008824,-0.00029291,0.00011377,12:56:15..989,,,,
12:56:16..073,21.50305542,-0.001607,-0.00015299,0.00064965,0.00039572,0.0001919,0.00110758,0.00008644,-0.00029264,0.00011359,12:56:16..071,,,,
12:56:16..106,21.28585284,-0.00149,-0.00015313,0.00064876,0.00039596,0.00019202,0.00110733,0.00008749,-0.00029305,0.00011327,12:56:16..117,,,,
12:56:16..189,21.3065388,-0.00149,-0.00015312,0.00064917,0.00039579,0.00019209,0.00110748,0.00008593,-0.00029295,0.00011378,12:56:16..187,,,,
12:56:16..221,21.3582537,-0.00124,-0.0001533,0.00064873,0.00039651,0.00019249,0.00110767,0.00008821,-0.0002928,0.00011318,12:56:16..230,,,,
12:56:16..340,21.19276602,-0.00124,-0.00015318,0.0006492,0.00039587,0.00019217,0.0011072,0.00008614,-0.00029254,0.00011383,12:56:16..338,,,,
12:56:16..371,21.26516688,-0.001032,-0.00015348,0.00064829,0.00039663,0.00019199,0.00110755,0.00008689,-0.00029244,0.00011335,12:56:16..382,,,,
12:56:16..493,21.18759453,-0.001032,-0.00015353,0.00064827,0.00039614,0.00019158,0.00110736,0.00008695,-0.00029298,0.00011312,12:56:16..491,,,,
12:56:16..525,21.21862347,-0.000896,-0.00015345,0.00064777,0.00039633,0.00019199,0.00110712,0.00008607,-0.00029286,0.00011345,12:56:16..491,,,,
12:56:16..598,21.18242304,-0.000896,-0.00015392,0.00064784,0.00039645,0.00019153,0.00110701,0.00008654,-0.00029299,0.00011322,12:56:16..606,,,,
12:56:16..630,21.09450771,-0.000761,-0.00015394,0.00064816,0.00039608,0.00019187,0.00110711,0.00008573,-0.00029258,0.00011321,12:56:16..673,,,,
12:56:16..741,21.1513941,-0.000761,-0.00015299,0.00064804,0.00039631,0.0001914,0.00110713,0.00008665,-0.00029289,0.00011312,12:56:16..741,,,,
12:56:16..774,21.01176387,-0.000737,-0.00015384,0.00064749,0.00039658,0.0001919,0.0011074,0.00008704,-0.00029256,0.00011367,12:56:16..783,,,,
12:56:16..898,21.02727834,-0.000737,-0.0001539,0.00064789,0.00039662,0.00019207,0.00110686,0.0000858,-0.00029274,0.00011372,12:56:16..896,,,,
12:56:16..929,20.88764811,-0.000803,-0.00015409,0.00064682,0.00039631,0.00019153,0.00110678,0.00008684,-0.00029322,0.00011284,12:56:16..940,,,,
12:56:17..055,20.95487748,-0.000803,-0.0001544,0.0006471,0.00039635,0.00019208,0.00110674,0.00008515,-0.00029276,0.00011329,12:56:17..053,,,,
12:56:17..086,20.83593321,-0.00083,-0.00015422,0.00064744,0.00039658,0.00019169,0.00110666,0.00008604,-0.00029284,0.00011345,12:56:17..097,,,,
12:56:17..204,20.8411047,-0.00083,-0.00015428,0.00064649,0.00039701,0.00019169,0.00110664,0.00008634,-0.00029271,0.00011353,12:56:17..204,,,,
12:56:17..237,20.78421831,-0.000959,-0.00015462,0.00064738,0.00039694,0.00019169,0.00110655,0.00008524,-0.00029285,0.00011357,12:56:17..248,,,,
12:56:17..360,20.77904682,-0.000959,-0.00015402,0.00064659,0.00039689,0.00019131,0.00110657,0.00008603,-0.00029334,0.00011323,12:56:17..358,,,,
12:56:17..391,20.79456129,-0.00102,-0.00015439,0.00064619,0.00039678,0.00019153,0.00110652,0.00008586,-0.00029315,0.00011306,12:56:17..401,,,,
12:56:17..510,20.69630298,-0.00102,-0.00015447,0.00064697,0.00039668,0.0001918,0.00110648,0.0000846,-0.00029239,0.0001134,12:56:17..508,,,,
12:56:17..543,20.70664596,-0.001142,-0.00015465,0.00064599,0.00039704,0.00019164,0.00110623,0.00008507,-0.00029329,0.00011303,12:56:17..552,,,,
12:56:17..706,20.65493106,-0.001142,-0.00015486,0.00064568,0.00039706,0.00019129,0.00110686,0.0000857,-0.00029295,0.00011334,12:56:17..704,,,,
12:56:17..738,20.51012934,-0.001086,-0.00015539,0.00064533,0.00039629,0.00019126,0.00110615,0.00008599,-0.00029297,0.00011331,12:56:17..747,,,,
12:56:17..862,20.51530083,-0.001086,-0.00015534,0.00064534,0.0003965,0.00019141,0.00110635,0.0000844,-0.00029251,0.00011352,12:56:17..860,,,,
12:56:17..893,20.43772848,-0.001105,-0.00015518,0.00064546,0.00039706,0.00019145,0.00110647,0.00008495,-0.00029289,0.00011316,12:56:17..906,,,,
12:56:18..018,20.46875742,-0.001105,-0.00015506,0.00064567,0.00039724,0.00019165,0.00110625,0.00008473,-0.00029337,0.00011294,12:56:18..016,,,,
12:56:18..049,20.43255699,-0.001117,-0.00015548,0.00064531,0.00039756,0.00019098,0.00110625,0.0000856,-0.00029303,0.00011325,12:56:18..016,,,,
12:56:18..128,20.3756706,-0.001117,-0.00015554,0.00064494,0.00039721,0.00019125,0.00110657,0.00008426,-0.00029309,0.00011294,12:56:18..158,,,,
12:56:18..196,20.57218722,-0.001117,-0.00015532,0.00064512,0.00039725,0.00019097,0.00110635,0.00008559,-0.00029284,0.00011315,12:56:18..158,,,,
12:56:18..229,20.30326974,-0.001234,-0.0001556,0.00064541,0.00039701,0.00019098,0.00110652,0.00008452,-0.00029288,0.00011341,12:56:18..203,,,,
12:56:18..307,20.38601358,-0.001234,-0.00015563,0.00064426,0.00039709,0.00019131,0.00110569,0.00008519,-0.00029281,0.00011311,12:56:18..355,,,,
12:56:18..365,20.41187103,-0.001234,-0.00015572,0.0006447,0.00039709,0.00019129,0.00110593,0.00008433,-0.0002926,0.00011349,12:56:18..355,,,,
12:56:18..398,20.32912719,-0.001372,-0.00015569,0.00064437,0.00039714,0.00019143,0.00110612,0.00008481,-0.00029321,0.00011328,12:56:18..400,,,,
12:56:18..518,20.3756706,-0.001372,-0.00015543,0.00064488,0.00039741,0.00019115,0.00110644,0.00008403,-0.00029265,0.00011363,12:56:18..516,,,,
12:56:18..549,20.26706931,-0.001599,-0.00015545,0.00064431,0.0003975,0.00019153,0.0011059,0.00008517,-0.00029382,0.0001132,12:56:18..550,,,,
12:56:18..657,20.30326974,-0.001599,-0.00015625,0.0006446,0.00039685,0.00019104,0.00110569,0.00008367,-0.00029311,0.00011324,12:56:18..655,,,,
12:56:18..689,20.23086888,-0.001687,-0.00015591,0.00064422,0.00039703,0.00019149,0.00110604,0.00008375,-0.00029286,0.00011332,12:56:18..698,,,,
12:56:18..798,20.20501143,-0.001687,-0.00015596,0.00064372,0.00039762,0.00019158,0.00110551,0.00008477,-0.0002931,0.00011307,12:56:18..796,,,,
12:56:18..829,20.19466845,-0.001506,-0.00015597,0.00064407,0.00039754,0.00019085,0.00110581,0.00008413,-0.00029278,0.00011307,12:56:18..839,,,,
12:56:18..936,20.16363951,-0.001506,-0.0001563,0.00064428,0.00039733,0.00019142,0.00110612,0.00008385,-0.00029256,0.00011326,12:56:18..934,,,,
12:56:18..968,20.17915398,-0.001428,-0.00015625,0.00064375,0.00039737,0.00019101,0.0011057,0.00008363,-0.00029283,0.00011267,12:56:18..977,,,,
12:56:19..081,20.17398249,-0.001428,-0.00015625,0.00064338,0.00039782,0.00019065,0.00110583,0.00008401,-0.00029314,0.00011313,12:56:19..078,,,,
12:56:19..114,20.16363951,-0.001429,-0.00015666,0.00064378,0.00039771,0.00019161,0.0011059,0.00008446,-0.00029288,0.00011252,12:56:19..124,,,,
12:56:19..164,20.17915398,-0.001488,-0.00015626,0.00064428,0.00039772,0.00019131,0.00110592,0.00008329,-0.00029268,0.0001132,12:56:19..167,,,,
12:56:19..206,20.02918077,-0.001498,-0.00015651,0.0006431,0.00039764,0.00019114,0.00110581,0.00008454,-0.00029274,0.00011242,12:56:19..245,,,,
12:56:19..285,19.97229438,-0.001498,-0.00015685,0.00064398,0.00039723,0.00019131,0.00110571,0.00008339,-0.00029233,0.00011296,12:56:19..245,,,,
12:56:19..318,20.14812504,-0.001303,-0.00015624,0.00064329,0.00039769,0.0001912,0.00110603,0.00008373,-0.00029303,0.00011288,12:56:19..290,,,,
12:56:19..404,20.02400928,-0.001182,-0.00015694,0.00064339,0.00039804,0.00019104,0.00110534,0.00008353,-0.00029278,0.00011304,12:56:19..452,,,,
12:56:19..501,19.96712289,-0.001182,-0.0001563,0.0006432,0.00039828,0.00019123,0.00110598,0.00008418,-0.00029325,0.00011323,12:56:19..500,,,,
12:56:19..535,19.93092246,-0.001126,-0.00015718,0.0006427,0.00039759,0.00019119,0.00110566,0.00008372,-0.00029291,0.00011291,12:56:19..542,,,,
12:56:19..654,19.87920756,-0.001126,-0.00015719,0.00064298,0.00039779,0.00019069,0.00110523,0.00008288,-0.00029318,0.00011261,12:56:19..652,,,,
12:56:19..687,19.93609395,-0.000928,-0.00015692,0.00064275,0.00039779,0.00019099,0.00110574,0.00008419,-0.00029281,0.00011265,12:56:19..696,,,,
12:56:19..782,19.81714968,-0.000928,-0.00015705,0.00064283,0.00039775,0.00019072,0.00110536,0.00008247,-0.00029274,0.00011304,12:56:19..779,,,,
12:56:19..812,19.93609395,-0.00085,-0.00015719,0.00064235,0.00039813,0.0001914,0.00110527,0.00008369,-0.00029302,0.00011275,12:56:19..821,,,,
12:56:19..925,19.86369309,-0.00085,-0.00015732,0.00064221,0.00039735,0.00019094,0.00110495,0.00008236,-0.0002931,0.0001129,12:56:19..923,,,,
12:56:19..958,19.87920756,-0.000805,-0.00015727,0.0006424,0.00039773,0.00019099,0.00110467,0.00008226,-0.00029297,0.00011292,12:56:19..967,,,,
12:56:20..067,19.8585216,-0.000805,-0.00015684,0.00064238,0.00039823,0.00019134,0.00110489,0.00008405,-0.00029285,0.00011286,12:56:20..065,,,,
12:56:20..099,19.74992031,-0.000715,-0.00015752,0.00064196,0.00039775,0.00019114,0.00110507,0.00008215,-0.00029295,0.00011277,12:56:20..108,,,,
12:56:20..165,19.82749266,-0.000715,-0.00015781,0.0006418,0.00039772,0.00019137,0.00110505,0.00008348,-0.00029319,0.00011221,12:56:20..163,,,,
12:56:20..205,19.76543478,-0.000715,-0.00015756,0.00064244,0.00039827,0.00019057,0.00110514,0.00008254,-0.000293,0.00011301,12:56:20..163,,,,
12:56:20..239,19.69303392,-0.000673,-0.00015777,0.00064188,0.00039766,0.00019123,0.00110462,0.00008275,-0.0002927,0.00011276,12:56:20..208,,,,
12:56:20..314,19.69820541,-0.000673,-0.00015755,0.0006423,0.00039797,0.000191,0.00110492,0.0000832,-0.00029257,0.00011286,12:56:20..363,,,,
12:56:20..401,19.71371988,-0.000673,-0.00015719,0.00064158,0.0003977,0.00019119,0.00110492,0.00008272,-0.00029304,0.00011293,12:56:20..363,,,,
12:56:20..434,19.69303392,-0.000931,-0.00015776,0.00064163,0.00039823,0.00019134,0.00110512,0.00008192,-0.00029275,0.00011272,12:56:20..450,,,,
12:56:20..566,19.73440584,-0.000931,-0.00015748,0.00064134,0.00039812,0.00019107,0.00110477,0.0000831,-0.00029303,0.00011262,12:56:20..564,,,,
12:56:20..601,19.61029008,-0.001251,-0.00015778,0.0006413,0.00039804,0.00019132,0.00110498,0.00008252,-0.00029312,0.00011281,12:56:20..607,,,,
12:56:20..711,19.63614753,-0.001251,-0.00015785,0.00064151,0.00039757,0.00019102,0.00110485,0.00008211,-0.00029334,0.00011272,12:56:20..710,,,,
12:56:20..745,19.4965173,-0.001459,-0.00015804,0.00064107,0.00039812,0.00019112,0.00110477,0.00008152,-0.00029287,0.00011323,12:56:20..752,,,,
12:56:20..864,19.60511859,-0.001459,-0.000158,0.00064108,0.00039802,0.00019106,0.00110484,0.00008282,-0.00029274,0.00011279,12:56:20..862,,,,
12:56:20..897,19.49134581,-0.001422,-0.00015797,0.00064064,0.00039765,0.00019105,0.00110462,0.00008233,-0.00029307,0.00011217,12:56:20..906,,,,
12:56:20..952,19.53271773,-0.001374,-0.00015829,0.00064104,0.00039809,0.00019081,0.0011044,0.00008095,-0.00029329,0.00011282,12:56:21..001,,,,
12:56:21..042,19.52754624,-0.001374,-0.00015802,0.00064091,0.00039823,0.0001912,0.00110483,0.00008265,-0.00029277,0.00011277,12:56:21..001,,,,
12:56:21..075,19.40343048,-0.001317,-0.00015809,0.00064054,0.00039803,0.00019079,0.00110472,0.00008172,-0.00029321,0.00011258,12:56:21..044,,,,
12:56:21..110,19.49134581,-0.00125,-0.00015852,0.00064143,0.00039799,0.00019119,0.00110464,0.00008086,-0.00029224,0.00011288,12:56:21..169,,,,
12:56:21..225,19.54306071,-0.00125,-0.00015844,0.00064059,0.00039821,0.00019117,0.00110471,0.00008248,-0.00029303,0.00011276,12:56:21..169,,,,
12:56:21..257,19.38274452,-0.001307,-0.00015859,0.00064054,0.00039783,0.00019075,0.00110393,0.00008091,-0.00029244,0.00011284,12:56:21..268,,,,
12:56:21..366,19.45514538,-0.001307,-0.00015865,0.00064059,0.00039821,0.00019096,0.00110459,0.0000824,-0.00029266,0.00011262,12:56:21..364,,,,
12:56:21..398,19.33620111,-0.001171,-0.00015875,0.00064058,0.00039811,0.00019084,0.00110403,0.00008135,-0.00029233,0.00011246,12:56:21..408,,,,
12:56:21..525,19.40343048,-0.001171,-0.00015908,0.00064058,0.00039791,0.00019104,0.00110455,0.00008209,-0.00029297,0.00011264,12:56:21..522,,,,
12:56:21..557,19.33102962,-0.001323,-0.00015919,0.00063986,0.00039812,0.00019078,0.00110383,0.00008152,-0.00029283,0.00011263,12:56:21..564,,,,
12:56:21..682,19.35688707,-0.001323,-0.0001588,0.00064047,0.00039818,0.00019134,0.00110407,0.0000807,-0.00029257,0.00011313,12:56:21..681,,,,
12:56:21..715,19.24828578,-0.001431,-0.000159,0.00064043,0.00039789,0.00019117,0.00110436,0.00008035,-0.0002924,0.0001124,12:56:21..681,,,,
12:56:21..791,19.31551515,-0.001431,-0.00015921,0.00063931,0.00039793,0.00019086,0.00110428,0.00008176,-0.00029314,0.00011262,12:56:21..806,,,,
12:56:21..824,19.20174237,-0.001431,-0.00015889,0.00063938,0.0003978,0.00019115,0.00110418,0.0000816,-0.00029318,0.00011231,12:56:21..806,,,,
12:56:21..859,19.17588492,-0.001416,-0.00015922,0.00063966,0.00039794,0.00019118,0.00110415,0.00008053,-0.00029215,0.00011259,12:56:21..849,,,,
12:56:21..900,19.21208535,-0.00141,-0.00015925,0.00064011,0.00039789,0.00019153,0.00110413,0.00008102,-0.0002929,0.00011312,12:56:21..943,,,,
12:56:21..966,19.27931472,-0.00141,-0.00015927,0.00064034,0.00039806,0.00019115,0.00110392,0.00008059,-0.00029266,0.00011272,12:56:21..943,,,,
12:56:21..997,19.15002747,-0.001295,-0.00015913,0.00063959,0.00039803,0.00019113,0.0011038,0.00008102,-0.00029312,0.0001127,12:56:22..032,,,,
12:56:22..133,19.1862279,-0.001295,-0.00015947,0.00063993,0.00039802,0.00019111,0.00110339,0.00007997,-0.00029274,0.00011228,12:56:22..132,,,,
12:56:22..165,19.11382704,-0.001125,-0.00015957,0.0006398,0.00039826,0.00019107,0.00110387,0.00007995,-0.00029216,0.0001129,12:56:22..132,,,,
12:56:22..241,19.09831257,-0.000997,-0.00015954,0.00063885,0.00039801,0.00019125,0.0011038,0.0000813,-0.00029243,0.00011318,12:56:22..282,,,,
12:56:22..341,19.15519896,-0.000997,-0.00015943,0.00063973,0.00039792,0.00019115,0.00110423,0.00007959,-0.00029223,0.00011308,12:56:22..341,,,,
12:56:22..375,19.11382704,-0.000898,-0.00016,0.00063966,0.00039786,0.00019071,0.0011038,0.00007981,-0.00029244,0.00011287,12:56:22..386,,,,
12:56:22..495,19.21725684,-0.000898,-0.00015965,0.000639,0.00039773,0.00019069,0.00110349,0.00008112,-0.00029267,0.00011238,12:56:22..493,,,,
12:56:22..528,18.98453979,-0.000988,-0.00016044,0.00063901,0.00039779,0.00019104,0.00110329,0.00007948,-0.00029244,0.00011257,12:56:22..493,,,,
12:56:22..622,19.16037045,-0.000988,-0.00015979,0.00063909,0.00039825,0.000191,0.00110391,0.00008132,-0.00029285,0.00011248,12:56:22..670,,,,
12:56:22..678,18.90179595,-0.000988,-0.00016002,0.00063911,0.00039772,0.00019092,0.00110387,0.00007971,-0.0002921,0.00011275,12:56:22..670,,,,
12:56:22..713,19.03625469,-0.001006,-0.00015995,0.00063882,0.00039828,0.00019115,0.00110374,0.00008064,-0.00029238,0.0001121,12:56:22..714,,,,
12:56:22..821,19.07762661,-0.001006,-0.00015981,0.00063908,0.00039752,0.00019078,0.00110353,0.00007949,-0.00029247,0.00011244,12:56:22..819,,,,
12:56:22..853,18.92248191,-0.000746,-0.00016082,0.00063911,0.00039739,0.0001913,0.00110313,0.00007959,-0.00029201,0.00011289,12:56:22..863,,,,
12:56:22..962,18.96902532,-0.000746,-0.00016027,0.00063899,0.0003981,0.00019153,0.00110328,0.00008115,-0.00029247,0.00011225,12:56:22..959,,,,
12:56:22..995,18.90696744,-0.000634,-0.00016014,0.00063831,0.00039842,0.00019106,0.00110297,0.00008078,-0.00029251,0.00011293,12:56:22..959,,,,
12:56:23..068,18.93282489,-0.000634,-0.00016055,0.00063932,0.00039776,0.00019076,0.00110315,0.00007929,-0.000292,0.0001131,12:56:23..114,,,,
12:56:23..123,18.9793683,-0.000634,-0.00016025,0.0006387,0.00039832,0.00019137,0.00110335,0.00008056,-0.00029229,0.00011253,12:56:23..114,,,,
12:56:23..156,18.85008105,-0.000556,-0.00016047,0.00063871,0.0003983,0.00019121,0.00110341,0.00008012,-0.00029207,0.00011264,12:56:23..157,,,,
12:56:23..244,18.83456658,-0.000556,-0.00016044,0.00063859,0.00039767,0.0001912,0.0011031,0.00007944,-0.00029211,0.00011272,12:56:23..242,,,,
12:56:23..276,18.92248191,-0.000508,-0.0001609,0.00063859,0.00039757,0.0001911,0.00110344,0.00007981,-0.00029245,0.00011266,12:56:23..285,,,,
12:56:23..392,18.89662446,-0.000508,-0.00016087,0.00063859,0.00039839,0.0001913,0.00110334,0.00008023,-0.00029173,0.00011325,12:56:23..390,,,,
12:56:23..423,18.93799638,-0.000544,-0.00016084,0.0006388,0.00039803,0.00019123,0.00110324,0.00008027,-0.00029205,0.00011257,12:56:23..433,,,,
12:56:23..544,18.83456658,-0.000544,-0.00016137,0.00063896,0.00039751,0.00019108,0.00110292,0.00007846,-0.00029222,0.00011272,12:56:23..541,,,,
12:56:23..575,18.8759385,-0.000579,-0.00016143,0.00063859,0.00039802,0.00019052,0.00110291,0.00007894,-0.00029186,0.00011306,12:56:23..585,,,,
12:56:23..688,18.82939509,-0.000579,-0.00016057,0.00063812,0.00039788,0.00019118,0.0011032,0.00007971,-0.00029223,0.00011275,12:56:23..686,,,,
12:56:23..721,18.80353764,-0.000718,-0.00016116,0.00063814,0.00039805,0.00019092,0.00110315,0.00007956,-0.00029238,0.00011287,12:56:23..729,,,,
12:56:23..829,18.81388062,-0.000718,-0.00016095,0.00063822,0.00039795,0.00019142,0.00110262,0.00007852,-0.00029187,0.00011285,12:56:23..827,,,,
12:56:23..861,18.74147976,-0.000833,-0.00016156,0.00063798,0.00039782,0.00019105,0.00110293,0.00007899,-0.00029234,0.00011297,12:56:23..870,,,,
12:56:23..987,18.75182274,-0.000833,-0.00016152,0.0006379,0.00039799,0.00019135,0.00110303,0.00007888,-0.00029227,0.0001127,12:56:23..984,,,,
12:56:24..020,18.71562231,-0.001004,-0.00016115,0.0006374,0.00039818,0.00019088,0.00110299,0.00007952,-0.00029216,0.00011277,12:56:24..028,,,,
12:56:24..079,18.69493635,-0.001147,-0.00016171,0.00063846,0.00039779,0.00019094,0.00110291,0.00007817,-0.00029203,0.00011298,12:56:24..145,,,,
12:56:24..193,18.69493635,-0.001147,-0.00016134,0.00063772,0.00039795,0.00019124,0.00110279,0.00007949,-0.00029229,0.00011238,12:56:24..192,,,,
12:56:24..227,18.65356443,-0.001168,-0.00016187,0.00063795,0.00039767,0.00019091,0.00110241,0.00007867,-0.0002919,0.000113,12:56:24..192,,,,
12:56:24..294,18.59150655,-0.001168,-0.00016168,0.0006376,0.00039827,0.00019112,0.00110316,0.00007902,-0.00029175,0.00011271,12:56:24..335,,,,
12:56:24..343,18.67425039,-0.001168,-0.0001611,0.00063798,0.00039794,0.00019119,0.00110317,0.00007867,-0.00029206,0.00011314,12:56:24..335,,,,
12:56:24..376,18.62253549,-0.001188,-0.0001619,0.0006375,0.00039776,0.00019079,0.00110228,0.00007725,-0.00029163,0.0001127,12:56:24..378,,,,
12:56:24..410,18.57082059,-0.001201,-0.00016221,0.00063736,0.00039775,0.00019132,0.00110247,0.00007785,-0.00029169,0.00011275,12:56:24..420,,,,
12:56:24..464,18.60702102,-0.001188,-0.00016203,0.00063735,0.00039744,0.00019125,0.00110296,0.00007929,-0.00029199,0.00011297,12:56:24..505,,,,
12:56:24..519,18.62253549,-0.001188,-0.00016193,0.00063746,0.00039807,0.00019114,0.00110301,0.00007815,-0.00029155,0.00011293,12:56:24..505,,,,
12:56:24..552,18.55013463,-0.001388,-0.00016223,0.00063742,0.00039826,0.00019154,0.00110271,0.00007914,-0.00029222,0.00011284,12:56:24..594,,,,
12:56:24..663,18.55530612,-0.001388,-0.00016186,0.00063725,0.00039789,0.00019106,0.00110248,0.00007855,-0.0002918,0.00011277,12:56:24..661,,,,
12:56:24..695,18.57082059,-0.001409,-0.00016208,0.00063757,0.00039772,0.00019138,0.00110247,0.00007854,-0.00029184,0.000113,12:56:24..705,,,,
12:56:24..805,18.5139342,-0.001409,-0.00016222,0.00063703,0.00039785,0.0001909,0.00110239,0.0000788,-0.00029198,0.00011294,12:56:24..803,,,,
12:56:24..836,18.5656491,-0.001383,-0.00016241,0.00063746,0.00039779,0.00019166,0.00110215,0.00007747,-0.00029171,0.0001127,12:56:24..846,,,,
12:56:24..969,18.44153334,-0.001383,-0.00016159,0.00063746,0.00039782,0.00019154,0.00110255,0.00007926,-0.00029211,0.00011265,12:56:24..967,,,,
12:56:25..002,18.45187632,-0.00126,-0.00016222,0.00063657,0.0003981,0.00019113,0.00110219,0.00007841,-0.00029237,0.00011283,12:56:25..010,,,,
12:56:25..115,18.41567589,-0.00126,-0.00016267,0.0006372,0.00039787,0.00019091,0.00110195,0.00007735,-0.00029176,0.00011312,12:56:25..114,,,,
12:56:25..148,18.52427718,-0.001145,-0.00016238,0.00063743,0.0003984,0.00019154,0.00110212,0.00007812,-0.00029144,0.00011292,12:56:25..156,,,,
12:56:25..263,18.4105044,-0.001145,-0.00016236,0.00063679,0.00039794,0.000191,0.00110215,0.00007804,-0.00029181,0.00011301,12:56:25..261,,,,
12:56:25..298,18.42084738,-0.001169,-0.00016275,0.00063673,0.00039765,0.00019125,0.00110249,0.0000773,-0.00029171,0.00011326,12:56:25..305,,,,
12:56:25..364,18.45187632,-0.001177,-0.0001629,0.00063701,0.00039796,0.00019103,0.00110256,0.00007862,-0.0002921,0.00011247,12:56:25..406,,,,
12:56:25..420,18.40016142,-0.001177,-0.00016264,0.00063715,0.00039797,0.00019147,0.00110197,0.00007744,-0.00029153,0.00011256,12:56:25..406,,,,
12:56:25..452,18.38981844,-0.001175,-0.00016245,0.00063652,0.00039814,0.00019115,0.00110227,0.00007832,-0.00029149,0.00011244,12:56:25..531,,,,
12:56:25..580,18.42084738,-0.001175,-0.00016254,0.00063689,0.00039733,0.00019127,0.00110232,0.00007703,-0.00029178,0.00011272,12:56:25..579,,,,
12:56:25..612,18.40016142,-0.001288,-0.00016291,0.00063649,0.00039814,0.00019114,0.00110202,0.00007746,-0.00029155,0.00011269,12:56:25..623,,,,
12:56:25..726,18.35361801,-0.001288,-0.00016287,0.00063668,0.00039775,0.00019113,0.00110179,0.0000774,-0.00029153,0.00011298,12:56:25..723,,,,
12:56:25..757,18.31224609,-0.001433,-0.00016284,0.0006363,0.00039778,0.00019109,0.0011018,0.00007824,-0.00029194,0.00011262,12:56:25..767,,,,
12:56:25..899,18.3587895,-0.001433,-0.00016306,0.00063695,0.00039774,0.00019156,0.00110203,0.00007712,-0.00029152,0.00011294,12:56:25..897,,,,
12:56:25..931,18.2036448,-0.001529,-0.00016315,0.00063653,0.00039792,0.0001908,0.00110167,0.00007658,-0.00029152,0.00011293,12:56:25..940,,,,
12:56:26..051,18.35361801,-0.001529,-0.00016331,0.00063643,0.00039794,0.00019163,0.00110187,0.00007798,-0.00029178,0.00011288,12:56:26..049,,,,
12:56:26..083,18.21915927,-0.001575,-0.00016313,0.00063656,0.00039811,0.00019111,0.00110204,0.00007742,-0.00029155,0.00011306,12:56:26..092,,,,
12:56:26..204,18.22433076,-0.001575,-0.00016284,0.00063618,0.00039784,0.00019099,0.00110175,0.00007755,-0.00029186,0.00011295,12:56:26..202,,,,
12:56:26..236,18.19330182,-0.001766,-0.00016365,0.00063649,0.0003974,0.00019082,0.00110125,0.00007624,-0.00029184,0.00011252,12:56:26..245,,,,
12:56:26..322,18.19847331,-0.001766,-0.00016322,0.00063628,0.00039815,0.00019134,0.00110197,0.00007759,-0.00029194,0.00011235,12:56:26..365,,,,
12:56:26..374,18.2036448,-0.001766,-0.00016389,0.00063653,0.00039822,0.00019131,0.00110164,0.00007628,-0.00029126,0.00011268,12:56:26..365,,,,
12:56:26..407,18.16744437,-0.001595,-0.00016339,0.00063581,0.00039765,0.00019114,0.00110193,0.00007702,-0.00029214,0.0001126,12:56:26..453,,,,
12:56:26..536,18.19847331,-0.001595,-0.00016321,0.00063621,0.00039787,0.00019095,0.00110127,0.00007683,-0.00029141,0.00011289,12:56:26..534,,,,
12:56:26..568,18.100215,-0.001436,-0.00016413,0.00063586,0.00039814,0.00019099,0.00110155,0.00007679,-0.00029167,0.00011274,12:56:26..534,,,,
12:56:26..634,18.14675841,-0.001436,-0.00016362,0.00063584,0.00039817,0.00019103,0.00110143,0.00007711,-0.00029162,0.00011238,12:56:26..676,,,,
12:56:26..686,18.1519299,-0.001436,-0.00016402,0.00063602,0.0003981,0.00019104,0.00110123,0.0000757,-0.00029156,0.00011257,12:56:26..676,,,,
12:56:26..718,18.08470053,-0.001197,-0.00016381,0.00063608,0.0003979,0.00019106,0.00110121,0.00007614,-0.00029165,0.00011292,12:56:26..762,,,,
12:56:26..831,18.07952904,-0.001197,-0.00016388,0.00063581,0.00039833,0.00019099,0.00110158,0.0000772,-0.0002917,0.00011213,12:56:26..830,,,,
12:56:26..863,18.14158692,-0.001078,-0.00016369,0.00063574,0.00039865,0.00019119,0.00110143,0.00007711,-0.00029169,0.00011213,12:56:26..830,,,,
12:56:26..942,18.11055798,-0.001078,-0.00016363,0.00063611,0.00039877,0.00019117,0.00110158,0.00007582,-0.00029149,0.0001131,12:56:26..994,,,,
12:56:27..015,18.100215,-0.001078,-0.00016386,0.00063559,0.0003978,0.00019119,0.00110117,0.0000768,-0.00029166,0.00011211,12:56:26..994,,,,
12:56:27..049,18.06918606,-0.001029,-0.00016369,0.00063513,0.00039845,0.00019131,0.00110172,0.00007704,-0.00029161,0.00011278,12:56:27..080,,,,
12:56:27..187,18.04332861,-0.001029,-0.00016351,0.00063609,0.0003979,0.00019118,0.00110139,0.00007546,-0.00029107,0.0001126,12:56:27..185,,,,
12:56:27..218,17.98127073,-0.001141,-0.00016429,0.00063562,0.00039848,0.00019101,0.00110093,0.00007614,-0.0002916,0.00011272,12:56:27..229,,,,
12:56:27..335,18.00195669,-0.001141,-0.00016392,0.00063541,0.00039811,0.00019089,0.00110137,0.00007668,-0.00029176,0.00011261,12:56:27..333,,,,
12:56:27..368,17.9967852,-0.001139,-0.00016464,0.00063578,0.00039846,0.000191,0.00110109,0.00007633,-0.00029198,0.00011281,12:56:27..333,,,,
12:56:27..435,17.95024179,-0.001139,-0.00016435,0.00063539,0.00039841,0.00019138,0.00110108,0.00007642,-0.00029138,0.00011253,12:56:27..476,,,,
12:56:27..497,18.00712818,-0.001139,-0.00016417,0.00063573,0.00039825,0.00019114,0.00110085,0.00007623,-0.00029123,0.00011256,12:56:27..476,,,,
12:56:27..529,18.00712818,-0.001256,-0.0001644,0.0006353,0.00039814,0.00019086,0.00110143,0.00007667,-0.00029208,0.00011243,12:56:27..565,,,,
12:56:27..662,17.91921285,-0.001256,-0.00016401,0.00063585,0.00039765,0.00019105,0.0011008,0.00007519,-0.00029117,0.00011304,12:56:27..661,,,,
12:56:27..695,18.00195669,-0.001288,-0.00016465,0.00063565,0.00039872,0.0001913,0.00110115,0.00007563,-0.0002911,0.00011251,12:56:27..661,,,,
12:56:27..769,17.93472732,-0.001288,-0.00016419,0.00063571,0.0003986,0.00019162,0.00110107,0.00007638,-0.0002919,0.00011229,12:56:27..815,,,,
12:56:27..826,17.85715497,-0.001288,-0.00016436,0.00063541,0.00039793,0.00019114,0.00110083,0.00007517,-0.00029146,0.00011281,12:56:27..815,,,,
12:56:27..861,17.96058477,-0.001208,-0.00016461,0.00063472,0.0003982,0.00019111,0.00110069,0.00007604,-0.00029156,0.00011264,12:56:27..947,,,,
12:56:28..006,17.95024179,-0.001208,-0.00016523,0.00063534,0.00039813,0.00019037,0.00110075,0.00007502,-0.00029155,0.00011228,12:56:27..947,,,,
12:56:28..039,17.8933554,-0.00113,-0.00016526,0.00063523,0.00039818,0.00019073,0.00110033,0.00007506,-0.00029152,0.00011234,12:56:28..007,,,,
12:56:28..108,17.87266944,-0.00113,-0.00016442,0.00063448,0.00039825,0.00019084,0.00110035,0.00007599,-0.00029194,0.00011284,12:56:28..148,,,,
12:56:28..171,17.8933554,-0.00113,-0.00016477,0.00063484,0.00039813,0.00019072,0.00110069,0.00007499,-0.0002916,0.00011266,12:56:28..148,,,,
12:56:28..204,17.84681199,-0.001191,-0.00016435,0.00063484,0.0003979,0.00019159,0.00110046,0.00007616,-0.00029106,0.00011211,12:56:28..238,,,,
12:56:28..344,17.80026858,-0.001191,-0.0001649,0.00063485,0.0003979,0.00019117,0.00110055,0.00007487,-0.0002917,0.00011217,12:56:28..342,,,,
12:56:28..377,17.77958262,-0.001264,-0.00016451,0.00063473,0.00039838,0.0001909,0.00110038,0.00007597,-0.0002915,0.00011267,12:56:28..342,,,,
12:56:28..457,17.86749795,-0.001318,-0.00016506,0.00063445,0.00039831,0.00019055,0.0011005,0.00007462,-0.00029158,0.00011237,12:56:28..496,,,,
12:56:28..554,17.80026858,-0.001318,-0.00016492,0.00063467,0.00039826,0.00019102,0.00110054,0.00007602,-0.00029178,0.00011238,12:56:28..553,,,,
12:56:28..586,17.75889666,-0.001328,-0.00016532,0.00063456,0.00039817,0.00019079,0.00110009,0.00007451,-0.00029147,0.00011234,12:56:28..597,,,,
12:56:28..687,17.82612603,-0.001263,-0.00016515,0.00063431,0.00039855,0.00019091,0.00110035,0.00007542,-0.00029157,0.00011244,12:56:28..688,,,,
12:56:28..755,17.73303921,-0.001263,-0.00016504,0.00063468,0.00039784,0.00019084,0.00110004,0.00007438,-0.00029151,0.00011253,12:56:28..688,,,,
12:56:28..789,17.82095454,-0.001209,-0.00016538,0.00063404,0.00039844,0.00019046,0.00110001,0.0000747,-0.00029118,0.00011285,12:56:28..808,,,,
12:56:28..822,17.79509709,-0.001215,-0.00016548,0.00063466,0.00039862,0.00019112,0.00110052,0.0000752,-0.00029144,0.00011236,12:56:28..808,,,,
12:56:28..894,17.72786772,-0.001215,-0.00016547,0.00063517,0.00039844,0.0001905,0.00110027,0.00007398,-0.00029099,0.0001123,12:56:28..853,,,,
12:56:28..928,17.75372517,-0.001241,-0.00016508,0.00063417,0.00039858,0.00019075,0.00110019,0.0000753,-0.00029131,0.00011238,12:56:28..941,,,,
12:56:29..007,17.81061156,-0.001241,-0.0001657,0.00063466,0.00039821,0.00019059,0.00110035,0.00007382,-0.0002915,0.00011275,12:56:29..063,,,,
12:56:29..072,17.63995239,-0.001241,-0.00016506,0.00063418,0.00039807,0.00019066,0.00110035,0.00007529,-0.00029209,0.00011236,12:56:29..063,,,,
12:56:29..105,17.76923964,-0.001182,-0.00016586,0.00063429,0.00039797,0.00019032,0.00110017,0.00007448,-0.0002916,0.00011211,12:56:29..106,,,,
12:56:29..167,17.74855368,-0.001182,-0.00016564,0.00063407,0.00039787,0.00019093,0.0011003,0.00007418,-0.00029183,0.0001123,12:56:29..166,,,,
12:56:29..199,17.56755153,-0.001208,-0.00016558,0.00063403,0.0003982,0.00019036,0.0011004,0.00007414,-0.00029182,0.0001127,12:56:29..209,,,,
12:56:29..269,17.71235325,-0.001208,-0.00016559,0.00063428,0.00039828,0.00019093,0.00110046,0.00007471,-0.00029172,0.00011225,12:56:29..268,,,,
12:56:29..302,17.71235325,-0.001171,-0.00016538,0.00063449,0.00039878,0.00019101,0.00110018,0.00007537,-0.00029145,0.00011257,12:56:29..310,,,,
12:56:29..335,17.62443792,-0.001126,-0.0001657,0.00063426,0.00039868,0.00019112,0.00109998,0.00007406,-0.00029147,0.00011254,12:56:29..352,,,,
12:56:29..414,17.53652259,-0.001126,-0.00016505,0.00063386,0.00039811,0.00019062,0.00110034,0.0000751,-0.00029167,0.00011246,12:56:29..432,,,,
12:56:29..471,17.7899256,-0.001126,-0.00016567,0.0006341,0.00039779,0.00019007,0.00110036,0.00007405,-0.00029169,0.00011264,12:56:29..432,,,,
12:56:29..505,17.52617961,-0.001095,-0.00016566,0.00063385,0.00039824,0.00019101,0.00110001,0.00007399,-0.00029166,0.00011264,12:56:29..476,,,,
12:56:29..540,17.45895024,-0.001133,-0.00016614,0.00063382,0.00039826,0.00019027,0.00109967,0.0000733,-0.0002915,0.00011237,12:56:29..522,,,,
12:56:29..594,17.56238004,-0.001133,-0.00016563,0.00063314,0.00039813,0.00019043,0.00109988,0.00007465,-0.0002917,0.00011209,12:56:29..591,,,,
12:56:29..626,17.79509709,-0.001303,-0.00016592,0.0006339,0.00039844,0.00019105,0.00110004,0.00007505,-0.00029175,0.00011161,12:56:29..633,,,,
12:56:29..719,17.62960941,-0.001303,-0.00016621,0.00063385,0.00039799,0.00019066,0.00110015,0.00007316,-0.00029113,0.00011189,12:56:29..791,,,,
12:56:29..803,17.55203706,-0.001303,-0.00016587,0.00063342,0.00039827,0.00019049,0.00109985,0.00007513,-0.0002918,0.00011191,12:56:29..791,,,,
12:56:29..835,17.65029537,-0.001475,-0.00016541,0.0006337,0.00039817,0.00019093,0.00109968,0.00007467,-0.00029124,0.00011231,12:56:29..876,,,,
12:56:29..912,17.46412173,-0.001498,-0.000166,0.00063382,0.00039817,0.00019087,0.00109969,0.00007355,-0.00029135,0.00011224,12:56:29..986,,,,
12:56:29..999,17.59340898,-0.001498,-0.00016577,0.00063413,0.00039805,0.00019046,0.0010998,0.00007516,-0.00029126,0.00011266,12:56:29..986,,,,
