Time,Pressure,Flow Rate (ml/s),Force 1,Force 2,Force 3,Force 4,Force 5,Force 6,Force 7,Force 8,Flow Meter Time,,,, 
13:04:09..736,5.90067009,-0.006675,-0.00020439,0.00060122,0.00040385,0.00019496,0.00108665,0.00004145,-0.00029465,0.0001064,13:04:09..800,,,,
13:04:09..811,5.97824244,-0.006628,-0.00020436,0.00060094,0.00040389,0.00019497,0.00108641,0.00004112,-0.00029502,0.00010641,13:04:09..846,,,,
13:04:09..851,5.84895519,-0.006628,-0.00020405,0.00060071,0.00040407,0.00019485,0.00108615,0.00004188,-0.00029481,0.00010649,13:04:09..846,,,,
13:04:09..885,5.86446966,-0.006552,-0.0002039,0.00060112,0.00040402,0.00019486,0.00108671,0.00004166,-0.00029472,0.00010664,13:04:09..890,,,,
13:04:09..919,5.9472135,-0.006515,-0.00020395,0.00060142,0.00040386,0.0001951,0.00108636,0.00004158,-0.00029519,0.00010658,13:04:09..933,,,,
13:04:09..978,5.9472135,-0.006314,-0.00020449,0.00060128,0.00040421,0.00019521,0.00108637,0.00004098,-0.00029482,0.00010622,13:04:09..978,,,,
13:04:10..062,5.8954986,-0.006314,-0.0002041,0.00060129,0.00040379,0.00019503,0.00108608,0.00004183,-0.00029528,0.00010636,13:04:10..062,,,,
13:04:10..094,5.87998413,-0.006314,-0.00020473,0.00060078,0.00040398,0.0001952,0.00108611,0.00004019,-0.00029523,0.00010621,13:04:10..062,,,,
13:04:10..128,5.98341393,-0.006095,-0.00020429,0.00060125,0.00040378,0.00019485,0.00108621,0.00004051,-0.00029509,0.00010603,13:04:10..189,,,,
13:04:10..252,5.90584158,-0.006095,-0.00020427,0.00060086,0.00040382,0.00019491,0.00108629,0.00004206,-0.00029513,0.00010644,13:04:10..250,,,,
13:04:10..284,5.96272797,-0.006102,-0.00020443,0.00060093,0.00040379,0.00019498,0.00108605,0.00004149,-0.00029487,0.00010604,13:04:10..295,,,,
13:04:10..334,5.90067009,-0.006111,-0.0002048,0.00060096,0.00040354,0.00019448,0.00108632,0.00004122,-0.00029531,0.00010611,13:04:10..340,,,,
13:04:10..365,5.84895519,-0.006059,-0.00020437,0.00060096,0.00040394,0.00019476,0.0010864,0.00004219,-0.00029484,0.00010623,13:04:10..382,,,,
13:04:10..495,5.92135605,-0.006031,-0.00020472,0.00060139,0.00040394,0.00019489,0.00108638,0.0000403,-0.00029478,0.00010668,13:04:10..507,,,,
13:04:10..555,5.83861221,-0.006031,-0.00020405,0.00060094,0.00040411,0.00019494,0.00108655,0.0000422,-0.00029479,0.00010659,13:04:10..555,,,,
13:04:10..589,5.88515562,-0.005964,-0.00020455,0.00060056,0.00040424,0.00019487,0.00108652,0.00004202,-0.00029487,0.00010621,13:04:10..597,,,,
13:04:10..704,5.97824244,-0.005964,-0.0002049,0.00060112,0.00040346,0.00019439,0.00108601,0.00004026,-0.00029503,0.00010645,13:04:10..702,,,,
13:04:10..735,5.84895519,-0.005772,-0.00020439,0.00060123,0.00040391,0.00019537,0.00108645,0.00004112,-0.00029481,0.00010678,13:04:10..746,,,,
13:04:10..796,5.92135605,-0.005772,-0.00020453,0.00060083,0.00040384,0.00019487,0.00108637,0.00004184,-0.00029524,0.00010622,13:04:10..854,,,,
13:04:10..868,5.93687052,-0.005772,-0.00020472,0.00060106,0.0004038,0.00019487,0.00108602,0.00004107,-0.00029501,0.00010618,13:04:10..854,,,,
13:04:10..902,5.81275476,-0.005621,-0.00020454,0.00060067,0.00040455,0.00019465,0.00108648,0.00004181,-0.00029509,0.00010608,13:04:10..955,,,,
13:04:11..054,5.88515562,-0.005621,-0.00020469,0.00060087,0.00040379,0.00019479,0.00108635,0.00004026,-0.00029498,0.00010687,13:04:11..053,,,,
13:04:11..087,5.81275476,-0.005748,-0.00020459,0.00060083,0.00040387,0.00019441,0.00108607,0.00004045,-0.00029479,0.00010622,13:04:11..096,,,,
13:04:11..153,5.89032711,-0.005748,-0.00020453,0.00060127,0.00040365,0.00019449,0.00108633,0.00004159,-0.00029501,0.00010635,13:04:11..192,,,,
13:04:11..202,5.91618456,-0.005748,-0.00020462,0.00060089,0.00040367,0.00019447,0.00108618,0.00004085,-0.00029513,0.00010639,13:04:11..192,,,,
13:04:11..235,5.8437837,-0.005774,-0.00020451,0.00060091,0.00040393,0.00019497,0.0010864,0.00004135,-0.00029497,0.00010605,13:04:11..234,,,,
13:04:11..269,5.86446966,-0.005814,-0.0002045,0.00060058,0.00040378,0.00019477,0.00108618,0.00004188,-0.0002949,0.000106,13:04:11..282,,,,
13:04:11..327,5.87481264,-0.00583,-0.00020454,0.00060108,0.00040375,0.00019484,0.00108628,0.00004016,-0.00029481,0.00010617,13:04:11..404,,,,
13:04:11..420,5.87481264,-0.00583,-0.00020446,0.00060056,0.00040372,0.00019486,0.00108638,0.00004195,-0.00029532,0.00010604,13:04:11..404,,,,
13:04:11..454,5.92652754,-0.005821,-0.00020496,0.00060035,0.00040407,0.00019488,0.00108639,0.0000405,-0.00029463,0.00010637,13:04:11..506,,,,
13:04:11..564,5.92135605,-0.005821,-0.00020416,0.00060107,0.00040397,0.00019487,0.00108644,0.00004118,-0.0002945,0.00010622,13:04:11..577,,,,
13:04:11..596,5.90067009,-0.005744,-0.00020451,0.00060095,0.0004043,0.00019473,0.00108668,0.00004159,-0.00029486,0.00010637,13:04:11..620,,,,
13:04:11..643,5.92135605,-0.005702,-0.00020517,0.00060122,0.00040362,0.00019473,0.00108616,0.00004094,-0.0002948,0.0001063,13:04:11..697,,,,
13:04:11..717,5.9472135,-0.005702,-0.00020475,0.00060076,0.00040401,0.00019485,0.00108642,0.00004146,-0.00029447,0.00010662,13:04:11..697,,,,
13:04:11..751,5.86446966,-0.00581,-0.00020484,0.00060106,0.0004037,0.00019499,0.00108657,0.00004179,-0.00029529,0.0001059,13:04:11..810,,,,
13:04:11..876,5.91618456,-0.00581,-0.00020442,0.0006011,0.00040418,0.00019483,0.00108629,0.0000409,-0.00029461,0.00010683,13:04:11..875,,,,
13:04:11..907,5.79724029,-0.005709,-0.00020448,0.00060104,0.00040372,0.00019468,0.00108685,0.00004098,-0.00029488,0.00010637,13:04:11..918,,,,
13:04:12..054,5.86964115,-0.005709,-0.0002048,0.00060092,0.00040361,0.00019508,0.00108628,0.00004185,-0.00029513,0.00010611,13:04:12..052,,,,
13:04:12..086,5.82826923,-0.005526,-0.0002048,0.000601,0.00040394,0.00019495,0.0010864,0.00004084,-0.00029513,0.00010631,13:04:12..096,,,,
13:04:12..216,5.83861221,-0.005526,-0.0002046,0.00060096,0.0004042,0.00019524,0.00108652,0.00004185,-0.0002949,0.00010633,13:04:12..214,,,,
13:04:12..248,5.77138284,-0.00537,-0.00020458,0.00060135,0.00040396,0.00019443,0.00108603,0.00004095,-0.00029491,0.00010664,13:04:12..259,,,,
13:04:12..387,5.87998413,-0.00537,-0.00020461,0.00060095,0.00040367,0.00019461,0.00108592,0.00004127,-0.00029498,0.00010605,13:04:12..385,,,,
13:04:12..421,5.9989284,-0.005174,-0.00020513,0.00060086,0.00040393,0.00019461,0.00108632,0.00004051,-0.00029497,0.00010624,13:04:12..428,,,,
13:04:12..541,12.68566497,-0.005174,-0.00020493,0.00060065,0.00040352,0.00019475,0.00108674,0.00004197,-0.00029532,0.00010619,13:04:12..540,,,,
13:04:12..573,17.68132431,-0.001053,-0.00020148,0.00060213,0.00040343,0.00019414,0.00108648,0.00004077,-0.00029521,0.00010775,13:04:12..540,,,,
13:04:12..690,18.00712818,-0.001053,-0.00020124,0.0006012,0.00040319,0.00019411,0.00108671,0.00004182,-0.00029557,0.00010747,13:04:12..746,,,,
13:04:12..764,16.95731571,-0.001053,-0.00020144,0.00060173,0.0004035,0.00019387,0.00108623,0.00004139,-0.00029536,0.00010768,13:04:12..746,,,,
13:04:12..798,19.88955054,0.033761,-0.00018169,0.00060709,0.00039835,0.0001962,0.00109527,0.00005296,-0.00030032,0.00011214,13:04:12..832,,,,
13:04:13..000,19.43445942,0.033761,-0.00018203,0.00060713,0.00039851,0.00019671,0.00109531,0.00005193,-0.00030045,0.00011223,13:04:13..041,,,,
13:04:13..048,26.61248754,0.033761,-0.00018102,0.0006073,0.00039827,0.00019631,0.00109544,0.00005399,-0.00030009,0.0001123,13:04:13..041,,,,
13:04:13..081,29.48783598,0.091526,-0.0001525,0.00063792,0.00038023,0.00018778,0.00110987,0.00008307,-0.00031079,0.00010575,13:04:13..041,,,,
13:04:13..238,30.92033871,0.146737,-0.00015194,0.00063872,0.0003805,0.00018806,0.00111027,0.0000831,-0.00031106,0.00010584,13:04:13..313,,,,
13:04:13..445,41.9924988,0.146737,-0.00015246,0.00063839,0.00038016,0.00018804,0.00111017,0.00008327,-0.00031079,0.00010584,13:04:13..447,,,,
13:04:13..478,58.33957869,0.17224,-0.00014656,0.00065083,0.00037189,0.00018326,0.00111563,0.00009765,-0.00031666,0.00009769,13:04:13..492,,,,
13:04:13..587,60.88912326,0.17224,-0.00014678,0.00065157,0.00037127,0.00018386,0.00111539,0.00009708,-0.0003167,0.00009771,13:04:13..617,,,,
13:04:13..631,69.84097245,0.17224,-0.00014654,0.00065087,0.00037124,0.00018332,0.00111575,0.00009779,-0.00031678,0.00009729,13:04:13..617,,,,
13:04:13..664,72.84043665,0.196165,-0.00012084,0.0007129,0.00034379,0.00017223,0.00114438,0.00015685,-0.00033339,0.00007582,13:04:13..707,,,,
13:04:13..871,75.05383437,0.196165,-0.00012031,0.00071318,0.00034384,0.00017215,0.00114403,0.00015736,-0.00033388,0.00007551,13:04:13..707,,,,
13:04:13..904,85.27269861,0.198053,-0.00010384,0.00075052,0.00030879,0.0001549,0.00117533,0.00022366,-0.00035394,0.00004851,13:04:13..872,,,,
13:04:14..027,86.30699661,0.198053,-0.00010431,0.00075083,0.00030828,0.00015465,0.00117466,0.00022212,-0.00035452,0.00004888,13:04:14..094,,,,
13:04:14..132,88.39627857,0.198053,-0.00010364,0.00075051,0.00030791,0.00015463,0.00117499,0.00022338,-0.00035429,0.00004825,13:04:14..094,,,,
13:04:14..164,88.54108029,0.182038,-0.00009373,0.00077357,0.00028984,0.00014582,0.00119183,0.00025839,-0.00036224,0.00003502,13:04:14..181,,,,
13:04:14..288,88.1221896,0.182038,-0.00009388,0.00077422,0.00028948,0.00014559,0.0011913,0.00025662,-0.00036207,0.00003437,13:04:14..360,,,,
13:04:14..371,87.01549074,0.182038,-0.00009379,0.00077409,0.00028988,0.00014568,0.00119193,0.00025835,-0.000362,0.00003447,13:04:14..360,,,,
13:04:14..405,85.5881595,0.147535,-0.00009197,0.00077825,0.00028561,0.00014486,0.00119453,0.00026255,-0.00036132,0.00003129,13:04:14..483,,,,
13:04:14..547,85.12789689,0.147535,-0.00009179,0.00077918,0.00028577,0.00014523,0.00119472,0.0002616,-0.00036138,0.00003159,13:04:14..483,,,,
13:04:14..580,82.88347023,0.135272,-0.00009542,0.00077113,0.00029003,0.00014816,0.00119028,0.00025038,-0.00035679,0.00003637,13:04:14..596,,,,
13:04:14..711,82.31460633,0.135272,-0.00009532,0.00077118,0.00029012,0.00014849,0.00119048,0.00025142,-0.00035709,0.00003625,13:04:14..710,,,,
13:04:14..744,81.11482065,0.112439,-0.00009712,0.00076751,0.00029209,0.00015004,0.00118859,0.00024455,-0.00035443,0.00003878,13:04:14..753,,,,
13:04:14..800,80.86658913,0.112439,-0.00009751,0.00076679,0.00029224,0.00015026,0.00118844,0.0002453,-0.00035476,0.00003977,13:04:14..870,,,,
13:04:14..878,80.38046907,0.112439,-0.0000972,0.00076721,0.00029198,0.00015047,0.0011882,0.00024447,-0.00035482,0.00003923,13:04:14..870,,,,
13:04:14..912,80.44252695,0.098027,-0.00009717,0.00076593,0.00029248,0.0001509,0.00118876,0.00024429,-0.00035376,0.00003939,13:04:14..913,,,,
13:04:15..047,80.42184099,0.098027,-0.00009731,0.00076608,0.00029247,0.00015063,0.00118815,0.00024362,-0.00035382,0.00003977,13:04:15..045,,,,
13:04:15..079,80.71144443,0.086504,-0.00009708,0.00076738,0.00029164,0.00015113,0.00118924,0.00024521,-0.00035435,0.00003918,13:04:15..089,,,,
13:04:15..239,80.85624615,0.086504,-0.0000971,0.00076784,0.00029133,0.00015043,0.00118938,0.00024596,-0.0003541,0.00003927,13:04:15..236,,,,
13:04:15..271,81.42511005,0.075167,-0.00009563,0.00077077,0.00029023,0.00015058,0.00119099,0.0002487,-0.0003547,0.00003877,13:04:15..280,,,,
13:04:15..412,81.62162667,0.075167,-0.00009572,0.00077079,0.00029006,0.00015045,0.00119099,0.00024866,-0.00035464,0.00003875,13:04:15..410,,,,
13:04:15..444,82.10774673,0.067646,-0.00009538,0.00077254,0.00028881,0.00015048,0.00119254,0.00025066,-0.00035496,0.00003747,13:04:15..453,,,,
13:04:15..558,82.226691,0.067646,-0.00009505,0.00077204,0.00028882,0.00014996,0.0011921,0.00025155,-0.00035549,0.00003748,13:04:15..556,,,,
13:04:15..589,82.226691,0.063678,-0.00009478,0.00077426,0.00028853,0.00015012,0.00119275,0.00025171,-0.00035446,0.00003735,13:04:15..600,,,,
13:04:15..648,82.36632123,0.063678,-0.00009433,0.00077372,0.00028827,0.00015037,0.00119326,0.00025268,-0.00035495,0.00003734,13:04:15..707,,,,
13:04:15..716,82.35597825,0.063678,-0.00009487,0.00077421,0.00028827,0.00014985,0.00119253,0.00025145,-0.00035517,0.00003752,13:04:15..707,,,,
13:04:15..749,82.13877567,0.060751,-0.00009453,0.00077454,0.00028796,0.00014997,0.00119369,0.00025314,-0.00035487,0.00003718,13:04:15..750,,,,
13:04:15..799,82.30943484,0.060751,-0.00009431,0.00077418,0.0002879,0.00015022,0.00119375,0.00025237,-0.00035491,0.00003746,13:04:15..879,,,,
13:04:15..887,82.11808971,0.060751,-0.0000945,0.00077422,0.00028757,0.00015024,0.00119351,0.00025273,-0.00035503,0.00003699,13:04:15..879,,,,
13:04:15..922,82.09740375,0.057651,-0.00009482,0.00077452,0.00028781,0.00015071,0.00119382,0.00025193,-0.00035456,0.00003812,13:04:16..007,,,,
13:04:16..104,82.11291822,0.057651,-0.00009397,0.0007742,0.00028779,0.0001505,0.00119413,0.00025305,-0.00035459,0.00003738,13:04:16..102,,,,
13:04:16..135,81.90605862,0.056439,-0.00009426,0.0007748,0.00028788,0.00015085,0.00119403,0.00025293,-0.00035448,0.00003795,13:04:16..147,,,,
13:04:16..279,81.73539945,0.056439,-0.00009471,0.00077528,0.00028795,0.00015114,0.00119399,0.00025182,-0.00035432,0.00003774,13:04:16..277,,,,
13:04:16..312,81.70437051,0.055444,-0.00009429,0.0007755,0.00028746,0.00015076,0.00119414,0.00025319,-0.0003538,0.00003834,13:04:16..321,,,,
13:04:16..425,81.72505647,0.055444,-0.00009473,0.00077511,0.00028741,0.00015081,0.00119433,0.00025188,-0.00035405,0.00003768,13:04:16..423,,,,
13:04:16..456,81.61645518,0.054799,-0.00009446,0.00077529,0.00028689,0.00015073,0.00119459,0.00025234,-0.00035357,0.00003764,13:04:16..468,,,,
13:04:16..555,81.66817008,0.054799,-0.00009502,0.00077529,0.00028778,0.0001509,0.0011945,0.00025224,-0.00035376,0.0000379,13:04:16..607,,,,
13:04:16..630,81.55956879,0.054799,-0.00009473,0.00077532,0.00028692,0.00015091,0.00119455,0.00025213,-0.00035384,0.00003748,13:04:16..607,,,,
13:04:16..664,81.54405432,0.053999,-0.0000944,0.00077664,0.00028742,0.00015143,0.00119456,0.00025263,-0.00035345,0.00003802,13:04:16..714,,,,
13:04:16..775,81.75091392,0.053999,-0.00009428,0.00077636,0.00028746,0.00015129,0.00119476,0.00025336,-0.00035354,0.0000377,13:04:16..773,,,,
13:04:16..808,81.68368455,0.053808,-0.00009439,0.00077681,0.00028743,0.0001514,0.00119502,0.00025333,-0.00035387,0.00003757,13:04:16..817,,,,
13:04:16..944,81.66817008,0.053808,-0.00009461,0.00077698,0.00028701,0.00015133,0.00119535,0.00025351,-0.00035386,0.00003794,13:04:16..942,,,,
13:04:16..975,81.56991177,0.053719,-0.00009449,0.00077706,0.00028658,0.00015077,0.00119482,0.00025238,-0.00035391,0.00003804,13:04:16..987,,,,
13:04:17..068,81.61128369,0.053719,-0.00009372,0.00077682,0.00028661,0.00015092,0.00119517,0.00025426,-0.00035387,0.00003783,13:04:17..137,,,,
13:04:17..176,81.53888283,0.053719,-0.00009428,0.00077677,0.0002868,0.00015111,0.00119475,0.00025303,-0.00035353,0.00003786,13:04:17..137,,,,
13:04:17..210,81.44579601,0.053779,-0.00009386,0.00077715,0.00028638,0.00015123,0.00119554,0.00025429,-0.00035373,0.00003774,13:04:17..227,,,,
13:04:17..350,81.51819687,0.053779,-0.00009397,0.00077772,0.00028653,0.0001517,0.00119527,0.00025318,-0.00035365,0.00003801,13:04:17..348,,,,
13:04:17..381,81.37856664,0.0539,-0.0000938,0.00077799,0.00028671,0.00015211,0.00119607,0.00025415,-0.00035377,0.00003787,13:04:17..390,,,,
13:04:17..507,81.46648197,0.0539,-0.00009403,0.00077815,0.00028588,0.00015142,0.00119545,0.00025347,-0.00035401,0.00003787,13:04:17..506,,,,
13:04:17..540,81.44062452,0.054209,-0.00009396,0.00077865,0.00028622,0.00015181,0.00119616,0.00025342,-0.00035345,0.00003805,13:04:17..549,,,,
13:04:17..660,81.39408111,0.054209,-0.00009386,0.00077782,0.00028559,0.00015193,0.00119636,0.00025427,-0.00035351,0.00003797,13:04:17..657,,,,
13:04:17..692,81.46131048,0.05456,-0.00009372,0.00077859,0.00028572,0.00015191,0.00119629,0.0002543,-0.00035328,0.00003783,13:04:17..700,,,,
13:04:17..765,81.48199644,0.05456,-0.00009399,0.00077828,0.00028607,0.00015171,0.0011958,0.00025339,-0.00035332,0.00003761,13:04:17..865,,,,
13:04:17..887,81.43545303,0.05456,-0.0000935,0.00077872,0.0002858,0.00015176,0.00119584,0.00025414,-0.00035379,0.00003759,13:04:17..865,,,,
13:04:17..919,81.44579601,0.055365,-0.00009383,0.00077847,0.00028537,0.00015142,0.00119647,0.0002546,-0.00035323,0.00003758,13:04:17..951,,,,
13:04:18..135,81.37856664,0.055365,-0.00009429,0.00077861,0.00028549,0.00015106,0.00119618,0.00025327,-0.00035357,0.00003813,13:04:18..134,,,,
13:04:18..169,81.30616578,0.055866,-0.00009372,0.00077873,0.00028547,0.00015139,0.00119592,0.00025392,-0.00035305,0.00003732,13:04:18..178,,,,
13:04:18..361,81.28547982,0.055866,-0.00009405,0.0007791,0.00028573,0.00015146,0.00119604,0.00025468,-0.00035339,0.00003739,13:04:18..359,,,,
13:04:18..394,81.25445088,0.056415,-0.00009362,0.00078012,0.00028543,0.00015118,0.00119604,0.00025364,-0.00035311,0.00003696,13:04:18..403,,,,
13:04:18..452,81.23893641,0.056415,-0.00009349,0.00077923,0.00028557,0.00015161,0.00119644,0.00025489,-0.00035309,0.00003713,13:04:18..506,,,,
13:04:18..547,81.28030833,0.056415,-0.00009381,0.00077958,0.0002851,0.00015114,0.001196,0.0002536,-0.00035328,0.00003746,13:04:18..506,,,,
13:04:18..580,81.15102108,0.056873,-0.00009388,0.00077967,0.00028551,0.00015161,0.00119641,0.00025536,-0.00035327,0.00003755,13:04:18..595,,,,
13:04:18..737,81.2441079,0.056873,-0.00009359,0.00077999,0.0002854,0.00015201,0.00119572,0.00025378,-0.00035243,0.00003773,13:04:18..734,,,,
13:04:18..767,81.04241979,0.057386,-0.00009381,0.0007796,0.00028552,0.0001518,0.00119627,0.00025492,-0.00035249,0.00003747,13:04:18..781,,,,
13:04:18..866,81.28030833,0.057386,-0.00009375,0.00078004,0.00028537,0.00015155,0.00119554,0.00025481,-0.00035273,0.00003725,13:04:18..865,,,,
13:04:18..898,81.192393,0.057712,-0.00009361,0.00078,0.00028469,0.00015202,0.00119597,0.00025483,-0.00035249,0.00003746,13:04:18..907,,,,
13:04:18..933,81.14584959,0.057781,-0.00009363,0.00077984,0.00028493,0.00015175,0.00119581,0.00025483,-0.000353,0.00003748,13:04:18..986,,,,
13:04:18..996,81.21307896,0.057781,-0.00009315,0.00078001,0.00028535,0.00015166,0.00119611,0.00025483,-0.00035257,0.00003729,13:04:18..986,,,,
13:04:19..030,81.1406781,0.058119,-0.00009307,0.00077962,0.0002849,0.00015194,0.00119648,0.00025501,-0.0003525,0.00003735,13:04:19..031,,,,
13:04:19..274,81.192393,0.058119,-0.00009315,0.00077978,0.00028498,0.00015211,0.00119656,0.00025471,-0.00035244,0.00003792,13:04:19..272,,,,
13:04:19..307,81.10447767,0.058899,-0.00009388,0.00077984,0.00028448,0.00015151,0.00119643,0.00025592,-0.00035268,0.00003719,13:04:19..272,,,,
13:04:19..442,81.09930618,0.058899,-0.00009368,0.00078099,0.00028511,0.00015181,0.00119631,0.00025435,-0.00035231,0.00003688,13:04:19..490,,,,
13:04:19..514,81.10447767,0.058899,-0.00009379,0.00078047,0.00028429,0.00015193,0.00119665,0.00025616,-0.0003523,0.00003712,13:04:19..490,,,,
13:04:19..546,81.1406781,0.059447,-0.00009359,0.00078033,0.00028464,0.00015149,0.00119646,0.00025607,-0.00035239,0.00003742,13:04:19..589,,,,
13:04:19..661,81.07862022,0.059447,-0.00009381,0.00078056,0.00028447,0.00015169,0.00119648,0.00025434,-0.00035202,0.00003741,13:04:19..660,,,,
13:04:19..694,81.0372483,0.059577,-0.000094,0.00078083,0.00028374,0.00015142,0.00119636,0.00025481,-0.0003525,0.00003699,13:04:19..703,,,,
13:04:19..747,81.16653555,0.059577,-0.00009388,0.00078103,0.00028405,0.00015145,0.00119648,0.00025561,-0.00035237,0.00003759,13:04:19..865,,,,
13:04:19..876,80.9338185,0.059577,-0.00009352,0.0007814,0.00028497,0.00015152,0.00119648,0.00025529,-0.00035254,0.00003725,13:04:19..865,,,,
13:04:19..910,81.09930618,0.05992,-0.00009374,0.00078046,0.00028417,0.00015126,0.00119667,0.000255,-0.00035281,0.00003735,13:04:19..967,,,,
13:04:20..032,80.92864701,0.05992,-0.00009376,0.00078086,0.00028453,0.00015166,0.00119654,0.00025579,-0.00035192,0.0000372,13:04:19..967,,,,
13:04:20..065,80.97001893,0.060006,-0.000094,0.00078074,0.00028401,0.00015124,0.00119623,0.00025532,-0.00035285,0.00003714,13:04:20..075,,,,
13:04:20..142,80.97001893,0.060226,-0.00009361,0.0007809,0.00028418,0.00015149,0.00119657,0.00025588,-0.0003522,0.0000371,13:04:20..194,,,,
13:04:20..256,81.02173383,0.060226,-0.00009354,0.00078089,0.0002841,0.00015147,0.00119638,0.00025569,-0.00035206,0.00003701,13:04:20..194,,,,
13:04:20..289,80.91313254,0.060354,-0.00009362,0.00078063,0.00028362,0.00015116,0.00119693,0.00025539,-0.0003524,0.00003746,13:04:20..299,,,,
13:04:20..331,80.83556019,0.060495,-0.00009416,0.00078097,0.00028396,0.00015177,0.00119637,0.00025505,-0.00035186,0.00003753,13:04:20..389,,,,
13:04:20..399,80.87693211,0.060495,-0.0000938,0.00078117,0.00028404,0.00015153,0.00119698,0.00025512,-0.00035227,0.00003719,13:04:20..389,,,,
13:04:20..433,80.90796105,0.060963,-0.00009388,0.00078123,0.00028373,0.00015186,0.00119624,0.00025504,-0.00035214,0.00003754,13:04:20..518,,,,
13:04:20..585,80.94933297,0.060963,-0.00009384,0.00078098,0.00028366,0.00015172,0.00119648,0.00025568,-0.00035216,0.00003663,13:04:20..584,,,,
13:04:20..616,80.92347552,0.061539,-0.00009367,0.00078148,0.00028344,0.0001515,0.00119677,0.00025506,-0.00035228,0.00003695,13:04:20..627,,,,
13:04:20..758,80.94416148,0.061539,-0.00009376,0.00078157,0.00028359,0.00015196,0.001197,0.00025615,-0.00035176,0.00003671,13:04:20..758,,,,
13:04:20..790,80.80970274,0.062009,-0.0000935,0.00078161,0.00028364,0.0001514,0.0011965,0.00025549,-0.0003521,0.00003724,13:04:20..801,,,,
13:04:20..859,80.91830403,0.062009,-0.00009325,0.00078136,0.00028377,0.00015162,0.00119697,0.00025648,-0.00035156,0.00003702,13:04:20..924,,,,
13:04:20..930,80.88727509,0.062009,-0.00009384,0.00078169,0.00028332,0.00015161,0.00119671,0.000255,-0.00035187,0.00003695,13:04:20..924,,,,
13:04:20..965,80.79935976,0.062235,-0.00009377,0.00078156,0.00028347,0.00015204,0.00119668,0.0002552,-0.00035172,0.00003719,13:04:20..970,,,,
13:04:21..080,80.85624615,0.062235,-0.00009344,0.00078144,0.0002833,0.00015177,0.00119679,0.00025621,-0.00035197,0.000037,13:04:21..078,,,,
13:04:21..112,80.85107466,0.062229,-0.00009401,0.00078112,0.00028315,0.00015138,0.00119738,0.00025585,-0.00035161,0.00003668,13:04:21..121,,,,
13:04:21..174,80.72178741,0.062229,-0.0000938,0.00078182,0.00028331,0.00015164,0.00119738,0.00025605,-0.0003516,0.00003724,13:04:21..221,,,,
13:04:21..229,80.90278956,0.062229,-0.00009398,0.00078159,0.00028295,0.00015122,0.00119708,0.00025605,-0.00035183,0.00003713,13:04:21..221,,,,
13:04:21..263,80.82004572,0.062154,-0.00009387,0.00078177,0.00028332,0.00015153,0.00119717,0.00025613,-0.00035183,0.00003689,13:04:21..268,,,,
13:04:21..312,80.80453125,0.062154,-0.00009403,0.00078179,0.00028326,0.00015134,0.00119664,0.00025494,-0.0003517,0.00003703,13:04:21..387,,,,
13:04:21..395,80.71144443,0.062154,-0.00009412,0.00078121,0.00028316,0.00015133,0.00119704,0.0002561,-0.00035196,0.00003659,13:04:21..387,,,,
13:04:21..429,80.72178741,0.061989,-0.00009435,0.00078165,0.00028306,0.00015138,0.00119687,0.00025551,-0.00035145,0.00003678,13:04:21..432,,,,
13:04:21..463,80.80453125,0.062131,-0.000094,0.00078146,0.00028279,0.00015105,0.00119708,0.00025549,-0.00035149,0.00003679,13:04:21..554,,,,
13:04:21..635,80.64938655,0.062131,-0.00009385,0.00078122,0.00028304,0.00015081,0.00119703,0.00025634,-0.00035201,0.00003702,13:04:21..554,,,,
13:04:21..669,80.68041549,0.062447,-0.00009413,0.0007819,0.00028265,0.00015182,0.00119757,0.00025539,-0.00035174,0.0000367,13:04:21..680,,,,
13:04:21..801,80.69592996,0.062447,-0.00009421,0.00078183,0.00028312,0.00015158,0.00119748,0.00025643,-0.00035162,0.00003662,13:04:21..800,,,,
13:04:21..834,80.70627294,0.062857,-0.00009373,0.00078224,0.0002829,0.00015159,0.00119712,0.00025638,-0.00035179,0.00003706,13:04:21..845,,,,
13:04:21..900,80.675244,0.062857,-0.00009403,0.00078209,0.00028255,0.00015113,0.00119708,0.00025495,-0.00035138,0.00003696,13:04:21..972,,,,
13:04:21..989,80.60801463,0.062857,-0.0000937,0.00078166,0.000283,0.00015193,0.00119709,0.00025675,-0.00035115,0.00003695,13:04:21..972,,,,
13:04:22..021,80.675244,0.063496,-0.00009437,0.00078165,0.00028248,0.00015163,0.00119763,0.00025624,-0.00035131,0.00003684,13:04:22..126,,,,
13:04:22..215,80.60801463,0.063496,-0.00009421,0.00078184,0.00028249,0.0001514,0.00119698,0.00025521,-0.00035193,0.0000366,13:04:22..126,,,,
13:04:22..246,80.61835761,0.063454,-0.00009339,0.00078261,0.00028249,0.00015114,0.00119749,0.00025539,-0.00035145,0.00003668,13:04:22..262,,,,
13:04:22..354,80.63387208,0.063454,-0.00009346,0.00078235,0.00028254,0.00015119,0.00119724,0.00025646,-0.00035114,0.00003636,13:04:22..418,,,,
13:04:22..428,80.65972953,0.063454,-0.00009396,0.00078223,0.00028217,0.00015151,0.00119734,0.00025556,-0.00035152,0.00003699,13:04:22..418,,,,
13:04:22..462,80.67007251,0.063315,-0.00009443,0.00078248,0.00028189,0.00015099,0.00119635,0.00025492,-0.00035172,0.00003633,13:04:22..465,,,,
13:04:22..624,80.58215718,0.063315,-0.00009385,0.00078235,0.00028206,0.00015165,0.00119684,0.00025681,-0.00035135,0.00003629,13:04:22..622,,,,
13:04:22..657,80.59767165,0.063286,-0.00009387,0.00078218,0.00028193,0.00015129,0.00119681,0.00025648,-0.00035087,0.00003665,13:04:22..667,,,,
13:04:22..778,80.47872738,0.063286,-0.00009397,0.00078208,0.00028225,0.0001516,0.0011975,0.00025552,-0.00035123,0.00003668,13:04:22..776,,,,
13:04:22..811,80.56664271,0.06334,-0.00009435,0.00078296,0.00028198,0.00015126,0.001197,0.00025595,-0.00035111,0.00003698,13:04:22..821,,,,
13:04:22..851,80.49424185,0.063304,-0.00009415,0.00078234,0.00028203,0.00015142,0.001197,0.00025635,-0.00035151,0.00003624,13:04:22..922,,,,
13:04:22..939,80.40632652,0.063304,-0.00009448,0.00078275,0.00028197,0.00015149,0.00119714,0.00025508,-0.00035134,0.00003696,13:04:22..922,,,,
13:04:22..972,80.37012609,0.063242,-0.00009463,0.00078255,0.00028212,0.00015106,0.00119659,0.0002563,-0.00035129,0.00003591,13:04:23..058,,,,
13:04:23..140,80.51492781,0.063242,-0.00009451,0.00078233,0.00028232,0.00015091,0.00119671,0.00025582,-0.00035141,0.00003635,13:04:23..161,,,,
13:04:23..171,80.4166695,0.063242,-0.00009447,0.00078265,0.00028212,0.00015106,0.00119692,0.00025535,-0.00035085,0.00003643,13:04:23..161,,,,
13:04:23..206,80.48389887,0.06338,-0.00009383,0.00078284,0.0002821,0.0001511,0.00119702,0.00025654,-0.00035099,0.00003672,13:04:23..261,,,,
13:04:23..344,80.50458483,0.06338,-0.00009453,0.00078227,0.00028216,0.00015082,0.00119686,0.00025612,-0.00035144,0.00003634,13:04:23..342,,,,
13:04:23..377,80.33392566,0.063635,-0.00009403,0.00078253,0.00028176,0.00015157,0.0011971,0.00025734,-0.00035085,0.00003636,13:04:23..386,,,,
13:04:23..566,80.40632652,0.063635,-0.00009428,0.0007829,0.00028196,0.0001515,0.00119709,0.00025544,-0.0003507,0.00003657,13:04:23..564,,,,
13:04:23..598,80.38046907,0.064127,-0.00009427,0.00078259,0.00028117,0.00015107,0.00119684,0.00025521,-0.00035095,0.0000363,13:04:23..608,,,,
13:04:23..733,80.4683844,0.064127,-0.00009414,0.00078257,0.00028165,0.00015104,0.00119675,0.00025676,-0.00035126,0.00003615,13:04:23..731,,,,
13:04:23..765,80.33909715,0.064701,-0.00009429,0.0007828,0.00028167,0.00015104,0.00119665,0.00025667,-0.00035106,0.00003645,13:04:23..774,,,,
13:04:23..919,80.34426864,0.064701,-0.00009446,0.00078249,0.00028163,0.00015087,0.00119654,0.00025622,-0.00035138,0.00003651,13:04:23..917,,,,
13:04:23..952,80.32358268,0.064858,-0.00009454,0.00078207,0.00028132,0.00015108,0.00119678,0.00025697,-0.00035109,0.00003638,13:04:23..961,,,,
13:04:24..111,80.30289672,0.064858,-0.00009488,0.00078303,0.00028105,0.0001509,0.00119654,0.00025563,-0.00035143,0.00003632,13:04:24..109,,,,
13:04:24..143,80.24083884,0.065335,-0.00009449,0.00078256,0.00028145,0.00015063,0.0011968,0.00025581,-0.00035092,0.00003624,13:04:24..152,,,,
13:04:24..319,80.25635331,0.065335,-0.00009429,0.00078269,0.00028137,0.00015042,0.00119676,0.00025585,-0.00035122,0.00003629,13:04:24..317,,,,
13:04:24..350,80.24083884,0.065832,-0.00009479,0.00078292,0.00028118,0.00015132,0.0011966,0.00025609,-0.00035105,0.00003637,13:04:24..362,,,,
13:04:24..466,80.35461162,0.065832,-0.00009474,0.0007828,0.00028061,0.00015082,0.00119696,0.00025596,-0.00035156,0.00003619,13:04:24..464,,,,
13:04:24..498,80.30289672,0.065936,-0.00009456,0.00078308,0.00028095,0.00015052,0.00119686,0.00025566,-0.00035094,0.00003624,13:04:24..507,,,,
13:04:24..562,80.16843798,0.066005,-0.00009435,0.00078285,0.00028109,0.00015086,0.00119743,0.00025695,-0.00035121,0.00003624,13:04:24..637,,,,
13:04:24..682,80.26669629,0.066005,-0.00009504,0.00078311,0.00028118,0.00015053,0.0011966,0.00025585,-0.00035105,0.00003665,13:04:24..682,,,,
13:04:24..716,80.18395245,0.066001,-0.0000947,0.00078353,0.00028094,0.00015124,0.00119635,0.00025599,-0.00035107,0.00003627,13:04:24..724,,,,
13:04:24..869,80.26669629,0.066001,-0.00009465,0.00078349,0.00028126,0.00015136,0.00119651,0.00025629,-0.00035059,0.0000365,13:04:24..866,,,,
13:04:24..901,80.19429543,0.065783,-0.00009451,0.00078326,0.00028086,0.00015116,0.00119623,0.00025498,-0.00035093,0.00003624,13:04:24..910,,,,
13:04:25..034,80.29772523,0.065783,-0.00009432,0.0007828,0.00028091,0.00015075,0.0011963,0.00025617,-0.00035127,0.00003587,13:04:25..034,,,,
13:04:25..067,80.22015288,0.065582,-0.00009423,0.00078317,0.000281,0.00015092,0.00119643,0.00025581,-0.00035081,0.00003626,13:04:25..078,,,,
13:04:25..112,80.11672308,0.065555,-0.00009436,0.000783,0.00028046,0.00015049,0.00119685,0.0002564,-0.00035076,0.0000363,13:04:25..190,,,,
13:04:25..211,80.17878096,0.065555,-0.00009478,0.00078353,0.00028055,0.00015097,0.00119609,0.00025621,-0.00035134,0.00003617,13:04:25..190,,,,
13:04:25..248,80.18395245,0.065515,-0.00009513,0.00078349,0.00028033,0.00015068,0.00119596,0.00025552,-0.00035113,0.00003645,13:04:25..299,,,,
13:04:25..364,80.13223755,0.065515,-0.00009427,0.00078312,0.00028113,0.00015087,0.00119674,0.00025662,-0.00035134,0.00003644,13:04:25..299,,,,
13:04:25..396,80.28221076,0.065517,-0.00009451,0.00078327,0.00028082,0.00015054,0.0011965,0.00025617,-0.00035111,0.00003577,13:04:25..411,,,,
13:04:25..467,80.158095,0.065517,-0.00009471,0.00078352,0.00028012,0.00015062,0.00119642,0.00025646,-0.00035117,0.00003609,13:04:25..540,,,,
13:04:25..580,80.16843798,0.065542,-0.00009454,0.00078354,0.00028069,0.00015036,0.00119643,0.00025625,-0.00035098,0.0000362,13:04:25..583,,,,
13:04:25..615,80.12189457,0.065641,-0.00009458,0.00078373,0.00028053,0.00015017,0.00119603,0.00025604,-0.00035147,0.00003604,13:04:25..626,,,,
13:04:25..782,80.09603712,0.065641,-0.00009484,0.00078362,0.00028032,0.00015043,0.00119617,0.00025519,-0.00035114,0.00003632,13:04:25..780,,,,
13:04:25..814,80.09086563,0.066063,-0.00009475,0.00078377,0.00027999,0.00015033,0.00119626,0.00025672,-0.00035153,0.00003598,13:04:25..824,,,,
13:04:25..929,80.16326649,0.066063,-0.00009474,0.00078396,0.00028052,0.00015092,0.00119611,0.00025543,-0.0003506,0.00003612,13:04:25..927,,,,
13:04:25..962,80.14775202,0.066191,-0.00009521,0.00078319,0.00027998,0.0001505,0.00119643,0.00025532,-0.00035095,0.00003601,13:04:25..969,,,,
13:04:26..015,79.98743583,0.066489,-0.00009451,0.00078317,0.00028057,0.00015051,0.00119693,0.00025652,-0.0003507,0.00003622,13:04:26..058,,,,
13:04:26..105,80.12706606,0.066489,-0.00009509,0.0007833,0.00028014,0.00015056,0.00119628,0.00025578,-0.00035099,0.00003664,13:04:26..105,,,,
13:04:26..139,80.13223755,0.06659,-0.00009484,0.00078328,0.00028009,0.00015056,0.00119665,0.00025655,-0.00035111,0.00003613,13:04:26..148,,,,
13:04:26..248,79.99777881,0.06659,-0.00009526,0.00078356,0.00027981,0.00015066,0.00119634,0.0002553,-0.00035119,0.00003574,13:04:26..311,,,,
13:04:26..319,80.00812179,0.06659,-0.00009492,0.00078321,0.00028018,0.00015105,0.00119658,0.00025666,-0.00035108,0.00003567,13:04:26..311,,,,
13:04:26..352,79.90469199,0.066827,-0.00009483,0.0007842,0.00027994,0.00015115,0.00119636,0.0002559,-0.00035099,0.00003578,13:04:26..355,,,,
13:04:26..385,80.08569414,0.066805,-0.0000953,0.0007842,0.0002799,0.00015067,0.00119631,0.00025566,-0.00035097,0.00003602,13:04:26..439,,,,
13:04:26..528,80.14258053,0.066805,-0.00009482,0.00078346,0.00028018,0.00015075,0.00119673,0.00025628,-0.00035111,0.00003584,13:04:26..439,,,,
13:04:26..561,80.0546652,0.066614,-0.00009494,0.00078348,0.00028003,0.00014996,0.00119659,0.00025575,-0.00035104,0.00003576,13:04:26..572,,,,
13:04:26..727,80.09603712,0.066614,-0.00009485,0.00078338,0.00027987,0.0001506,0.00119663,0.00025589,-0.00035117,0.00003596,13:04:26..727,,,,
13:04:26..761,80.03397924,0.066615,-0.00009497,0.00078356,0.00028013,0.00015027,0.00119632,0.00025519,-0.0003512,0.00003605,13:04:26..770,,,,
13:04:26..830,80.0546652,0.066615,-0.00009476,0.00078344,0.00028,0.00015018,0.00119637,0.00025668,-0.00035084,0.00003555,13:04:26..903,,,,
13:04:26..916,80.00812179,0.066615,-0.0000946,0.00078338,0.00028006,0.00015032,0.00119627,0.00025512,-0.0003506,0.0000364,13:04:26..903,,,,
13:04:26..950,79.93572093,0.066736,-0.00009433,0.00078354,0.00027997,0.00015091,0.0011964,0.00025659,-0.00035113,0.00003622,13:04:26..988,,,,
13:04:27..107,79.97192136,0.066736,-0.00009521,0.00078383,0.00027988,0.00015044,0.00119628,0.00025519,-0.00035071,0.00003595,13:04:27..105,,,,
13:04:27..140,80.15292351,0.067069,-0.00009538,0.00078385,0.00027961,0.00015032,0.00119621,0.00025516,-0.00035135,0.0000358,13:04:27..149,,,,
13:04:27..202,79.92537795,0.067069,-0.00009477,0.00078364,0.00027952,0.00015072,0.00119632,0.00025607,-0.00035157,0.00003585,13:04:27..259,,,,
13:04:27..302,80.12706606,0.067069,-0.0000949,0.0007839,0.00027993,0.00014988,0.00119658,0.00025606,-0.00035106,0.00003563,13:04:27..259,,,,
13:04:27..336,79.71851835,0.067464,-0.00009537,0.00078423,0.00027951,0.00015053,0.0011962,0.00025546,-0.00035108,0.0000362,13:04:27..347,,,,
13:04:27..471,79.78574772,0.067464,-0.00009505,0.00078374,0.00027954,0.0001506,0.00119612,0.00025674,-0.00035055,0.00003606,13:04:27..470,,,,
13:04:27..504,80.07535116,0.067539,-0.00009489,0.00078392,0.00027961,0.00015006,0.00119697,0.00025623,-0.00035066,0.00003584,13:04:27..513,,,,
13:04:27..648,80.03397924,0.067539,-0.00009473,0.00078412,0.0002794,0.00014999,0.00119681,0.0002559,-0.00035085,0.00003563,13:04:27..646,,,,
13:04:27..681,80.18395245,0.067568,-0.00009514,0.00078451,0.00027878,0.00015018,0.00119698,0.00025595,-0.00035137,0.00003584,13:04:27..690,,,,
13:04:27..739,79.92020646,0.067568,-0.00009503,0.00078343,0.00027856,0.00015019,0.00119726,0.00025728,-0.00035138,0.00003554,13:04:27..797,,,,
13:04:27..823,80.23566735,0.067568,-0.00009507,0.00078405,0.00027912,0.00015041,0.00119704,0.00025582,-0.00035128,0.00003552,13:04:27..797,,,,
13:04:27..856,79.99260732,0.067415,-0.00009469,0.00078432,0.00027867,0.00014999,0.00119739,0.00025638,-0.00035133,0.00003579,13:04:27..880,,,,
13:04:28..008,79.98743583,0.067415,-0.00009479,0.00078414,0.00027897,0.00014996,0.00119765,0.00025631,-0.00035114,0.0000357,13:04:28..008,,,,
13:04:28..042,80.02363626,0.067357,-0.00009492,0.00078377,0.00027886,0.00015011,0.00119692,0.00025656,-0.00035126,0.00003536,13:04:28..051,,,,
13:04:28..211,79.91503497,0.067357,-0.00009483,0.00078453,0.00027882,0.00015005,0.00119665,0.00025565,-0.00035106,0.00003584,13:04:28..210,,,,
13:04:28..245,80.01846477,0.067272,-0.00009471,0.00078404,0.00027911,0.00015039,0.00119694,0.00025702,-0.00035121,0.00003607,13:04:28..252,,,,
13:04:28..409,79.93054944,0.067272,-0.0000949,0.00078418,0.00027911,0.00014972,0.00119691,0.00025537,-0.0003513,0.00003592,13:04:28..406,,,,
13:04:28..441,79.95640689,0.066922,-0.00009515,0.00078389,0.00027884,0.00015003,0.00119722,0.0002562,-0.00035125,0.00003573,13:04:28..450,,,,
13:04:28..628,79.93054944,0.066922,-0.00009511,0.0007841,0.0002793,0.00015008,0.00119693,0.00025567,-0.00035087,0.00003595,13:04:28..625,,,,
13:04:28..660,79.90469199,0.066386,-0.00009496,0.00078351,0.00027936,0.00015018,0.00119664,0.00025614,-0.00035111,0.00003571,13:04:28..669,,,,
13:04:28..729,79.99260732,0.066051,-0.00009551,0.00078358,0.0002786,0.00015018,0.00119644,0.00025543,-0.00035124,0.00003573,13:04:28..785,,,,
13:04:28..838,79.82194815,0.066051,-0.0000953,0.00078371,0.00027875,0.00015002,0.00119679,0.0002557,-0.00035124,0.00003537,13:04:28..837,,,,
13:04:28..872,80.00812179,0.065875,-0.00009512,0.00078399,0.00027852,0.00015026,0.00119689,0.00025579,-0.00035083,0.00003577,13:04:28..882,,,,
13:04:29..021,79.90469199,0.065875,-0.0000953,0.0007838,0.00027867,0.00015049,0.0011972,0.00025651,-0.00035085,0.0000356,13:04:29..019,,,,
13:04:29..053,80.01846477,0.065585,-0.00009474,0.00078381,0.00027848,0.00014962,0.00119648,0.00025647,-0.00035071,0.00003534,13:04:29..064,,,,
13:04:29..133,79.95640689,0.065585,-0.00009467,0.00078433,0.00027854,0.00015015,0.00119641,0.00025579,-0.00035104,0.00003555,13:04:29..229,,,,
13:04:29..237,80.04949371,0.065585,-0.00009514,0.00078387,0.00027856,0.00014998,0.0011967,0.00025679,-0.00035108,0.00003597,13:04:29..229,,,,
13:04:29..274,79.8995205,0.065559,-0.00009545,0.00078463,0.00027849,0.00014969,0.00119697,0.00025611,-0.00035093,0.00003566,13:04:29..274,,,,
13:04:29..338,79.87883454,0.065559,-0.00009512,0.00078393,0.00027847,0.00015024,0.00119693,0.00025686,-0.00035122,0.00003559,13:04:29..419,,,,
13:04:29..464,79.92537795,0.065559,-0.00009521,0.00078447,0.00027816,0.00015015,0.00119697,0.00025595,-0.0003507,0.0000359,13:04:29..419,,,,
13:04:29..495,79.82711964,0.065655,-0.00009542,0.00078459,0.00027846,0.00014997,0.00119669,0.00025586,-0.00035077,0.00003536,13:04:29..509,,,,
13:04:29..553,79.88400603,0.065701,-0.00009526,0.00078378,0.00027815,0.00014964,0.00119684,0.0002562,-0.00035114,0.00003533,13:04:29..607,,,,
13:04:29..623,79.87883454,0.065701,-0.00009487,0.00078441,0.000278,0.00015018,0.00119631,0.00025545,-0.00035087,0.00003525,13:04:29..607,,,,
13:04:29..656,79.80643368,0.065899,-0.00009538,0.00078377,0.0002786,0.00014985,0.00119672,0.00025512,-0.00035105,0.00003612,13:04:29..696,,,,
13:04:29..769,79.85297709,0.065899,-0.0000949,0.00078369,0.00027844,0.0001502,0.00119686,0.00025649,-0.00035072,0.00003541,13:04:29..769,,,,
13:04:29..803,79.93572093,0.065912,-0.00009527,0.000784,0.00027829,0.00014986,0.00119673,0.00025521,-0.00035089,0.00003654,13:04:29..814,,,,
13:04:29..842,79.74954729,0.065936,-0.00009585,0.00078411,0.0002783,0.00015009,0.00119672,0.00025666,-0.00035104,0.00003518,13:04:29..904,,,,
13:04:29..942,79.74954729,0.065936,-0.00009586,0.00078372,0.00027783,0.0001497,0.00119639,0.00025576,-0.00035062,0.00003548,13:04:29..904,,,,
13:04:29..975,79.87883454,0.066362,-0.00009583,0.00078404,0.00027838,0.00014999,0.0011963,0.00025516,-0.000351,0.00003583,13:04:29..991,,,,
13:04:30..095,79.7960907,0.066362,-0.00009549,0.00078389,0.00027815,0.00015041,0.00119672,0.00025658,-0.000351,0.00003592,13:04:30..093,,,,
13:04:30..126,79.72368984,0.066654,-0.00009537,0.00078402,0.00027788,0.00014985,0.00119591,0.00025509,-0.00035152,0.00003543,13:04:30..137,,,,
13:04:30..178,79.85297709,0.066654,-0.00009518,0.00078402,0.00027797,0.00014984,0.00119613,0.00025634,-0.00035113,0.00003525,13:04:30..220,,,,
13:04:30..235,79.75471878,0.066654,-0.00009572,0.00078396,0.00027773,0.00014968,0.00119607,0.0002554,-0.00035109,0.00003602,13:04:30..220,,,,
13:04:30..269,79.6926609,0.066909,-0.0000959,0.00078406,0.00027832,0.00015009,0.00119688,0.00025579,-0.00035084,0.00003595,13:04:30..319,,,,
13:04:30..357,79.62543153,0.066909,-0.00009536,0.00078393,0.00027822,0.0001503,0.00119644,0.00025655,-0.00035109,0.0000358,13:04:30..319,,,,
13:04:30..389,79.80643368,0.066873,-0.00009563,0.00078384,0.00027834,0.00015039,0.0011967,0.00025638,-0.00035091,0.00003585,13:04:30..410,,,,
13:04:30..479,79.81160517,0.066873,-0.00009561,0.00078382,0.00027779,0.00015003,0.00119649,0.00025559,-0.00035099,0.00003528,13:04:30..532,,,,
13:04:30..542,79.68231792,0.066873,-0.00009558,0.00078394,0.00027786,0.00014996,0.00119657,0.00025667,-0.0003507,0.00003603,13:04:30..532,,,,
13:04:30..575,79.66680345,0.06692,-0.00009564,0.00078389,0.00027785,0.00014988,0.00119676,0.00025626,-0.00035118,0.00003508,13:04:30..575,,,,
13:04:30..698,79.86332007,0.06692,-0.00009544,0.00078459,0.00027788,0.00015035,0.00119616,0.00025537,-0.00035116,0.00003541,13:04:30..697,,,,
13:04:30..731,79.55303067,0.067258,-0.00009585,0.00078329,0.00027809,0.00014978,0.00119561,0.0002564,-0.00035107,0.00003515,13:04:30..740,,,,
13:04:30..884,79.49097279,0.067258,-0.0000961,0.00078324,0.00027784,0.00014975,0.00119547,0.00025532,-0.00035053,0.00003587,13:04:30..881,,,,
13:04:30..915,79.44960087,0.06779,-0.00009591,0.00078362,0.00027825,0.00015001,0.00119576,0.00025473,-0.00035085,0.00003572,13:04:30..924,,,,
13:04:31..030,79.44442938,0.06779,-0.00009642,0.00078344,0.00027819,0.00015003,0.00119545,0.00025578,-0.00035083,0.00003476,13:04:31..028,,,,
13:04:31..061,79.52200173,0.068382,-0.00009592,0.00078351,0.00027791,0.00014948,0.00119525,0.00025577,-0.00035081,0.00003536,13:04:31..072,,,,
13:04:31..128,79.4858013,0.068382,-0.0000964,0.00078369,0.00027797,0.00015012,0.00119501,0.00025481,-0.000351,0.00003552,13:04:31..182,,,,
13:04:31..195,79.55820216,0.068382,-0.00009604,0.00078361,0.00027766,0.00015015,0.00119528,0.00025599,-0.00035091,0.00003517,13:04:31..182,,,,
13:04:31..229,79.46511534,0.069006,-0.00009559,0.00078359,0.00027792,0.00014972,0.00119555,0.00025565,-0.00035036,0.00003521,13:04:31..272,,,,
13:04:31..354,79.53234471,0.069006,-0.00009582,0.00078365,0.00027829,0.00014997,0.00119558,0.00025513,-0.0003507,0.00003536,13:04:31..353,,,,
13:04:31..386,79.50131577,0.069302,-0.00009586,0.00078392,0.00027792,0.00014931,0.00119521,0.00025615,-0.00035029,0.00003546,13:04:31..397,,,,
13:04:31..461,79.44960087,0.069302,-0.00009648,0.00078372,0.00027804,0.00014956,0.00119545,0.00025498,-0.00035056,0.00003534,13:04:31..516,,,,
13:04:31..522,79.44960087,0.069302,-0.00009594,0.0007834,0.00027771,0.00014945,0.00119546,0.00025601,-0.00035096,0.00003499,13:04:31..516,,,,
13:04:31..557,79.47545832,0.069661,-0.00009617,0.00078396,0.00027804,0.00015008,0.00119577,0.00025523,-0.00035099,0.00003577,13:04:31..560,,,,
13:04:31..717,79.47028683,0.069661,-0.00009628,0.00078383,0.00027748,0.00014962,0.00119544,0.00025526,-0.00035096,0.00003542,13:04:31..716,,,,
13:04:31..751,79.53234471,0.070466,-0.00009657,0.00078362,0.00027798,0.0001495,0.00119566,0.00025663,-0.00035065,0.00003566,13:04:31..758,,,,
13:04:31..899,79.56854514,0.070466,-0.00009628,0.00078384,0.00027778,0.00014893,0.00119515,0.00025471,-0.00035083,0.00003508,13:04:31..897,,,,
13:04:31..932,79.42374342,0.071136,-0.00009661,0.00078365,0.00027771,0.00014948,0.00119514,0.00025528,-0.00035075,0.00003515,13:04:31..941,,,,
13:04:31..993,79.44442938,0.071136,-0.0000965,0.00078363,0.00027761,0.00014937,0.00119562,0.00025621,-0.00035082,0.00003564,13:04:32..055,,,,
13:04:32..064,79.48062981,0.071136,-0.00009604,0.00078344,0.00027741,0.00014949,0.00119557,0.00025525,-0.00035022,0.00003482,13:04:32..055,,,,
13:04:32..100,79.31514213,0.071517,-0.00009608,0.00078346,0.00027753,0.00014993,0.00119579,0.00025647,-0.00035055,0.00003504,13:04:32..142,,,,
13:04:32..224,79.32031362,0.071517,-0.00009603,0.00078342,0.00027774,0.00014957,0.00119552,0.00025514,-0.00035062,0.000035,13:04:32..225,,,,
13:04:32..258,79.37202852,0.071718,-0.00009617,0.00078347,0.00027761,0.00014977,0.00119542,0.00025471,-0.00035088,0.00003488,13:04:32..259,,,,
13:04:32..410,79.2789417,0.071718,-0.0000965,0.00078345,0.00027767,0.00014984,0.00119559,0.00025508,-0.00035093,0.0000354,13:04:32..407,,,,
13:04:32..442,79.47028683,0.072156,-0.00009638,0.00078328,0.00027772,0.00014942,0.00119531,0.00025433,-0.00035067,0.00003573,13:04:32..451,,,,
13:04:32..510,79.35651405,0.072156,-0.00009624,0.00078334,0.00027751,0.00014965,0.00119518,0.0002554,-0.00035059,0.00003535,13:04:32..571,,,,
13:04:32..592,79.30479915,0.072156,-0.00009658,0.00078373,0.00027742,0.00014972,0.00119499,0.0002543,-0.00035073,0.00003561,13:04:32..571,,,,
13:04:32..624,79.36685703,0.072647,-0.00009604,0.00078401,0.00027725,0.00014956,0.00119526,0.00025513,-0.00035039,0.00003521,13:04:32..693,,,,
13:04:32..789,79.30479915,0.072647,-0.00009614,0.00078352,0.00027738,0.0001495,0.00119567,0.0002552,-0.00035084,0.00003546,13:04:32..801,,,,
13:04:32..820,79.34617107,0.072647,-0.00009642,0.00078391,0.00027792,0.00015018,0.0011957,0.00025541,-0.00035005,0.00003539,13:04:32..801,,,,
13:04:32..854,79.29445617,0.073045,-0.00009644,0.00078407,0.00027721,0.00014965,0.00119549,0.00025532,-0.00035071,0.00003521,13:04:32..846,,,,
13:04:32..948,79.34617107,0.073045,-0.00009621,0.00078416,0.00027746,0.00014951,0.00119534,0.00025553,-0.00035033,0.00003503,13:04:32..947,,,,
13:04:32..980,79.37720001,0.073245,-0.00009628,0.00078391,0.00027737,0.00014967,0.00119549,0.00025493,-0.00035084,0.00003525,13:04:32..991,,,,
13:04:33..053,79.40305746,0.073245,-0.00009598,0.00078359,0.0002776,0.0001497,0.00119581,0.00025543,-0.00035061,0.00003503,13:04:33..108,,,,
13:04:33..130,79.31514213,0.073245,-0.0000962,0.00078386,0.00027711,0.00014947,0.00119555,0.00025486,-0.00035068,0.00003583,13:04:33..108,,,,
13:04:33..163,79.34099958,0.073451,-0.0000959,0.00078426,0.00027743,0.0001495,0.00119602,0.00025608,-0.00035024,0.00003531,13:04:33..233,,,,
13:04:33..321,79.42374342,0.073451,-0.00009658,0.0007844,0.00027761,0.00014996,0.00119585,0.00025501,-0.00035041,0.00003522,13:04:33..321,,,,
13:04:33..354,79.25308425,0.073653,-0.00009634,0.00078409,0.00027714,0.00014947,0.00119506,0.00025496,-0.00035042,0.00003551,13:04:33..363,,,,
13:04:33..481,79.26859872,0.073653,-0.00009625,0.00078348,0.00027693,0.0001497,0.00119534,0.0002559,-0.0003509,0.00003483,13:04:33..478,,,,
13:04:33..513,79.23756978,0.074092,-0.00009659,0.0007837,0.00027693,0.00014936,0.00119548,0.00025531,-0.00035028,0.00003569,13:04:33..522,,,,
13:04:33..553,79.28411319,0.074092,-0.00009658,0.00078389,0.00027673,0.00014957,0.00119566,0.00025568,-0.00035031,0.00003513,13:04:33..627,,,,
13:04:33..668,79.28411319,0.074092,-0.00009653,0.00078438,0.00027708,0.00014958,0.00119558,0.00025464,-0.00035066,0.00003543,13:04:33..627,,,,
13:04:33..701,79.25825574,0.074551,-0.00009635,0.00078441,0.00027727,0.00014965,0.00119549,0.0002549,-0.00035034,0.00003552,13:04:33..714,,,,
13:04:33..926,79.35134256,0.074551,-0.00009634,0.00078396,0.00027709,0.00014957,0.00119575,0.0002558,-0.00035051,0.00003573,13:04:33..923,,,,
13:04:33..958,79.19102637,0.074417,-0.00009681,0.00078336,0.0002769,0.00014943,0.00119557,0.00025396,-0.00035052,0.00003489,13:04:33..969,,,,
13:04:34..114,79.24274127,0.074417,-0.00009657,0.00078341,0.0002771,0.00014906,0.00119542,0.00025594,-0.00035044,0.0000347,13:04:34..113,,,,
13:04:34..147,79.12896849,0.074351,-0.00009653,0.00078419,0.00027672,0.00014915,0.00119506,0.00025491,-0.00035056,0.00003512,13:04:34..156,,,,
13:04:34..278,79.23239829,0.074351,-0.00009647,0.00078352,0.00027697,0.00014931,0.00119514,0.00025573,-0.0003508,0.00003528,13:04:34..276,,,,
13:04:34..311,79.123797,0.074201,-0.00009639,0.00078348,0.00027665,0.0001493,0.00119577,0.00025592,-0.0003511,0.00003529,13:04:34..320,,,,
13:04:34..408,78.63250545,0.074201,-0.00009686,0.0007837,0.00027642,0.00014955,0.00119549,0.00025451,-0.0003504,0.00003554,13:04:34..406,,,,
13:04:34..441,47.7328527,0.072925,-0.00010085,0.00077487,0.0002825,0.00015246,0.00119074,0.00024278,-0.00034628,0.00004046,13:04:34..450,,,,
13:04:34..592,68.07232287,0.072925,-0.00010086,0.00077449,0.0002826,0.00015292,0.00119056,0.0002434,-0.0003465,0.00004025,13:04:34..589,,,,
13:04:34..622,58.42749402,0.062397,-0.00011319,0.00074581,0.00029877,0.00016127,0.00117748,0.00021052,-0.00033676,0.00005266,13:04:34..633,,,,
13:04:34..795,54.42993225,0.062397,-0.0001138,0.00074608,0.00029889,0.00016098,0.001177,0.00020949,-0.00033626,0.00005268,13:04:34..792,,,,
13:04:34..827,56.8346751,0.049435,-0.00012104,0.00072876,0.00031011,0.00016647,0.00116731,0.00018794,-0.0003299,0.00006118,13:04:34..835,,,,
13:04:34..977,53.58180789,0.049435,-0.00012108,0.0007289,0.00031013,0.00016651,0.00116732,0.0001878,-0.00032931,0.00006118,13:04:34..974,,,,
13:04:35..009,51.3528957,0.040102,-0.00012479,0.00072043,0.00031721,0.00016884,0.00116174,0.00017467,-0.00032623,0.00006628,13:04:35..018,,,,
13:04:35..197,51.62698467,0.040102,-0.00012475,0.00071948,0.00031734,0.0001691,0.00116162,0.00017638,-0.00032609,0.00006601,13:04:35..195,,,,
13:04:35..229,46.29517848,0.026455,-0.00012762,0.0007104,0.00032429,0.00017128,0.00115592,0.00016443,-0.00032253,0.00007171,13:04:35..238,,,,
13:04:35..366,46.25897805,0.026455,-0.00012822,0.00071054,0.00032401,0.00017112,0.00115569,0.00016336,-0.00032225,0.00007161,13:04:35..364,,,,
13:04:35..397,44.14901013,0.019666,-0.00012962,0.00070527,0.00032835,0.00017247,0.00115211,0.00015597,-0.00032016,0.00007568,13:04:35..408,,,,
13:04:35..476,43.53877431,0.019666,-0.00013002,0.00070534,0.00032804,0.00017237,0.00115204,0.00015606,-0.00031994,0.00007533,13:04:35..540,,,,
13:04:35..568,42.64927803,0.019666,-0.00012949,0.00070528,0.00032898,0.00017295,0.00115247,0.00015583,-0.00031997,0.00007545,13:04:35..540,,,,
13:04:35..603,41.96146986,0.010811,-0.000132,0.0006991,0.00033365,0.00017408,0.00114878,0.00014913,-0.0003178,0.00007899,13:04:35..627,,,,
13:04:35..684,41.41846341,0.006831,-0.00013194,0.00069947,0.0003332,0.00017395,0.00114861,0.00014778,-0.00031801,0.00007916,13:04:35..771,,,,
13:04:35..822,40.41002286,0.006831,-0.00013212,0.00069916,0.00033291,0.000174,0.00114861,0.00014828,-0.00031837,0.00007886,13:04:35..822,,,,
13:04:35..854,39.21023718,0.005718,-0.0001339,0.00069456,0.000338,0.00017536,0.00114534,0.00014037,-0.00031595,0.00008273,13:04:35..865,,,,
13:04:36..007,39.02406354,0.005718,-0.0001335,0.00069408,0.00033781,0.00017513,0.00114512,0.00014106,-0.0003159,0.00008213,13:04:36..006,,,,
13:04:36..040,37.66913316,0.002106,-0.00013452,0.00069001,0.00034152,0.00017623,0.00114243,0.00013585,-0.00031441,0.00008494,13:04:36..006,,,,
13:04:36..135,37.45193058,0.002106,-0.00013519,0.00069009,0.00034142,0.0001757,0.0011417,0.00013462,-0.00031433,0.00008524,13:04:36..183,,,,
13:04:36..200,36.7692939,0.002106,-0.00013465,0.00068955,0.00034119,0.00017608,0.00114256,0.00013594,-0.00031477,0.00008483,13:04:36..183,,,,
13:04:36..234,36.25731639,-0.001465,-0.00013593,0.00068699,0.00034408,0.00017726,0.00114009,0.00013144,-0.00031328,0.000087,13:04:36..317,,,,
13:04:36..443,36.0970002,-0.001465,-0.00013667,0.00068666,0.00034431,0.00017702,0.00113949,0.00013038,-0.00031345,0.0000869,13:04:36..441,,,,
13:04:36..478,34.77827025,-0.002436,-0.00013726,0.00068308,0.00034752,0.00017722,0.00113731,0.00012552,-0.00031172,0.00008921,13:04:36..485,,,,
13:04:36..615,34.4938383,-0.002436,-0.00013733,0.00068264,0.00034772,0.00017768,0.00113765,0.00012616,-0.00031162,0.00008933,13:04:36..614,,,,
13:04:36..648,33.76465821,-0.003309,-0.0001383,0.00068033,0.00034943,0.00017816,0.00113551,0.00012201,-0.00031115,0.00009064,13:04:36..657,,,,
13:04:36..725,33.49574073,-0.003309,-0.00013812,0.00068038,0.00035006,0.00017827,0.00113607,0.00012321,-0.00031095,0.00009131,13:04:36..818,,,,
13:04:36..826,33.23716623,-0.003309,-0.0001381,0.0006807,0.00035001,0.00017826,0.00113591,0.00012234,-0.00031086,0.00009089,13:04:36..818,,,,
13:04:36..860,32.59590147,-0.003991,-0.00013879,0.00067784,0.00035204,0.00017834,0.00113356,0.00011833,-0.00030995,0.00009239,13:04:36..861,,,,
13:04:36..924,32.45109975,-0.003991,-0.00013916,0.00067749,0.00035195,0.00017847,0.00113391,0.00011978,-0.00031005,0.0000924,13:04:36..979,,,,
13:04:36..996,32.19252525,-0.003991,-0.00013915,0.00067776,0.00035262,0.00017882,0.00113427,0.00011817,-0.00031003,0.00009285,13:04:36..979,,,,
13:04:37..030,31.78914903,-0.004446,-0.00013985,0.00067527,0.00035404,0.0001789,0.0011324,0.00011664,-0.00030941,0.00009357,13:04:37..077,,,,
13:04:37..156,31.62883284,-0.004446,-0.00013954,0.00067564,0.00035445,0.00017895,0.00113284,0.00011663,-0.00030943,0.00009364,13:04:37..154,,,,
13:04:37..188,31.10134086,-0.004666,-0.00013984,0.00067403,0.0003558,0.00017939,0.00113138,0.00011492,-0.0003087,0.00009479,13:04:37..197,,,,
13:04:37..299,30.9772251,-0.004666,-0.00013997,0.00067415,0.00035625,0.00017948,0.00113141,0.00011355,-0.00030897,0.00009503,13:04:37..297,,,,
13:04:37..332,30.47559057,-0.004904,-0.00014074,0.00067205,0.00035705,0.00017985,0.00113012,0.00011125,-0.0003082,0.00009589,13:04:37..341,,,,
13:04:37..464,30.34630332,-0.004904,-0.0001406,0.0006722,0.00035723,0.00017968,0.00113036,0.00011292,-0.00030826,0.00009609,13:04:37..462,,,,
13:04:37..497,29.75158197,-0.005122,-0.00014086,0.00067066,0.00035891,0.00017989,0.00112971,0.0001103,-0.00030756,0.00009697,13:04:37..506,,,,
13:04:37..551,29.66366664,-0.005122,-0.00014124,0.00067055,0.0003586,0.00017977,0.00112929,0.00010965,-0.00030779,0.00009715,13:04:37..609,,,,
13:04:37..619,29.477493,-0.005122,-0.00014095,0.00067045,0.00035866,0.00017964,0.0011293,0.00011023,-0.00030754,0.00009728,13:04:37..609,,,,
13:04:37..651,29.22926148,-0.005194,-0.00014164,0.00066926,0.0003599,0.00017997,0.00112796,0.00010758,-0.00030714,0.00009785,13:04:37..654,,,,
13:04:37..698,29.00688741,-0.005194,-0.00014158,0.00066923,0.00036025,0.00017991,0.0011278,0.00010887,-0.00030752,0.00009765,13:04:37..757,,,,
13:04:37..776,28.87242867,-0.005194,-0.00014172,0.00066948,0.00036015,0.00018019,0.00112831,0.00010733,-0.00030713,0.00009771,13:04:37..757,,,,
13:04:37..810,28.62936864,-0.005501,-0.00014236,0.00066769,0.00036157,0.00018037,0.00112702,0.00010566,-0.00030656,0.00009852,13:04:37..874,,,,
13:04:37..987,28.46905245,-0.005501,-0.00014227,0.00066767,0.00036155,0.00018015,0.00112721,0.00010643,-0.00030709,0.00009839,13:04:37..874,,,,
13:04:38..019,27.8226162,-0.005499,-0.00014263,0.00066529,0.00036291,0.00018053,0.00112649,0.00010439,-0.00030621,0.00009908,13:04:37..988,,,,
13:04:38..131,27.67264299,-0.005471,-0.00014274,0.00066583,0.00036314,0.00018061,0.00112607,0.0001036,-0.00030601,0.00010004,13:04:38..204,,,,
13:04:38..248,27.35201061,-0.005471,-0.0001429,0.00066563,0.0003631,0.00018064,0.00112603,0.00010459,-0.0003063,0.00009998,13:04:38..249,,,,
13:04:38..282,27.03654972,-0.005357,-0.00014362,0.00066329,0.00036513,0.00018072,0.00112434,0.0001004,-0.00030595,0.00010076,13:04:38..249,,,,
13:04:38..402,26.9434629,-0.005001,-0.00014333,0.00066313,0.00036491,0.00018048,0.00112433,0.00010139,-0.0003061,0.00010098,13:04:38..488,,,,
13:04:38..548,26.57111562,-0.005001,-0.00014377,0.00066358,0.00036454,0.00018058,0.00112424,0.00010095,-0.00030576,0.00010081,13:04:38..547,,,,
13:04:38..581,26.13153897,-0.004832,-0.00014391,0.00066113,0.00036669,0.00018139,0.00112329,0.00009879,-0.00030464,0.00010204,13:04:38..591,,,,
13:04:38..766,26.08499556,-0.004832,-0.00014437,0.00066109,0.00036663,0.00018088,0.00112335,0.00009758,-0.00030522,0.00010192,13:04:38..765,,,,
13:04:38..800,25.56267507,-0.004482,-0.00014484,0.00065865,0.00036837,0.00018155,0.00112253,0.00009658,-0.00030454,0.00010268,13:04:38..809,,,,
13:04:38..865,25.45407378,-0.004197,-0.00014474,0.00065919,0.00036842,0.00018176,0.00112197,0.00009582,-0.0003045,0.0001033,13:04:38..917,,,,
13:04:38..965,25.25755716,-0.004197,-0.00014513,0.00065864,0.00036861,0.0001812,0.00112183,0.00009627,-0.00030467,0.00010284,13:04:38..917,,,,
13:04:38..999,25.00932564,-0.003885,-0.00014607,0.00065753,0.00036971,0.00018163,0.00112141,0.00009443,-0.00030367,0.00010403,13:04:39..009,,,,
13:04:39..075,24.94209627,-0.003885,-0.00014624,0.00065745,0.00036968,0.00018199,0.00112162,0.00009417,-0.00030382,0.00010418,13:04:39..158,,,,
13:04:39..180,24.74557965,-0.003885,-0.00014568,0.00065741,0.00037007,0.00018139,0.00112113,0.00009448,-0.0003044,0.00010367,13:04:39..158,,,,
13:04:39..214,24.5128626,-0.00365,-0.00014699,0.00065674,0.00036973,0.00018202,0.00112076,0.00009302,-0.00030427,0.00010409,13:04:39..290,,,,
13:04:39..386,24.41977578,-0.00365,-0.0001465,0.00065684,0.00037052,0.00018178,0.00112118,0.00009437,-0.0003041,0.0001044,13:04:39..385,,,,
13:04:39..418,23.9957136,-0.003907,-0.00014789,0.00065435,0.00037249,0.00018219,0.00111991,0.00009176,-0.00030285,0.000105,13:04:39..428,,,,
13:04:39..602,23.92331274,-0.003907,-0.00014816,0.00065425,0.00037169,0.00018233,0.00111985,0.00009089,-0.00030325,0.00010457,13:04:39..601,,,,
13:04:39..634,23.54579397,-0.004115,-0.00014915,0.00065227,0.0003731,0.00018256,0.00111894,0.00008915,-0.00030256,0.00010559,13:04:39..601,,,,
13:04:39..719,23.5302795,-0.004004,-0.0001492,0.00065198,0.00037356,0.00018271,0.00111864,0.00009039,-0.00030281,0.0001056,13:04:39..778,,,,
13:04:39..857,23.33893437,-0.004004,-0.00014941,0.00065241,0.00037308,0.00018261,0.00111856,0.00008895,-0.00030287,0.00010597,13:04:39..870,,,,
13:04:39..889,23.05967391,-0.004003,-0.00014973,0.0006516,0.00037391,0.0001832,0.00111838,0.0000892,-0.00030265,0.00010561,13:04:39..913,,,,
13:04:39..953,22.98727305,-0.003918,-0.00014988,0.00065176,0.00037348,0.00018297,0.00111795,0.00008856,-0.00030269,0.00010535,13:04:40..024,,,,
13:04:40..074,22.89418623,-0.003918,-0.00014982,0.00065141,0.00037378,0.00018293,0.00111884,0.00008954,-0.00030244,0.00010557,13:04:40..074,,,,
13:04:40..108,22.52701044,-0.003821,-0.0001506,0.00064963,0.00037446,0.00018321,0.00111781,0.00008814,-0.00030241,0.00010576,13:04:40..118,,,,
13:04:40..230,22.40289468,-0.003821,-0.00015077,0.00064966,0.00037464,0.00018265,0.00111756,0.00008707,-0.00030224,0.0001059,13:04:40..229,,,,
13:04:40..264,22.20120657,-0.003814,-0.00015201,0.0006479,0.00037616,0.00018311,0.0011166,0.00008565,-0.00030203,0.00010583,13:04:40..271,,,,
13:04:40..392,22.15983465,-0.003814,-0.0001524,0.00064783,0.00037648,0.00018369,0.00111733,0.00008603,-0.00030212,0.00010596,13:04:40..391,,,,
13:04:40..426,21.95297505,-0.003762,-0.00015312,0.00064627,0.00037709,0.00018361,0.00111647,0.00008485,-0.0003008,0.00010652,13:04:40..435,,,,
13:04:40..571,21.95297505,-0.003762,-0.00015308,0.00064635,0.00037707,0.00018372,0.00111601,0.0000845,-0.0003015,0.00010612,13:04:40..568,,,,
13:04:40..603,21.67888608,-0.003762,-0.000154,0.00064468,0.00037791,0.00018387,0.00111568,0.00008402,-0.00030091,0.00010661,13:04:40..568,,,,
13:04:40..639,21.63234267,-0.003701,-0.00015419,0.00064491,0.00037793,0.00018358,0.00111549,0.00008324,-0.00030124,0.00010669,13:04:40..682,,,,
13:04:40..738,21.58579926,-0.003701,-0.00015454,0.0006448,0.00037802,0.00018361,0.00111573,0.00008341,-0.00030095,0.00010641,13:04:40..682,,,,
13:04:40..773,21.45651201,-0.00367,-0.00015495,0.00064378,0.0003788,0.00018367,0.00111512,0.0000827,-0.00030096,0.0001063,13:04:40..784,,,,
13:04:40..860,21.36342519,-0.00367,-0.00015513,0.00064396,0.00037888,0.0001837,0.00111494,0.00008204,-0.00030105,0.00010665,13:04:40..860,,,,
13:04:40..896,21.21345198,-0.003522,-0.00015556,0.0006437,0.0003792,0.00018409,0.00111532,0.00008201,-0.00030104,0.00010662,13:04:40..904,,,,
13:04:41..012,21.19276602,-0.003522,-0.00015626,0.00064313,0.00037918,0.00018407,0.00111499,0.00008193,-0.000301,0.00010611,13:04:41..011,,,,
13:04:41..047,20.98073493,-0.003388,-0.00015661,0.00064216,0.00037961,0.00018388,0.00111413,0.00008067,-0.00030002,0.00010669,13:04:41..055,,,,
13:04:41..213,20.97556344,-0.003388,-0.00015596,0.00064184,0.00037969,0.00018396,0.00111478,0.00008228,-0.00030039,0.00010644,13:04:41..210,,,,
13:04:41..245,20.67044553,-0.003231,-0.00015727,0.00064085,0.00038053,0.00018389,0.00111379,0.0000808,-0.00030056,0.00010607,13:04:41..255,,,,
13:04:41..378,20.66010255,-0.003231,-0.00015707,0.00064135,0.0003803,0.00018404,0.00111406,0.00008022,-0.00030058,0.00010673,13:04:41..376,,,,
13:04:41..410,20.45324295,-0.003266,-0.0001578,0.00063998,0.00038048,0.00018418,0.00111422,0.00008051,-0.00030044,0.00010595,13:04:41..417,,,,
13:04:41..517,20.41704252,-0.003266,-0.0001583,0.00064037,0.00038102,0.000184,0.0011131,0.00007955,-0.00030093,0.00010708,13:04:41..515,,,,
13:04:41..549,20.34981315,-0.003393,-0.00015825,0.00063942,0.00038123,0.00018443,0.00111314,0.0000795,-0.00030003,0.00010635,13:04:41..558,,,,
13:04:41..675,20.30844123,-0.003393,-0.00015836,0.00063945,0.0003816,0.00018467,0.00111309,0.00007881,-0.00030011,0.0001069,13:04:41..674,,,,
13:04:41..707,20.08089567,-0.003531,-0.00015908,0.00063828,0.00038235,0.00018435,0.00111306,0.00007873,-0.0003003,0.00010659,13:04:41..674,,,,
13:04:41..811,20.11192461,-0.003531,-0.00015892,0.00063893,0.00038207,0.00018508,0.00111333,0.0000782,-0.00029999,0.00010666,13:04:41..857,,,,
13:04:41..865,19.90506501,-0.003531,-0.00015924,0.00063884,0.0003826,0.00018484,0.00111326,0.00007888,-0.00030035,0.00010649,13:04:41..857,,,,
13:04:41..900,19.83266415,-0.003874,-0.00016,0.00063798,0.00038252,0.00018471,0.00111266,0.00007722,-0.0002998,0.00010667,13:04:41..951,,,,
13:04:42..007,19.86369309,-0.003874,-0.00016017,0.00063771,0.00038226,0.00018471,0.00111276,0.00007772,-0.00030033,0.00010665,13:04:42..006,,,,
13:04:42..038,19.74474882,-0.003929,-0.00016057,0.00063711,0.00038308,0.00018469,0.00111214,0.00007645,-0.00030017,0.00010698,13:04:42..006,,,,
13:04:42..100,19.71371988,-0.003929,-0.00016066,0.00063701,0.00038278,0.00018485,0.00111247,0.0000773,-0.00029989,0.0001065,13:04:42..133,,,,
13:04:42..141,19.7033769,-0.003929,-0.0001604,0.00063706,0.00038267,0.00018498,0.00111211,0.00007653,-0.00029955,0.00010683,13:04:42..133,,,,
13:04:42..174,19.5482322,-0.00403,-0.00016085,0.00063672,0.00038399,0.00018454,0.00111216,0.00007595,-0.00030009,0.00010673,13:04:42..175,,,,
13:04:42..269,19.55340369,-0.00403,-0.00016018,0.00063633,0.00038356,0.00018524,0.00111204,0.00007708,-0.00029984,0.00010632,13:04:42..267,,,,
13:04:42..302,19.49134581,-0.003988,-0.00016129,0.00063569,0.00038367,0.00018511,0.00111224,0.00007684,-0.00029978,0.00010676,13:04:42..310,,,,
13:04:42..449,19.49134581,-0.003988,-0.00016133,0.00063617,0.00038377,0.00018535,0.00111187,0.00007565,-0.00029907,0.00010706,13:04:42..447,,,,
13:04:42..483,19.33102962,-0.003895,-0.00016198,0.00063542,0.00038434,0.00018497,0.00111172,0.00007585,-0.00029978,0.00010679,13:04:42..491,,,,
13:04:42..586,19.33102962,-0.003895,-0.00016217,0.00063549,0.00038412,0.00018477,0.00111109,0.00007585,-0.00029943,0.00010662,13:04:42..586,,,,
13:04:42..620,19.21725684,-0.00395,-0.00016231,0.00063473,0.00038459,0.00018483,0.00111102,0.00007488,-0.00029942,0.00010692,13:04:42..631,,,,
13:04:42..722,19.20691386,-0.00395,-0.00016213,0.00063473,0.0003844,0.00018503,0.00111164,0.00007563,-0.00029958,0.00010678,13:04:42..720,,,,
13:04:42..754,19.11899853,-0.004242,-0.00016236,0.00063433,0.00038453,0.00018491,0.00111172,0.00007531,-0.00029937,0.00010687,13:04:42..763,,,,
13:04:42..868,19.12934151,-0.004242,-0.00016243,0.00063439,0.00038464,0.00018516,0.00111103,0.00007428,-0.00029916,0.00010755,13:04:42..866,,,,
13:04:42..901,18.98971128,-0.004603,-0.00016282,0.00063389,0.00038455,0.00018517,0.00111074,0.00007335,-0.00029924,0.00010728,13:04:42..910,,,,
13:04:42..993,19.00005426,-0.004603,-0.00016315,0.00063363,0.00038481,0.00018507,0.00111068,0.00007451,-0.00029923,0.00010689,13:04:42..992,,,,
13:04:43..026,18.89662446,-0.004805,-0.0001633,0.00063305,0.00038514,0.00018556,0.00111067,0.00007457,-0.0002995,0.00010714,13:04:43..035,,,,
13:04:43..144,18.86042403,-0.004805,-0.00016364,0.00063339,0.00038485,0.00018529,0.00111009,0.00007329,-0.00029945,0.00010688,13:04:43..141,,,,
13:04:43..176,18.80870913,-0.004978,-0.00016397,0.00063322,0.00038544,0.00018582,0.00111016,0.00007308,-0.00029873,0.00010698,13:04:43..185,,,,
13:04:43..325,18.80353764,-0.004978,-0.00016365,0.00063307,0.00038604,0.00018557,0.00111037,0.00007362,-0.00029889,0.00010703,13:04:43..323,,,,
13:04:43..356,18.73113678,-0.005148,-0.00016454,0.00063253,0.00038542,0.00018581,0.00110974,0.00007273,-0.00029891,0.00010707,13:04:43..368,,,,
13:04:43..496,18.71045082,-0.005148,-0.00016416,0.00063232,0.00038553,0.00018581,0.00111026,0.00007397,-0.00029933,0.00010667,13:04:43..493,,,,
13:04:43..529,18.617364,-0.005169,-0.00016476,0.00063164,0.00038634,0.00018545,0.00110955,0.00007239,-0.00029896,0.00010757,13:04:43..538,,,,
13:04:43..674,18.57082059,-0.005169,-0.00016459,0.00063198,0.00038632,0.00018584,0.00111024,0.00007328,-0.00029952,0.00010679,13:04:43..672,,,,
13:04:43..706,18.49324824,-0.005227,-0.0001651,0.00063128,0.00038643,0.00018582,0.0011096,0.00007292,-0.00029926,0.00010694,13:04:43..716,,,,
13:04:43..780,18.5139342,-0.005227,-0.00016498,0.00063214,0.00038622,0.00018568,0.00110993,0.00007181,-0.00029892,0.00010719,13:04:43..859,,,,
13:04:43..868,18.49841973,-0.005227,-0.00016502,0.00063102,0.00038658,0.0001856,0.00110989,0.0000727,-0.00029921,0.00010683,13:04:43..859,,,,
13:04:43..903,18.40016142,-0.005311,-0.00016532,0.00063118,0.00038662,0.00018551,0.00110969,0.00007159,-0.00029922,0.00010725,13:04:43..904,,,,
13:04:43..961,18.40533291,-0.005311,-0.00016504,0.00063097,0.00038654,0.00018598,0.00110946,0.0000723,-0.00029887,0.00010706,13:04:44..009,,,,
13:04:44..033,18.33293205,-0.005311,-0.00016535,0.00063119,0.00038649,0.00018601,0.00110949,0.00007134,-0.00029905,0.00010752,13:04:44..009,,,,
13:04:44..066,18.36913248,-0.005066,-0.00016571,0.00063088,0.00038663,0.00018566,0.00110968,0.00007068,-0.00029882,0.00010729,13:04:44..097,,,,
13:04:44..179,18.3070746,-0.005066,-0.00016554,0.00063061,0.00038669,0.00018645,0.00110982,0.00007233,-0.00029874,0.00010738,13:04:44..177,,,,
13:04:44..211,18.48290526,-0.004846,-0.00016603,0.00063035,0.00038694,0.00018596,0.0011091,0.00007054,-0.00029899,0.0001073,13:04:44..221,,,,
13:04:44..331,18.48290526,-0.004846,-0.00016579,0.00063004,0.00038704,0.00018598,0.00110949,0.00007148,-0.00029916,0.00010663,13:04:44..328,,,,
13:04:44..363,18.43636185,-0.004609,-0.00016612,0.00063003,0.00038731,0.00018602,0.00110881,0.0000706,-0.000299,0.00010697,13:04:44..372,,,,
13:04:44..501,18.40016142,-0.004609,-0.00016583,0.0006301,0.00038747,0.00018612,0.00110912,0.00007099,-0.00029915,0.000107,13:04:44..500,,,,
13:04:44..535,18.3587895,-0.004169,-0.00016612,0.00062954,0.00038766,0.0001865,0.00110938,0.00007119,-0.00029859,0.00010712,13:04:44..542,,,,
13:04:44..683,18.29156013,-0.004169,-0.00016702,0.00062971,0.00038793,0.00018601,0.0011094,0.00006962,-0.00029891,0.00010745,13:04:44..681,,,,
13:04:44..716,18.24501672,-0.004031,-0.00016685,0.00062931,0.00038768,0.00018643,0.00110894,0.00006982,-0.00029931,0.00010733,13:04:44..681,,,,
13:04:44..818,18.21915927,-0.004031,-0.00016691,0.00062923,0.00038776,0.00018636,0.00110897,0.00007056,-0.00029876,0.0001073,13:04:44..876,,,,
13:04:44..886,18.14675841,-0.004031,-0.00016704,0.00062904,0.00038744,0.0001864,0.00110897,0.00007017,-0.00029878,0.00010706,13:04:44..876,,,,
13:04:44..919,18.12607245,-0.00391,-0.00016724,0.00062881,0.00038779,0.00018661,0.00110899,0.00007007,-0.00029884,0.00010719,13:04:44..918,,,,
13:04:45..016,18.08987202,-0.00391,-0.00016723,0.00062851,0.00038803,0.0001863,0.00110871,0.00007045,-0.00029859,0.00010765,13:04:45..017,,,,
13:04:45..049,18.08987202,-0.003943,-0.00016778,0.00062761,0.00038773,0.00018651,0.00110861,0.00006954,-0.00029887,0.0001065,13:04:45..060,,,,
13:04:45..174,18.05884308,-0.003943,-0.00016728,0.00062801,0.0003877,0.00018632,0.00110852,0.00007011,-0.00029917,0.0001069,13:04:45..171,,,,
13:04:45..206,17.9967852,-0.0039,-0.00016797,0.0006282,0.00038812,0.00018644,0.00110907,0.00006936,-0.00029871,0.0001068,13:04:45..216,,,,
13:04:45..311,17.95024179,-0.0039,-0.0001673,0.00062818,0.00038798,0.00018704,0.00110882,0.00007029,-0.00029894,0.00010724,13:04:45..309,,,,
13:04:45..343,17.95024179,-0.003828,-0.00016798,0.00062792,0.00038835,0.00018667,0.00110887,0.00006903,-0.00029883,0.00010714,13:04:45..354,,,,
13:04:45..469,17.91921285,-0.003828,-0.00016722,0.00062776,0.00038827,0.00018658,0.00110906,0.00007033,-0.00029928,0.00010697,13:04:45..467,,,,
13:04:45..500,17.88818391,-0.003748,-0.00016829,0.00062777,0.00038867,0.00018693,0.00110857,0.00006917,-0.0002985,0.00010724,13:04:45..511,,,,
13:04:45..632,17.88818391,-0.003748,-0.00016778,0.0006275,0.00038897,0.00018707,0.00110901,0.00006971,-0.00029841,0.00010725,13:04:45..630,,,,
13:04:45..663,17.82095454,-0.003844,-0.00016793,0.00062677,0.00038903,0.00018664,0.00110875,0.0000693,-0.00029868,0.00010734,13:04:45..673,,,,
13:04:45..793,17.8416405,-0.003844,-0.00016854,0.00062709,0.00038873,0.00018642,0.00110865,0.00006862,-0.00029853,0.00010735,13:04:45..790,,,,
13:04:45..825,17.77441113,-0.003899,-0.00016851,0.00062679,0.00038924,0.00018675,0.00110811,0.00006818,-0.00029876,0.00010686,13:04:45..832,,,,
13:04:45..934,17.72786772,-0.003899,-0.00016814,0.00062649,0.00038904,0.00018682,0.00110864,0.0000694,-0.00029849,0.00010701,13:04:45..931,,,,
13:04:45..967,17.71235325,-0.003934,-0.00016874,0.00062645,0.0003887,0.00018694,0.0011084,0.00006873,-0.00029862,0.00010708,13:04:45..976,,,,
13:04:46..084,17.71752474,-0.003934,-0.00016853,0.00062662,0.00038911,0.00018671,0.00110793,0.00006808,-0.00029847,0.00010718,13:04:46..082,,,,
13:04:46..117,17.62960941,-0.003923,-0.00016835,0.00062602,0.00038923,0.00018708,0.00110865,0.00006867,-0.00029828,0.00010674,13:04:46..125,,,,
13:04:46..250,17.65029537,-0.003923,-0.00016856,0.00062647,0.00038905,0.00018693,0.00110891,0.00006866,-0.00029823,0.00010743,13:04:46..247,,,,
13:04:46..282,17.54169408,-0.003967,-0.00016884,0.00062585,0.00038919,0.00018717,0.00110763,0.00006926,-0.00029869,0.00010717,13:04:46..247,,,,
13:04:46..369,17.55720855,-0.003967,-0.00016863,0.00062631,0.00038945,0.00018727,0.0011086,0.00006778,-0.00029836,0.00010687,13:04:46..399,,,,
13:04:46..423,17.52100812,-0.003967,-0.00016846,0.00062579,0.00038964,0.00018667,0.00110775,0.00006901,-0.00029873,0.00010682,13:04:46..399,,,,
13:04:46..455,17.49515067,-0.00391,-0.00016941,0.00062569,0.00038952,0.00018733,0.00110795,0.00006787,-0.0002984,0.0001068,13:04:46..486,,,,
13:04:46..575,17.5313511,-0.00391,-0.00016914,0.00062555,0.00038943,0.00018698,0.0011083,0.00006847,-0.00029827,0.00010709,13:04:46..573,,,,
13:04:46..608,17.46412173,-0.00391,-0.00016936,0.00062597,0.00038945,0.00018757,0.00110789,0.00006746,-0.00029829,0.00010745,13:04:46..617,,,,
13:04:46..700,17.43826428,-0.00391,-0.00016893,0.00062549,0.00038939,0.00018763,0.00110804,0.0000686,-0.00029822,0.00010693,13:04:46..698,,,,
13:04:46..732,17.44860726,-0.003941,-0.0001692,0.00062547,0.0003897,0.00018722,0.00110752,0.00006836,-0.00029828,0.00010704,13:04:46..743,,,,
13:04:46..872,17.44343577,-0.003941,-0.00016954,0.00062558,0.00038997,0.00018694,0.00110769,0.00006708,-0.00029839,0.00010701,13:04:46..870,,,,
13:04:46..904,17.36586342,-0.004068,-0.00016959,0.00062493,0.00038952,0.00018696,0.00110762,0.00006735,-0.00029809,0.00010657,13:04:46..915,,,,
13:04:46..974,17.35552044,-0.004182,-0.00017006,0.00062489,0.00038936,0.00018754,0.00110729,0.0000674,-0.00029806,0.00010648,13:04:47..021,,,,
13:04:47..069,17.32966299,-0.004182,-0.00016922,0.00062523,0.00038996,0.00018762,0.00110741,0.00006758,-0.00029828,0.000107,13:04:47..081,,,,
13:04:47..103,17.34000597,-0.004304,-0.00016977,0.00062462,0.00038955,0.00018749,0.00110726,0.00006731,-0.00029849,0.00010705,13:04:47..081,,,,
13:04:47..157,17.27794809,-0.004304,-0.00016997,0.00062486,0.00038976,0.00018728,0.00110741,0.00006686,-0.00029791,0.00010677,13:04:47..183,,,,
13:04:47..218,17.28829107,-0.004304,-0.00016939,0.00062554,0.00038965,0.00018707,0.00110798,0.00006773,-0.00029811,0.00010686,13:04:47..183,,,,
13:04:47..252,17.28311958,-0.004223,-0.00017013,0.00062463,0.00038985,0.00018746,0.001107,0.00006721,-0.00029875,0.00010674,13:04:47..272,,,,
13:04:47..385,17.22623319,-0.004223,-0.00017015,0.00062464,0.00039011,0.00018744,0.00110707,0.00006644,-0.00029813,0.00010719,13:04:47..382,,,,
13:04:47..417,17.23140468,-0.004323,-0.00017039,0.00062397,0.00038965,0.00018705,0.00110679,0.00006642,-0.00029845,0.00010674,13:04:47..382,,,,
13:04:47..484,17.20037574,-0.004323,-0.00017012,0.00062399,0.00038992,0.00018724,0.00110719,0.00006735,-0.00029816,0.00010653,13:04:47..527,,,,
13:04:47..535,17.13314637,-0.004323,-0.00017047,0.00062444,0.00038963,0.00018747,0.0011071,0.00006632,-0.00029804,0.00010723,13:04:47..527,,,,
13:04:47..569,17.14866084,-0.004289,-0.00017015,0.0006238,0.00039004,0.0001876,0.00110723,0.00006729,-0.00029823,0.000107,13:04:47..570,,,,
13:04:47..613,17.13314637,-0.004289,-0.00017068,0.00062396,0.00038993,0.00018739,0.00110665,0.00006597,-0.00029839,0.00010682,13:04:47..664,,,,
13:04:47..673,17.14866084,-0.004289,-0.00017028,0.00062361,0.00039028,0.00018771,0.00110741,0.00006693,-0.0002983,0.00010668,13:04:47..664,,,,
13:04:47..707,17.13314637,-0.00418,-0.00017091,0.00062369,0.00039,0.0001872,0.00110681,0.0000662,-0.00029827,0.00010735,13:04:47..757,,,,
13:04:47..804,17.13831786,-0.00418,-0.00017072,0.00062363,0.00038994,0.00018723,0.00110676,0.00006689,-0.00029811,0.00010652,13:04:47..801,,,,
13:04:47..836,17.10211743,-0.004072,-0.00017067,0.00062387,0.00038981,0.00018733,0.001107,0.00006626,-0.00029853,0.00010679,13:04:47..844,,,,
13:04:47..961,17.08660296,-0.004072,-0.00017083,0.00062346,0.00039013,0.000187,0.00110726,0.00006664,-0.00029824,0.00010677,13:04:47..958,,,,
13:04:47..993,17.04005955,-0.003876,-0.00017097,0.00062321,0.00039034,0.00018748,0.00110648,0.00006686,-0.00029863,0.00010663,13:04:48..003,,,,
13:04:48..110,17.04523104,-0.003876,-0.00017118,0.00062345,0.00039037,0.00018746,0.00110661,0.00006568,-0.00029825,0.00010649,13:04:48..107,,,,
13:04:48..141,16.99868763,-0.003679,-0.00017087,0.00062363,0.00039051,0.00018791,0.00110662,0.00006582,-0.00029814,0.00010705,13:04:48..150,,,,
13:04:48..291,17.0142021,-0.003679,-0.00017073,0.00062357,0.00039015,0.00018769,0.00110734,0.00006694,-0.00029791,0.00010736,13:04:48..288,,,,
13:04:48..323,16.92628677,-0.003745,-0.00017142,0.00062263,0.0003904,0.00018703,0.00110684,0.00006588,-0.00029796,0.00010703,13:04:48..331,,,,
13:04:48..438,16.92628677,-0.003745,-0.0001712,0.00062253,0.00039004,0.0001877,0.00110639,0.00006593,-0.00029824,0.00010695,13:04:48..436,,,,
13:04:48..471,16.93145826,-0.003818,-0.00017145,0.00062293,0.00039054,0.00018734,0.00110611,0.00006656,-0.00029791,0.00010683,13:04:48..481,,,,
13:04:48..601,16.93145826,-0.003818,-0.00017176,0.00062307,0.00039026,0.00018682,0.00110645,0.00006549,-0.00029782,0.00010666,13:04:48..599,,,,
13:04:48..633,16.84871442,-0.00378,-0.00017125,0.00062257,0.00039047,0.00018778,0.00110666,0.00006648,-0.00029786,0.00010705,13:04:48..643,,,,
13:04:48..750,16.88491485,-0.00378,-0.00017195,0.00062296,0.0003906,0.00018708,0.00110656,0.00006554,-0.00029821,0.00010685,13:04:48..749,,,,
13:04:48..783,16.8073425,-0.003876,-0.00017171,0.00062251,0.00039062,0.00018705,0.0011061,0.00006596,-0.00029795,0.000107,13:04:48..794,,,,
13:04:48..929,16.79182803,-0.003876,-0.00017194,0.0006225,0.00039029,0.00018783,0.00110634,0.00006623,-0.00029797,0.00010699,13:04:48..926,,,,
13:04:48..960,16.71942717,-0.004015,-0.00017176,0.00062181,0.00039044,0.00018677,0.0011058,0.00006625,-0.00029844,0.00010635,13:04:48..970,,,,
13:04:49..036,16.73494164,-0.004015,-0.00017199,0.00062186,0.0003905,0.00018736,0.00110525,0.0000646,-0.0002982,0.00010699,13:04:49..083,,,,
13:04:49..099,16.83837144,-0.004015,-0.00017144,0.00062206,0.00039014,0.00018735,0.00110586,0.00006598,-0.00029823,0.00010647,13:04:49..083,,,,
13:04:49..133,16.71425568,-0.004385,-0.00017194,0.00062222,0.00039019,0.0001871,0.00110589,0.00006524,-0.00029817,0.00010673,13:04:49..172,,,,
13:04:49..286,16.68839823,-0.004385,-0.00017179,0.00062214,0.00039027,0.00018738,0.00110572,0.00006506,-0.00029809,0.00010706,13:04:49..283,,,,
13:04:49..317,16.67288376,-0.004685,-0.00017219,0.00062201,0.00039074,0.00018771,0.00110579,0.00006483,-0.00029803,0.00010692,13:04:49..327,,,,
13:04:49..478,16.69356972,-0.004685,-0.00017224,0.00062184,0.00039057,0.00018723,0.001106,0.00006588,-0.00029786,0.00010665,13:04:49..476,,,,
13:04:49..511,16.67288376,-0.004988,-0.00017221,0.00062143,0.00039096,0.00018732,0.00110551,0.00006577,-0.00029802,0.00010676,13:04:49..518,,,,
13:04:49..659,16.68839823,-0.004988,-0.00017222,0.00062155,0.00039099,0.00018698,0.00110569,0.00006473,-0.0002976,0.00010679,13:04:49..657,,,,
13:04:49..690,16.62116886,-0.005065,-0.0001727,0.00062172,0.00039067,0.00018691,0.00110541,0.00006471,-0.00029777,0.00010721,13:04:49..700,,,,
13:04:49..868,16.66254078,-0.005065,-0.00017234,0.00062096,0.00039051,0.00018718,0.00110559,0.00006538,-0.0002981,0.00010657,13:04:49..865,,,,
13:04:49..902,16.62116886,-0.004995,-0.00017252,0.00062137,0.00039097,0.00018761,0.00110535,0.00006587,-0.00029768,0.000107,13:04:49..911,,,,
13:04:49..979,16.63151184,-0.005028,-0.00017229,0.00062132,0.00039116,0.00018725,0.00110572,0.0000643,-0.00029773,0.00010713,13:04:50..059,,,,
13:04:50..153,16.53325353,-0.005028,-0.00017271,0.00062116,0.00039102,0.00018678,0.00110526,0.00006554,-0.00029822,0.00010638,13:04:50..059,,,,
13:04:50..185,16.46085267,-0.005372,-0.0001729,0.00062094,0.00039066,0.00018685,0.00110556,0.00006508,-0.0002976,0.00010656,13:04:50..196,,,,
13:04:50..386,16.548768,-0.005372,-0.00017285,0.00062099,0.00039077,0.00018712,0.00110528,0.00006428,-0.00029763,0.00010719,13:04:50..385,,,,
13:04:50..420,16.6004829,-0.005824,-0.00017344,0.0006209,0.0003908,0.00018636,0.00110505,0.00006365,-0.00029744,0.00010595,13:04:50..430,,,,
13:04:50..572,16.57979694,-0.005824,-0.00017323,0.00062029,0.00039082,0.00018678,0.00110551,0.00006499,-0.00029779,0.00010622,13:04:50..570,,,,
13:04:50..605,16.47119565,-0.005847,-0.00017313,0.00061997,0.00039101,0.00018667,0.00110528,0.00006506,-0.00029733,0.00010673,13:04:50..613,,,,
13:04:50..753,16.41948075,-0.005847,-0.000173,0.00062028,0.00039077,0.00018687,0.0011049,0.00006382,-0.00029762,0.00010658,13:04:50..750,,,,
13:04:50..786,16.46602416,-0.006014,-0.00017341,0.00062002,0.00039082,0.00018694,0.00110487,0.0000637,-0.00029817,0.00010669,13:04:50..794,,,,
13:04:50..924,16.41430926,-0.006014,-0.00017322,0.00061954,0.00039104,0.00018676,0.00110465,0.00006455,-0.00029787,0.00010625,13:04:50..922,,,,
13:04:50..957,16.39879479,-0.006214,-0.00017394,0.00062032,0.00039141,0.00018686,0.00110485,0.00006412,-0.00029759,0.00010653,13:04:50..922,,,,
13:04:51..063,16.30570797,-0.006214,-0.00017356,0.00062002,0.00039138,0.00018641,0.00110409,0.00006435,-0.00029772,0.0001063,13:04:51..130,,,,
13:04:51..139,16.3936233,-0.006214,-0.00017366,0.00062027,0.00039125,0.0001868,0.00110424,0.00006349,-0.00029786,0.00010656,13:04:51..130,,,,
13:04:51..173,16.27985052,-0.006222,-0.00017413,0.00061952,0.00039116,0.00018667,0.00110454,0.00006284,-0.00029743,0.00010618,13:04:51..173,,,,
13:04:51..301,16.30570797,-0.006222,-0.00017363,0.00061887,0.00039137,0.00018614,0.00110468,0.0000642,-0.0002983,0.00010628,13:04:51..300,,,,
13:04:51..334,16.26433605,-0.006143,-0.0001735,0.00061915,0.00039162,0.00018654,0.00110445,0.00006406,-0.00029768,0.00010677,13:04:51..344,,,,
13:04:51..454,16.25399307,-0.006143,-0.00017381,0.00061931,0.00039199,0.00018648,0.00110475,0.00006339,-0.00029782,0.00010658,13:04:51..452,,,,
13:04:51..485,16.25399307,-0.006117,-0.00017374,0.00061892,0.00039155,0.0001865,0.00110444,0.00006443,-0.00029794,0.00010635,13:04:51..497,,,,
13:04:51..622,16.20744966,-0.006117,-0.0001746,0.00061938,0.00039149,0.00018666,0.00110435,0.00006273,-0.00029772,0.00010652,13:04:51..619,,,,
13:04:51..654,16.22296413,-0.00576,-0.00017395,0.00061898,0.00039185,0.00018646,0.00110436,0.00006366,-0.00029812,0.00010627,13:04:51..663,,,,
13:04:51..717,16.22813562,-0.00576,-0.00017441,0.000619,0.0003921,0.0001862,0.00110415,0.0000632,-0.00029775,0.00010626,13:04:51..774,,,,
13:04:51..783,16.24365009,-0.00576,-0.0001739,0.00061912,0.00039193,0.00018623,0.00110367,0.00006405,-0.00029802,0.00010565,13:04:51..774,,,,
13:04:51..816,16.19710668,-0.005541,-0.00017421,0.00061922,0.0003922,0.00018627,0.00110443,0.00006409,-0.00029782,0.00010618,13:04:51..819,,,,
13:04:51..924,16.23330711,-0.005541,-0.00017441,0.00061882,0.00039203,0.00018614,0.00110425,0.0000632,-0.0002978,0.00010599,13:04:51..921,,,,
13:04:51..956,16.17124923,-0.005334,-0.00017428,0.00061877,0.00039252,0.0001862,0.00110442,0.00006257,-0.00029744,0.00010655,13:04:51..966,,,,
13:04:52..065,16.15056327,-0.005334,-0.00017416,0.00061889,0.00039271,0.00018667,0.00110422,0.00006483,-0.00029754,0.00010659,13:04:52..062,,,,
13:04:52..097,16.14539178,-0.005044,-0.00017473,0.00061897,0.00039284,0.0001859,0.00110438,0.00006329,-0.00029757,0.00010619,13:04:52..106,,,,
13:04:52..229,16.17642072,-0.005044,-0.00017421,0.00061861,0.00039263,0.00018592,0.00110437,0.0000645,-0.00029768,0.00010574,13:04:52..226,,,,
13:04:52..264,16.1350488,-0.005074,-0.00017444,0.00061871,0.00039223,0.00018633,0.00110379,0.0000633,-0.0002977,0.00010596,13:04:52..269,,,,
13:04:52..337,16.1350488,-0.005074,-0.00017482,0.00061845,0.00039227,0.000186,0.00110408,0.00006316,-0.00029743,0.00010622,13:04:52..416,,,,
13:04:52..428,16.08850539,-0.005074,-0.00017408,0.00061871,0.00039268,0.00018655,0.00110435,0.00006351,-0.00029808,0.00010637,13:04:52..416,,,,
13:04:52..460,16.11953433,-0.005283,-0.00017471,0.00061849,0.00039283,0.00018602,0.00110363,0.00006222,-0.00029787,0.00010593,13:04:52..521,,,,
13:04:52..590,16.15056327,-0.005283,-0.00017439,0.00061823,0.0003929,0.00018638,0.00110386,0.00006363,-0.00029786,0.00010654,13:04:52..588,,,,
13:04:52..622,16.05747645,-0.005347,-0.00017448,0.00061846,0.00039308,0.00018624,0.00110359,0.00006313,-0.00029752,0.00010588,13:04:52..632,,,,
13:04:52..661,16.10919135,-0.005467,-0.00017479,0.00061813,0.00039324,0.00018571,0.00110381,0.00006302,-0.00029756,0.00010607,13:04:52..741,,,,
13:04:52..788,16.031619,-0.005467,-0.00017455,0.0006187,0.000393,0.00018621,0.00110404,0.000063,-0.00029734,0.00010625,13:04:52..788,,,,
13:04:52..822,16.03679049,-0.00557,-0.0001751,0.00061748,0.00039294,0.00018581,0.00110364,0.00006352,-0.00029768,0.00010597,13:04:52..833,,,,
13:04:52..928,16.03679049,-0.00557,-0.0001752,0.00061817,0.00039314,0.00018639,0.0011036,0.00006276,-0.00029768,0.000106,13:04:52..926,,,,
13:04:52..960,16.05230496,-0.005536,-0.00017517,0.00061754,0.00039292,0.00018605,0.00110382,0.00006325,-0.00029738,0.00010595,13:04:52..972,,,,
13:04:53..092,16.02127602,-0.005536,-0.00017503,0.0006179,0.00039335,0.0001864,0.00110325,0.00006291,-0.00029769,0.00010557,13:04:53..090,,,,
13:04:53..124,16.04196198,-0.00573,-0.00017569,0.00061794,0.00039284,0.0001858,0.0011039,0.00006238,-0.00029808,0.00010572,13:04:53..133,,,,
13:04:53..248,16.01093304,-0.00573,-0.00017495,0.00061723,0.00039335,0.00018589,0.00110351,0.00006406,-0.00029791,0.00010587,13:04:53..246,,,,
13:04:53..281,15.95404665,-0.005823,-0.00017516,0.00061727,0.00039365,0.00018583,0.00110344,0.0000627,-0.00029775,0.00010584,13:04:53..288,,,,
13:04:53..327,16.00059006,-0.005878,-0.0001749,0.00061748,0.00039363,0.00018531,0.0011037,0.00006349,-0.00029768,0.00010601,13:04:53..395,,,,
13:04:53..428,15.98507559,-0.005878,-0.00017555,0.00061752,0.00039344,0.00018569,0.00110351,0.00006257,-0.00029763,0.00010583,13:04:53..395,,,,
13:04:53..462,15.96956112,-0.00582,-0.00017545,0.00061728,0.000394,0.00018555,0.00110322,0.0000634,-0.00029818,0.00010618,13:04:53..482,,,,
13:04:53..575,15.97473261,-0.00582,-0.0001755,0.00061759,0.00039351,0.00018574,0.00110341,0.00006225,-0.00029757,0.00010584,13:04:53..573,,,,
13:04:53..607,15.90750324,-0.005816,-0.00017573,0.00061711,0.00039348,0.00018511,0.00110307,0.00006294,-0.00029761,0.00010576,13:04:53..618,,,,
13:04:53..767,15.90750324,-0.005816,-0.00017598,0.00061741,0.00039397,0.00018578,0.00110297,0.00006267,-0.00029745,0.00010612,13:04:53..618,,,,
13:04:53..800,15.88164579,-0.005897,-0.00017605,0.00061733,0.00039428,0.00018523,0.00110308,0.00006198,-0.00029781,0.00010608,13:04:53..813,,,,
13:04:53..867,15.89198877,-0.005897,-0.00017568,0.00061676,0.00039376,0.00018503,0.00110283,0.00006338,-0.00029775,0.00010539,13:04:53..935,,,,
13:04:53..945,15.81958791,-0.005897,-0.00017595,0.00061699,0.00039399,0.0001855,0.00110324,0.00006169,-0.00029788,0.00010594,13:04:53..935,,,,
13:04:53..979,15.8764743,-0.005793,-0.00017563,0.00061694,0.00039392,0.0001851,0.00110325,0.00006197,-0.00029744,0.00010591,13:04:54..032,,,,
13:04:54..109,15.90233175,-0.005793,-0.00017574,0.00061671,0.00039411,0.00018471,0.00110334,0.00006266,-0.00029786,0.00010549,13:04:54..032,,,,
13:04:54..141,15.93853218,-0.005651,-0.00017565,0.00061643,0.00039376,0.00018506,0.0011027,0.00006306,-0.00029727,0.00010548,13:04:54..154,,,,
13:04:54..203,15.9281892,-0.005651,-0.00017614,0.00061688,0.0003944,0.00018501,0.00110275,0.0000617,-0.00029771,0.00010564,13:04:54..292,,,,
13:04:54..312,15.73167258,-0.005651,-0.00017653,0.0006163,0.00039395,0.00018477,0.00110257,0.00006279,-0.00029807,0.00010543,13:04:54..292,,,,
13:04:54..344,15.86095983,-0.005387,-0.00017634,0.00061613,0.0003943,0.00018488,0.00110252,0.0000618,-0.00029778,0.00010548,13:04:54..378,,,,
13:04:54..487,15.76787301,-0.005387,-0.00017599,0.00061647,0.00039434,0.00018499,0.00110303,0.00006233,-0.00029794,0.00010528,13:04:54..485,,,,
13:04:54..519,15.77821599,-0.005355,-0.00017599,0.0006167,0.00039478,0.00018534,0.00110243,0.00006266,-0.00029794,0.00010554,13:04:54..528,,,,
13:04:54..673,15.75753003,-0.005355,-0.00017609,0.00061682,0.00039471,0.0001846,0.00110225,0.00006149,-0.00029795,0.00010588,13:04:54..671,,,,
13:04:54..705,15.75753003,-0.005416,-0.0001761,0.0006159,0.0003941,0.00018468,0.00110212,0.00006213,-0.00029792,0.00010509,13:04:54..716,,,,
13:04:54..771,15.69030066,-0.005416,-0.00017611,0.00061628,0.00039472,0.00018507,0.00110235,0.00006222,-0.00029751,0.00010529,13:04:54..836,,,,
13:04:54..847,15.74201556,-0.005416,-0.00017675,0.00061609,0.00039441,0.00018515,0.00110276,0.00006196,-0.00029786,0.00010541,13:04:54..836,,,,
13:04:54..881,15.69030066,-0.005602,-0.00017672,0.00061602,0.00039439,0.0001846,0.00110236,0.00006104,-0.00029778,0.00010498,13:04:54..946,,,,
13:04:55..036,15.62824278,-0.005602,-0.00017613,0.00061533,0.00039423,0.00018448,0.00110257,0.00006271,-0.00029787,0.00010558,13:04:55..035,,,,
13:04:55..068,15.66444321,-0.005617,-0.000177,0.00061566,0.00039472,0.00018417,0.00110243,0.00006197,-0.00029787,0.00010542,13:04:55..077,,,,
13:04:55..123,15.63341427,-0.005617,-0.00017658,0.00061613,0.000395,0.00018432,0.00110201,0.00006121,-0.00029809,0.00010503,13:04:55..195,,,,
13:04:55..211,15.75753003,-0.005617,-0.00017639,0.00061596,0.00039496,0.00018475,0.00110258,0.00006215,-0.00029777,0.00010497,13:04:55..195,,,,
13:04:55..244,15.64375725,-0.005447,-0.00017658,0.00061563,0.0003951,0.00018446,0.00110297,0.00006209,-0.00029743,0.00010525,13:04:55..239,,,,
13:04:55..337,15.60238533,-0.005447,-0.00017648,0.00061589,0.00039514,0.00018471,0.00110237,0.00006112,-0.00029749,0.00010535,13:04:55..337,,,,
13:04:55..369,15.62307129,-0.005287,-0.00017654,0.00061517,0.00039506,0.00018467,0.0011023,0.0000621,-0.00029736,0.00010518,13:04:55..379,,,,
13:04:55..428,15.60238533,-0.005287,-0.00017664,0.000616,0.00039495,0.00018458,0.00110164,0.00006102,-0.00029775,0.00010514,13:04:55..478,,,,
13:04:55..488,15.64375725,-0.005287,-0.00017677,0.00061565,0.00039471,0.00018406,0.00110191,0.0000623,-0.00029769,0.00010493,13:04:55..478,,,,
13:04:55..520,15.70581513,-0.005241,-0.00017712,0.00061565,0.00039516,0.00018439,0.00110215,0.00006221,-0.00029798,0.00010496,13:04:55..523,,,,
13:04:55..555,15.57652788,-0.005187,-0.00017722,0.00061559,0.00039513,0.0001841,0.00110208,0.00006077,-0.00029776,0.00010483,13:04:55..617,,,,
13:04:55..694,15.60755682,-0.005187,-0.00017698,0.00061504,0.00039525,0.00018433,0.00110241,0.00006241,-0.00029775,0.00010491,13:04:55..617,,,,
13:04:55..726,15.55067043,-0.005103,-0.00017715,0.00061543,0.00039565,0.00018447,0.00110264,0.00006132,-0.00029789,0.00010481,13:04:55..737,,,,
13:04:55..806,15.53515596,-0.005103,-0.00017757,0.00061522,0.00039487,0.00018432,0.00110216,0.00006206,-0.00029758,0.00010439,13:04:55..900,,,,
13:04:55..909,15.60755682,-0.005103,-0.00017706,0.00061501,0.00039546,0.00018408,0.00110215,0.00006117,-0.00029787,0.0001054,13:04:55..900,,,,
13:04:55..943,15.55067043,-0.004979,-0.00017702,0.00061504,0.0003952,0.00018454,0.00110205,0.00006209,-0.00029761,0.00010536,13:04:56..011,,,,
13:04:56..106,15.63341427,-0.004979,-0.00017702,0.00061483,0.00039521,0.00018402,0.00110209,0.0000608,-0.00029781,0.00010537,13:04:56..011,,,,
13:04:56..138,15.52998447,-0.005012,-0.00017729,0.00061442,0.00039519,0.00018469,0.00110205,0.00006073,-0.00029814,0.00010519,13:04:56..152,,,,
13:04:56..294,15.62824278,-0.005012,-0.00017729,0.00061452,0.00039506,0.00018449,0.00110166,0.00006198,-0.00029809,0.00010476,13:04:56..291,,,,
13:04:56..327,15.54032745,-0.005272,-0.0001775,0.00061474,0.00039508,0.00018428,0.00110209,0.00006122,-0.00029767,0.00010491,13:04:56..335,,,,
13:04:56..440,15.55067043,-0.005272,-0.00017747,0.00061425,0.00039508,0.00018428,0.00110201,0.00006133,-0.00029815,0.00010464,13:04:56..440,,,,
13:04:56..473,15.4627551,-0.005383,-0.00017768,0.00061453,0.00039556,0.00018441,0.0011018,0.00006078,-0.00029796,0.00010495,13:04:56..482,,,,
13:04:56..532,15.55584192,-0.005383,-0.00017741,0.00061455,0.00039555,0.00018388,0.00110192,0.00006175,-0.00029792,0.0001047,13:04:56..602,,,,
13:04:56..619,15.45758361,-0.005383,-0.00017785,0.00061395,0.00039524,0.00018375,0.00110205,0.00006025,-0.00029822,0.00010474,13:04:56..602,,,,
13:04:56..653,15.51964149,-0.005068,-0.00017736,0.00061458,0.00039558,0.00018429,0.00110203,0.00006174,-0.00029797,0.00010437,13:04:56..699,,,,
13:04:56..769,15.48861255,-0.005068,-0.00017765,0.00061444,0.00039555,0.00018444,0.00110223,0.00006078,-0.00029805,0.0001049,13:04:56..766,,,,
13:04:56..800,15.43689765,-0.005053,-0.00017783,0.00061396,0.00039531,0.00018443,0.00110195,0.00006118,-0.00029828,0.00010451,13:04:56..810,,,,
13:04:56..856,15.52481298,-0.005048,-0.00017776,0.00061381,0.00039525,0.00018397,0.00110197,0.00006135,-0.00029789,0.00010451,13:04:56..939,,,,
13:04:56..954,15.47826957,-0.005048,-0.00017784,0.00061388,0.00039516,0.0001843,0.00110214,0.00006077,-0.00029802,0.00010472,13:04:56..939,,,,
13:04:56..989,15.52481298,-0.004871,-0.0001781,0.00061373,0.00039571,0.00018426,0.00110189,0.00006068,-0.0002982,0.00010477,13:04:57..027,,,,
13:04:57..169,15.47309808,-0.004871,-0.00017793,0.0006134,0.00039558,0.000184,0.00110224,0.00006117,-0.00029821,0.00010433,13:04:57..166,,,,
13:04:57..201,15.4110402,-0.004653,-0.00017805,0.00061384,0.00039547,0.0001838,0.00110144,0.00006021,-0.00029801,0.00010469,13:04:57..209,,,,
13:04:57..340,15.39552573,-0.004653,-0.00017785,0.00061333,0.00039566,0.00018409,0.00110211,0.00006177,-0.00029781,0.00010437,13:04:57..337,,,,
13:04:57..373,15.40069722,-0.004556,-0.00017848,0.00061336,0.00039569,0.00018385,0.00110192,0.00006078,-0.00029812,0.00010455,13:04:57..337,,,,
13:04:57..456,15.31795338,-0.00452,-0.00017807,0.00061372,0.00039537,0.00018441,0.00110196,0.00006094,-0.00029808,0.00010454,13:04:57..505,,,,
13:04:57..553,15.43689765,-0.00452,-0.00017868,0.00061356,0.00039572,0.00018425,0.00110223,0.00006094,-0.00029796,0.00010444,13:04:57..553,,,,
13:04:57..588,15.25072401,-0.004597,-0.00017864,0.00061333,0.00039583,0.00018417,0.0011019,0.00006062,-0.00029756,0.00010428,13:04:57..595,,,,
13:04:57..724,15.34381083,-0.004597,-0.00017798,0.00061356,0.0003953,0.00018427,0.00110197,0.00006117,-0.00029832,0.00010482,13:04:57..721,,,,
13:04:57..756,15.23003805,-0.004764,-0.00017878,0.0006132,0.00039505,0.0001842,0.00110218,0.00006024,-0.0002983,0.00010408,13:04:57..765,,,,
13:04:57..843,15.29209593,-0.004764,-0.00017818,0.00061288,0.00039567,0.00018435,0.00110214,0.00006183,-0.00029734,0.00010442,13:04:57..910,,,,
13:04:57..919,15.38518275,-0.004764,-0.00017839,0.00061331,0.00039557,0.00018433,0.00110153,0.00006028,-0.00029828,0.0001046,13:04:57..910,,,,
13:04:57..952,15.29726742,-0.004777,-0.00017847,0.0006123,0.0003952,0.00018408,0.00110222,0.00006106,-0.00029815,0.00010475,13:04:57..956,,,,
13:04:58..008,15.33863934,-0.004777,-0.00017871,0.00061291,0.00039567,0.00018428,0.00110202,0.00006066,-0.0002977,0.00010452,13:04:58..090,,,,
13:04:58..101,15.34898232,-0.004777,-0.00017852,0.00061312,0.00039545,0.00018415,0.0011021,0.00006064,-0.00029797,0.00010468,13:04:58..090,,,,
13:04:58..135,15.27140997,-0.004618,-0.00017842,0.00061229,0.00039556,0.00018424,0.00110223,0.00006111,-0.00029766,0.00010459,13:04:58..240,,,,
13:04:58..307,15.3076104,-0.004618,-0.00017869,0.00061298,0.00039518,0.00018409,0.00110197,0.00005996,-0.0002981,0.00010431,13:04:58..306,,,,
13:04:58..340,15.30243891,-0.004789,-0.00017835,0.00061272,0.00039554,0.00018429,0.00110219,0.00006094,-0.00029786,0.00010404,13:04:58..349,,,,
13:04:58..479,15.33346785,-0.004789,-0.00017899,0.00061303,0.00039577,0.0001844,0.00110194,0.00006,-0.00029787,0.00010418,13:04:58..476,,,,
13:04:58..511,15.29209593,-0.004862,-0.00017906,0.00061274,0.00039512,0.00018419,0.00110215,0.00006092,-0.00029839,0.00010398,13:04:58..564,,,,
13:04:58..634,15.28692444,-0.004862,-0.00017882,0.00061257,0.00039546,0.00018431,0.00110201,0.00005997,-0.00029795,0.00010479,13:04:58..632,,,,
13:04:58..665,15.19900911,-0.004834,-0.00017864,0.00061272,0.00039591,0.00018434,0.00110236,0.00006065,-0.00029782,0.00010419,13:04:58..675,,,,
13:04:58..736,15.27658146,-0.004834,-0.00017925,0.00061251,0.0003951,0.00018416,0.00110196,0.00005977,-0.00029831,0.0001037,13:04:58..806,,,,
13:04:58..815,15.14212272,-0.004834,-0.00017903,0.00061205,0.00039541,0.00018421,0.00110172,0.00006027,-0.00029844,0.00010403,13:04:58..806,,,,
13:04:58..848,15.22486656,-0.004712,-0.00017948,0.00061219,0.00039542,0.00018427,0.00110228,0.00006077,-0.00029822,0.00010393,13:04:58..851,,,,
13:04:58..919,15.27658146,-0.004712,-0.00017914,0.00061249,0.0003953,0.00018425,0.00110201,0.00005982,-0.0002984,0.00010408,13:04:58..998,,,,
13:04:59..010,15.11626527,-0.004712,-0.00017917,0.00061214,0.00039574,0.00018461,0.00110182,0.0000609,-0.00029808,0.00010417,13:04:58..998,,,,
13:04:59..044,15.19900911,-0.00461,-0.00017931,0.00061244,0.00039567,0.00018386,0.0011017,0.00005964,-0.00029834,0.00010416,13:04:59..045,,,,
13:04:59..188,15.23003805,-0.00461,-0.00017908,0.0006121,0.00039517,0.00018422,0.00110163,0.0000606,-0.00029812,0.0001038,13:04:59..187,,,,
13:04:59..223,15.21969507,-0.004671,-0.00017957,0.00061237,0.00039552,0.00018475,0.00110199,0.00005952,-0.00029829,0.00010421,13:04:59..233,,,,
13:04:59..433,15.14212272,-0.004671,-0.00017989,0.00061208,0.00039551,0.00018389,0.00110189,0.00006003,-0.00029832,0.00010381,13:04:59..431,,,,
13:04:59..466,15.11626527,-0.004531,-0.00017955,0.00061187,0.00039498,0.00018398,0.00110166,0.00005967,-0.00029802,0.000104,13:04:59..474,,,,
13:04:59..671,15.13695123,-0.004531,-0.00017977,0.00061182,0.00039569,0.00018437,0.00110194,0.00005968,-0.00029845,0.00010397,13:04:59..474,,,,
13:04:59..704,15.11626527,-0.004289,-0.00018001,0.00061148,0.00039566,0.00018421,0.00110153,0.0000597,-0.00029818,0.00010383,13:04:59..718,,,,
13:04:59..813,15.09040782,-0.004289,-0.00017911,0.00061184,0.00039539,0.00018415,0.00110203,0.00006,-0.00029777,0.0001038,13:04:59..904,,,,
13:04:59..953,15.14212272,-0.004289,-0.00017959,0.00061184,0.00039584,0.00018439,0.00110201,0.0000601,-0.00029827,0.0001041,13:04:59..954,,,,
13:04:59..986,15.07489335,-0.004256,-0.00017936,0.00061166,0.00039547,0.0001844,0.00110169,0.00005991,-0.00029828,0.00010411,13:04:59..996,,,,
13:05:00..170,15.09040782,-0.004256,-0.00017947,0.0006118,0.00039554,0.00018434,0.00110187,0.00005932,-0.00029819,0.00010412,13:04:59..996,,,,
13:05:00..203,15.07489335,-0.004367,-0.00017984,0.00061157,0.0003951,0.00018411,0.00110144,0.00005945,-0.00029806,0.00010363,13:05:00..219,,,,
13:05:00..343,15.04386441,-0.004367,-0.00017972,0.00061156,0.00039552,0.00018372,0.0011017,0.00005919,-0.00029828,0.0001038,13:05:00..411,,,,
13:05:00..420,15.00249249,-0.004367,-0.00018003,0.00061156,0.00039524,0.00018436,0.00110158,0.00005953,-0.00029782,0.00010386,13:05:00..411,,,,
13:05:00..453,15.04386441,-0.004233,-0.00018017,0.00061139,0.00039528,0.00018378,0.00110163,0.00005917,-0.0002983,0.00010322,13:05:00..454,,,,
13:05:00..534,15.01283547,-0.004315,-0.00018009,0.00061113,0.00039548,0.0001841,0.00110143,0.00005957,-0.00029823,0.00010369,13:05:00..616,,,,
13:05:00..668,14.997321,-0.004315,-0.0001798,0.00061177,0.0003954,0.00018389,0.0011017,0.00005882,-0.00029816,0.00010377,13:05:00..667,,,,
13:05:00..701,15.03352143,-0.004388,-0.00018015,0.00061176,0.00039534,0.00018402,0.0011016,0.00005907,-0.00029839,0.00010375,13:05:00..667,,,,
13:05:00..817,14.94043461,-0.004388,-0.00018001,0.0006113,0.00039551,0.0001842,0.00110168,0.00005998,-0.000298,0.00010352,13:05:00..892,,,,
13:05:00..910,15.03352143,-0.004388,-0.00017988,0.00061202,0.00039528,0.00018418,0.00110201,0.00005858,-0.00029772,0.00010422,13:05:00..892,,,,
13:05:00..944,14.90940567,-0.004202,-0.00018045,0.00061169,0.00039554,0.00018436,0.00110162,0.00006007,-0.0002978,0.00010366,13:05:00..981,,,,
13:05:01..102,14.98180653,-0.004202,-0.00018,0.00061125,0.00039565,0.00018425,0.00110173,0.00005862,-0.00029781,0.00010403,13:05:01..100,,,,
13:05:01..134,14.90423418,-0.004002,-0.00018005,0.00061107,0.00039534,0.00018433,0.00110197,0.00005994,-0.00029801,0.00010356,13:05:01..143,,,,
13:05:01..309,14.91974865,-0.004002,-0.00018021,0.00061152,0.00039526,0.00018396,0.00110133,0.00005834,-0.00029828,0.0001036,13:05:01..306,,,,
13:05:01..341,14.95077759,-0.003972,-0.00018033,0.00061097,0.00039508,0.00018429,0.00110171,0.00005933,-0.00029865,0.00010349,13:05:01..306,,,,
13:05:01..457,14.96112057,-0.003972,-0.00018042,0.00061125,0.00039488,0.00018399,0.00110168,0.0000587,-0.00029801,0.00010346,13:05:01..533,,,,
13:05:01..549,14.82666183,-0.003972,-0.00018054,0.00061092,0.00039513,0.00018416,0.00110121,0.00005883,-0.00029843,0.00010319,13:05:01..533,,,,
13:05:01..582,15.00766398,-0.00396,-0.00018087,0.00061106,0.00039503,0.0001843,0.00110115,0.00005915,-0.00029843,0.00010279,13:05:01..622,,,,
13:05:01..721,14.69737458,-0.00396,-0.00018072,0.00061144,0.00039542,0.0001842,0.0011013,0.00005866,-0.0002982,0.00010402,13:05:01..719,,,,
13:05:01..756,14.8938912,-0.003984,-0.00018082,0.0006109,0.00039514,0.00018412,0.00110105,0.00005855,-0.00029795,0.00010309,13:05:01..762,,,,
13:05:01..896,14.70771756,-0.003984,-0.00018107,0.00061067,0.00039507,0.00018372,0.00110111,0.00005937,-0.00029883,0.00010302,13:05:01..895,,,,
13:05:01..929,14.82149034,-0.00398,-0.00018108,0.00061108,0.00039495,0.00018361,0.00110106,0.00005888,-0.00029771,0.0001037,13:05:01..938,,,,
13:05:02..067,14.74908948,-0.00398,-0.0001804,0.00061103,0.00039521,0.00018451,0.00110151,0.00005931,-0.00029812,0.00010377,13:05:02..066,,,,
13:05:02..100,14.74908948,-0.003924,-0.00018094,0.00061066,0.0003952,0.00018423,0.00110141,0.00005961,-0.00029825,0.00010344,13:05:02..109,,,,
13:05:02..175,14.73357501,-0.003924,-0.00018123,0.00061066,0.00039509,0.0001843,0.00110118,0.00005824,-0.00029815,0.00010404,13:05:02..250,,,,
13:05:02..259,14.94043461,-0.003924,-0.00018071,0.00061054,0.00039511,0.00018413,0.00110142,0.00005906,-0.00029789,0.00010342,13:05:02..250,,,,
13:05:02..292,14.77494693,-0.003997,-0.00018121,0.00061052,0.0003951,0.00018378,0.00110107,0.00005904,-0.00029832,0.00010316,13:05:02..295,,,,
13:05:02..368,14.82149034,-0.003997,-0.00018124,0.00061102,0.00039521,0.00018364,0.00110108,0.00005819,-0.00029803,0.0001034,13:05:02..424,,,,
13:05:02..436,14.78528991,-0.003997,-0.00018086,0.0006103,0.00039528,0.00018408,0.00110141,0.00005906,-0.00029801,0.00010331,13:05:02..424,,,,
13:05:02..469,14.70254607,-0.004485,-0.00018117,0.00061104,0.00039514,0.00018415,0.00110108,0.00005871,-0.00029798,0.00010345,13:05:02..551,,,,
13:05:02..632,14.73357501,-0.004485,-0.00018108,0.00061096,0.00039522,0.0001838,0.0011008,0.00005815,-0.00029784,0.00010372,13:05:02..551,,,,
13:05:02..664,14.65083117,-0.004914,-0.00018144,0.00061067,0.000395,0.00018381,0.00110072,0.00005796,-0.00029794,0.0001033,13:05:02..678,,,,
13:05:02..850,14.79563289,-0.004914,-0.00018125,0.00061073,0.00039512,0.00018366,0.00110117,0.00005951,-0.00029786,0.0001035,13:05:02..848,,,,
13:05:02..882,14.83700481,-0.005112,-0.00018116,0.00061056,0.00039489,0.00018393,0.00110117,0.00005813,-0.00029793,0.00010295,13:05:02..891,,,,
13:05:03..082,14.86803375,-0.005112,-0.00018147,0.00061013,0.00039503,0.00018438,0.00110098,0.00005908,-0.00029822,0.00010318,13:05:03..079,,,,
13:05:03..115,14.71288905,-0.004972,-0.0001814,0.00061044,0.00039543,0.00018396,0.00110032,0.00005907,-0.00029811,0.00010322,13:05:03..123,,,,
13:05:03..294,14.59911627,-0.004972,-0.00018213,0.00061087,0.00039516,0.00018373,0.00110098,0.00005742,-0.00029804,0.00010349,13:05:03..292,,,,
13:05:03..327,14.55774435,-0.004802,-0.00018155,0.00061022,0.0003947,0.00018377,0.00110083,0.00005854,-0.00029799,0.00010333,13:05:03..292,,,,
13:05:03..415,14.55257286,-0.004802,-0.00018178,0.0006105,0.00039497,0.00018358,0.00110054,0.00005785,-0.00029831,0.00010343,13:05:03..506,,,,
13:05:03..538,14.72840352,-0.004802,-0.00018162,0.00061017,0.00039455,0.00018389,0.00110065,0.00005842,-0.00029823,0.00010321,13:05:03..506,,,,
13:05:03..573,14.75426097,-0.004781,-0.00018172,0.00060986,0.0003948,0.00018366,0.00110048,0.00005864,-0.00029834,0.00010327,13:05:03..593,,,,
13:05:03..799,14.77494693,-0.004781,-0.00018186,0.00061044,0.00039478,0.00018349,0.00110031,0.00005762,-0.00029811,0.00010312,13:05:03..796,,,,
13:05:03..831,14.57325882,-0.004823,-0.00018169,0.00060986,0.00039411,0.00018326,0.00110034,0.00005839,-0.00029801,0.00010328,13:05:03..843,,,,
13:05:04..014,14.51120094,-0.004823,-0.00018197,0.00060993,0.00039462,0.00018332,0.00110025,0.00005669,-0.00029832,0.00010327,13:05:04..011,,,,
13:05:04..046,14.57325882,-0.00474,-0.00018217,0.00061005,0.00039474,0.00018408,0.00110037,0.00005762,-0.00029839,0.00010309,13:05:04..011,,,,
13:05:04..121,14.71806054,-0.00474,-0.00018196,0.00060929,0.00039488,0.00018379,0.00110042,0.00005846,-0.00029804,0.0001031,13:05:04..182,,,,
13:05:04..227,14.51637243,-0.00474,-0.00018227,0.00061,0.00039499,0.0001838,0.00110025,0.00005676,-0.00029837,0.00010291,13:05:04..182,,,,
13:05:04..260,14.7387465,-0.004981,-0.00018205,0.00060976,0.00039474,0.00018355,0.00110061,0.00005784,-0.00029832,0.00010297,13:05:04..274,,,,
13:05:04..431,14.66117415,-0.004981,-0.00018202,0.00060986,0.00039506,0.00018363,0.0011001,0.00005714,-0.00029842,0.00010331,13:05:04..428,,,,
13:05:04..464,14.62497372,-0.005034,-0.00018237,0.00060972,0.00039475,0.00018358,0.00110023,0.00005726,-0.0002986,0.00010308,13:05:04..470,,,,
13:05:04..611,14.49051498,-0.005034,-0.00018197,0.00061028,0.00039493,0.00018373,0.00110028,0.00005755,-0.00029815,0.00010319,13:05:04..610,,,,
13:05:04..645,14.54740137,-0.005113,-0.00018217,0.0006096,0.00039469,0.00018324,0.00109974,0.00005694,-0.00029846,0.00010337,13:05:04..654,,,,
13:05:04..836,14.41294263,-0.005113,-0.00018247,0.00060954,0.00039476,0.00018374,0.0011002,0.00005819,-0.00029816,0.00010326,13:05:04..654,,,,
13:05:04..869,14.480172,-0.005376,-0.00018217,0.00060934,0.00039411,0.00018321,0.00109976,0.00005792,-0.00029796,0.00010303,13:05:04..880,,,,
13:05:04..926,14.55774435,-0.005394,-0.00018226,0.00060929,0.00039438,0.00018332,0.00109956,0.00005673,-0.00029832,0.0001028,13:05:04..976,,,,
13:05:05..026,14.5836018,-0.005394,-0.0001825,0.00060969,0.00039459,0.00018351,0.00109983,0.00005757,-0.00029845,0.00010283,13:05:05..025,,,,
13:05:05..060,14.62497372,-0.005293,-0.00018247,0.0006091,0.00039455,0.00018309,0.00109959,0.00005714,-0.00029846,0.00010242,13:05:05..068,,,,
13:05:05..136,14.69220309,-0.005293,-0.00018268,0.00060912,0.00039444,0.0001832,0.00110007,0.00005709,-0.00029832,0.00010299,13:05:05..202,,,,
13:05:05..218,14.29916985,-0.005293,-0.00018231,0.00060939,0.00039458,0.0001831,0.00109956,0.00005751,-0.00029829,0.00010318,13:05:05..202,,,,
13:05:05..251,14.62497372,-0.005303,-0.0001826,0.00060937,0.0003945,0.00018329,0.00109956,0.0000574,-0.00029841,0.00010331,13:05:05..317,,,,
13:05:05..371,14.60428776,-0.005303,-0.00018259,0.00060978,0.00039484,0.00018337,0.00110037,0.00005678,-0.00029871,0.00010336,13:05:05..317,,,,
13:05:05..404,14.48534349,-0.005245,-0.00018241,0.00060949,0.00039481,0.00018292,0.00109943,0.00005711,-0.00029823,0.000103,13:05:05..419,,,,
13:05:05..465,14.55257286,-0.005205,-0.00018254,0.00060916,0.00039412,0.00018286,0.00109973,0.00005746,-0.00029829,0.00010281,13:05:05..541,,,,
13:05:05..557,14.45948604,-0.005205,-0.00018237,0.00060901,0.00039479,0.00018324,0.00109971,0.00005718,-0.00029854,0.00010314,13:05:05..541,,,,
13:05:05..589,14.53705839,-0.005112,-0.00018274,0.00060913,0.00039486,0.00018321,0.00109913,0.00005671,-0.00029819,0.0001027,13:05:05..634,,,,
13:05:05..736,14.49568647,-0.005112,-0.00018239,0.00060911,0.00039495,0.00018317,0.00109977,0.00005833,-0.00029856,0.00010269,13:05:05..734,,,,
13:05:05..769,14.5836018,-0.005074,-0.00018285,0.00060963,0.00039448,0.000183,0.0010988,0.00005694,-0.00029792,0.00010274,13:05:05..778,,,,
13:05:05..957,14.44397157,-0.005074,-0.00018279,0.00060904,0.00039429,0.00018353,0.00109948,0.00005796,-0.00029848,0.00010284,13:05:05..954,,,,
13:05:05..989,14.38708518,-0.005181,-0.00018274,0.00060872,0.00039424,0.00018295,0.00109895,0.00005763,-0.00029814,0.0001029,13:05:06..000,,,,
13:05:06..045,14.28882687,-0.005181,-0.00018282,0.00060948,0.00039465,0.00018282,0.00109901,0.00005732,-0.00029788,0.0001026,13:05:06..103,,,,
13:05:06..137,14.46982902,-0.005181,-0.00018308,0.00060887,0.00039434,0.00018312,0.00109939,0.00005727,-0.0002985,0.00010295,13:05:06..103,,,,
13:05:06..169,14.38191369,-0.005136,-0.00018279,0.00060855,0.00039479,0.00018288,0.00109918,0.00005801,-0.00029836,0.00010291,13:05:06..188,,,,
13:05:06..280,14.38191369,-0.005136,-0.00018287,0.00060914,0.00039486,0.0001834,0.00109892,0.00005714,-0.00029822,0.00010338,13:05:06..278,,,,
13:05:06..312,14.34571326,-0.005197,-0.00018251,0.00060856,0.0003945,0.00018318,0.0010992,0.00005792,-0.0002988,0.00010289,13:05:06..278,,,,
13:05:06..428,14.31468432,-0.005197,-0.00018282,0.00060902,0.00039461,0.0001829,0.00109926,0.00005682,-0.00029845,0.00010323,13:05:06..492,,,,
13:05:06..526,14.40777114,-0.005197,-0.00018277,0.00060878,0.00039443,0.00018304,0.00109933,0.00005795,-0.00029865,0.00010314,13:05:06..492,,,,
13:05:06..561,14.29399836,-0.005122,-0.00018261,0.00060828,0.00039469,0.00018281,0.00109935,0.00005765,-0.00029845,0.00010293,13:05:06..579,,,,
13:05:06..608,14.28365538,-0.005169,-0.00018266,0.00060852,0.00039495,0.00018254,0.00109936,0.00005749,-0.00029862,0.0001028,13:05:06..677,,,,
13:05:06..744,14.37157071,-0.005169,-0.00018272,0.00060885,0.00039504,0.00018292,0.00109876,0.00005742,-0.00029837,0.00010263,13:05:06..677,,,,
13:05:06..777,14.31985581,-0.005194,-0.00018334,0.00060851,0.00039468,0.00018308,0.00109926,0.0000571,-0.00029846,0.00010313,13:05:06..794,,,,
13:05:06..920,14.29916985,-0.005194,-0.00018317,0.00060796,0.0003947,0.00018294,0.00109849,0.00005788,-0.00029861,0.0001026,13:05:06..919,,,,
13:05:06..954,14.31985581,-0.005165,-0.000183,0.00060813,0.00039477,0.00018253,0.00109919,0.00005841,-0.00029856,0.00010263,13:05:06..963,,,,
13:05:07..099,14.31985581,-0.005165,-0.00018332,0.00060857,0.00039485,0.0001832,0.00109897,0.00005737,-0.00029824,0.0001029,13:05:07..096,,,,
13:05:07..131,14.29399836,-0.005083,-0.00018313,0.00060796,0.00039504,0.00018256,0.00109856,0.00005796,-0.00029838,0.00010288,13:05:07..140,,,,
13:05:07..323,14.29399836,-0.005083,-0.00018368,0.00060817,0.0003944,0.00018275,0.00109861,0.00005744,-0.00029901,0.00010225,13:05:07..320,,,,
13:05:07..355,14.33537028,-0.004921,-0.00018331,0.00060794,0.0003946,0.0001825,0.00109835,0.0000579,-0.00029882,0.00010262,13:05:07..364,,,,
13:05:07..540,14.31468432,-0.004921,-0.00018366,0.00060838,0.0003945,0.00018303,0.00109826,0.00005762,-0.00029862,0.00010295,13:05:07..539,,,,
13:05:07..574,14.34571326,-0.004836,-0.00018323,0.0006081,0.00039427,0.00018261,0.00109798,0.00005812,-0.00029859,0.00010271,13:05:07..583,,,,
13:05:07..751,14.28365538,-0.004836,-0.00018347,0.00060806,0.00039441,0.00018262,0.00109798,0.00005651,-0.00029895,0.00010246,13:05:07..583,,,,
13:05:07..784,14.23194048,-0.004844,-0.00018373,0.00060777,0.00039442,0.00018254,0.00109857,0.00005816,-0.00029871,0.00010265,13:05:07..799,,,,
13:05:07..948,14.1698826,-0.004844,-0.00018366,0.00060802,0.00039455,0.00018306,0.00109854,0.00005723,-0.00029831,0.00010308,13:05:07..799,,,,
13:05:07..982,14.19574005,-0.004831,-0.00018438,0.000608,0.00039476,0.00018296,0.00109826,0.00005719,-0.00029906,0.00010264,13:05:07..995,,,,
13:05:08..036,14.18539707,-0.004884,-0.00018434,0.00060751,0.00039463,0.00018288,0.00109807,0.00005816,-0.0002993,0.00010222,13:05:08..039,,,,
13:05:08..157,14.27848389,-0.004842,-0.00018433,0.00060803,0.00039435,0.00018284,0.00109851,0.00005686,-0.00029883,0.00010291,13:05:08..158,,,,
13:05:08..214,14.19574005,-0.004842,-0.0001845,0.00060767,0.00039455,0.00018275,0.00109853,0.00005824,-0.0002985,0.00010222,13:05:08..213,,,,
13:05:08..247,14.25262644,-0.004744,-0.00018478,0.00060689,0.00039403,0.00018291,0.00109868,0.00005827,-0.00029873,0.00010254,13:05:08..256,,,,
13:05:08..325,14.3250273,-0.004635,-0.00018482,0.00060674,0.00039392,0.00018235,0.00109813,0.00005721,-0.00029884,0.00010251,13:05:08..369,,,,
13:05:08..434,14.19056856,-0.004635,-0.00018527,0.0006068,0.0003939,0.00018259,0.00109812,0.00005829,-0.0002984,0.00010222,13:05:08..470,,,,
13:05:08..480,14.21125452,-0.004635,-0.00018453,0.00060726,0.00039458,0.00018273,0.00109844,0.00005755,-0.00029904,0.00010253,13:05:08..470,,,,
13:05:08..515,14.17505409,-0.004578,-0.00018431,0.00060791,0.00039462,0.00018286,0.00109825,0.00005812,-0.00029897,0.00010215,13:05:08..515,,,,
13:05:08..627,14.2215975,-0.004578,-0.00018507,0.00060766,0.00039438,0.00018214,0.00109767,0.00005707,-0.00029865,0.00010266,13:05:08..625,,,,
13:05:08..660,14.13368217,-0.004584,-0.00018506,0.00060734,0.00039467,0.00018281,0.00109782,0.00005813,-0.0002987,0.00010253,13:05:08..625,,,,
13:05:08..694,14.15436813,-0.004621,-0.00018475,0.00060739,0.00039411,0.0001824,0.00109774,0.0000567,-0.00029875,0.00010311,13:05:08..745,,,,
13:05:08..756,14.18539707,-0.004714,-0.0001845,0.00060711,0.00039451,0.00018243,0.00109783,0.00005796,-0.00029879,0.00010226,13:05:08..800,,,,
13:05:08..809,14.12851068,-0.004714,-0.00018453,0.00060764,0.0003944,0.00018215,0.00109765,0.00005687,-0.0002987,0.00010271,13:05:08..800,,,,
13:05:08..842,14.08196727,-0.004795,-0.00018428,0.00060746,0.00039461,0.00018242,0.00109796,0.00005831,-0.0002988,0.00010225,13:05:08..844,,,,
13:05:08..992,14.1698826,-0.004795,-0.00018453,0.00060763,0.00039441,0.0001823,0.00109757,0.00005661,-0.00029879,0.0001027,13:05:08..989,,,,
